ISO-10303-21;
HEADER;
FILE_DESCRIPTION((''),'2;1');
FILE_NAME('51722-10602000AAC','2008-09-02T',('smani'),(''),
'PRO/ENGINEER BY PARAMETRIC TECHNOLOGY CORPORATION, 2008010',
'PRO/ENGINEER BY PARAMETRIC TECHNOLOGY CORPORATION, 2008010','');
FILE_SCHEMA(('CONFIG_CONTROL_DESIGN'));
ENDSEC;
DATA;
#1=DIRECTION('',(1.E0,0.E0,0.E0));
#2=VECTOR('',#1,2.5E-2);
#3=CARTESIAN_POINT('',(1.625E-1,-1.68E-1,-4.65E-1));
#4=LINE('',#3,#2);
#5=DIRECTION('',(0.E0,1.E0,0.E0));
#6=VECTOR('',#5,4.E-2);
#7=CARTESIAN_POINT('',(1.875E-1,-2.08E-1,-4.65E-1));
#8=LINE('',#7,#6);
#9=DIRECTION('',(-1.E0,0.E0,0.E0));
#10=VECTOR('',#9,2.E-2);
#11=CARTESIAN_POINT('',(2.075E-1,-2.08E-1,-4.65E-1));
#12=LINE('',#11,#10);
#13=DIRECTION('',(0.E0,1.E0,0.E0));
#14=VECTOR('',#13,4.E-2);
#15=CARTESIAN_POINT('',(2.075E-1,-2.08E-1,-4.65E-1));
#16=LINE('',#15,#14);
#17=DIRECTION('',(1.E0,0.E0,0.E0));
#18=VECTOR('',#17,3.51E-2);
#19=CARTESIAN_POINT('',(2.075E-1,-1.68E-1,-4.65E-1));
#20=LINE('',#19,#18);
#21=DIRECTION('',(-1.E0,0.E0,0.E0));
#22=VECTOR('',#21,4.9E-3);
#23=CARTESIAN_POINT('',(2.475E-1,2.12E-1,-4.65E-1));
#24=LINE('',#23,#22);
#25=DIRECTION('',(0.E0,1.E0,0.E0));
#26=VECTOR('',#25,7.5E-2);
#27=CARTESIAN_POINT('',(2.475E-1,2.12E-1,-4.65E-1));
#28=LINE('',#27,#26);
#29=DIRECTION('',(0.E0,-1.E0,0.E0));
#30=VECTOR('',#29,2.75E-1);
#31=CARTESIAN_POINT('',(1.275E-1,2.87E-1,-4.65E-1));
#32=LINE('',#31,#30);
#33=DIRECTION('',(1.E0,0.E0,0.E0));
#34=VECTOR('',#33,2.38E-1);
#35=CARTESIAN_POINT('',(-1.105E-1,1.2E-2,-4.65E-1));
#36=LINE('',#35,#34);
#37=DIRECTION('',(0.E0,1.E0,0.E0));
#38=VECTOR('',#37,2.2E-1);
#39=CARTESIAN_POINT('',(-1.105E-1,-2.08E-1,-4.65E-1));
#40=LINE('',#39,#38);
#41=DIRECTION('',(1.E0,0.E0,0.E0));
#42=VECTOR('',#41,2.73E-1);
#43=CARTESIAN_POINT('',(-1.105E-1,-2.08E-1,-4.65E-1));
#44=LINE('',#43,#42);
#45=DIRECTION('',(0.E0,1.E0,0.E0));
#46=VECTOR('',#45,4.E-2);
#47=CARTESIAN_POINT('',(1.625E-1,-2.08E-1,-4.65E-1));
#48=LINE('',#47,#46);
#49=DIRECTION('',(0.E0,0.E0,1.E0));
#50=VECTOR('',#49,3.54E-1);
#51=CARTESIAN_POINT('',(1.875E-1,-1.68E-1,-4.65E-1));
#52=LINE('',#51,#50);
#53=DIRECTION('',(0.E0,0.E0,1.E0));
#54=VECTOR('',#53,3.54E-1);
#55=CARTESIAN_POINT('',(1.875E-1,-2.08E-1,-4.65E-1));
#56=LINE('',#55,#54);
#57=DIRECTION('',(0.E0,-1.E0,0.E0));
#58=VECTOR('',#57,4.E-2);
#59=CARTESIAN_POINT('',(1.875E-1,-1.68E-1,-1.11E-1));
#60=LINE('',#59,#58);
#61=DIRECTION('',(-1.E0,0.E0,0.E0));
#62=VECTOR('',#61,2.5E-2);
#63=CARTESIAN_POINT('',(1.875E-1,-1.68E-1,-1.11E-1));
#64=LINE('',#63,#62);
#65=DIRECTION('',(0.E0,0.E0,1.E0));
#66=VECTOR('',#65,3.54E-1);
#67=CARTESIAN_POINT('',(1.625E-1,-1.68E-1,-4.65E-1));
#68=LINE('',#67,#66);
#69=DIRECTION('',(0.E0,0.E0,1.E0));
#70=VECTOR('',#69,3.54E-1);
#71=CARTESIAN_POINT('',(1.625E-1,-2.08E-1,-4.65E-1));
#72=LINE('',#71,#70);
#73=DIRECTION('',(0.E0,-1.E0,0.E0));
#74=VECTOR('',#73,4.E-2);
#75=CARTESIAN_POINT('',(1.625E-1,-1.68E-1,-1.11E-1));
#76=LINE('',#75,#74);
#77=CARTESIAN_POINT('',(2.4355E0,-2.08E-1,-4.13E-1));
#78=DIRECTION('',(0.E0,-1.E0,0.E0));
#79=DIRECTION('',(0.E0,0.E0,-1.E0));
#80=AXIS2_PLACEMENT_3D('',#77,#78,#79);
#82=DIRECTION('',(-1.E0,0.E0,0.E0));
#83=VECTOR('',#82,5.E-1);
#84=CARTESIAN_POINT('',(2.1625E0,-2.08E-1,-4.7E-2));
#85=LINE('',#84,#83);
#86=DIRECTION('',(-1.E0,0.E0,0.E0));
#87=VECTOR('',#86,2.5E-2);
#88=CARTESIAN_POINT('',(1.6625E0,-2.08E-1,-1.11E-1));
#89=LINE('',#88,#87);
#90=DIRECTION('',(0.E0,0.E0,1.E0));
#91=VECTOR('',#90,4.1E-1);
#92=CARTESIAN_POINT('',(1.6175E0,-2.08E-1,-4.65E-1));
#93=LINE('',#92,#91);
#94=DIRECTION('',(0.E0,0.E0,1.E0));
#95=VECTOR('',#94,4.1E-1);
#96=CARTESIAN_POINT('',(1.4575E0,-2.08E-1,-4.65E-1));
#97=LINE('',#96,#95);
#98=DIRECTION('',(-1.E0,0.E0,0.E0));
#99=VECTOR('',#98,5.E-2);
#100=CARTESIAN_POINT('',(1.4375E0,-2.08E-1,-1.11E-1));
#101=LINE('',#100,#99);
#102=DIRECTION('',(0.E0,0.E0,1.E0));
#103=VECTOR('',#102,4.1E-1);
#104=CARTESIAN_POINT('',(1.3675E0,-2.08E-1,-4.65E-1));
#105=LINE('',#104,#103);
#106=DIRECTION('',(0.E0,0.E0,1.E0));
#107=VECTOR('',#106,4.1E-1);
#108=CARTESIAN_POINT('',(1.2075E0,-2.08E-1,-4.65E-1));
#109=LINE('',#108,#107);
#110=DIRECTION('',(-1.E0,0.E0,0.E0));
#111=VECTOR('',#110,5.E-2);
#112=CARTESIAN_POINT('',(1.1875E0,-2.08E-1,-1.11E-1));
#113=LINE('',#112,#111);
#114=DIRECTION('',(0.E0,0.E0,1.E0));
#115=VECTOR('',#114,4.1E-1);
#116=CARTESIAN_POINT('',(1.1175E0,-2.08E-1,-4.65E-1));
#117=LINE('',#116,#115);
#118=DIRECTION('',(0.E0,0.E0,1.E0));
#119=VECTOR('',#118,4.1E-1);
#120=CARTESIAN_POINT('',(9.575E-1,-2.08E-1,-4.65E-1));
#121=LINE('',#120,#119);
#122=DIRECTION('',(-1.E0,0.E0,0.E0));
#123=VECTOR('',#122,5.E-2);
#124=CARTESIAN_POINT('',(9.375E-1,-2.08E-1,-1.11E-1));
#125=LINE('',#124,#123);
#126=DIRECTION('',(0.E0,0.E0,1.E0));
#127=VECTOR('',#126,4.1E-1);
#128=CARTESIAN_POINT('',(8.675E-1,-2.08E-1,-4.65E-1));
#129=LINE('',#128,#127);
#130=DIRECTION('',(0.E0,0.E0,1.E0));
#131=VECTOR('',#130,4.1E-1);
#132=CARTESIAN_POINT('',(7.075E-1,-2.08E-1,-4.65E-1));
#133=LINE('',#132,#131);
#134=DIRECTION('',(-1.E0,0.E0,0.E0));
#135=VECTOR('',#134,5.E-2);
#136=CARTESIAN_POINT('',(6.875E-1,-2.08E-1,-1.11E-1));
#137=LINE('',#136,#135);
#138=DIRECTION('',(0.E0,0.E0,1.E0));
#139=VECTOR('',#138,4.1E-1);
#140=CARTESIAN_POINT('',(6.175E-1,-2.08E-1,-4.65E-1));
#141=LINE('',#140,#139);
#142=DIRECTION('',(0.E0,0.E0,1.E0));
#143=VECTOR('',#142,4.1E-1);
#144=CARTESIAN_POINT('',(4.575E-1,-2.08E-1,-4.65E-1));
#145=LINE('',#144,#143);
#146=DIRECTION('',(-1.E0,0.E0,0.E0));
#147=VECTOR('',#146,5.E-2);
#148=CARTESIAN_POINT('',(4.375E-1,-2.08E-1,-1.11E-1));
#149=LINE('',#148,#147);
#150=DIRECTION('',(0.E0,0.E0,1.E0));
#151=VECTOR('',#150,4.1E-1);
#152=CARTESIAN_POINT('',(3.675E-1,-2.08E-1,-4.65E-1));
#153=LINE('',#152,#151);
#154=DIRECTION('',(0.E0,0.E0,1.E0));
#155=VECTOR('',#154,4.1E-1);
#156=CARTESIAN_POINT('',(2.075E-1,-2.08E-1,-4.65E-1));
#157=LINE('',#156,#155);
#158=DIRECTION('',(-1.E0,0.E0,0.E0));
#159=VECTOR('',#158,2.5E-2);
#160=CARTESIAN_POINT('',(1.875E-1,-2.08E-1,-1.11E-1));
#161=LINE('',#160,#159);
#162=CARTESIAN_POINT('',(-1.105E-1,-2.08E-1,-4.13E-1));
#163=DIRECTION('',(0.E0,-1.E0,0.E0));
#164=DIRECTION('',(-1.E0,0.E0,0.E0));
#165=AXIS2_PLACEMENT_3D('',#162,#163,#164);
#167=DIRECTION('',(1.E0,0.E0,0.E0));
#168=VECTOR('',#167,2.492276068043E-2);
#169=CARTESIAN_POINT('',(2.2935E0,-2.08E-1,-2.525E-1));
#170=LINE('',#169,#168);
#171=DIRECTION('',(0.E0,0.E0,1.E0));
#172=VECTOR('',#171,2.5E-2);
#173=CARTESIAN_POINT('',(2.318422760680E0,-2.08E-1,-2.525E-1));
#174=LINE('',#173,#172);
#175=DIRECTION('',(1.E0,0.E0,0.E0));
#176=VECTOR('',#175,2.492276068043E-2);
#177=CARTESIAN_POINT('',(2.2935E0,-2.08E-1,-2.275E-1));
#178=LINE('',#177,#176);
#179=DIRECTION('',(0.E0,0.E0,1.E0));
#180=VECTOR('',#179,2.5E-2);
#181=CARTESIAN_POINT('',(2.2935E0,-2.08E-1,-2.525E-1));
#182=LINE('',#181,#180);
#183=DIRECTION('',(1.E0,0.E0,0.E0));
#184=VECTOR('',#183,2.492276068043E-2);
#185=CARTESIAN_POINT('',(2.356577239320E0,-2.08E-1,-2.525E-1));
#186=LINE('',#185,#184);
#187=DIRECTION('',(0.E0,0.E0,1.E0));
#188=VECTOR('',#187,2.5E-2);
#189=CARTESIAN_POINT('',(2.3815E0,-2.08E-1,-2.525E-1));
#190=LINE('',#189,#188);
#191=DIRECTION('',(1.E0,0.E0,0.E0));
#192=VECTOR('',#191,2.492276068043E-2);
#193=CARTESIAN_POINT('',(2.356577239320E0,-2.08E-1,-2.275E-1));
#194=LINE('',#193,#192);
#195=DIRECTION('',(0.E0,0.E0,1.E0));
#196=VECTOR('',#195,2.5E-2);
#197=CARTESIAN_POINT('',(2.356577239320E0,-2.08E-1,-2.525E-1));
#198=LINE('',#197,#196);
#199=DIRECTION('',(1.E0,0.E0,0.E0));
#200=VECTOR('',#199,2.492276068043E-2);
#201=CARTESIAN_POINT('',(-5.65E-2,-2.08E-1,-2.525E-1));
#202=LINE('',#201,#200);
#203=DIRECTION('',(0.E0,0.E0,1.E0));
#204=VECTOR('',#203,2.5E-2);
#205=CARTESIAN_POINT('',(-3.157723931957E-2,-2.08E-1,-2.525E-1));
#206=LINE('',#205,#204);
#207=DIRECTION('',(1.E0,0.E0,0.E0));
#208=VECTOR('',#207,2.492276068043E-2);
#209=CARTESIAN_POINT('',(-5.65E-2,-2.08E-1,-2.275E-1));
#210=LINE('',#209,#208);
#211=DIRECTION('',(0.E0,0.E0,1.E0));
#212=VECTOR('',#211,2.5E-2);
#213=CARTESIAN_POINT('',(-5.65E-2,-2.08E-1,-2.525E-1));
#214=LINE('',#213,#212);
#215=DIRECTION('',(1.E0,0.E0,0.E0));
#216=VECTOR('',#215,2.492276068043E-2);
#217=CARTESIAN_POINT('',(6.577239319575E-3,-2.08E-1,-2.525E-1));
#218=LINE('',#217,#216);
#219=DIRECTION('',(0.E0,0.E0,1.E0));
#220=VECTOR('',#219,2.5E-2);
#221=CARTESIAN_POINT('',(3.15E-2,-2.08E-1,-2.525E-1));
#222=LINE('',#221,#220);
#223=DIRECTION('',(1.E0,0.E0,0.E0));
#224=VECTOR('',#223,2.492276068043E-2);
#225=CARTESIAN_POINT('',(6.577239319575E-3,-2.08E-1,-2.275E-1));
#226=LINE('',#225,#224);
#227=DIRECTION('',(0.E0,0.E0,1.E0));
#228=VECTOR('',#227,2.5E-2);
#229=CARTESIAN_POINT('',(6.577239319575E-3,-2.08E-1,-2.525E-1));
#230=LINE('',#229,#228);
#231=DIRECTION('',(1.E0,0.E0,0.E0));
#232=VECTOR('',#231,2.65E0);
#233=CARTESIAN_POINT('',(-1.625E-1,-2.87E-1,8.E-2));
#234=LINE('',#233,#232);
#235=DIRECTION('',(-1.E0,0.E0,0.E0));
#236=VECTOR('',#235,2.65E0);
#237=CARTESIAN_POINT('',(2.4875E0,-2.08E-1,8.E-2));
#238=LINE('',#237,#236);
#239=DIRECTION('',(1.E0,0.E0,0.E0));
#240=VECTOR('',#239,2.65E0);
#241=CARTESIAN_POINT('',(-1.625E-1,-2.87E-1,4.65E-1));
#242=LINE('',#241,#240);
#243=DIRECTION('',(0.E0,0.E0,1.E0));
#244=VECTOR('',#243,3.85E-1);
#245=CARTESIAN_POINT('',(-1.625E-1,-2.87E-1,8.E-2));
#246=LINE('',#245,#244);
#247=DIRECTION('',(0.E0,1.E0,0.E0));
#248=VECTOR('',#247,5.74E-1);
#249=CARTESIAN_POINT('',(2.4875E0,-2.87E-1,4.65E-1));
#250=LINE('',#249,#248);
#251=DIRECTION('',(0.E0,-1.E0,0.E0));
#252=VECTOR('',#251,5.74E-1);
#253=CARTESIAN_POINT('',(-1.625E-1,2.87E-1,4.65E-1));
#254=LINE('',#253,#252);
#255=DIRECTION('',(0.E0,1.E0,0.E0));
#256=VECTOR('',#255,1.95E-1);
#257=CARTESIAN_POINT('',(2.2125E0,-2.57E-1,4.65E-1));
#258=LINE('',#257,#256);
#259=DIRECTION('',(1.E0,0.E0,0.E0));
#260=VECTOR('',#259,1.E-1);
#261=CARTESIAN_POINT('',(2.2125E0,-6.2E-2,4.65E-1));
#262=LINE('',#261,#260);
#263=CARTESIAN_POINT('',(2.3125E0,7.E-2,4.65E-1));
#264=DIRECTION('',(0.E0,0.E0,1.E0));
#265=DIRECTION('',(0.E0,-1.E0,0.E0));
#266=AXIS2_PLACEMENT_3D('',#263,#264,#265);
#268=DIRECTION('',(1.E0,0.E0,0.E0));
#269=VECTOR('',#268,1.E-1);
#270=CARTESIAN_POINT('',(2.2125E0,2.02E-1,4.65E-1));
#271=LINE('',#270,#269);
#272=DIRECTION('',(0.E0,1.E0,0.E0));
#273=VECTOR('',#272,5.5E-2);
#274=CARTESIAN_POINT('',(2.2125E0,2.02E-1,4.65E-1));
#275=LINE('',#274,#273);
#276=DIRECTION('',(0.E0,-1.E0,0.E0));
#277=VECTOR('',#276,5.5E-2);
#278=CARTESIAN_POINT('',(1.125E-1,2.57E-1,4.65E-1));
#279=LINE('',#278,#277);
#280=DIRECTION('',(-1.E0,0.E0,0.E0));
#281=VECTOR('',#280,1.E-1);
#282=CARTESIAN_POINT('',(1.125E-1,2.02E-1,4.65E-1));
#283=LINE('',#282,#281);
#284=CARTESIAN_POINT('',(1.25E-2,7.E-2,4.65E-1));
#285=DIRECTION('',(0.E0,0.E0,1.E0));
#286=DIRECTION('',(0.E0,1.E0,0.E0));
#287=AXIS2_PLACEMENT_3D('',#284,#285,#286);
#289=DIRECTION('',(-1.E0,0.E0,0.E0));
#290=VECTOR('',#289,1.E-1);
#291=CARTESIAN_POINT('',(1.125E-1,-6.2E-2,4.65E-1));
#292=LINE('',#291,#290);
#293=DIRECTION('',(0.E0,-1.E0,0.E0));
#294=VECTOR('',#293,1.95E-1);
#295=CARTESIAN_POINT('',(1.125E-1,-6.2E-2,4.65E-1));
#296=LINE('',#295,#294);
#297=DIRECTION('',(1.E0,0.E0,0.E0));
#298=VECTOR('',#297,5.E-1);
#299=CARTESIAN_POINT('',(1.6625E0,2.87E-1,-2.6E-1));
#300=LINE('',#299,#298);
#301=DIRECTION('',(0.E0,0.E0,1.E0));
#302=VECTOR('',#301,4.18E-1);
#303=CARTESIAN_POINT('',(2.1975E0,2.87E-1,-4.65E-1));
#304=LINE('',#303,#302);
#305=DIRECTION('',(-1.E0,0.E0,0.E0));
#306=VECTOR('',#305,2.9E-1);
#307=CARTESIAN_POINT('',(2.4875E0,2.87E-1,-4.7E-2));
#308=LINE('',#307,#306);
#309=DIRECTION('',(0.E0,0.E0,1.E0));
#310=VECTOR('',#309,5.12E-1);
#311=CARTESIAN_POINT('',(2.4875E0,2.87E-1,-4.7E-2));
#312=LINE('',#311,#310);
#313=DIRECTION('',(-1.E0,0.E0,0.E0));
#314=VECTOR('',#313,2.65E0);
#315=CARTESIAN_POINT('',(2.4875E0,2.87E-1,4.65E-1));
#316=LINE('',#315,#314);
#317=DIRECTION('',(1.E0,0.E0,0.E0));
#318=VECTOR('',#317,2.9E-1);
#319=CARTESIAN_POINT('',(-1.625E-1,2.87E-1,-4.7E-2));
#320=LINE('',#319,#318);
#321=DIRECTION('',(0.E0,0.E0,1.E0));
#322=VECTOR('',#321,4.18E-1);
#323=CARTESIAN_POINT('',(1.275E-1,2.87E-1,-4.65E-1));
#324=LINE('',#323,#322);
#325=DIRECTION('',(1.E0,0.E0,0.E0));
#326=VECTOR('',#325,1.2E-1);
#327=CARTESIAN_POINT('',(1.275E-1,2.87E-1,-4.65E-1));
#328=LINE('',#327,#326);
#329=DIRECTION('',(0.E0,0.E0,1.E0));
#330=VECTOR('',#329,2.05E-1);
#331=CARTESIAN_POINT('',(2.475E-1,2.87E-1,-4.65E-1));
#332=LINE('',#331,#330);
#333=DIRECTION('',(-1.E0,0.E0,0.E0));
#334=VECTOR('',#333,8.E-2);
#335=CARTESIAN_POINT('',(3.275E-1,2.87E-1,-2.6E-1));
#336=LINE('',#335,#334);
#337=DIRECTION('',(0.E0,0.E0,1.E0));
#338=VECTOR('',#337,2.05E-1);
#339=CARTESIAN_POINT('',(3.275E-1,2.87E-1,-4.65E-1));
#340=LINE('',#339,#338);
#341=DIRECTION('',(1.E0,0.E0,0.E0));
#342=VECTOR('',#341,1.7E-1);
#343=CARTESIAN_POINT('',(3.275E-1,2.87E-1,-4.65E-1));
#344=LINE('',#343,#342);
#345=DIRECTION('',(0.E0,0.E0,1.E0));
#346=VECTOR('',#345,2.05E-1);
#347=CARTESIAN_POINT('',(4.975E-1,2.87E-1,-4.65E-1));
#348=LINE('',#347,#346);
#349=DIRECTION('',(-1.E0,0.E0,0.E0));
#350=VECTOR('',#349,8.E-2);
#351=CARTESIAN_POINT('',(5.775E-1,2.87E-1,-2.6E-1));
#352=LINE('',#351,#350);
#353=DIRECTION('',(0.E0,0.E0,1.E0));
#354=VECTOR('',#353,2.05E-1);
#355=CARTESIAN_POINT('',(5.775E-1,2.87E-1,-4.65E-1));
#356=LINE('',#355,#354);
#357=DIRECTION('',(1.E0,0.E0,0.E0));
#358=VECTOR('',#357,1.7E-1);
#359=CARTESIAN_POINT('',(5.775E-1,2.87E-1,-4.65E-1));
#360=LINE('',#359,#358);
#361=DIRECTION('',(0.E0,0.E0,1.E0));
#362=VECTOR('',#361,2.05E-1);
#363=CARTESIAN_POINT('',(7.475E-1,2.87E-1,-4.65E-1));
#364=LINE('',#363,#362);
#365=DIRECTION('',(-1.E0,0.E0,0.E0));
#366=VECTOR('',#365,8.E-2);
#367=CARTESIAN_POINT('',(8.275E-1,2.87E-1,-2.6E-1));
#368=LINE('',#367,#366);
#369=DIRECTION('',(0.E0,0.E0,1.E0));
#370=VECTOR('',#369,2.05E-1);
#371=CARTESIAN_POINT('',(8.275E-1,2.87E-1,-4.65E-1));
#372=LINE('',#371,#370);
#373=DIRECTION('',(1.E0,0.E0,0.E0));
#374=VECTOR('',#373,1.7E-1);
#375=CARTESIAN_POINT('',(8.275E-1,2.87E-1,-4.65E-1));
#376=LINE('',#375,#374);
#377=DIRECTION('',(0.E0,0.E0,1.E0));
#378=VECTOR('',#377,2.05E-1);
#379=CARTESIAN_POINT('',(9.975E-1,2.87E-1,-4.65E-1));
#380=LINE('',#379,#378);
#381=DIRECTION('',(-1.E0,0.E0,0.E0));
#382=VECTOR('',#381,8.E-2);
#383=CARTESIAN_POINT('',(1.0775E0,2.87E-1,-2.6E-1));
#384=LINE('',#383,#382);
#385=DIRECTION('',(0.E0,0.E0,1.E0));
#386=VECTOR('',#385,2.05E-1);
#387=CARTESIAN_POINT('',(1.0775E0,2.87E-1,-4.65E-1));
#388=LINE('',#387,#386);
#389=DIRECTION('',(1.E0,0.E0,0.E0));
#390=VECTOR('',#389,1.7E-1);
#391=CARTESIAN_POINT('',(1.0775E0,2.87E-1,-4.65E-1));
#392=LINE('',#391,#390);
#393=DIRECTION('',(0.E0,0.E0,1.E0));
#394=VECTOR('',#393,2.05E-1);
#395=CARTESIAN_POINT('',(1.2475E0,2.87E-1,-4.65E-1));
#396=LINE('',#395,#394);
#397=DIRECTION('',(-1.E0,0.E0,0.E0));
#398=VECTOR('',#397,8.E-2);
#399=CARTESIAN_POINT('',(1.3275E0,2.87E-1,-2.6E-1));
#400=LINE('',#399,#398);
#401=DIRECTION('',(0.E0,0.E0,1.E0));
#402=VECTOR('',#401,2.05E-1);
#403=CARTESIAN_POINT('',(1.3275E0,2.87E-1,-4.65E-1));
#404=LINE('',#403,#402);
#405=DIRECTION('',(1.E0,0.E0,0.E0));
#406=VECTOR('',#405,1.7E-1);
#407=CARTESIAN_POINT('',(1.3275E0,2.87E-1,-4.65E-1));
#408=LINE('',#407,#406);
#409=DIRECTION('',(0.E0,0.E0,1.E0));
#410=VECTOR('',#409,2.05E-1);
#411=CARTESIAN_POINT('',(1.4975E0,2.87E-1,-4.65E-1));
#412=LINE('',#411,#410);
#413=DIRECTION('',(-1.E0,0.E0,0.E0));
#414=VECTOR('',#413,8.E-2);
#415=CARTESIAN_POINT('',(1.5775E0,2.87E-1,-2.6E-1));
#416=LINE('',#415,#414);
#417=DIRECTION('',(0.E0,0.E0,1.E0));
#418=VECTOR('',#417,2.05E-1);
#419=CARTESIAN_POINT('',(1.5775E0,2.87E-1,-4.65E-1));
#420=LINE('',#419,#418);
#421=DIRECTION('',(1.E0,0.E0,0.E0));
#422=VECTOR('',#421,8.5E-2);
#423=CARTESIAN_POINT('',(1.5775E0,2.87E-1,-4.65E-1));
#424=LINE('',#423,#422);
#425=DIRECTION('',(0.E0,1.E0,0.E0));
#426=VECTOR('',#425,4.E-2);
#427=CARTESIAN_POINT('',(2.1625E0,2.47E-1,-2.6E-1));
#428=LINE('',#427,#426);
#429=DIRECTION('',(0.E0,0.E0,1.E0));
#430=VECTOR('',#429,4.18E-1);
#431=CARTESIAN_POINT('',(2.1625E0,-2.08E-1,-4.65E-1));
#432=LINE('',#431,#430);
#433=DIRECTION('',(0.E0,0.E0,1.E0));
#434=VECTOR('',#433,2.05E-1);
#435=CARTESIAN_POINT('',(2.1625E0,2.87E-1,-4.65E-1));
#436=LINE('',#435,#434);
#437=DIRECTION('',(0.E0,0.E0,1.E0));
#438=VECTOR('',#437,2.13E-1);
#439=CARTESIAN_POINT('',(2.1625E0,2.47E-1,-2.6E-1));
#440=LINE('',#439,#438);
#441=DIRECTION('',(-1.E0,0.E0,0.E0));
#442=VECTOR('',#441,5.E-1);
#443=CARTESIAN_POINT('',(2.1625E0,2.47E-1,-2.6E-1));
#444=LINE('',#443,#442);
#445=DIRECTION('',(0.E0,-1.E0,0.E0));
#446=VECTOR('',#445,4.E-2);
#447=CARTESIAN_POINT('',(1.6625E0,2.87E-1,-2.6E-1));
#448=LINE('',#447,#446);
#449=DIRECTION('',(0.E0,0.E0,-1.E0));
#450=VECTOR('',#449,2.05E-1);
#451=CARTESIAN_POINT('',(1.6625E0,2.87E-1,-2.6E-1));
#452=LINE('',#451,#450);
#453=DIRECTION('',(0.E0,0.E0,1.E0));
#454=VECTOR('',#453,3.54E-1);
#455=CARTESIAN_POINT('',(1.6625E0,-1.68E-1,-4.65E-1));
#456=LINE('',#455,#454);
#457=DIRECTION('',(0.E0,-1.E0,0.E0));
#458=VECTOR('',#457,4.E-2);
#459=CARTESIAN_POINT('',(1.6625E0,-1.68E-1,-1.11E-1));
#460=LINE('',#459,#458);
#461=DIRECTION('',(0.E0,0.E0,1.E0));
#462=VECTOR('',#461,6.4E-2);
#463=CARTESIAN_POINT('',(1.6625E0,-2.08E-1,-1.11E-1));
#464=LINE('',#463,#462);
#465=DIRECTION('',(0.E0,-1.E0,0.E0));
#466=VECTOR('',#465,4.55E-1);
#467=CARTESIAN_POINT('',(1.6625E0,2.47E-1,-4.7E-2));
#468=LINE('',#467,#466);
#469=DIRECTION('',(0.E0,0.E0,1.E0));
#470=VECTOR('',#469,2.13E-1);
#471=CARTESIAN_POINT('',(1.6625E0,2.47E-1,-2.6E-1));
#472=LINE('',#471,#470);
#473=DIRECTION('',(0.E0,-1.E0,0.E0));
#474=VECTOR('',#473,4.E-2);
#475=CARTESIAN_POINT('',(1.6375E0,-1.68E-1,-4.65E-1));
#476=LINE('',#475,#474);
#477=DIRECTION('',(1.E0,0.E0,0.E0));
#478=VECTOR('',#477,2.5E-2);
#479=CARTESIAN_POINT('',(1.6375E0,-1.68E-1,-4.65E-1));
#480=LINE('',#479,#478);
#481=DIRECTION('',(0.E0,-1.E0,0.E0));
#482=VECTOR('',#481,4.55E-1);
#483=CARTESIAN_POINT('',(1.6625E0,2.87E-1,-4.65E-1));
#484=LINE('',#483,#482);
#485=DIRECTION('',(0.E0,1.E0,0.E0));
#486=VECTOR('',#485,7.5E-2);
#487=CARTESIAN_POINT('',(1.5775E0,2.12E-1,-4.65E-1));
#488=LINE('',#487,#486);
#489=DIRECTION('',(-1.E0,0.E0,0.E0));
#490=VECTOR('',#489,4.9E-3);
#491=CARTESIAN_POINT('',(1.5824E0,2.12E-1,-4.65E-1));
#492=LINE('',#491,#490);
#493=DIRECTION('',(1.E0,0.E0,0.E0));
#494=VECTOR('',#493,3.51E-2);
#495=CARTESIAN_POINT('',(1.5824E0,-1.68E-1,-4.65E-1));
#496=LINE('',#495,#494);
#497=DIRECTION('',(0.E0,1.E0,0.E0));
#498=VECTOR('',#497,4.E-2);
#499=CARTESIAN_POINT('',(1.6175E0,-2.08E-1,-4.65E-1));
#500=LINE('',#499,#498);
#501=DIRECTION('',(-1.E0,0.E0,0.E0));
#502=VECTOR('',#501,2.E-2);
#503=CARTESIAN_POINT('',(1.6375E0,-2.08E-1,-4.65E-1));
#504=LINE('',#503,#502);
#505=DIRECTION('',(0.E0,0.E0,1.E0));
#506=VECTOR('',#505,3.54E-1);
#507=CARTESIAN_POINT('',(1.6375E0,-1.68E-1,-4.65E-1));
#508=LINE('',#507,#506);
#509=DIRECTION('',(0.E0,0.E0,1.E0));
#510=VECTOR('',#509,3.54E-1);
#511=CARTESIAN_POINT('',(1.6375E0,-2.08E-1,-4.65E-1));
#512=LINE('',#511,#510);
#513=DIRECTION('',(0.E0,-1.E0,0.E0));
#514=VECTOR('',#513,4.E-2);
#515=CARTESIAN_POINT('',(1.6375E0,-1.68E-1,-1.11E-1));
#516=LINE('',#515,#514);
#517=DIRECTION('',(-1.E0,0.E0,0.E0));
#518=VECTOR('',#517,2.5E-2);
#519=CARTESIAN_POINT('',(1.6625E0,-1.68E-1,-1.11E-1));
#520=LINE('',#519,#518);
#521=DIRECTION('',(0.E0,0.E0,1.E0));
#522=VECTOR('',#521,2.05E-1);
#523=CARTESIAN_POINT('',(1.5775E0,2.12E-1,-4.65E-1));
#524=LINE('',#523,#522);
#525=DIRECTION('',(0.E0,-1.E0,0.E0));
#526=VECTOR('',#525,7.5E-2);
#527=CARTESIAN_POINT('',(1.5775E0,2.87E-1,-2.6E-1));
#528=LINE('',#527,#526);
#529=DIRECTION('',(0.E0,0.E0,1.E0));
#530=VECTOR('',#529,6.05E-1);
#531=CARTESIAN_POINT('',(1.4926E0,2.12E-1,-4.65E-1));
#532=LINE('',#531,#530);
#533=DIRECTION('',(0.E0,0.E0,-1.E0));
#534=VECTOR('',#533,6.05E-1);
#535=CARTESIAN_POINT('',(1.5824E0,2.12E-1,1.4E-1));
#536=LINE('',#535,#534);
#537=DIRECTION('',(0.E0,1.E0,0.E0));
#538=VECTOR('',#537,3.21E-1);
#539=CARTESIAN_POINT('',(1.4926E0,-1.68E-1,-4.525E-1));
#540=LINE('',#539,#538);
#541=DIRECTION('',(0.E0,0.E0,1.E0));
#542=VECTOR('',#541,5.775E-1);
#543=CARTESIAN_POINT('',(1.4926E0,1.53E-1,-4.525E-1));
#544=LINE('',#543,#542);
#545=DIRECTION('',(0.E0,1.E0,0.E0));
#546=VECTOR('',#545,3.E-3);
#547=CARTESIAN_POINT('',(1.4926E0,1.5E-1,1.25E-1));
#548=LINE('',#547,#546);
#549=DIRECTION('',(0.E0,1.354563458276E-1,-9.907833155514E-1));
#550=VECTOR('',#549,1.513953632904E-2);
#551=CARTESIAN_POINT('',(1.4926E0,1.479492537313E-1,1.4E-1));
#552=LINE('',#551,#550);
#553=DIRECTION('',(0.E0,-1.E0,0.E0));
#554=VECTOR('',#553,3.8E-1);
#555=CARTESIAN_POINT('',(1.4926E0,2.12E-1,-4.65E-1));
#556=LINE('',#555,#554);
#557=DIRECTION('',(3.552713678801E-14,0.E0,1.E0));
#558=VECTOR('',#557,1.25E-2);
#559=CARTESIAN_POINT('',(1.4926E0,-1.68E-1,-4.65E-1));
#560=LINE('',#559,#558);
#561=DIRECTION('',(0.E0,-1.E0,0.E0));
#562=VECTOR('',#561,1.75E-1);
#563=CARTESIAN_POINT('',(1.479E0,-1.68E-1,-4.525E-1));
#564=LINE('',#563,#562);
#565=DIRECTION('',(1.E0,0.E0,0.E0));
#566=VECTOR('',#565,1.7E-2);
#567=CARTESIAN_POINT('',(1.479E0,-3.43E-1,-4.525E-1));
#568=LINE('',#567,#566);
#569=DIRECTION('',(0.E0,-1.E0,0.E0));
#570=VECTOR('',#569,4.96E-1);
#571=CARTESIAN_POINT('',(1.496E0,1.53E-1,-4.525E-1));
#572=LINE('',#571,#570);
#573=DIRECTION('',(-1.E0,0.E0,0.E0));
#574=VECTOR('',#573,3.399999999999E-3);
#575=CARTESIAN_POINT('',(1.496E0,1.53E-1,-4.525E-1));
#576=LINE('',#575,#574);
#577=DIRECTION('',(1.E0,0.E0,0.E0));
#578=VECTOR('',#577,1.7E-2);
#579=CARTESIAN_POINT('',(1.479E0,-1.68E-1,-1.525E-1));
#580=LINE('',#579,#578);
#581=DIRECTION('',(-1.E0,0.E0,0.E0));
#582=VECTOR('',#581,1.7E-2);
#583=CARTESIAN_POINT('',(1.496E0,-1.68E-1,-2.275E-1));
#584=LINE('',#583,#582);
#585=DIRECTION('',(0.E0,0.E0,-1.E0));
#586=VECTOR('',#585,2.5E-2);
#587=CARTESIAN_POINT('',(1.479E0,-1.68E-1,-2.275E-1));
#588=LINE('',#587,#586);
#589=DIRECTION('',(1.E0,0.E0,0.E0));
#590=VECTOR('',#589,1.7E-2);
#591=CARTESIAN_POINT('',(1.479E0,-1.68E-1,-2.525E-1));
#592=LINE('',#591,#590);
#593=DIRECTION('',(-1.E0,0.E0,0.E0));
#594=VECTOR('',#593,1.7E-2);
#595=CARTESIAN_POINT('',(1.496E0,-1.68E-1,-3.275E-1));
#596=LINE('',#595,#594);
#597=DIRECTION('',(0.E0,0.E0,-1.E0));
#598=VECTOR('',#597,2.5E-2);
#599=CARTESIAN_POINT('',(1.479E0,-1.68E-1,-3.275E-1));
#600=LINE('',#599,#598);
#601=DIRECTION('',(1.E0,0.E0,0.E0));
#602=VECTOR('',#601,1.7E-2);
#603=CARTESIAN_POINT('',(1.479E0,-1.68E-1,-3.525E-1));
#604=LINE('',#603,#602);
#605=DIRECTION('',(-1.E0,0.E0,0.E0));
#606=VECTOR('',#605,1.7E-2);
#607=CARTESIAN_POINT('',(1.496E0,-1.68E-1,-4.275E-1));
#608=LINE('',#607,#606);
#609=DIRECTION('',(1.776356839400E-14,0.E0,-1.E0));
#610=VECTOR('',#609,2.5E-2);
#611=CARTESIAN_POINT('',(1.479E0,-1.68E-1,-4.275E-1));
#612=LINE('',#611,#610);
#613=DIRECTION('',(-1.E0,0.E0,0.E0));
#614=VECTOR('',#613,1.36E-2);
#615=CARTESIAN_POINT('',(1.4926E0,-1.68E-1,-4.525E-1));
#616=LINE('',#615,#614);
#617=DIRECTION('',(0.E0,0.E0,1.E0));
#618=VECTOR('',#617,4.1E-1);
#619=CARTESIAN_POINT('',(1.4575E0,-1.68E-1,-4.65E-1));
#620=LINE('',#619,#618);
#621=DIRECTION('',(1.E0,0.E0,0.E0));
#622=VECTOR('',#621,3.85E-2);
#623=CARTESIAN_POINT('',(1.4575E0,-1.68E-1,-5.5E-2));
#624=LINE('',#623,#622);
#625=DIRECTION('',(-1.E0,0.E0,0.E0));
#626=VECTOR('',#625,1.7E-2);
#627=CARTESIAN_POINT('',(1.496E0,-1.68E-1,-1.275E-1));
#628=LINE('',#627,#626);
#629=DIRECTION('',(0.E0,0.E0,-1.E0));
#630=VECTOR('',#629,2.5E-2);
#631=CARTESIAN_POINT('',(1.479E0,-1.68E-1,-1.275E-1));
#632=LINE('',#631,#630);
#633=DIRECTION('',(0.E0,-1.E0,0.E0));
#634=VECTOR('',#633,1.75E-1);
#635=CARTESIAN_POINT('',(1.479E0,-1.68E-1,-1.525E-1));
#636=LINE('',#635,#634);
#637=DIRECTION('',(1.E0,0.E0,0.E0));
#638=VECTOR('',#637,1.7E-2);
#639=CARTESIAN_POINT('',(1.479E0,-3.43E-1,-1.525E-1));
#640=LINE('',#639,#638);
#641=DIRECTION('',(0.E0,1.E0,0.E0));
#642=VECTOR('',#641,1.75E-1);
#643=CARTESIAN_POINT('',(1.496E0,-3.43E-1,-1.525E-1));
#644=LINE('',#643,#642);
#645=DIRECTION('',(0.E0,-1.E0,0.E0));
#646=VECTOR('',#645,1.75E-1);
#647=CARTESIAN_POINT('',(1.496E0,-1.68E-1,-1.275E-1));
#648=LINE('',#647,#646);
#649=DIRECTION('',(0.E0,1.E0,0.E0));
#650=VECTOR('',#649,1.75E-1);
#651=CARTESIAN_POINT('',(1.479E0,-3.43E-1,-1.275E-1));
#652=LINE('',#651,#650);
#653=DIRECTION('',(0.E0,1.354563458276E-1,9.907833155514E-1));
#654=VECTOR('',#653,3.381163113486E-1);
#655=CARTESIAN_POINT('',(1.496E0,-1.476E-1,1.25E-1));
#656=LINE('',#655,#654);
#657=DIRECTION('',(0.E0,1.E0,0.E0));
#658=VECTOR('',#657,2.06E-1);
#659=CARTESIAN_POINT('',(1.496E0,-1.018E-1,4.6E-1));
#660=LINE('',#659,#658);
#661=DIRECTION('',(0.E0,1.354563458276E-1,-9.907833155514E-1));
#662=VECTOR('',#661,3.381163113486E-1);
#663=CARTESIAN_POINT('',(1.496E0,1.042E-1,4.6E-1));
#664=LINE('',#663,#662);
#665=DIRECTION('',(0.E0,0.E0,1.E0));
#666=VECTOR('',#665,5.775E-1);
#667=CARTESIAN_POINT('',(1.496E0,1.53E-1,-4.525E-1));
#668=LINE('',#667,#666);
#669=DIRECTION('',(0.E0,0.E0,1.E0));
#670=VECTOR('',#669,7.5E-2);
#671=CARTESIAN_POINT('',(1.496E0,-1.68E-1,-4.275E-1));
#672=LINE('',#671,#670);
#673=DIRECTION('',(0.E0,0.E0,1.E0));
#674=VECTOR('',#673,7.5E-2);
#675=CARTESIAN_POINT('',(1.496E0,-1.68E-1,-3.275E-1));
#676=LINE('',#675,#674);
#677=DIRECTION('',(0.E0,0.E0,1.E0));
#678=VECTOR('',#677,7.5E-2);
#679=CARTESIAN_POINT('',(1.496E0,-1.68E-1,-2.275E-1));
#680=LINE('',#679,#678);
#681=DIRECTION('',(0.E0,0.E0,1.E0));
#682=VECTOR('',#681,7.25E-2);
#683=CARTESIAN_POINT('',(1.496E0,-1.68E-1,-1.275E-1));
#684=LINE('',#683,#682);
#685=DIRECTION('',(0.E0,1.E0,0.E0));
#686=VECTOR('',#685,1.E-2);
#687=CARTESIAN_POINT('',(1.579E0,-1.68E-1,-5.5E-2));
#688=LINE('',#687,#686);
#689=DIRECTION('',(0.E0,1.E0,0.E0));
#690=VECTOR('',#689,1.E-2);
#691=CARTESIAN_POINT('',(1.496E0,-1.68E-1,-5.5E-2));
#692=LINE('',#691,#690);
#693=DIRECTION('',(0.E0,1.E0,0.E0));
#694=VECTOR('',#693,4.E-2);
#695=CARTESIAN_POINT('',(1.4575E0,-2.08E-1,-5.5E-2));
#696=LINE('',#695,#694);
#697=DIRECTION('',(1.E0,0.E0,0.E0));
#698=VECTOR('',#697,1.6E-1);
#699=CARTESIAN_POINT('',(1.4575E0,-2.08E-1,-5.5E-2));
#700=LINE('',#699,#698);
#701=DIRECTION('',(0.E0,-1.E0,0.E0));
#702=VECTOR('',#701,4.E-2);
#703=CARTESIAN_POINT('',(1.6175E0,-1.68E-1,-5.5E-2));
#704=LINE('',#703,#702);
#705=DIRECTION('',(0.E0,0.E0,1.E0));
#706=VECTOR('',#705,7.25E-2);
#707=CARTESIAN_POINT('',(1.579E0,-1.68E-1,-1.275E-1));
#708=LINE('',#707,#706);
#709=DIRECTION('',(0.E0,0.E0,1.E0));
#710=VECTOR('',#709,2.5E-2);
#711=CARTESIAN_POINT('',(1.579E0,-3.43E-1,-1.525E-1));
#712=LINE('',#711,#710);
#713=DIRECTION('',(0.E0,0.E0,1.E0));
#714=VECTOR('',#713,7.5E-2);
#715=CARTESIAN_POINT('',(1.579E0,-1.68E-1,-2.275E-1));
#716=LINE('',#715,#714);
#717=DIRECTION('',(0.E0,0.E0,1.E0));
#718=VECTOR('',#717,2.5E-2);
#719=CARTESIAN_POINT('',(1.579E0,-3.43E-1,-2.525E-1));
#720=LINE('',#719,#718);
#721=DIRECTION('',(0.E0,0.E0,1.E0));
#722=VECTOR('',#721,7.5E-2);
#723=CARTESIAN_POINT('',(1.579E0,-1.68E-1,-3.275E-1));
#724=LINE('',#723,#722);
#725=DIRECTION('',(0.E0,0.E0,1.E0));
#726=VECTOR('',#725,2.5E-2);
#727=CARTESIAN_POINT('',(1.579E0,-3.43E-1,-3.525E-1));
#728=LINE('',#727,#726);
#729=DIRECTION('',(0.E0,0.E0,1.E0));
#730=VECTOR('',#729,7.5E-2);
#731=CARTESIAN_POINT('',(1.579E0,-1.68E-1,-4.275E-1));
#732=LINE('',#731,#730);
#733=DIRECTION('',(0.E0,0.E0,1.E0));
#734=VECTOR('',#733,2.5E-2);
#735=CARTESIAN_POINT('',(1.579E0,-3.43E-1,-4.525E-1));
#736=LINE('',#735,#734);
#737=DIRECTION('',(0.E0,0.E0,1.E0));
#738=VECTOR('',#737,5.775E-1);
#739=CARTESIAN_POINT('',(1.579E0,1.53E-1,-4.525E-1));
#740=LINE('',#739,#738);
#741=DIRECTION('',(0.E0,-1.354563458276E-1,9.907833155514E-1));
#742=VECTOR('',#741,3.381163113486E-1);
#743=CARTESIAN_POINT('',(1.579E0,1.5E-1,1.25E-1));
#744=LINE('',#743,#742);
#745=DIRECTION('',(0.E0,-1.E0,0.E0));
#746=VECTOR('',#745,2.06E-1);
#747=CARTESIAN_POINT('',(1.579E0,1.042E-1,4.6E-1));
#748=LINE('',#747,#746);
#749=DIRECTION('',(0.E0,-1.354563458276E-1,-9.907833155514E-1));
#750=VECTOR('',#749,3.381163113486E-1);
#751=CARTESIAN_POINT('',(1.579E0,-1.018E-1,4.6E-1));
#752=LINE('',#751,#750);
#753=DIRECTION('',(-1.E0,0.E0,0.E0));
#754=VECTOR('',#753,1.7E-2);
#755=CARTESIAN_POINT('',(1.596E0,-1.68E-1,-2.275E-1));
#756=LINE('',#755,#754);
#757=DIRECTION('',(1.E0,0.E0,0.E0));
#758=VECTOR('',#757,1.7E-2);
#759=CARTESIAN_POINT('',(1.579E0,-1.68E-1,-1.525E-1));
#760=LINE('',#759,#758);
#761=DIRECTION('',(0.E0,0.E0,-1.E0));
#762=VECTOR('',#761,2.5E-2);
#763=CARTESIAN_POINT('',(1.596E0,-1.68E-1,-1.275E-1));
#764=LINE('',#763,#762);
#765=DIRECTION('',(-1.E0,0.E0,0.E0));
#766=VECTOR('',#765,1.7E-2);
#767=CARTESIAN_POINT('',(1.596E0,-1.68E-1,-1.275E-1));
#768=LINE('',#767,#766);
#769=DIRECTION('',(1.E0,0.E0,0.E0));
#770=VECTOR('',#769,3.85E-2);
#771=CARTESIAN_POINT('',(1.579E0,-1.68E-1,-5.5E-2));
#772=LINE('',#771,#770);
#773=DIRECTION('',(1.E0,0.E0,0.E0));
#774=VECTOR('',#773,1.36E-2);
#775=CARTESIAN_POINT('',(1.5824E0,-1.68E-1,-4.525E-1));
#776=LINE('',#775,#774);
#777=DIRECTION('',(0.E0,0.E0,-1.E0));
#778=VECTOR('',#777,2.5E-2);
#779=CARTESIAN_POINT('',(1.596E0,-1.68E-1,-4.275E-1));
#780=LINE('',#779,#778);
#781=DIRECTION('',(-1.E0,0.E0,0.E0));
#782=VECTOR('',#781,1.7E-2);
#783=CARTESIAN_POINT('',(1.596E0,-1.68E-1,-4.275E-1));
#784=LINE('',#783,#782);
#785=DIRECTION('',(1.E0,0.E0,0.E0));
#786=VECTOR('',#785,1.7E-2);
#787=CARTESIAN_POINT('',(1.579E0,-1.68E-1,-3.525E-1));
#788=LINE('',#787,#786);
#789=DIRECTION('',(0.E0,0.E0,-1.E0));
#790=VECTOR('',#789,2.5E-2);
#791=CARTESIAN_POINT('',(1.596E0,-1.68E-1,-3.275E-1));
#792=LINE('',#791,#790);
#793=DIRECTION('',(-1.E0,0.E0,0.E0));
#794=VECTOR('',#793,1.7E-2);
#795=CARTESIAN_POINT('',(1.596E0,-1.68E-1,-3.275E-1));
#796=LINE('',#795,#794);
#797=DIRECTION('',(1.E0,0.E0,0.E0));
#798=VECTOR('',#797,1.7E-2);
#799=CARTESIAN_POINT('',(1.579E0,-1.68E-1,-2.525E-1));
#800=LINE('',#799,#798);
#801=DIRECTION('',(0.E0,0.E0,-1.E0));
#802=VECTOR('',#801,2.5E-2);
#803=CARTESIAN_POINT('',(1.596E0,-1.68E-1,-2.275E-1));
#804=LINE('',#803,#802);
#805=DIRECTION('',(0.E0,-1.E0,0.E0));
#806=VECTOR('',#805,1.75E-1);
#807=CARTESIAN_POINT('',(1.596E0,-1.68E-1,-2.275E-1));
#808=LINE('',#807,#806);
#809=DIRECTION('',(-1.E0,0.E0,0.E0));
#810=VECTOR('',#809,1.7E-2);
#811=CARTESIAN_POINT('',(1.596E0,-3.43E-1,-2.275E-1));
#812=LINE('',#811,#810);
#813=DIRECTION('',(0.E0,1.E0,0.E0));
#814=VECTOR('',#813,1.75E-1);
#815=CARTESIAN_POINT('',(1.579E0,-3.43E-1,-2.275E-1));
#816=LINE('',#815,#814);
#817=DIRECTION('',(0.E0,0.E0,1.E0));
#818=VECTOR('',#817,2.5E-2);
#819=CARTESIAN_POINT('',(1.596E0,-3.43E-1,-2.525E-1));
#820=LINE('',#819,#818);
#821=DIRECTION('',(0.E0,-1.E0,0.E0));
#822=VECTOR('',#821,1.75E-1);
#823=CARTESIAN_POINT('',(1.579E0,-1.68E-1,-2.525E-1));
#824=LINE('',#823,#822);
#825=DIRECTION('',(0.E0,1.E0,0.E0));
#826=VECTOR('',#825,1.75E-1);
#827=CARTESIAN_POINT('',(1.596E0,-3.43E-1,-2.525E-1));
#828=LINE('',#827,#826);
#829=DIRECTION('',(-1.E0,0.E0,0.E0));
#830=VECTOR('',#829,1.7E-2);
#831=CARTESIAN_POINT('',(1.596E0,-3.43E-1,-2.525E-1));
#832=LINE('',#831,#830);
#833=DIRECTION('',(0.E0,-1.E0,0.E0));
#834=VECTOR('',#833,1.75E-1);
#835=CARTESIAN_POINT('',(1.579E0,-1.68E-1,-1.525E-1));
#836=LINE('',#835,#834);
#837=DIRECTION('',(0.E0,1.E0,0.E0));
#838=VECTOR('',#837,1.75E-1);
#839=CARTESIAN_POINT('',(1.596E0,-3.43E-1,-1.525E-1));
#840=LINE('',#839,#838);
#841=DIRECTION('',(-1.E0,0.E0,0.E0));
#842=VECTOR('',#841,1.7E-2);
#843=CARTESIAN_POINT('',(1.596E0,-3.43E-1,-1.525E-1));
#844=LINE('',#843,#842);
#845=DIRECTION('',(0.E0,-1.E0,0.E0));
#846=VECTOR('',#845,1.75E-1);
#847=CARTESIAN_POINT('',(1.596E0,-1.68E-1,-1.275E-1));
#848=LINE('',#847,#846);
#849=DIRECTION('',(-1.E0,0.E0,0.E0));
#850=VECTOR('',#849,1.7E-2);
#851=CARTESIAN_POINT('',(1.596E0,-3.43E-1,-1.275E-1));
#852=LINE('',#851,#850);
#853=DIRECTION('',(0.E0,1.E0,0.E0));
#854=VECTOR('',#853,1.75E-1);
#855=CARTESIAN_POINT('',(1.579E0,-3.43E-1,-1.275E-1));
#856=LINE('',#855,#854);
#857=DIRECTION('',(0.E0,0.E0,1.E0));
#858=VECTOR('',#857,2.5E-2);
#859=CARTESIAN_POINT('',(1.596E0,-3.43E-1,-1.525E-1));
#860=LINE('',#859,#858);
#861=DIRECTION('',(0.E0,0.E0,1.E0));
#862=VECTOR('',#861,4.1E-1);
#863=CARTESIAN_POINT('',(1.6175E0,-1.68E-1,-4.65E-1));
#864=LINE('',#863,#862);
#865=DIRECTION('',(0.E0,1.E0,0.E0));
#866=VECTOR('',#865,3.21E-1);
#867=CARTESIAN_POINT('',(1.5824E0,-1.68E-1,-4.525E-1));
#868=LINE('',#867,#866);
#869=DIRECTION('',(-1.776356839400E-14,0.E0,1.E0));
#870=VECTOR('',#869,1.25E-2);
#871=CARTESIAN_POINT('',(1.5824E0,-1.68E-1,-4.65E-1));
#872=LINE('',#871,#870);
#873=DIRECTION('',(0.E0,1.E0,0.E0));
#874=VECTOR('',#873,3.8E-1);
#875=CARTESIAN_POINT('',(1.5824E0,-1.68E-1,-4.65E-1));
#876=LINE('',#875,#874);
#877=DIRECTION('',(-1.466653932453E-14,1.354563458276E-1,-9.907833155514E-1));
#878=VECTOR('',#877,1.513953632904E-2);
#879=CARTESIAN_POINT('',(1.5824E0,1.479492537313E-1,1.4E-1));
#880=LINE('',#879,#878);
#881=DIRECTION('',(7.401486830834E-14,1.E0,0.E0));
#882=VECTOR('',#881,3.E-3);
#883=CARTESIAN_POINT('',(1.5824E0,1.5E-1,1.25E-1));
#884=LINE('',#883,#882);
#885=DIRECTION('',(0.E0,0.E0,1.E0));
#886=VECTOR('',#885,5.775E-1);
#887=CARTESIAN_POINT('',(1.5824E0,1.53E-1,-4.525E-1));
#888=LINE('',#887,#886);
#889=DIRECTION('',(0.E0,1.E0,0.E0));
#890=VECTOR('',#889,4.96E-1);
#891=CARTESIAN_POINT('',(1.579E0,-3.43E-1,-4.525E-1));
#892=LINE('',#891,#890);
#893=DIRECTION('',(0.E0,1.E0,0.E0));
#894=VECTOR('',#893,1.75E-1);
#895=CARTESIAN_POINT('',(1.596E0,-3.43E-1,-4.525E-1));
#896=LINE('',#895,#894);
#897=DIRECTION('',(1.E0,0.E0,1.632680918567E-14));
#898=VECTOR('',#897,3.399999999999E-3);
#899=CARTESIAN_POINT('',(1.579E0,1.53E-1,-4.525E-1));
#900=LINE('',#899,#898);
#901=DIRECTION('',(-1.E0,0.E0,0.E0));
#902=VECTOR('',#901,3.399999999999E-3);
#903=CARTESIAN_POINT('',(1.5824E0,1.5E-1,1.25E-1));
#904=LINE('',#903,#902);
#905=DIRECTION('',(0.E0,1.E0,0.E0));
#906=VECTOR('',#905,3.E-3);
#907=CARTESIAN_POINT('',(1.579E0,1.5E-1,1.25E-1));
#908=LINE('',#907,#906);
#909=DIRECTION('',(1.E0,0.E0,0.E0));
#910=VECTOR('',#909,3.399999999999E-3);
#911=CARTESIAN_POINT('',(1.579E0,1.53E-1,1.25E-1));
#912=LINE('',#911,#910);
#913=DIRECTION('',(-1.E0,0.E0,0.E0));
#914=VECTOR('',#913,1.7E-2);
#915=CARTESIAN_POINT('',(1.596E0,1.042E-1,4.6E-1));
#916=LINE('',#915,#914);
#917=DIRECTION('',(0.E0,1.E0,0.E0));
#918=VECTOR('',#917,3.5E-2);
#919=CARTESIAN_POINT('',(2.2125E0,2.02E-1,1.4E-1));
#920=LINE('',#919,#918);
#921=DIRECTION('',(0.E0,-1.E0,0.E0));
#922=VECTOR('',#921,2.64E-1);
#923=CARTESIAN_POINT('',(2.1625E0,2.02E-1,1.4E-1));
#924=LINE('',#923,#922);
#925=DIRECTION('',(0.E0,1.E0,0.E0));
#926=VECTOR('',#925,1.75E-1);
#927=CARTESIAN_POINT('',(2.2125E0,-2.37E-1,1.4E-1));
#928=LINE('',#927,#926);
#929=DIRECTION('',(0.E0,-1.E0,0.E0));
#930=VECTOR('',#929,1.75E-1);
#931=CARTESIAN_POINT('',(1.125E-1,-6.2E-2,1.4E-1));
#932=LINE('',#931,#930);
#933=DIRECTION('',(0.E0,-1.E0,0.E0));
#934=VECTOR('',#933,3.5E-2);
#935=CARTESIAN_POINT('',(1.125E-1,2.37E-1,1.4E-1));
#936=LINE('',#935,#934);
#937=DIRECTION('',(0.E0,1.E0,0.E0));
#938=VECTOR('',#937,2.934985074627E-1);
#939=CARTESIAN_POINT('',(3.46E-1,-1.455492537313E-1,1.4E-1));
#940=LINE('',#939,#938);
#941=DIRECTION('',(1.E0,0.E0,0.E0));
#942=VECTOR('',#941,1.36E-2);
#943=CARTESIAN_POINT('',(3.324E-1,1.479492537313E-1,1.4E-1));
#944=LINE('',#943,#942);
#945=DIRECTION('',(0.E0,-1.E0,0.E0));
#946=VECTOR('',#945,6.405074626866E-2);
#947=CARTESIAN_POINT('',(3.324E-1,2.12E-1,1.4E-1));
#948=LINE('',#947,#946);
#949=DIRECTION('',(1.E0,0.E0,0.E0));
#950=VECTOR('',#949,8.98E-2);
#951=CARTESIAN_POINT('',(2.426E-1,2.12E-1,1.4E-1));
#952=LINE('',#951,#950);
#953=DIRECTION('',(0.E0,1.E0,0.E0));
#954=VECTOR('',#953,6.405074626866E-2);
#955=CARTESIAN_POINT('',(2.426E-1,1.479492537313E-1,1.4E-1));
#956=LINE('',#955,#954);
#957=DIRECTION('',(-1.E0,0.E0,0.E0));
#958=VECTOR('',#957,1.36E-2);
#959=CARTESIAN_POINT('',(2.426E-1,1.479492537313E-1,1.4E-1));
#960=LINE('',#959,#958);
#961=DIRECTION('',(0.E0,1.E0,0.E0));
#962=VECTOR('',#961,2.934985074627E-1);
#963=CARTESIAN_POINT('',(2.29E-1,-1.455492537313E-1,1.4E-1));
#964=LINE('',#963,#962);
#965=DIRECTION('',(-1.E0,0.E0,0.E0));
#966=VECTOR('',#965,1.36E-2);
#967=CARTESIAN_POINT('',(2.426E-1,-1.455492537313E-1,1.4E-1));
#968=LINE('',#967,#966);
#969=DIRECTION('',(0.E0,1.E0,0.E0));
#970=VECTOR('',#969,1.245074626866E-2);
#971=CARTESIAN_POINT('',(2.426E-1,-1.58E-1,1.4E-1));
#972=LINE('',#971,#970);
#973=DIRECTION('',(0.E0,-1.E0,0.E0));
#974=VECTOR('',#973,1.245074626866E-2);
#975=CARTESIAN_POINT('',(3.324E-1,-1.455492537313E-1,1.4E-1));
#976=LINE('',#975,#974);
#977=DIRECTION('',(1.E0,0.E0,0.E0));
#978=VECTOR('',#977,1.36E-2);
#979=CARTESIAN_POINT('',(3.324E-1,-1.455492537313E-1,1.4E-1));
#980=LINE('',#979,#978);
#981=DIRECTION('',(0.E0,1.E0,0.E0));
#982=VECTOR('',#981,2.934985074627E-1);
#983=CARTESIAN_POINT('',(5.96E-1,-1.455492537313E-1,1.4E-1));
#984=LINE('',#983,#982);
#985=DIRECTION('',(1.E0,0.E0,0.E0));
#986=VECTOR('',#985,1.36E-2);
#987=CARTESIAN_POINT('',(5.824E-1,1.479492537313E-1,1.4E-1));
#988=LINE('',#987,#986);
#989=DIRECTION('',(0.E0,-1.E0,0.E0));
#990=VECTOR('',#989,6.405074626866E-2);
#991=CARTESIAN_POINT('',(5.824E-1,2.12E-1,1.4E-1));
#992=LINE('',#991,#990);
#993=DIRECTION('',(1.E0,0.E0,0.E0));
#994=VECTOR('',#993,8.98E-2);
#995=CARTESIAN_POINT('',(4.926E-1,2.12E-1,1.4E-1));
#996=LINE('',#995,#994);
#997=DIRECTION('',(0.E0,1.E0,0.E0));
#998=VECTOR('',#997,6.405074626866E-2);
#999=CARTESIAN_POINT('',(4.926E-1,1.479492537313E-1,1.4E-1));
#1000=LINE('',#999,#998);
#1001=DIRECTION('',(-1.E0,0.E0,0.E0));
#1002=VECTOR('',#1001,1.36E-2);
#1003=CARTESIAN_POINT('',(4.926E-1,1.479492537313E-1,1.4E-1));
#1004=LINE('',#1003,#1002);
#1005=DIRECTION('',(0.E0,1.E0,0.E0));
#1006=VECTOR('',#1005,2.934985074627E-1);
#1007=CARTESIAN_POINT('',(4.79E-1,-1.455492537313E-1,1.4E-1));
#1008=LINE('',#1007,#1006);
#1009=DIRECTION('',(-1.E0,0.E0,0.E0));
#1010=VECTOR('',#1009,1.36E-2);
#1011=CARTESIAN_POINT('',(4.926E-1,-1.455492537313E-1,1.4E-1));
#1012=LINE('',#1011,#1010);
#1013=DIRECTION('',(0.E0,1.E0,0.E0));
#1014=VECTOR('',#1013,1.245074626866E-2);
#1015=CARTESIAN_POINT('',(4.926E-1,-1.58E-1,1.4E-1));
#1016=LINE('',#1015,#1014);
#1017=DIRECTION('',(0.E0,-1.E0,0.E0));
#1018=VECTOR('',#1017,1.245074626866E-2);
#1019=CARTESIAN_POINT('',(5.824E-1,-1.455492537313E-1,1.4E-1));
#1020=LINE('',#1019,#1018);
#1021=DIRECTION('',(1.E0,0.E0,0.E0));
#1022=VECTOR('',#1021,1.36E-2);
#1023=CARTESIAN_POINT('',(5.824E-1,-1.455492537313E-1,1.4E-1));
#1024=LINE('',#1023,#1022);
#1025=DIRECTION('',(0.E0,1.E0,0.E0));
#1026=VECTOR('',#1025,2.934985074627E-1);
#1027=CARTESIAN_POINT('',(8.46E-1,-1.455492537313E-1,1.4E-1));
#1028=LINE('',#1027,#1026);
#1029=DIRECTION('',(1.E0,0.E0,0.E0));
#1030=VECTOR('',#1029,1.36E-2);
#1031=CARTESIAN_POINT('',(8.324E-1,1.479492537313E-1,1.4E-1));
#1032=LINE('',#1031,#1030);
#1033=DIRECTION('',(0.E0,-1.E0,0.E0));
#1034=VECTOR('',#1033,6.405074626866E-2);
#1035=CARTESIAN_POINT('',(8.324E-1,2.12E-1,1.4E-1));
#1036=LINE('',#1035,#1034);
#1037=DIRECTION('',(1.E0,0.E0,0.E0));
#1038=VECTOR('',#1037,8.98E-2);
#1039=CARTESIAN_POINT('',(7.426E-1,2.12E-1,1.4E-1));
#1040=LINE('',#1039,#1038);
#1041=DIRECTION('',(0.E0,1.E0,0.E0));
#1042=VECTOR('',#1041,6.405074626866E-2);
#1043=CARTESIAN_POINT('',(7.426E-1,1.479492537313E-1,1.4E-1));
#1044=LINE('',#1043,#1042);
#1045=DIRECTION('',(-1.E0,0.E0,0.E0));
#1046=VECTOR('',#1045,1.36E-2);
#1047=CARTESIAN_POINT('',(7.426E-1,1.479492537313E-1,1.4E-1));
#1048=LINE('',#1047,#1046);
#1049=DIRECTION('',(0.E0,1.E0,0.E0));
#1050=VECTOR('',#1049,2.934985074627E-1);
#1051=CARTESIAN_POINT('',(7.29E-1,-1.455492537313E-1,1.4E-1));
#1052=LINE('',#1051,#1050);
#1053=DIRECTION('',(-1.E0,0.E0,0.E0));
#1054=VECTOR('',#1053,1.36E-2);
#1055=CARTESIAN_POINT('',(7.426E-1,-1.455492537313E-1,1.4E-1));
#1056=LINE('',#1055,#1054);
#1057=DIRECTION('',(1.783383904337E-14,1.E0,0.E0));
#1058=VECTOR('',#1057,1.245074626866E-2);
#1059=CARTESIAN_POINT('',(7.426E-1,-1.58E-1,1.4E-1));
#1060=LINE('',#1059,#1058);
#1061=DIRECTION('',(2.675075856505E-14,-1.E0,0.E0));
#1062=VECTOR('',#1061,1.245074626866E-2);
#1063=CARTESIAN_POINT('',(8.324E-1,-1.455492537313E-1,1.4E-1));
#1064=LINE('',#1063,#1062);
#1065=DIRECTION('',(1.E0,0.E0,0.E0));
#1066=VECTOR('',#1065,1.36E-2);
#1067=CARTESIAN_POINT('',(8.324E-1,-1.455492537313E-1,1.4E-1));
#1068=LINE('',#1067,#1066);
#1069=DIRECTION('',(0.E0,1.E0,0.E0));
#1070=VECTOR('',#1069,2.934985074627E-1);
#1071=CARTESIAN_POINT('',(1.096E0,-1.455492537313E-1,1.4E-1));
#1072=LINE('',#1071,#1070);
#1073=DIRECTION('',(1.E0,0.E0,0.E0));
#1074=VECTOR('',#1073,1.36E-2);
#1075=CARTESIAN_POINT('',(1.0824E0,1.479492537313E-1,1.4E-1));
#1076=LINE('',#1075,#1074);
#1077=DIRECTION('',(0.E0,-1.E0,0.E0));
#1078=VECTOR('',#1077,6.405074626866E-2);
#1079=CARTESIAN_POINT('',(1.0824E0,2.12E-1,1.4E-1));
#1080=LINE('',#1079,#1078);
#1081=DIRECTION('',(1.E0,0.E0,0.E0));
#1082=VECTOR('',#1081,8.98E-2);
#1083=CARTESIAN_POINT('',(9.926E-1,2.12E-1,1.4E-1));
#1084=LINE('',#1083,#1082);
#1085=DIRECTION('',(0.E0,1.E0,0.E0));
#1086=VECTOR('',#1085,6.405074626866E-2);
#1087=CARTESIAN_POINT('',(9.926E-1,1.479492537313E-1,1.4E-1));
#1088=LINE('',#1087,#1086);
#1089=DIRECTION('',(-1.E0,0.E0,0.E0));
#1090=VECTOR('',#1089,1.36E-2);
#1091=CARTESIAN_POINT('',(9.926E-1,1.479492537313E-1,1.4E-1));
#1092=LINE('',#1091,#1090);
#1093=DIRECTION('',(0.E0,1.E0,0.E0));
#1094=VECTOR('',#1093,2.934985074627E-1);
#1095=CARTESIAN_POINT('',(9.79E-1,-1.455492537313E-1,1.4E-1));
#1096=LINE('',#1095,#1094);
#1097=DIRECTION('',(-1.E0,0.E0,0.E0));
#1098=VECTOR('',#1097,1.36E-2);
#1099=CARTESIAN_POINT('',(9.926E-1,-1.455492537313E-1,1.4E-1));
#1100=LINE('',#1099,#1098);
#1101=DIRECTION('',(0.E0,1.E0,0.E0));
#1102=VECTOR('',#1101,1.245074626866E-2);
#1103=CARTESIAN_POINT('',(9.926E-1,-1.58E-1,1.4E-1));
#1104=LINE('',#1103,#1102);
#1105=DIRECTION('',(3.566767808673E-14,-1.E0,0.E0));
#1106=VECTOR('',#1105,1.245074626866E-2);
#1107=CARTESIAN_POINT('',(1.0824E0,-1.455492537313E-1,1.4E-1));
#1108=LINE('',#1107,#1106);
#1109=DIRECTION('',(1.E0,0.E0,0.E0));
#1110=VECTOR('',#1109,1.36E-2);
#1111=CARTESIAN_POINT('',(1.0824E0,-1.455492537313E-1,1.4E-1));
#1112=LINE('',#1111,#1110);
#1113=DIRECTION('',(0.E0,1.E0,0.E0));
#1114=VECTOR('',#1113,2.934985074627E-1);
#1115=CARTESIAN_POINT('',(1.346E0,-1.455492537313E-1,1.4E-1));
#1116=LINE('',#1115,#1114);
#1117=DIRECTION('',(1.E0,0.E0,0.E0));
#1118=VECTOR('',#1117,1.36E-2);
#1119=CARTESIAN_POINT('',(1.3324E0,1.479492537313E-1,1.4E-1));
#1120=LINE('',#1119,#1118);
#1121=DIRECTION('',(0.E0,-1.E0,0.E0));
#1122=VECTOR('',#1121,6.405074626866E-2);
#1123=CARTESIAN_POINT('',(1.3324E0,2.12E-1,1.4E-1));
#1124=LINE('',#1123,#1122);
#1125=DIRECTION('',(1.E0,0.E0,0.E0));
#1126=VECTOR('',#1125,8.98E-2);
#1127=CARTESIAN_POINT('',(1.2426E0,2.12E-1,1.4E-1));
#1128=LINE('',#1127,#1126);
#1129=DIRECTION('',(0.E0,1.E0,0.E0));
#1130=VECTOR('',#1129,6.405074626866E-2);
#1131=CARTESIAN_POINT('',(1.2426E0,1.479492537313E-1,1.4E-1));
#1132=LINE('',#1131,#1130);
#1133=DIRECTION('',(-1.E0,0.E0,0.E0));
#1134=VECTOR('',#1133,1.36E-2);
#1135=CARTESIAN_POINT('',(1.2426E0,1.479492537313E-1,1.4E-1));
#1136=LINE('',#1135,#1134);
#1137=DIRECTION('',(0.E0,1.E0,0.E0));
#1138=VECTOR('',#1137,2.934985074627E-1);
#1139=CARTESIAN_POINT('',(1.229E0,-1.455492537313E-1,1.4E-1));
#1140=LINE('',#1139,#1138);
#1141=DIRECTION('',(-1.E0,0.E0,0.E0));
#1142=VECTOR('',#1141,1.36E-2);
#1143=CARTESIAN_POINT('',(1.2426E0,-1.455492537313E-1,1.4E-1));
#1144=LINE('',#1143,#1142);
#1145=DIRECTION('',(1.783383904337E-14,1.E0,0.E0));
#1146=VECTOR('',#1145,1.245074626866E-2);
#1147=CARTESIAN_POINT('',(1.2426E0,-1.58E-1,1.4E-1));
#1148=LINE('',#1147,#1146);
#1149=DIRECTION('',(3.566767808673E-14,-1.E0,0.E0));
#1150=VECTOR('',#1149,1.245074626866E-2);
#1151=CARTESIAN_POINT('',(1.3324E0,-1.455492537313E-1,1.4E-1));
#1152=LINE('',#1151,#1150);
#1153=DIRECTION('',(1.E0,0.E0,0.E0));
#1154=VECTOR('',#1153,1.36E-2);
#1155=CARTESIAN_POINT('',(1.3324E0,-1.455492537313E-1,1.4E-1));
#1156=LINE('',#1155,#1154);
#1157=DIRECTION('',(0.E0,1.E0,0.E0));
#1158=VECTOR('',#1157,2.934985074627E-1);
#1159=CARTESIAN_POINT('',(1.596E0,-1.455492537313E-1,1.4E-1));
#1160=LINE('',#1159,#1158);
#1161=DIRECTION('',(1.E0,0.E0,0.E0));
#1162=VECTOR('',#1161,1.36E-2);
#1163=CARTESIAN_POINT('',(1.5824E0,1.479492537313E-1,1.4E-1));
#1164=LINE('',#1163,#1162);
#1165=DIRECTION('',(0.E0,-1.E0,0.E0));
#1166=VECTOR('',#1165,6.405074626866E-2);
#1167=CARTESIAN_POINT('',(1.5824E0,2.12E-1,1.4E-1));
#1168=LINE('',#1167,#1166);
#1169=DIRECTION('',(1.E0,0.E0,0.E0));
#1170=VECTOR('',#1169,8.98E-2);
#1171=CARTESIAN_POINT('',(1.4926E0,2.12E-1,1.4E-1));
#1172=LINE('',#1171,#1170);
#1173=DIRECTION('',(0.E0,1.E0,0.E0));
#1174=VECTOR('',#1173,6.405074626866E-2);
#1175=CARTESIAN_POINT('',(1.4926E0,1.479492537313E-1,1.4E-1));
#1176=LINE('',#1175,#1174);
#1177=DIRECTION('',(-1.E0,0.E0,0.E0));
#1178=VECTOR('',#1177,1.36E-2);
#1179=CARTESIAN_POINT('',(1.4926E0,1.479492537313E-1,1.4E-1));
#1180=LINE('',#1179,#1178);
#1181=DIRECTION('',(0.E0,1.E0,0.E0));
#1182=VECTOR('',#1181,2.934985074627E-1);
#1183=CARTESIAN_POINT('',(1.479E0,-1.455492537313E-1,1.4E-1));
#1184=LINE('',#1183,#1182);
#1185=DIRECTION('',(-1.E0,0.E0,0.E0));
#1186=VECTOR('',#1185,1.36E-2);
#1187=CARTESIAN_POINT('',(1.4926E0,-1.455492537313E-1,1.4E-1));
#1188=LINE('',#1187,#1186);
#1189=DIRECTION('',(3.566767808673E-14,1.E0,0.E0));
#1190=VECTOR('',#1189,1.245074626866E-2);
#1191=CARTESIAN_POINT('',(1.4926E0,-1.58E-1,1.4E-1));
#1192=LINE('',#1191,#1190);
#1193=DIRECTION('',(1.783383904337E-14,-1.E0,0.E0));
#1194=VECTOR('',#1193,1.245074626866E-2);
#1195=CARTESIAN_POINT('',(1.5824E0,-1.455492537313E-1,1.4E-1));
#1196=LINE('',#1195,#1194);
#1197=DIRECTION('',(1.E0,0.E0,0.E0));
#1198=VECTOR('',#1197,1.36E-2);
#1199=CARTESIAN_POINT('',(1.5824E0,-1.455492537313E-1,1.4E-1));
#1200=LINE('',#1199,#1198);
#1201=DIRECTION('',(0.E0,1.E0,0.E0));
#1202=VECTOR('',#1201,2.500000000001E-2);
#1203=CARTESIAN_POINT('',(1.7E0,-1.625E-1,1.4E-1));
#1204=LINE('',#1203,#1202);
#1205=DIRECTION('',(1.E0,0.E0,0.E0));
#1206=VECTOR('',#1205,2.5E-2);
#1207=CARTESIAN_POINT('',(1.7E0,-1.625E-1,1.4E-1));
#1208=LINE('',#1207,#1206);
#1209=DIRECTION('',(0.E0,1.E0,0.E0));
#1210=VECTOR('',#1209,2.500000000001E-2);
#1211=CARTESIAN_POINT('',(1.725E0,-1.625E-1,1.4E-1));
#1212=LINE('',#1211,#1210);
#1213=DIRECTION('',(1.E0,0.E0,0.E0));
#1214=VECTOR('',#1213,2.5E-2);
#1215=CARTESIAN_POINT('',(1.7E0,-1.375E-1,1.4E-1));
#1216=LINE('',#1215,#1214);
#1217=DIRECTION('',(0.E0,1.E0,0.E0));
#1218=VECTOR('',#1217,2.500000000001E-2);
#1219=CARTESIAN_POINT('',(1.7E0,-6.25E-2,1.4E-1));
#1220=LINE('',#1219,#1218);
#1221=DIRECTION('',(1.E0,0.E0,0.E0));
#1222=VECTOR('',#1221,2.5E-2);
#1223=CARTESIAN_POINT('',(1.7E0,-6.25E-2,1.4E-1));
#1224=LINE('',#1223,#1222);
#1225=DIRECTION('',(0.E0,1.E0,0.E0));
#1226=VECTOR('',#1225,2.500000000001E-2);
#1227=CARTESIAN_POINT('',(1.725E0,-6.25E-2,1.4E-1));
#1228=LINE('',#1227,#1226);
#1229=DIRECTION('',(1.E0,0.E0,0.E0));
#1230=VECTOR('',#1229,2.5E-2);
#1231=CARTESIAN_POINT('',(1.7E0,-3.75E-2,1.4E-1));
#1232=LINE('',#1231,#1230);
#1233=DIRECTION('',(0.E0,1.E0,0.E0));
#1234=VECTOR('',#1233,2.500000000001E-2);
#1235=CARTESIAN_POINT('',(1.7E0,3.75E-2,1.4E-1));
#1236=LINE('',#1235,#1234);
#1237=DIRECTION('',(1.E0,0.E0,0.E0));
#1238=VECTOR('',#1237,2.5E-2);
#1239=CARTESIAN_POINT('',(1.7E0,3.75E-2,1.4E-1));
#1240=LINE('',#1239,#1238);
#1241=DIRECTION('',(0.E0,1.E0,0.E0));
#1242=VECTOR('',#1241,2.500000000001E-2);
#1243=CARTESIAN_POINT('',(1.725E0,3.75E-2,1.4E-1));
#1244=LINE('',#1243,#1242);
#1245=DIRECTION('',(1.E0,0.E0,0.E0));
#1246=VECTOR('',#1245,2.5E-2);
#1247=CARTESIAN_POINT('',(1.7E0,6.25E-2,1.4E-1));
#1248=LINE('',#1247,#1246);
#1249=DIRECTION('',(0.E0,1.E0,0.E0));
#1250=VECTOR('',#1249,2.500000000001E-2);
#1251=CARTESIAN_POINT('',(1.7E0,1.375E-1,1.4E-1));
#1252=LINE('',#1251,#1250);
#1253=DIRECTION('',(1.E0,0.E0,0.E0));
#1254=VECTOR('',#1253,2.5E-2);
#1255=CARTESIAN_POINT('',(1.7E0,1.375E-1,1.4E-1));
#1256=LINE('',#1255,#1254);
#1257=DIRECTION('',(0.E0,1.E0,0.E0));
#1258=VECTOR('',#1257,2.500000000001E-2);
#1259=CARTESIAN_POINT('',(1.725E0,1.375E-1,1.4E-1));
#1260=LINE('',#1259,#1258);
#1261=DIRECTION('',(1.E0,0.E0,0.E0));
#1262=VECTOR('',#1261,2.5E-2);
#1263=CARTESIAN_POINT('',(1.7E0,1.625E-1,1.4E-1));
#1264=LINE('',#1263,#1262);
#1265=DIRECTION('',(0.E0,1.E0,0.E0));
#1266=VECTOR('',#1265,2.500000000001E-2);
#1267=CARTESIAN_POINT('',(1.8E0,-1.625E-1,1.4E-1));
#1268=LINE('',#1267,#1266);
#1269=DIRECTION('',(1.E0,0.E0,0.E0));
#1270=VECTOR('',#1269,2.5E-2);
#1271=CARTESIAN_POINT('',(1.8E0,-1.625E-1,1.4E-1));
#1272=LINE('',#1271,#1270);
#1273=DIRECTION('',(0.E0,1.E0,0.E0));
#1274=VECTOR('',#1273,2.500000000001E-2);
#1275=CARTESIAN_POINT('',(1.825E0,-1.625E-1,1.4E-1));
#1276=LINE('',#1275,#1274);
#1277=DIRECTION('',(1.E0,0.E0,0.E0));
#1278=VECTOR('',#1277,2.5E-2);
#1279=CARTESIAN_POINT('',(1.8E0,-1.375E-1,1.4E-1));
#1280=LINE('',#1279,#1278);
#1281=DIRECTION('',(0.E0,1.E0,0.E0));
#1282=VECTOR('',#1281,2.500000000001E-2);
#1283=CARTESIAN_POINT('',(1.8E0,-6.25E-2,1.4E-1));
#1284=LINE('',#1283,#1282);
#1285=DIRECTION('',(1.E0,0.E0,0.E0));
#1286=VECTOR('',#1285,2.5E-2);
#1287=CARTESIAN_POINT('',(1.8E0,-6.25E-2,1.4E-1));
#1288=LINE('',#1287,#1286);
#1289=DIRECTION('',(0.E0,1.E0,0.E0));
#1290=VECTOR('',#1289,2.500000000001E-2);
#1291=CARTESIAN_POINT('',(1.825E0,-6.25E-2,1.4E-1));
#1292=LINE('',#1291,#1290);
#1293=DIRECTION('',(1.E0,0.E0,0.E0));
#1294=VECTOR('',#1293,2.5E-2);
#1295=CARTESIAN_POINT('',(1.8E0,-3.75E-2,1.4E-1));
#1296=LINE('',#1295,#1294);
#1297=DIRECTION('',(0.E0,1.E0,0.E0));
#1298=VECTOR('',#1297,2.500000000001E-2);
#1299=CARTESIAN_POINT('',(1.8E0,3.75E-2,1.4E-1));
#1300=LINE('',#1299,#1298);
#1301=DIRECTION('',(1.E0,0.E0,0.E0));
#1302=VECTOR('',#1301,2.5E-2);
#1303=CARTESIAN_POINT('',(1.8E0,3.75E-2,1.4E-1));
#1304=LINE('',#1303,#1302);
#1305=DIRECTION('',(0.E0,1.E0,0.E0));
#1306=VECTOR('',#1305,2.500000000001E-2);
#1307=CARTESIAN_POINT('',(1.825E0,3.75E-2,1.4E-1));
#1308=LINE('',#1307,#1306);
#1309=DIRECTION('',(1.E0,0.E0,0.E0));
#1310=VECTOR('',#1309,2.5E-2);
#1311=CARTESIAN_POINT('',(1.8E0,6.25E-2,1.4E-1));
#1312=LINE('',#1311,#1310);
#1313=DIRECTION('',(0.E0,1.E0,0.E0));
#1314=VECTOR('',#1313,2.500000000001E-2);
#1315=CARTESIAN_POINT('',(1.8E0,1.375E-1,1.4E-1));
#1316=LINE('',#1315,#1314);
#1317=DIRECTION('',(1.E0,0.E0,0.E0));
#1318=VECTOR('',#1317,2.5E-2);
#1319=CARTESIAN_POINT('',(1.8E0,1.375E-1,1.4E-1));
#1320=LINE('',#1319,#1318);
#1321=DIRECTION('',(0.E0,1.E0,0.E0));
#1322=VECTOR('',#1321,2.500000000001E-2);
#1323=CARTESIAN_POINT('',(1.825E0,1.375E-1,1.4E-1));
#1324=LINE('',#1323,#1322);
#1325=DIRECTION('',(1.E0,0.E0,0.E0));
#1326=VECTOR('',#1325,2.5E-2);
#1327=CARTESIAN_POINT('',(1.8E0,1.625E-1,1.4E-1));
#1328=LINE('',#1327,#1326);
#1329=DIRECTION('',(0.E0,1.E0,0.E0));
#1330=VECTOR('',#1329,2.500000000001E-2);
#1331=CARTESIAN_POINT('',(1.9E0,-1.625E-1,1.4E-1));
#1332=LINE('',#1331,#1330);
#1333=DIRECTION('',(1.E0,0.E0,0.E0));
#1334=VECTOR('',#1333,2.5E-2);
#1335=CARTESIAN_POINT('',(1.9E0,-1.625E-1,1.4E-1));
#1336=LINE('',#1335,#1334);
#1337=DIRECTION('',(0.E0,1.E0,0.E0));
#1338=VECTOR('',#1337,2.500000000001E-2);
#1339=CARTESIAN_POINT('',(1.925E0,-1.625E-1,1.4E-1));
#1340=LINE('',#1339,#1338);
#1341=DIRECTION('',(1.E0,0.E0,0.E0));
#1342=VECTOR('',#1341,2.5E-2);
#1343=CARTESIAN_POINT('',(1.9E0,-1.375E-1,1.4E-1));
#1344=LINE('',#1343,#1342);
#1345=DIRECTION('',(0.E0,1.E0,0.E0));
#1346=VECTOR('',#1345,2.500000000001E-2);
#1347=CARTESIAN_POINT('',(1.9E0,-6.25E-2,1.4E-1));
#1348=LINE('',#1347,#1346);
#1349=DIRECTION('',(1.E0,0.E0,0.E0));
#1350=VECTOR('',#1349,2.5E-2);
#1351=CARTESIAN_POINT('',(1.9E0,-6.25E-2,1.4E-1));
#1352=LINE('',#1351,#1350);
#1353=DIRECTION('',(0.E0,1.E0,0.E0));
#1354=VECTOR('',#1353,2.500000000001E-2);
#1355=CARTESIAN_POINT('',(1.925E0,-6.25E-2,1.4E-1));
#1356=LINE('',#1355,#1354);
#1357=DIRECTION('',(1.E0,0.E0,0.E0));
#1358=VECTOR('',#1357,2.5E-2);
#1359=CARTESIAN_POINT('',(1.9E0,-3.75E-2,1.4E-1));
#1360=LINE('',#1359,#1358);
#1361=DIRECTION('',(0.E0,1.E0,0.E0));
#1362=VECTOR('',#1361,2.500000000001E-2);
#1363=CARTESIAN_POINT('',(1.9E0,3.75E-2,1.4E-1));
#1364=LINE('',#1363,#1362);
#1365=DIRECTION('',(1.E0,0.E0,0.E0));
#1366=VECTOR('',#1365,2.5E-2);
#1367=CARTESIAN_POINT('',(1.9E0,3.75E-2,1.4E-1));
#1368=LINE('',#1367,#1366);
#1369=DIRECTION('',(0.E0,1.E0,0.E0));
#1370=VECTOR('',#1369,2.500000000001E-2);
#1371=CARTESIAN_POINT('',(1.925E0,3.75E-2,1.4E-1));
#1372=LINE('',#1371,#1370);
#1373=DIRECTION('',(1.E0,0.E0,0.E0));
#1374=VECTOR('',#1373,2.5E-2);
#1375=CARTESIAN_POINT('',(1.9E0,6.25E-2,1.4E-1));
#1376=LINE('',#1375,#1374);
#1377=DIRECTION('',(0.E0,1.E0,0.E0));
#1378=VECTOR('',#1377,2.500000000001E-2);
#1379=CARTESIAN_POINT('',(1.9E0,1.375E-1,1.4E-1));
#1380=LINE('',#1379,#1378);
#1381=DIRECTION('',(1.E0,0.E0,0.E0));
#1382=VECTOR('',#1381,2.5E-2);
#1383=CARTESIAN_POINT('',(1.9E0,1.375E-1,1.4E-1));
#1384=LINE('',#1383,#1382);
#1385=DIRECTION('',(0.E0,1.E0,0.E0));
#1386=VECTOR('',#1385,2.500000000001E-2);
#1387=CARTESIAN_POINT('',(1.925E0,1.375E-1,1.4E-1));
#1388=LINE('',#1387,#1386);
#1389=DIRECTION('',(1.E0,0.E0,0.E0));
#1390=VECTOR('',#1389,2.5E-2);
#1391=CARTESIAN_POINT('',(1.9E0,1.625E-1,1.4E-1));
#1392=LINE('',#1391,#1390);
#1393=DIRECTION('',(0.E0,1.E0,0.E0));
#1394=VECTOR('',#1393,2.500000000001E-2);
#1395=CARTESIAN_POINT('',(2.E0,-1.625E-1,1.4E-1));
#1396=LINE('',#1395,#1394);
#1397=DIRECTION('',(1.E0,0.E0,0.E0));
#1398=VECTOR('',#1397,2.5E-2);
#1399=CARTESIAN_POINT('',(2.E0,-1.625E-1,1.4E-1));
#1400=LINE('',#1399,#1398);
#1401=DIRECTION('',(0.E0,1.E0,0.E0));
#1402=VECTOR('',#1401,2.500000000001E-2);
#1403=CARTESIAN_POINT('',(2.025E0,-1.625E-1,1.4E-1));
#1404=LINE('',#1403,#1402);
#1405=DIRECTION('',(1.E0,0.E0,0.E0));
#1406=VECTOR('',#1405,2.5E-2);
#1407=CARTESIAN_POINT('',(2.E0,-1.375E-1,1.4E-1));
#1408=LINE('',#1407,#1406);
#1409=DIRECTION('',(0.E0,1.E0,0.E0));
#1410=VECTOR('',#1409,2.500000000001E-2);
#1411=CARTESIAN_POINT('',(2.E0,-6.25E-2,1.4E-1));
#1412=LINE('',#1411,#1410);
#1413=DIRECTION('',(1.E0,0.E0,0.E0));
#1414=VECTOR('',#1413,2.5E-2);
#1415=CARTESIAN_POINT('',(2.E0,-6.25E-2,1.4E-1));
#1416=LINE('',#1415,#1414);
#1417=DIRECTION('',(0.E0,1.E0,0.E0));
#1418=VECTOR('',#1417,2.500000000001E-2);
#1419=CARTESIAN_POINT('',(2.025E0,-6.25E-2,1.4E-1));
#1420=LINE('',#1419,#1418);
#1421=DIRECTION('',(1.E0,0.E0,0.E0));
#1422=VECTOR('',#1421,2.5E-2);
#1423=CARTESIAN_POINT('',(2.E0,-3.75E-2,1.4E-1));
#1424=LINE('',#1423,#1422);
#1425=DIRECTION('',(0.E0,1.E0,0.E0));
#1426=VECTOR('',#1425,2.500000000001E-2);
#1427=CARTESIAN_POINT('',(2.E0,3.75E-2,1.4E-1));
#1428=LINE('',#1427,#1426);
#1429=DIRECTION('',(1.E0,0.E0,0.E0));
#1430=VECTOR('',#1429,2.5E-2);
#1431=CARTESIAN_POINT('',(2.E0,3.75E-2,1.4E-1));
#1432=LINE('',#1431,#1430);
#1433=DIRECTION('',(0.E0,1.E0,0.E0));
#1434=VECTOR('',#1433,2.500000000001E-2);
#1435=CARTESIAN_POINT('',(2.025E0,3.75E-2,1.4E-1));
#1436=LINE('',#1435,#1434);
#1437=DIRECTION('',(1.E0,0.E0,0.E0));
#1438=VECTOR('',#1437,2.5E-2);
#1439=CARTESIAN_POINT('',(2.E0,6.25E-2,1.4E-1));
#1440=LINE('',#1439,#1438);
#1441=DIRECTION('',(0.E0,1.E0,0.E0));
#1442=VECTOR('',#1441,2.500000000001E-2);
#1443=CARTESIAN_POINT('',(2.E0,1.375E-1,1.4E-1));
#1444=LINE('',#1443,#1442);
#1445=DIRECTION('',(1.E0,0.E0,0.E0));
#1446=VECTOR('',#1445,2.5E-2);
#1447=CARTESIAN_POINT('',(2.E0,1.375E-1,1.4E-1));
#1448=LINE('',#1447,#1446);
#1449=DIRECTION('',(0.E0,1.E0,0.E0));
#1450=VECTOR('',#1449,2.500000000001E-2);
#1451=CARTESIAN_POINT('',(2.025E0,1.375E-1,1.4E-1));
#1452=LINE('',#1451,#1450);
#1453=DIRECTION('',(1.E0,0.E0,0.E0));
#1454=VECTOR('',#1453,2.5E-2);
#1455=CARTESIAN_POINT('',(2.E0,1.625E-1,1.4E-1));
#1456=LINE('',#1455,#1454);
#1457=DIRECTION('',(0.E0,1.E0,0.E0));
#1458=VECTOR('',#1457,2.500000000001E-2);
#1459=CARTESIAN_POINT('',(2.1E0,-1.625E-1,1.4E-1));
#1460=LINE('',#1459,#1458);
#1461=DIRECTION('',(1.E0,0.E0,0.E0));
#1462=VECTOR('',#1461,2.5E-2);
#1463=CARTESIAN_POINT('',(2.1E0,-1.625E-1,1.4E-1));
#1464=LINE('',#1463,#1462);
#1465=DIRECTION('',(0.E0,1.E0,0.E0));
#1466=VECTOR('',#1465,2.500000000001E-2);
#1467=CARTESIAN_POINT('',(2.125E0,-1.625E-1,1.4E-1));
#1468=LINE('',#1467,#1466);
#1469=DIRECTION('',(1.E0,0.E0,0.E0));
#1470=VECTOR('',#1469,2.5E-2);
#1471=CARTESIAN_POINT('',(2.1E0,-1.375E-1,1.4E-1));
#1472=LINE('',#1471,#1470);
#1473=DIRECTION('',(0.E0,1.E0,0.E0));
#1474=VECTOR('',#1473,2.500000000001E-2);
#1475=CARTESIAN_POINT('',(2.1E0,-6.25E-2,1.4E-1));
#1476=LINE('',#1475,#1474);
#1477=DIRECTION('',(1.E0,0.E0,0.E0));
#1478=VECTOR('',#1477,2.5E-2);
#1479=CARTESIAN_POINT('',(2.1E0,-6.25E-2,1.4E-1));
#1480=LINE('',#1479,#1478);
#1481=DIRECTION('',(0.E0,1.E0,0.E0));
#1482=VECTOR('',#1481,2.500000000001E-2);
#1483=CARTESIAN_POINT('',(2.125E0,-6.25E-2,1.4E-1));
#1484=LINE('',#1483,#1482);
#1485=DIRECTION('',(1.E0,0.E0,0.E0));
#1486=VECTOR('',#1485,2.5E-2);
#1487=CARTESIAN_POINT('',(2.1E0,-3.75E-2,1.4E-1));
#1488=LINE('',#1487,#1486);
#1489=DIRECTION('',(0.E0,1.E0,0.E0));
#1490=VECTOR('',#1489,2.500000000001E-2);
#1491=CARTESIAN_POINT('',(2.1E0,3.75E-2,1.4E-1));
#1492=LINE('',#1491,#1490);
#1493=DIRECTION('',(1.E0,0.E0,0.E0));
#1494=VECTOR('',#1493,2.5E-2);
#1495=CARTESIAN_POINT('',(2.1E0,3.75E-2,1.4E-1));
#1496=LINE('',#1495,#1494);
#1497=DIRECTION('',(0.E0,1.E0,0.E0));
#1498=VECTOR('',#1497,2.500000000001E-2);
#1499=CARTESIAN_POINT('',(2.125E0,3.75E-2,1.4E-1));
#1500=LINE('',#1499,#1498);
#1501=DIRECTION('',(1.E0,0.E0,0.E0));
#1502=VECTOR('',#1501,2.5E-2);
#1503=CARTESIAN_POINT('',(2.1E0,6.25E-2,1.4E-1));
#1504=LINE('',#1503,#1502);
#1505=DIRECTION('',(0.E0,1.E0,0.E0));
#1506=VECTOR('',#1505,2.500000000001E-2);
#1507=CARTESIAN_POINT('',(2.1E0,1.375E-1,1.4E-1));
#1508=LINE('',#1507,#1506);
#1509=DIRECTION('',(1.E0,0.E0,0.E0));
#1510=VECTOR('',#1509,2.5E-2);
#1511=CARTESIAN_POINT('',(2.1E0,1.375E-1,1.4E-1));
#1512=LINE('',#1511,#1510);
#1513=DIRECTION('',(0.E0,1.E0,0.E0));
#1514=VECTOR('',#1513,2.500000000001E-2);
#1515=CARTESIAN_POINT('',(2.125E0,1.375E-1,1.4E-1));
#1516=LINE('',#1515,#1514);
#1517=DIRECTION('',(1.E0,0.E0,0.E0));
#1518=VECTOR('',#1517,2.5E-2);
#1519=CARTESIAN_POINT('',(2.1E0,1.625E-1,1.4E-1));
#1520=LINE('',#1519,#1518);
#1521=DIRECTION('',(1.E0,0.E0,0.E0));
#1522=VECTOR('',#1521,2.1E0);
#1523=CARTESIAN_POINT('',(1.125E-1,2.57E-1,1.6E-1));
#1524=LINE('',#1523,#1522);
#1525=DIRECTION('',(-1.E0,0.E0,0.E0));
#1526=VECTOR('',#1525,2.1E0);
#1527=CARTESIAN_POINT('',(2.2125E0,2.37E-1,1.4E-1));
#1528=LINE('',#1527,#1526);
#1529=DIRECTION('',(1.E0,0.E0,0.E0));
#1530=VECTOR('',#1529,2.1E0);
#1531=CARTESIAN_POINT('',(1.125E-1,2.57E-1,4.65E-1));
#1532=LINE('',#1531,#1530);
#1533=DIRECTION('',(0.E0,0.E0,-1.E0));
#1534=VECTOR('',#1533,3.05E-1);
#1535=CARTESIAN_POINT('',(2.2125E0,2.57E-1,4.65E-1));
#1536=LINE('',#1535,#1534);
#1537=CARTESIAN_POINT('',(2.2125E0,2.37E-1,1.6E-1));
#1538=DIRECTION('',(-1.E0,0.E0,0.E0));
#1539=DIRECTION('',(0.E0,1.E0,0.E0));
#1540=AXIS2_PLACEMENT_3D('',#1537,#1538,#1539);
#1542=DIRECTION('',(1.E0,0.E0,0.E0));
#1543=VECTOR('',#1542,5.E-2);
#1544=CARTESIAN_POINT('',(2.1625E0,2.02E-1,1.4E-1));
#1545=LINE('',#1544,#1543);
#1546=DIRECTION('',(0.E0,0.E0,-1.E0));
#1547=VECTOR('',#1546,3.25E-1);
#1548=CARTESIAN_POINT('',(2.2125E0,2.02E-1,4.65E-1));
#1549=LINE('',#1548,#1547);
#1550=DIRECTION('',(0.E0,0.E0,-1.E0));
#1551=VECTOR('',#1550,5.12E-1);
#1552=CARTESIAN_POINT('',(2.3125E0,2.02E-1,4.65E-1));
#1553=LINE('',#1552,#1551);
#1554=DIRECTION('',(-1.E0,0.E0,0.E0));
#1555=VECTOR('',#1554,1.15E-1);
#1556=CARTESIAN_POINT('',(2.3125E0,2.02E-1,-4.7E-2));
#1557=LINE('',#1556,#1555);
#1558=DIRECTION('',(0.E0,1.E0,0.E0));
#1559=VECTOR('',#1558,2.64E-1);
#1560=CARTESIAN_POINT('',(2.1625E0,-6.2E-2,-4.7E-2));
#1561=LINE('',#1560,#1559);
#1562=DIRECTION('',(0.E0,0.E0,-1.E0));
#1563=VECTOR('',#1562,1.87E-1);
#1564=CARTESIAN_POINT('',(2.1625E0,-6.2E-2,1.4E-1));
#1565=LINE('',#1564,#1563);
#1566=DIRECTION('',(0.E0,0.E0,-1.E0));
#1567=VECTOR('',#1566,1.87E-1);
#1568=CARTESIAN_POINT('',(2.1625E0,2.02E-1,1.4E-1));
#1569=LINE('',#1568,#1567);
#1570=DIRECTION('',(-1.E0,0.E0,0.E0));
#1571=VECTOR('',#1570,3.5E-2);
#1572=CARTESIAN_POINT('',(2.1975E0,2.02E-1,-4.7E-2));
#1573=LINE('',#1572,#1571);
#1574=DIRECTION('',(0.E0,-1.E0,0.E0));
#1575=VECTOR('',#1574,1.9E-1);
#1576=CARTESIAN_POINT('',(2.1975E0,2.02E-1,-4.7E-2));
#1577=LINE('',#1576,#1575);
#1578=DIRECTION('',(-1.E0,0.E0,0.E0));
#1579=VECTOR('',#1578,2.335748708623E-1);
#1580=CARTESIAN_POINT('',(2.431074870862E0,1.2E-2,-4.7E-2));
#1581=LINE('',#1580,#1579);
#1582=CARTESIAN_POINT('',(2.3125E0,7.E-2,-4.7E-2));
#1583=DIRECTION('',(0.E0,0.E0,1.E0));
#1584=DIRECTION('',(0.E0,-1.E0,0.E0));
#1585=AXIS2_PLACEMENT_3D('',#1582,#1583,#1584);
#1587=DIRECTION('',(1.E0,0.E0,0.E0));
#1588=VECTOR('',#1587,1.5E-1);
#1589=CARTESIAN_POINT('',(2.1625E0,-6.2E-2,-4.7E-2));
#1590=LINE('',#1589,#1588);
#1591=DIRECTION('',(0.E0,0.E0,1.E0));
#1592=VECTOR('',#1591,4.18E-1);
#1593=CARTESIAN_POINT('',(2.1975E0,1.2E-2,-4.65E-1));
#1594=LINE('',#1593,#1592);
#1595=DIRECTION('',(0.E0,-1.E0,0.E0));
#1596=VECTOR('',#1595,2.2E-1);
#1597=CARTESIAN_POINT('',(2.4355E0,1.2E-2,-4.65E-1));
#1598=LINE('',#1597,#1596);
#1599=DIRECTION('',(-1.E0,0.E0,0.E0));
#1600=VECTOR('',#1599,2.38E-1);
#1601=CARTESIAN_POINT('',(2.4355E0,1.2E-2,-4.65E-1));
#1602=LINE('',#1601,#1600);
#1603=DIRECTION('',(0.E0,-1.E0,0.E0));
#1604=VECTOR('',#1603,2.75E-1);
#1605=CARTESIAN_POINT('',(2.1975E0,2.87E-1,-4.65E-1));
#1606=LINE('',#1605,#1604);
#1607=DIRECTION('',(-1.E0,0.E0,0.E0));
#1608=VECTOR('',#1607,3.5E-2);
#1609=CARTESIAN_POINT('',(2.1975E0,2.87E-1,-4.65E-1));
#1610=LINE('',#1609,#1608);
#1611=DIRECTION('',(0.E0,-1.E0,0.E0));
#1612=VECTOR('',#1611,4.95E-1);
#1613=CARTESIAN_POINT('',(2.1625E0,2.87E-1,-4.65E-1));
#1614=LINE('',#1613,#1612);
#1615=DIRECTION('',(1.E0,0.E0,0.E0));
#1616=VECTOR('',#1615,2.73E-1);
#1617=CARTESIAN_POINT('',(2.1625E0,-2.08E-1,-4.65E-1));
#1618=LINE('',#1617,#1616);
#1619=DIRECTION('',(0.E0,-1.E0,0.E0));
#1620=VECTOR('',#1619,2.2E-1);
#1621=CARTESIAN_POINT('',(2.4875E0,1.2E-2,-4.13E-1));
#1622=LINE('',#1621,#1620);
#1623=DIRECTION('',(0.E0,0.E0,1.E0));
#1624=VECTOR('',#1623,4.93E-1);
#1625=CARTESIAN_POINT('',(2.4875E0,-2.08E-1,-4.13E-1));
#1626=LINE('',#1625,#1624);
#1627=DIRECTION('',(0.E0,1.E0,0.E0));
#1628=VECTOR('',#1627,7.9E-2);
#1629=CARTESIAN_POINT('',(2.4875E0,-2.87E-1,8.E-2));
#1630=LINE('',#1629,#1628);
#1631=DIRECTION('',(0.E0,0.E0,1.E0));
#1632=VECTOR('',#1631,3.85E-1);
#1633=CARTESIAN_POINT('',(2.4875E0,-2.87E-1,8.E-2));
#1634=LINE('',#1633,#1632);
#1635=DIRECTION('',(0.E0,-1.E0,0.E0));
#1636=VECTOR('',#1635,2.75E-1);
#1637=CARTESIAN_POINT('',(2.4875E0,2.87E-1,-4.7E-2));
#1638=LINE('',#1637,#1636);
#1639=DIRECTION('',(0.E0,0.E0,1.E0));
#1640=VECTOR('',#1639,3.66E-1);
#1641=CARTESIAN_POINT('',(2.4875E0,1.2E-2,-4.13E-1));
#1642=LINE('',#1641,#1640);
#1643=DIRECTION('',(0.E0,1.E0,0.E0));
#1644=VECTOR('',#1643,8.5E-2);
#1645=CARTESIAN_POINT('',(2.1975E0,2.02E-1,-4.7E-2));
#1646=LINE('',#1645,#1644);
#1647=DIRECTION('',(-1.E0,0.E0,0.E0));
#1648=VECTOR('',#1647,5.642512913775E-2);
#1649=CARTESIAN_POINT('',(2.4875E0,1.2E-2,-4.7E-2));
#1650=LINE('',#1649,#1648);
#1651=CARTESIAN_POINT('',(2.3125E0,7.E-2,-4.7E-2));
#1652=DIRECTION('',(0.E0,0.E0,1.E0));
#1653=DIRECTION('',(8.982944762292E-1,-4.393939393939E-1,0.E0));
#1654=AXIS2_PLACEMENT_3D('',#1651,#1652,#1653);
#1656=DIRECTION('',(0.E0,0.E0,-1.E0));
#1657=VECTOR('',#1656,5.12E-1);
#1658=CARTESIAN_POINT('',(2.3125E0,-6.2E-2,4.65E-1));
#1659=LINE('',#1658,#1657);
#1660=DIRECTION('',(0.E0,0.E0,-1.E0));
#1661=VECTOR('',#1660,3.25E-1);
#1662=CARTESIAN_POINT('',(2.2125E0,-6.2E-2,4.65E-1));
#1663=LINE('',#1662,#1661);
#1664=DIRECTION('',(1.E0,0.E0,0.E0));
#1665=VECTOR('',#1664,5.E-2);
#1666=CARTESIAN_POINT('',(2.1625E0,-6.2E-2,1.4E-1));
#1667=LINE('',#1666,#1665);
#1668=CARTESIAN_POINT('',(2.2125E0,-2.37E-1,1.6E-1));
#1669=DIRECTION('',(-1.E0,0.E0,0.E0));
#1670=DIRECTION('',(0.E0,0.E0,-1.E0));
#1671=AXIS2_PLACEMENT_3D('',#1668,#1669,#1670);
#1673=DIRECTION('',(0.E0,0.E0,-1.E0));
#1674=VECTOR('',#1673,3.05E-1);
#1675=CARTESIAN_POINT('',(2.2125E0,-2.57E-1,4.65E-1));
#1676=LINE('',#1675,#1674);
#1677=DIRECTION('',(1.E0,0.E0,0.E0));
#1678=VECTOR('',#1677,2.1E0);
#1679=CARTESIAN_POINT('',(1.125E-1,-2.37E-1,1.4E-1));
#1680=LINE('',#1679,#1678);
#1681=DIRECTION('',(-1.E0,0.E0,0.E0));
#1682=VECTOR('',#1681,2.1E0);
#1683=CARTESIAN_POINT('',(2.2125E0,-2.57E-1,1.6E-1));
#1684=LINE('',#1683,#1682);
#1685=DIRECTION('',(-1.E0,0.E0,0.E0));
#1686=VECTOR('',#1685,2.1E0);
#1687=CARTESIAN_POINT('',(2.2125E0,-2.57E-1,4.65E-1));
#1688=LINE('',#1687,#1686);
#1689=DIRECTION('',(0.E0,0.E0,-1.E0));
#1690=VECTOR('',#1689,3.05E-1);
#1691=CARTESIAN_POINT('',(1.125E-1,-2.57E-1,4.65E-1));
#1692=LINE('',#1691,#1690);
#1693=CARTESIAN_POINT('',(1.125E-1,-2.37E-1,1.6E-1));
#1694=DIRECTION('',(1.E0,0.E0,0.E0));
#1695=DIRECTION('',(0.E0,-1.E0,0.E0));
#1696=AXIS2_PLACEMENT_3D('',#1693,#1694,#1695);
#1698=DIRECTION('',(0.E0,0.E0,1.E0));
#1699=VECTOR('',#1698,1.87E-1);
#1700=CARTESIAN_POINT('',(1.625E-1,-6.2E-2,-4.7E-2));
#1701=LINE('',#1700,#1699);
#1702=DIRECTION('',(-1.E0,0.E0,0.E0));
#1703=VECTOR('',#1702,5.E-2);
#1704=CARTESIAN_POINT('',(1.625E-1,-6.2E-2,1.4E-1));
#1705=LINE('',#1704,#1703);
#1706=DIRECTION('',(0.E0,0.E0,-1.E0));
#1707=VECTOR('',#1706,3.25E-1);
#1708=CARTESIAN_POINT('',(1.125E-1,-6.2E-2,4.65E-1));
#1709=LINE('',#1708,#1707);
#1710=DIRECTION('',(0.E0,0.E0,-1.E0));
#1711=VECTOR('',#1710,5.12E-1);
#1712=CARTESIAN_POINT('',(1.25E-2,-6.2E-2,4.65E-1));
#1713=LINE('',#1712,#1711);
#1714=DIRECTION('',(0.E0,1.E0,0.E0));
#1715=VECTOR('',#1714,2.64E-1);
#1716=CARTESIAN_POINT('',(1.625E-1,-6.2E-2,1.4E-1));
#1717=LINE('',#1716,#1715);
#1718=DIRECTION('',(0.E0,1.E0,0.E0));
#1719=VECTOR('',#1718,2.64E-1);
#1720=CARTESIAN_POINT('',(1.625E-1,-6.2E-2,-4.7E-2));
#1721=LINE('',#1720,#1719);
#1722=DIRECTION('',(1.E0,0.E0,0.E0));
#1723=VECTOR('',#1722,1.5E-1);
#1724=CARTESIAN_POINT('',(1.25E-2,-6.2E-2,-4.7E-2));
#1725=LINE('',#1724,#1723);
#1726=CARTESIAN_POINT('',(1.25E-2,7.E-2,-4.7E-2));
#1727=DIRECTION('',(0.E0,0.E0,1.E0));
#1728=DIRECTION('',(-8.982944762292E-1,-4.393939393939E-1,0.E0));
#1729=AXIS2_PLACEMENT_3D('',#1726,#1727,#1728);
#1731=DIRECTION('',(1.E0,0.E0,0.E0));
#1732=VECTOR('',#1731,2.335748708623E-1);
#1733=CARTESIAN_POINT('',(-1.060748708623E-1,1.2E-2,-4.7E-2));
#1734=LINE('',#1733,#1732);
#1735=DIRECTION('',(0.E0,-1.E0,0.E0));
#1736=VECTOR('',#1735,1.9E-1);
#1737=CARTESIAN_POINT('',(1.275E-1,2.02E-1,-4.7E-2));
#1738=LINE('',#1737,#1736);
#1739=DIRECTION('',(-1.E0,0.E0,0.E0));
#1740=VECTOR('',#1739,3.5E-2);
#1741=CARTESIAN_POINT('',(1.625E-1,2.02E-1,-4.7E-2));
#1742=LINE('',#1741,#1740);
#1743=CARTESIAN_POINT('',(1.25E-2,7.E-2,-4.7E-2));
#1744=DIRECTION('',(0.E0,0.E0,1.E0));
#1745=DIRECTION('',(0.E0,1.E0,0.E0));
#1746=AXIS2_PLACEMENT_3D('',#1743,#1744,#1745);
#1748=DIRECTION('',(0.E0,0.E0,-1.E0));
#1749=VECTOR('',#1748,5.12E-1);
#1750=CARTESIAN_POINT('',(1.25E-2,2.02E-1,4.65E-1));
#1751=LINE('',#1750,#1749);
#1752=DIRECTION('',(-1.E0,0.E0,0.E0));
#1753=VECTOR('',#1752,5.642512913775E-2);
#1754=CARTESIAN_POINT('',(-1.060748708623E-1,1.2E-2,-4.7E-2));
#1755=LINE('',#1754,#1753);
#1756=DIRECTION('',(0.E0,-1.E0,0.E0));
#1757=VECTOR('',#1756,8.5E-2);
#1758=CARTESIAN_POINT('',(1.275E-1,2.87E-1,-4.7E-2));
#1759=LINE('',#1758,#1757);
#1760=DIRECTION('',(0.E0,1.E0,0.E0));
#1761=VECTOR('',#1760,2.2E-1);
#1762=CARTESIAN_POINT('',(-1.625E-1,-2.08E-1,-4.13E-1));
#1763=LINE('',#1762,#1761);
#1764=DIRECTION('',(0.E0,0.E0,1.E0));
#1765=VECTOR('',#1764,3.66E-1);
#1766=CARTESIAN_POINT('',(-1.625E-1,1.2E-2,-4.13E-1));
#1767=LINE('',#1766,#1765);
#1768=DIRECTION('',(0.E0,-1.E0,0.E0));
#1769=VECTOR('',#1768,2.75E-1);
#1770=CARTESIAN_POINT('',(-1.625E-1,2.87E-1,-4.7E-2));
#1771=LINE('',#1770,#1769);
#1772=DIRECTION('',(0.E0,0.E0,1.E0));
#1773=VECTOR('',#1772,5.12E-1);
#1774=CARTESIAN_POINT('',(-1.625E-1,2.87E-1,-4.7E-2));
#1775=LINE('',#1774,#1773);
#1776=DIRECTION('',(0.E0,1.E0,0.E0));
#1777=VECTOR('',#1776,7.9E-2);
#1778=CARTESIAN_POINT('',(-1.625E-1,-2.87E-1,8.E-2));
#1779=LINE('',#1778,#1777);
#1780=DIRECTION('',(0.E0,0.E0,1.E0));
#1781=VECTOR('',#1780,4.93E-1);
#1782=CARTESIAN_POINT('',(-1.625E-1,-2.08E-1,-4.13E-1));
#1783=LINE('',#1782,#1781);
#1784=CARTESIAN_POINT('',(-1.105E-1,1.2E-2,-4.13E-1));
#1785=DIRECTION('',(0.E0,1.E0,0.E0));
#1786=DIRECTION('',(0.E0,0.E0,-1.E0));
#1787=AXIS2_PLACEMENT_3D('',#1784,#1785,#1786);
#1789=DIRECTION('',(0.E0,0.E0,1.E0));
#1790=VECTOR('',#1789,4.18E-1);
#1791=CARTESIAN_POINT('',(1.275E-1,1.2E-2,-4.65E-1));
#1792=LINE('',#1791,#1790);
#1793=DIRECTION('',(0.E0,0.E0,1.E0));
#1794=VECTOR('',#1793,1.87E-1);
#1795=CARTESIAN_POINT('',(1.625E-1,2.02E-1,-4.7E-2));
#1796=LINE('',#1795,#1794);
#1797=DIRECTION('',(1.E0,0.E0,0.E0));
#1798=VECTOR('',#1797,1.15E-1);
#1799=CARTESIAN_POINT('',(1.25E-2,2.02E-1,-4.7E-2));
#1800=LINE('',#1799,#1798);
#1801=DIRECTION('',(0.E0,0.E0,-1.E0));
#1802=VECTOR('',#1801,3.25E-1);
#1803=CARTESIAN_POINT('',(1.125E-1,2.02E-1,4.65E-1));
#1804=LINE('',#1803,#1802);
#1805=DIRECTION('',(-1.E0,0.E0,0.E0));
#1806=VECTOR('',#1805,5.E-2);
#1807=CARTESIAN_POINT('',(1.625E-1,2.02E-1,1.4E-1));
#1808=LINE('',#1807,#1806);
#1809=CARTESIAN_POINT('',(1.125E-1,2.37E-1,1.6E-1));
#1810=DIRECTION('',(1.E0,0.E0,0.E0));
#1811=DIRECTION('',(0.E0,0.E0,-1.E0));
#1812=AXIS2_PLACEMENT_3D('',#1809,#1810,#1811);
#1814=DIRECTION('',(0.E0,0.E0,-1.E0));
#1815=VECTOR('',#1814,3.05E-1);
#1816=CARTESIAN_POINT('',(1.125E-1,2.57E-1,4.65E-1));
#1817=LINE('',#1816,#1815);
#1818=CARTESIAN_POINT('',(2.4355E0,1.2E-2,-4.13E-1));
#1819=DIRECTION('',(0.E0,1.E0,0.E0));
#1820=DIRECTION('',(1.E0,0.E0,0.E0));
#1821=AXIS2_PLACEMENT_3D('',#1818,#1819,#1820);
#1823=DIRECTION('',(0.E0,-1.354563458276E-1,-9.907833155514E-1));
#1824=VECTOR('',#1823,3.229767750196E-1);
#1825=CARTESIAN_POINT('',(3.46E-1,-1.018E-1,4.6E-1));
#1826=LINE('',#1825,#1824);
#1827=DIRECTION('',(0.E0,-1.E0,0.E0));
#1828=VECTOR('',#1827,2.06E-1);
#1829=CARTESIAN_POINT('',(3.46E-1,1.042E-1,4.6E-1));
#1830=LINE('',#1829,#1828);
#1831=DIRECTION('',(0.E0,-1.354563458276E-1,9.907833155514E-1));
#1832=VECTOR('',#1831,3.229767750196E-1);
#1833=CARTESIAN_POINT('',(3.46E-1,1.479492537313E-1,1.4E-1));
#1834=LINE('',#1833,#1832);
#1835=DIRECTION('',(-1.E0,0.E0,0.E0));
#1836=VECTOR('',#1835,3.399999999999E-3);
#1837=CARTESIAN_POINT('',(3.324E-1,-1.476E-1,1.25E-1));
#1838=LINE('',#1837,#1836);
#1839=DIRECTION('',(0.E0,1.E0,0.E0));
#1840=VECTOR('',#1839,1.04E-2);
#1841=CARTESIAN_POINT('',(3.324E-1,-1.58E-1,1.25E-1));
#1842=LINE('',#1841,#1840);
#1843=DIRECTION('',(0.E0,-1.354563458276E-1,-9.907833155514E-1));
#1844=VECTOR('',#1843,1.513953632904E-2);
#1845=CARTESIAN_POINT('',(3.324E-1,-1.455492537313E-1,1.4E-1));
#1846=LINE('',#1845,#1844);
#1847=DIRECTION('',(0.E0,1.E0,0.E0));
#1848=VECTOR('',#1847,1.04E-2);
#1849=CARTESIAN_POINT('',(3.29E-1,-1.58E-1,1.25E-1));
#1850=LINE('',#1849,#1848);
#1851=DIRECTION('',(0.E0,0.E0,-1.E0));
#1852=VECTOR('',#1851,1.8E-1);
#1853=CARTESIAN_POINT('',(3.29E-1,-1.58E-1,1.25E-1));
#1854=LINE('',#1853,#1852);
#1855=DIRECTION('',(-1.E0,0.E0,0.E0));
#1856=VECTOR('',#1855,3.399999999999E-3);
#1857=CARTESIAN_POINT('',(3.324E-1,-1.58E-1,1.25E-1));
#1858=LINE('',#1857,#1856);
#1859=DIRECTION('',(0.E0,0.E0,1.E0));
#1860=VECTOR('',#1859,1.5E-2);
#1861=CARTESIAN_POINT('',(3.324E-1,-1.58E-1,1.25E-1));
#1862=LINE('',#1861,#1860);
#1863=DIRECTION('',(-1.E0,0.E0,0.E0));
#1864=VECTOR('',#1863,8.98E-2);
#1865=CARTESIAN_POINT('',(3.324E-1,-1.58E-1,1.4E-1));
#1866=LINE('',#1865,#1864);
#1867=DIRECTION('',(1.E0,0.E0,0.E0));
#1868=VECTOR('',#1867,3.399999999999E-3);
#1869=CARTESIAN_POINT('',(2.426E-1,-1.58E-1,1.25E-1));
#1870=LINE('',#1869,#1868);
#1871=DIRECTION('',(0.E0,0.E0,-1.E0));
#1872=VECTOR('',#1871,1.8E-1);
#1873=CARTESIAN_POINT('',(2.46E-1,-1.58E-1,1.25E-1));
#1874=LINE('',#1873,#1872);
#1875=DIRECTION('',(1.E0,0.E0,0.E0));
#1876=VECTOR('',#1875,8.3E-2);
#1877=CARTESIAN_POINT('',(2.46E-1,-1.58E-1,-5.5E-2));
#1878=LINE('',#1877,#1876);
#1879=DIRECTION('',(0.E0,0.E0,1.E0));
#1880=VECTOR('',#1879,7.25E-2);
#1881=CARTESIAN_POINT('',(3.29E-1,-1.68E-1,-1.275E-1));
#1882=LINE('',#1881,#1880);
#1883=DIRECTION('',(0.E0,0.E0,1.E0));
#1884=VECTOR('',#1883,2.5E-2);
#1885=CARTESIAN_POINT('',(3.29E-1,-3.43E-1,-1.525E-1));
#1886=LINE('',#1885,#1884);
#1887=DIRECTION('',(0.E0,0.E0,1.E0));
#1888=VECTOR('',#1887,7.5E-2);
#1889=CARTESIAN_POINT('',(3.29E-1,-1.68E-1,-2.275E-1));
#1890=LINE('',#1889,#1888);
#1891=DIRECTION('',(0.E0,0.E0,1.E0));
#1892=VECTOR('',#1891,2.5E-2);
#1893=CARTESIAN_POINT('',(3.29E-1,-3.43E-1,-2.525E-1));
#1894=LINE('',#1893,#1892);
#1895=DIRECTION('',(0.E0,0.E0,1.E0));
#1896=VECTOR('',#1895,7.5E-2);
#1897=CARTESIAN_POINT('',(3.29E-1,-1.68E-1,-3.275E-1));
#1898=LINE('',#1897,#1896);
#1899=DIRECTION('',(0.E0,0.E0,1.E0));
#1900=VECTOR('',#1899,2.5E-2);
#1901=CARTESIAN_POINT('',(3.29E-1,-3.43E-1,-3.525E-1));
#1902=LINE('',#1901,#1900);
#1903=DIRECTION('',(0.E0,0.E0,1.E0));
#1904=VECTOR('',#1903,7.5E-2);
#1905=CARTESIAN_POINT('',(3.29E-1,-1.68E-1,-4.275E-1));
#1906=LINE('',#1905,#1904);
#1907=DIRECTION('',(0.E0,0.E0,1.E0));
#1908=VECTOR('',#1907,2.5E-2);
#1909=CARTESIAN_POINT('',(3.29E-1,-3.43E-1,-4.525E-1));
#1910=LINE('',#1909,#1908);
#1911=DIRECTION('',(0.E0,0.E0,1.E0));
#1912=VECTOR('',#1911,5.775E-1);
#1913=CARTESIAN_POINT('',(3.29E-1,1.53E-1,-4.525E-1));
#1914=LINE('',#1913,#1912);
#1915=DIRECTION('',(0.E0,-1.354563458276E-1,9.907833155514E-1));
#1916=VECTOR('',#1915,3.381163113486E-1);
#1917=CARTESIAN_POINT('',(3.29E-1,1.5E-1,1.25E-1));
#1918=LINE('',#1917,#1916);
#1919=DIRECTION('',(0.E0,-1.E0,0.E0));
#1920=VECTOR('',#1919,2.06E-1);
#1921=CARTESIAN_POINT('',(3.29E-1,1.042E-1,4.6E-1));
#1922=LINE('',#1921,#1920);
#1923=DIRECTION('',(0.E0,-1.354563458276E-1,-9.907833155514E-1));
#1924=VECTOR('',#1923,3.381163113486E-1);
#1925=CARTESIAN_POINT('',(3.29E-1,-1.018E-1,4.6E-1));
#1926=LINE('',#1925,#1924);
#1927=DIRECTION('',(0.E0,1.E0,0.E0));
#1928=VECTOR('',#1927,1.E-2);
#1929=CARTESIAN_POINT('',(3.29E-1,-1.68E-1,-5.5E-2));
#1930=LINE('',#1929,#1928);
#1931=DIRECTION('',(0.E0,1.E0,0.E0));
#1932=VECTOR('',#1931,1.E-2);
#1933=CARTESIAN_POINT('',(2.46E-1,-1.68E-1,-5.5E-2));
#1934=LINE('',#1933,#1932);
#1935=DIRECTION('',(0.E0,1.E0,0.E0));
#1936=VECTOR('',#1935,4.E-2);
#1937=CARTESIAN_POINT('',(2.075E-1,-2.08E-1,-5.5E-2));
#1938=LINE('',#1937,#1936);
#1939=DIRECTION('',(1.E0,0.E0,0.E0));
#1940=VECTOR('',#1939,1.6E-1);
#1941=CARTESIAN_POINT('',(2.075E-1,-2.08E-1,-5.5E-2));
#1942=LINE('',#1941,#1940);
#1943=DIRECTION('',(0.E0,-1.E0,0.E0));
#1944=VECTOR('',#1943,4.E-2);
#1945=CARTESIAN_POINT('',(3.675E-1,-1.68E-1,-5.5E-2));
#1946=LINE('',#1945,#1944);
#1947=DIRECTION('',(0.E0,1.354563458276E-1,9.907833155514E-1));
#1948=VECTOR('',#1947,3.381163113486E-1);
#1949=CARTESIAN_POINT('',(2.46E-1,-1.476E-1,1.25E-1));
#1950=LINE('',#1949,#1948);
#1951=DIRECTION('',(0.E0,1.E0,0.E0));
#1952=VECTOR('',#1951,2.06E-1);
#1953=CARTESIAN_POINT('',(2.46E-1,-1.018E-1,4.6E-1));
#1954=LINE('',#1953,#1952);
#1955=DIRECTION('',(0.E0,1.354563458276E-1,-9.907833155514E-1));
#1956=VECTOR('',#1955,3.381163113486E-1);
#1957=CARTESIAN_POINT('',(2.46E-1,1.042E-1,4.6E-1));
#1958=LINE('',#1957,#1956);
#1959=DIRECTION('',(0.E0,0.E0,1.E0));
#1960=VECTOR('',#1959,5.775E-1);
#1961=CARTESIAN_POINT('',(2.46E-1,1.53E-1,-4.525E-1));
#1962=LINE('',#1961,#1960);
#1963=DIRECTION('',(0.E0,0.E0,1.E0));
#1964=VECTOR('',#1963,7.5E-2);
#1965=CARTESIAN_POINT('',(2.46E-1,-1.68E-1,-4.275E-1));
#1966=LINE('',#1965,#1964);
#1967=DIRECTION('',(0.E0,0.E0,1.E0));
#1968=VECTOR('',#1967,7.5E-2);
#1969=CARTESIAN_POINT('',(2.46E-1,-1.68E-1,-3.275E-1));
#1970=LINE('',#1969,#1968);
#1971=DIRECTION('',(0.E0,0.E0,1.E0));
#1972=VECTOR('',#1971,7.5E-2);
#1973=CARTESIAN_POINT('',(2.46E-1,-1.68E-1,-2.275E-1));
#1974=LINE('',#1973,#1972);
#1975=DIRECTION('',(0.E0,0.E0,1.E0));
#1976=VECTOR('',#1975,7.25E-2);
#1977=CARTESIAN_POINT('',(2.46E-1,-1.68E-1,-1.275E-1));
#1978=LINE('',#1977,#1976);
#1979=DIRECTION('',(1.E0,0.E0,0.E0));
#1980=VECTOR('',#1979,3.399999999999E-3);
#1981=CARTESIAN_POINT('',(2.426E-1,-1.476E-1,1.25E-1));
#1982=LINE('',#1981,#1980);
#1983=DIRECTION('',(0.E0,-1.E0,0.E0));
#1984=VECTOR('',#1983,1.04E-2);
#1985=CARTESIAN_POINT('',(2.46E-1,-1.476E-1,1.25E-1));
#1986=LINE('',#1985,#1984);
#1987=DIRECTION('',(0.E0,1.E0,0.E0));
#1988=VECTOR('',#1987,1.04E-2);
#1989=CARTESIAN_POINT('',(2.426E-1,-1.58E-1,1.25E-1));
#1990=LINE('',#1989,#1988);
#1991=DIRECTION('',(0.E0,0.E0,1.E0));
#1992=VECTOR('',#1991,1.5E-2);
#1993=CARTESIAN_POINT('',(2.426E-1,-1.58E-1,1.25E-1));
#1994=LINE('',#1993,#1992);
#1995=DIRECTION('',(0.E0,-1.354563458276E-1,-9.907833155514E-1));
#1996=VECTOR('',#1995,1.513953632904E-2);
#1997=CARTESIAN_POINT('',(2.426E-1,-1.455492537313E-1,1.4E-1));
#1998=LINE('',#1997,#1996);
#1999=DIRECTION('',(1.E0,0.E0,0.E0));
#2000=VECTOR('',#1999,1.7E-2);
#2001=CARTESIAN_POINT('',(2.29E-1,-1.018E-1,4.6E-1));
#2002=LINE('',#2001,#2000);
#2003=DIRECTION('',(0.E0,1.354563458276E-1,-9.907833155514E-1));
#2004=VECTOR('',#2003,3.229767750196E-1);
#2005=CARTESIAN_POINT('',(2.29E-1,1.042E-1,4.6E-1));
#2006=LINE('',#2005,#2004);
#2007=DIRECTION('',(0.E0,1.E0,0.E0));
#2008=VECTOR('',#2007,2.06E-1);
#2009=CARTESIAN_POINT('',(2.29E-1,-1.018E-1,4.6E-1));
#2010=LINE('',#2009,#2008);
#2011=DIRECTION('',(0.E0,1.354563458276E-1,9.907833155514E-1));
#2012=VECTOR('',#2011,3.229767750196E-1);
#2013=CARTESIAN_POINT('',(2.29E-1,-1.455492537313E-1,1.4E-1));
#2014=LINE('',#2013,#2012);
#2015=DIRECTION('',(1.E0,0.E0,0.E0));
#2016=VECTOR('',#2015,3.399999999999E-3);
#2017=CARTESIAN_POINT('',(2.426E-1,1.5E-1,1.25E-1));
#2018=LINE('',#2017,#2016);
#2019=DIRECTION('',(0.E0,1.E0,0.E0));
#2020=VECTOR('',#2019,3.21E-1);
#2021=CARTESIAN_POINT('',(2.426E-1,-1.68E-1,-4.525E-1));
#2022=LINE('',#2021,#2020);
#2023=DIRECTION('',(0.E0,0.E0,1.E0));
#2024=VECTOR('',#2023,5.775E-1);
#2025=CARTESIAN_POINT('',(2.426E-1,1.53E-1,-4.525E-1));
#2026=LINE('',#2025,#2024);
#2027=DIRECTION('',(0.E0,1.E0,0.E0));
#2028=VECTOR('',#2027,3.E-3);
#2029=CARTESIAN_POINT('',(2.426E-1,1.5E-1,1.25E-1));
#2030=LINE('',#2029,#2028);
#2031=DIRECTION('',(0.E0,1.354563458276E-1,-9.907833155514E-1));
#2032=VECTOR('',#2031,1.513953632904E-2);
#2033=CARTESIAN_POINT('',(2.426E-1,1.479492537313E-1,1.4E-1));
#2034=LINE('',#2033,#2032);
#2035=DIRECTION('',(0.E0,-1.E0,0.E0));
#2036=VECTOR('',#2035,3.8E-1);
#2037=CARTESIAN_POINT('',(2.426E-1,2.12E-1,-4.65E-1));
#2038=LINE('',#2037,#2036);
#2039=DIRECTION('',(0.E0,0.E0,1.E0));
#2040=VECTOR('',#2039,1.25E-2);
#2041=CARTESIAN_POINT('',(2.426E-1,-1.68E-1,-4.65E-1));
#2042=LINE('',#2041,#2040);
#2043=DIRECTION('',(0.E0,-1.E0,0.E0));
#2044=VECTOR('',#2043,1.75E-1);
#2045=CARTESIAN_POINT('',(2.29E-1,-1.68E-1,-4.525E-1));
#2046=LINE('',#2045,#2044);
#2047=DIRECTION('',(1.E0,0.E0,0.E0));
#2048=VECTOR('',#2047,1.7E-2);
#2049=CARTESIAN_POINT('',(2.29E-1,-3.43E-1,-4.525E-1));
#2050=LINE('',#2049,#2048);
#2051=DIRECTION('',(0.E0,-1.E0,0.E0));
#2052=VECTOR('',#2051,4.96E-1);
#2053=CARTESIAN_POINT('',(2.46E-1,1.53E-1,-4.525E-1));
#2054=LINE('',#2053,#2052);
#2055=DIRECTION('',(-1.E0,0.E0,0.E0));
#2056=VECTOR('',#2055,3.399999999999E-3);
#2057=CARTESIAN_POINT('',(2.46E-1,1.53E-1,-4.525E-1));
#2058=LINE('',#2057,#2056);
#2059=DIRECTION('',(1.E0,0.E0,0.E0));
#2060=VECTOR('',#2059,1.7E-2);
#2061=CARTESIAN_POINT('',(2.29E-1,-1.68E-1,-1.525E-1));
#2062=LINE('',#2061,#2060);
#2063=DIRECTION('',(-1.E0,0.E0,0.E0));
#2064=VECTOR('',#2063,1.7E-2);
#2065=CARTESIAN_POINT('',(2.46E-1,-1.68E-1,-2.275E-1));
#2066=LINE('',#2065,#2064);
#2067=DIRECTION('',(0.E0,0.E0,-1.E0));
#2068=VECTOR('',#2067,2.5E-2);
#2069=CARTESIAN_POINT('',(2.29E-1,-1.68E-1,-2.275E-1));
#2070=LINE('',#2069,#2068);
#2071=DIRECTION('',(1.E0,0.E0,0.E0));
#2072=VECTOR('',#2071,1.7E-2);
#2073=CARTESIAN_POINT('',(2.29E-1,-1.68E-1,-2.525E-1));
#2074=LINE('',#2073,#2072);
#2075=DIRECTION('',(-1.E0,0.E0,0.E0));
#2076=VECTOR('',#2075,1.7E-2);
#2077=CARTESIAN_POINT('',(2.46E-1,-1.68E-1,-3.275E-1));
#2078=LINE('',#2077,#2076);
#2079=DIRECTION('',(0.E0,0.E0,-1.E0));
#2080=VECTOR('',#2079,2.5E-2);
#2081=CARTESIAN_POINT('',(2.29E-1,-1.68E-1,-3.275E-1));
#2082=LINE('',#2081,#2080);
#2083=DIRECTION('',(1.E0,0.E0,0.E0));
#2084=VECTOR('',#2083,1.7E-2);
#2085=CARTESIAN_POINT('',(2.29E-1,-1.68E-1,-3.525E-1));
#2086=LINE('',#2085,#2084);
#2087=DIRECTION('',(-1.E0,0.E0,0.E0));
#2088=VECTOR('',#2087,1.7E-2);
#2089=CARTESIAN_POINT('',(2.46E-1,-1.68E-1,-4.275E-1));
#2090=LINE('',#2089,#2088);
#2091=DIRECTION('',(0.E0,0.E0,-1.E0));
#2092=VECTOR('',#2091,2.5E-2);
#2093=CARTESIAN_POINT('',(2.29E-1,-1.68E-1,-4.275E-1));
#2094=LINE('',#2093,#2092);
#2095=DIRECTION('',(-1.E0,0.E0,0.E0));
#2096=VECTOR('',#2095,1.36E-2);
#2097=CARTESIAN_POINT('',(2.426E-1,-1.68E-1,-4.525E-1));
#2098=LINE('',#2097,#2096);
#2099=DIRECTION('',(0.E0,0.E0,1.E0));
#2100=VECTOR('',#2099,4.1E-1);
#2101=CARTESIAN_POINT('',(2.075E-1,-1.68E-1,-4.65E-1));
#2102=LINE('',#2101,#2100);
#2103=DIRECTION('',(1.E0,0.E0,0.E0));
#2104=VECTOR('',#2103,3.85E-2);
#2105=CARTESIAN_POINT('',(2.075E-1,-1.68E-1,-5.5E-2));
#2106=LINE('',#2105,#2104);
#2107=DIRECTION('',(-1.E0,0.E0,0.E0));
#2108=VECTOR('',#2107,1.7E-2);
#2109=CARTESIAN_POINT('',(2.46E-1,-1.68E-1,-1.275E-1));
#2110=LINE('',#2109,#2108);
#2111=DIRECTION('',(0.E0,0.E0,-1.E0));
#2112=VECTOR('',#2111,2.5E-2);
#2113=CARTESIAN_POINT('',(2.29E-1,-1.68E-1,-1.275E-1));
#2114=LINE('',#2113,#2112);
#2115=DIRECTION('',(0.E0,-1.E0,0.E0));
#2116=VECTOR('',#2115,1.75E-1);
#2117=CARTESIAN_POINT('',(2.29E-1,-1.68E-1,-1.525E-1));
#2118=LINE('',#2117,#2116);
#2119=DIRECTION('',(1.E0,0.E0,0.E0));
#2120=VECTOR('',#2119,1.7E-2);
#2121=CARTESIAN_POINT('',(2.29E-1,-3.43E-1,-1.525E-1));
#2122=LINE('',#2121,#2120);
#2123=DIRECTION('',(0.E0,1.E0,0.E0));
#2124=VECTOR('',#2123,1.75E-1);
#2125=CARTESIAN_POINT('',(2.46E-1,-3.43E-1,-1.525E-1));
#2126=LINE('',#2125,#2124);
#2127=DIRECTION('',(0.E0,-1.E0,0.E0));
#2128=VECTOR('',#2127,1.75E-1);
#2129=CARTESIAN_POINT('',(2.46E-1,-1.68E-1,-1.275E-1));
#2130=LINE('',#2129,#2128);
#2131=DIRECTION('',(0.E0,1.E0,0.E0));
#2132=VECTOR('',#2131,1.75E-1);
#2133=CARTESIAN_POINT('',(2.29E-1,-3.43E-1,-1.275E-1));
#2134=LINE('',#2133,#2132);
#2135=DIRECTION('',(1.E0,0.E0,0.E0));
#2136=VECTOR('',#2135,1.7E-2);
#2137=CARTESIAN_POINT('',(2.29E-1,-3.43E-1,-1.275E-1));
#2138=LINE('',#2137,#2136);
#2139=DIRECTION('',(0.E0,0.E0,1.E0));
#2140=VECTOR('',#2139,2.5E-2);
#2141=CARTESIAN_POINT('',(2.46E-1,-3.43E-1,-1.525E-1));
#2142=LINE('',#2141,#2140);
#2143=DIRECTION('',(0.E0,0.E0,1.E0));
#2144=VECTOR('',#2143,2.5E-2);
#2145=CARTESIAN_POINT('',(2.29E-1,-3.43E-1,-1.525E-1));
#2146=LINE('',#2145,#2144);
#2147=DIRECTION('',(0.E0,-1.E0,0.E0));
#2148=VECTOR('',#2147,1.75E-1);
#2149=CARTESIAN_POINT('',(2.46E-1,-1.68E-1,-2.275E-1));
#2150=LINE('',#2149,#2148);
#2151=DIRECTION('',(0.E0,1.E0,0.E0));
#2152=VECTOR('',#2151,1.75E-1);
#2153=CARTESIAN_POINT('',(2.29E-1,-3.43E-1,-2.275E-1));
#2154=LINE('',#2153,#2152);
#2155=DIRECTION('',(1.E0,0.E0,0.E0));
#2156=VECTOR('',#2155,1.7E-2);
#2157=CARTESIAN_POINT('',(2.29E-1,-3.43E-1,-2.275E-1));
#2158=LINE('',#2157,#2156);
#2159=DIRECTION('',(0.E0,0.E0,1.E0));
#2160=VECTOR('',#2159,2.5E-2);
#2161=CARTESIAN_POINT('',(2.46E-1,-3.43E-1,-2.525E-1));
#2162=LINE('',#2161,#2160);
#2163=DIRECTION('',(0.E0,0.E0,1.E0));
#2164=VECTOR('',#2163,2.5E-2);
#2165=CARTESIAN_POINT('',(2.29E-1,-3.43E-1,-2.525E-1));
#2166=LINE('',#2165,#2164);
#2167=DIRECTION('',(0.E0,-1.E0,0.E0));
#2168=VECTOR('',#2167,1.75E-1);
#2169=CARTESIAN_POINT('',(2.29E-1,-1.68E-1,-2.525E-1));
#2170=LINE('',#2169,#2168);
#2171=DIRECTION('',(1.E0,0.E0,0.E0));
#2172=VECTOR('',#2171,1.7E-2);
#2173=CARTESIAN_POINT('',(2.29E-1,-3.43E-1,-2.525E-1));
#2174=LINE('',#2173,#2172);
#2175=DIRECTION('',(0.E0,1.E0,0.E0));
#2176=VECTOR('',#2175,1.75E-1);
#2177=CARTESIAN_POINT('',(2.46E-1,-3.43E-1,-2.525E-1));
#2178=LINE('',#2177,#2176);
#2179=DIRECTION('',(0.E0,-1.E0,0.E0));
#2180=VECTOR('',#2179,1.75E-1);
#2181=CARTESIAN_POINT('',(2.46E-1,-1.68E-1,-3.275E-1));
#2182=LINE('',#2181,#2180);
#2183=DIRECTION('',(0.E0,1.E0,0.E0));
#2184=VECTOR('',#2183,1.75E-1);
#2185=CARTESIAN_POINT('',(2.29E-1,-3.43E-1,-3.275E-1));
#2186=LINE('',#2185,#2184);
#2187=DIRECTION('',(1.E0,0.E0,0.E0));
#2188=VECTOR('',#2187,1.7E-2);
#2189=CARTESIAN_POINT('',(2.29E-1,-3.43E-1,-3.275E-1));
#2190=LINE('',#2189,#2188);
#2191=DIRECTION('',(0.E0,0.E0,1.E0));
#2192=VECTOR('',#2191,2.5E-2);
#2193=CARTESIAN_POINT('',(2.46E-1,-3.43E-1,-3.525E-1));
#2194=LINE('',#2193,#2192);
#2195=DIRECTION('',(0.E0,0.E0,1.E0));
#2196=VECTOR('',#2195,2.5E-2);
#2197=CARTESIAN_POINT('',(2.29E-1,-3.43E-1,-3.525E-1));
#2198=LINE('',#2197,#2196);
#2199=DIRECTION('',(0.E0,-1.E0,0.E0));
#2200=VECTOR('',#2199,1.75E-1);
#2201=CARTESIAN_POINT('',(2.29E-1,-1.68E-1,-3.525E-1));
#2202=LINE('',#2201,#2200);
#2203=DIRECTION('',(1.E0,0.E0,0.E0));
#2204=VECTOR('',#2203,1.7E-2);
#2205=CARTESIAN_POINT('',(2.29E-1,-3.43E-1,-3.525E-1));
#2206=LINE('',#2205,#2204);
#2207=DIRECTION('',(0.E0,1.E0,0.E0));
#2208=VECTOR('',#2207,1.75E-1);
#2209=CARTESIAN_POINT('',(2.46E-1,-3.43E-1,-3.525E-1));
#2210=LINE('',#2209,#2208);
#2211=DIRECTION('',(0.E0,-1.E0,0.E0));
#2212=VECTOR('',#2211,1.75E-1);
#2213=CARTESIAN_POINT('',(2.46E-1,-1.68E-1,-4.275E-1));
#2214=LINE('',#2213,#2212);
#2215=DIRECTION('',(0.E0,1.E0,0.E0));
#2216=VECTOR('',#2215,1.75E-1);
#2217=CARTESIAN_POINT('',(2.29E-1,-3.43E-1,-4.275E-1));
#2218=LINE('',#2217,#2216);
#2219=DIRECTION('',(1.E0,0.E0,0.E0));
#2220=VECTOR('',#2219,1.7E-2);
#2221=CARTESIAN_POINT('',(2.29E-1,-3.43E-1,-4.275E-1));
#2222=LINE('',#2221,#2220);
#2223=DIRECTION('',(0.E0,0.E0,1.E0));
#2224=VECTOR('',#2223,2.5E-2);
#2225=CARTESIAN_POINT('',(2.46E-1,-3.43E-1,-4.525E-1));
#2226=LINE('',#2225,#2224);
#2227=DIRECTION('',(0.E0,0.E0,1.E0));
#2228=VECTOR('',#2227,2.5E-2);
#2229=CARTESIAN_POINT('',(2.29E-1,-3.43E-1,-4.525E-1));
#2230=LINE('',#2229,#2228);
#2231=DIRECTION('',(-1.E0,0.E0,0.E0));
#2232=VECTOR('',#2231,3.399999999999E-3);
#2233=CARTESIAN_POINT('',(2.46E-1,1.53E-1,1.25E-1));
#2234=LINE('',#2233,#2232);
#2235=DIRECTION('',(0.E0,-1.E0,0.E0));
#2236=VECTOR('',#2235,3.E-3);
#2237=CARTESIAN_POINT('',(2.46E-1,1.53E-1,1.25E-1));
#2238=LINE('',#2237,#2236);
#2239=DIRECTION('',(0.E0,0.E0,1.E0));
#2240=VECTOR('',#2239,6.05E-1);
#2241=CARTESIAN_POINT('',(2.426E-1,2.12E-1,-4.65E-1));
#2242=LINE('',#2241,#2240);
#2243=DIRECTION('',(0.E0,0.E0,-1.E0));
#2244=VECTOR('',#2243,6.05E-1);
#2245=CARTESIAN_POINT('',(3.324E-1,2.12E-1,1.4E-1));
#2246=LINE('',#2245,#2244);
#2247=DIRECTION('',(0.E0,1.E0,0.E0));
#2248=VECTOR('',#2247,3.21E-1);
#2249=CARTESIAN_POINT('',(3.324E-1,-1.68E-1,-4.525E-1));
#2250=LINE('',#2249,#2248);
#2251=DIRECTION('',(0.E0,0.E0,1.E0));
#2252=VECTOR('',#2251,1.25E-2);
#2253=CARTESIAN_POINT('',(3.324E-1,-1.68E-1,-4.65E-1));
#2254=LINE('',#2253,#2252);
#2255=DIRECTION('',(0.E0,1.E0,0.E0));
#2256=VECTOR('',#2255,3.8E-1);
#2257=CARTESIAN_POINT('',(3.324E-1,-1.68E-1,-4.65E-1));
#2258=LINE('',#2257,#2256);
#2259=DIRECTION('',(0.E0,1.354563458276E-1,-9.907833155514E-1));
#2260=VECTOR('',#2259,1.513953632904E-2);
#2261=CARTESIAN_POINT('',(3.324E-1,1.479492537313E-1,1.4E-1));
#2262=LINE('',#2261,#2260);
#2263=DIRECTION('',(0.E0,1.E0,0.E0));
#2264=VECTOR('',#2263,3.E-3);
#2265=CARTESIAN_POINT('',(3.324E-1,1.5E-1,1.25E-1));
#2266=LINE('',#2265,#2264);
#2267=DIRECTION('',(0.E0,0.E0,1.E0));
#2268=VECTOR('',#2267,5.775E-1);
#2269=CARTESIAN_POINT('',(3.324E-1,1.53E-1,-4.525E-1));
#2270=LINE('',#2269,#2268);
#2271=DIRECTION('',(0.E0,1.E0,0.E0));
#2272=VECTOR('',#2271,4.96E-1);
#2273=CARTESIAN_POINT('',(3.29E-1,-3.43E-1,-4.525E-1));
#2274=LINE('',#2273,#2272);
#2275=DIRECTION('',(0.E0,1.E0,0.E0));
#2276=VECTOR('',#2275,1.75E-1);
#2277=CARTESIAN_POINT('',(3.46E-1,-3.43E-1,-4.525E-1));
#2278=LINE('',#2277,#2276);
#2279=DIRECTION('',(1.E0,0.E0,1.632680918567E-14));
#2280=VECTOR('',#2279,3.399999999999E-3);
#2281=CARTESIAN_POINT('',(3.29E-1,1.53E-1,-4.525E-1));
#2282=LINE('',#2281,#2280);
#2283=DIRECTION('',(-1.E0,0.E0,0.E0));
#2284=VECTOR('',#2283,3.399999999999E-3);
#2285=CARTESIAN_POINT('',(3.324E-1,1.5E-1,1.25E-1));
#2286=LINE('',#2285,#2284);
#2287=DIRECTION('',(0.E0,1.E0,0.E0));
#2288=VECTOR('',#2287,3.E-3);
#2289=CARTESIAN_POINT('',(3.29E-1,1.5E-1,1.25E-1));
#2290=LINE('',#2289,#2288);
#2291=DIRECTION('',(1.E0,0.E0,0.E0));
#2292=VECTOR('',#2291,3.399999999999E-3);
#2293=CARTESIAN_POINT('',(3.29E-1,1.53E-1,1.25E-1));
#2294=LINE('',#2293,#2292);
#2295=DIRECTION('',(-1.E0,0.E0,0.E0));
#2296=VECTOR('',#2295,1.7E-2);
#2297=CARTESIAN_POINT('',(3.46E-1,1.042E-1,4.6E-1));
#2298=LINE('',#2297,#2296);
#2299=DIRECTION('',(-1.E0,0.E0,0.E0));
#2300=VECTOR('',#2299,1.7E-2);
#2301=CARTESIAN_POINT('',(3.46E-1,-1.018E-1,4.6E-1));
#2302=LINE('',#2301,#2300);
#2303=DIRECTION('',(-1.E0,0.E0,0.E0));
#2304=VECTOR('',#2303,1.7E-2);
#2305=CARTESIAN_POINT('',(3.46E-1,-3.43E-1,-4.525E-1));
#2306=LINE('',#2305,#2304);
#2307=DIRECTION('',(0.E0,-1.E0,0.E0));
#2308=VECTOR('',#2307,1.75E-1);
#2309=CARTESIAN_POINT('',(3.46E-1,-1.68E-1,-4.275E-1));
#2310=LINE('',#2309,#2308);
#2311=DIRECTION('',(-1.E0,0.E0,0.E0));
#2312=VECTOR('',#2311,1.7E-2);
#2313=CARTESIAN_POINT('',(3.46E-1,-3.43E-1,-4.275E-1));
#2314=LINE('',#2313,#2312);
#2315=DIRECTION('',(0.E0,1.E0,0.E0));
#2316=VECTOR('',#2315,1.75E-1);
#2317=CARTESIAN_POINT('',(3.29E-1,-3.43E-1,-4.275E-1));
#2318=LINE('',#2317,#2316);
#2319=DIRECTION('',(-1.E0,0.E0,0.E0));
#2320=VECTOR('',#2319,1.7E-2);
#2321=CARTESIAN_POINT('',(3.46E-1,-1.68E-1,-2.275E-1));
#2322=LINE('',#2321,#2320);
#2323=DIRECTION('',(1.E0,0.E0,0.E0));
#2324=VECTOR('',#2323,1.7E-2);
#2325=CARTESIAN_POINT('',(3.29E-1,-1.68E-1,-1.525E-1));
#2326=LINE('',#2325,#2324);
#2327=DIRECTION('',(0.E0,0.E0,-1.E0));
#2328=VECTOR('',#2327,2.5E-2);
#2329=CARTESIAN_POINT('',(3.46E-1,-1.68E-1,-1.275E-1));
#2330=LINE('',#2329,#2328);
#2331=DIRECTION('',(-1.E0,0.E0,0.E0));
#2332=VECTOR('',#2331,1.7E-2);
#2333=CARTESIAN_POINT('',(3.46E-1,-1.68E-1,-1.275E-1));
#2334=LINE('',#2333,#2332);
#2335=DIRECTION('',(1.E0,0.E0,0.E0));
#2336=VECTOR('',#2335,3.85E-2);
#2337=CARTESIAN_POINT('',(3.29E-1,-1.68E-1,-5.5E-2));
#2338=LINE('',#2337,#2336);
#2339=DIRECTION('',(1.E0,0.E0,0.E0));
#2340=VECTOR('',#2339,1.36E-2);
#2341=CARTESIAN_POINT('',(3.324E-1,-1.68E-1,-4.525E-1));
#2342=LINE('',#2341,#2340);
#2343=DIRECTION('',(0.E0,0.E0,-1.E0));
#2344=VECTOR('',#2343,2.5E-2);
#2345=CARTESIAN_POINT('',(3.46E-1,-1.68E-1,-4.275E-1));
#2346=LINE('',#2345,#2344);
#2347=DIRECTION('',(-1.E0,0.E0,0.E0));
#2348=VECTOR('',#2347,1.7E-2);
#2349=CARTESIAN_POINT('',(3.46E-1,-1.68E-1,-4.275E-1));
#2350=LINE('',#2349,#2348);
#2351=DIRECTION('',(1.E0,0.E0,0.E0));
#2352=VECTOR('',#2351,1.7E-2);
#2353=CARTESIAN_POINT('',(3.29E-1,-1.68E-1,-3.525E-1));
#2354=LINE('',#2353,#2352);
#2355=DIRECTION('',(0.E0,0.E0,-1.E0));
#2356=VECTOR('',#2355,2.5E-2);
#2357=CARTESIAN_POINT('',(3.46E-1,-1.68E-1,-3.275E-1));
#2358=LINE('',#2357,#2356);
#2359=DIRECTION('',(-1.E0,0.E0,0.E0));
#2360=VECTOR('',#2359,1.7E-2);
#2361=CARTESIAN_POINT('',(3.46E-1,-1.68E-1,-3.275E-1));
#2362=LINE('',#2361,#2360);
#2363=DIRECTION('',(1.E0,0.E0,0.E0));
#2364=VECTOR('',#2363,1.7E-2);
#2365=CARTESIAN_POINT('',(3.29E-1,-1.68E-1,-2.525E-1));
#2366=LINE('',#2365,#2364);
#2367=DIRECTION('',(0.E0,0.E0,-1.E0));
#2368=VECTOR('',#2367,2.5E-2);
#2369=CARTESIAN_POINT('',(3.46E-1,-1.68E-1,-2.275E-1));
#2370=LINE('',#2369,#2368);
#2371=DIRECTION('',(0.E0,-1.E0,0.E0));
#2372=VECTOR('',#2371,1.75E-1);
#2373=CARTESIAN_POINT('',(3.46E-1,-1.68E-1,-2.275E-1));
#2374=LINE('',#2373,#2372);
#2375=DIRECTION('',(-1.E0,0.E0,0.E0));
#2376=VECTOR('',#2375,1.7E-2);
#2377=CARTESIAN_POINT('',(3.46E-1,-3.43E-1,-2.275E-1));
#2378=LINE('',#2377,#2376);
#2379=DIRECTION('',(0.E0,1.E0,0.E0));
#2380=VECTOR('',#2379,1.75E-1);
#2381=CARTESIAN_POINT('',(3.29E-1,-3.43E-1,-2.275E-1));
#2382=LINE('',#2381,#2380);
#2383=DIRECTION('',(0.E0,0.E0,1.E0));
#2384=VECTOR('',#2383,2.5E-2);
#2385=CARTESIAN_POINT('',(3.46E-1,-3.43E-1,-2.525E-1));
#2386=LINE('',#2385,#2384);
#2387=DIRECTION('',(0.E0,-1.E0,0.E0));
#2388=VECTOR('',#2387,1.75E-1);
#2389=CARTESIAN_POINT('',(3.29E-1,-1.68E-1,-2.525E-1));
#2390=LINE('',#2389,#2388);
#2391=DIRECTION('',(0.E0,1.E0,0.E0));
#2392=VECTOR('',#2391,1.75E-1);
#2393=CARTESIAN_POINT('',(3.46E-1,-3.43E-1,-2.525E-1));
#2394=LINE('',#2393,#2392);
#2395=DIRECTION('',(-1.E0,0.E0,0.E0));
#2396=VECTOR('',#2395,1.7E-2);
#2397=CARTESIAN_POINT('',(3.46E-1,-3.43E-1,-2.525E-1));
#2398=LINE('',#2397,#2396);
#2399=DIRECTION('',(0.E0,-1.E0,0.E0));
#2400=VECTOR('',#2399,1.75E-1);
#2401=CARTESIAN_POINT('',(3.29E-1,-1.68E-1,-1.525E-1));
#2402=LINE('',#2401,#2400);
#2403=DIRECTION('',(0.E0,1.E0,0.E0));
#2404=VECTOR('',#2403,1.75E-1);
#2405=CARTESIAN_POINT('',(3.46E-1,-3.43E-1,-1.525E-1));
#2406=LINE('',#2405,#2404);
#2407=DIRECTION('',(-1.E0,0.E0,0.E0));
#2408=VECTOR('',#2407,1.7E-2);
#2409=CARTESIAN_POINT('',(3.46E-1,-3.43E-1,-1.525E-1));
#2410=LINE('',#2409,#2408);
#2411=DIRECTION('',(0.E0,-1.E0,0.E0));
#2412=VECTOR('',#2411,1.75E-1);
#2413=CARTESIAN_POINT('',(3.46E-1,-1.68E-1,-1.275E-1));
#2414=LINE('',#2413,#2412);
#2415=DIRECTION('',(-1.E0,0.E0,0.E0));
#2416=VECTOR('',#2415,1.7E-2);
#2417=CARTESIAN_POINT('',(3.46E-1,-3.43E-1,-1.275E-1));
#2418=LINE('',#2417,#2416);
#2419=DIRECTION('',(0.E0,1.E0,0.E0));
#2420=VECTOR('',#2419,1.75E-1);
#2421=CARTESIAN_POINT('',(3.29E-1,-3.43E-1,-1.275E-1));
#2422=LINE('',#2421,#2420);
#2423=DIRECTION('',(0.E0,0.E0,1.E0));
#2424=VECTOR('',#2423,2.5E-2);
#2425=CARTESIAN_POINT('',(3.46E-1,-3.43E-1,-1.525E-1));
#2426=LINE('',#2425,#2424);
#2427=DIRECTION('',(0.E0,0.E0,1.E0));
#2428=VECTOR('',#2427,4.1E-1);
#2429=CARTESIAN_POINT('',(3.675E-1,-1.68E-1,-4.65E-1));
#2430=LINE('',#2429,#2428);
#2431=DIRECTION('',(1.E0,0.E0,0.E0));
#2432=VECTOR('',#2431,5.E-2);
#2433=CARTESIAN_POINT('',(3.875E-1,-1.68E-1,-4.65E-1));
#2434=LINE('',#2433,#2432);
#2435=DIRECTION('',(0.E0,1.E0,0.E0));
#2436=VECTOR('',#2435,4.E-2);
#2437=CARTESIAN_POINT('',(4.375E-1,-2.08E-1,-4.65E-1));
#2438=LINE('',#2437,#2436);
#2439=DIRECTION('',(-1.E0,0.E0,0.E0));
#2440=VECTOR('',#2439,2.E-2);
#2441=CARTESIAN_POINT('',(4.575E-1,-2.08E-1,-4.65E-1));
#2442=LINE('',#2441,#2440);
#2443=DIRECTION('',(0.E0,1.E0,0.E0));
#2444=VECTOR('',#2443,4.E-2);
#2445=CARTESIAN_POINT('',(4.575E-1,-2.08E-1,-4.65E-1));
#2446=LINE('',#2445,#2444);
#2447=DIRECTION('',(1.E0,0.E0,0.E0));
#2448=VECTOR('',#2447,3.51E-2);
#2449=CARTESIAN_POINT('',(4.575E-1,-1.68E-1,-4.65E-1));
#2450=LINE('',#2449,#2448);
#2451=DIRECTION('',(-1.E0,0.E0,0.E0));
#2452=VECTOR('',#2451,4.9E-3);
#2453=CARTESIAN_POINT('',(4.975E-1,2.12E-1,-4.65E-1));
#2454=LINE('',#2453,#2452);
#2455=DIRECTION('',(0.E0,1.E0,0.E0));
#2456=VECTOR('',#2455,7.5E-2);
#2457=CARTESIAN_POINT('',(4.975E-1,2.12E-1,-4.65E-1));
#2458=LINE('',#2457,#2456);
#2459=DIRECTION('',(0.E0,1.E0,0.E0));
#2460=VECTOR('',#2459,7.5E-2);
#2461=CARTESIAN_POINT('',(3.275E-1,2.12E-1,-4.65E-1));
#2462=LINE('',#2461,#2460);
#2463=DIRECTION('',(-1.E0,0.E0,0.E0));
#2464=VECTOR('',#2463,4.9E-3);
#2465=CARTESIAN_POINT('',(3.324E-1,2.12E-1,-4.65E-1));
#2466=LINE('',#2465,#2464);
#2467=DIRECTION('',(1.E0,0.E0,0.E0));
#2468=VECTOR('',#2467,3.51E-2);
#2469=CARTESIAN_POINT('',(3.324E-1,-1.68E-1,-4.65E-1));
#2470=LINE('',#2469,#2468);
#2471=DIRECTION('',(0.E0,1.E0,0.E0));
#2472=VECTOR('',#2471,4.E-2);
#2473=CARTESIAN_POINT('',(3.675E-1,-2.08E-1,-4.65E-1));
#2474=LINE('',#2473,#2472);
#2475=DIRECTION('',(-1.E0,0.E0,0.E0));
#2476=VECTOR('',#2475,2.E-2);
#2477=CARTESIAN_POINT('',(3.875E-1,-2.08E-1,-4.65E-1));
#2478=LINE('',#2477,#2476);
#2479=DIRECTION('',(0.E0,-1.E0,0.E0));
#2480=VECTOR('',#2479,4.E-2);
#2481=CARTESIAN_POINT('',(3.875E-1,-1.68E-1,-4.65E-1));
#2482=LINE('',#2481,#2480);
#2483=DIRECTION('',(0.E0,0.E0,1.E0));
#2484=VECTOR('',#2483,3.54E-1);
#2485=CARTESIAN_POINT('',(3.875E-1,-1.68E-1,-4.65E-1));
#2486=LINE('',#2485,#2484);
#2487=DIRECTION('',(0.E0,0.E0,1.E0));
#2488=VECTOR('',#2487,3.54E-1);
#2489=CARTESIAN_POINT('',(3.875E-1,-2.08E-1,-4.65E-1));
#2490=LINE('',#2489,#2488);
#2491=DIRECTION('',(0.E0,-1.E0,0.E0));
#2492=VECTOR('',#2491,4.E-2);
#2493=CARTESIAN_POINT('',(3.875E-1,-1.68E-1,-1.11E-1));
#2494=LINE('',#2493,#2492);
#2495=DIRECTION('',(-1.E0,0.E0,0.E0));
#2496=VECTOR('',#2495,5.E-2);
#2497=CARTESIAN_POINT('',(4.375E-1,-1.68E-1,-1.11E-1));
#2498=LINE('',#2497,#2496);
#2499=DIRECTION('',(0.E0,0.E0,1.E0));
#2500=VECTOR('',#2499,3.54E-1);
#2501=CARTESIAN_POINT('',(4.375E-1,-1.68E-1,-4.65E-1));
#2502=LINE('',#2501,#2500);
#2503=DIRECTION('',(0.E0,-1.E0,0.E0));
#2504=VECTOR('',#2503,4.E-2);
#2505=CARTESIAN_POINT('',(4.375E-1,-1.68E-1,-1.11E-1));
#2506=LINE('',#2505,#2504);
#2507=DIRECTION('',(0.E0,0.E0,1.E0));
#2508=VECTOR('',#2507,3.54E-1);
#2509=CARTESIAN_POINT('',(4.375E-1,-2.08E-1,-4.65E-1));
#2510=LINE('',#2509,#2508);
#2511=DIRECTION('',(0.E0,1.E0,0.E0));
#2512=VECTOR('',#2511,1.E-2);
#2513=CARTESIAN_POINT('',(5.79E-1,-1.68E-1,-5.5E-2));
#2514=LINE('',#2513,#2512);
#2515=DIRECTION('',(0.E0,1.E0,0.E0));
#2516=VECTOR('',#2515,1.E-2);
#2517=CARTESIAN_POINT('',(4.96E-1,-1.68E-1,-5.5E-2));
#2518=LINE('',#2517,#2516);
#2519=DIRECTION('',(0.E0,1.E0,0.E0));
#2520=VECTOR('',#2519,4.E-2);
#2521=CARTESIAN_POINT('',(4.575E-1,-2.08E-1,-5.5E-2));
#2522=LINE('',#2521,#2520);
#2523=DIRECTION('',(1.E0,0.E0,0.E0));
#2524=VECTOR('',#2523,1.6E-1);
#2525=CARTESIAN_POINT('',(4.575E-1,-2.08E-1,-5.5E-2));
#2526=LINE('',#2525,#2524);
#2527=DIRECTION('',(0.E0,-1.E0,0.E0));
#2528=VECTOR('',#2527,4.E-2);
#2529=CARTESIAN_POINT('',(6.175E-1,-1.68E-1,-5.5E-2));
#2530=LINE('',#2529,#2528);
#2531=DIRECTION('',(0.E0,0.E0,1.E0));
#2532=VECTOR('',#2531,7.25E-2);
#2533=CARTESIAN_POINT('',(5.79E-1,-1.68E-1,-1.275E-1));
#2534=LINE('',#2533,#2532);
#2535=DIRECTION('',(0.E0,0.E0,1.E0));
#2536=VECTOR('',#2535,2.5E-2);
#2537=CARTESIAN_POINT('',(5.79E-1,-3.43E-1,-1.525E-1));
#2538=LINE('',#2537,#2536);
#2539=DIRECTION('',(0.E0,0.E0,1.E0));
#2540=VECTOR('',#2539,7.5E-2);
#2541=CARTESIAN_POINT('',(5.79E-1,-1.68E-1,-2.275E-1));
#2542=LINE('',#2541,#2540);
#2543=DIRECTION('',(0.E0,0.E0,1.E0));
#2544=VECTOR('',#2543,2.5E-2);
#2545=CARTESIAN_POINT('',(5.79E-1,-3.43E-1,-2.525E-1));
#2546=LINE('',#2545,#2544);
#2547=DIRECTION('',(0.E0,0.E0,1.E0));
#2548=VECTOR('',#2547,7.5E-2);
#2549=CARTESIAN_POINT('',(5.79E-1,-1.68E-1,-3.275E-1));
#2550=LINE('',#2549,#2548);
#2551=DIRECTION('',(0.E0,0.E0,1.E0));
#2552=VECTOR('',#2551,2.5E-2);
#2553=CARTESIAN_POINT('',(5.79E-1,-3.43E-1,-3.525E-1));
#2554=LINE('',#2553,#2552);
#2555=DIRECTION('',(0.E0,0.E0,1.E0));
#2556=VECTOR('',#2555,7.5E-2);
#2557=CARTESIAN_POINT('',(5.79E-1,-1.68E-1,-4.275E-1));
#2558=LINE('',#2557,#2556);
#2559=DIRECTION('',(0.E0,0.E0,1.E0));
#2560=VECTOR('',#2559,2.5E-2);
#2561=CARTESIAN_POINT('',(5.79E-1,-3.43E-1,-4.525E-1));
#2562=LINE('',#2561,#2560);
#2563=DIRECTION('',(0.E0,0.E0,1.E0));
#2564=VECTOR('',#2563,5.775E-1);
#2565=CARTESIAN_POINT('',(5.79E-1,1.53E-1,-4.525E-1));
#2566=LINE('',#2565,#2564);
#2567=DIRECTION('',(0.E0,-1.354563458276E-1,9.907833155514E-1));
#2568=VECTOR('',#2567,3.381163113486E-1);
#2569=CARTESIAN_POINT('',(5.79E-1,1.5E-1,1.25E-1));
#2570=LINE('',#2569,#2568);
#2571=DIRECTION('',(0.E0,-1.E0,0.E0));
#2572=VECTOR('',#2571,2.06E-1);
#2573=CARTESIAN_POINT('',(5.79E-1,1.042E-1,4.6E-1));
#2574=LINE('',#2573,#2572);
#2575=DIRECTION('',(0.E0,-1.354563458276E-1,-9.907833155514E-1));
#2576=VECTOR('',#2575,3.381163113486E-1);
#2577=CARTESIAN_POINT('',(5.79E-1,-1.018E-1,4.6E-1));
#2578=LINE('',#2577,#2576);
#2579=DIRECTION('',(-1.E0,0.E0,0.E0));
#2580=VECTOR('',#2579,1.7E-2);
#2581=CARTESIAN_POINT('',(5.96E-1,-1.68E-1,-2.275E-1));
#2582=LINE('',#2581,#2580);
#2583=DIRECTION('',(1.E0,0.E0,0.E0));
#2584=VECTOR('',#2583,1.7E-2);
#2585=CARTESIAN_POINT('',(5.79E-1,-1.68E-1,-1.525E-1));
#2586=LINE('',#2585,#2584);
#2587=DIRECTION('',(0.E0,0.E0,-1.E0));
#2588=VECTOR('',#2587,2.5E-2);
#2589=CARTESIAN_POINT('',(5.96E-1,-1.68E-1,-1.275E-1));
#2590=LINE('',#2589,#2588);
#2591=DIRECTION('',(-1.E0,0.E0,0.E0));
#2592=VECTOR('',#2591,1.7E-2);
#2593=CARTESIAN_POINT('',(5.96E-1,-1.68E-1,-1.275E-1));
#2594=LINE('',#2593,#2592);
#2595=DIRECTION('',(1.E0,0.E0,0.E0));
#2596=VECTOR('',#2595,3.85E-2);
#2597=CARTESIAN_POINT('',(5.79E-1,-1.68E-1,-5.5E-2));
#2598=LINE('',#2597,#2596);
#2599=DIRECTION('',(1.E0,0.E0,0.E0));
#2600=VECTOR('',#2599,1.36E-2);
#2601=CARTESIAN_POINT('',(5.824E-1,-1.68E-1,-4.525E-1));
#2602=LINE('',#2601,#2600);
#2603=DIRECTION('',(0.E0,0.E0,-1.E0));
#2604=VECTOR('',#2603,2.5E-2);
#2605=CARTESIAN_POINT('',(5.96E-1,-1.68E-1,-4.275E-1));
#2606=LINE('',#2605,#2604);
#2607=DIRECTION('',(-1.E0,0.E0,0.E0));
#2608=VECTOR('',#2607,1.7E-2);
#2609=CARTESIAN_POINT('',(5.96E-1,-1.68E-1,-4.275E-1));
#2610=LINE('',#2609,#2608);
#2611=DIRECTION('',(1.E0,0.E0,0.E0));
#2612=VECTOR('',#2611,1.7E-2);
#2613=CARTESIAN_POINT('',(5.79E-1,-1.68E-1,-3.525E-1));
#2614=LINE('',#2613,#2612);
#2615=DIRECTION('',(0.E0,0.E0,-1.E0));
#2616=VECTOR('',#2615,2.5E-2);
#2617=CARTESIAN_POINT('',(5.96E-1,-1.68E-1,-3.275E-1));
#2618=LINE('',#2617,#2616);
#2619=DIRECTION('',(-1.E0,0.E0,0.E0));
#2620=VECTOR('',#2619,1.7E-2);
#2621=CARTESIAN_POINT('',(5.96E-1,-1.68E-1,-3.275E-1));
#2622=LINE('',#2621,#2620);
#2623=DIRECTION('',(1.E0,0.E0,0.E0));
#2624=VECTOR('',#2623,1.7E-2);
#2625=CARTESIAN_POINT('',(5.79E-1,-1.68E-1,-2.525E-1));
#2626=LINE('',#2625,#2624);
#2627=DIRECTION('',(0.E0,0.E0,-1.E0));
#2628=VECTOR('',#2627,2.5E-2);
#2629=CARTESIAN_POINT('',(5.96E-1,-1.68E-1,-2.275E-1));
#2630=LINE('',#2629,#2628);
#2631=DIRECTION('',(0.E0,-1.E0,0.E0));
#2632=VECTOR('',#2631,1.75E-1);
#2633=CARTESIAN_POINT('',(5.96E-1,-1.68E-1,-2.275E-1));
#2634=LINE('',#2633,#2632);
#2635=DIRECTION('',(-1.E0,0.E0,0.E0));
#2636=VECTOR('',#2635,1.7E-2);
#2637=CARTESIAN_POINT('',(5.96E-1,-3.43E-1,-2.275E-1));
#2638=LINE('',#2637,#2636);
#2639=DIRECTION('',(0.E0,1.E0,0.E0));
#2640=VECTOR('',#2639,1.75E-1);
#2641=CARTESIAN_POINT('',(5.79E-1,-3.43E-1,-2.275E-1));
#2642=LINE('',#2641,#2640);
#2643=DIRECTION('',(0.E0,0.E0,1.E0));
#2644=VECTOR('',#2643,2.5E-2);
#2645=CARTESIAN_POINT('',(5.96E-1,-3.43E-1,-2.525E-1));
#2646=LINE('',#2645,#2644);
#2647=DIRECTION('',(0.E0,-1.E0,0.E0));
#2648=VECTOR('',#2647,1.75E-1);
#2649=CARTESIAN_POINT('',(5.79E-1,-1.68E-1,-2.525E-1));
#2650=LINE('',#2649,#2648);
#2651=DIRECTION('',(0.E0,1.E0,0.E0));
#2652=VECTOR('',#2651,1.75E-1);
#2653=CARTESIAN_POINT('',(5.96E-1,-3.43E-1,-2.525E-1));
#2654=LINE('',#2653,#2652);
#2655=DIRECTION('',(-1.E0,0.E0,0.E0));
#2656=VECTOR('',#2655,1.7E-2);
#2657=CARTESIAN_POINT('',(5.96E-1,-3.43E-1,-2.525E-1));
#2658=LINE('',#2657,#2656);
#2659=DIRECTION('',(0.E0,-1.E0,0.E0));
#2660=VECTOR('',#2659,1.75E-1);
#2661=CARTESIAN_POINT('',(5.79E-1,-1.68E-1,-1.525E-1));
#2662=LINE('',#2661,#2660);
#2663=DIRECTION('',(0.E0,1.E0,0.E0));
#2664=VECTOR('',#2663,1.75E-1);
#2665=CARTESIAN_POINT('',(5.96E-1,-3.43E-1,-1.525E-1));
#2666=LINE('',#2665,#2664);
#2667=DIRECTION('',(-1.E0,0.E0,0.E0));
#2668=VECTOR('',#2667,1.7E-2);
#2669=CARTESIAN_POINT('',(5.96E-1,-3.43E-1,-1.525E-1));
#2670=LINE('',#2669,#2668);
#2671=DIRECTION('',(0.E0,-1.E0,0.E0));
#2672=VECTOR('',#2671,1.75E-1);
#2673=CARTESIAN_POINT('',(5.96E-1,-1.68E-1,-1.275E-1));
#2674=LINE('',#2673,#2672);
#2675=DIRECTION('',(-1.E0,0.E0,0.E0));
#2676=VECTOR('',#2675,1.7E-2);
#2677=CARTESIAN_POINT('',(5.96E-1,-3.43E-1,-1.275E-1));
#2678=LINE('',#2677,#2676);
#2679=DIRECTION('',(0.E0,1.E0,0.E0));
#2680=VECTOR('',#2679,1.75E-1);
#2681=CARTESIAN_POINT('',(5.79E-1,-3.43E-1,-1.275E-1));
#2682=LINE('',#2681,#2680);
#2683=DIRECTION('',(0.E0,0.E0,1.E0));
#2684=VECTOR('',#2683,2.5E-2);
#2685=CARTESIAN_POINT('',(5.96E-1,-3.43E-1,-1.525E-1));
#2686=LINE('',#2685,#2684);
#2687=DIRECTION('',(0.E0,0.E0,1.E0));
#2688=VECTOR('',#2687,4.1E-1);
#2689=CARTESIAN_POINT('',(6.175E-1,-1.68E-1,-4.65E-1));
#2690=LINE('',#2689,#2688);
#2691=DIRECTION('',(1.E0,0.E0,0.E0));
#2692=VECTOR('',#2691,5.E-2);
#2693=CARTESIAN_POINT('',(6.375E-1,-1.68E-1,-4.65E-1));
#2694=LINE('',#2693,#2692);
#2695=DIRECTION('',(0.E0,1.E0,0.E0));
#2696=VECTOR('',#2695,4.E-2);
#2697=CARTESIAN_POINT('',(6.875E-1,-2.08E-1,-4.65E-1));
#2698=LINE('',#2697,#2696);
#2699=DIRECTION('',(-1.E0,0.E0,0.E0));
#2700=VECTOR('',#2699,2.E-2);
#2701=CARTESIAN_POINT('',(7.075E-1,-2.08E-1,-4.65E-1));
#2702=LINE('',#2701,#2700);
#2703=DIRECTION('',(0.E0,1.E0,0.E0));
#2704=VECTOR('',#2703,4.E-2);
#2705=CARTESIAN_POINT('',(7.075E-1,-2.08E-1,-4.65E-1));
#2706=LINE('',#2705,#2704);
#2707=DIRECTION('',(1.E0,0.E0,0.E0));
#2708=VECTOR('',#2707,3.51E-2);
#2709=CARTESIAN_POINT('',(7.075E-1,-1.68E-1,-4.65E-1));
#2710=LINE('',#2709,#2708);
#2711=DIRECTION('',(-1.E0,0.E0,0.E0));
#2712=VECTOR('',#2711,4.9E-3);
#2713=CARTESIAN_POINT('',(7.475E-1,2.12E-1,-4.65E-1));
#2714=LINE('',#2713,#2712);
#2715=DIRECTION('',(0.E0,1.E0,0.E0));
#2716=VECTOR('',#2715,7.5E-2);
#2717=CARTESIAN_POINT('',(7.475E-1,2.12E-1,-4.65E-1));
#2718=LINE('',#2717,#2716);
#2719=DIRECTION('',(0.E0,1.E0,0.E0));
#2720=VECTOR('',#2719,7.5E-2);
#2721=CARTESIAN_POINT('',(5.775E-1,2.12E-1,-4.65E-1));
#2722=LINE('',#2721,#2720);
#2723=DIRECTION('',(-1.E0,0.E0,0.E0));
#2724=VECTOR('',#2723,4.9E-3);
#2725=CARTESIAN_POINT('',(5.824E-1,2.12E-1,-4.65E-1));
#2726=LINE('',#2725,#2724);
#2727=DIRECTION('',(1.E0,0.E0,0.E0));
#2728=VECTOR('',#2727,3.51E-2);
#2729=CARTESIAN_POINT('',(5.824E-1,-1.68E-1,-4.65E-1));
#2730=LINE('',#2729,#2728);
#2731=DIRECTION('',(0.E0,1.E0,0.E0));
#2732=VECTOR('',#2731,4.E-2);
#2733=CARTESIAN_POINT('',(6.175E-1,-2.08E-1,-4.65E-1));
#2734=LINE('',#2733,#2732);
#2735=DIRECTION('',(-1.E0,0.E0,0.E0));
#2736=VECTOR('',#2735,2.E-2);
#2737=CARTESIAN_POINT('',(6.375E-1,-2.08E-1,-4.65E-1));
#2738=LINE('',#2737,#2736);
#2739=DIRECTION('',(0.E0,-1.E0,0.E0));
#2740=VECTOR('',#2739,4.E-2);
#2741=CARTESIAN_POINT('',(6.375E-1,-1.68E-1,-4.65E-1));
#2742=LINE('',#2741,#2740);
#2743=DIRECTION('',(0.E0,0.E0,1.E0));
#2744=VECTOR('',#2743,3.54E-1);
#2745=CARTESIAN_POINT('',(6.375E-1,-1.68E-1,-4.65E-1));
#2746=LINE('',#2745,#2744);
#2747=DIRECTION('',(0.E0,0.E0,1.E0));
#2748=VECTOR('',#2747,3.54E-1);
#2749=CARTESIAN_POINT('',(6.375E-1,-2.08E-1,-4.65E-1));
#2750=LINE('',#2749,#2748);
#2751=DIRECTION('',(0.E0,-1.E0,0.E0));
#2752=VECTOR('',#2751,4.E-2);
#2753=CARTESIAN_POINT('',(6.375E-1,-1.68E-1,-1.11E-1));
#2754=LINE('',#2753,#2752);
#2755=DIRECTION('',(-1.E0,0.E0,0.E0));
#2756=VECTOR('',#2755,5.E-2);
#2757=CARTESIAN_POINT('',(6.875E-1,-1.68E-1,-1.11E-1));
#2758=LINE('',#2757,#2756);
#2759=DIRECTION('',(0.E0,0.E0,1.E0));
#2760=VECTOR('',#2759,3.54E-1);
#2761=CARTESIAN_POINT('',(6.875E-1,-1.68E-1,-4.65E-1));
#2762=LINE('',#2761,#2760);
#2763=DIRECTION('',(0.E0,-1.E0,0.E0));
#2764=VECTOR('',#2763,4.E-2);
#2765=CARTESIAN_POINT('',(6.875E-1,-1.68E-1,-1.11E-1));
#2766=LINE('',#2765,#2764);
#2767=DIRECTION('',(0.E0,0.E0,1.E0));
#2768=VECTOR('',#2767,3.54E-1);
#2769=CARTESIAN_POINT('',(6.875E-1,-2.08E-1,-4.65E-1));
#2770=LINE('',#2769,#2768);
#2771=DIRECTION('',(0.E0,1.E0,0.E0));
#2772=VECTOR('',#2771,1.E-2);
#2773=CARTESIAN_POINT('',(8.29E-1,-1.68E-1,-5.5E-2));
#2774=LINE('',#2773,#2772);
#2775=DIRECTION('',(0.E0,1.E0,0.E0));
#2776=VECTOR('',#2775,1.E-2);
#2777=CARTESIAN_POINT('',(7.46E-1,-1.68E-1,-5.5E-2));
#2778=LINE('',#2777,#2776);
#2779=DIRECTION('',(0.E0,1.E0,0.E0));
#2780=VECTOR('',#2779,4.E-2);
#2781=CARTESIAN_POINT('',(7.075E-1,-2.08E-1,-5.5E-2));
#2782=LINE('',#2781,#2780);
#2783=DIRECTION('',(1.E0,0.E0,0.E0));
#2784=VECTOR('',#2783,1.6E-1);
#2785=CARTESIAN_POINT('',(7.075E-1,-2.08E-1,-5.5E-2));
#2786=LINE('',#2785,#2784);
#2787=DIRECTION('',(0.E0,-1.E0,0.E0));
#2788=VECTOR('',#2787,4.E-2);
#2789=CARTESIAN_POINT('',(8.675E-1,-1.68E-1,-5.5E-2));
#2790=LINE('',#2789,#2788);
#2791=DIRECTION('',(0.E0,0.E0,1.E0));
#2792=VECTOR('',#2791,7.25E-2);
#2793=CARTESIAN_POINT('',(8.29E-1,-1.68E-1,-1.275E-1));
#2794=LINE('',#2793,#2792);
#2795=DIRECTION('',(0.E0,0.E0,1.E0));
#2796=VECTOR('',#2795,2.5E-2);
#2797=CARTESIAN_POINT('',(8.29E-1,-3.43E-1,-1.525E-1));
#2798=LINE('',#2797,#2796);
#2799=DIRECTION('',(0.E0,0.E0,1.E0));
#2800=VECTOR('',#2799,7.5E-2);
#2801=CARTESIAN_POINT('',(8.29E-1,-1.68E-1,-2.275E-1));
#2802=LINE('',#2801,#2800);
#2803=DIRECTION('',(0.E0,0.E0,1.E0));
#2804=VECTOR('',#2803,2.5E-2);
#2805=CARTESIAN_POINT('',(8.29E-1,-3.43E-1,-2.525E-1));
#2806=LINE('',#2805,#2804);
#2807=DIRECTION('',(0.E0,0.E0,1.E0));
#2808=VECTOR('',#2807,7.5E-2);
#2809=CARTESIAN_POINT('',(8.29E-1,-1.68E-1,-3.275E-1));
#2810=LINE('',#2809,#2808);
#2811=DIRECTION('',(0.E0,0.E0,1.E0));
#2812=VECTOR('',#2811,2.5E-2);
#2813=CARTESIAN_POINT('',(8.29E-1,-3.43E-1,-3.525E-1));
#2814=LINE('',#2813,#2812);
#2815=DIRECTION('',(0.E0,0.E0,1.E0));
#2816=VECTOR('',#2815,7.5E-2);
#2817=CARTESIAN_POINT('',(8.29E-1,-1.68E-1,-4.275E-1));
#2818=LINE('',#2817,#2816);
#2819=DIRECTION('',(0.E0,0.E0,1.E0));
#2820=VECTOR('',#2819,2.5E-2);
#2821=CARTESIAN_POINT('',(8.29E-1,-3.43E-1,-4.525E-1));
#2822=LINE('',#2821,#2820);
#2823=DIRECTION('',(0.E0,0.E0,1.E0));
#2824=VECTOR('',#2823,5.775E-1);
#2825=CARTESIAN_POINT('',(8.29E-1,1.53E-1,-4.525E-1));
#2826=LINE('',#2825,#2824);
#2827=DIRECTION('',(0.E0,-1.354563458276E-1,9.907833155514E-1));
#2828=VECTOR('',#2827,3.381163113486E-1);
#2829=CARTESIAN_POINT('',(8.29E-1,1.5E-1,1.25E-1));
#2830=LINE('',#2829,#2828);
#2831=DIRECTION('',(0.E0,-1.E0,0.E0));
#2832=VECTOR('',#2831,2.06E-1);
#2833=CARTESIAN_POINT('',(8.29E-1,1.042E-1,4.6E-1));
#2834=LINE('',#2833,#2832);
#2835=DIRECTION('',(0.E0,-1.354563458276E-1,-9.907833155514E-1));
#2836=VECTOR('',#2835,3.381163113486E-1);
#2837=CARTESIAN_POINT('',(8.29E-1,-1.018E-1,4.6E-1));
#2838=LINE('',#2837,#2836);
#2839=DIRECTION('',(-1.E0,0.E0,0.E0));
#2840=VECTOR('',#2839,1.7E-2);
#2841=CARTESIAN_POINT('',(8.46E-1,-1.68E-1,-2.275E-1));
#2842=LINE('',#2841,#2840);
#2843=DIRECTION('',(1.E0,0.E0,0.E0));
#2844=VECTOR('',#2843,1.7E-2);
#2845=CARTESIAN_POINT('',(8.29E-1,-1.68E-1,-1.525E-1));
#2846=LINE('',#2845,#2844);
#2847=DIRECTION('',(0.E0,0.E0,-1.E0));
#2848=VECTOR('',#2847,2.5E-2);
#2849=CARTESIAN_POINT('',(8.46E-1,-1.68E-1,-1.275E-1));
#2850=LINE('',#2849,#2848);
#2851=DIRECTION('',(-1.E0,0.E0,0.E0));
#2852=VECTOR('',#2851,1.7E-2);
#2853=CARTESIAN_POINT('',(8.46E-1,-1.68E-1,-1.275E-1));
#2854=LINE('',#2853,#2852);
#2855=DIRECTION('',(1.E0,0.E0,0.E0));
#2856=VECTOR('',#2855,3.85E-2);
#2857=CARTESIAN_POINT('',(8.29E-1,-1.68E-1,-5.5E-2));
#2858=LINE('',#2857,#2856);
#2859=DIRECTION('',(1.E0,0.E0,0.E0));
#2860=VECTOR('',#2859,1.36E-2);
#2861=CARTESIAN_POINT('',(8.324E-1,-1.68E-1,-4.525E-1));
#2862=LINE('',#2861,#2860);
#2863=DIRECTION('',(0.E0,0.E0,-1.E0));
#2864=VECTOR('',#2863,2.5E-2);
#2865=CARTESIAN_POINT('',(8.46E-1,-1.68E-1,-4.275E-1));
#2866=LINE('',#2865,#2864);
#2867=DIRECTION('',(-1.E0,0.E0,0.E0));
#2868=VECTOR('',#2867,1.7E-2);
#2869=CARTESIAN_POINT('',(8.46E-1,-1.68E-1,-4.275E-1));
#2870=LINE('',#2869,#2868);
#2871=DIRECTION('',(1.E0,0.E0,0.E0));
#2872=VECTOR('',#2871,1.7E-2);
#2873=CARTESIAN_POINT('',(8.29E-1,-1.68E-1,-3.525E-1));
#2874=LINE('',#2873,#2872);
#2875=DIRECTION('',(0.E0,0.E0,-1.E0));
#2876=VECTOR('',#2875,2.5E-2);
#2877=CARTESIAN_POINT('',(8.46E-1,-1.68E-1,-3.275E-1));
#2878=LINE('',#2877,#2876);
#2879=DIRECTION('',(-1.E0,0.E0,0.E0));
#2880=VECTOR('',#2879,1.7E-2);
#2881=CARTESIAN_POINT('',(8.46E-1,-1.68E-1,-3.275E-1));
#2882=LINE('',#2881,#2880);
#2883=DIRECTION('',(1.E0,0.E0,0.E0));
#2884=VECTOR('',#2883,1.7E-2);
#2885=CARTESIAN_POINT('',(8.29E-1,-1.68E-1,-2.525E-1));
#2886=LINE('',#2885,#2884);
#2887=DIRECTION('',(0.E0,0.E0,-1.E0));
#2888=VECTOR('',#2887,2.5E-2);
#2889=CARTESIAN_POINT('',(8.46E-1,-1.68E-1,-2.275E-1));
#2890=LINE('',#2889,#2888);
#2891=DIRECTION('',(0.E0,-1.E0,0.E0));
#2892=VECTOR('',#2891,1.75E-1);
#2893=CARTESIAN_POINT('',(8.46E-1,-1.68E-1,-2.275E-1));
#2894=LINE('',#2893,#2892);
#2895=DIRECTION('',(-1.E0,0.E0,0.E0));
#2896=VECTOR('',#2895,1.7E-2);
#2897=CARTESIAN_POINT('',(8.46E-1,-3.43E-1,-2.275E-1));
#2898=LINE('',#2897,#2896);
#2899=DIRECTION('',(0.E0,1.E0,0.E0));
#2900=VECTOR('',#2899,1.75E-1);
#2901=CARTESIAN_POINT('',(8.29E-1,-3.43E-1,-2.275E-1));
#2902=LINE('',#2901,#2900);
#2903=DIRECTION('',(0.E0,0.E0,1.E0));
#2904=VECTOR('',#2903,2.5E-2);
#2905=CARTESIAN_POINT('',(8.46E-1,-3.43E-1,-2.525E-1));
#2906=LINE('',#2905,#2904);
#2907=DIRECTION('',(0.E0,-1.E0,0.E0));
#2908=VECTOR('',#2907,1.75E-1);
#2909=CARTESIAN_POINT('',(8.29E-1,-1.68E-1,-2.525E-1));
#2910=LINE('',#2909,#2908);
#2911=DIRECTION('',(0.E0,1.E0,0.E0));
#2912=VECTOR('',#2911,1.75E-1);
#2913=CARTESIAN_POINT('',(8.46E-1,-3.43E-1,-2.525E-1));
#2914=LINE('',#2913,#2912);
#2915=DIRECTION('',(-1.E0,0.E0,0.E0));
#2916=VECTOR('',#2915,1.7E-2);
#2917=CARTESIAN_POINT('',(8.46E-1,-3.43E-1,-2.525E-1));
#2918=LINE('',#2917,#2916);
#2919=DIRECTION('',(0.E0,-1.E0,0.E0));
#2920=VECTOR('',#2919,1.75E-1);
#2921=CARTESIAN_POINT('',(8.29E-1,-1.68E-1,-1.525E-1));
#2922=LINE('',#2921,#2920);
#2923=DIRECTION('',(0.E0,1.E0,0.E0));
#2924=VECTOR('',#2923,1.75E-1);
#2925=CARTESIAN_POINT('',(8.46E-1,-3.43E-1,-1.525E-1));
#2926=LINE('',#2925,#2924);
#2927=DIRECTION('',(-1.E0,0.E0,0.E0));
#2928=VECTOR('',#2927,1.7E-2);
#2929=CARTESIAN_POINT('',(8.46E-1,-3.43E-1,-1.525E-1));
#2930=LINE('',#2929,#2928);
#2931=DIRECTION('',(0.E0,-1.E0,0.E0));
#2932=VECTOR('',#2931,1.75E-1);
#2933=CARTESIAN_POINT('',(8.46E-1,-1.68E-1,-1.275E-1));
#2934=LINE('',#2933,#2932);
#2935=DIRECTION('',(-1.E0,0.E0,0.E0));
#2936=VECTOR('',#2935,1.7E-2);
#2937=CARTESIAN_POINT('',(8.46E-1,-3.43E-1,-1.275E-1));
#2938=LINE('',#2937,#2936);
#2939=DIRECTION('',(0.E0,1.E0,0.E0));
#2940=VECTOR('',#2939,1.75E-1);
#2941=CARTESIAN_POINT('',(8.29E-1,-3.43E-1,-1.275E-1));
#2942=LINE('',#2941,#2940);
#2943=DIRECTION('',(0.E0,0.E0,1.E0));
#2944=VECTOR('',#2943,2.5E-2);
#2945=CARTESIAN_POINT('',(8.46E-1,-3.43E-1,-1.525E-1));
#2946=LINE('',#2945,#2944);
#2947=DIRECTION('',(0.E0,0.E0,1.E0));
#2948=VECTOR('',#2947,4.1E-1);
#2949=CARTESIAN_POINT('',(8.675E-1,-1.68E-1,-4.65E-1));
#2950=LINE('',#2949,#2948);
#2951=DIRECTION('',(1.E0,0.E0,0.E0));
#2952=VECTOR('',#2951,5.E-2);
#2953=CARTESIAN_POINT('',(8.875E-1,-1.68E-1,-4.65E-1));
#2954=LINE('',#2953,#2952);
#2955=DIRECTION('',(0.E0,1.E0,0.E0));
#2956=VECTOR('',#2955,4.E-2);
#2957=CARTESIAN_POINT('',(9.375E-1,-2.08E-1,-4.65E-1));
#2958=LINE('',#2957,#2956);
#2959=DIRECTION('',(-1.E0,0.E0,0.E0));
#2960=VECTOR('',#2959,2.E-2);
#2961=CARTESIAN_POINT('',(9.575E-1,-2.08E-1,-4.65E-1));
#2962=LINE('',#2961,#2960);
#2963=DIRECTION('',(0.E0,1.E0,0.E0));
#2964=VECTOR('',#2963,4.E-2);
#2965=CARTESIAN_POINT('',(9.575E-1,-2.08E-1,-4.65E-1));
#2966=LINE('',#2965,#2964);
#2967=DIRECTION('',(1.E0,0.E0,0.E0));
#2968=VECTOR('',#2967,3.51E-2);
#2969=CARTESIAN_POINT('',(9.575E-1,-1.68E-1,-4.65E-1));
#2970=LINE('',#2969,#2968);
#2971=DIRECTION('',(-1.E0,0.E0,0.E0));
#2972=VECTOR('',#2971,4.9E-3);
#2973=CARTESIAN_POINT('',(9.975E-1,2.12E-1,-4.65E-1));
#2974=LINE('',#2973,#2972);
#2975=DIRECTION('',(0.E0,1.E0,0.E0));
#2976=VECTOR('',#2975,7.5E-2);
#2977=CARTESIAN_POINT('',(9.975E-1,2.12E-1,-4.65E-1));
#2978=LINE('',#2977,#2976);
#2979=DIRECTION('',(0.E0,1.E0,0.E0));
#2980=VECTOR('',#2979,7.5E-2);
#2981=CARTESIAN_POINT('',(8.275E-1,2.12E-1,-4.65E-1));
#2982=LINE('',#2981,#2980);
#2983=DIRECTION('',(-1.E0,0.E0,0.E0));
#2984=VECTOR('',#2983,4.9E-3);
#2985=CARTESIAN_POINT('',(8.324E-1,2.12E-1,-4.65E-1));
#2986=LINE('',#2985,#2984);
#2987=DIRECTION('',(1.E0,0.E0,0.E0));
#2988=VECTOR('',#2987,3.51E-2);
#2989=CARTESIAN_POINT('',(8.324E-1,-1.68E-1,-4.65E-1));
#2990=LINE('',#2989,#2988);
#2991=DIRECTION('',(0.E0,1.E0,0.E0));
#2992=VECTOR('',#2991,4.E-2);
#2993=CARTESIAN_POINT('',(8.675E-1,-2.08E-1,-4.65E-1));
#2994=LINE('',#2993,#2992);
#2995=DIRECTION('',(-1.E0,0.E0,0.E0));
#2996=VECTOR('',#2995,2.E-2);
#2997=CARTESIAN_POINT('',(8.875E-1,-2.08E-1,-4.65E-1));
#2998=LINE('',#2997,#2996);
#2999=DIRECTION('',(0.E0,-1.E0,0.E0));
#3000=VECTOR('',#2999,4.E-2);
#3001=CARTESIAN_POINT('',(8.875E-1,-1.68E-1,-4.65E-1));
#3002=LINE('',#3001,#3000);
#3003=DIRECTION('',(0.E0,0.E0,1.E0));
#3004=VECTOR('',#3003,3.54E-1);
#3005=CARTESIAN_POINT('',(8.875E-1,-1.68E-1,-4.65E-1));
#3006=LINE('',#3005,#3004);
#3007=DIRECTION('',(0.E0,0.E0,1.E0));
#3008=VECTOR('',#3007,3.54E-1);
#3009=CARTESIAN_POINT('',(8.875E-1,-2.08E-1,-4.65E-1));
#3010=LINE('',#3009,#3008);
#3011=DIRECTION('',(0.E0,-1.E0,0.E0));
#3012=VECTOR('',#3011,4.E-2);
#3013=CARTESIAN_POINT('',(8.875E-1,-1.68E-1,-1.11E-1));
#3014=LINE('',#3013,#3012);
#3015=DIRECTION('',(-1.E0,0.E0,0.E0));
#3016=VECTOR('',#3015,5.E-2);
#3017=CARTESIAN_POINT('',(9.375E-1,-1.68E-1,-1.11E-1));
#3018=LINE('',#3017,#3016);
#3019=DIRECTION('',(0.E0,0.E0,1.E0));
#3020=VECTOR('',#3019,3.54E-1);
#3021=CARTESIAN_POINT('',(9.375E-1,-1.68E-1,-4.65E-1));
#3022=LINE('',#3021,#3020);
#3023=DIRECTION('',(0.E0,-1.E0,0.E0));
#3024=VECTOR('',#3023,4.E-2);
#3025=CARTESIAN_POINT('',(9.375E-1,-1.68E-1,-1.11E-1));
#3026=LINE('',#3025,#3024);
#3027=DIRECTION('',(0.E0,0.E0,1.E0));
#3028=VECTOR('',#3027,3.54E-1);
#3029=CARTESIAN_POINT('',(9.375E-1,-2.08E-1,-4.65E-1));
#3030=LINE('',#3029,#3028);
#3031=DIRECTION('',(0.E0,1.E0,0.E0));
#3032=VECTOR('',#3031,1.E-2);
#3033=CARTESIAN_POINT('',(1.079E0,-1.68E-1,-5.5E-2));
#3034=LINE('',#3033,#3032);
#3035=DIRECTION('',(0.E0,1.E0,0.E0));
#3036=VECTOR('',#3035,1.E-2);
#3037=CARTESIAN_POINT('',(9.96E-1,-1.68E-1,-5.5E-2));
#3038=LINE('',#3037,#3036);
#3039=DIRECTION('',(0.E0,1.E0,0.E0));
#3040=VECTOR('',#3039,4.E-2);
#3041=CARTESIAN_POINT('',(9.575E-1,-2.08E-1,-5.5E-2));
#3042=LINE('',#3041,#3040);
#3043=DIRECTION('',(1.E0,0.E0,0.E0));
#3044=VECTOR('',#3043,1.6E-1);
#3045=CARTESIAN_POINT('',(9.575E-1,-2.08E-1,-5.5E-2));
#3046=LINE('',#3045,#3044);
#3047=DIRECTION('',(0.E0,-1.E0,0.E0));
#3048=VECTOR('',#3047,4.E-2);
#3049=CARTESIAN_POINT('',(1.1175E0,-1.68E-1,-5.5E-2));
#3050=LINE('',#3049,#3048);
#3051=DIRECTION('',(0.E0,0.E0,1.E0));
#3052=VECTOR('',#3051,7.25E-2);
#3053=CARTESIAN_POINT('',(1.079E0,-1.68E-1,-1.275E-1));
#3054=LINE('',#3053,#3052);
#3055=DIRECTION('',(0.E0,0.E0,1.E0));
#3056=VECTOR('',#3055,2.5E-2);
#3057=CARTESIAN_POINT('',(1.079E0,-3.43E-1,-1.525E-1));
#3058=LINE('',#3057,#3056);
#3059=DIRECTION('',(0.E0,0.E0,1.E0));
#3060=VECTOR('',#3059,7.5E-2);
#3061=CARTESIAN_POINT('',(1.079E0,-1.68E-1,-2.275E-1));
#3062=LINE('',#3061,#3060);
#3063=DIRECTION('',(0.E0,0.E0,1.E0));
#3064=VECTOR('',#3063,2.5E-2);
#3065=CARTESIAN_POINT('',(1.079E0,-3.43E-1,-2.525E-1));
#3066=LINE('',#3065,#3064);
#3067=DIRECTION('',(0.E0,0.E0,1.E0));
#3068=VECTOR('',#3067,7.5E-2);
#3069=CARTESIAN_POINT('',(1.079E0,-1.68E-1,-3.275E-1));
#3070=LINE('',#3069,#3068);
#3071=DIRECTION('',(0.E0,0.E0,1.E0));
#3072=VECTOR('',#3071,2.5E-2);
#3073=CARTESIAN_POINT('',(1.079E0,-3.43E-1,-3.525E-1));
#3074=LINE('',#3073,#3072);
#3075=DIRECTION('',(0.E0,0.E0,1.E0));
#3076=VECTOR('',#3075,7.5E-2);
#3077=CARTESIAN_POINT('',(1.079E0,-1.68E-1,-4.275E-1));
#3078=LINE('',#3077,#3076);
#3079=DIRECTION('',(0.E0,0.E0,1.E0));
#3080=VECTOR('',#3079,2.5E-2);
#3081=CARTESIAN_POINT('',(1.079E0,-3.43E-1,-4.525E-1));
#3082=LINE('',#3081,#3080);
#3083=DIRECTION('',(0.E0,0.E0,1.E0));
#3084=VECTOR('',#3083,5.775E-1);
#3085=CARTESIAN_POINT('',(1.079E0,1.53E-1,-4.525E-1));
#3086=LINE('',#3085,#3084);
#3087=DIRECTION('',(0.E0,-1.354563458276E-1,9.907833155514E-1));
#3088=VECTOR('',#3087,3.381163113486E-1);
#3089=CARTESIAN_POINT('',(1.079E0,1.5E-1,1.25E-1));
#3090=LINE('',#3089,#3088);
#3091=DIRECTION('',(0.E0,-1.E0,0.E0));
#3092=VECTOR('',#3091,2.06E-1);
#3093=CARTESIAN_POINT('',(1.079E0,1.042E-1,4.6E-1));
#3094=LINE('',#3093,#3092);
#3095=DIRECTION('',(0.E0,-1.354563458276E-1,-9.907833155514E-1));
#3096=VECTOR('',#3095,3.381163113486E-1);
#3097=CARTESIAN_POINT('',(1.079E0,-1.018E-1,4.6E-1));
#3098=LINE('',#3097,#3096);
#3099=DIRECTION('',(-1.E0,0.E0,0.E0));
#3100=VECTOR('',#3099,1.7E-2);
#3101=CARTESIAN_POINT('',(1.096E0,-1.68E-1,-2.275E-1));
#3102=LINE('',#3101,#3100);
#3103=DIRECTION('',(1.E0,0.E0,0.E0));
#3104=VECTOR('',#3103,1.7E-2);
#3105=CARTESIAN_POINT('',(1.079E0,-1.68E-1,-1.525E-1));
#3106=LINE('',#3105,#3104);
#3107=DIRECTION('',(0.E0,0.E0,-1.E0));
#3108=VECTOR('',#3107,2.5E-2);
#3109=CARTESIAN_POINT('',(1.096E0,-1.68E-1,-1.275E-1));
#3110=LINE('',#3109,#3108);
#3111=DIRECTION('',(-1.E0,0.E0,0.E0));
#3112=VECTOR('',#3111,1.7E-2);
#3113=CARTESIAN_POINT('',(1.096E0,-1.68E-1,-1.275E-1));
#3114=LINE('',#3113,#3112);
#3115=DIRECTION('',(1.E0,0.E0,0.E0));
#3116=VECTOR('',#3115,3.85E-2);
#3117=CARTESIAN_POINT('',(1.079E0,-1.68E-1,-5.5E-2));
#3118=LINE('',#3117,#3116);
#3119=DIRECTION('',(1.E0,0.E0,0.E0));
#3120=VECTOR('',#3119,1.36E-2);
#3121=CARTESIAN_POINT('',(1.0824E0,-1.68E-1,-4.525E-1));
#3122=LINE('',#3121,#3120);
#3123=DIRECTION('',(0.E0,0.E0,-1.E0));
#3124=VECTOR('',#3123,2.5E-2);
#3125=CARTESIAN_POINT('',(1.096E0,-1.68E-1,-4.275E-1));
#3126=LINE('',#3125,#3124);
#3127=DIRECTION('',(-1.E0,0.E0,0.E0));
#3128=VECTOR('',#3127,1.7E-2);
#3129=CARTESIAN_POINT('',(1.096E0,-1.68E-1,-4.275E-1));
#3130=LINE('',#3129,#3128);
#3131=DIRECTION('',(1.E0,0.E0,0.E0));
#3132=VECTOR('',#3131,1.7E-2);
#3133=CARTESIAN_POINT('',(1.079E0,-1.68E-1,-3.525E-1));
#3134=LINE('',#3133,#3132);
#3135=DIRECTION('',(0.E0,0.E0,-1.E0));
#3136=VECTOR('',#3135,2.5E-2);
#3137=CARTESIAN_POINT('',(1.096E0,-1.68E-1,-3.275E-1));
#3138=LINE('',#3137,#3136);
#3139=DIRECTION('',(-1.E0,0.E0,0.E0));
#3140=VECTOR('',#3139,1.7E-2);
#3141=CARTESIAN_POINT('',(1.096E0,-1.68E-1,-3.275E-1));
#3142=LINE('',#3141,#3140);
#3143=DIRECTION('',(1.E0,0.E0,0.E0));
#3144=VECTOR('',#3143,1.7E-2);
#3145=CARTESIAN_POINT('',(1.079E0,-1.68E-1,-2.525E-1));
#3146=LINE('',#3145,#3144);
#3147=DIRECTION('',(0.E0,0.E0,-1.E0));
#3148=VECTOR('',#3147,2.5E-2);
#3149=CARTESIAN_POINT('',(1.096E0,-1.68E-1,-2.275E-1));
#3150=LINE('',#3149,#3148);
#3151=DIRECTION('',(0.E0,-1.E0,0.E0));
#3152=VECTOR('',#3151,1.75E-1);
#3153=CARTESIAN_POINT('',(1.096E0,-1.68E-1,-2.275E-1));
#3154=LINE('',#3153,#3152);
#3155=DIRECTION('',(-1.E0,0.E0,0.E0));
#3156=VECTOR('',#3155,1.7E-2);
#3157=CARTESIAN_POINT('',(1.096E0,-3.43E-1,-2.275E-1));
#3158=LINE('',#3157,#3156);
#3159=DIRECTION('',(0.E0,1.E0,0.E0));
#3160=VECTOR('',#3159,1.75E-1);
#3161=CARTESIAN_POINT('',(1.079E0,-3.43E-1,-2.275E-1));
#3162=LINE('',#3161,#3160);
#3163=DIRECTION('',(0.E0,0.E0,1.E0));
#3164=VECTOR('',#3163,2.5E-2);
#3165=CARTESIAN_POINT('',(1.096E0,-3.43E-1,-2.525E-1));
#3166=LINE('',#3165,#3164);
#3167=DIRECTION('',(0.E0,-1.E0,0.E0));
#3168=VECTOR('',#3167,1.75E-1);
#3169=CARTESIAN_POINT('',(1.079E0,-1.68E-1,-2.525E-1));
#3170=LINE('',#3169,#3168);
#3171=DIRECTION('',(0.E0,1.E0,0.E0));
#3172=VECTOR('',#3171,1.75E-1);
#3173=CARTESIAN_POINT('',(1.096E0,-3.43E-1,-2.525E-1));
#3174=LINE('',#3173,#3172);
#3175=DIRECTION('',(-1.E0,0.E0,0.E0));
#3176=VECTOR('',#3175,1.7E-2);
#3177=CARTESIAN_POINT('',(1.096E0,-3.43E-1,-2.525E-1));
#3178=LINE('',#3177,#3176);
#3179=DIRECTION('',(0.E0,-1.E0,0.E0));
#3180=VECTOR('',#3179,1.75E-1);
#3181=CARTESIAN_POINT('',(1.079E0,-1.68E-1,-1.525E-1));
#3182=LINE('',#3181,#3180);
#3183=DIRECTION('',(0.E0,1.E0,0.E0));
#3184=VECTOR('',#3183,1.75E-1);
#3185=CARTESIAN_POINT('',(1.096E0,-3.43E-1,-1.525E-1));
#3186=LINE('',#3185,#3184);
#3187=DIRECTION('',(-1.E0,0.E0,0.E0));
#3188=VECTOR('',#3187,1.7E-2);
#3189=CARTESIAN_POINT('',(1.096E0,-3.43E-1,-1.525E-1));
#3190=LINE('',#3189,#3188);
#3191=DIRECTION('',(0.E0,-1.E0,0.E0));
#3192=VECTOR('',#3191,1.75E-1);
#3193=CARTESIAN_POINT('',(1.096E0,-1.68E-1,-1.275E-1));
#3194=LINE('',#3193,#3192);
#3195=DIRECTION('',(-1.E0,0.E0,0.E0));
#3196=VECTOR('',#3195,1.7E-2);
#3197=CARTESIAN_POINT('',(1.096E0,-3.43E-1,-1.275E-1));
#3198=LINE('',#3197,#3196);
#3199=DIRECTION('',(0.E0,1.E0,0.E0));
#3200=VECTOR('',#3199,1.75E-1);
#3201=CARTESIAN_POINT('',(1.079E0,-3.43E-1,-1.275E-1));
#3202=LINE('',#3201,#3200);
#3203=DIRECTION('',(0.E0,0.E0,1.E0));
#3204=VECTOR('',#3203,2.5E-2);
#3205=CARTESIAN_POINT('',(1.096E0,-3.43E-1,-1.525E-1));
#3206=LINE('',#3205,#3204);
#3207=DIRECTION('',(0.E0,0.E0,1.E0));
#3208=VECTOR('',#3207,4.1E-1);
#3209=CARTESIAN_POINT('',(1.1175E0,-1.68E-1,-4.65E-1));
#3210=LINE('',#3209,#3208);
#3211=DIRECTION('',(1.E0,0.E0,0.E0));
#3212=VECTOR('',#3211,5.E-2);
#3213=CARTESIAN_POINT('',(1.1375E0,-1.68E-1,-4.65E-1));
#3214=LINE('',#3213,#3212);
#3215=DIRECTION('',(0.E0,1.E0,0.E0));
#3216=VECTOR('',#3215,4.E-2);
#3217=CARTESIAN_POINT('',(1.1875E0,-2.08E-1,-4.65E-1));
#3218=LINE('',#3217,#3216);
#3219=DIRECTION('',(-1.E0,0.E0,0.E0));
#3220=VECTOR('',#3219,2.E-2);
#3221=CARTESIAN_POINT('',(1.2075E0,-2.08E-1,-4.65E-1));
#3222=LINE('',#3221,#3220);
#3223=DIRECTION('',(0.E0,1.E0,0.E0));
#3224=VECTOR('',#3223,4.E-2);
#3225=CARTESIAN_POINT('',(1.2075E0,-2.08E-1,-4.65E-1));
#3226=LINE('',#3225,#3224);
#3227=DIRECTION('',(1.E0,0.E0,0.E0));
#3228=VECTOR('',#3227,3.51E-2);
#3229=CARTESIAN_POINT('',(1.2075E0,-1.68E-1,-4.65E-1));
#3230=LINE('',#3229,#3228);
#3231=DIRECTION('',(-1.E0,0.E0,0.E0));
#3232=VECTOR('',#3231,4.9E-3);
#3233=CARTESIAN_POINT('',(1.2475E0,2.12E-1,-4.65E-1));
#3234=LINE('',#3233,#3232);
#3235=DIRECTION('',(0.E0,1.E0,0.E0));
#3236=VECTOR('',#3235,7.5E-2);
#3237=CARTESIAN_POINT('',(1.2475E0,2.12E-1,-4.65E-1));
#3238=LINE('',#3237,#3236);
#3239=DIRECTION('',(0.E0,1.E0,0.E0));
#3240=VECTOR('',#3239,7.5E-2);
#3241=CARTESIAN_POINT('',(1.0775E0,2.12E-1,-4.65E-1));
#3242=LINE('',#3241,#3240);
#3243=DIRECTION('',(-1.E0,0.E0,0.E0));
#3244=VECTOR('',#3243,4.9E-3);
#3245=CARTESIAN_POINT('',(1.0824E0,2.12E-1,-4.65E-1));
#3246=LINE('',#3245,#3244);
#3247=DIRECTION('',(1.E0,0.E0,0.E0));
#3248=VECTOR('',#3247,3.51E-2);
#3249=CARTESIAN_POINT('',(1.0824E0,-1.68E-1,-4.65E-1));
#3250=LINE('',#3249,#3248);
#3251=DIRECTION('',(0.E0,1.E0,0.E0));
#3252=VECTOR('',#3251,4.E-2);
#3253=CARTESIAN_POINT('',(1.1175E0,-2.08E-1,-4.65E-1));
#3254=LINE('',#3253,#3252);
#3255=DIRECTION('',(-1.E0,0.E0,0.E0));
#3256=VECTOR('',#3255,2.E-2);
#3257=CARTESIAN_POINT('',(1.1375E0,-2.08E-1,-4.65E-1));
#3258=LINE('',#3257,#3256);
#3259=DIRECTION('',(0.E0,-1.E0,0.E0));
#3260=VECTOR('',#3259,4.E-2);
#3261=CARTESIAN_POINT('',(1.1375E0,-1.68E-1,-4.65E-1));
#3262=LINE('',#3261,#3260);
#3263=DIRECTION('',(0.E0,0.E0,1.E0));
#3264=VECTOR('',#3263,3.54E-1);
#3265=CARTESIAN_POINT('',(1.1375E0,-1.68E-1,-4.65E-1));
#3266=LINE('',#3265,#3264);
#3267=DIRECTION('',(0.E0,0.E0,1.E0));
#3268=VECTOR('',#3267,3.54E-1);
#3269=CARTESIAN_POINT('',(1.1375E0,-2.08E-1,-4.65E-1));
#3270=LINE('',#3269,#3268);
#3271=DIRECTION('',(0.E0,-1.E0,0.E0));
#3272=VECTOR('',#3271,4.E-2);
#3273=CARTESIAN_POINT('',(1.1375E0,-1.68E-1,-1.11E-1));
#3274=LINE('',#3273,#3272);
#3275=DIRECTION('',(-1.E0,0.E0,0.E0));
#3276=VECTOR('',#3275,5.E-2);
#3277=CARTESIAN_POINT('',(1.1875E0,-1.68E-1,-1.11E-1));
#3278=LINE('',#3277,#3276);
#3279=DIRECTION('',(0.E0,0.E0,1.E0));
#3280=VECTOR('',#3279,3.54E-1);
#3281=CARTESIAN_POINT('',(1.1875E0,-1.68E-1,-4.65E-1));
#3282=LINE('',#3281,#3280);
#3283=DIRECTION('',(0.E0,-1.E0,0.E0));
#3284=VECTOR('',#3283,4.E-2);
#3285=CARTESIAN_POINT('',(1.1875E0,-1.68E-1,-1.11E-1));
#3286=LINE('',#3285,#3284);
#3287=DIRECTION('',(0.E0,0.E0,1.E0));
#3288=VECTOR('',#3287,3.54E-1);
#3289=CARTESIAN_POINT('',(1.1875E0,-2.08E-1,-4.65E-1));
#3290=LINE('',#3289,#3288);
#3291=DIRECTION('',(0.E0,1.E0,0.E0));
#3292=VECTOR('',#3291,1.E-2);
#3293=CARTESIAN_POINT('',(1.329E0,-1.68E-1,-5.5E-2));
#3294=LINE('',#3293,#3292);
#3295=DIRECTION('',(0.E0,1.E0,0.E0));
#3296=VECTOR('',#3295,1.E-2);
#3297=CARTESIAN_POINT('',(1.246E0,-1.68E-1,-5.5E-2));
#3298=LINE('',#3297,#3296);
#3299=DIRECTION('',(0.E0,1.E0,0.E0));
#3300=VECTOR('',#3299,4.E-2);
#3301=CARTESIAN_POINT('',(1.2075E0,-2.08E-1,-5.5E-2));
#3302=LINE('',#3301,#3300);
#3303=DIRECTION('',(1.E0,0.E0,0.E0));
#3304=VECTOR('',#3303,1.6E-1);
#3305=CARTESIAN_POINT('',(1.2075E0,-2.08E-1,-5.5E-2));
#3306=LINE('',#3305,#3304);
#3307=DIRECTION('',(0.E0,-1.E0,0.E0));
#3308=VECTOR('',#3307,4.E-2);
#3309=CARTESIAN_POINT('',(1.3675E0,-1.68E-1,-5.5E-2));
#3310=LINE('',#3309,#3308);
#3311=DIRECTION('',(0.E0,0.E0,1.E0));
#3312=VECTOR('',#3311,7.25E-2);
#3313=CARTESIAN_POINT('',(1.329E0,-1.68E-1,-1.275E-1));
#3314=LINE('',#3313,#3312);
#3315=DIRECTION('',(0.E0,0.E0,1.E0));
#3316=VECTOR('',#3315,2.5E-2);
#3317=CARTESIAN_POINT('',(1.329E0,-3.43E-1,-1.525E-1));
#3318=LINE('',#3317,#3316);
#3319=DIRECTION('',(0.E0,0.E0,1.E0));
#3320=VECTOR('',#3319,7.5E-2);
#3321=CARTESIAN_POINT('',(1.329E0,-1.68E-1,-2.275E-1));
#3322=LINE('',#3321,#3320);
#3323=DIRECTION('',(0.E0,0.E0,1.E0));
#3324=VECTOR('',#3323,2.5E-2);
#3325=CARTESIAN_POINT('',(1.329E0,-3.43E-1,-2.525E-1));
#3326=LINE('',#3325,#3324);
#3327=DIRECTION('',(0.E0,0.E0,1.E0));
#3328=VECTOR('',#3327,7.5E-2);
#3329=CARTESIAN_POINT('',(1.329E0,-1.68E-1,-3.275E-1));
#3330=LINE('',#3329,#3328);
#3331=DIRECTION('',(0.E0,0.E0,1.E0));
#3332=VECTOR('',#3331,2.5E-2);
#3333=CARTESIAN_POINT('',(1.329E0,-3.43E-1,-3.525E-1));
#3334=LINE('',#3333,#3332);
#3335=DIRECTION('',(0.E0,0.E0,1.E0));
#3336=VECTOR('',#3335,7.5E-2);
#3337=CARTESIAN_POINT('',(1.329E0,-1.68E-1,-4.275E-1));
#3338=LINE('',#3337,#3336);
#3339=DIRECTION('',(0.E0,0.E0,1.E0));
#3340=VECTOR('',#3339,2.5E-2);
#3341=CARTESIAN_POINT('',(1.329E0,-3.43E-1,-4.525E-1));
#3342=LINE('',#3341,#3340);
#3343=DIRECTION('',(0.E0,0.E0,1.E0));
#3344=VECTOR('',#3343,5.775E-1);
#3345=CARTESIAN_POINT('',(1.329E0,1.53E-1,-4.525E-1));
#3346=LINE('',#3345,#3344);
#3347=DIRECTION('',(0.E0,-1.354563458276E-1,9.907833155514E-1));
#3348=VECTOR('',#3347,3.381163113486E-1);
#3349=CARTESIAN_POINT('',(1.329E0,1.5E-1,1.25E-1));
#3350=LINE('',#3349,#3348);
#3351=DIRECTION('',(0.E0,-1.E0,0.E0));
#3352=VECTOR('',#3351,2.06E-1);
#3353=CARTESIAN_POINT('',(1.329E0,1.042E-1,4.6E-1));
#3354=LINE('',#3353,#3352);
#3355=DIRECTION('',(0.E0,-1.354563458276E-1,-9.907833155514E-1));
#3356=VECTOR('',#3355,3.381163113486E-1);
#3357=CARTESIAN_POINT('',(1.329E0,-1.018E-1,4.6E-1));
#3358=LINE('',#3357,#3356);
#3359=DIRECTION('',(-1.E0,0.E0,0.E0));
#3360=VECTOR('',#3359,1.7E-2);
#3361=CARTESIAN_POINT('',(1.346E0,-1.68E-1,-2.275E-1));
#3362=LINE('',#3361,#3360);
#3363=DIRECTION('',(1.E0,0.E0,0.E0));
#3364=VECTOR('',#3363,1.7E-2);
#3365=CARTESIAN_POINT('',(1.329E0,-1.68E-1,-1.525E-1));
#3366=LINE('',#3365,#3364);
#3367=DIRECTION('',(0.E0,0.E0,-1.E0));
#3368=VECTOR('',#3367,2.5E-2);
#3369=CARTESIAN_POINT('',(1.346E0,-1.68E-1,-1.275E-1));
#3370=LINE('',#3369,#3368);
#3371=DIRECTION('',(-1.E0,0.E0,0.E0));
#3372=VECTOR('',#3371,1.7E-2);
#3373=CARTESIAN_POINT('',(1.346E0,-1.68E-1,-1.275E-1));
#3374=LINE('',#3373,#3372);
#3375=DIRECTION('',(1.E0,0.E0,0.E0));
#3376=VECTOR('',#3375,3.85E-2);
#3377=CARTESIAN_POINT('',(1.329E0,-1.68E-1,-5.5E-2));
#3378=LINE('',#3377,#3376);
#3379=DIRECTION('',(1.E0,0.E0,0.E0));
#3380=VECTOR('',#3379,1.36E-2);
#3381=CARTESIAN_POINT('',(1.3324E0,-1.68E-1,-4.525E-1));
#3382=LINE('',#3381,#3380);
#3383=DIRECTION('',(0.E0,0.E0,-1.E0));
#3384=VECTOR('',#3383,2.5E-2);
#3385=CARTESIAN_POINT('',(1.346E0,-1.68E-1,-4.275E-1));
#3386=LINE('',#3385,#3384);
#3387=DIRECTION('',(-1.E0,0.E0,0.E0));
#3388=VECTOR('',#3387,1.7E-2);
#3389=CARTESIAN_POINT('',(1.346E0,-1.68E-1,-4.275E-1));
#3390=LINE('',#3389,#3388);
#3391=DIRECTION('',(1.E0,0.E0,0.E0));
#3392=VECTOR('',#3391,1.7E-2);
#3393=CARTESIAN_POINT('',(1.329E0,-1.68E-1,-3.525E-1));
#3394=LINE('',#3393,#3392);
#3395=DIRECTION('',(0.E0,0.E0,-1.E0));
#3396=VECTOR('',#3395,2.5E-2);
#3397=CARTESIAN_POINT('',(1.346E0,-1.68E-1,-3.275E-1));
#3398=LINE('',#3397,#3396);
#3399=DIRECTION('',(-1.E0,0.E0,0.E0));
#3400=VECTOR('',#3399,1.7E-2);
#3401=CARTESIAN_POINT('',(1.346E0,-1.68E-1,-3.275E-1));
#3402=LINE('',#3401,#3400);
#3403=DIRECTION('',(1.E0,0.E0,0.E0));
#3404=VECTOR('',#3403,1.7E-2);
#3405=CARTESIAN_POINT('',(1.329E0,-1.68E-1,-2.525E-1));
#3406=LINE('',#3405,#3404);
#3407=DIRECTION('',(0.E0,0.E0,-1.E0));
#3408=VECTOR('',#3407,2.5E-2);
#3409=CARTESIAN_POINT('',(1.346E0,-1.68E-1,-2.275E-1));
#3410=LINE('',#3409,#3408);
#3411=DIRECTION('',(0.E0,-1.E0,0.E0));
#3412=VECTOR('',#3411,1.75E-1);
#3413=CARTESIAN_POINT('',(1.346E0,-1.68E-1,-2.275E-1));
#3414=LINE('',#3413,#3412);
#3415=DIRECTION('',(-1.E0,0.E0,0.E0));
#3416=VECTOR('',#3415,1.7E-2);
#3417=CARTESIAN_POINT('',(1.346E0,-3.43E-1,-2.275E-1));
#3418=LINE('',#3417,#3416);
#3419=DIRECTION('',(0.E0,1.E0,0.E0));
#3420=VECTOR('',#3419,1.75E-1);
#3421=CARTESIAN_POINT('',(1.329E0,-3.43E-1,-2.275E-1));
#3422=LINE('',#3421,#3420);
#3423=DIRECTION('',(0.E0,0.E0,1.E0));
#3424=VECTOR('',#3423,2.5E-2);
#3425=CARTESIAN_POINT('',(1.346E0,-3.43E-1,-2.525E-1));
#3426=LINE('',#3425,#3424);
#3427=DIRECTION('',(0.E0,-1.E0,0.E0));
#3428=VECTOR('',#3427,1.75E-1);
#3429=CARTESIAN_POINT('',(1.329E0,-1.68E-1,-2.525E-1));
#3430=LINE('',#3429,#3428);
#3431=DIRECTION('',(0.E0,1.E0,0.E0));
#3432=VECTOR('',#3431,1.75E-1);
#3433=CARTESIAN_POINT('',(1.346E0,-3.43E-1,-2.525E-1));
#3434=LINE('',#3433,#3432);
#3435=DIRECTION('',(-1.E0,0.E0,0.E0));
#3436=VECTOR('',#3435,1.7E-2);
#3437=CARTESIAN_POINT('',(1.346E0,-3.43E-1,-2.525E-1));
#3438=LINE('',#3437,#3436);
#3439=DIRECTION('',(0.E0,-1.E0,0.E0));
#3440=VECTOR('',#3439,1.75E-1);
#3441=CARTESIAN_POINT('',(1.329E0,-1.68E-1,-1.525E-1));
#3442=LINE('',#3441,#3440);
#3443=DIRECTION('',(0.E0,1.E0,0.E0));
#3444=VECTOR('',#3443,1.75E-1);
#3445=CARTESIAN_POINT('',(1.346E0,-3.43E-1,-1.525E-1));
#3446=LINE('',#3445,#3444);
#3447=DIRECTION('',(-1.E0,0.E0,0.E0));
#3448=VECTOR('',#3447,1.7E-2);
#3449=CARTESIAN_POINT('',(1.346E0,-3.43E-1,-1.525E-1));
#3450=LINE('',#3449,#3448);
#3451=DIRECTION('',(0.E0,-1.E0,0.E0));
#3452=VECTOR('',#3451,1.75E-1);
#3453=CARTESIAN_POINT('',(1.346E0,-1.68E-1,-1.275E-1));
#3454=LINE('',#3453,#3452);
#3455=DIRECTION('',(-1.E0,0.E0,0.E0));
#3456=VECTOR('',#3455,1.7E-2);
#3457=CARTESIAN_POINT('',(1.346E0,-3.43E-1,-1.275E-1));
#3458=LINE('',#3457,#3456);
#3459=DIRECTION('',(0.E0,1.E0,0.E0));
#3460=VECTOR('',#3459,1.75E-1);
#3461=CARTESIAN_POINT('',(1.329E0,-3.43E-1,-1.275E-1));
#3462=LINE('',#3461,#3460);
#3463=DIRECTION('',(0.E0,0.E0,1.E0));
#3464=VECTOR('',#3463,2.5E-2);
#3465=CARTESIAN_POINT('',(1.346E0,-3.43E-1,-1.525E-1));
#3466=LINE('',#3465,#3464);
#3467=DIRECTION('',(0.E0,0.E0,1.E0));
#3468=VECTOR('',#3467,4.1E-1);
#3469=CARTESIAN_POINT('',(1.3675E0,-1.68E-1,-4.65E-1));
#3470=LINE('',#3469,#3468);
#3471=DIRECTION('',(1.E0,0.E0,0.E0));
#3472=VECTOR('',#3471,5.E-2);
#3473=CARTESIAN_POINT('',(1.3875E0,-1.68E-1,-4.65E-1));
#3474=LINE('',#3473,#3472);
#3475=DIRECTION('',(0.E0,1.E0,0.E0));
#3476=VECTOR('',#3475,4.E-2);
#3477=CARTESIAN_POINT('',(1.4375E0,-2.08E-1,-4.65E-1));
#3478=LINE('',#3477,#3476);
#3479=DIRECTION('',(-1.E0,0.E0,0.E0));
#3480=VECTOR('',#3479,2.E-2);
#3481=CARTESIAN_POINT('',(1.4575E0,-2.08E-1,-4.65E-1));
#3482=LINE('',#3481,#3480);
#3483=DIRECTION('',(0.E0,1.E0,0.E0));
#3484=VECTOR('',#3483,4.E-2);
#3485=CARTESIAN_POINT('',(1.4575E0,-2.08E-1,-4.65E-1));
#3486=LINE('',#3485,#3484);
#3487=DIRECTION('',(1.E0,0.E0,0.E0));
#3488=VECTOR('',#3487,3.51E-2);
#3489=CARTESIAN_POINT('',(1.4575E0,-1.68E-1,-4.65E-1));
#3490=LINE('',#3489,#3488);
#3491=DIRECTION('',(-1.E0,0.E0,0.E0));
#3492=VECTOR('',#3491,4.9E-3);
#3493=CARTESIAN_POINT('',(1.4975E0,2.12E-1,-4.65E-1));
#3494=LINE('',#3493,#3492);
#3495=DIRECTION('',(0.E0,1.E0,0.E0));
#3496=VECTOR('',#3495,7.5E-2);
#3497=CARTESIAN_POINT('',(1.4975E0,2.12E-1,-4.65E-1));
#3498=LINE('',#3497,#3496);
#3499=DIRECTION('',(0.E0,1.E0,0.E0));
#3500=VECTOR('',#3499,7.5E-2);
#3501=CARTESIAN_POINT('',(1.3275E0,2.12E-1,-4.65E-1));
#3502=LINE('',#3501,#3500);
#3503=DIRECTION('',(-1.E0,0.E0,0.E0));
#3504=VECTOR('',#3503,4.9E-3);
#3505=CARTESIAN_POINT('',(1.3324E0,2.12E-1,-4.65E-1));
#3506=LINE('',#3505,#3504);
#3507=DIRECTION('',(1.E0,0.E0,0.E0));
#3508=VECTOR('',#3507,3.51E-2);
#3509=CARTESIAN_POINT('',(1.3324E0,-1.68E-1,-4.65E-1));
#3510=LINE('',#3509,#3508);
#3511=DIRECTION('',(0.E0,1.E0,0.E0));
#3512=VECTOR('',#3511,4.E-2);
#3513=CARTESIAN_POINT('',(1.3675E0,-2.08E-1,-4.65E-1));
#3514=LINE('',#3513,#3512);
#3515=DIRECTION('',(-1.E0,0.E0,0.E0));
#3516=VECTOR('',#3515,2.E-2);
#3517=CARTESIAN_POINT('',(1.3875E0,-2.08E-1,-4.65E-1));
#3518=LINE('',#3517,#3516);
#3519=DIRECTION('',(0.E0,-1.E0,0.E0));
#3520=VECTOR('',#3519,4.E-2);
#3521=CARTESIAN_POINT('',(1.3875E0,-1.68E-1,-4.65E-1));
#3522=LINE('',#3521,#3520);
#3523=DIRECTION('',(0.E0,0.E0,1.E0));
#3524=VECTOR('',#3523,3.54E-1);
#3525=CARTESIAN_POINT('',(1.3875E0,-1.68E-1,-4.65E-1));
#3526=LINE('',#3525,#3524);
#3527=DIRECTION('',(0.E0,0.E0,1.E0));
#3528=VECTOR('',#3527,3.54E-1);
#3529=CARTESIAN_POINT('',(1.3875E0,-2.08E-1,-4.65E-1));
#3530=LINE('',#3529,#3528);
#3531=DIRECTION('',(0.E0,-1.E0,0.E0));
#3532=VECTOR('',#3531,4.E-2);
#3533=CARTESIAN_POINT('',(1.3875E0,-1.68E-1,-1.11E-1));
#3534=LINE('',#3533,#3532);
#3535=DIRECTION('',(-1.E0,0.E0,0.E0));
#3536=VECTOR('',#3535,5.E-2);
#3537=CARTESIAN_POINT('',(1.4375E0,-1.68E-1,-1.11E-1));
#3538=LINE('',#3537,#3536);
#3539=DIRECTION('',(0.E0,0.E0,1.E0));
#3540=VECTOR('',#3539,3.54E-1);
#3541=CARTESIAN_POINT('',(1.4375E0,-1.68E-1,-4.65E-1));
#3542=LINE('',#3541,#3540);
#3543=DIRECTION('',(0.E0,-1.E0,0.E0));
#3544=VECTOR('',#3543,4.E-2);
#3545=CARTESIAN_POINT('',(1.4375E0,-1.68E-1,-1.11E-1));
#3546=LINE('',#3545,#3544);
#3547=DIRECTION('',(0.E0,0.E0,1.E0));
#3548=VECTOR('',#3547,3.54E-1);
#3549=CARTESIAN_POINT('',(1.4375E0,-2.08E-1,-4.65E-1));
#3550=LINE('',#3549,#3548);
#3551=DIRECTION('',(0.E0,0.E0,-1.E0));
#3552=VECTOR('',#3551,2.05E-1);
#3553=CARTESIAN_POINT('',(1.4975E0,2.12E-1,-2.6E-1));
#3554=LINE('',#3553,#3552);
#3555=DIRECTION('',(-1.E0,0.E0,0.E0));
#3556=VECTOR('',#3555,8.E-2);
#3557=CARTESIAN_POINT('',(1.5775E0,2.12E-1,-2.6E-1));
#3558=LINE('',#3557,#3556);
#3559=DIRECTION('',(0.E0,-1.E0,0.E0));
#3560=VECTOR('',#3559,7.5E-2);
#3561=CARTESIAN_POINT('',(1.4975E0,2.87E-1,-2.6E-1));
#3562=LINE('',#3561,#3560);
#3563=DIRECTION('',(0.E0,0.E0,1.E0));
#3564=VECTOR('',#3563,2.05E-1);
#3565=CARTESIAN_POINT('',(1.3275E0,2.12E-1,-4.65E-1));
#3566=LINE('',#3565,#3564);
#3567=DIRECTION('',(0.E0,-1.E0,0.E0));
#3568=VECTOR('',#3567,7.5E-2);
#3569=CARTESIAN_POINT('',(1.3275E0,2.87E-1,-2.6E-1));
#3570=LINE('',#3569,#3568);
#3571=DIRECTION('',(0.E0,0.E0,1.E0));
#3572=VECTOR('',#3571,6.05E-1);
#3573=CARTESIAN_POINT('',(1.2426E0,2.12E-1,-4.65E-1));
#3574=LINE('',#3573,#3572);
#3575=DIRECTION('',(0.E0,0.E0,-1.E0));
#3576=VECTOR('',#3575,6.05E-1);
#3577=CARTESIAN_POINT('',(1.3324E0,2.12E-1,1.4E-1));
#3578=LINE('',#3577,#3576);
#3579=DIRECTION('',(0.E0,1.E0,0.E0));
#3580=VECTOR('',#3579,3.21E-1);
#3581=CARTESIAN_POINT('',(1.2426E0,-1.68E-1,-4.525E-1));
#3582=LINE('',#3581,#3580);
#3583=DIRECTION('',(0.E0,0.E0,1.E0));
#3584=VECTOR('',#3583,5.775E-1);
#3585=CARTESIAN_POINT('',(1.2426E0,1.53E-1,-4.525E-1));
#3586=LINE('',#3585,#3584);
#3587=DIRECTION('',(0.E0,1.E0,0.E0));
#3588=VECTOR('',#3587,3.E-3);
#3589=CARTESIAN_POINT('',(1.2426E0,1.5E-1,1.25E-1));
#3590=LINE('',#3589,#3588);
#3591=DIRECTION('',(0.E0,1.354563458276E-1,-9.907833155514E-1));
#3592=VECTOR('',#3591,1.513953632904E-2);
#3593=CARTESIAN_POINT('',(1.2426E0,1.479492537313E-1,1.4E-1));
#3594=LINE('',#3593,#3592);
#3595=DIRECTION('',(0.E0,-1.E0,0.E0));
#3596=VECTOR('',#3595,3.8E-1);
#3597=CARTESIAN_POINT('',(1.2426E0,2.12E-1,-4.65E-1));
#3598=LINE('',#3597,#3596);
#3599=DIRECTION('',(1.776356839400E-14,0.E0,1.E0));
#3600=VECTOR('',#3599,1.25E-2);
#3601=CARTESIAN_POINT('',(1.2426E0,-1.68E-1,-4.65E-1));
#3602=LINE('',#3601,#3600);
#3603=DIRECTION('',(0.E0,-1.E0,0.E0));
#3604=VECTOR('',#3603,1.75E-1);
#3605=CARTESIAN_POINT('',(1.229E0,-1.68E-1,-4.525E-1));
#3606=LINE('',#3605,#3604);
#3607=DIRECTION('',(1.E0,0.E0,0.E0));
#3608=VECTOR('',#3607,1.7E-2);
#3609=CARTESIAN_POINT('',(1.229E0,-3.43E-1,-4.525E-1));
#3610=LINE('',#3609,#3608);
#3611=DIRECTION('',(0.E0,-1.E0,0.E0));
#3612=VECTOR('',#3611,4.96E-1);
#3613=CARTESIAN_POINT('',(1.246E0,1.53E-1,-4.525E-1));
#3614=LINE('',#3613,#3612);
#3615=DIRECTION('',(-1.E0,0.E0,0.E0));
#3616=VECTOR('',#3615,3.399999999999E-3);
#3617=CARTESIAN_POINT('',(1.246E0,1.53E-1,-4.525E-1));
#3618=LINE('',#3617,#3616);
#3619=DIRECTION('',(1.E0,0.E0,0.E0));
#3620=VECTOR('',#3619,1.7E-2);
#3621=CARTESIAN_POINT('',(1.229E0,-1.68E-1,-1.525E-1));
#3622=LINE('',#3621,#3620);
#3623=DIRECTION('',(-1.E0,0.E0,0.E0));
#3624=VECTOR('',#3623,1.7E-2);
#3625=CARTESIAN_POINT('',(1.246E0,-1.68E-1,-2.275E-1));
#3626=LINE('',#3625,#3624);
#3627=DIRECTION('',(0.E0,0.E0,-1.E0));
#3628=VECTOR('',#3627,2.5E-2);
#3629=CARTESIAN_POINT('',(1.229E0,-1.68E-1,-2.275E-1));
#3630=LINE('',#3629,#3628);
#3631=DIRECTION('',(1.E0,0.E0,0.E0));
#3632=VECTOR('',#3631,1.7E-2);
#3633=CARTESIAN_POINT('',(1.229E0,-1.68E-1,-2.525E-1));
#3634=LINE('',#3633,#3632);
#3635=DIRECTION('',(-1.E0,0.E0,0.E0));
#3636=VECTOR('',#3635,1.7E-2);
#3637=CARTESIAN_POINT('',(1.246E0,-1.68E-1,-3.275E-1));
#3638=LINE('',#3637,#3636);
#3639=DIRECTION('',(0.E0,0.E0,-1.E0));
#3640=VECTOR('',#3639,2.5E-2);
#3641=CARTESIAN_POINT('',(1.229E0,-1.68E-1,-3.275E-1));
#3642=LINE('',#3641,#3640);
#3643=DIRECTION('',(1.E0,0.E0,0.E0));
#3644=VECTOR('',#3643,1.7E-2);
#3645=CARTESIAN_POINT('',(1.229E0,-1.68E-1,-3.525E-1));
#3646=LINE('',#3645,#3644);
#3647=DIRECTION('',(-1.E0,0.E0,0.E0));
#3648=VECTOR('',#3647,1.7E-2);
#3649=CARTESIAN_POINT('',(1.246E0,-1.68E-1,-4.275E-1));
#3650=LINE('',#3649,#3648);
#3651=DIRECTION('',(2.664535259100E-14,0.E0,-1.E0));
#3652=VECTOR('',#3651,2.5E-2);
#3653=CARTESIAN_POINT('',(1.229E0,-1.68E-1,-4.275E-1));
#3654=LINE('',#3653,#3652);
#3655=DIRECTION('',(-1.E0,0.E0,0.E0));
#3656=VECTOR('',#3655,1.36E-2);
#3657=CARTESIAN_POINT('',(1.2426E0,-1.68E-1,-4.525E-1));
#3658=LINE('',#3657,#3656);
#3659=DIRECTION('',(0.E0,0.E0,1.E0));
#3660=VECTOR('',#3659,4.1E-1);
#3661=CARTESIAN_POINT('',(1.2075E0,-1.68E-1,-4.65E-1));
#3662=LINE('',#3661,#3660);
#3663=DIRECTION('',(1.E0,0.E0,0.E0));
#3664=VECTOR('',#3663,3.85E-2);
#3665=CARTESIAN_POINT('',(1.2075E0,-1.68E-1,-5.5E-2));
#3666=LINE('',#3665,#3664);
#3667=DIRECTION('',(-1.E0,0.E0,0.E0));
#3668=VECTOR('',#3667,1.7E-2);
#3669=CARTESIAN_POINT('',(1.246E0,-1.68E-1,-1.275E-1));
#3670=LINE('',#3669,#3668);
#3671=DIRECTION('',(0.E0,0.E0,-1.E0));
#3672=VECTOR('',#3671,2.5E-2);
#3673=CARTESIAN_POINT('',(1.229E0,-1.68E-1,-1.275E-1));
#3674=LINE('',#3673,#3672);
#3675=DIRECTION('',(0.E0,-1.E0,0.E0));
#3676=VECTOR('',#3675,1.75E-1);
#3677=CARTESIAN_POINT('',(1.229E0,-1.68E-1,-1.525E-1));
#3678=LINE('',#3677,#3676);
#3679=DIRECTION('',(1.E0,0.E0,0.E0));
#3680=VECTOR('',#3679,1.7E-2);
#3681=CARTESIAN_POINT('',(1.229E0,-3.43E-1,-1.525E-1));
#3682=LINE('',#3681,#3680);
#3683=DIRECTION('',(0.E0,1.E0,0.E0));
#3684=VECTOR('',#3683,1.75E-1);
#3685=CARTESIAN_POINT('',(1.246E0,-3.43E-1,-1.525E-1));
#3686=LINE('',#3685,#3684);
#3687=DIRECTION('',(0.E0,-1.E0,0.E0));
#3688=VECTOR('',#3687,1.75E-1);
#3689=CARTESIAN_POINT('',(1.246E0,-1.68E-1,-1.275E-1));
#3690=LINE('',#3689,#3688);
#3691=DIRECTION('',(0.E0,1.E0,0.E0));
#3692=VECTOR('',#3691,1.75E-1);
#3693=CARTESIAN_POINT('',(1.229E0,-3.43E-1,-1.275E-1));
#3694=LINE('',#3693,#3692);
#3695=DIRECTION('',(0.E0,1.354563458276E-1,9.907833155514E-1));
#3696=VECTOR('',#3695,3.381163113486E-1);
#3697=CARTESIAN_POINT('',(1.246E0,-1.476E-1,1.25E-1));
#3698=LINE('',#3697,#3696);
#3699=DIRECTION('',(0.E0,1.E0,0.E0));
#3700=VECTOR('',#3699,2.06E-1);
#3701=CARTESIAN_POINT('',(1.246E0,-1.018E-1,4.6E-1));
#3702=LINE('',#3701,#3700);
#3703=DIRECTION('',(0.E0,1.354563458276E-1,-9.907833155514E-1));
#3704=VECTOR('',#3703,3.381163113486E-1);
#3705=CARTESIAN_POINT('',(1.246E0,1.042E-1,4.6E-1));
#3706=LINE('',#3705,#3704);
#3707=DIRECTION('',(0.E0,0.E0,1.E0));
#3708=VECTOR('',#3707,5.775E-1);
#3709=CARTESIAN_POINT('',(1.246E0,1.53E-1,-4.525E-1));
#3710=LINE('',#3709,#3708);
#3711=DIRECTION('',(0.E0,0.E0,1.E0));
#3712=VECTOR('',#3711,7.5E-2);
#3713=CARTESIAN_POINT('',(1.246E0,-1.68E-1,-4.275E-1));
#3714=LINE('',#3713,#3712);
#3715=DIRECTION('',(0.E0,0.E0,1.E0));
#3716=VECTOR('',#3715,7.5E-2);
#3717=CARTESIAN_POINT('',(1.246E0,-1.68E-1,-3.275E-1));
#3718=LINE('',#3717,#3716);
#3719=DIRECTION('',(0.E0,0.E0,1.E0));
#3720=VECTOR('',#3719,7.5E-2);
#3721=CARTESIAN_POINT('',(1.246E0,-1.68E-1,-2.275E-1));
#3722=LINE('',#3721,#3720);
#3723=DIRECTION('',(0.E0,0.E0,1.E0));
#3724=VECTOR('',#3723,7.25E-2);
#3725=CARTESIAN_POINT('',(1.246E0,-1.68E-1,-1.275E-1));
#3726=LINE('',#3725,#3724);
#3727=DIRECTION('',(0.E0,0.E0,-1.E0));
#3728=VECTOR('',#3727,1.8E-1);
#3729=CARTESIAN_POINT('',(1.329E0,-1.58E-1,1.25E-1));
#3730=LINE('',#3729,#3728);
#3731=DIRECTION('',(-1.E0,0.E0,0.E0));
#3732=VECTOR('',#3731,3.399999999999E-3);
#3733=CARTESIAN_POINT('',(1.3324E0,-1.58E-1,1.25E-1));
#3734=LINE('',#3733,#3732);
#3735=DIRECTION('',(2.960594732334E-14,0.E0,1.E0));
#3736=VECTOR('',#3735,1.5E-2);
#3737=CARTESIAN_POINT('',(1.3324E0,-1.58E-1,1.25E-1));
#3738=LINE('',#3737,#3736);
#3739=DIRECTION('',(-1.E0,0.E0,0.E0));
#3740=VECTOR('',#3739,8.98E-2);
#3741=CARTESIAN_POINT('',(1.3324E0,-1.58E-1,1.4E-1));
#3742=LINE('',#3741,#3740);
#3743=DIRECTION('',(1.E0,0.E0,0.E0));
#3744=VECTOR('',#3743,3.399999999999E-3);
#3745=CARTESIAN_POINT('',(1.2426E0,-1.58E-1,1.25E-1));
#3746=LINE('',#3745,#3744);
#3747=DIRECTION('',(0.E0,0.E0,-1.E0));
#3748=VECTOR('',#3747,1.8E-1);
#3749=CARTESIAN_POINT('',(1.246E0,-1.58E-1,1.25E-1));
#3750=LINE('',#3749,#3748);
#3751=DIRECTION('',(1.E0,0.E0,0.E0));
#3752=VECTOR('',#3751,8.3E-2);
#3753=CARTESIAN_POINT('',(1.246E0,-1.58E-1,-5.5E-2));
#3754=LINE('',#3753,#3752);
#3755=DIRECTION('',(-2.135044278125E-14,1.E0,0.E0));
#3756=VECTOR('',#3755,1.04E-2);
#3757=CARTESIAN_POINT('',(1.329E0,-1.58E-1,1.25E-1));
#3758=LINE('',#3757,#3756);
#3759=DIRECTION('',(-2.135044278125E-14,1.E0,0.E0));
#3760=VECTOR('',#3759,1.04E-2);
#3761=CARTESIAN_POINT('',(1.3324E0,-1.58E-1,1.25E-1));
#3762=LINE('',#3761,#3760);
#3763=DIRECTION('',(-1.466653932453E-14,-1.354563458276E-1,-9.907833155514E-1));
#3764=VECTOR('',#3763,1.513953632904E-2);
#3765=CARTESIAN_POINT('',(1.3324E0,-1.455492537313E-1,1.4E-1));
#3766=LINE('',#3765,#3764);
#3767=DIRECTION('',(-1.E0,0.E0,0.E0));
#3768=VECTOR('',#3767,3.399999999999E-3);
#3769=CARTESIAN_POINT('',(1.3324E0,-1.476E-1,1.25E-1));
#3770=LINE('',#3769,#3768);
#3771=DIRECTION('',(-1.E0,0.E0,0.E0));
#3772=VECTOR('',#3771,1.7E-2);
#3773=CARTESIAN_POINT('',(1.346E0,-1.018E-1,4.6E-1));
#3774=LINE('',#3773,#3772);
#3775=DIRECTION('',(0.E0,-1.354563458276E-1,-9.907833155514E-1));
#3776=VECTOR('',#3775,3.229767750196E-1);
#3777=CARTESIAN_POINT('',(1.346E0,-1.018E-1,4.6E-1));
#3778=LINE('',#3777,#3776);
#3779=DIRECTION('',(0.E0,-1.E0,0.E0));
#3780=VECTOR('',#3779,2.06E-1);
#3781=CARTESIAN_POINT('',(1.346E0,1.042E-1,4.6E-1));
#3782=LINE('',#3781,#3780);
#3783=DIRECTION('',(0.E0,-1.354563458276E-1,9.907833155514E-1));
#3784=VECTOR('',#3783,3.229767750196E-1);
#3785=CARTESIAN_POINT('',(1.346E0,1.479492537313E-1,1.4E-1));
#3786=LINE('',#3785,#3784);
#3787=DIRECTION('',(-1.E0,0.E0,0.E0));
#3788=VECTOR('',#3787,1.7E-2);
#3789=CARTESIAN_POINT('',(1.346E0,1.042E-1,4.6E-1));
#3790=LINE('',#3789,#3788);
#3791=DIRECTION('',(-1.E0,0.E0,0.E0));
#3792=VECTOR('',#3791,3.399999999999E-3);
#3793=CARTESIAN_POINT('',(1.3324E0,1.5E-1,1.25E-1));
#3794=LINE('',#3793,#3792);
#3795=DIRECTION('',(0.E0,1.E0,0.E0));
#3796=VECTOR('',#3795,3.E-3);
#3797=CARTESIAN_POINT('',(1.329E0,1.5E-1,1.25E-1));
#3798=LINE('',#3797,#3796);
#3799=DIRECTION('',(1.E0,0.E0,0.E0));
#3800=VECTOR('',#3799,3.399999999999E-3);
#3801=CARTESIAN_POINT('',(1.329E0,1.53E-1,1.25E-1));
#3802=LINE('',#3801,#3800);
#3803=DIRECTION('',(0.E0,1.E0,0.E0));
#3804=VECTOR('',#3803,3.21E-1);
#3805=CARTESIAN_POINT('',(1.3324E0,-1.68E-1,-4.525E-1));
#3806=LINE('',#3805,#3804);
#3807=DIRECTION('',(-1.776356839400E-14,0.E0,1.E0));
#3808=VECTOR('',#3807,1.25E-2);
#3809=CARTESIAN_POINT('',(1.3324E0,-1.68E-1,-4.65E-1));
#3810=LINE('',#3809,#3808);
#3811=DIRECTION('',(0.E0,1.E0,0.E0));
#3812=VECTOR('',#3811,3.8E-1);
#3813=CARTESIAN_POINT('',(1.3324E0,-1.68E-1,-4.65E-1));
#3814=LINE('',#3813,#3812);
#3815=DIRECTION('',(-1.466653932453E-14,1.354563458276E-1,-9.907833155514E-1));
#3816=VECTOR('',#3815,1.513953632904E-2);
#3817=CARTESIAN_POINT('',(1.3324E0,1.479492537313E-1,1.4E-1));
#3818=LINE('',#3817,#3816);
#3819=DIRECTION('',(0.E0,1.E0,0.E0));
#3820=VECTOR('',#3819,3.E-3);
#3821=CARTESIAN_POINT('',(1.3324E0,1.5E-1,1.25E-1));
#3822=LINE('',#3821,#3820);
#3823=DIRECTION('',(0.E0,0.E0,1.E0));
#3824=VECTOR('',#3823,5.775E-1);
#3825=CARTESIAN_POINT('',(1.3324E0,1.53E-1,-4.525E-1));
#3826=LINE('',#3825,#3824);
#3827=DIRECTION('',(0.E0,1.E0,0.E0));
#3828=VECTOR('',#3827,4.96E-1);
#3829=CARTESIAN_POINT('',(1.329E0,-3.43E-1,-4.525E-1));
#3830=LINE('',#3829,#3828);
#3831=DIRECTION('',(0.E0,1.E0,0.E0));
#3832=VECTOR('',#3831,1.75E-1);
#3833=CARTESIAN_POINT('',(1.346E0,-3.43E-1,-4.525E-1));
#3834=LINE('',#3833,#3832);
#3835=DIRECTION('',(1.E0,0.E0,0.E0));
#3836=VECTOR('',#3835,3.399999999999E-3);
#3837=CARTESIAN_POINT('',(1.329E0,1.53E-1,-4.525E-1));
#3838=LINE('',#3837,#3836);
#3839=DIRECTION('',(-1.E0,0.E0,0.E0));
#3840=VECTOR('',#3839,1.7E-2);
#3841=CARTESIAN_POINT('',(1.346E0,-3.43E-1,-4.525E-1));
#3842=LINE('',#3841,#3840);
#3843=DIRECTION('',(0.E0,-1.E0,0.E0));
#3844=VECTOR('',#3843,1.75E-1);
#3845=CARTESIAN_POINT('',(1.346E0,-1.68E-1,-4.275E-1));
#3846=LINE('',#3845,#3844);
#3847=DIRECTION('',(-1.E0,0.E0,0.E0));
#3848=VECTOR('',#3847,1.7E-2);
#3849=CARTESIAN_POINT('',(1.346E0,-3.43E-1,-4.275E-1));
#3850=LINE('',#3849,#3848);
#3851=DIRECTION('',(0.E0,1.E0,0.E0));
#3852=VECTOR('',#3851,1.75E-1);
#3853=CARTESIAN_POINT('',(1.329E0,-3.43E-1,-4.275E-1));
#3854=LINE('',#3853,#3852);
#3855=DIRECTION('',(0.E0,0.E0,1.E0));
#3856=VECTOR('',#3855,2.5E-2);
#3857=CARTESIAN_POINT('',(1.346E0,-3.43E-1,-4.525E-1));
#3858=LINE('',#3857,#3856);
#3859=DIRECTION('',(0.E0,1.E0,0.E0));
#3860=VECTOR('',#3859,1.04E-2);
#3861=CARTESIAN_POINT('',(1.2426E0,-1.58E-1,1.25E-1));
#3862=LINE('',#3861,#3860);
#3863=DIRECTION('',(-2.960594732334E-14,0.E0,1.E0));
#3864=VECTOR('',#3863,1.5E-2);
#3865=CARTESIAN_POINT('',(1.2426E0,-1.58E-1,1.25E-1));
#3866=LINE('',#3865,#3864);
#3867=DIRECTION('',(0.E0,-1.354563458276E-1,-9.907833155514E-1));
#3868=VECTOR('',#3867,1.513953632904E-2);
#3869=CARTESIAN_POINT('',(1.2426E0,-1.455492537313E-1,1.4E-1));
#3870=LINE('',#3869,#3868);
#3871=DIRECTION('',(1.E0,0.E0,0.E0));
#3872=VECTOR('',#3871,3.399999999999E-3);
#3873=CARTESIAN_POINT('',(1.2426E0,-1.476E-1,1.25E-1));
#3874=LINE('',#3873,#3872);
#3875=DIRECTION('',(0.E0,-1.E0,0.E0));
#3876=VECTOR('',#3875,1.04E-2);
#3877=CARTESIAN_POINT('',(1.246E0,-1.476E-1,1.25E-1));
#3878=LINE('',#3877,#3876);
#3879=DIRECTION('',(1.E0,0.E0,0.E0));
#3880=VECTOR('',#3879,1.7E-2);
#3881=CARTESIAN_POINT('',(1.229E0,-1.018E-1,4.6E-1));
#3882=LINE('',#3881,#3880);
#3883=DIRECTION('',(0.E0,1.354563458276E-1,-9.907833155514E-1));
#3884=VECTOR('',#3883,3.229767750196E-1);
#3885=CARTESIAN_POINT('',(1.229E0,1.042E-1,4.6E-1));
#3886=LINE('',#3885,#3884);
#3887=DIRECTION('',(0.E0,1.E0,0.E0));
#3888=VECTOR('',#3887,2.06E-1);
#3889=CARTESIAN_POINT('',(1.229E0,-1.018E-1,4.6E-1));
#3890=LINE('',#3889,#3888);
#3891=DIRECTION('',(0.E0,1.354563458276E-1,9.907833155514E-1));
#3892=VECTOR('',#3891,3.229767750196E-1);
#3893=CARTESIAN_POINT('',(1.229E0,-1.455492537313E-1,1.4E-1));
#3894=LINE('',#3893,#3892);
#3895=DIRECTION('',(1.E0,0.E0,0.E0));
#3896=VECTOR('',#3895,3.399999999999E-3);
#3897=CARTESIAN_POINT('',(1.2426E0,1.5E-1,1.25E-1));
#3898=LINE('',#3897,#3896);
#3899=DIRECTION('',(0.E0,-1.E0,0.E0));
#3900=VECTOR('',#3899,3.E-3);
#3901=CARTESIAN_POINT('',(1.246E0,1.53E-1,1.25E-1));
#3902=LINE('',#3901,#3900);
#3903=DIRECTION('',(-1.E0,0.E0,0.E0));
#3904=VECTOR('',#3903,3.399999999999E-3);
#3905=CARTESIAN_POINT('',(1.246E0,1.53E-1,1.25E-1));
#3906=LINE('',#3905,#3904);
#3907=DIRECTION('',(1.E0,0.E0,0.E0));
#3908=VECTOR('',#3907,1.7E-2);
#3909=CARTESIAN_POINT('',(1.229E0,1.042E-1,4.6E-1));
#3910=LINE('',#3909,#3908);
#3911=DIRECTION('',(1.E0,0.E0,0.E0));
#3912=VECTOR('',#3911,1.7E-2);
#3913=CARTESIAN_POINT('',(1.229E0,-3.43E-1,-4.275E-1));
#3914=LINE('',#3913,#3912);
#3915=DIRECTION('',(-1.776356839400E-14,0.E0,1.E0));
#3916=VECTOR('',#3915,2.5E-2);
#3917=CARTESIAN_POINT('',(1.246E0,-3.43E-1,-4.525E-1));
#3918=LINE('',#3917,#3916);
#3919=DIRECTION('',(-1.776356839400E-14,0.E0,1.E0));
#3920=VECTOR('',#3919,2.5E-2);
#3921=CARTESIAN_POINT('',(1.229E0,-3.43E-1,-4.525E-1));
#3922=LINE('',#3921,#3920);
#3923=DIRECTION('',(0.E0,-1.E0,0.E0));
#3924=VECTOR('',#3923,1.75E-1);
#3925=CARTESIAN_POINT('',(1.246E0,-1.68E-1,-4.275E-1));
#3926=LINE('',#3925,#3924);
#3927=DIRECTION('',(0.E0,1.E0,0.E0));
#3928=VECTOR('',#3927,1.75E-1);
#3929=CARTESIAN_POINT('',(1.229E0,-3.43E-1,-4.275E-1));
#3930=LINE('',#3929,#3928);
#3931=DIRECTION('',(0.E0,-1.E0,0.E0));
#3932=VECTOR('',#3931,1.75E-1);
#3933=CARTESIAN_POINT('',(1.229E0,-1.68E-1,-3.525E-1));
#3934=LINE('',#3933,#3932);
#3935=DIRECTION('',(1.E0,0.E0,0.E0));
#3936=VECTOR('',#3935,1.7E-2);
#3937=CARTESIAN_POINT('',(1.229E0,-3.43E-1,-3.525E-1));
#3938=LINE('',#3937,#3936);
#3939=DIRECTION('',(0.E0,1.E0,0.E0));
#3940=VECTOR('',#3939,1.75E-1);
#3941=CARTESIAN_POINT('',(1.246E0,-3.43E-1,-3.525E-1));
#3942=LINE('',#3941,#3940);
#3943=DIRECTION('',(0.E0,-1.E0,0.E0));
#3944=VECTOR('',#3943,1.75E-1);
#3945=CARTESIAN_POINT('',(1.246E0,-1.68E-1,-3.275E-1));
#3946=LINE('',#3945,#3944);
#3947=DIRECTION('',(0.E0,1.E0,0.E0));
#3948=VECTOR('',#3947,1.75E-1);
#3949=CARTESIAN_POINT('',(1.229E0,-3.43E-1,-3.275E-1));
#3950=LINE('',#3949,#3948);
#3951=DIRECTION('',(1.E0,0.E0,0.E0));
#3952=VECTOR('',#3951,1.7E-2);
#3953=CARTESIAN_POINT('',(1.229E0,-3.43E-1,-3.275E-1));
#3954=LINE('',#3953,#3952);
#3955=DIRECTION('',(0.E0,0.E0,1.E0));
#3956=VECTOR('',#3955,2.5E-2);
#3957=CARTESIAN_POINT('',(1.246E0,-3.43E-1,-3.525E-1));
#3958=LINE('',#3957,#3956);
#3959=DIRECTION('',(0.E0,0.E0,1.E0));
#3960=VECTOR('',#3959,2.5E-2);
#3961=CARTESIAN_POINT('',(1.229E0,-3.43E-1,-3.525E-1));
#3962=LINE('',#3961,#3960);
#3963=DIRECTION('',(0.E0,-1.E0,0.E0));
#3964=VECTOR('',#3963,1.75E-1);
#3965=CARTESIAN_POINT('',(1.229E0,-1.68E-1,-2.525E-1));
#3966=LINE('',#3965,#3964);
#3967=DIRECTION('',(1.E0,0.E0,0.E0));
#3968=VECTOR('',#3967,1.7E-2);
#3969=CARTESIAN_POINT('',(1.229E0,-3.43E-1,-2.525E-1));
#3970=LINE('',#3969,#3968);
#3971=DIRECTION('',(0.E0,1.E0,0.E0));
#3972=VECTOR('',#3971,1.75E-1);
#3973=CARTESIAN_POINT('',(1.246E0,-3.43E-1,-2.525E-1));
#3974=LINE('',#3973,#3972);
#3975=DIRECTION('',(0.E0,-1.E0,0.E0));
#3976=VECTOR('',#3975,1.75E-1);
#3977=CARTESIAN_POINT('',(1.246E0,-1.68E-1,-2.275E-1));
#3978=LINE('',#3977,#3976);
#3979=DIRECTION('',(0.E0,1.E0,0.E0));
#3980=VECTOR('',#3979,1.75E-1);
#3981=CARTESIAN_POINT('',(1.229E0,-3.43E-1,-2.275E-1));
#3982=LINE('',#3981,#3980);
#3983=DIRECTION('',(1.E0,0.E0,0.E0));
#3984=VECTOR('',#3983,1.7E-2);
#3985=CARTESIAN_POINT('',(1.229E0,-3.43E-1,-2.275E-1));
#3986=LINE('',#3985,#3984);
#3987=DIRECTION('',(0.E0,0.E0,1.E0));
#3988=VECTOR('',#3987,2.5E-2);
#3989=CARTESIAN_POINT('',(1.246E0,-3.43E-1,-2.525E-1));
#3990=LINE('',#3989,#3988);
#3991=DIRECTION('',(0.E0,0.E0,1.E0));
#3992=VECTOR('',#3991,2.5E-2);
#3993=CARTESIAN_POINT('',(1.229E0,-3.43E-1,-2.525E-1));
#3994=LINE('',#3993,#3992);
#3995=DIRECTION('',(1.E0,0.E0,0.E0));
#3996=VECTOR('',#3995,1.7E-2);
#3997=CARTESIAN_POINT('',(1.229E0,-3.43E-1,-1.275E-1));
#3998=LINE('',#3997,#3996);
#3999=DIRECTION('',(0.E0,0.E0,1.E0));
#4000=VECTOR('',#3999,2.5E-2);
#4001=CARTESIAN_POINT('',(1.246E0,-3.43E-1,-1.525E-1));
#4002=LINE('',#4001,#4000);
#4003=DIRECTION('',(0.E0,0.E0,1.E0));
#4004=VECTOR('',#4003,2.5E-2);
#4005=CARTESIAN_POINT('',(1.229E0,-3.43E-1,-1.525E-1));
#4006=LINE('',#4005,#4004);
#4007=DIRECTION('',(-1.E0,0.E0,0.E0));
#4008=VECTOR('',#4007,8.E-2);
#4009=CARTESIAN_POINT('',(1.3275E0,2.12E-1,-2.6E-1));
#4010=LINE('',#4009,#4008);
#4011=DIRECTION('',(0.E0,-1.E0,0.E0));
#4012=VECTOR('',#4011,7.5E-2);
#4013=CARTESIAN_POINT('',(1.2475E0,2.87E-1,-2.6E-1));
#4014=LINE('',#4013,#4012);
#4015=DIRECTION('',(0.E0,0.E0,-1.E0));
#4016=VECTOR('',#4015,2.05E-1);
#4017=CARTESIAN_POINT('',(1.2475E0,2.12E-1,-2.6E-1));
#4018=LINE('',#4017,#4016);
#4019=DIRECTION('',(0.E0,-1.E0,0.E0));
#4020=VECTOR('',#4019,1.75E-1);
#4021=CARTESIAN_POINT('',(1.329E0,-1.68E-1,-3.525E-1));
#4022=LINE('',#4021,#4020);
#4023=DIRECTION('',(0.E0,1.E0,0.E0));
#4024=VECTOR('',#4023,1.75E-1);
#4025=CARTESIAN_POINT('',(1.346E0,-3.43E-1,-3.525E-1));
#4026=LINE('',#4025,#4024);
#4027=DIRECTION('',(-1.E0,0.E0,0.E0));
#4028=VECTOR('',#4027,1.7E-2);
#4029=CARTESIAN_POINT('',(1.346E0,-3.43E-1,-3.525E-1));
#4030=LINE('',#4029,#4028);
#4031=DIRECTION('',(0.E0,-1.E0,0.E0));
#4032=VECTOR('',#4031,1.75E-1);
#4033=CARTESIAN_POINT('',(1.346E0,-1.68E-1,-3.275E-1));
#4034=LINE('',#4033,#4032);
#4035=DIRECTION('',(-1.E0,0.E0,0.E0));
#4036=VECTOR('',#4035,1.7E-2);
#4037=CARTESIAN_POINT('',(1.346E0,-3.43E-1,-3.275E-1));
#4038=LINE('',#4037,#4036);
#4039=DIRECTION('',(0.E0,1.E0,0.E0));
#4040=VECTOR('',#4039,1.75E-1);
#4041=CARTESIAN_POINT('',(1.329E0,-3.43E-1,-3.275E-1));
#4042=LINE('',#4041,#4040);
#4043=DIRECTION('',(0.E0,0.E0,1.E0));
#4044=VECTOR('',#4043,2.5E-2);
#4045=CARTESIAN_POINT('',(1.346E0,-3.43E-1,-3.525E-1));
#4046=LINE('',#4045,#4044);
#4047=DIRECTION('',(0.E0,0.E0,1.E0));
#4048=VECTOR('',#4047,2.05E-1);
#4049=CARTESIAN_POINT('',(1.0775E0,2.12E-1,-4.65E-1));
#4050=LINE('',#4049,#4048);
#4051=DIRECTION('',(0.E0,-1.E0,0.E0));
#4052=VECTOR('',#4051,7.5E-2);
#4053=CARTESIAN_POINT('',(1.0775E0,2.87E-1,-2.6E-1));
#4054=LINE('',#4053,#4052);
#4055=DIRECTION('',(0.E0,0.E0,1.E0));
#4056=VECTOR('',#4055,6.05E-1);
#4057=CARTESIAN_POINT('',(9.926E-1,2.12E-1,-4.65E-1));
#4058=LINE('',#4057,#4056);
#4059=DIRECTION('',(0.E0,0.E0,-1.E0));
#4060=VECTOR('',#4059,6.05E-1);
#4061=CARTESIAN_POINT('',(1.0824E0,2.12E-1,1.4E-1));
#4062=LINE('',#4061,#4060);
#4063=DIRECTION('',(0.E0,1.E0,0.E0));
#4064=VECTOR('',#4063,3.21E-1);
#4065=CARTESIAN_POINT('',(9.926E-1,-1.68E-1,-4.525E-1));
#4066=LINE('',#4065,#4064);
#4067=DIRECTION('',(0.E0,0.E0,1.E0));
#4068=VECTOR('',#4067,5.775E-1);
#4069=CARTESIAN_POINT('',(9.926E-1,1.53E-1,-4.525E-1));
#4070=LINE('',#4069,#4068);
#4071=DIRECTION('',(0.E0,1.E0,0.E0));
#4072=VECTOR('',#4071,3.E-3);
#4073=CARTESIAN_POINT('',(9.926E-1,1.5E-1,1.25E-1));
#4074=LINE('',#4073,#4072);
#4075=DIRECTION('',(1.466653932453E-14,1.354563458276E-1,-9.907833155514E-1));
#4076=VECTOR('',#4075,1.513953632904E-2);
#4077=CARTESIAN_POINT('',(9.926E-1,1.479492537313E-1,1.4E-1));
#4078=LINE('',#4077,#4076);
#4079=DIRECTION('',(0.E0,-1.E0,0.E0));
#4080=VECTOR('',#4079,3.8E-1);
#4081=CARTESIAN_POINT('',(9.926E-1,2.12E-1,-4.65E-1));
#4082=LINE('',#4081,#4080);
#4083=DIRECTION('',(0.E0,0.E0,1.E0));
#4084=VECTOR('',#4083,1.25E-2);
#4085=CARTESIAN_POINT('',(9.926E-1,-1.68E-1,-4.65E-1));
#4086=LINE('',#4085,#4084);
#4087=DIRECTION('',(0.E0,-1.E0,0.E0));
#4088=VECTOR('',#4087,1.75E-1);
#4089=CARTESIAN_POINT('',(9.79E-1,-1.68E-1,-4.525E-1));
#4090=LINE('',#4089,#4088);
#4091=DIRECTION('',(1.E0,0.E0,0.E0));
#4092=VECTOR('',#4091,1.7E-2);
#4093=CARTESIAN_POINT('',(9.79E-1,-3.43E-1,-4.525E-1));
#4094=LINE('',#4093,#4092);
#4095=DIRECTION('',(0.E0,-1.E0,0.E0));
#4096=VECTOR('',#4095,4.96E-1);
#4097=CARTESIAN_POINT('',(9.96E-1,1.53E-1,-4.525E-1));
#4098=LINE('',#4097,#4096);
#4099=DIRECTION('',(-1.E0,0.E0,0.E0));
#4100=VECTOR('',#4099,3.399999999999E-3);
#4101=CARTESIAN_POINT('',(9.96E-1,1.53E-1,-4.525E-1));
#4102=LINE('',#4101,#4100);
#4103=DIRECTION('',(1.E0,0.E0,0.E0));
#4104=VECTOR('',#4103,1.7E-2);
#4105=CARTESIAN_POINT('',(9.79E-1,-1.68E-1,-1.525E-1));
#4106=LINE('',#4105,#4104);
#4107=DIRECTION('',(-1.E0,0.E0,0.E0));
#4108=VECTOR('',#4107,1.7E-2);
#4109=CARTESIAN_POINT('',(9.96E-1,-1.68E-1,-2.275E-1));
#4110=LINE('',#4109,#4108);
#4111=DIRECTION('',(0.E0,0.E0,-1.E0));
#4112=VECTOR('',#4111,2.5E-2);
#4113=CARTESIAN_POINT('',(9.79E-1,-1.68E-1,-2.275E-1));
#4114=LINE('',#4113,#4112);
#4115=DIRECTION('',(1.E0,0.E0,0.E0));
#4116=VECTOR('',#4115,1.7E-2);
#4117=CARTESIAN_POINT('',(9.79E-1,-1.68E-1,-2.525E-1));
#4118=LINE('',#4117,#4116);
#4119=DIRECTION('',(-1.E0,0.E0,0.E0));
#4120=VECTOR('',#4119,1.7E-2);
#4121=CARTESIAN_POINT('',(9.96E-1,-1.68E-1,-3.275E-1));
#4122=LINE('',#4121,#4120);
#4123=DIRECTION('',(0.E0,0.E0,-1.E0));
#4124=VECTOR('',#4123,2.5E-2);
#4125=CARTESIAN_POINT('',(9.79E-1,-1.68E-1,-3.275E-1));
#4126=LINE('',#4125,#4124);
#4127=DIRECTION('',(1.E0,0.E0,0.E0));
#4128=VECTOR('',#4127,1.7E-2);
#4129=CARTESIAN_POINT('',(9.79E-1,-1.68E-1,-3.525E-1));
#4130=LINE('',#4129,#4128);
#4131=DIRECTION('',(-1.E0,0.E0,0.E0));
#4132=VECTOR('',#4131,1.7E-2);
#4133=CARTESIAN_POINT('',(9.96E-1,-1.68E-1,-4.275E-1));
#4134=LINE('',#4133,#4132);
#4135=DIRECTION('',(1.776356839400E-14,0.E0,-1.E0));
#4136=VECTOR('',#4135,2.5E-2);
#4137=CARTESIAN_POINT('',(9.79E-1,-1.68E-1,-4.275E-1));
#4138=LINE('',#4137,#4136);
#4139=DIRECTION('',(-1.E0,0.E0,0.E0));
#4140=VECTOR('',#4139,1.36E-2);
#4141=CARTESIAN_POINT('',(9.926E-1,-1.68E-1,-4.525E-1));
#4142=LINE('',#4141,#4140);
#4143=DIRECTION('',(0.E0,0.E0,1.E0));
#4144=VECTOR('',#4143,4.1E-1);
#4145=CARTESIAN_POINT('',(9.575E-1,-1.68E-1,-4.65E-1));
#4146=LINE('',#4145,#4144);
#4147=DIRECTION('',(1.E0,0.E0,0.E0));
#4148=VECTOR('',#4147,3.85E-2);
#4149=CARTESIAN_POINT('',(9.575E-1,-1.68E-1,-5.5E-2));
#4150=LINE('',#4149,#4148);
#4151=DIRECTION('',(-1.E0,0.E0,0.E0));
#4152=VECTOR('',#4151,1.7E-2);
#4153=CARTESIAN_POINT('',(9.96E-1,-1.68E-1,-1.275E-1));
#4154=LINE('',#4153,#4152);
#4155=DIRECTION('',(0.E0,0.E0,-1.E0));
#4156=VECTOR('',#4155,2.5E-2);
#4157=CARTESIAN_POINT('',(9.79E-1,-1.68E-1,-1.275E-1));
#4158=LINE('',#4157,#4156);
#4159=DIRECTION('',(0.E0,-1.E0,0.E0));
#4160=VECTOR('',#4159,1.75E-1);
#4161=CARTESIAN_POINT('',(9.79E-1,-1.68E-1,-1.525E-1));
#4162=LINE('',#4161,#4160);
#4163=DIRECTION('',(1.E0,0.E0,0.E0));
#4164=VECTOR('',#4163,1.7E-2);
#4165=CARTESIAN_POINT('',(9.79E-1,-3.43E-1,-1.525E-1));
#4166=LINE('',#4165,#4164);
#4167=DIRECTION('',(0.E0,1.E0,0.E0));
#4168=VECTOR('',#4167,1.75E-1);
#4169=CARTESIAN_POINT('',(9.96E-1,-3.43E-1,-1.525E-1));
#4170=LINE('',#4169,#4168);
#4171=DIRECTION('',(0.E0,-1.E0,0.E0));
#4172=VECTOR('',#4171,1.75E-1);
#4173=CARTESIAN_POINT('',(9.96E-1,-1.68E-1,-1.275E-1));
#4174=LINE('',#4173,#4172);
#4175=DIRECTION('',(0.E0,1.E0,0.E0));
#4176=VECTOR('',#4175,1.75E-1);
#4177=CARTESIAN_POINT('',(9.79E-1,-3.43E-1,-1.275E-1));
#4178=LINE('',#4177,#4176);
#4179=DIRECTION('',(0.E0,1.354563458276E-1,9.907833155514E-1));
#4180=VECTOR('',#4179,3.381163113486E-1);
#4181=CARTESIAN_POINT('',(9.96E-1,-1.476E-1,1.25E-1));
#4182=LINE('',#4181,#4180);
#4183=DIRECTION('',(0.E0,1.E0,0.E0));
#4184=VECTOR('',#4183,2.06E-1);
#4185=CARTESIAN_POINT('',(9.96E-1,-1.018E-1,4.6E-1));
#4186=LINE('',#4185,#4184);
#4187=DIRECTION('',(0.E0,1.354563458276E-1,-9.907833155514E-1));
#4188=VECTOR('',#4187,3.381163113486E-1);
#4189=CARTESIAN_POINT('',(9.96E-1,1.042E-1,4.6E-1));
#4190=LINE('',#4189,#4188);
#4191=DIRECTION('',(0.E0,0.E0,1.E0));
#4192=VECTOR('',#4191,5.775E-1);
#4193=CARTESIAN_POINT('',(9.96E-1,1.53E-1,-4.525E-1));
#4194=LINE('',#4193,#4192);
#4195=DIRECTION('',(0.E0,0.E0,1.E0));
#4196=VECTOR('',#4195,7.5E-2);
#4197=CARTESIAN_POINT('',(9.96E-1,-1.68E-1,-4.275E-1));
#4198=LINE('',#4197,#4196);
#4199=DIRECTION('',(0.E0,0.E0,1.E0));
#4200=VECTOR('',#4199,7.5E-2);
#4201=CARTESIAN_POINT('',(9.96E-1,-1.68E-1,-3.275E-1));
#4202=LINE('',#4201,#4200);
#4203=DIRECTION('',(0.E0,0.E0,1.E0));
#4204=VECTOR('',#4203,7.5E-2);
#4205=CARTESIAN_POINT('',(9.96E-1,-1.68E-1,-2.275E-1));
#4206=LINE('',#4205,#4204);
#4207=DIRECTION('',(0.E0,0.E0,1.E0));
#4208=VECTOR('',#4207,7.25E-2);
#4209=CARTESIAN_POINT('',(9.96E-1,-1.68E-1,-1.275E-1));
#4210=LINE('',#4209,#4208);
#4211=DIRECTION('',(0.E0,0.E0,-1.E0));
#4212=VECTOR('',#4211,1.8E-1);
#4213=CARTESIAN_POINT('',(1.079E0,-1.58E-1,1.25E-1));
#4214=LINE('',#4213,#4212);
#4215=DIRECTION('',(-1.E0,0.E0,0.E0));
#4216=VECTOR('',#4215,3.399999999999E-3);
#4217=CARTESIAN_POINT('',(1.0824E0,-1.58E-1,1.25E-1));
#4218=LINE('',#4217,#4216);
#4219=DIRECTION('',(2.960594732334E-14,0.E0,1.E0));
#4220=VECTOR('',#4219,1.5E-2);
#4221=CARTESIAN_POINT('',(1.0824E0,-1.58E-1,1.25E-1));
#4222=LINE('',#4221,#4220);
#4223=DIRECTION('',(-1.E0,0.E0,0.E0));
#4224=VECTOR('',#4223,8.98E-2);
#4225=CARTESIAN_POINT('',(1.0824E0,-1.58E-1,1.4E-1));
#4226=LINE('',#4225,#4224);
#4227=DIRECTION('',(1.E0,0.E0,0.E0));
#4228=VECTOR('',#4227,3.399999999999E-3);
#4229=CARTESIAN_POINT('',(9.926E-1,-1.58E-1,1.25E-1));
#4230=LINE('',#4229,#4228);
#4231=DIRECTION('',(0.E0,0.E0,-1.E0));
#4232=VECTOR('',#4231,1.8E-1);
#4233=CARTESIAN_POINT('',(9.96E-1,-1.58E-1,1.25E-1));
#4234=LINE('',#4233,#4232);
#4235=DIRECTION('',(1.E0,0.E0,0.E0));
#4236=VECTOR('',#4235,8.3E-2);
#4237=CARTESIAN_POINT('',(9.96E-1,-1.58E-1,-5.5E-2));
#4238=LINE('',#4237,#4236);
#4239=DIRECTION('',(-2.135044278125E-14,1.E0,0.E0));
#4240=VECTOR('',#4239,1.04E-2);
#4241=CARTESIAN_POINT('',(1.079E0,-1.58E-1,1.25E-1));
#4242=LINE('',#4241,#4240);
#4243=DIRECTION('',(-2.135044278125E-14,1.E0,0.E0));
#4244=VECTOR('',#4243,1.04E-2);
#4245=CARTESIAN_POINT('',(1.0824E0,-1.58E-1,1.25E-1));
#4246=LINE('',#4245,#4244);
#4247=DIRECTION('',(-1.466653932453E-14,-1.354563458276E-1,-9.907833155514E-1));
#4248=VECTOR('',#4247,1.513953632904E-2);
#4249=CARTESIAN_POINT('',(1.0824E0,-1.455492537313E-1,1.4E-1));
#4250=LINE('',#4249,#4248);
#4251=DIRECTION('',(-1.E0,0.E0,0.E0));
#4252=VECTOR('',#4251,3.399999999999E-3);
#4253=CARTESIAN_POINT('',(1.0824E0,-1.476E-1,1.25E-1));
#4254=LINE('',#4253,#4252);
#4255=DIRECTION('',(-1.E0,0.E0,0.E0));
#4256=VECTOR('',#4255,1.7E-2);
#4257=CARTESIAN_POINT('',(1.096E0,-1.018E-1,4.6E-1));
#4258=LINE('',#4257,#4256);
#4259=DIRECTION('',(0.E0,-1.354563458276E-1,-9.907833155514E-1));
#4260=VECTOR('',#4259,3.229767750196E-1);
#4261=CARTESIAN_POINT('',(1.096E0,-1.018E-1,4.6E-1));
#4262=LINE('',#4261,#4260);
#4263=DIRECTION('',(0.E0,-1.E0,0.E0));
#4264=VECTOR('',#4263,2.06E-1);
#4265=CARTESIAN_POINT('',(1.096E0,1.042E-1,4.6E-1));
#4266=LINE('',#4265,#4264);
#4267=DIRECTION('',(0.E0,-1.354563458276E-1,9.907833155514E-1));
#4268=VECTOR('',#4267,3.229767750196E-1);
#4269=CARTESIAN_POINT('',(1.096E0,1.479492537313E-1,1.4E-1));
#4270=LINE('',#4269,#4268);
#4271=DIRECTION('',(-1.E0,0.E0,0.E0));
#4272=VECTOR('',#4271,1.7E-2);
#4273=CARTESIAN_POINT('',(1.096E0,1.042E-1,4.6E-1));
#4274=LINE('',#4273,#4272);
#4275=DIRECTION('',(-1.E0,0.E0,0.E0));
#4276=VECTOR('',#4275,3.399999999999E-3);
#4277=CARTESIAN_POINT('',(1.0824E0,1.5E-1,1.25E-1));
#4278=LINE('',#4277,#4276);
#4279=DIRECTION('',(0.E0,1.E0,0.E0));
#4280=VECTOR('',#4279,3.E-3);
#4281=CARTESIAN_POINT('',(1.079E0,1.5E-1,1.25E-1));
#4282=LINE('',#4281,#4280);
#4283=DIRECTION('',(1.E0,0.E0,0.E0));
#4284=VECTOR('',#4283,3.399999999999E-3);
#4285=CARTESIAN_POINT('',(1.079E0,1.53E-1,1.25E-1));
#4286=LINE('',#4285,#4284);
#4287=DIRECTION('',(0.E0,1.E0,0.E0));
#4288=VECTOR('',#4287,3.21E-1);
#4289=CARTESIAN_POINT('',(1.0824E0,-1.68E-1,-4.525E-1));
#4290=LINE('',#4289,#4288);
#4291=DIRECTION('',(-3.552713678801E-14,0.E0,1.E0));
#4292=VECTOR('',#4291,1.25E-2);
#4293=CARTESIAN_POINT('',(1.0824E0,-1.68E-1,-4.65E-1));
#4294=LINE('',#4293,#4292);
#4295=DIRECTION('',(0.E0,1.E0,0.E0));
#4296=VECTOR('',#4295,3.8E-1);
#4297=CARTESIAN_POINT('',(1.0824E0,-1.68E-1,-4.65E-1));
#4298=LINE('',#4297,#4296);
#4299=DIRECTION('',(-1.466653932453E-14,1.354563458276E-1,-9.907833155514E-1));
#4300=VECTOR('',#4299,1.513953632904E-2);
#4301=CARTESIAN_POINT('',(1.0824E0,1.479492537313E-1,1.4E-1));
#4302=LINE('',#4301,#4300);
#4303=DIRECTION('',(0.E0,1.E0,0.E0));
#4304=VECTOR('',#4303,3.E-3);
#4305=CARTESIAN_POINT('',(1.0824E0,1.5E-1,1.25E-1));
#4306=LINE('',#4305,#4304);
#4307=DIRECTION('',(0.E0,0.E0,1.E0));
#4308=VECTOR('',#4307,5.775E-1);
#4309=CARTESIAN_POINT('',(1.0824E0,1.53E-1,-4.525E-1));
#4310=LINE('',#4309,#4308);
#4311=DIRECTION('',(0.E0,1.E0,0.E0));
#4312=VECTOR('',#4311,4.96E-1);
#4313=CARTESIAN_POINT('',(1.079E0,-3.43E-1,-4.525E-1));
#4314=LINE('',#4313,#4312);
#4315=DIRECTION('',(0.E0,1.E0,0.E0));
#4316=VECTOR('',#4315,1.75E-1);
#4317=CARTESIAN_POINT('',(1.096E0,-3.43E-1,-4.525E-1));
#4318=LINE('',#4317,#4316);
#4319=DIRECTION('',(1.E0,0.E0,0.E0));
#4320=VECTOR('',#4319,3.399999999999E-3);
#4321=CARTESIAN_POINT('',(1.079E0,1.53E-1,-4.525E-1));
#4322=LINE('',#4321,#4320);
#4323=DIRECTION('',(-1.E0,0.E0,0.E0));
#4324=VECTOR('',#4323,1.7E-2);
#4325=CARTESIAN_POINT('',(1.096E0,-3.43E-1,-4.525E-1));
#4326=LINE('',#4325,#4324);
#4327=DIRECTION('',(0.E0,-1.E0,0.E0));
#4328=VECTOR('',#4327,1.75E-1);
#4329=CARTESIAN_POINT('',(1.096E0,-1.68E-1,-4.275E-1));
#4330=LINE('',#4329,#4328);
#4331=DIRECTION('',(-1.E0,0.E0,0.E0));
#4332=VECTOR('',#4331,1.7E-2);
#4333=CARTESIAN_POINT('',(1.096E0,-3.43E-1,-4.275E-1));
#4334=LINE('',#4333,#4332);
#4335=DIRECTION('',(0.E0,1.E0,0.E0));
#4336=VECTOR('',#4335,1.75E-1);
#4337=CARTESIAN_POINT('',(1.079E0,-3.43E-1,-4.275E-1));
#4338=LINE('',#4337,#4336);
#4339=DIRECTION('',(0.E0,0.E0,1.E0));
#4340=VECTOR('',#4339,2.5E-2);
#4341=CARTESIAN_POINT('',(1.096E0,-3.43E-1,-4.525E-1));
#4342=LINE('',#4341,#4340);
#4343=DIRECTION('',(2.135044278125E-14,1.E0,0.E0));
#4344=VECTOR('',#4343,1.04E-2);
#4345=CARTESIAN_POINT('',(9.926E-1,-1.58E-1,1.25E-1));
#4346=LINE('',#4345,#4344);
#4347=DIRECTION('',(-2.960594732334E-14,0.E0,1.E0));
#4348=VECTOR('',#4347,1.5E-2);
#4349=CARTESIAN_POINT('',(9.926E-1,-1.58E-1,1.25E-1));
#4350=LINE('',#4349,#4348);
#4351=DIRECTION('',(0.E0,-1.354563458276E-1,-9.907833155514E-1));
#4352=VECTOR('',#4351,1.513953632904E-2);
#4353=CARTESIAN_POINT('',(9.926E-1,-1.455492537313E-1,1.4E-1));
#4354=LINE('',#4353,#4352);
#4355=DIRECTION('',(1.E0,0.E0,0.E0));
#4356=VECTOR('',#4355,3.399999999999E-3);
#4357=CARTESIAN_POINT('',(9.926E-1,-1.476E-1,1.25E-1));
#4358=LINE('',#4357,#4356);
#4359=DIRECTION('',(0.E0,-1.E0,0.E0));
#4360=VECTOR('',#4359,1.04E-2);
#4361=CARTESIAN_POINT('',(9.96E-1,-1.476E-1,1.25E-1));
#4362=LINE('',#4361,#4360);
#4363=DIRECTION('',(1.E0,0.E0,0.E0));
#4364=VECTOR('',#4363,1.7E-2);
#4365=CARTESIAN_POINT('',(9.79E-1,-1.018E-1,4.6E-1));
#4366=LINE('',#4365,#4364);
#4367=DIRECTION('',(0.E0,1.354563458276E-1,-9.907833155514E-1));
#4368=VECTOR('',#4367,3.229767750196E-1);
#4369=CARTESIAN_POINT('',(9.79E-1,1.042E-1,4.6E-1));
#4370=LINE('',#4369,#4368);
#4371=DIRECTION('',(0.E0,1.E0,0.E0));
#4372=VECTOR('',#4371,2.06E-1);
#4373=CARTESIAN_POINT('',(9.79E-1,-1.018E-1,4.6E-1));
#4374=LINE('',#4373,#4372);
#4375=DIRECTION('',(0.E0,1.354563458276E-1,9.907833155514E-1));
#4376=VECTOR('',#4375,3.229767750196E-1);
#4377=CARTESIAN_POINT('',(9.79E-1,-1.455492537313E-1,1.4E-1));
#4378=LINE('',#4377,#4376);
#4379=DIRECTION('',(1.E0,0.E0,0.E0));
#4380=VECTOR('',#4379,3.399999999999E-3);
#4381=CARTESIAN_POINT('',(9.926E-1,1.5E-1,1.25E-1));
#4382=LINE('',#4381,#4380);
#4383=DIRECTION('',(0.E0,-1.E0,0.E0));
#4384=VECTOR('',#4383,3.E-3);
#4385=CARTESIAN_POINT('',(9.96E-1,1.53E-1,1.25E-1));
#4386=LINE('',#4385,#4384);
#4387=DIRECTION('',(-1.E0,0.E0,0.E0));
#4388=VECTOR('',#4387,3.399999999999E-3);
#4389=CARTESIAN_POINT('',(9.96E-1,1.53E-1,1.25E-1));
#4390=LINE('',#4389,#4388);
#4391=DIRECTION('',(1.E0,0.E0,0.E0));
#4392=VECTOR('',#4391,1.7E-2);
#4393=CARTESIAN_POINT('',(9.79E-1,1.042E-1,4.6E-1));
#4394=LINE('',#4393,#4392);
#4395=DIRECTION('',(1.E0,0.E0,0.E0));
#4396=VECTOR('',#4395,1.7E-2);
#4397=CARTESIAN_POINT('',(9.79E-1,-3.43E-1,-4.275E-1));
#4398=LINE('',#4397,#4396);
#4399=DIRECTION('',(-1.776356839400E-14,0.E0,1.E0));
#4400=VECTOR('',#4399,2.5E-2);
#4401=CARTESIAN_POINT('',(9.96E-1,-3.43E-1,-4.525E-1));
#4402=LINE('',#4401,#4400);
#4403=DIRECTION('',(-2.220446049250E-14,0.E0,1.E0));
#4404=VECTOR('',#4403,2.5E-2);
#4405=CARTESIAN_POINT('',(9.79E-1,-3.43E-1,-4.525E-1));
#4406=LINE('',#4405,#4404);
#4407=DIRECTION('',(0.E0,-1.E0,0.E0));
#4408=VECTOR('',#4407,1.75E-1);
#4409=CARTESIAN_POINT('',(9.96E-1,-1.68E-1,-4.275E-1));
#4410=LINE('',#4409,#4408);
#4411=DIRECTION('',(0.E0,1.E0,0.E0));
#4412=VECTOR('',#4411,1.75E-1);
#4413=CARTESIAN_POINT('',(9.79E-1,-3.43E-1,-4.275E-1));
#4414=LINE('',#4413,#4412);
#4415=DIRECTION('',(0.E0,-1.E0,0.E0));
#4416=VECTOR('',#4415,1.75E-1);
#4417=CARTESIAN_POINT('',(9.79E-1,-1.68E-1,-3.525E-1));
#4418=LINE('',#4417,#4416);
#4419=DIRECTION('',(1.E0,0.E0,0.E0));
#4420=VECTOR('',#4419,1.7E-2);
#4421=CARTESIAN_POINT('',(9.79E-1,-3.43E-1,-3.525E-1));
#4422=LINE('',#4421,#4420);
#4423=DIRECTION('',(0.E0,1.E0,0.E0));
#4424=VECTOR('',#4423,1.75E-1);
#4425=CARTESIAN_POINT('',(9.96E-1,-3.43E-1,-3.525E-1));
#4426=LINE('',#4425,#4424);
#4427=DIRECTION('',(0.E0,-1.E0,0.E0));
#4428=VECTOR('',#4427,1.75E-1);
#4429=CARTESIAN_POINT('',(9.96E-1,-1.68E-1,-3.275E-1));
#4430=LINE('',#4429,#4428);
#4431=DIRECTION('',(0.E0,1.E0,0.E0));
#4432=VECTOR('',#4431,1.75E-1);
#4433=CARTESIAN_POINT('',(9.79E-1,-3.43E-1,-3.275E-1));
#4434=LINE('',#4433,#4432);
#4435=DIRECTION('',(1.E0,0.E0,0.E0));
#4436=VECTOR('',#4435,1.7E-2);
#4437=CARTESIAN_POINT('',(9.79E-1,-3.43E-1,-3.275E-1));
#4438=LINE('',#4437,#4436);
#4439=DIRECTION('',(0.E0,0.E0,1.E0));
#4440=VECTOR('',#4439,2.5E-2);
#4441=CARTESIAN_POINT('',(9.96E-1,-3.43E-1,-3.525E-1));
#4442=LINE('',#4441,#4440);
#4443=DIRECTION('',(0.E0,0.E0,1.E0));
#4444=VECTOR('',#4443,2.5E-2);
#4445=CARTESIAN_POINT('',(9.79E-1,-3.43E-1,-3.525E-1));
#4446=LINE('',#4445,#4444);
#4447=DIRECTION('',(0.E0,-1.E0,0.E0));
#4448=VECTOR('',#4447,1.75E-1);
#4449=CARTESIAN_POINT('',(9.79E-1,-1.68E-1,-2.525E-1));
#4450=LINE('',#4449,#4448);
#4451=DIRECTION('',(1.E0,0.E0,0.E0));
#4452=VECTOR('',#4451,1.7E-2);
#4453=CARTESIAN_POINT('',(9.79E-1,-3.43E-1,-2.525E-1));
#4454=LINE('',#4453,#4452);
#4455=DIRECTION('',(0.E0,1.E0,0.E0));
#4456=VECTOR('',#4455,1.75E-1);
#4457=CARTESIAN_POINT('',(9.96E-1,-3.43E-1,-2.525E-1));
#4458=LINE('',#4457,#4456);
#4459=DIRECTION('',(0.E0,-1.E0,0.E0));
#4460=VECTOR('',#4459,1.75E-1);
#4461=CARTESIAN_POINT('',(9.96E-1,-1.68E-1,-2.275E-1));
#4462=LINE('',#4461,#4460);
#4463=DIRECTION('',(0.E0,1.E0,0.E0));
#4464=VECTOR('',#4463,1.75E-1);
#4465=CARTESIAN_POINT('',(9.79E-1,-3.43E-1,-2.275E-1));
#4466=LINE('',#4465,#4464);
#4467=DIRECTION('',(1.E0,0.E0,0.E0));
#4468=VECTOR('',#4467,1.7E-2);
#4469=CARTESIAN_POINT('',(9.79E-1,-3.43E-1,-2.275E-1));
#4470=LINE('',#4469,#4468);
#4471=DIRECTION('',(0.E0,0.E0,1.E0));
#4472=VECTOR('',#4471,2.5E-2);
#4473=CARTESIAN_POINT('',(9.96E-1,-3.43E-1,-2.525E-1));
#4474=LINE('',#4473,#4472);
#4475=DIRECTION('',(0.E0,0.E0,1.E0));
#4476=VECTOR('',#4475,2.5E-2);
#4477=CARTESIAN_POINT('',(9.79E-1,-3.43E-1,-2.525E-1));
#4478=LINE('',#4477,#4476);
#4479=DIRECTION('',(1.E0,0.E0,0.E0));
#4480=VECTOR('',#4479,1.7E-2);
#4481=CARTESIAN_POINT('',(9.79E-1,-3.43E-1,-1.275E-1));
#4482=LINE('',#4481,#4480);
#4483=DIRECTION('',(0.E0,0.E0,1.E0));
#4484=VECTOR('',#4483,2.5E-2);
#4485=CARTESIAN_POINT('',(9.96E-1,-3.43E-1,-1.525E-1));
#4486=LINE('',#4485,#4484);
#4487=DIRECTION('',(0.E0,0.E0,1.E0));
#4488=VECTOR('',#4487,2.5E-2);
#4489=CARTESIAN_POINT('',(9.79E-1,-3.43E-1,-1.525E-1));
#4490=LINE('',#4489,#4488);
#4491=DIRECTION('',(-1.E0,0.E0,0.E0));
#4492=VECTOR('',#4491,8.E-2);
#4493=CARTESIAN_POINT('',(1.0775E0,2.12E-1,-2.6E-1));
#4494=LINE('',#4493,#4492);
#4495=DIRECTION('',(0.E0,-1.E0,0.E0));
#4496=VECTOR('',#4495,7.5E-2);
#4497=CARTESIAN_POINT('',(9.975E-1,2.87E-1,-2.6E-1));
#4498=LINE('',#4497,#4496);
#4499=DIRECTION('',(0.E0,0.E0,-1.E0));
#4500=VECTOR('',#4499,2.05E-1);
#4501=CARTESIAN_POINT('',(9.975E-1,2.12E-1,-2.6E-1));
#4502=LINE('',#4501,#4500);
#4503=DIRECTION('',(0.E0,-1.E0,0.E0));
#4504=VECTOR('',#4503,1.75E-1);
#4505=CARTESIAN_POINT('',(1.079E0,-1.68E-1,-3.525E-1));
#4506=LINE('',#4505,#4504);
#4507=DIRECTION('',(0.E0,1.E0,0.E0));
#4508=VECTOR('',#4507,1.75E-1);
#4509=CARTESIAN_POINT('',(1.096E0,-3.43E-1,-3.525E-1));
#4510=LINE('',#4509,#4508);
#4511=DIRECTION('',(-1.E0,0.E0,0.E0));
#4512=VECTOR('',#4511,1.7E-2);
#4513=CARTESIAN_POINT('',(1.096E0,-3.43E-1,-3.525E-1));
#4514=LINE('',#4513,#4512);
#4515=DIRECTION('',(0.E0,-1.E0,0.E0));
#4516=VECTOR('',#4515,1.75E-1);
#4517=CARTESIAN_POINT('',(1.096E0,-1.68E-1,-3.275E-1));
#4518=LINE('',#4517,#4516);
#4519=DIRECTION('',(-1.E0,0.E0,0.E0));
#4520=VECTOR('',#4519,1.7E-2);
#4521=CARTESIAN_POINT('',(1.096E0,-3.43E-1,-3.275E-1));
#4522=LINE('',#4521,#4520);
#4523=DIRECTION('',(0.E0,1.E0,0.E0));
#4524=VECTOR('',#4523,1.75E-1);
#4525=CARTESIAN_POINT('',(1.079E0,-3.43E-1,-3.275E-1));
#4526=LINE('',#4525,#4524);
#4527=DIRECTION('',(0.E0,0.E0,1.E0));
#4528=VECTOR('',#4527,2.5E-2);
#4529=CARTESIAN_POINT('',(1.096E0,-3.43E-1,-3.525E-1));
#4530=LINE('',#4529,#4528);
#4531=DIRECTION('',(0.E0,0.E0,1.E0));
#4532=VECTOR('',#4531,2.05E-1);
#4533=CARTESIAN_POINT('',(8.275E-1,2.12E-1,-4.65E-1));
#4534=LINE('',#4533,#4532);
#4535=DIRECTION('',(0.E0,-1.E0,0.E0));
#4536=VECTOR('',#4535,7.5E-2);
#4537=CARTESIAN_POINT('',(8.275E-1,2.87E-1,-2.6E-1));
#4538=LINE('',#4537,#4536);
#4539=DIRECTION('',(0.E0,0.E0,1.E0));
#4540=VECTOR('',#4539,6.05E-1);
#4541=CARTESIAN_POINT('',(7.426E-1,2.12E-1,-4.65E-1));
#4542=LINE('',#4541,#4540);
#4543=DIRECTION('',(0.E0,0.E0,-1.E0));
#4544=VECTOR('',#4543,6.05E-1);
#4545=CARTESIAN_POINT('',(8.324E-1,2.12E-1,1.4E-1));
#4546=LINE('',#4545,#4544);
#4547=DIRECTION('',(0.E0,1.E0,0.E0));
#4548=VECTOR('',#4547,3.21E-1);
#4549=CARTESIAN_POINT('',(7.426E-1,-1.68E-1,-4.525E-1));
#4550=LINE('',#4549,#4548);
#4551=DIRECTION('',(0.E0,0.E0,1.E0));
#4552=VECTOR('',#4551,5.775E-1);
#4553=CARTESIAN_POINT('',(7.426E-1,1.53E-1,-4.525E-1));
#4554=LINE('',#4553,#4552);
#4555=DIRECTION('',(0.E0,1.E0,0.E0));
#4556=VECTOR('',#4555,3.E-3);
#4557=CARTESIAN_POINT('',(7.426E-1,1.5E-1,1.25E-1));
#4558=LINE('',#4557,#4556);
#4559=DIRECTION('',(1.466653932453E-14,1.354563458276E-1,-9.907833155514E-1));
#4560=VECTOR('',#4559,1.513953632904E-2);
#4561=CARTESIAN_POINT('',(7.426E-1,1.479492537313E-1,1.4E-1));
#4562=LINE('',#4561,#4560);
#4563=DIRECTION('',(0.E0,-1.E0,0.E0));
#4564=VECTOR('',#4563,3.8E-1);
#4565=CARTESIAN_POINT('',(7.426E-1,2.12E-1,-4.65E-1));
#4566=LINE('',#4565,#4564);
#4567=DIRECTION('',(0.E0,0.E0,1.E0));
#4568=VECTOR('',#4567,1.25E-2);
#4569=CARTESIAN_POINT('',(7.426E-1,-1.68E-1,-4.65E-1));
#4570=LINE('',#4569,#4568);
#4571=DIRECTION('',(0.E0,-1.E0,0.E0));
#4572=VECTOR('',#4571,1.75E-1);
#4573=CARTESIAN_POINT('',(7.29E-1,-1.68E-1,-4.525E-1));
#4574=LINE('',#4573,#4572);
#4575=DIRECTION('',(1.E0,0.E0,0.E0));
#4576=VECTOR('',#4575,1.7E-2);
#4577=CARTESIAN_POINT('',(7.29E-1,-3.43E-1,-4.525E-1));
#4578=LINE('',#4577,#4576);
#4579=DIRECTION('',(0.E0,-1.E0,0.E0));
#4580=VECTOR('',#4579,4.96E-1);
#4581=CARTESIAN_POINT('',(7.46E-1,1.53E-1,-4.525E-1));
#4582=LINE('',#4581,#4580);
#4583=DIRECTION('',(-1.E0,0.E0,0.E0));
#4584=VECTOR('',#4583,3.399999999999E-3);
#4585=CARTESIAN_POINT('',(7.46E-1,1.53E-1,-4.525E-1));
#4586=LINE('',#4585,#4584);
#4587=DIRECTION('',(1.E0,0.E0,0.E0));
#4588=VECTOR('',#4587,1.7E-2);
#4589=CARTESIAN_POINT('',(7.29E-1,-1.68E-1,-1.525E-1));
#4590=LINE('',#4589,#4588);
#4591=DIRECTION('',(-1.E0,0.E0,0.E0));
#4592=VECTOR('',#4591,1.7E-2);
#4593=CARTESIAN_POINT('',(7.46E-1,-1.68E-1,-2.275E-1));
#4594=LINE('',#4593,#4592);
#4595=DIRECTION('',(0.E0,0.E0,-1.E0));
#4596=VECTOR('',#4595,2.5E-2);
#4597=CARTESIAN_POINT('',(7.29E-1,-1.68E-1,-2.275E-1));
#4598=LINE('',#4597,#4596);
#4599=DIRECTION('',(1.E0,0.E0,0.E0));
#4600=VECTOR('',#4599,1.7E-2);
#4601=CARTESIAN_POINT('',(7.29E-1,-1.68E-1,-2.525E-1));
#4602=LINE('',#4601,#4600);
#4603=DIRECTION('',(-1.E0,0.E0,0.E0));
#4604=VECTOR('',#4603,1.7E-2);
#4605=CARTESIAN_POINT('',(7.46E-1,-1.68E-1,-3.275E-1));
#4606=LINE('',#4605,#4604);
#4607=DIRECTION('',(0.E0,0.E0,-1.E0));
#4608=VECTOR('',#4607,2.5E-2);
#4609=CARTESIAN_POINT('',(7.29E-1,-1.68E-1,-3.275E-1));
#4610=LINE('',#4609,#4608);
#4611=DIRECTION('',(1.E0,0.E0,0.E0));
#4612=VECTOR('',#4611,1.7E-2);
#4613=CARTESIAN_POINT('',(7.29E-1,-1.68E-1,-3.525E-1));
#4614=LINE('',#4613,#4612);
#4615=DIRECTION('',(-1.E0,0.E0,0.E0));
#4616=VECTOR('',#4615,1.7E-2);
#4617=CARTESIAN_POINT('',(7.46E-1,-1.68E-1,-4.275E-1));
#4618=LINE('',#4617,#4616);
#4619=DIRECTION('',(0.E0,0.E0,-1.E0));
#4620=VECTOR('',#4619,2.5E-2);
#4621=CARTESIAN_POINT('',(7.29E-1,-1.68E-1,-4.275E-1));
#4622=LINE('',#4621,#4620);
#4623=DIRECTION('',(-1.E0,0.E0,0.E0));
#4624=VECTOR('',#4623,1.36E-2);
#4625=CARTESIAN_POINT('',(7.426E-1,-1.68E-1,-4.525E-1));
#4626=LINE('',#4625,#4624);
#4627=DIRECTION('',(0.E0,0.E0,1.E0));
#4628=VECTOR('',#4627,4.1E-1);
#4629=CARTESIAN_POINT('',(7.075E-1,-1.68E-1,-4.65E-1));
#4630=LINE('',#4629,#4628);
#4631=DIRECTION('',(1.E0,0.E0,0.E0));
#4632=VECTOR('',#4631,3.85E-2);
#4633=CARTESIAN_POINT('',(7.075E-1,-1.68E-1,-5.5E-2));
#4634=LINE('',#4633,#4632);
#4635=DIRECTION('',(-1.E0,0.E0,0.E0));
#4636=VECTOR('',#4635,1.7E-2);
#4637=CARTESIAN_POINT('',(7.46E-1,-1.68E-1,-1.275E-1));
#4638=LINE('',#4637,#4636);
#4639=DIRECTION('',(0.E0,0.E0,-1.E0));
#4640=VECTOR('',#4639,2.5E-2);
#4641=CARTESIAN_POINT('',(7.29E-1,-1.68E-1,-1.275E-1));
#4642=LINE('',#4641,#4640);
#4643=DIRECTION('',(0.E0,-1.E0,0.E0));
#4644=VECTOR('',#4643,1.75E-1);
#4645=CARTESIAN_POINT('',(7.29E-1,-1.68E-1,-1.525E-1));
#4646=LINE('',#4645,#4644);
#4647=DIRECTION('',(1.E0,0.E0,0.E0));
#4648=VECTOR('',#4647,1.7E-2);
#4649=CARTESIAN_POINT('',(7.29E-1,-3.43E-1,-1.525E-1));
#4650=LINE('',#4649,#4648);
#4651=DIRECTION('',(0.E0,1.E0,0.E0));
#4652=VECTOR('',#4651,1.75E-1);
#4653=CARTESIAN_POINT('',(7.46E-1,-3.43E-1,-1.525E-1));
#4654=LINE('',#4653,#4652);
#4655=DIRECTION('',(0.E0,-1.E0,0.E0));
#4656=VECTOR('',#4655,1.75E-1);
#4657=CARTESIAN_POINT('',(7.46E-1,-1.68E-1,-1.275E-1));
#4658=LINE('',#4657,#4656);
#4659=DIRECTION('',(0.E0,1.E0,0.E0));
#4660=VECTOR('',#4659,1.75E-1);
#4661=CARTESIAN_POINT('',(7.29E-1,-3.43E-1,-1.275E-1));
#4662=LINE('',#4661,#4660);
#4663=DIRECTION('',(0.E0,1.354563458276E-1,9.907833155514E-1));
#4664=VECTOR('',#4663,3.381163113486E-1);
#4665=CARTESIAN_POINT('',(7.46E-1,-1.476E-1,1.25E-1));
#4666=LINE('',#4665,#4664);
#4667=DIRECTION('',(0.E0,1.E0,0.E0));
#4668=VECTOR('',#4667,2.06E-1);
#4669=CARTESIAN_POINT('',(7.46E-1,-1.018E-1,4.6E-1));
#4670=LINE('',#4669,#4668);
#4671=DIRECTION('',(0.E0,1.354563458276E-1,-9.907833155514E-1));
#4672=VECTOR('',#4671,3.381163113486E-1);
#4673=CARTESIAN_POINT('',(7.46E-1,1.042E-1,4.6E-1));
#4674=LINE('',#4673,#4672);
#4675=DIRECTION('',(0.E0,0.E0,1.E0));
#4676=VECTOR('',#4675,5.775E-1);
#4677=CARTESIAN_POINT('',(7.46E-1,1.53E-1,-4.525E-1));
#4678=LINE('',#4677,#4676);
#4679=DIRECTION('',(0.E0,0.E0,1.E0));
#4680=VECTOR('',#4679,7.5E-2);
#4681=CARTESIAN_POINT('',(7.46E-1,-1.68E-1,-4.275E-1));
#4682=LINE('',#4681,#4680);
#4683=DIRECTION('',(0.E0,0.E0,1.E0));
#4684=VECTOR('',#4683,7.5E-2);
#4685=CARTESIAN_POINT('',(7.46E-1,-1.68E-1,-3.275E-1));
#4686=LINE('',#4685,#4684);
#4687=DIRECTION('',(0.E0,0.E0,1.E0));
#4688=VECTOR('',#4687,7.5E-2);
#4689=CARTESIAN_POINT('',(7.46E-1,-1.68E-1,-2.275E-1));
#4690=LINE('',#4689,#4688);
#4691=DIRECTION('',(0.E0,0.E0,1.E0));
#4692=VECTOR('',#4691,7.25E-2);
#4693=CARTESIAN_POINT('',(7.46E-1,-1.68E-1,-1.275E-1));
#4694=LINE('',#4693,#4692);
#4695=DIRECTION('',(0.E0,0.E0,-1.E0));
#4696=VECTOR('',#4695,1.8E-1);
#4697=CARTESIAN_POINT('',(8.29E-1,-1.58E-1,1.25E-1));
#4698=LINE('',#4697,#4696);
#4699=DIRECTION('',(-1.E0,0.E0,0.E0));
#4700=VECTOR('',#4699,3.399999999999E-3);
#4701=CARTESIAN_POINT('',(8.324E-1,-1.58E-1,1.25E-1));
#4702=LINE('',#4701,#4700);
#4703=DIRECTION('',(1.480297366167E-14,0.E0,1.E0));
#4704=VECTOR('',#4703,1.5E-2);
#4705=CARTESIAN_POINT('',(8.324E-1,-1.58E-1,1.25E-1));
#4706=LINE('',#4705,#4704);
#4707=DIRECTION('',(-1.E0,0.E0,0.E0));
#4708=VECTOR('',#4707,8.98E-2);
#4709=CARTESIAN_POINT('',(8.324E-1,-1.58E-1,1.4E-1));
#4710=LINE('',#4709,#4708);
#4711=DIRECTION('',(1.E0,0.E0,0.E0));
#4712=VECTOR('',#4711,3.4E-3);
#4713=CARTESIAN_POINT('',(7.426E-1,-1.58E-1,1.25E-1));
#4714=LINE('',#4713,#4712);
#4715=DIRECTION('',(0.E0,0.E0,-1.E0));
#4716=VECTOR('',#4715,1.8E-1);
#4717=CARTESIAN_POINT('',(7.46E-1,-1.58E-1,1.25E-1));
#4718=LINE('',#4717,#4716);
#4719=DIRECTION('',(1.E0,0.E0,0.E0));
#4720=VECTOR('',#4719,8.3E-2);
#4721=CARTESIAN_POINT('',(7.46E-1,-1.58E-1,-5.5E-2));
#4722=LINE('',#4721,#4720);
#4723=DIRECTION('',(0.E0,1.E0,0.E0));
#4724=VECTOR('',#4723,1.04E-2);
#4725=CARTESIAN_POINT('',(8.29E-1,-1.58E-1,1.25E-1));
#4726=LINE('',#4725,#4724);
#4727=DIRECTION('',(0.E0,1.E0,0.E0));
#4728=VECTOR('',#4727,1.04E-2);
#4729=CARTESIAN_POINT('',(8.324E-1,-1.58E-1,1.25E-1));
#4730=LINE('',#4729,#4728);
#4731=DIRECTION('',(0.E0,-1.354563458276E-1,-9.907833155514E-1));
#4732=VECTOR('',#4731,1.513953632904E-2);
#4733=CARTESIAN_POINT('',(8.324E-1,-1.455492537313E-1,1.4E-1));
#4734=LINE('',#4733,#4732);
#4735=DIRECTION('',(-1.E0,0.E0,0.E0));
#4736=VECTOR('',#4735,3.399999999999E-3);
#4737=CARTESIAN_POINT('',(8.324E-1,-1.476E-1,1.25E-1));
#4738=LINE('',#4737,#4736);
#4739=DIRECTION('',(-1.E0,0.E0,0.E0));
#4740=VECTOR('',#4739,1.7E-2);
#4741=CARTESIAN_POINT('',(8.46E-1,-1.018E-1,4.6E-1));
#4742=LINE('',#4741,#4740);
#4743=DIRECTION('',(0.E0,-1.354563458276E-1,-9.907833155514E-1));
#4744=VECTOR('',#4743,3.229767750196E-1);
#4745=CARTESIAN_POINT('',(8.46E-1,-1.018E-1,4.6E-1));
#4746=LINE('',#4745,#4744);
#4747=DIRECTION('',(0.E0,-1.E0,0.E0));
#4748=VECTOR('',#4747,2.06E-1);
#4749=CARTESIAN_POINT('',(8.46E-1,1.042E-1,4.6E-1));
#4750=LINE('',#4749,#4748);
#4751=DIRECTION('',(0.E0,-1.354563458276E-1,9.907833155514E-1));
#4752=VECTOR('',#4751,3.229767750196E-1);
#4753=CARTESIAN_POINT('',(8.46E-1,1.479492537313E-1,1.4E-1));
#4754=LINE('',#4753,#4752);
#4755=DIRECTION('',(-1.E0,0.E0,0.E0));
#4756=VECTOR('',#4755,1.7E-2);
#4757=CARTESIAN_POINT('',(8.46E-1,1.042E-1,4.6E-1));
#4758=LINE('',#4757,#4756);
#4759=DIRECTION('',(-1.E0,0.E0,0.E0));
#4760=VECTOR('',#4759,3.399999999999E-3);
#4761=CARTESIAN_POINT('',(8.324E-1,1.5E-1,1.25E-1));
#4762=LINE('',#4761,#4760);
#4763=DIRECTION('',(3.700743415417E-14,1.E0,0.E0));
#4764=VECTOR('',#4763,3.E-3);
#4765=CARTESIAN_POINT('',(8.29E-1,1.5E-1,1.25E-1));
#4766=LINE('',#4765,#4764);
#4767=DIRECTION('',(1.E0,0.E0,0.E0));
#4768=VECTOR('',#4767,3.399999999999E-3);
#4769=CARTESIAN_POINT('',(8.29E-1,1.53E-1,1.25E-1));
#4770=LINE('',#4769,#4768);
#4771=DIRECTION('',(0.E0,1.E0,0.E0));
#4772=VECTOR('',#4771,3.21E-1);
#4773=CARTESIAN_POINT('',(8.324E-1,-1.68E-1,-4.525E-1));
#4774=LINE('',#4773,#4772);
#4775=DIRECTION('',(0.E0,0.E0,1.E0));
#4776=VECTOR('',#4775,1.25E-2);
#4777=CARTESIAN_POINT('',(8.324E-1,-1.68E-1,-4.65E-1));
#4778=LINE('',#4777,#4776);
#4779=DIRECTION('',(0.E0,1.E0,0.E0));
#4780=VECTOR('',#4779,3.8E-1);
#4781=CARTESIAN_POINT('',(8.324E-1,-1.68E-1,-4.65E-1));
#4782=LINE('',#4781,#4780);
#4783=DIRECTION('',(0.E0,1.354563458276E-1,-9.907833155514E-1));
#4784=VECTOR('',#4783,1.513953632904E-2);
#4785=CARTESIAN_POINT('',(8.324E-1,1.479492537313E-1,1.4E-1));
#4786=LINE('',#4785,#4784);
#4787=DIRECTION('',(0.E0,1.E0,0.E0));
#4788=VECTOR('',#4787,3.E-3);
#4789=CARTESIAN_POINT('',(8.324E-1,1.5E-1,1.25E-1));
#4790=LINE('',#4789,#4788);
#4791=DIRECTION('',(0.E0,0.E0,1.E0));
#4792=VECTOR('',#4791,5.775E-1);
#4793=CARTESIAN_POINT('',(8.324E-1,1.53E-1,-4.525E-1));
#4794=LINE('',#4793,#4792);
#4795=DIRECTION('',(0.E0,1.E0,0.E0));
#4796=VECTOR('',#4795,4.96E-1);
#4797=CARTESIAN_POINT('',(8.29E-1,-3.43E-1,-4.525E-1));
#4798=LINE('',#4797,#4796);
#4799=DIRECTION('',(0.E0,1.E0,0.E0));
#4800=VECTOR('',#4799,1.75E-1);
#4801=CARTESIAN_POINT('',(8.46E-1,-3.43E-1,-4.525E-1));
#4802=LINE('',#4801,#4800);
#4803=DIRECTION('',(1.E0,0.E0,0.E0));
#4804=VECTOR('',#4803,3.399999999999E-3);
#4805=CARTESIAN_POINT('',(8.29E-1,1.53E-1,-4.525E-1));
#4806=LINE('',#4805,#4804);
#4807=DIRECTION('',(-1.E0,0.E0,0.E0));
#4808=VECTOR('',#4807,1.7E-2);
#4809=CARTESIAN_POINT('',(8.46E-1,-3.43E-1,-4.525E-1));
#4810=LINE('',#4809,#4808);
#4811=DIRECTION('',(0.E0,-1.E0,0.E0));
#4812=VECTOR('',#4811,1.75E-1);
#4813=CARTESIAN_POINT('',(8.46E-1,-1.68E-1,-4.275E-1));
#4814=LINE('',#4813,#4812);
#4815=DIRECTION('',(-1.E0,0.E0,0.E0));
#4816=VECTOR('',#4815,1.7E-2);
#4817=CARTESIAN_POINT('',(8.46E-1,-3.43E-1,-4.275E-1));
#4818=LINE('',#4817,#4816);
#4819=DIRECTION('',(0.E0,1.E0,0.E0));
#4820=VECTOR('',#4819,1.75E-1);
#4821=CARTESIAN_POINT('',(8.29E-1,-3.43E-1,-4.275E-1));
#4822=LINE('',#4821,#4820);
#4823=DIRECTION('',(0.E0,0.E0,1.E0));
#4824=VECTOR('',#4823,2.5E-2);
#4825=CARTESIAN_POINT('',(8.46E-1,-3.43E-1,-4.525E-1));
#4826=LINE('',#4825,#4824);
#4827=DIRECTION('',(2.135044278125E-14,1.E0,0.E0));
#4828=VECTOR('',#4827,1.04E-2);
#4829=CARTESIAN_POINT('',(7.426E-1,-1.58E-1,1.25E-1));
#4830=LINE('',#4829,#4828);
#4831=DIRECTION('',(-1.480297366167E-14,0.E0,1.E0));
#4832=VECTOR('',#4831,1.5E-2);
#4833=CARTESIAN_POINT('',(7.426E-1,-1.58E-1,1.25E-1));
#4834=LINE('',#4833,#4832);
#4835=DIRECTION('',(1.466653932453E-14,-1.354563458276E-1,-9.907833155514E-1));
#4836=VECTOR('',#4835,1.513953632904E-2);
#4837=CARTESIAN_POINT('',(7.426E-1,-1.455492537313E-1,1.4E-1));
#4838=LINE('',#4837,#4836);
#4839=DIRECTION('',(1.E0,0.E0,0.E0));
#4840=VECTOR('',#4839,3.399999999999E-3);
#4841=CARTESIAN_POINT('',(7.426E-1,-1.476E-1,1.25E-1));
#4842=LINE('',#4841,#4840);
#4843=DIRECTION('',(0.E0,-1.E0,0.E0));
#4844=VECTOR('',#4843,1.04E-2);
#4845=CARTESIAN_POINT('',(7.46E-1,-1.476E-1,1.25E-1));
#4846=LINE('',#4845,#4844);
#4847=DIRECTION('',(1.E0,0.E0,0.E0));
#4848=VECTOR('',#4847,1.7E-2);
#4849=CARTESIAN_POINT('',(7.29E-1,-1.018E-1,4.6E-1));
#4850=LINE('',#4849,#4848);
#4851=DIRECTION('',(0.E0,1.354563458276E-1,-9.907833155514E-1));
#4852=VECTOR('',#4851,3.229767750196E-1);
#4853=CARTESIAN_POINT('',(7.29E-1,1.042E-1,4.6E-1));
#4854=LINE('',#4853,#4852);
#4855=DIRECTION('',(0.E0,1.E0,0.E0));
#4856=VECTOR('',#4855,2.06E-1);
#4857=CARTESIAN_POINT('',(7.29E-1,-1.018E-1,4.6E-1));
#4858=LINE('',#4857,#4856);
#4859=DIRECTION('',(0.E0,1.354563458276E-1,9.907833155514E-1));
#4860=VECTOR('',#4859,3.229767750196E-1);
#4861=CARTESIAN_POINT('',(7.29E-1,-1.455492537313E-1,1.4E-1));
#4862=LINE('',#4861,#4860);
#4863=DIRECTION('',(1.E0,0.E0,0.E0));
#4864=VECTOR('',#4863,3.399999999999E-3);
#4865=CARTESIAN_POINT('',(7.426E-1,1.5E-1,1.25E-1));
#4866=LINE('',#4865,#4864);
#4867=DIRECTION('',(0.E0,-1.E0,0.E0));
#4868=VECTOR('',#4867,3.E-3);
#4869=CARTESIAN_POINT('',(7.46E-1,1.53E-1,1.25E-1));
#4870=LINE('',#4869,#4868);
#4871=DIRECTION('',(-1.E0,0.E0,0.E0));
#4872=VECTOR('',#4871,3.399999999999E-3);
#4873=CARTESIAN_POINT('',(7.46E-1,1.53E-1,1.25E-1));
#4874=LINE('',#4873,#4872);
#4875=DIRECTION('',(1.E0,0.E0,0.E0));
#4876=VECTOR('',#4875,1.7E-2);
#4877=CARTESIAN_POINT('',(7.29E-1,1.042E-1,4.6E-1));
#4878=LINE('',#4877,#4876);
#4879=DIRECTION('',(1.E0,0.E0,0.E0));
#4880=VECTOR('',#4879,1.7E-2);
#4881=CARTESIAN_POINT('',(7.29E-1,-3.43E-1,-4.275E-1));
#4882=LINE('',#4881,#4880);
#4883=DIRECTION('',(0.E0,0.E0,1.E0));
#4884=VECTOR('',#4883,2.5E-2);
#4885=CARTESIAN_POINT('',(7.46E-1,-3.43E-1,-4.525E-1));
#4886=LINE('',#4885,#4884);
#4887=DIRECTION('',(-1.332267629550E-14,0.E0,1.E0));
#4888=VECTOR('',#4887,2.5E-2);
#4889=CARTESIAN_POINT('',(7.29E-1,-3.43E-1,-4.525E-1));
#4890=LINE('',#4889,#4888);
#4891=DIRECTION('',(0.E0,-1.E0,0.E0));
#4892=VECTOR('',#4891,1.75E-1);
#4893=CARTESIAN_POINT('',(7.46E-1,-1.68E-1,-4.275E-1));
#4894=LINE('',#4893,#4892);
#4895=DIRECTION('',(0.E0,1.E0,0.E0));
#4896=VECTOR('',#4895,1.75E-1);
#4897=CARTESIAN_POINT('',(7.29E-1,-3.43E-1,-4.275E-1));
#4898=LINE('',#4897,#4896);
#4899=DIRECTION('',(0.E0,-1.E0,0.E0));
#4900=VECTOR('',#4899,1.75E-1);
#4901=CARTESIAN_POINT('',(7.29E-1,-1.68E-1,-3.525E-1));
#4902=LINE('',#4901,#4900);
#4903=DIRECTION('',(1.E0,0.E0,0.E0));
#4904=VECTOR('',#4903,1.7E-2);
#4905=CARTESIAN_POINT('',(7.29E-1,-3.43E-1,-3.525E-1));
#4906=LINE('',#4905,#4904);
#4907=DIRECTION('',(0.E0,1.E0,0.E0));
#4908=VECTOR('',#4907,1.75E-1);
#4909=CARTESIAN_POINT('',(7.46E-1,-3.43E-1,-3.525E-1));
#4910=LINE('',#4909,#4908);
#4911=DIRECTION('',(0.E0,-1.E0,0.E0));
#4912=VECTOR('',#4911,1.75E-1);
#4913=CARTESIAN_POINT('',(7.46E-1,-1.68E-1,-3.275E-1));
#4914=LINE('',#4913,#4912);
#4915=DIRECTION('',(0.E0,1.E0,0.E0));
#4916=VECTOR('',#4915,1.75E-1);
#4917=CARTESIAN_POINT('',(7.29E-1,-3.43E-1,-3.275E-1));
#4918=LINE('',#4917,#4916);
#4919=DIRECTION('',(1.E0,0.E0,0.E0));
#4920=VECTOR('',#4919,1.7E-2);
#4921=CARTESIAN_POINT('',(7.29E-1,-3.43E-1,-3.275E-1));
#4922=LINE('',#4921,#4920);
#4923=DIRECTION('',(0.E0,0.E0,1.E0));
#4924=VECTOR('',#4923,2.5E-2);
#4925=CARTESIAN_POINT('',(7.46E-1,-3.43E-1,-3.525E-1));
#4926=LINE('',#4925,#4924);
#4927=DIRECTION('',(0.E0,0.E0,1.E0));
#4928=VECTOR('',#4927,2.5E-2);
#4929=CARTESIAN_POINT('',(7.29E-1,-3.43E-1,-3.525E-1));
#4930=LINE('',#4929,#4928);
#4931=DIRECTION('',(0.E0,-1.E0,0.E0));
#4932=VECTOR('',#4931,1.75E-1);
#4933=CARTESIAN_POINT('',(7.29E-1,-1.68E-1,-2.525E-1));
#4934=LINE('',#4933,#4932);
#4935=DIRECTION('',(1.E0,0.E0,0.E0));
#4936=VECTOR('',#4935,1.7E-2);
#4937=CARTESIAN_POINT('',(7.29E-1,-3.43E-1,-2.525E-1));
#4938=LINE('',#4937,#4936);
#4939=DIRECTION('',(0.E0,1.E0,0.E0));
#4940=VECTOR('',#4939,1.75E-1);
#4941=CARTESIAN_POINT('',(7.46E-1,-3.43E-1,-2.525E-1));
#4942=LINE('',#4941,#4940);
#4943=DIRECTION('',(0.E0,-1.E0,0.E0));
#4944=VECTOR('',#4943,1.75E-1);
#4945=CARTESIAN_POINT('',(7.46E-1,-1.68E-1,-2.275E-1));
#4946=LINE('',#4945,#4944);
#4947=DIRECTION('',(0.E0,1.E0,0.E0));
#4948=VECTOR('',#4947,1.75E-1);
#4949=CARTESIAN_POINT('',(7.29E-1,-3.43E-1,-2.275E-1));
#4950=LINE('',#4949,#4948);
#4951=DIRECTION('',(1.E0,0.E0,0.E0));
#4952=VECTOR('',#4951,1.7E-2);
#4953=CARTESIAN_POINT('',(7.29E-1,-3.43E-1,-2.275E-1));
#4954=LINE('',#4953,#4952);
#4955=DIRECTION('',(0.E0,0.E0,1.E0));
#4956=VECTOR('',#4955,2.5E-2);
#4957=CARTESIAN_POINT('',(7.46E-1,-3.43E-1,-2.525E-1));
#4958=LINE('',#4957,#4956);
#4959=DIRECTION('',(0.E0,0.E0,1.E0));
#4960=VECTOR('',#4959,2.5E-2);
#4961=CARTESIAN_POINT('',(7.29E-1,-3.43E-1,-2.525E-1));
#4962=LINE('',#4961,#4960);
#4963=DIRECTION('',(1.E0,0.E0,0.E0));
#4964=VECTOR('',#4963,1.7E-2);
#4965=CARTESIAN_POINT('',(7.29E-1,-3.43E-1,-1.275E-1));
#4966=LINE('',#4965,#4964);
#4967=DIRECTION('',(0.E0,0.E0,1.E0));
#4968=VECTOR('',#4967,2.5E-2);
#4969=CARTESIAN_POINT('',(7.46E-1,-3.43E-1,-1.525E-1));
#4970=LINE('',#4969,#4968);
#4971=DIRECTION('',(0.E0,0.E0,1.E0));
#4972=VECTOR('',#4971,2.5E-2);
#4973=CARTESIAN_POINT('',(7.29E-1,-3.43E-1,-1.525E-1));
#4974=LINE('',#4973,#4972);
#4975=DIRECTION('',(-1.E0,0.E0,0.E0));
#4976=VECTOR('',#4975,8.E-2);
#4977=CARTESIAN_POINT('',(8.275E-1,2.12E-1,-2.6E-1));
#4978=LINE('',#4977,#4976);
#4979=DIRECTION('',(0.E0,-1.E0,0.E0));
#4980=VECTOR('',#4979,7.5E-2);
#4981=CARTESIAN_POINT('',(7.475E-1,2.87E-1,-2.6E-1));
#4982=LINE('',#4981,#4980);
#4983=DIRECTION('',(0.E0,0.E0,-1.E0));
#4984=VECTOR('',#4983,2.05E-1);
#4985=CARTESIAN_POINT('',(7.475E-1,2.12E-1,-2.6E-1));
#4986=LINE('',#4985,#4984);
#4987=DIRECTION('',(0.E0,-1.E0,0.E0));
#4988=VECTOR('',#4987,1.75E-1);
#4989=CARTESIAN_POINT('',(8.29E-1,-1.68E-1,-3.525E-1));
#4990=LINE('',#4989,#4988);
#4991=DIRECTION('',(0.E0,1.E0,0.E0));
#4992=VECTOR('',#4991,1.75E-1);
#4993=CARTESIAN_POINT('',(8.46E-1,-3.43E-1,-3.525E-1));
#4994=LINE('',#4993,#4992);
#4995=DIRECTION('',(-1.E0,0.E0,0.E0));
#4996=VECTOR('',#4995,1.7E-2);
#4997=CARTESIAN_POINT('',(8.46E-1,-3.43E-1,-3.525E-1));
#4998=LINE('',#4997,#4996);
#4999=DIRECTION('',(0.E0,-1.E0,0.E0));
#5000=VECTOR('',#4999,1.75E-1);
#5001=CARTESIAN_POINT('',(8.46E-1,-1.68E-1,-3.275E-1));
#5002=LINE('',#5001,#5000);
#5003=DIRECTION('',(-1.E0,0.E0,0.E0));
#5004=VECTOR('',#5003,1.7E-2);
#5005=CARTESIAN_POINT('',(8.46E-1,-3.43E-1,-3.275E-1));
#5006=LINE('',#5005,#5004);
#5007=DIRECTION('',(0.E0,1.E0,0.E0));
#5008=VECTOR('',#5007,1.75E-1);
#5009=CARTESIAN_POINT('',(8.29E-1,-3.43E-1,-3.275E-1));
#5010=LINE('',#5009,#5008);
#5011=DIRECTION('',(0.E0,0.E0,1.E0));
#5012=VECTOR('',#5011,2.5E-2);
#5013=CARTESIAN_POINT('',(8.46E-1,-3.43E-1,-3.525E-1));
#5014=LINE('',#5013,#5012);
#5015=DIRECTION('',(0.E0,0.E0,1.E0));
#5016=VECTOR('',#5015,2.05E-1);
#5017=CARTESIAN_POINT('',(5.775E-1,2.12E-1,-4.65E-1));
#5018=LINE('',#5017,#5016);
#5019=DIRECTION('',(0.E0,-1.E0,0.E0));
#5020=VECTOR('',#5019,7.5E-2);
#5021=CARTESIAN_POINT('',(5.775E-1,2.87E-1,-2.6E-1));
#5022=LINE('',#5021,#5020);
#5023=DIRECTION('',(0.E0,0.E0,1.E0));
#5024=VECTOR('',#5023,6.05E-1);
#5025=CARTESIAN_POINT('',(4.926E-1,2.12E-1,-4.65E-1));
#5026=LINE('',#5025,#5024);
#5027=DIRECTION('',(0.E0,0.E0,-1.E0));
#5028=VECTOR('',#5027,6.05E-1);
#5029=CARTESIAN_POINT('',(5.824E-1,2.12E-1,1.4E-1));
#5030=LINE('',#5029,#5028);
#5031=DIRECTION('',(0.E0,1.E0,0.E0));
#5032=VECTOR('',#5031,3.21E-1);
#5033=CARTESIAN_POINT('',(4.926E-1,-1.68E-1,-4.525E-1));
#5034=LINE('',#5033,#5032);
#5035=DIRECTION('',(0.E0,0.E0,1.E0));
#5036=VECTOR('',#5035,5.775E-1);
#5037=CARTESIAN_POINT('',(4.926E-1,1.53E-1,-4.525E-1));
#5038=LINE('',#5037,#5036);
#5039=DIRECTION('',(0.E0,1.E0,0.E0));
#5040=VECTOR('',#5039,3.E-3);
#5041=CARTESIAN_POINT('',(4.926E-1,1.5E-1,1.25E-1));
#5042=LINE('',#5041,#5040);
#5043=DIRECTION('',(0.E0,1.354563458276E-1,-9.907833155514E-1));
#5044=VECTOR('',#5043,1.513953632904E-2);
#5045=CARTESIAN_POINT('',(4.926E-1,1.479492537313E-1,1.4E-1));
#5046=LINE('',#5045,#5044);
#5047=DIRECTION('',(0.E0,-1.E0,0.E0));
#5048=VECTOR('',#5047,3.8E-1);
#5049=CARTESIAN_POINT('',(4.926E-1,2.12E-1,-4.65E-1));
#5050=LINE('',#5049,#5048);
#5051=DIRECTION('',(0.E0,0.E0,1.E0));
#5052=VECTOR('',#5051,1.25E-2);
#5053=CARTESIAN_POINT('',(4.926E-1,-1.68E-1,-4.65E-1));
#5054=LINE('',#5053,#5052);
#5055=DIRECTION('',(0.E0,-1.E0,0.E0));
#5056=VECTOR('',#5055,1.75E-1);
#5057=CARTESIAN_POINT('',(4.79E-1,-1.68E-1,-4.525E-1));
#5058=LINE('',#5057,#5056);
#5059=DIRECTION('',(1.E0,0.E0,0.E0));
#5060=VECTOR('',#5059,1.7E-2);
#5061=CARTESIAN_POINT('',(4.79E-1,-3.43E-1,-4.525E-1));
#5062=LINE('',#5061,#5060);
#5063=DIRECTION('',(0.E0,-1.E0,0.E0));
#5064=VECTOR('',#5063,4.96E-1);
#5065=CARTESIAN_POINT('',(4.96E-1,1.53E-1,-4.525E-1));
#5066=LINE('',#5065,#5064);
#5067=DIRECTION('',(-1.E0,0.E0,0.E0));
#5068=VECTOR('',#5067,3.399999999999E-3);
#5069=CARTESIAN_POINT('',(4.96E-1,1.53E-1,-4.525E-1));
#5070=LINE('',#5069,#5068);
#5071=DIRECTION('',(1.E0,0.E0,0.E0));
#5072=VECTOR('',#5071,1.7E-2);
#5073=CARTESIAN_POINT('',(4.79E-1,-1.68E-1,-1.525E-1));
#5074=LINE('',#5073,#5072);
#5075=DIRECTION('',(-1.E0,0.E0,0.E0));
#5076=VECTOR('',#5075,1.7E-2);
#5077=CARTESIAN_POINT('',(4.96E-1,-1.68E-1,-2.275E-1));
#5078=LINE('',#5077,#5076);
#5079=DIRECTION('',(0.E0,0.E0,-1.E0));
#5080=VECTOR('',#5079,2.5E-2);
#5081=CARTESIAN_POINT('',(4.79E-1,-1.68E-1,-2.275E-1));
#5082=LINE('',#5081,#5080);
#5083=DIRECTION('',(1.E0,0.E0,0.E0));
#5084=VECTOR('',#5083,1.7E-2);
#5085=CARTESIAN_POINT('',(4.79E-1,-1.68E-1,-2.525E-1));
#5086=LINE('',#5085,#5084);
#5087=DIRECTION('',(-1.E0,0.E0,0.E0));
#5088=VECTOR('',#5087,1.7E-2);
#5089=CARTESIAN_POINT('',(4.96E-1,-1.68E-1,-3.275E-1));
#5090=LINE('',#5089,#5088);
#5091=DIRECTION('',(0.E0,0.E0,-1.E0));
#5092=VECTOR('',#5091,2.5E-2);
#5093=CARTESIAN_POINT('',(4.79E-1,-1.68E-1,-3.275E-1));
#5094=LINE('',#5093,#5092);
#5095=DIRECTION('',(1.E0,0.E0,0.E0));
#5096=VECTOR('',#5095,1.7E-2);
#5097=CARTESIAN_POINT('',(4.79E-1,-1.68E-1,-3.525E-1));
#5098=LINE('',#5097,#5096);
#5099=DIRECTION('',(-1.E0,0.E0,0.E0));
#5100=VECTOR('',#5099,1.7E-2);
#5101=CARTESIAN_POINT('',(4.96E-1,-1.68E-1,-4.275E-1));
#5102=LINE('',#5101,#5100);
#5103=DIRECTION('',(0.E0,0.E0,-1.E0));
#5104=VECTOR('',#5103,2.5E-2);
#5105=CARTESIAN_POINT('',(4.79E-1,-1.68E-1,-4.275E-1));
#5106=LINE('',#5105,#5104);
#5107=DIRECTION('',(-1.E0,0.E0,0.E0));
#5108=VECTOR('',#5107,1.36E-2);
#5109=CARTESIAN_POINT('',(4.926E-1,-1.68E-1,-4.525E-1));
#5110=LINE('',#5109,#5108);
#5111=DIRECTION('',(0.E0,0.E0,1.E0));
#5112=VECTOR('',#5111,4.1E-1);
#5113=CARTESIAN_POINT('',(4.575E-1,-1.68E-1,-4.65E-1));
#5114=LINE('',#5113,#5112);
#5115=DIRECTION('',(1.E0,0.E0,0.E0));
#5116=VECTOR('',#5115,3.85E-2);
#5117=CARTESIAN_POINT('',(4.575E-1,-1.68E-1,-5.5E-2));
#5118=LINE('',#5117,#5116);
#5119=DIRECTION('',(-1.E0,0.E0,0.E0));
#5120=VECTOR('',#5119,1.7E-2);
#5121=CARTESIAN_POINT('',(4.96E-1,-1.68E-1,-1.275E-1));
#5122=LINE('',#5121,#5120);
#5123=DIRECTION('',(0.E0,0.E0,-1.E0));
#5124=VECTOR('',#5123,2.5E-2);
#5125=CARTESIAN_POINT('',(4.79E-1,-1.68E-1,-1.275E-1));
#5126=LINE('',#5125,#5124);
#5127=DIRECTION('',(0.E0,-1.E0,0.E0));
#5128=VECTOR('',#5127,1.75E-1);
#5129=CARTESIAN_POINT('',(4.79E-1,-1.68E-1,-1.525E-1));
#5130=LINE('',#5129,#5128);
#5131=DIRECTION('',(1.E0,0.E0,0.E0));
#5132=VECTOR('',#5131,1.7E-2);
#5133=CARTESIAN_POINT('',(4.79E-1,-3.43E-1,-1.525E-1));
#5134=LINE('',#5133,#5132);
#5135=DIRECTION('',(0.E0,1.E0,0.E0));
#5136=VECTOR('',#5135,1.75E-1);
#5137=CARTESIAN_POINT('',(4.96E-1,-3.43E-1,-1.525E-1));
#5138=LINE('',#5137,#5136);
#5139=DIRECTION('',(0.E0,-1.E0,0.E0));
#5140=VECTOR('',#5139,1.75E-1);
#5141=CARTESIAN_POINT('',(4.96E-1,-1.68E-1,-1.275E-1));
#5142=LINE('',#5141,#5140);
#5143=DIRECTION('',(0.E0,1.E0,0.E0));
#5144=VECTOR('',#5143,1.75E-1);
#5145=CARTESIAN_POINT('',(4.79E-1,-3.43E-1,-1.275E-1));
#5146=LINE('',#5145,#5144);
#5147=DIRECTION('',(0.E0,1.354563458276E-1,9.907833155514E-1));
#5148=VECTOR('',#5147,3.381163113486E-1);
#5149=CARTESIAN_POINT('',(4.96E-1,-1.476E-1,1.25E-1));
#5150=LINE('',#5149,#5148);
#5151=DIRECTION('',(0.E0,1.E0,0.E0));
#5152=VECTOR('',#5151,2.06E-1);
#5153=CARTESIAN_POINT('',(4.96E-1,-1.018E-1,4.6E-1));
#5154=LINE('',#5153,#5152);
#5155=DIRECTION('',(0.E0,1.354563458276E-1,-9.907833155514E-1));
#5156=VECTOR('',#5155,3.381163113486E-1);
#5157=CARTESIAN_POINT('',(4.96E-1,1.042E-1,4.6E-1));
#5158=LINE('',#5157,#5156);
#5159=DIRECTION('',(0.E0,0.E0,1.E0));
#5160=VECTOR('',#5159,5.775E-1);
#5161=CARTESIAN_POINT('',(4.96E-1,1.53E-1,-4.525E-1));
#5162=LINE('',#5161,#5160);
#5163=DIRECTION('',(0.E0,0.E0,1.E0));
#5164=VECTOR('',#5163,7.5E-2);
#5165=CARTESIAN_POINT('',(4.96E-1,-1.68E-1,-4.275E-1));
#5166=LINE('',#5165,#5164);
#5167=DIRECTION('',(0.E0,0.E0,1.E0));
#5168=VECTOR('',#5167,7.5E-2);
#5169=CARTESIAN_POINT('',(4.96E-1,-1.68E-1,-3.275E-1));
#5170=LINE('',#5169,#5168);
#5171=DIRECTION('',(0.E0,0.E0,1.E0));
#5172=VECTOR('',#5171,7.5E-2);
#5173=CARTESIAN_POINT('',(4.96E-1,-1.68E-1,-2.275E-1));
#5174=LINE('',#5173,#5172);
#5175=DIRECTION('',(0.E0,0.E0,1.E0));
#5176=VECTOR('',#5175,7.25E-2);
#5177=CARTESIAN_POINT('',(4.96E-1,-1.68E-1,-1.275E-1));
#5178=LINE('',#5177,#5176);
#5179=DIRECTION('',(0.E0,0.E0,-1.E0));
#5180=VECTOR('',#5179,1.8E-1);
#5181=CARTESIAN_POINT('',(5.79E-1,-1.58E-1,1.25E-1));
#5182=LINE('',#5181,#5180);
#5183=DIRECTION('',(-1.E0,0.E0,0.E0));
#5184=VECTOR('',#5183,3.399999999999E-3);
#5185=CARTESIAN_POINT('',(5.824E-1,-1.58E-1,1.25E-1));
#5186=LINE('',#5185,#5184);
#5187=DIRECTION('',(0.E0,0.E0,1.E0));
#5188=VECTOR('',#5187,1.5E-2);
#5189=CARTESIAN_POINT('',(5.824E-1,-1.58E-1,1.25E-1));
#5190=LINE('',#5189,#5188);
#5191=DIRECTION('',(-1.E0,0.E0,0.E0));
#5192=VECTOR('',#5191,8.98E-2);
#5193=CARTESIAN_POINT('',(5.824E-1,-1.58E-1,1.4E-1));
#5194=LINE('',#5193,#5192);
#5195=DIRECTION('',(1.E0,0.E0,0.E0));
#5196=VECTOR('',#5195,3.399999999999E-3);
#5197=CARTESIAN_POINT('',(4.926E-1,-1.58E-1,1.25E-1));
#5198=LINE('',#5197,#5196);
#5199=DIRECTION('',(0.E0,0.E0,-1.E0));
#5200=VECTOR('',#5199,1.8E-1);
#5201=CARTESIAN_POINT('',(4.96E-1,-1.58E-1,1.25E-1));
#5202=LINE('',#5201,#5200);
#5203=DIRECTION('',(1.E0,0.E0,0.E0));
#5204=VECTOR('',#5203,8.3E-2);
#5205=CARTESIAN_POINT('',(4.96E-1,-1.58E-1,-5.5E-2));
#5206=LINE('',#5205,#5204);
#5207=DIRECTION('',(0.E0,1.E0,0.E0));
#5208=VECTOR('',#5207,1.04E-2);
#5209=CARTESIAN_POINT('',(5.79E-1,-1.58E-1,1.25E-1));
#5210=LINE('',#5209,#5208);
#5211=DIRECTION('',(0.E0,1.E0,0.E0));
#5212=VECTOR('',#5211,1.04E-2);
#5213=CARTESIAN_POINT('',(5.824E-1,-1.58E-1,1.25E-1));
#5214=LINE('',#5213,#5212);
#5215=DIRECTION('',(0.E0,-1.354563458276E-1,-9.907833155514E-1));
#5216=VECTOR('',#5215,1.513953632904E-2);
#5217=CARTESIAN_POINT('',(5.824E-1,-1.455492537313E-1,1.4E-1));
#5218=LINE('',#5217,#5216);
#5219=DIRECTION('',(-1.E0,0.E0,0.E0));
#5220=VECTOR('',#5219,3.399999999999E-3);
#5221=CARTESIAN_POINT('',(5.824E-1,-1.476E-1,1.25E-1));
#5222=LINE('',#5221,#5220);
#5223=DIRECTION('',(-1.E0,0.E0,0.E0));
#5224=VECTOR('',#5223,1.7E-2);
#5225=CARTESIAN_POINT('',(5.96E-1,-1.018E-1,4.6E-1));
#5226=LINE('',#5225,#5224);
#5227=DIRECTION('',(0.E0,-1.354563458276E-1,-9.907833155514E-1));
#5228=VECTOR('',#5227,3.229767750196E-1);
#5229=CARTESIAN_POINT('',(5.96E-1,-1.018E-1,4.6E-1));
#5230=LINE('',#5229,#5228);
#5231=DIRECTION('',(0.E0,-1.E0,0.E0));
#5232=VECTOR('',#5231,2.06E-1);
#5233=CARTESIAN_POINT('',(5.96E-1,1.042E-1,4.6E-1));
#5234=LINE('',#5233,#5232);
#5235=DIRECTION('',(0.E0,-1.354563458276E-1,9.907833155514E-1));
#5236=VECTOR('',#5235,3.229767750196E-1);
#5237=CARTESIAN_POINT('',(5.96E-1,1.479492537313E-1,1.4E-1));
#5238=LINE('',#5237,#5236);
#5239=DIRECTION('',(-1.E0,0.E0,0.E0));
#5240=VECTOR('',#5239,1.7E-2);
#5241=CARTESIAN_POINT('',(5.96E-1,1.042E-1,4.6E-1));
#5242=LINE('',#5241,#5240);
#5243=DIRECTION('',(-1.E0,0.E0,0.E0));
#5244=VECTOR('',#5243,3.399999999999E-3);
#5245=CARTESIAN_POINT('',(5.824E-1,1.5E-1,1.25E-1));
#5246=LINE('',#5245,#5244);
#5247=DIRECTION('',(3.700743415417E-14,1.E0,0.E0));
#5248=VECTOR('',#5247,3.E-3);
#5249=CARTESIAN_POINT('',(5.79E-1,1.5E-1,1.25E-1));
#5250=LINE('',#5249,#5248);
#5251=DIRECTION('',(1.E0,0.E0,0.E0));
#5252=VECTOR('',#5251,3.399999999999E-3);
#5253=CARTESIAN_POINT('',(5.79E-1,1.53E-1,1.25E-1));
#5254=LINE('',#5253,#5252);
#5255=DIRECTION('',(0.E0,1.E0,0.E0));
#5256=VECTOR('',#5255,3.21E-1);
#5257=CARTESIAN_POINT('',(5.824E-1,-1.68E-1,-4.525E-1));
#5258=LINE('',#5257,#5256);
#5259=DIRECTION('',(0.E0,0.E0,1.E0));
#5260=VECTOR('',#5259,1.25E-2);
#5261=CARTESIAN_POINT('',(5.824E-1,-1.68E-1,-4.65E-1));
#5262=LINE('',#5261,#5260);
#5263=DIRECTION('',(0.E0,1.E0,0.E0));
#5264=VECTOR('',#5263,3.8E-1);
#5265=CARTESIAN_POINT('',(5.824E-1,-1.68E-1,-4.65E-1));
#5266=LINE('',#5265,#5264);
#5267=DIRECTION('',(0.E0,1.354563458276E-1,-9.907833155514E-1));
#5268=VECTOR('',#5267,1.513953632904E-2);
#5269=CARTESIAN_POINT('',(5.824E-1,1.479492537313E-1,1.4E-1));
#5270=LINE('',#5269,#5268);
#5271=DIRECTION('',(0.E0,1.E0,0.E0));
#5272=VECTOR('',#5271,3.E-3);
#5273=CARTESIAN_POINT('',(5.824E-1,1.5E-1,1.25E-1));
#5274=LINE('',#5273,#5272);
#5275=DIRECTION('',(0.E0,0.E0,1.E0));
#5276=VECTOR('',#5275,5.775E-1);
#5277=CARTESIAN_POINT('',(5.824E-1,1.53E-1,-4.525E-1));
#5278=LINE('',#5277,#5276);
#5279=DIRECTION('',(0.E0,1.E0,0.E0));
#5280=VECTOR('',#5279,4.96E-1);
#5281=CARTESIAN_POINT('',(5.79E-1,-3.43E-1,-4.525E-1));
#5282=LINE('',#5281,#5280);
#5283=DIRECTION('',(0.E0,1.E0,0.E0));
#5284=VECTOR('',#5283,1.75E-1);
#5285=CARTESIAN_POINT('',(5.96E-1,-3.43E-1,-4.525E-1));
#5286=LINE('',#5285,#5284);
#5287=DIRECTION('',(1.E0,0.E0,0.E0));
#5288=VECTOR('',#5287,3.399999999999E-3);
#5289=CARTESIAN_POINT('',(5.79E-1,1.53E-1,-4.525E-1));
#5290=LINE('',#5289,#5288);
#5291=DIRECTION('',(-1.E0,0.E0,0.E0));
#5292=VECTOR('',#5291,1.7E-2);
#5293=CARTESIAN_POINT('',(5.96E-1,-3.43E-1,-4.525E-1));
#5294=LINE('',#5293,#5292);
#5295=DIRECTION('',(0.E0,-1.E0,0.E0));
#5296=VECTOR('',#5295,1.75E-1);
#5297=CARTESIAN_POINT('',(5.96E-1,-1.68E-1,-4.275E-1));
#5298=LINE('',#5297,#5296);
#5299=DIRECTION('',(-1.E0,0.E0,0.E0));
#5300=VECTOR('',#5299,1.7E-2);
#5301=CARTESIAN_POINT('',(5.96E-1,-3.43E-1,-4.275E-1));
#5302=LINE('',#5301,#5300);
#5303=DIRECTION('',(0.E0,1.E0,0.E0));
#5304=VECTOR('',#5303,1.75E-1);
#5305=CARTESIAN_POINT('',(5.79E-1,-3.43E-1,-4.275E-1));
#5306=LINE('',#5305,#5304);
#5307=DIRECTION('',(0.E0,0.E0,1.E0));
#5308=VECTOR('',#5307,2.5E-2);
#5309=CARTESIAN_POINT('',(5.96E-1,-3.43E-1,-4.525E-1));
#5310=LINE('',#5309,#5308);
#5311=DIRECTION('',(0.E0,1.E0,0.E0));
#5312=VECTOR('',#5311,1.04E-2);
#5313=CARTESIAN_POINT('',(4.926E-1,-1.58E-1,1.25E-1));
#5314=LINE('',#5313,#5312);
#5315=DIRECTION('',(0.E0,0.E0,1.E0));
#5316=VECTOR('',#5315,1.5E-2);
#5317=CARTESIAN_POINT('',(4.926E-1,-1.58E-1,1.25E-1));
#5318=LINE('',#5317,#5316);
#5319=DIRECTION('',(0.E0,-1.354563458276E-1,-9.907833155514E-1));
#5320=VECTOR('',#5319,1.513953632904E-2);
#5321=CARTESIAN_POINT('',(4.926E-1,-1.455492537313E-1,1.4E-1));
#5322=LINE('',#5321,#5320);
#5323=DIRECTION('',(1.E0,0.E0,0.E0));
#5324=VECTOR('',#5323,3.399999999999E-3);
#5325=CARTESIAN_POINT('',(4.926E-1,-1.476E-1,1.25E-1));
#5326=LINE('',#5325,#5324);
#5327=DIRECTION('',(0.E0,-1.E0,0.E0));
#5328=VECTOR('',#5327,1.04E-2);
#5329=CARTESIAN_POINT('',(4.96E-1,-1.476E-1,1.25E-1));
#5330=LINE('',#5329,#5328);
#5331=DIRECTION('',(1.E0,0.E0,0.E0));
#5332=VECTOR('',#5331,1.7E-2);
#5333=CARTESIAN_POINT('',(4.79E-1,-1.018E-1,4.6E-1));
#5334=LINE('',#5333,#5332);
#5335=DIRECTION('',(0.E0,1.354563458276E-1,-9.907833155514E-1));
#5336=VECTOR('',#5335,3.229767750196E-1);
#5337=CARTESIAN_POINT('',(4.79E-1,1.042E-1,4.6E-1));
#5338=LINE('',#5337,#5336);
#5339=DIRECTION('',(0.E0,1.E0,0.E0));
#5340=VECTOR('',#5339,2.06E-1);
#5341=CARTESIAN_POINT('',(4.79E-1,-1.018E-1,4.6E-1));
#5342=LINE('',#5341,#5340);
#5343=DIRECTION('',(0.E0,1.354563458276E-1,9.907833155514E-1));
#5344=VECTOR('',#5343,3.229767750196E-1);
#5345=CARTESIAN_POINT('',(4.79E-1,-1.455492537313E-1,1.4E-1));
#5346=LINE('',#5345,#5344);
#5347=DIRECTION('',(1.E0,0.E0,0.E0));
#5348=VECTOR('',#5347,3.399999999999E-3);
#5349=CARTESIAN_POINT('',(4.926E-1,1.5E-1,1.25E-1));
#5350=LINE('',#5349,#5348);
#5351=DIRECTION('',(0.E0,-1.E0,0.E0));
#5352=VECTOR('',#5351,3.E-3);
#5353=CARTESIAN_POINT('',(4.96E-1,1.53E-1,1.25E-1));
#5354=LINE('',#5353,#5352);
#5355=DIRECTION('',(-1.E0,0.E0,0.E0));
#5356=VECTOR('',#5355,3.399999999999E-3);
#5357=CARTESIAN_POINT('',(4.96E-1,1.53E-1,1.25E-1));
#5358=LINE('',#5357,#5356);
#5359=DIRECTION('',(1.E0,0.E0,0.E0));
#5360=VECTOR('',#5359,1.7E-2);
#5361=CARTESIAN_POINT('',(4.79E-1,1.042E-1,4.6E-1));
#5362=LINE('',#5361,#5360);
#5363=DIRECTION('',(1.E0,0.E0,0.E0));
#5364=VECTOR('',#5363,1.7E-2);
#5365=CARTESIAN_POINT('',(4.79E-1,-3.43E-1,-4.275E-1));
#5366=LINE('',#5365,#5364);
#5367=DIRECTION('',(0.E0,0.E0,1.E0));
#5368=VECTOR('',#5367,2.5E-2);
#5369=CARTESIAN_POINT('',(4.96E-1,-3.43E-1,-4.525E-1));
#5370=LINE('',#5369,#5368);
#5371=DIRECTION('',(0.E0,0.E0,1.E0));
#5372=VECTOR('',#5371,2.5E-2);
#5373=CARTESIAN_POINT('',(4.79E-1,-3.43E-1,-4.525E-1));
#5374=LINE('',#5373,#5372);
#5375=DIRECTION('',(0.E0,-1.E0,0.E0));
#5376=VECTOR('',#5375,1.75E-1);
#5377=CARTESIAN_POINT('',(4.96E-1,-1.68E-1,-4.275E-1));
#5378=LINE('',#5377,#5376);
#5379=DIRECTION('',(0.E0,1.E0,0.E0));
#5380=VECTOR('',#5379,1.75E-1);
#5381=CARTESIAN_POINT('',(4.79E-1,-3.43E-1,-4.275E-1));
#5382=LINE('',#5381,#5380);
#5383=DIRECTION('',(0.E0,-1.E0,0.E0));
#5384=VECTOR('',#5383,1.75E-1);
#5385=CARTESIAN_POINT('',(4.79E-1,-1.68E-1,-3.525E-1));
#5386=LINE('',#5385,#5384);
#5387=DIRECTION('',(1.E0,0.E0,0.E0));
#5388=VECTOR('',#5387,1.7E-2);
#5389=CARTESIAN_POINT('',(4.79E-1,-3.43E-1,-3.525E-1));
#5390=LINE('',#5389,#5388);
#5391=DIRECTION('',(0.E0,1.E0,0.E0));
#5392=VECTOR('',#5391,1.75E-1);
#5393=CARTESIAN_POINT('',(4.96E-1,-3.43E-1,-3.525E-1));
#5394=LINE('',#5393,#5392);
#5395=DIRECTION('',(0.E0,-1.E0,0.E0));
#5396=VECTOR('',#5395,1.75E-1);
#5397=CARTESIAN_POINT('',(4.96E-1,-1.68E-1,-3.275E-1));
#5398=LINE('',#5397,#5396);
#5399=DIRECTION('',(0.E0,1.E0,0.E0));
#5400=VECTOR('',#5399,1.75E-1);
#5401=CARTESIAN_POINT('',(4.79E-1,-3.43E-1,-3.275E-1));
#5402=LINE('',#5401,#5400);
#5403=DIRECTION('',(1.E0,0.E0,0.E0));
#5404=VECTOR('',#5403,1.7E-2);
#5405=CARTESIAN_POINT('',(4.79E-1,-3.43E-1,-3.275E-1));
#5406=LINE('',#5405,#5404);
#5407=DIRECTION('',(0.E0,0.E0,1.E0));
#5408=VECTOR('',#5407,2.5E-2);
#5409=CARTESIAN_POINT('',(4.96E-1,-3.43E-1,-3.525E-1));
#5410=LINE('',#5409,#5408);
#5411=DIRECTION('',(0.E0,0.E0,1.E0));
#5412=VECTOR('',#5411,2.5E-2);
#5413=CARTESIAN_POINT('',(4.79E-1,-3.43E-1,-3.525E-1));
#5414=LINE('',#5413,#5412);
#5415=DIRECTION('',(0.E0,-1.E0,0.E0));
#5416=VECTOR('',#5415,1.75E-1);
#5417=CARTESIAN_POINT('',(4.79E-1,-1.68E-1,-2.525E-1));
#5418=LINE('',#5417,#5416);
#5419=DIRECTION('',(1.E0,0.E0,0.E0));
#5420=VECTOR('',#5419,1.7E-2);
#5421=CARTESIAN_POINT('',(4.79E-1,-3.43E-1,-2.525E-1));
#5422=LINE('',#5421,#5420);
#5423=DIRECTION('',(0.E0,1.E0,0.E0));
#5424=VECTOR('',#5423,1.75E-1);
#5425=CARTESIAN_POINT('',(4.96E-1,-3.43E-1,-2.525E-1));
#5426=LINE('',#5425,#5424);
#5427=DIRECTION('',(0.E0,-1.E0,0.E0));
#5428=VECTOR('',#5427,1.75E-1);
#5429=CARTESIAN_POINT('',(4.96E-1,-1.68E-1,-2.275E-1));
#5430=LINE('',#5429,#5428);
#5431=DIRECTION('',(0.E0,1.E0,0.E0));
#5432=VECTOR('',#5431,1.75E-1);
#5433=CARTESIAN_POINT('',(4.79E-1,-3.43E-1,-2.275E-1));
#5434=LINE('',#5433,#5432);
#5435=DIRECTION('',(1.E0,0.E0,0.E0));
#5436=VECTOR('',#5435,1.7E-2);
#5437=CARTESIAN_POINT('',(4.79E-1,-3.43E-1,-2.275E-1));
#5438=LINE('',#5437,#5436);
#5439=DIRECTION('',(0.E0,0.E0,1.E0));
#5440=VECTOR('',#5439,2.5E-2);
#5441=CARTESIAN_POINT('',(4.96E-1,-3.43E-1,-2.525E-1));
#5442=LINE('',#5441,#5440);
#5443=DIRECTION('',(0.E0,0.E0,1.E0));
#5444=VECTOR('',#5443,2.5E-2);
#5445=CARTESIAN_POINT('',(4.79E-1,-3.43E-1,-2.525E-1));
#5446=LINE('',#5445,#5444);
#5447=DIRECTION('',(1.E0,0.E0,0.E0));
#5448=VECTOR('',#5447,1.7E-2);
#5449=CARTESIAN_POINT('',(4.79E-1,-3.43E-1,-1.275E-1));
#5450=LINE('',#5449,#5448);
#5451=DIRECTION('',(0.E0,0.E0,1.E0));
#5452=VECTOR('',#5451,2.5E-2);
#5453=CARTESIAN_POINT('',(4.96E-1,-3.43E-1,-1.525E-1));
#5454=LINE('',#5453,#5452);
#5455=DIRECTION('',(0.E0,0.E0,1.E0));
#5456=VECTOR('',#5455,2.5E-2);
#5457=CARTESIAN_POINT('',(4.79E-1,-3.43E-1,-1.525E-1));
#5458=LINE('',#5457,#5456);
#5459=DIRECTION('',(-1.E0,0.E0,0.E0));
#5460=VECTOR('',#5459,8.E-2);
#5461=CARTESIAN_POINT('',(5.775E-1,2.12E-1,-2.6E-1));
#5462=LINE('',#5461,#5460);
#5463=DIRECTION('',(0.E0,-1.E0,0.E0));
#5464=VECTOR('',#5463,7.5E-2);
#5465=CARTESIAN_POINT('',(4.975E-1,2.87E-1,-2.6E-1));
#5466=LINE('',#5465,#5464);
#5467=DIRECTION('',(0.E0,0.E0,-1.E0));
#5468=VECTOR('',#5467,2.05E-1);
#5469=CARTESIAN_POINT('',(4.975E-1,2.12E-1,-2.6E-1));
#5470=LINE('',#5469,#5468);
#5471=DIRECTION('',(0.E0,-1.E0,0.E0));
#5472=VECTOR('',#5471,1.75E-1);
#5473=CARTESIAN_POINT('',(5.79E-1,-1.68E-1,-3.525E-1));
#5474=LINE('',#5473,#5472);
#5475=DIRECTION('',(0.E0,1.E0,0.E0));
#5476=VECTOR('',#5475,1.75E-1);
#5477=CARTESIAN_POINT('',(5.96E-1,-3.43E-1,-3.525E-1));
#5478=LINE('',#5477,#5476);
#5479=DIRECTION('',(-1.E0,0.E0,0.E0));
#5480=VECTOR('',#5479,1.7E-2);
#5481=CARTESIAN_POINT('',(5.96E-1,-3.43E-1,-3.525E-1));
#5482=LINE('',#5481,#5480);
#5483=DIRECTION('',(0.E0,-1.E0,0.E0));
#5484=VECTOR('',#5483,1.75E-1);
#5485=CARTESIAN_POINT('',(5.96E-1,-1.68E-1,-3.275E-1));
#5486=LINE('',#5485,#5484);
#5487=DIRECTION('',(-1.E0,0.E0,0.E0));
#5488=VECTOR('',#5487,1.7E-2);
#5489=CARTESIAN_POINT('',(5.96E-1,-3.43E-1,-3.275E-1));
#5490=LINE('',#5489,#5488);
#5491=DIRECTION('',(0.E0,1.E0,0.E0));
#5492=VECTOR('',#5491,1.75E-1);
#5493=CARTESIAN_POINT('',(5.79E-1,-3.43E-1,-3.275E-1));
#5494=LINE('',#5493,#5492);
#5495=DIRECTION('',(0.E0,0.E0,1.E0));
#5496=VECTOR('',#5495,2.5E-2);
#5497=CARTESIAN_POINT('',(5.96E-1,-3.43E-1,-3.525E-1));
#5498=LINE('',#5497,#5496);
#5499=DIRECTION('',(0.E0,0.E0,1.E0));
#5500=VECTOR('',#5499,2.05E-1);
#5501=CARTESIAN_POINT('',(3.275E-1,2.12E-1,-4.65E-1));
#5502=LINE('',#5501,#5500);
#5503=DIRECTION('',(0.E0,-1.E0,0.E0));
#5504=VECTOR('',#5503,7.5E-2);
#5505=CARTESIAN_POINT('',(3.275E-1,2.87E-1,-2.6E-1));
#5506=LINE('',#5505,#5504);
#5507=DIRECTION('',(-1.E0,0.E0,0.E0));
#5508=VECTOR('',#5507,8.E-2);
#5509=CARTESIAN_POINT('',(3.275E-1,2.12E-1,-2.6E-1));
#5510=LINE('',#5509,#5508);
#5511=DIRECTION('',(0.E0,-1.E0,0.E0));
#5512=VECTOR('',#5511,7.5E-2);
#5513=CARTESIAN_POINT('',(2.475E-1,2.87E-1,-2.6E-1));
#5514=LINE('',#5513,#5512);
#5515=DIRECTION('',(0.E0,0.E0,-1.E0));
#5516=VECTOR('',#5515,2.05E-1);
#5517=CARTESIAN_POINT('',(2.475E-1,2.12E-1,-2.6E-1));
#5518=LINE('',#5517,#5516);
#5519=DIRECTION('',(0.E0,0.E0,1.E0));
#5520=VECTOR('',#5519,2.5E-2);
#5521=CARTESIAN_POINT('',(3.46E-1,-3.43E-1,-4.525E-1));
#5522=LINE('',#5521,#5520);
#5523=DIRECTION('',(0.E0,-1.E0,0.E0));
#5524=VECTOR('',#5523,1.75E-1);
#5525=CARTESIAN_POINT('',(3.29E-1,-1.68E-1,-3.525E-1));
#5526=LINE('',#5525,#5524);
#5527=DIRECTION('',(0.E0,1.E0,0.E0));
#5528=VECTOR('',#5527,1.75E-1);
#5529=CARTESIAN_POINT('',(3.46E-1,-3.43E-1,-3.525E-1));
#5530=LINE('',#5529,#5528);
#5531=DIRECTION('',(-1.E0,0.E0,0.E0));
#5532=VECTOR('',#5531,1.7E-2);
#5533=CARTESIAN_POINT('',(3.46E-1,-3.43E-1,-3.525E-1));
#5534=LINE('',#5533,#5532);
#5535=DIRECTION('',(0.E0,-1.E0,0.E0));
#5536=VECTOR('',#5535,1.75E-1);
#5537=CARTESIAN_POINT('',(3.46E-1,-1.68E-1,-3.275E-1));
#5538=LINE('',#5537,#5536);
#5539=DIRECTION('',(-1.E0,0.E0,0.E0));
#5540=VECTOR('',#5539,1.7E-2);
#5541=CARTESIAN_POINT('',(3.46E-1,-3.43E-1,-3.275E-1));
#5542=LINE('',#5541,#5540);
#5543=DIRECTION('',(0.E0,1.E0,0.E0));
#5544=VECTOR('',#5543,1.75E-1);
#5545=CARTESIAN_POINT('',(3.29E-1,-3.43E-1,-3.275E-1));
#5546=LINE('',#5545,#5544);
#5547=DIRECTION('',(0.E0,0.E0,1.E0));
#5548=VECTOR('',#5547,2.5E-2);
#5549=CARTESIAN_POINT('',(3.46E-1,-3.43E-1,-3.525E-1));
#5550=LINE('',#5549,#5548);
#5551=DIRECTION('',(1.E0,0.E0,0.E0));
#5552=VECTOR('',#5551,1.7E-2);
#5553=CARTESIAN_POINT('',(2.29E-1,1.042E-1,4.6E-1));
#5554=LINE('',#5553,#5552);
#5555=DIRECTION('',(0.E0,-1.354563458276E-1,-9.907833155514E-1));
#5556=VECTOR('',#5555,3.229767750196E-1);
#5557=CARTESIAN_POINT('',(1.596E0,-1.018E-1,4.6E-1));
#5558=LINE('',#5557,#5556);
#5559=DIRECTION('',(0.E0,-1.E0,0.E0));
#5560=VECTOR('',#5559,2.06E-1);
#5561=CARTESIAN_POINT('',(1.596E0,1.042E-1,4.6E-1));
#5562=LINE('',#5561,#5560);
#5563=DIRECTION('',(0.E0,-1.354563458276E-1,9.907833155514E-1));
#5564=VECTOR('',#5563,3.229767750196E-1);
#5565=CARTESIAN_POINT('',(1.596E0,1.479492537313E-1,1.4E-1));
#5566=LINE('',#5565,#5564);
#5567=DIRECTION('',(-1.E0,0.E0,0.E0));
#5568=VECTOR('',#5567,3.399999999999E-3);
#5569=CARTESIAN_POINT('',(1.5824E0,-1.476E-1,1.25E-1));
#5570=LINE('',#5569,#5568);
#5571=DIRECTION('',(-4.270088556251E-14,1.E0,0.E0));
#5572=VECTOR('',#5571,1.04E-2);
#5573=CARTESIAN_POINT('',(1.5824E0,-1.58E-1,1.25E-1));
#5574=LINE('',#5573,#5572);
#5575=DIRECTION('',(-1.466653932453E-14,-1.354563458276E-1,-9.907833155514E-1));
#5576=VECTOR('',#5575,1.513953632904E-2);
#5577=CARTESIAN_POINT('',(1.5824E0,-1.455492537313E-1,1.4E-1));
#5578=LINE('',#5577,#5576);
#5579=DIRECTION('',(-4.270088556251E-14,1.E0,0.E0));
#5580=VECTOR('',#5579,1.04E-2);
#5581=CARTESIAN_POINT('',(1.579E0,-1.58E-1,1.25E-1));
#5582=LINE('',#5581,#5580);
#5583=DIRECTION('',(0.E0,0.E0,-1.E0));
#5584=VECTOR('',#5583,1.8E-1);
#5585=CARTESIAN_POINT('',(1.579E0,-1.58E-1,1.25E-1));
#5586=LINE('',#5585,#5584);
#5587=DIRECTION('',(-1.E0,0.E0,0.E0));
#5588=VECTOR('',#5587,3.399999999999E-3);
#5589=CARTESIAN_POINT('',(1.5824E0,-1.58E-1,1.25E-1));
#5590=LINE('',#5589,#5588);
#5591=DIRECTION('',(1.480297366167E-14,0.E0,1.E0));
#5592=VECTOR('',#5591,1.5E-2);
#5593=CARTESIAN_POINT('',(1.5824E0,-1.58E-1,1.25E-1));
#5594=LINE('',#5593,#5592);
#5595=DIRECTION('',(-1.E0,0.E0,0.E0));
#5596=VECTOR('',#5595,8.98E-2);
#5597=CARTESIAN_POINT('',(1.5824E0,-1.58E-1,1.4E-1));
#5598=LINE('',#5597,#5596);
#5599=DIRECTION('',(1.E0,0.E0,0.E0));
#5600=VECTOR('',#5599,3.399999999999E-3);
#5601=CARTESIAN_POINT('',(1.4926E0,-1.58E-1,1.25E-1));
#5602=LINE('',#5601,#5600);
#5603=DIRECTION('',(0.E0,0.E0,-1.E0));
#5604=VECTOR('',#5603,1.8E-1);
#5605=CARTESIAN_POINT('',(1.496E0,-1.58E-1,1.25E-1));
#5606=LINE('',#5605,#5604);
#5607=DIRECTION('',(1.E0,0.E0,0.E0));
#5608=VECTOR('',#5607,8.3E-2);
#5609=CARTESIAN_POINT('',(1.496E0,-1.58E-1,-5.5E-2));
#5610=LINE('',#5609,#5608);
#5611=DIRECTION('',(0.E0,1.E0,0.E0));
#5612=VECTOR('',#5611,1.04E-2);
#5613=CARTESIAN_POINT('',(1.4926E0,-1.58E-1,1.25E-1));
#5614=LINE('',#5613,#5612);
#5615=DIRECTION('',(-4.440892098501E-14,0.E0,1.E0));
#5616=VECTOR('',#5615,1.5E-2);
#5617=CARTESIAN_POINT('',(1.4926E0,-1.58E-1,1.25E-1));
#5618=LINE('',#5617,#5616);
#5619=DIRECTION('',(0.E0,-1.354563458276E-1,-9.907833155514E-1));
#5620=VECTOR('',#5619,1.513953632904E-2);
#5621=CARTESIAN_POINT('',(1.4926E0,-1.455492537313E-1,1.4E-1));
#5622=LINE('',#5621,#5620);
#5623=DIRECTION('',(1.E0,0.E0,0.E0));
#5624=VECTOR('',#5623,3.399999999999E-3);
#5625=CARTESIAN_POINT('',(1.4926E0,-1.476E-1,1.25E-1));
#5626=LINE('',#5625,#5624);
#5627=DIRECTION('',(0.E0,-1.E0,0.E0));
#5628=VECTOR('',#5627,1.04E-2);
#5629=CARTESIAN_POINT('',(1.496E0,-1.476E-1,1.25E-1));
#5630=LINE('',#5629,#5628);
#5631=DIRECTION('',(1.E0,0.E0,0.E0));
#5632=VECTOR('',#5631,1.7E-2);
#5633=CARTESIAN_POINT('',(1.479E0,-1.018E-1,4.6E-1));
#5634=LINE('',#5633,#5632);
#5635=DIRECTION('',(0.E0,1.354563458276E-1,-9.907833155514E-1));
#5636=VECTOR('',#5635,3.229767750196E-1);
#5637=CARTESIAN_POINT('',(1.479E0,1.042E-1,4.6E-1));
#5638=LINE('',#5637,#5636);
#5639=DIRECTION('',(0.E0,1.E0,0.E0));
#5640=VECTOR('',#5639,2.06E-1);
#5641=CARTESIAN_POINT('',(1.479E0,-1.018E-1,4.6E-1));
#5642=LINE('',#5641,#5640);
#5643=DIRECTION('',(0.E0,1.354563458276E-1,9.907833155514E-1));
#5644=VECTOR('',#5643,3.229767750196E-1);
#5645=CARTESIAN_POINT('',(1.479E0,-1.455492537313E-1,1.4E-1));
#5646=LINE('',#5645,#5644);
#5647=DIRECTION('',(1.E0,0.E0,0.E0));
#5648=VECTOR('',#5647,3.399999999999E-3);
#5649=CARTESIAN_POINT('',(1.4926E0,1.5E-1,1.25E-1));
#5650=LINE('',#5649,#5648);
#5651=DIRECTION('',(0.E0,-1.E0,0.E0));
#5652=VECTOR('',#5651,3.E-3);
#5653=CARTESIAN_POINT('',(1.496E0,1.53E-1,1.25E-1));
#5654=LINE('',#5653,#5652);
#5655=DIRECTION('',(-1.E0,0.E0,0.E0));
#5656=VECTOR('',#5655,3.399999999999E-3);
#5657=CARTESIAN_POINT('',(1.496E0,1.53E-1,1.25E-1));
#5658=LINE('',#5657,#5656);
#5659=DIRECTION('',(1.E0,0.E0,0.E0));
#5660=VECTOR('',#5659,1.7E-2);
#5661=CARTESIAN_POINT('',(1.479E0,1.042E-1,4.6E-1));
#5662=LINE('',#5661,#5660);
#5663=DIRECTION('',(-1.E0,0.E0,0.E0));
#5664=VECTOR('',#5663,1.7E-2);
#5665=CARTESIAN_POINT('',(1.596E0,-1.018E-1,4.6E-1));
#5666=LINE('',#5665,#5664);
#5667=DIRECTION('',(0.E0,0.E0,1.E0));
#5668=VECTOR('',#5667,2.7E-1);
#5669=CARTESIAN_POINT('',(1.7E0,-1.375E-1,1.4E-1));
#5670=LINE('',#5669,#5668);
#5671=DIRECTION('',(0.E0,-1.E0,0.E0));
#5672=VECTOR('',#5671,2.500000000001E-2);
#5673=CARTESIAN_POINT('',(1.7E0,-1.375E-1,4.1E-1));
#5674=LINE('',#5673,#5672);
#5675=DIRECTION('',(0.E0,0.E0,-1.E0));
#5676=VECTOR('',#5675,2.7E-1);
#5677=CARTESIAN_POINT('',(1.7E0,-1.625E-1,4.1E-1));
#5678=LINE('',#5677,#5676);
#5679=DIRECTION('',(0.E0,0.E0,-1.E0));
#5680=VECTOR('',#5679,2.7E-1);
#5681=CARTESIAN_POINT('',(1.725E0,-1.625E-1,4.1E-1));
#5682=LINE('',#5681,#5680);
#5683=DIRECTION('',(0.E0,-1.E0,0.E0));
#5684=VECTOR('',#5683,2.500000000001E-2);
#5685=CARTESIAN_POINT('',(1.725E0,-1.375E-1,4.1E-1));
#5686=LINE('',#5685,#5684);
#5687=DIRECTION('',(0.E0,0.E0,1.E0));
#5688=VECTOR('',#5687,2.7E-1);
#5689=CARTESIAN_POINT('',(1.725E0,-1.375E-1,1.4E-1));
#5690=LINE('',#5689,#5688);
#5691=DIRECTION('',(1.E0,0.E0,0.E0));
#5692=VECTOR('',#5691,2.5E-2);
#5693=CARTESIAN_POINT('',(1.7E0,-1.625E-1,4.1E-1));
#5694=LINE('',#5693,#5692);
#5695=DIRECTION('',(1.E0,0.E0,0.E0));
#5696=VECTOR('',#5695,2.5E-2);
#5697=CARTESIAN_POINT('',(1.7E0,-1.375E-1,4.1E-1));
#5698=LINE('',#5697,#5696);
#5699=DIRECTION('',(0.E0,0.E0,1.E0));
#5700=VECTOR('',#5699,2.7E-1);
#5701=CARTESIAN_POINT('',(1.7E0,-3.75E-2,1.4E-1));
#5702=LINE('',#5701,#5700);
#5703=DIRECTION('',(0.E0,-1.E0,0.E0));
#5704=VECTOR('',#5703,2.500000000001E-2);
#5705=CARTESIAN_POINT('',(1.7E0,-3.75E-2,4.1E-1));
#5706=LINE('',#5705,#5704);
#5707=DIRECTION('',(0.E0,0.E0,-1.E0));
#5708=VECTOR('',#5707,2.7E-1);
#5709=CARTESIAN_POINT('',(1.7E0,-6.25E-2,4.1E-1));
#5710=LINE('',#5709,#5708);
#5711=DIRECTION('',(0.E0,0.E0,-1.E0));
#5712=VECTOR('',#5711,2.7E-1);
#5713=CARTESIAN_POINT('',(1.725E0,-6.25E-2,4.1E-1));
#5714=LINE('',#5713,#5712);
#5715=DIRECTION('',(0.E0,-1.E0,0.E0));
#5716=VECTOR('',#5715,2.500000000001E-2);
#5717=CARTESIAN_POINT('',(1.725E0,-3.75E-2,4.1E-1));
#5718=LINE('',#5717,#5716);
#5719=DIRECTION('',(0.E0,0.E0,1.E0));
#5720=VECTOR('',#5719,2.7E-1);
#5721=CARTESIAN_POINT('',(1.725E0,-3.75E-2,1.4E-1));
#5722=LINE('',#5721,#5720);
#5723=DIRECTION('',(1.E0,0.E0,0.E0));
#5724=VECTOR('',#5723,2.5E-2);
#5725=CARTESIAN_POINT('',(1.7E0,-6.25E-2,4.1E-1));
#5726=LINE('',#5725,#5724);
#5727=DIRECTION('',(1.E0,0.E0,0.E0));
#5728=VECTOR('',#5727,2.5E-2);
#5729=CARTESIAN_POINT('',(1.7E0,-3.75E-2,4.1E-1));
#5730=LINE('',#5729,#5728);
#5731=DIRECTION('',(0.E0,0.E0,1.E0));
#5732=VECTOR('',#5731,2.7E-1);
#5733=CARTESIAN_POINT('',(1.7E0,6.25E-2,1.4E-1));
#5734=LINE('',#5733,#5732);
#5735=DIRECTION('',(0.E0,-1.E0,0.E0));
#5736=VECTOR('',#5735,2.500000000001E-2);
#5737=CARTESIAN_POINT('',(1.7E0,6.25E-2,4.1E-1));
#5738=LINE('',#5737,#5736);
#5739=DIRECTION('',(0.E0,0.E0,-1.E0));
#5740=VECTOR('',#5739,2.7E-1);
#5741=CARTESIAN_POINT('',(1.7E0,3.75E-2,4.1E-1));
#5742=LINE('',#5741,#5740);
#5743=DIRECTION('',(0.E0,0.E0,-1.E0));
#5744=VECTOR('',#5743,2.7E-1);
#5745=CARTESIAN_POINT('',(1.725E0,3.75E-2,4.1E-1));
#5746=LINE('',#5745,#5744);
#5747=DIRECTION('',(0.E0,-1.E0,0.E0));
#5748=VECTOR('',#5747,2.500000000001E-2);
#5749=CARTESIAN_POINT('',(1.725E0,6.25E-2,4.1E-1));
#5750=LINE('',#5749,#5748);
#5751=DIRECTION('',(0.E0,0.E0,1.E0));
#5752=VECTOR('',#5751,2.7E-1);
#5753=CARTESIAN_POINT('',(1.725E0,6.25E-2,1.4E-1));
#5754=LINE('',#5753,#5752);
#5755=DIRECTION('',(1.E0,0.E0,0.E0));
#5756=VECTOR('',#5755,2.5E-2);
#5757=CARTESIAN_POINT('',(1.7E0,3.75E-2,4.1E-1));
#5758=LINE('',#5757,#5756);
#5759=DIRECTION('',(1.E0,0.E0,0.E0));
#5760=VECTOR('',#5759,2.5E-2);
#5761=CARTESIAN_POINT('',(1.7E0,6.25E-2,4.1E-1));
#5762=LINE('',#5761,#5760);
#5763=DIRECTION('',(0.E0,0.E0,1.E0));
#5764=VECTOR('',#5763,2.7E-1);
#5765=CARTESIAN_POINT('',(1.7E0,1.625E-1,1.4E-1));
#5766=LINE('',#5765,#5764);
#5767=DIRECTION('',(0.E0,-1.E0,0.E0));
#5768=VECTOR('',#5767,2.500000000001E-2);
#5769=CARTESIAN_POINT('',(1.7E0,1.625E-1,4.1E-1));
#5770=LINE('',#5769,#5768);
#5771=DIRECTION('',(0.E0,0.E0,-1.E0));
#5772=VECTOR('',#5771,2.7E-1);
#5773=CARTESIAN_POINT('',(1.7E0,1.375E-1,4.1E-1));
#5774=LINE('',#5773,#5772);
#5775=DIRECTION('',(0.E0,0.E0,-1.E0));
#5776=VECTOR('',#5775,2.7E-1);
#5777=CARTESIAN_POINT('',(1.725E0,1.375E-1,4.1E-1));
#5778=LINE('',#5777,#5776);
#5779=DIRECTION('',(0.E0,-1.E0,0.E0));
#5780=VECTOR('',#5779,2.500000000001E-2);
#5781=CARTESIAN_POINT('',(1.725E0,1.625E-1,4.1E-1));
#5782=LINE('',#5781,#5780);
#5783=DIRECTION('',(0.E0,0.E0,1.E0));
#5784=VECTOR('',#5783,2.7E-1);
#5785=CARTESIAN_POINT('',(1.725E0,1.625E-1,1.4E-1));
#5786=LINE('',#5785,#5784);
#5787=DIRECTION('',(1.E0,0.E0,0.E0));
#5788=VECTOR('',#5787,2.5E-2);
#5789=CARTESIAN_POINT('',(1.7E0,1.375E-1,4.1E-1));
#5790=LINE('',#5789,#5788);
#5791=DIRECTION('',(1.E0,0.E0,0.E0));
#5792=VECTOR('',#5791,2.5E-2);
#5793=CARTESIAN_POINT('',(1.7E0,1.625E-1,4.1E-1));
#5794=LINE('',#5793,#5792);
#5795=DIRECTION('',(0.E0,0.E0,1.E0));
#5796=VECTOR('',#5795,2.7E-1);
#5797=CARTESIAN_POINT('',(1.8E0,-1.375E-1,1.4E-1));
#5798=LINE('',#5797,#5796);
#5799=DIRECTION('',(0.E0,-1.E0,0.E0));
#5800=VECTOR('',#5799,2.500000000001E-2);
#5801=CARTESIAN_POINT('',(1.8E0,-1.375E-1,4.1E-1));
#5802=LINE('',#5801,#5800);
#5803=DIRECTION('',(0.E0,0.E0,-1.E0));
#5804=VECTOR('',#5803,2.7E-1);
#5805=CARTESIAN_POINT('',(1.8E0,-1.625E-1,4.1E-1));
#5806=LINE('',#5805,#5804);
#5807=DIRECTION('',(0.E0,0.E0,-1.E0));
#5808=VECTOR('',#5807,2.7E-1);
#5809=CARTESIAN_POINT('',(1.825E0,-1.625E-1,4.1E-1));
#5810=LINE('',#5809,#5808);
#5811=DIRECTION('',(0.E0,-1.E0,0.E0));
#5812=VECTOR('',#5811,2.500000000001E-2);
#5813=CARTESIAN_POINT('',(1.825E0,-1.375E-1,4.1E-1));
#5814=LINE('',#5813,#5812);
#5815=DIRECTION('',(0.E0,0.E0,1.E0));
#5816=VECTOR('',#5815,2.7E-1);
#5817=CARTESIAN_POINT('',(1.825E0,-1.375E-1,1.4E-1));
#5818=LINE('',#5817,#5816);
#5819=DIRECTION('',(1.E0,0.E0,0.E0));
#5820=VECTOR('',#5819,2.5E-2);
#5821=CARTESIAN_POINT('',(1.8E0,-1.625E-1,4.1E-1));
#5822=LINE('',#5821,#5820);
#5823=DIRECTION('',(1.E0,0.E0,0.E0));
#5824=VECTOR('',#5823,2.5E-2);
#5825=CARTESIAN_POINT('',(1.8E0,-1.375E-1,4.1E-1));
#5826=LINE('',#5825,#5824);
#5827=DIRECTION('',(0.E0,0.E0,1.E0));
#5828=VECTOR('',#5827,2.7E-1);
#5829=CARTESIAN_POINT('',(1.8E0,-3.75E-2,1.4E-1));
#5830=LINE('',#5829,#5828);
#5831=DIRECTION('',(0.E0,-1.E0,0.E0));
#5832=VECTOR('',#5831,2.500000000001E-2);
#5833=CARTESIAN_POINT('',(1.8E0,-3.75E-2,4.1E-1));
#5834=LINE('',#5833,#5832);
#5835=DIRECTION('',(0.E0,0.E0,-1.E0));
#5836=VECTOR('',#5835,2.7E-1);
#5837=CARTESIAN_POINT('',(1.8E0,-6.25E-2,4.1E-1));
#5838=LINE('',#5837,#5836);
#5839=DIRECTION('',(0.E0,0.E0,-1.E0));
#5840=VECTOR('',#5839,2.7E-1);
#5841=CARTESIAN_POINT('',(1.825E0,-6.25E-2,4.1E-1));
#5842=LINE('',#5841,#5840);
#5843=DIRECTION('',(0.E0,-1.E0,0.E0));
#5844=VECTOR('',#5843,2.500000000001E-2);
#5845=CARTESIAN_POINT('',(1.825E0,-3.75E-2,4.1E-1));
#5846=LINE('',#5845,#5844);
#5847=DIRECTION('',(0.E0,0.E0,1.E0));
#5848=VECTOR('',#5847,2.7E-1);
#5849=CARTESIAN_POINT('',(1.825E0,-3.75E-2,1.4E-1));
#5850=LINE('',#5849,#5848);
#5851=DIRECTION('',(1.E0,0.E0,0.E0));
#5852=VECTOR('',#5851,2.5E-2);
#5853=CARTESIAN_POINT('',(1.8E0,-6.25E-2,4.1E-1));
#5854=LINE('',#5853,#5852);
#5855=DIRECTION('',(1.E0,0.E0,0.E0));
#5856=VECTOR('',#5855,2.5E-2);
#5857=CARTESIAN_POINT('',(1.8E0,-3.75E-2,4.1E-1));
#5858=LINE('',#5857,#5856);
#5859=DIRECTION('',(0.E0,0.E0,1.E0));
#5860=VECTOR('',#5859,2.7E-1);
#5861=CARTESIAN_POINT('',(1.8E0,6.25E-2,1.4E-1));
#5862=LINE('',#5861,#5860);
#5863=DIRECTION('',(0.E0,-1.E0,0.E0));
#5864=VECTOR('',#5863,2.500000000001E-2);
#5865=CARTESIAN_POINT('',(1.8E0,6.25E-2,4.1E-1));
#5866=LINE('',#5865,#5864);
#5867=DIRECTION('',(0.E0,0.E0,-1.E0));
#5868=VECTOR('',#5867,2.7E-1);
#5869=CARTESIAN_POINT('',(1.8E0,3.75E-2,4.1E-1));
#5870=LINE('',#5869,#5868);
#5871=DIRECTION('',(0.E0,0.E0,-1.E0));
#5872=VECTOR('',#5871,2.7E-1);
#5873=CARTESIAN_POINT('',(1.825E0,3.75E-2,4.1E-1));
#5874=LINE('',#5873,#5872);
#5875=DIRECTION('',(0.E0,-1.E0,0.E0));
#5876=VECTOR('',#5875,2.500000000001E-2);
#5877=CARTESIAN_POINT('',(1.825E0,6.25E-2,4.1E-1));
#5878=LINE('',#5877,#5876);
#5879=DIRECTION('',(0.E0,0.E0,1.E0));
#5880=VECTOR('',#5879,2.7E-1);
#5881=CARTESIAN_POINT('',(1.825E0,6.25E-2,1.4E-1));
#5882=LINE('',#5881,#5880);
#5883=DIRECTION('',(1.E0,0.E0,0.E0));
#5884=VECTOR('',#5883,2.5E-2);
#5885=CARTESIAN_POINT('',(1.8E0,3.75E-2,4.1E-1));
#5886=LINE('',#5885,#5884);
#5887=DIRECTION('',(1.E0,0.E0,0.E0));
#5888=VECTOR('',#5887,2.5E-2);
#5889=CARTESIAN_POINT('',(1.8E0,6.25E-2,4.1E-1));
#5890=LINE('',#5889,#5888);
#5891=DIRECTION('',(0.E0,0.E0,1.E0));
#5892=VECTOR('',#5891,2.7E-1);
#5893=CARTESIAN_POINT('',(1.8E0,1.625E-1,1.4E-1));
#5894=LINE('',#5893,#5892);
#5895=DIRECTION('',(0.E0,-1.E0,0.E0));
#5896=VECTOR('',#5895,2.500000000001E-2);
#5897=CARTESIAN_POINT('',(1.8E0,1.625E-1,4.1E-1));
#5898=LINE('',#5897,#5896);
#5899=DIRECTION('',(0.E0,0.E0,-1.E0));
#5900=VECTOR('',#5899,2.7E-1);
#5901=CARTESIAN_POINT('',(1.8E0,1.375E-1,4.1E-1));
#5902=LINE('',#5901,#5900);
#5903=DIRECTION('',(0.E0,0.E0,-1.E0));
#5904=VECTOR('',#5903,2.7E-1);
#5905=CARTESIAN_POINT('',(1.825E0,1.375E-1,4.1E-1));
#5906=LINE('',#5905,#5904);
#5907=DIRECTION('',(0.E0,-1.E0,0.E0));
#5908=VECTOR('',#5907,2.500000000001E-2);
#5909=CARTESIAN_POINT('',(1.825E0,1.625E-1,4.1E-1));
#5910=LINE('',#5909,#5908);
#5911=DIRECTION('',(0.E0,0.E0,1.E0));
#5912=VECTOR('',#5911,2.7E-1);
#5913=CARTESIAN_POINT('',(1.825E0,1.625E-1,1.4E-1));
#5914=LINE('',#5913,#5912);
#5915=DIRECTION('',(1.E0,0.E0,0.E0));
#5916=VECTOR('',#5915,2.5E-2);
#5917=CARTESIAN_POINT('',(1.8E0,1.375E-1,4.1E-1));
#5918=LINE('',#5917,#5916);
#5919=DIRECTION('',(1.E0,0.E0,0.E0));
#5920=VECTOR('',#5919,2.5E-2);
#5921=CARTESIAN_POINT('',(1.8E0,1.625E-1,4.1E-1));
#5922=LINE('',#5921,#5920);
#5923=DIRECTION('',(0.E0,0.E0,1.E0));
#5924=VECTOR('',#5923,2.7E-1);
#5925=CARTESIAN_POINT('',(1.9E0,-1.375E-1,1.4E-1));
#5926=LINE('',#5925,#5924);
#5927=DIRECTION('',(0.E0,-1.E0,0.E0));
#5928=VECTOR('',#5927,2.500000000001E-2);
#5929=CARTESIAN_POINT('',(1.9E0,-1.375E-1,4.1E-1));
#5930=LINE('',#5929,#5928);
#5931=DIRECTION('',(0.E0,0.E0,-1.E0));
#5932=VECTOR('',#5931,2.7E-1);
#5933=CARTESIAN_POINT('',(1.9E0,-1.625E-1,4.1E-1));
#5934=LINE('',#5933,#5932);
#5935=DIRECTION('',(0.E0,0.E0,-1.E0));
#5936=VECTOR('',#5935,2.7E-1);
#5937=CARTESIAN_POINT('',(1.925E0,-1.625E-1,4.1E-1));
#5938=LINE('',#5937,#5936);
#5939=DIRECTION('',(0.E0,-1.E0,0.E0));
#5940=VECTOR('',#5939,2.500000000001E-2);
#5941=CARTESIAN_POINT('',(1.925E0,-1.375E-1,4.1E-1));
#5942=LINE('',#5941,#5940);
#5943=DIRECTION('',(0.E0,0.E0,1.E0));
#5944=VECTOR('',#5943,2.7E-1);
#5945=CARTESIAN_POINT('',(1.925E0,-1.375E-1,1.4E-1));
#5946=LINE('',#5945,#5944);
#5947=DIRECTION('',(1.E0,0.E0,0.E0));
#5948=VECTOR('',#5947,2.5E-2);
#5949=CARTESIAN_POINT('',(1.9E0,-1.625E-1,4.1E-1));
#5950=LINE('',#5949,#5948);
#5951=DIRECTION('',(1.E0,0.E0,0.E0));
#5952=VECTOR('',#5951,2.5E-2);
#5953=CARTESIAN_POINT('',(1.9E0,-1.375E-1,4.1E-1));
#5954=LINE('',#5953,#5952);
#5955=DIRECTION('',(0.E0,0.E0,1.E0));
#5956=VECTOR('',#5955,2.7E-1);
#5957=CARTESIAN_POINT('',(1.9E0,-3.75E-2,1.4E-1));
#5958=LINE('',#5957,#5956);
#5959=DIRECTION('',(0.E0,-1.E0,0.E0));
#5960=VECTOR('',#5959,2.500000000001E-2);
#5961=CARTESIAN_POINT('',(1.9E0,-3.75E-2,4.1E-1));
#5962=LINE('',#5961,#5960);
#5963=DIRECTION('',(0.E0,0.E0,-1.E0));
#5964=VECTOR('',#5963,2.7E-1);
#5965=CARTESIAN_POINT('',(1.9E0,-6.25E-2,4.1E-1));
#5966=LINE('',#5965,#5964);
#5967=DIRECTION('',(0.E0,0.E0,-1.E0));
#5968=VECTOR('',#5967,2.7E-1);
#5969=CARTESIAN_POINT('',(1.925E0,-6.25E-2,4.1E-1));
#5970=LINE('',#5969,#5968);
#5971=DIRECTION('',(0.E0,-1.E0,0.E0));
#5972=VECTOR('',#5971,2.500000000001E-2);
#5973=CARTESIAN_POINT('',(1.925E0,-3.75E-2,4.1E-1));
#5974=LINE('',#5973,#5972);
#5975=DIRECTION('',(0.E0,0.E0,1.E0));
#5976=VECTOR('',#5975,2.7E-1);
#5977=CARTESIAN_POINT('',(1.925E0,-3.75E-2,1.4E-1));
#5978=LINE('',#5977,#5976);
#5979=DIRECTION('',(1.E0,0.E0,0.E0));
#5980=VECTOR('',#5979,2.5E-2);
#5981=CARTESIAN_POINT('',(1.9E0,-6.25E-2,4.1E-1));
#5982=LINE('',#5981,#5980);
#5983=DIRECTION('',(1.E0,0.E0,0.E0));
#5984=VECTOR('',#5983,2.5E-2);
#5985=CARTESIAN_POINT('',(1.9E0,-3.75E-2,4.1E-1));
#5986=LINE('',#5985,#5984);
#5987=DIRECTION('',(0.E0,0.E0,1.E0));
#5988=VECTOR('',#5987,2.7E-1);
#5989=CARTESIAN_POINT('',(1.9E0,6.25E-2,1.4E-1));
#5990=LINE('',#5989,#5988);
#5991=DIRECTION('',(0.E0,-1.E0,0.E0));
#5992=VECTOR('',#5991,2.500000000001E-2);
#5993=CARTESIAN_POINT('',(1.9E0,6.25E-2,4.1E-1));
#5994=LINE('',#5993,#5992);
#5995=DIRECTION('',(0.E0,0.E0,-1.E0));
#5996=VECTOR('',#5995,2.7E-1);
#5997=CARTESIAN_POINT('',(1.9E0,3.75E-2,4.1E-1));
#5998=LINE('',#5997,#5996);
#5999=DIRECTION('',(0.E0,0.E0,-1.E0));
#6000=VECTOR('',#5999,2.7E-1);
#6001=CARTESIAN_POINT('',(1.925E0,3.75E-2,4.1E-1));
#6002=LINE('',#6001,#6000);
#6003=DIRECTION('',(0.E0,-1.E0,0.E0));
#6004=VECTOR('',#6003,2.500000000001E-2);
#6005=CARTESIAN_POINT('',(1.925E0,6.25E-2,4.1E-1));
#6006=LINE('',#6005,#6004);
#6007=DIRECTION('',(0.E0,0.E0,1.E0));
#6008=VECTOR('',#6007,2.7E-1);
#6009=CARTESIAN_POINT('',(1.925E0,6.25E-2,1.4E-1));
#6010=LINE('',#6009,#6008);
#6011=DIRECTION('',(1.E0,0.E0,0.E0));
#6012=VECTOR('',#6011,2.5E-2);
#6013=CARTESIAN_POINT('',(1.9E0,3.75E-2,4.1E-1));
#6014=LINE('',#6013,#6012);
#6015=DIRECTION('',(1.E0,0.E0,0.E0));
#6016=VECTOR('',#6015,2.5E-2);
#6017=CARTESIAN_POINT('',(1.9E0,6.25E-2,4.1E-1));
#6018=LINE('',#6017,#6016);
#6019=DIRECTION('',(0.E0,0.E0,1.E0));
#6020=VECTOR('',#6019,2.7E-1);
#6021=CARTESIAN_POINT('',(1.9E0,1.625E-1,1.4E-1));
#6022=LINE('',#6021,#6020);
#6023=DIRECTION('',(0.E0,-1.E0,0.E0));
#6024=VECTOR('',#6023,2.500000000001E-2);
#6025=CARTESIAN_POINT('',(1.9E0,1.625E-1,4.1E-1));
#6026=LINE('',#6025,#6024);
#6027=DIRECTION('',(0.E0,0.E0,-1.E0));
#6028=VECTOR('',#6027,2.7E-1);
#6029=CARTESIAN_POINT('',(1.9E0,1.375E-1,4.1E-1));
#6030=LINE('',#6029,#6028);
#6031=DIRECTION('',(0.E0,0.E0,-1.E0));
#6032=VECTOR('',#6031,2.7E-1);
#6033=CARTESIAN_POINT('',(1.925E0,1.375E-1,4.1E-1));
#6034=LINE('',#6033,#6032);
#6035=DIRECTION('',(0.E0,-1.E0,0.E0));
#6036=VECTOR('',#6035,2.500000000001E-2);
#6037=CARTESIAN_POINT('',(1.925E0,1.625E-1,4.1E-1));
#6038=LINE('',#6037,#6036);
#6039=DIRECTION('',(0.E0,0.E0,1.E0));
#6040=VECTOR('',#6039,2.7E-1);
#6041=CARTESIAN_POINT('',(1.925E0,1.625E-1,1.4E-1));
#6042=LINE('',#6041,#6040);
#6043=DIRECTION('',(1.E0,0.E0,0.E0));
#6044=VECTOR('',#6043,2.5E-2);
#6045=CARTESIAN_POINT('',(1.9E0,1.375E-1,4.1E-1));
#6046=LINE('',#6045,#6044);
#6047=DIRECTION('',(1.E0,0.E0,0.E0));
#6048=VECTOR('',#6047,2.5E-2);
#6049=CARTESIAN_POINT('',(1.9E0,1.625E-1,4.1E-1));
#6050=LINE('',#6049,#6048);
#6051=DIRECTION('',(0.E0,0.E0,1.E0));
#6052=VECTOR('',#6051,2.7E-1);
#6053=CARTESIAN_POINT('',(2.E0,-1.375E-1,1.4E-1));
#6054=LINE('',#6053,#6052);
#6055=DIRECTION('',(0.E0,-1.E0,0.E0));
#6056=VECTOR('',#6055,2.500000000001E-2);
#6057=CARTESIAN_POINT('',(2.E0,-1.375E-1,4.1E-1));
#6058=LINE('',#6057,#6056);
#6059=DIRECTION('',(0.E0,0.E0,-1.E0));
#6060=VECTOR('',#6059,2.7E-1);
#6061=CARTESIAN_POINT('',(2.E0,-1.625E-1,4.1E-1));
#6062=LINE('',#6061,#6060);
#6063=DIRECTION('',(0.E0,0.E0,-1.E0));
#6064=VECTOR('',#6063,2.7E-1);
#6065=CARTESIAN_POINT('',(2.025E0,-1.625E-1,4.1E-1));
#6066=LINE('',#6065,#6064);
#6067=DIRECTION('',(0.E0,-1.E0,0.E0));
#6068=VECTOR('',#6067,2.500000000001E-2);
#6069=CARTESIAN_POINT('',(2.025E0,-1.375E-1,4.1E-1));
#6070=LINE('',#6069,#6068);
#6071=DIRECTION('',(0.E0,0.E0,1.E0));
#6072=VECTOR('',#6071,2.7E-1);
#6073=CARTESIAN_POINT('',(2.025E0,-1.375E-1,1.4E-1));
#6074=LINE('',#6073,#6072);
#6075=DIRECTION('',(1.E0,0.E0,0.E0));
#6076=VECTOR('',#6075,2.5E-2);
#6077=CARTESIAN_POINT('',(2.E0,-1.625E-1,4.1E-1));
#6078=LINE('',#6077,#6076);
#6079=DIRECTION('',(1.E0,0.E0,0.E0));
#6080=VECTOR('',#6079,2.5E-2);
#6081=CARTESIAN_POINT('',(2.E0,-1.375E-1,4.1E-1));
#6082=LINE('',#6081,#6080);
#6083=DIRECTION('',(0.E0,0.E0,1.E0));
#6084=VECTOR('',#6083,2.7E-1);
#6085=CARTESIAN_POINT('',(2.E0,-3.75E-2,1.4E-1));
#6086=LINE('',#6085,#6084);
#6087=DIRECTION('',(0.E0,-1.E0,0.E0));
#6088=VECTOR('',#6087,2.500000000001E-2);
#6089=CARTESIAN_POINT('',(2.E0,-3.75E-2,4.1E-1));
#6090=LINE('',#6089,#6088);
#6091=DIRECTION('',(0.E0,0.E0,-1.E0));
#6092=VECTOR('',#6091,2.7E-1);
#6093=CARTESIAN_POINT('',(2.E0,-6.25E-2,4.1E-1));
#6094=LINE('',#6093,#6092);
#6095=DIRECTION('',(0.E0,0.E0,-1.E0));
#6096=VECTOR('',#6095,2.7E-1);
#6097=CARTESIAN_POINT('',(2.025E0,-6.25E-2,4.1E-1));
#6098=LINE('',#6097,#6096);
#6099=DIRECTION('',(0.E0,-1.E0,0.E0));
#6100=VECTOR('',#6099,2.500000000001E-2);
#6101=CARTESIAN_POINT('',(2.025E0,-3.75E-2,4.1E-1));
#6102=LINE('',#6101,#6100);
#6103=DIRECTION('',(0.E0,0.E0,1.E0));
#6104=VECTOR('',#6103,2.7E-1);
#6105=CARTESIAN_POINT('',(2.025E0,-3.75E-2,1.4E-1));
#6106=LINE('',#6105,#6104);
#6107=DIRECTION('',(1.E0,0.E0,0.E0));
#6108=VECTOR('',#6107,2.5E-2);
#6109=CARTESIAN_POINT('',(2.E0,-6.25E-2,4.1E-1));
#6110=LINE('',#6109,#6108);
#6111=DIRECTION('',(1.E0,0.E0,0.E0));
#6112=VECTOR('',#6111,2.5E-2);
#6113=CARTESIAN_POINT('',(2.E0,-3.75E-2,4.1E-1));
#6114=LINE('',#6113,#6112);
#6115=DIRECTION('',(0.E0,0.E0,1.E0));
#6116=VECTOR('',#6115,2.7E-1);
#6117=CARTESIAN_POINT('',(2.E0,6.25E-2,1.4E-1));
#6118=LINE('',#6117,#6116);
#6119=DIRECTION('',(0.E0,-1.E0,0.E0));
#6120=VECTOR('',#6119,2.500000000001E-2);
#6121=CARTESIAN_POINT('',(2.E0,6.25E-2,4.1E-1));
#6122=LINE('',#6121,#6120);
#6123=DIRECTION('',(0.E0,0.E0,-1.E0));
#6124=VECTOR('',#6123,2.7E-1);
#6125=CARTESIAN_POINT('',(2.E0,3.75E-2,4.1E-1));
#6126=LINE('',#6125,#6124);
#6127=DIRECTION('',(0.E0,0.E0,-1.E0));
#6128=VECTOR('',#6127,2.7E-1);
#6129=CARTESIAN_POINT('',(2.025E0,3.75E-2,4.1E-1));
#6130=LINE('',#6129,#6128);
#6131=DIRECTION('',(0.E0,-1.E0,0.E0));
#6132=VECTOR('',#6131,2.500000000001E-2);
#6133=CARTESIAN_POINT('',(2.025E0,6.25E-2,4.1E-1));
#6134=LINE('',#6133,#6132);
#6135=DIRECTION('',(0.E0,0.E0,1.E0));
#6136=VECTOR('',#6135,2.7E-1);
#6137=CARTESIAN_POINT('',(2.025E0,6.25E-2,1.4E-1));
#6138=LINE('',#6137,#6136);
#6139=DIRECTION('',(1.E0,0.E0,0.E0));
#6140=VECTOR('',#6139,2.5E-2);
#6141=CARTESIAN_POINT('',(2.E0,3.75E-2,4.1E-1));
#6142=LINE('',#6141,#6140);
#6143=DIRECTION('',(1.E0,0.E0,0.E0));
#6144=VECTOR('',#6143,2.5E-2);
#6145=CARTESIAN_POINT('',(2.E0,6.25E-2,4.1E-1));
#6146=LINE('',#6145,#6144);
#6147=DIRECTION('',(0.E0,0.E0,1.E0));
#6148=VECTOR('',#6147,2.7E-1);
#6149=CARTESIAN_POINT('',(2.E0,1.625E-1,1.4E-1));
#6150=LINE('',#6149,#6148);
#6151=DIRECTION('',(0.E0,-1.E0,0.E0));
#6152=VECTOR('',#6151,2.500000000001E-2);
#6153=CARTESIAN_POINT('',(2.E0,1.625E-1,4.1E-1));
#6154=LINE('',#6153,#6152);
#6155=DIRECTION('',(0.E0,0.E0,-1.E0));
#6156=VECTOR('',#6155,2.7E-1);
#6157=CARTESIAN_POINT('',(2.E0,1.375E-1,4.1E-1));
#6158=LINE('',#6157,#6156);
#6159=DIRECTION('',(0.E0,0.E0,-1.E0));
#6160=VECTOR('',#6159,2.7E-1);
#6161=CARTESIAN_POINT('',(2.025E0,1.375E-1,4.1E-1));
#6162=LINE('',#6161,#6160);
#6163=DIRECTION('',(0.E0,-1.E0,0.E0));
#6164=VECTOR('',#6163,2.500000000001E-2);
#6165=CARTESIAN_POINT('',(2.025E0,1.625E-1,4.1E-1));
#6166=LINE('',#6165,#6164);
#6167=DIRECTION('',(0.E0,0.E0,1.E0));
#6168=VECTOR('',#6167,2.7E-1);
#6169=CARTESIAN_POINT('',(2.025E0,1.625E-1,1.4E-1));
#6170=LINE('',#6169,#6168);
#6171=DIRECTION('',(1.E0,0.E0,0.E0));
#6172=VECTOR('',#6171,2.5E-2);
#6173=CARTESIAN_POINT('',(2.E0,1.375E-1,4.1E-1));
#6174=LINE('',#6173,#6172);
#6175=DIRECTION('',(1.E0,0.E0,0.E0));
#6176=VECTOR('',#6175,2.5E-2);
#6177=CARTESIAN_POINT('',(2.E0,1.625E-1,4.1E-1));
#6178=LINE('',#6177,#6176);
#6179=DIRECTION('',(0.E0,0.E0,1.E0));
#6180=VECTOR('',#6179,2.7E-1);
#6181=CARTESIAN_POINT('',(2.1E0,-1.375E-1,1.4E-1));
#6182=LINE('',#6181,#6180);
#6183=DIRECTION('',(0.E0,-1.E0,0.E0));
#6184=VECTOR('',#6183,2.500000000001E-2);
#6185=CARTESIAN_POINT('',(2.1E0,-1.375E-1,4.1E-1));
#6186=LINE('',#6185,#6184);
#6187=DIRECTION('',(0.E0,0.E0,-1.E0));
#6188=VECTOR('',#6187,2.7E-1);
#6189=CARTESIAN_POINT('',(2.1E0,-1.625E-1,4.1E-1));
#6190=LINE('',#6189,#6188);
#6191=DIRECTION('',(0.E0,0.E0,-1.E0));
#6192=VECTOR('',#6191,2.7E-1);
#6193=CARTESIAN_POINT('',(2.125E0,-1.625E-1,4.1E-1));
#6194=LINE('',#6193,#6192);
#6195=DIRECTION('',(0.E0,-1.E0,0.E0));
#6196=VECTOR('',#6195,2.500000000001E-2);
#6197=CARTESIAN_POINT('',(2.125E0,-1.375E-1,4.1E-1));
#6198=LINE('',#6197,#6196);
#6199=DIRECTION('',(0.E0,0.E0,1.E0));
#6200=VECTOR('',#6199,2.7E-1);
#6201=CARTESIAN_POINT('',(2.125E0,-1.375E-1,1.4E-1));
#6202=LINE('',#6201,#6200);
#6203=DIRECTION('',(1.E0,0.E0,0.E0));
#6204=VECTOR('',#6203,2.5E-2);
#6205=CARTESIAN_POINT('',(2.1E0,-1.625E-1,4.1E-1));
#6206=LINE('',#6205,#6204);
#6207=DIRECTION('',(1.E0,0.E0,0.E0));
#6208=VECTOR('',#6207,2.5E-2);
#6209=CARTESIAN_POINT('',(2.1E0,-1.375E-1,4.1E-1));
#6210=LINE('',#6209,#6208);
#6211=DIRECTION('',(0.E0,0.E0,1.E0));
#6212=VECTOR('',#6211,2.7E-1);
#6213=CARTESIAN_POINT('',(2.1E0,-3.75E-2,1.4E-1));
#6214=LINE('',#6213,#6212);
#6215=DIRECTION('',(0.E0,-1.E0,0.E0));
#6216=VECTOR('',#6215,2.500000000001E-2);
#6217=CARTESIAN_POINT('',(2.1E0,-3.75E-2,4.1E-1));
#6218=LINE('',#6217,#6216);
#6219=DIRECTION('',(0.E0,0.E0,-1.E0));
#6220=VECTOR('',#6219,2.7E-1);
#6221=CARTESIAN_POINT('',(2.1E0,-6.25E-2,4.1E-1));
#6222=LINE('',#6221,#6220);
#6223=DIRECTION('',(0.E0,0.E0,-1.E0));
#6224=VECTOR('',#6223,2.7E-1);
#6225=CARTESIAN_POINT('',(2.125E0,-6.25E-2,4.1E-1));
#6226=LINE('',#6225,#6224);
#6227=DIRECTION('',(0.E0,-1.E0,0.E0));
#6228=VECTOR('',#6227,2.500000000001E-2);
#6229=CARTESIAN_POINT('',(2.125E0,-3.75E-2,4.1E-1));
#6230=LINE('',#6229,#6228);
#6231=DIRECTION('',(0.E0,0.E0,1.E0));
#6232=VECTOR('',#6231,2.7E-1);
#6233=CARTESIAN_POINT('',(2.125E0,-3.75E-2,1.4E-1));
#6234=LINE('',#6233,#6232);
#6235=DIRECTION('',(1.E0,0.E0,0.E0));
#6236=VECTOR('',#6235,2.5E-2);
#6237=CARTESIAN_POINT('',(2.1E0,-6.25E-2,4.1E-1));
#6238=LINE('',#6237,#6236);
#6239=DIRECTION('',(1.E0,0.E0,0.E0));
#6240=VECTOR('',#6239,2.5E-2);
#6241=CARTESIAN_POINT('',(2.1E0,-3.75E-2,4.1E-1));
#6242=LINE('',#6241,#6240);
#6243=DIRECTION('',(0.E0,0.E0,1.E0));
#6244=VECTOR('',#6243,2.7E-1);
#6245=CARTESIAN_POINT('',(2.1E0,6.25E-2,1.4E-1));
#6246=LINE('',#6245,#6244);
#6247=DIRECTION('',(0.E0,-1.E0,0.E0));
#6248=VECTOR('',#6247,2.500000000001E-2);
#6249=CARTESIAN_POINT('',(2.1E0,6.25E-2,4.1E-1));
#6250=LINE('',#6249,#6248);
#6251=DIRECTION('',(0.E0,0.E0,-1.E0));
#6252=VECTOR('',#6251,2.7E-1);
#6253=CARTESIAN_POINT('',(2.1E0,3.75E-2,4.1E-1));
#6254=LINE('',#6253,#6252);
#6255=DIRECTION('',(0.E0,0.E0,-1.E0));
#6256=VECTOR('',#6255,2.7E-1);
#6257=CARTESIAN_POINT('',(2.125E0,3.75E-2,4.1E-1));
#6258=LINE('',#6257,#6256);
#6259=DIRECTION('',(0.E0,-1.E0,0.E0));
#6260=VECTOR('',#6259,2.500000000001E-2);
#6261=CARTESIAN_POINT('',(2.125E0,6.25E-2,4.1E-1));
#6262=LINE('',#6261,#6260);
#6263=DIRECTION('',(0.E0,0.E0,1.E0));
#6264=VECTOR('',#6263,2.7E-1);
#6265=CARTESIAN_POINT('',(2.125E0,6.25E-2,1.4E-1));
#6266=LINE('',#6265,#6264);
#6267=DIRECTION('',(1.E0,0.E0,0.E0));
#6268=VECTOR('',#6267,2.5E-2);
#6269=CARTESIAN_POINT('',(2.1E0,3.75E-2,4.1E-1));
#6270=LINE('',#6269,#6268);
#6271=DIRECTION('',(1.E0,0.E0,0.E0));
#6272=VECTOR('',#6271,2.5E-2);
#6273=CARTESIAN_POINT('',(2.1E0,6.25E-2,4.1E-1));
#6274=LINE('',#6273,#6272);
#6275=DIRECTION('',(0.E0,0.E0,1.E0));
#6276=VECTOR('',#6275,2.7E-1);
#6277=CARTESIAN_POINT('',(2.1E0,1.625E-1,1.4E-1));
#6278=LINE('',#6277,#6276);
#6279=DIRECTION('',(0.E0,-1.E0,0.E0));
#6280=VECTOR('',#6279,2.500000000001E-2);
#6281=CARTESIAN_POINT('',(2.1E0,1.625E-1,4.1E-1));
#6282=LINE('',#6281,#6280);
#6283=DIRECTION('',(0.E0,0.E0,-1.E0));
#6284=VECTOR('',#6283,2.7E-1);
#6285=CARTESIAN_POINT('',(2.1E0,1.375E-1,4.1E-1));
#6286=LINE('',#6285,#6284);
#6287=DIRECTION('',(0.E0,0.E0,-1.E0));
#6288=VECTOR('',#6287,2.7E-1);
#6289=CARTESIAN_POINT('',(2.125E0,1.375E-1,4.1E-1));
#6290=LINE('',#6289,#6288);
#6291=DIRECTION('',(0.E0,-1.E0,0.E0));
#6292=VECTOR('',#6291,2.500000000001E-2);
#6293=CARTESIAN_POINT('',(2.125E0,1.625E-1,4.1E-1));
#6294=LINE('',#6293,#6292);
#6295=DIRECTION('',(0.E0,0.E0,1.E0));
#6296=VECTOR('',#6295,2.7E-1);
#6297=CARTESIAN_POINT('',(2.125E0,1.625E-1,1.4E-1));
#6298=LINE('',#6297,#6296);
#6299=DIRECTION('',(1.E0,0.E0,0.E0));
#6300=VECTOR('',#6299,2.5E-2);
#6301=CARTESIAN_POINT('',(2.1E0,1.375E-1,4.1E-1));
#6302=LINE('',#6301,#6300);
#6303=DIRECTION('',(1.E0,0.E0,0.E0));
#6304=VECTOR('',#6303,2.5E-2);
#6305=CARTESIAN_POINT('',(2.1E0,1.625E-1,4.1E-1));
#6306=LINE('',#6305,#6304);
#6307=DIRECTION('',(-1.E0,0.E0,0.E0));
#6308=VECTOR('',#6307,1.7E-2);
#6309=CARTESIAN_POINT('',(1.596E0,-3.43E-1,-4.525E-1));
#6310=LINE('',#6309,#6308);
#6311=DIRECTION('',(0.E0,-1.E0,0.E0));
#6312=VECTOR('',#6311,1.75E-1);
#6313=CARTESIAN_POINT('',(1.596E0,-1.68E-1,-4.275E-1));
#6314=LINE('',#6313,#6312);
#6315=DIRECTION('',(-1.E0,0.E0,0.E0));
#6316=VECTOR('',#6315,1.7E-2);
#6317=CARTESIAN_POINT('',(1.596E0,-3.43E-1,-4.275E-1));
#6318=LINE('',#6317,#6316);
#6319=DIRECTION('',(0.E0,1.E0,0.E0));
#6320=VECTOR('',#6319,1.75E-1);
#6321=CARTESIAN_POINT('',(1.579E0,-3.43E-1,-4.275E-1));
#6322=LINE('',#6321,#6320);
#6323=DIRECTION('',(0.E0,0.E0,1.E0));
#6324=VECTOR('',#6323,2.5E-2);
#6325=CARTESIAN_POINT('',(1.596E0,-3.43E-1,-4.525E-1));
#6326=LINE('',#6325,#6324);
#6327=DIRECTION('',(0.E0,-1.E0,0.E0));
#6328=VECTOR('',#6327,1.75E-1);
#6329=CARTESIAN_POINT('',(1.579E0,-1.68E-1,-3.525E-1));
#6330=LINE('',#6329,#6328);
#6331=DIRECTION('',(0.E0,1.E0,0.E0));
#6332=VECTOR('',#6331,1.75E-1);
#6333=CARTESIAN_POINT('',(1.596E0,-3.43E-1,-3.525E-1));
#6334=LINE('',#6333,#6332);
#6335=DIRECTION('',(-1.E0,0.E0,0.E0));
#6336=VECTOR('',#6335,1.7E-2);
#6337=CARTESIAN_POINT('',(1.596E0,-3.43E-1,-3.525E-1));
#6338=LINE('',#6337,#6336);
#6339=DIRECTION('',(0.E0,-1.E0,0.E0));
#6340=VECTOR('',#6339,1.75E-1);
#6341=CARTESIAN_POINT('',(1.596E0,-1.68E-1,-3.275E-1));
#6342=LINE('',#6341,#6340);
#6343=DIRECTION('',(-1.E0,0.E0,0.E0));
#6344=VECTOR('',#6343,1.7E-2);
#6345=CARTESIAN_POINT('',(1.596E0,-3.43E-1,-3.275E-1));
#6346=LINE('',#6345,#6344);
#6347=DIRECTION('',(0.E0,1.E0,0.E0));
#6348=VECTOR('',#6347,1.75E-1);
#6349=CARTESIAN_POINT('',(1.579E0,-3.43E-1,-3.275E-1));
#6350=LINE('',#6349,#6348);
#6351=DIRECTION('',(0.E0,0.E0,1.E0));
#6352=VECTOR('',#6351,2.5E-2);
#6353=CARTESIAN_POINT('',(1.596E0,-3.43E-1,-3.525E-1));
#6354=LINE('',#6353,#6352);
#6355=DIRECTION('',(1.E0,0.E0,0.E0));
#6356=VECTOR('',#6355,1.7E-2);
#6357=CARTESIAN_POINT('',(1.479E0,-3.43E-1,-4.275E-1));
#6358=LINE('',#6357,#6356);
#6359=DIRECTION('',(-1.776356839400E-14,0.E0,1.E0));
#6360=VECTOR('',#6359,2.5E-2);
#6361=CARTESIAN_POINT('',(1.496E0,-3.43E-1,-4.525E-1));
#6362=LINE('',#6361,#6360);
#6363=DIRECTION('',(-1.776356839400E-14,0.E0,1.E0));
#6364=VECTOR('',#6363,2.5E-2);
#6365=CARTESIAN_POINT('',(1.479E0,-3.43E-1,-4.525E-1));
#6366=LINE('',#6365,#6364);
#6367=DIRECTION('',(0.E0,-1.E0,0.E0));
#6368=VECTOR('',#6367,1.75E-1);
#6369=CARTESIAN_POINT('',(1.496E0,-1.68E-1,-4.275E-1));
#6370=LINE('',#6369,#6368);
#6371=DIRECTION('',(0.E0,1.E0,0.E0));
#6372=VECTOR('',#6371,1.75E-1);
#6373=CARTESIAN_POINT('',(1.479E0,-3.43E-1,-4.275E-1));
#6374=LINE('',#6373,#6372);
#6375=DIRECTION('',(0.E0,-1.E0,0.E0));
#6376=VECTOR('',#6375,1.75E-1);
#6377=CARTESIAN_POINT('',(1.479E0,-1.68E-1,-3.525E-1));
#6378=LINE('',#6377,#6376);
#6379=DIRECTION('',(1.E0,0.E0,0.E0));
#6380=VECTOR('',#6379,1.7E-2);
#6381=CARTESIAN_POINT('',(1.479E0,-3.43E-1,-3.525E-1));
#6382=LINE('',#6381,#6380);
#6383=DIRECTION('',(0.E0,1.E0,0.E0));
#6384=VECTOR('',#6383,1.75E-1);
#6385=CARTESIAN_POINT('',(1.496E0,-3.43E-1,-3.525E-1));
#6386=LINE('',#6385,#6384);
#6387=DIRECTION('',(0.E0,-1.E0,0.E0));
#6388=VECTOR('',#6387,1.75E-1);
#6389=CARTESIAN_POINT('',(1.496E0,-1.68E-1,-3.275E-1));
#6390=LINE('',#6389,#6388);
#6391=DIRECTION('',(0.E0,1.E0,0.E0));
#6392=VECTOR('',#6391,1.75E-1);
#6393=CARTESIAN_POINT('',(1.479E0,-3.43E-1,-3.275E-1));
#6394=LINE('',#6393,#6392);
#6395=DIRECTION('',(1.E0,0.E0,0.E0));
#6396=VECTOR('',#6395,1.7E-2);
#6397=CARTESIAN_POINT('',(1.479E0,-3.43E-1,-3.275E-1));
#6398=LINE('',#6397,#6396);
#6399=DIRECTION('',(0.E0,0.E0,1.E0));
#6400=VECTOR('',#6399,2.5E-2);
#6401=CARTESIAN_POINT('',(1.496E0,-3.43E-1,-3.525E-1));
#6402=LINE('',#6401,#6400);
#6403=DIRECTION('',(0.E0,0.E0,1.E0));
#6404=VECTOR('',#6403,2.5E-2);
#6405=CARTESIAN_POINT('',(1.479E0,-3.43E-1,-3.525E-1));
#6406=LINE('',#6405,#6404);
#6407=DIRECTION('',(0.E0,-1.E0,0.E0));
#6408=VECTOR('',#6407,1.75E-1);
#6409=CARTESIAN_POINT('',(1.479E0,-1.68E-1,-2.525E-1));
#6410=LINE('',#6409,#6408);
#6411=DIRECTION('',(1.E0,0.E0,0.E0));
#6412=VECTOR('',#6411,1.7E-2);
#6413=CARTESIAN_POINT('',(1.479E0,-3.43E-1,-2.525E-1));
#6414=LINE('',#6413,#6412);
#6415=DIRECTION('',(0.E0,1.E0,0.E0));
#6416=VECTOR('',#6415,1.75E-1);
#6417=CARTESIAN_POINT('',(1.496E0,-3.43E-1,-2.525E-1));
#6418=LINE('',#6417,#6416);
#6419=DIRECTION('',(0.E0,-1.E0,0.E0));
#6420=VECTOR('',#6419,1.75E-1);
#6421=CARTESIAN_POINT('',(1.496E0,-1.68E-1,-2.275E-1));
#6422=LINE('',#6421,#6420);
#6423=DIRECTION('',(0.E0,1.E0,0.E0));
#6424=VECTOR('',#6423,1.75E-1);
#6425=CARTESIAN_POINT('',(1.479E0,-3.43E-1,-2.275E-1));
#6426=LINE('',#6425,#6424);
#6427=DIRECTION('',(1.E0,0.E0,0.E0));
#6428=VECTOR('',#6427,1.7E-2);
#6429=CARTESIAN_POINT('',(1.479E0,-3.43E-1,-2.275E-1));
#6430=LINE('',#6429,#6428);
#6431=DIRECTION('',(0.E0,0.E0,1.E0));
#6432=VECTOR('',#6431,2.5E-2);
#6433=CARTESIAN_POINT('',(1.496E0,-3.43E-1,-2.525E-1));
#6434=LINE('',#6433,#6432);
#6435=DIRECTION('',(0.E0,0.E0,1.E0));
#6436=VECTOR('',#6435,2.5E-2);
#6437=CARTESIAN_POINT('',(1.479E0,-3.43E-1,-2.525E-1));
#6438=LINE('',#6437,#6436);
#6439=DIRECTION('',(1.E0,0.E0,0.E0));
#6440=VECTOR('',#6439,1.7E-2);
#6441=CARTESIAN_POINT('',(1.479E0,-3.43E-1,-1.275E-1));
#6442=LINE('',#6441,#6440);
#6443=DIRECTION('',(0.E0,0.E0,1.E0));
#6444=VECTOR('',#6443,2.5E-2);
#6445=CARTESIAN_POINT('',(1.496E0,-3.43E-1,-1.525E-1));
#6446=LINE('',#6445,#6444);
#6447=DIRECTION('',(0.E0,0.E0,1.E0));
#6448=VECTOR('',#6447,2.5E-2);
#6449=CARTESIAN_POINT('',(1.479E0,-3.43E-1,-1.525E-1));
#6450=LINE('',#6449,#6448);
#6451=DIRECTION('',(0.E0,1.E0,0.E0));
#6452=VECTOR('',#6451,4.55E-1);
#6453=CARTESIAN_POINT('',(2.1625E0,-2.08E-1,-4.7E-2));
#6454=LINE('',#6453,#6452);
#6455=DIRECTION('',(-1.E0,0.E0,0.E0));
#6456=VECTOR('',#6455,5.E-1);
#6457=CARTESIAN_POINT('',(2.1625E0,2.47E-1,-4.7E-2));
#6458=LINE('',#6457,#6456);
#6459=DIRECTION('',(0.E0,1.E0,0.E0));
#6460=VECTOR('',#6459,2.500000000001E-2);
#6461=CARTESIAN_POINT('',(1.7E0,-1.625E-1,-4.7E-2));
#6462=LINE('',#6461,#6460);
#6463=DIRECTION('',(1.E0,0.E0,0.E0));
#6464=VECTOR('',#6463,2.5E-2);
#6465=CARTESIAN_POINT('',(1.7E0,-1.375E-1,-4.7E-2));
#6466=LINE('',#6465,#6464);
#6467=DIRECTION('',(0.E0,1.E0,0.E0));
#6468=VECTOR('',#6467,2.500000000001E-2);
#6469=CARTESIAN_POINT('',(1.725E0,-1.625E-1,-4.7E-2));
#6470=LINE('',#6469,#6468);
#6471=DIRECTION('',(1.E0,0.E0,0.E0));
#6472=VECTOR('',#6471,2.5E-2);
#6473=CARTESIAN_POINT('',(1.7E0,-1.625E-1,-4.7E-2));
#6474=LINE('',#6473,#6472);
#6475=DIRECTION('',(0.E0,1.E0,0.E0));
#6476=VECTOR('',#6475,2.500000000001E-2);
#6477=CARTESIAN_POINT('',(1.7E0,-6.25E-2,-4.7E-2));
#6478=LINE('',#6477,#6476);
#6479=DIRECTION('',(1.E0,0.E0,0.E0));
#6480=VECTOR('',#6479,2.5E-2);
#6481=CARTESIAN_POINT('',(1.7E0,-3.75E-2,-4.7E-2));
#6482=LINE('',#6481,#6480);
#6483=DIRECTION('',(0.E0,1.E0,0.E0));
#6484=VECTOR('',#6483,2.500000000001E-2);
#6485=CARTESIAN_POINT('',(1.725E0,-6.25E-2,-4.7E-2));
#6486=LINE('',#6485,#6484);
#6487=DIRECTION('',(1.E0,0.E0,0.E0));
#6488=VECTOR('',#6487,2.5E-2);
#6489=CARTESIAN_POINT('',(1.7E0,-6.25E-2,-4.7E-2));
#6490=LINE('',#6489,#6488);
#6491=DIRECTION('',(0.E0,1.E0,0.E0));
#6492=VECTOR('',#6491,2.500000000001E-2);
#6493=CARTESIAN_POINT('',(1.7E0,3.75E-2,-4.7E-2));
#6494=LINE('',#6493,#6492);
#6495=DIRECTION('',(1.E0,0.E0,0.E0));
#6496=VECTOR('',#6495,2.5E-2);
#6497=CARTESIAN_POINT('',(1.7E0,6.25E-2,-4.7E-2));
#6498=LINE('',#6497,#6496);
#6499=DIRECTION('',(0.E0,1.E0,0.E0));
#6500=VECTOR('',#6499,2.500000000001E-2);
#6501=CARTESIAN_POINT('',(1.725E0,3.75E-2,-4.7E-2));
#6502=LINE('',#6501,#6500);
#6503=DIRECTION('',(1.E0,0.E0,0.E0));
#6504=VECTOR('',#6503,2.5E-2);
#6505=CARTESIAN_POINT('',(1.7E0,3.75E-2,-4.7E-2));
#6506=LINE('',#6505,#6504);
#6507=DIRECTION('',(0.E0,1.E0,0.E0));
#6508=VECTOR('',#6507,2.500000000001E-2);
#6509=CARTESIAN_POINT('',(1.7E0,1.375E-1,-4.7E-2));
#6510=LINE('',#6509,#6508);
#6511=DIRECTION('',(1.E0,0.E0,0.E0));
#6512=VECTOR('',#6511,2.5E-2);
#6513=CARTESIAN_POINT('',(1.7E0,1.625E-1,-4.7E-2));
#6514=LINE('',#6513,#6512);
#6515=DIRECTION('',(0.E0,1.E0,0.E0));
#6516=VECTOR('',#6515,2.500000000001E-2);
#6517=CARTESIAN_POINT('',(1.725E0,1.375E-1,-4.7E-2));
#6518=LINE('',#6517,#6516);
#6519=DIRECTION('',(1.E0,0.E0,0.E0));
#6520=VECTOR('',#6519,2.5E-2);
#6521=CARTESIAN_POINT('',(1.7E0,1.375E-1,-4.7E-2));
#6522=LINE('',#6521,#6520);
#6523=DIRECTION('',(0.E0,1.E0,0.E0));
#6524=VECTOR('',#6523,2.500000000001E-2);
#6525=CARTESIAN_POINT('',(1.8E0,-1.625E-1,-4.7E-2));
#6526=LINE('',#6525,#6524);
#6527=DIRECTION('',(1.E0,0.E0,0.E0));
#6528=VECTOR('',#6527,2.5E-2);
#6529=CARTESIAN_POINT('',(1.8E0,-1.375E-1,-4.7E-2));
#6530=LINE('',#6529,#6528);
#6531=DIRECTION('',(0.E0,1.E0,0.E0));
#6532=VECTOR('',#6531,2.500000000001E-2);
#6533=CARTESIAN_POINT('',(1.825E0,-1.625E-1,-4.7E-2));
#6534=LINE('',#6533,#6532);
#6535=DIRECTION('',(1.E0,0.E0,0.E0));
#6536=VECTOR('',#6535,2.5E-2);
#6537=CARTESIAN_POINT('',(1.8E0,-1.625E-1,-4.7E-2));
#6538=LINE('',#6537,#6536);
#6539=DIRECTION('',(0.E0,1.E0,0.E0));
#6540=VECTOR('',#6539,2.500000000001E-2);
#6541=CARTESIAN_POINT('',(1.8E0,-6.25E-2,-4.7E-2));
#6542=LINE('',#6541,#6540);
#6543=DIRECTION('',(1.E0,0.E0,0.E0));
#6544=VECTOR('',#6543,2.5E-2);
#6545=CARTESIAN_POINT('',(1.8E0,-3.75E-2,-4.7E-2));
#6546=LINE('',#6545,#6544);
#6547=DIRECTION('',(0.E0,1.E0,0.E0));
#6548=VECTOR('',#6547,2.500000000001E-2);
#6549=CARTESIAN_POINT('',(1.825E0,-6.25E-2,-4.7E-2));
#6550=LINE('',#6549,#6548);
#6551=DIRECTION('',(1.E0,0.E0,0.E0));
#6552=VECTOR('',#6551,2.5E-2);
#6553=CARTESIAN_POINT('',(1.8E0,-6.25E-2,-4.7E-2));
#6554=LINE('',#6553,#6552);
#6555=DIRECTION('',(0.E0,1.E0,0.E0));
#6556=VECTOR('',#6555,2.500000000001E-2);
#6557=CARTESIAN_POINT('',(1.8E0,3.75E-2,-4.7E-2));
#6558=LINE('',#6557,#6556);
#6559=DIRECTION('',(1.E0,0.E0,0.E0));
#6560=VECTOR('',#6559,2.5E-2);
#6561=CARTESIAN_POINT('',(1.8E0,6.25E-2,-4.7E-2));
#6562=LINE('',#6561,#6560);
#6563=DIRECTION('',(0.E0,1.E0,0.E0));
#6564=VECTOR('',#6563,2.500000000001E-2);
#6565=CARTESIAN_POINT('',(1.825E0,3.75E-2,-4.7E-2));
#6566=LINE('',#6565,#6564);
#6567=DIRECTION('',(1.E0,0.E0,0.E0));
#6568=VECTOR('',#6567,2.5E-2);
#6569=CARTESIAN_POINT('',(1.8E0,3.75E-2,-4.7E-2));
#6570=LINE('',#6569,#6568);
#6571=DIRECTION('',(0.E0,1.E0,0.E0));
#6572=VECTOR('',#6571,2.500000000001E-2);
#6573=CARTESIAN_POINT('',(1.8E0,1.375E-1,-4.7E-2));
#6574=LINE('',#6573,#6572);
#6575=DIRECTION('',(1.E0,0.E0,0.E0));
#6576=VECTOR('',#6575,2.5E-2);
#6577=CARTESIAN_POINT('',(1.8E0,1.625E-1,-4.7E-2));
#6578=LINE('',#6577,#6576);
#6579=DIRECTION('',(0.E0,1.E0,0.E0));
#6580=VECTOR('',#6579,2.500000000001E-2);
#6581=CARTESIAN_POINT('',(1.825E0,1.375E-1,-4.7E-2));
#6582=LINE('',#6581,#6580);
#6583=DIRECTION('',(1.E0,0.E0,0.E0));
#6584=VECTOR('',#6583,2.5E-2);
#6585=CARTESIAN_POINT('',(1.8E0,1.375E-1,-4.7E-2));
#6586=LINE('',#6585,#6584);
#6587=DIRECTION('',(0.E0,1.E0,0.E0));
#6588=VECTOR('',#6587,2.500000000001E-2);
#6589=CARTESIAN_POINT('',(1.9E0,-1.625E-1,-4.7E-2));
#6590=LINE('',#6589,#6588);
#6591=DIRECTION('',(1.E0,0.E0,0.E0));
#6592=VECTOR('',#6591,2.5E-2);
#6593=CARTESIAN_POINT('',(1.9E0,-1.375E-1,-4.7E-2));
#6594=LINE('',#6593,#6592);
#6595=DIRECTION('',(0.E0,1.E0,0.E0));
#6596=VECTOR('',#6595,2.500000000001E-2);
#6597=CARTESIAN_POINT('',(1.925E0,-1.625E-1,-4.7E-2));
#6598=LINE('',#6597,#6596);
#6599=DIRECTION('',(1.E0,0.E0,0.E0));
#6600=VECTOR('',#6599,2.5E-2);
#6601=CARTESIAN_POINT('',(1.9E0,-1.625E-1,-4.7E-2));
#6602=LINE('',#6601,#6600);
#6603=DIRECTION('',(0.E0,1.E0,0.E0));
#6604=VECTOR('',#6603,2.500000000001E-2);
#6605=CARTESIAN_POINT('',(1.9E0,-6.25E-2,-4.7E-2));
#6606=LINE('',#6605,#6604);
#6607=DIRECTION('',(1.E0,0.E0,0.E0));
#6608=VECTOR('',#6607,2.5E-2);
#6609=CARTESIAN_POINT('',(1.9E0,-3.75E-2,-4.7E-2));
#6610=LINE('',#6609,#6608);
#6611=DIRECTION('',(0.E0,1.E0,0.E0));
#6612=VECTOR('',#6611,2.500000000001E-2);
#6613=CARTESIAN_POINT('',(1.925E0,-6.25E-2,-4.7E-2));
#6614=LINE('',#6613,#6612);
#6615=DIRECTION('',(1.E0,0.E0,0.E0));
#6616=VECTOR('',#6615,2.5E-2);
#6617=CARTESIAN_POINT('',(1.9E0,-6.25E-2,-4.7E-2));
#6618=LINE('',#6617,#6616);
#6619=DIRECTION('',(0.E0,1.E0,0.E0));
#6620=VECTOR('',#6619,2.500000000001E-2);
#6621=CARTESIAN_POINT('',(1.9E0,3.75E-2,-4.7E-2));
#6622=LINE('',#6621,#6620);
#6623=DIRECTION('',(1.E0,0.E0,0.E0));
#6624=VECTOR('',#6623,2.5E-2);
#6625=CARTESIAN_POINT('',(1.9E0,6.25E-2,-4.7E-2));
#6626=LINE('',#6625,#6624);
#6627=DIRECTION('',(0.E0,1.E0,0.E0));
#6628=VECTOR('',#6627,2.500000000001E-2);
#6629=CARTESIAN_POINT('',(1.925E0,3.75E-2,-4.7E-2));
#6630=LINE('',#6629,#6628);
#6631=DIRECTION('',(1.E0,0.E0,0.E0));
#6632=VECTOR('',#6631,2.5E-2);
#6633=CARTESIAN_POINT('',(1.9E0,3.75E-2,-4.7E-2));
#6634=LINE('',#6633,#6632);
#6635=DIRECTION('',(0.E0,1.E0,0.E0));
#6636=VECTOR('',#6635,2.500000000001E-2);
#6637=CARTESIAN_POINT('',(1.9E0,1.375E-1,-4.7E-2));
#6638=LINE('',#6637,#6636);
#6639=DIRECTION('',(1.E0,0.E0,0.E0));
#6640=VECTOR('',#6639,2.5E-2);
#6641=CARTESIAN_POINT('',(1.9E0,1.625E-1,-4.7E-2));
#6642=LINE('',#6641,#6640);
#6643=DIRECTION('',(0.E0,1.E0,0.E0));
#6644=VECTOR('',#6643,2.500000000001E-2);
#6645=CARTESIAN_POINT('',(1.925E0,1.375E-1,-4.7E-2));
#6646=LINE('',#6645,#6644);
#6647=DIRECTION('',(1.E0,0.E0,0.E0));
#6648=VECTOR('',#6647,2.5E-2);
#6649=CARTESIAN_POINT('',(1.9E0,1.375E-1,-4.7E-2));
#6650=LINE('',#6649,#6648);
#6651=DIRECTION('',(0.E0,1.E0,0.E0));
#6652=VECTOR('',#6651,2.500000000001E-2);
#6653=CARTESIAN_POINT('',(2.E0,-1.625E-1,-4.7E-2));
#6654=LINE('',#6653,#6652);
#6655=DIRECTION('',(1.E0,0.E0,0.E0));
#6656=VECTOR('',#6655,2.5E-2);
#6657=CARTESIAN_POINT('',(2.E0,-1.375E-1,-4.7E-2));
#6658=LINE('',#6657,#6656);
#6659=DIRECTION('',(0.E0,1.E0,0.E0));
#6660=VECTOR('',#6659,2.500000000001E-2);
#6661=CARTESIAN_POINT('',(2.025E0,-1.625E-1,-4.7E-2));
#6662=LINE('',#6661,#6660);
#6663=DIRECTION('',(1.E0,0.E0,0.E0));
#6664=VECTOR('',#6663,2.5E-2);
#6665=CARTESIAN_POINT('',(2.E0,-1.625E-1,-4.7E-2));
#6666=LINE('',#6665,#6664);
#6667=DIRECTION('',(0.E0,1.E0,0.E0));
#6668=VECTOR('',#6667,2.500000000001E-2);
#6669=CARTESIAN_POINT('',(2.E0,-6.25E-2,-4.7E-2));
#6670=LINE('',#6669,#6668);
#6671=DIRECTION('',(1.E0,0.E0,0.E0));
#6672=VECTOR('',#6671,2.5E-2);
#6673=CARTESIAN_POINT('',(2.E0,-3.75E-2,-4.7E-2));
#6674=LINE('',#6673,#6672);
#6675=DIRECTION('',(0.E0,1.E0,0.E0));
#6676=VECTOR('',#6675,2.500000000001E-2);
#6677=CARTESIAN_POINT('',(2.025E0,-6.25E-2,-4.7E-2));
#6678=LINE('',#6677,#6676);
#6679=DIRECTION('',(1.E0,0.E0,0.E0));
#6680=VECTOR('',#6679,2.5E-2);
#6681=CARTESIAN_POINT('',(2.E0,-6.25E-2,-4.7E-2));
#6682=LINE('',#6681,#6680);
#6683=DIRECTION('',(0.E0,1.E0,0.E0));
#6684=VECTOR('',#6683,2.500000000001E-2);
#6685=CARTESIAN_POINT('',(2.E0,3.75E-2,-4.7E-2));
#6686=LINE('',#6685,#6684);
#6687=DIRECTION('',(1.E0,0.E0,0.E0));
#6688=VECTOR('',#6687,2.5E-2);
#6689=CARTESIAN_POINT('',(2.E0,6.25E-2,-4.7E-2));
#6690=LINE('',#6689,#6688);
#6691=DIRECTION('',(0.E0,1.E0,0.E0));
#6692=VECTOR('',#6691,2.500000000001E-2);
#6693=CARTESIAN_POINT('',(2.025E0,3.75E-2,-4.7E-2));
#6694=LINE('',#6693,#6692);
#6695=DIRECTION('',(1.E0,0.E0,0.E0));
#6696=VECTOR('',#6695,2.5E-2);
#6697=CARTESIAN_POINT('',(2.E0,3.75E-2,-4.7E-2));
#6698=LINE('',#6697,#6696);
#6699=DIRECTION('',(0.E0,1.E0,0.E0));
#6700=VECTOR('',#6699,2.500000000001E-2);
#6701=CARTESIAN_POINT('',(2.E0,1.375E-1,-4.7E-2));
#6702=LINE('',#6701,#6700);
#6703=DIRECTION('',(1.E0,0.E0,0.E0));
#6704=VECTOR('',#6703,2.5E-2);
#6705=CARTESIAN_POINT('',(2.E0,1.625E-1,-4.7E-2));
#6706=LINE('',#6705,#6704);
#6707=DIRECTION('',(0.E0,1.E0,0.E0));
#6708=VECTOR('',#6707,2.500000000001E-2);
#6709=CARTESIAN_POINT('',(2.025E0,1.375E-1,-4.7E-2));
#6710=LINE('',#6709,#6708);
#6711=DIRECTION('',(1.E0,0.E0,0.E0));
#6712=VECTOR('',#6711,2.5E-2);
#6713=CARTESIAN_POINT('',(2.E0,1.375E-1,-4.7E-2));
#6714=LINE('',#6713,#6712);
#6715=DIRECTION('',(0.E0,1.E0,0.E0));
#6716=VECTOR('',#6715,2.500000000001E-2);
#6717=CARTESIAN_POINT('',(2.1E0,-1.625E-1,-4.7E-2));
#6718=LINE('',#6717,#6716);
#6719=DIRECTION('',(1.E0,0.E0,0.E0));
#6720=VECTOR('',#6719,2.5E-2);
#6721=CARTESIAN_POINT('',(2.1E0,-1.375E-1,-4.7E-2));
#6722=LINE('',#6721,#6720);
#6723=DIRECTION('',(0.E0,1.E0,0.E0));
#6724=VECTOR('',#6723,2.500000000001E-2);
#6725=CARTESIAN_POINT('',(2.125E0,-1.625E-1,-4.7E-2));
#6726=LINE('',#6725,#6724);
#6727=DIRECTION('',(1.E0,0.E0,0.E0));
#6728=VECTOR('',#6727,2.5E-2);
#6729=CARTESIAN_POINT('',(2.1E0,-1.625E-1,-4.7E-2));
#6730=LINE('',#6729,#6728);
#6731=DIRECTION('',(0.E0,1.E0,0.E0));
#6732=VECTOR('',#6731,2.500000000001E-2);
#6733=CARTESIAN_POINT('',(2.1E0,-6.25E-2,-4.7E-2));
#6734=LINE('',#6733,#6732);
#6735=DIRECTION('',(1.E0,0.E0,0.E0));
#6736=VECTOR('',#6735,2.5E-2);
#6737=CARTESIAN_POINT('',(2.1E0,-3.75E-2,-4.7E-2));
#6738=LINE('',#6737,#6736);
#6739=DIRECTION('',(0.E0,1.E0,0.E0));
#6740=VECTOR('',#6739,2.500000000001E-2);
#6741=CARTESIAN_POINT('',(2.125E0,-6.25E-2,-4.7E-2));
#6742=LINE('',#6741,#6740);
#6743=DIRECTION('',(1.E0,0.E0,0.E0));
#6744=VECTOR('',#6743,2.5E-2);
#6745=CARTESIAN_POINT('',(2.1E0,-6.25E-2,-4.7E-2));
#6746=LINE('',#6745,#6744);
#6747=DIRECTION('',(0.E0,1.E0,0.E0));
#6748=VECTOR('',#6747,2.500000000001E-2);
#6749=CARTESIAN_POINT('',(2.1E0,3.75E-2,-4.7E-2));
#6750=LINE('',#6749,#6748);
#6751=DIRECTION('',(1.E0,0.E0,0.E0));
#6752=VECTOR('',#6751,2.5E-2);
#6753=CARTESIAN_POINT('',(2.1E0,6.25E-2,-4.7E-2));
#6754=LINE('',#6753,#6752);
#6755=DIRECTION('',(0.E0,1.E0,0.E0));
#6756=VECTOR('',#6755,2.500000000001E-2);
#6757=CARTESIAN_POINT('',(2.125E0,3.75E-2,-4.7E-2));
#6758=LINE('',#6757,#6756);
#6759=DIRECTION('',(1.E0,0.E0,0.E0));
#6760=VECTOR('',#6759,2.5E-2);
#6761=CARTESIAN_POINT('',(2.1E0,3.75E-2,-4.7E-2));
#6762=LINE('',#6761,#6760);
#6763=DIRECTION('',(0.E0,1.E0,0.E0));
#6764=VECTOR('',#6763,2.500000000001E-2);
#6765=CARTESIAN_POINT('',(2.1E0,1.375E-1,-4.7E-2));
#6766=LINE('',#6765,#6764);
#6767=DIRECTION('',(1.E0,0.E0,0.E0));
#6768=VECTOR('',#6767,2.5E-2);
#6769=CARTESIAN_POINT('',(2.1E0,1.625E-1,-4.7E-2));
#6770=LINE('',#6769,#6768);
#6771=DIRECTION('',(0.E0,1.E0,0.E0));
#6772=VECTOR('',#6771,2.500000000001E-2);
#6773=CARTESIAN_POINT('',(2.125E0,1.375E-1,-4.7E-2));
#6774=LINE('',#6773,#6772);
#6775=DIRECTION('',(1.E0,0.E0,0.E0));
#6776=VECTOR('',#6775,2.5E-2);
#6777=CARTESIAN_POINT('',(2.1E0,1.375E-1,-4.7E-2));
#6778=LINE('',#6777,#6776);
#6779=DIRECTION('',(0.E0,0.E0,-1.E0));
#6780=VECTOR('',#6779,8.05E-2);
#6781=CARTESIAN_POINT('',(1.7E0,-1.625E-1,-4.7E-2));
#6782=LINE('',#6781,#6780);
#6783=DIRECTION('',(0.E0,-1.E0,0.E0));
#6784=VECTOR('',#6783,1.805E-1);
#6785=CARTESIAN_POINT('',(1.7E0,-1.625E-1,-1.275E-1));
#6786=LINE('',#6785,#6784);
#6787=DIRECTION('',(0.E0,0.E0,-1.E0));
#6788=VECTOR('',#6787,2.500000000001E-2);
#6789=CARTESIAN_POINT('',(1.7E0,-3.43E-1,-1.275E-1));
#6790=LINE('',#6789,#6788);
#6791=DIRECTION('',(0.E0,1.E0,0.E0));
#6792=VECTOR('',#6791,2.055E-1);
#6793=CARTESIAN_POINT('',(1.7E0,-3.43E-1,-1.525E-1));
#6794=LINE('',#6793,#6792);
#6795=DIRECTION('',(0.E0,0.E0,1.E0));
#6796=VECTOR('',#6795,1.055E-1);
#6797=CARTESIAN_POINT('',(1.7E0,-1.375E-1,-1.525E-1));
#6798=LINE('',#6797,#6796);
#6799=DIRECTION('',(0.E0,0.E0,1.E0));
#6800=VECTOR('',#6799,1.055E-1);
#6801=CARTESIAN_POINT('',(1.725E0,-1.375E-1,-1.525E-1));
#6802=LINE('',#6801,#6800);
#6803=DIRECTION('',(0.E0,1.E0,0.E0));
#6804=VECTOR('',#6803,2.055E-1);
#6805=CARTESIAN_POINT('',(1.725E0,-3.43E-1,-1.525E-1));
#6806=LINE('',#6805,#6804);
#6807=DIRECTION('',(0.E0,0.E0,-1.E0));
#6808=VECTOR('',#6807,2.500000000001E-2);
#6809=CARTESIAN_POINT('',(1.725E0,-3.43E-1,-1.275E-1));
#6810=LINE('',#6809,#6808);
#6811=DIRECTION('',(0.E0,-1.E0,0.E0));
#6812=VECTOR('',#6811,1.805E-1);
#6813=CARTESIAN_POINT('',(1.725E0,-1.625E-1,-1.275E-1));
#6814=LINE('',#6813,#6812);
#6815=DIRECTION('',(0.E0,0.E0,-1.E0));
#6816=VECTOR('',#6815,8.05E-2);
#6817=CARTESIAN_POINT('',(1.725E0,-1.625E-1,-4.7E-2));
#6818=LINE('',#6817,#6816);
#6819=DIRECTION('',(1.E0,0.E0,0.E0));
#6820=VECTOR('',#6819,2.5E-2);
#6821=CARTESIAN_POINT('',(1.7E0,-1.375E-1,-1.525E-1));
#6822=LINE('',#6821,#6820);
#6823=DIRECTION('',(1.E0,0.E0,0.E0));
#6824=VECTOR('',#6823,2.5E-2);
#6825=CARTESIAN_POINT('',(1.7E0,-3.43E-1,-1.525E-1));
#6826=LINE('',#6825,#6824);
#6827=DIRECTION('',(1.E0,0.E0,0.E0));
#6828=VECTOR('',#6827,2.5E-2);
#6829=CARTESIAN_POINT('',(1.7E0,-3.43E-1,-1.275E-1));
#6830=LINE('',#6829,#6828);
#6831=DIRECTION('',(1.E0,0.E0,0.E0));
#6832=VECTOR('',#6831,2.5E-2);
#6833=CARTESIAN_POINT('',(1.7E0,-1.625E-1,-1.275E-1));
#6834=LINE('',#6833,#6832);
#6835=DIRECTION('',(0.E0,0.E0,-1.E0));
#6836=VECTOR('',#6835,1.805E-1);
#6837=CARTESIAN_POINT('',(1.7E0,-6.25E-2,-4.7E-2));
#6838=LINE('',#6837,#6836);
#6839=DIRECTION('',(0.E0,-1.E0,0.E0));
#6840=VECTOR('',#6839,2.805E-1);
#6841=CARTESIAN_POINT('',(1.7E0,-6.25E-2,-2.275E-1));
#6842=LINE('',#6841,#6840);
#6843=DIRECTION('',(0.E0,0.E0,-1.E0));
#6844=VECTOR('',#6843,2.500000000001E-2);
#6845=CARTESIAN_POINT('',(1.7E0,-3.43E-1,-2.275E-1));
#6846=LINE('',#6845,#6844);
#6847=DIRECTION('',(0.E0,1.E0,0.E0));
#6848=VECTOR('',#6847,3.055E-1);
#6849=CARTESIAN_POINT('',(1.7E0,-3.43E-1,-2.525E-1));
#6850=LINE('',#6849,#6848);
#6851=DIRECTION('',(0.E0,0.E0,1.E0));
#6852=VECTOR('',#6851,2.055E-1);
#6853=CARTESIAN_POINT('',(1.7E0,-3.75E-2,-2.525E-1));
#6854=LINE('',#6853,#6852);
#6855=DIRECTION('',(0.E0,0.E0,1.E0));
#6856=VECTOR('',#6855,2.055E-1);
#6857=CARTESIAN_POINT('',(1.725E0,-3.75E-2,-2.525E-1));
#6858=LINE('',#6857,#6856);
#6859=DIRECTION('',(0.E0,1.E0,0.E0));
#6860=VECTOR('',#6859,3.055E-1);
#6861=CARTESIAN_POINT('',(1.725E0,-3.43E-1,-2.525E-1));
#6862=LINE('',#6861,#6860);
#6863=DIRECTION('',(0.E0,0.E0,-1.E0));
#6864=VECTOR('',#6863,2.500000000001E-2);
#6865=CARTESIAN_POINT('',(1.725E0,-3.43E-1,-2.275E-1));
#6866=LINE('',#6865,#6864);
#6867=DIRECTION('',(0.E0,-1.E0,0.E0));
#6868=VECTOR('',#6867,2.805E-1);
#6869=CARTESIAN_POINT('',(1.725E0,-6.25E-2,-2.275E-1));
#6870=LINE('',#6869,#6868);
#6871=DIRECTION('',(0.E0,0.E0,-1.E0));
#6872=VECTOR('',#6871,1.805E-1);
#6873=CARTESIAN_POINT('',(1.725E0,-6.25E-2,-4.7E-2));
#6874=LINE('',#6873,#6872);
#6875=DIRECTION('',(1.E0,0.E0,0.E0));
#6876=VECTOR('',#6875,2.5E-2);
#6877=CARTESIAN_POINT('',(1.7E0,-3.75E-2,-2.525E-1));
#6878=LINE('',#6877,#6876);
#6879=DIRECTION('',(1.E0,0.E0,0.E0));
#6880=VECTOR('',#6879,2.5E-2);
#6881=CARTESIAN_POINT('',(1.7E0,-3.43E-1,-2.525E-1));
#6882=LINE('',#6881,#6880);
#6883=DIRECTION('',(1.E0,0.E0,0.E0));
#6884=VECTOR('',#6883,2.5E-2);
#6885=CARTESIAN_POINT('',(1.7E0,-3.43E-1,-2.275E-1));
#6886=LINE('',#6885,#6884);
#6887=DIRECTION('',(1.E0,0.E0,0.E0));
#6888=VECTOR('',#6887,2.5E-2);
#6889=CARTESIAN_POINT('',(1.7E0,-6.25E-2,-2.275E-1));
#6890=LINE('',#6889,#6888);
#6891=DIRECTION('',(0.E0,0.E0,-1.E0));
#6892=VECTOR('',#6891,2.805E-1);
#6893=CARTESIAN_POINT('',(1.7E0,3.75E-2,-4.7E-2));
#6894=LINE('',#6893,#6892);
#6895=DIRECTION('',(0.E0,-1.E0,0.E0));
#6896=VECTOR('',#6895,3.805E-1);
#6897=CARTESIAN_POINT('',(1.7E0,3.75E-2,-3.275E-1));
#6898=LINE('',#6897,#6896);
#6899=DIRECTION('',(0.E0,0.E0,-1.E0));
#6900=VECTOR('',#6899,2.500000000001E-2);
#6901=CARTESIAN_POINT('',(1.7E0,-3.43E-1,-3.275E-1));
#6902=LINE('',#6901,#6900);
#6903=DIRECTION('',(0.E0,1.E0,0.E0));
#6904=VECTOR('',#6903,4.055E-1);
#6905=CARTESIAN_POINT('',(1.7E0,-3.43E-1,-3.525E-1));
#6906=LINE('',#6905,#6904);
#6907=DIRECTION('',(0.E0,0.E0,1.E0));
#6908=VECTOR('',#6907,3.055E-1);
#6909=CARTESIAN_POINT('',(1.7E0,6.25E-2,-3.525E-1));
#6910=LINE('',#6909,#6908);
#6911=DIRECTION('',(0.E0,0.E0,1.E0));
#6912=VECTOR('',#6911,3.055E-1);
#6913=CARTESIAN_POINT('',(1.725E0,6.25E-2,-3.525E-1));
#6914=LINE('',#6913,#6912);
#6915=DIRECTION('',(0.E0,1.E0,0.E0));
#6916=VECTOR('',#6915,4.055E-1);
#6917=CARTESIAN_POINT('',(1.725E0,-3.43E-1,-3.525E-1));
#6918=LINE('',#6917,#6916);
#6919=DIRECTION('',(0.E0,0.E0,-1.E0));
#6920=VECTOR('',#6919,2.500000000001E-2);
#6921=CARTESIAN_POINT('',(1.725E0,-3.43E-1,-3.275E-1));
#6922=LINE('',#6921,#6920);
#6923=DIRECTION('',(0.E0,-1.E0,0.E0));
#6924=VECTOR('',#6923,3.805E-1);
#6925=CARTESIAN_POINT('',(1.725E0,3.75E-2,-3.275E-1));
#6926=LINE('',#6925,#6924);
#6927=DIRECTION('',(0.E0,0.E0,-1.E0));
#6928=VECTOR('',#6927,2.805E-1);
#6929=CARTESIAN_POINT('',(1.725E0,3.75E-2,-4.7E-2));
#6930=LINE('',#6929,#6928);
#6931=DIRECTION('',(1.E0,0.E0,0.E0));
#6932=VECTOR('',#6931,2.5E-2);
#6933=CARTESIAN_POINT('',(1.7E0,6.25E-2,-3.525E-1));
#6934=LINE('',#6933,#6932);
#6935=DIRECTION('',(1.E0,0.E0,0.E0));
#6936=VECTOR('',#6935,2.5E-2);
#6937=CARTESIAN_POINT('',(1.7E0,-3.43E-1,-3.525E-1));
#6938=LINE('',#6937,#6936);
#6939=DIRECTION('',(1.E0,0.E0,0.E0));
#6940=VECTOR('',#6939,2.5E-2);
#6941=CARTESIAN_POINT('',(1.7E0,-3.43E-1,-3.275E-1));
#6942=LINE('',#6941,#6940);
#6943=DIRECTION('',(1.E0,0.E0,0.E0));
#6944=VECTOR('',#6943,2.5E-2);
#6945=CARTESIAN_POINT('',(1.7E0,3.75E-2,-3.275E-1));
#6946=LINE('',#6945,#6944);
#6947=DIRECTION('',(0.E0,0.E0,-1.E0));
#6948=VECTOR('',#6947,3.805E-1);
#6949=CARTESIAN_POINT('',(1.7E0,1.375E-1,-4.7E-2));
#6950=LINE('',#6949,#6948);
#6951=DIRECTION('',(0.E0,-1.E0,0.E0));
#6952=VECTOR('',#6951,4.805E-1);
#6953=CARTESIAN_POINT('',(1.7E0,1.375E-1,-4.275E-1));
#6954=LINE('',#6953,#6952);
#6955=DIRECTION('',(0.E0,0.E0,-1.E0));
#6956=VECTOR('',#6955,2.500000000001E-2);
#6957=CARTESIAN_POINT('',(1.7E0,-3.43E-1,-4.275E-1));
#6958=LINE('',#6957,#6956);
#6959=DIRECTION('',(0.E0,1.E0,0.E0));
#6960=VECTOR('',#6959,5.055E-1);
#6961=CARTESIAN_POINT('',(1.7E0,-3.43E-1,-4.525E-1));
#6962=LINE('',#6961,#6960);
#6963=DIRECTION('',(0.E0,0.E0,1.E0));
#6964=VECTOR('',#6963,4.055E-1);
#6965=CARTESIAN_POINT('',(1.7E0,1.625E-1,-4.525E-1));
#6966=LINE('',#6965,#6964);
#6967=DIRECTION('',(0.E0,0.E0,1.E0));
#6968=VECTOR('',#6967,4.055E-1);
#6969=CARTESIAN_POINT('',(1.725E0,1.625E-1,-4.525E-1));
#6970=LINE('',#6969,#6968);
#6971=DIRECTION('',(0.E0,1.E0,0.E0));
#6972=VECTOR('',#6971,5.055E-1);
#6973=CARTESIAN_POINT('',(1.725E0,-3.43E-1,-4.525E-1));
#6974=LINE('',#6973,#6972);
#6975=DIRECTION('',(0.E0,0.E0,-1.E0));
#6976=VECTOR('',#6975,2.500000000001E-2);
#6977=CARTESIAN_POINT('',(1.725E0,-3.43E-1,-4.275E-1));
#6978=LINE('',#6977,#6976);
#6979=DIRECTION('',(0.E0,-1.E0,0.E0));
#6980=VECTOR('',#6979,4.805E-1);
#6981=CARTESIAN_POINT('',(1.725E0,1.375E-1,-4.275E-1));
#6982=LINE('',#6981,#6980);
#6983=DIRECTION('',(0.E0,0.E0,-1.E0));
#6984=VECTOR('',#6983,3.805E-1);
#6985=CARTESIAN_POINT('',(1.725E0,1.375E-1,-4.7E-2));
#6986=LINE('',#6985,#6984);
#6987=DIRECTION('',(1.E0,0.E0,0.E0));
#6988=VECTOR('',#6987,2.5E-2);
#6989=CARTESIAN_POINT('',(1.7E0,1.625E-1,-4.525E-1));
#6990=LINE('',#6989,#6988);
#6991=DIRECTION('',(1.E0,0.E0,0.E0));
#6992=VECTOR('',#6991,2.5E-2);
#6993=CARTESIAN_POINT('',(1.7E0,-3.43E-1,-4.525E-1));
#6994=LINE('',#6993,#6992);
#6995=DIRECTION('',(1.E0,0.E0,0.E0));
#6996=VECTOR('',#6995,2.5E-2);
#6997=CARTESIAN_POINT('',(1.7E0,-3.43E-1,-4.275E-1));
#6998=LINE('',#6997,#6996);
#6999=DIRECTION('',(1.E0,0.E0,0.E0));
#7000=VECTOR('',#6999,2.5E-2);
#7001=CARTESIAN_POINT('',(1.7E0,1.375E-1,-4.275E-1));
#7002=LINE('',#7001,#7000);
#7003=DIRECTION('',(0.E0,0.E0,-1.E0));
#7004=VECTOR('',#7003,8.05E-2);
#7005=CARTESIAN_POINT('',(1.8E0,-1.625E-1,-4.7E-2));
#7006=LINE('',#7005,#7004);
#7007=DIRECTION('',(0.E0,-1.E0,0.E0));
#7008=VECTOR('',#7007,1.805E-1);
#7009=CARTESIAN_POINT('',(1.8E0,-1.625E-1,-1.275E-1));
#7010=LINE('',#7009,#7008);
#7011=DIRECTION('',(0.E0,0.E0,-1.E0));
#7012=VECTOR('',#7011,2.500000000001E-2);
#7013=CARTESIAN_POINT('',(1.8E0,-3.43E-1,-1.275E-1));
#7014=LINE('',#7013,#7012);
#7015=DIRECTION('',(0.E0,1.E0,0.E0));
#7016=VECTOR('',#7015,2.055E-1);
#7017=CARTESIAN_POINT('',(1.8E0,-3.43E-1,-1.525E-1));
#7018=LINE('',#7017,#7016);
#7019=DIRECTION('',(0.E0,0.E0,1.E0));
#7020=VECTOR('',#7019,1.055E-1);
#7021=CARTESIAN_POINT('',(1.8E0,-1.375E-1,-1.525E-1));
#7022=LINE('',#7021,#7020);
#7023=DIRECTION('',(0.E0,0.E0,1.E0));
#7024=VECTOR('',#7023,1.055E-1);
#7025=CARTESIAN_POINT('',(1.825E0,-1.375E-1,-1.525E-1));
#7026=LINE('',#7025,#7024);
#7027=DIRECTION('',(0.E0,1.E0,0.E0));
#7028=VECTOR('',#7027,2.055E-1);
#7029=CARTESIAN_POINT('',(1.825E0,-3.43E-1,-1.525E-1));
#7030=LINE('',#7029,#7028);
#7031=DIRECTION('',(0.E0,0.E0,-1.E0));
#7032=VECTOR('',#7031,2.500000000001E-2);
#7033=CARTESIAN_POINT('',(1.825E0,-3.43E-1,-1.275E-1));
#7034=LINE('',#7033,#7032);
#7035=DIRECTION('',(0.E0,-1.E0,0.E0));
#7036=VECTOR('',#7035,1.805E-1);
#7037=CARTESIAN_POINT('',(1.825E0,-1.625E-1,-1.275E-1));
#7038=LINE('',#7037,#7036);
#7039=DIRECTION('',(0.E0,0.E0,-1.E0));
#7040=VECTOR('',#7039,8.05E-2);
#7041=CARTESIAN_POINT('',(1.825E0,-1.625E-1,-4.7E-2));
#7042=LINE('',#7041,#7040);
#7043=DIRECTION('',(1.E0,0.E0,0.E0));
#7044=VECTOR('',#7043,2.5E-2);
#7045=CARTESIAN_POINT('',(1.8E0,-1.375E-1,-1.525E-1));
#7046=LINE('',#7045,#7044);
#7047=DIRECTION('',(1.E0,0.E0,0.E0));
#7048=VECTOR('',#7047,2.5E-2);
#7049=CARTESIAN_POINT('',(1.8E0,-3.43E-1,-1.525E-1));
#7050=LINE('',#7049,#7048);
#7051=DIRECTION('',(1.E0,0.E0,0.E0));
#7052=VECTOR('',#7051,2.5E-2);
#7053=CARTESIAN_POINT('',(1.8E0,-3.43E-1,-1.275E-1));
#7054=LINE('',#7053,#7052);
#7055=DIRECTION('',(1.E0,0.E0,0.E0));
#7056=VECTOR('',#7055,2.5E-2);
#7057=CARTESIAN_POINT('',(1.8E0,-1.625E-1,-1.275E-1));
#7058=LINE('',#7057,#7056);
#7059=DIRECTION('',(0.E0,0.E0,-1.E0));
#7060=VECTOR('',#7059,1.805E-1);
#7061=CARTESIAN_POINT('',(1.8E0,-6.25E-2,-4.7E-2));
#7062=LINE('',#7061,#7060);
#7063=DIRECTION('',(0.E0,-1.E0,0.E0));
#7064=VECTOR('',#7063,2.805E-1);
#7065=CARTESIAN_POINT('',(1.8E0,-6.25E-2,-2.275E-1));
#7066=LINE('',#7065,#7064);
#7067=DIRECTION('',(0.E0,0.E0,-1.E0));
#7068=VECTOR('',#7067,2.500000000001E-2);
#7069=CARTESIAN_POINT('',(1.8E0,-3.43E-1,-2.275E-1));
#7070=LINE('',#7069,#7068);
#7071=DIRECTION('',(0.E0,1.E0,0.E0));
#7072=VECTOR('',#7071,3.055E-1);
#7073=CARTESIAN_POINT('',(1.8E0,-3.43E-1,-2.525E-1));
#7074=LINE('',#7073,#7072);
#7075=DIRECTION('',(0.E0,0.E0,1.E0));
#7076=VECTOR('',#7075,2.055E-1);
#7077=CARTESIAN_POINT('',(1.8E0,-3.75E-2,-2.525E-1));
#7078=LINE('',#7077,#7076);
#7079=DIRECTION('',(0.E0,0.E0,1.E0));
#7080=VECTOR('',#7079,2.055E-1);
#7081=CARTESIAN_POINT('',(1.825E0,-3.75E-2,-2.525E-1));
#7082=LINE('',#7081,#7080);
#7083=DIRECTION('',(0.E0,1.E0,0.E0));
#7084=VECTOR('',#7083,3.055E-1);
#7085=CARTESIAN_POINT('',(1.825E0,-3.43E-1,-2.525E-1));
#7086=LINE('',#7085,#7084);
#7087=DIRECTION('',(0.E0,0.E0,-1.E0));
#7088=VECTOR('',#7087,2.500000000001E-2);
#7089=CARTESIAN_POINT('',(1.825E0,-3.43E-1,-2.275E-1));
#7090=LINE('',#7089,#7088);
#7091=DIRECTION('',(0.E0,-1.E0,0.E0));
#7092=VECTOR('',#7091,2.805E-1);
#7093=CARTESIAN_POINT('',(1.825E0,-6.25E-2,-2.275E-1));
#7094=LINE('',#7093,#7092);
#7095=DIRECTION('',(0.E0,0.E0,-1.E0));
#7096=VECTOR('',#7095,1.805E-1);
#7097=CARTESIAN_POINT('',(1.825E0,-6.25E-2,-4.7E-2));
#7098=LINE('',#7097,#7096);
#7099=DIRECTION('',(1.E0,0.E0,0.E0));
#7100=VECTOR('',#7099,2.5E-2);
#7101=CARTESIAN_POINT('',(1.8E0,-3.75E-2,-2.525E-1));
#7102=LINE('',#7101,#7100);
#7103=DIRECTION('',(1.E0,0.E0,0.E0));
#7104=VECTOR('',#7103,2.5E-2);
#7105=CARTESIAN_POINT('',(1.8E0,-3.43E-1,-2.525E-1));
#7106=LINE('',#7105,#7104);
#7107=DIRECTION('',(1.E0,0.E0,0.E0));
#7108=VECTOR('',#7107,2.5E-2);
#7109=CARTESIAN_POINT('',(1.8E0,-3.43E-1,-2.275E-1));
#7110=LINE('',#7109,#7108);
#7111=DIRECTION('',(1.E0,0.E0,0.E0));
#7112=VECTOR('',#7111,2.5E-2);
#7113=CARTESIAN_POINT('',(1.8E0,-6.25E-2,-2.275E-1));
#7114=LINE('',#7113,#7112);
#7115=DIRECTION('',(0.E0,0.E0,-1.E0));
#7116=VECTOR('',#7115,2.805E-1);
#7117=CARTESIAN_POINT('',(1.8E0,3.75E-2,-4.7E-2));
#7118=LINE('',#7117,#7116);
#7119=DIRECTION('',(0.E0,-1.E0,0.E0));
#7120=VECTOR('',#7119,3.805E-1);
#7121=CARTESIAN_POINT('',(1.8E0,3.75E-2,-3.275E-1));
#7122=LINE('',#7121,#7120);
#7123=DIRECTION('',(0.E0,0.E0,-1.E0));
#7124=VECTOR('',#7123,2.500000000001E-2);
#7125=CARTESIAN_POINT('',(1.8E0,-3.43E-1,-3.275E-1));
#7126=LINE('',#7125,#7124);
#7127=DIRECTION('',(0.E0,1.E0,0.E0));
#7128=VECTOR('',#7127,4.055E-1);
#7129=CARTESIAN_POINT('',(1.8E0,-3.43E-1,-3.525E-1));
#7130=LINE('',#7129,#7128);
#7131=DIRECTION('',(0.E0,0.E0,1.E0));
#7132=VECTOR('',#7131,3.055E-1);
#7133=CARTESIAN_POINT('',(1.8E0,6.25E-2,-3.525E-1));
#7134=LINE('',#7133,#7132);
#7135=DIRECTION('',(0.E0,0.E0,1.E0));
#7136=VECTOR('',#7135,3.055E-1);
#7137=CARTESIAN_POINT('',(1.825E0,6.25E-2,-3.525E-1));
#7138=LINE('',#7137,#7136);
#7139=DIRECTION('',(0.E0,1.E0,0.E0));
#7140=VECTOR('',#7139,4.055E-1);
#7141=CARTESIAN_POINT('',(1.825E0,-3.43E-1,-3.525E-1));
#7142=LINE('',#7141,#7140);
#7143=DIRECTION('',(0.E0,0.E0,-1.E0));
#7144=VECTOR('',#7143,2.500000000001E-2);
#7145=CARTESIAN_POINT('',(1.825E0,-3.43E-1,-3.275E-1));
#7146=LINE('',#7145,#7144);
#7147=DIRECTION('',(0.E0,-1.E0,0.E0));
#7148=VECTOR('',#7147,3.805E-1);
#7149=CARTESIAN_POINT('',(1.825E0,3.75E-2,-3.275E-1));
#7150=LINE('',#7149,#7148);
#7151=DIRECTION('',(0.E0,0.E0,-1.E0));
#7152=VECTOR('',#7151,2.805E-1);
#7153=CARTESIAN_POINT('',(1.825E0,3.75E-2,-4.7E-2));
#7154=LINE('',#7153,#7152);
#7155=DIRECTION('',(1.E0,0.E0,0.E0));
#7156=VECTOR('',#7155,2.5E-2);
#7157=CARTESIAN_POINT('',(1.8E0,6.25E-2,-3.525E-1));
#7158=LINE('',#7157,#7156);
#7159=DIRECTION('',(1.E0,0.E0,0.E0));
#7160=VECTOR('',#7159,2.5E-2);
#7161=CARTESIAN_POINT('',(1.8E0,-3.43E-1,-3.525E-1));
#7162=LINE('',#7161,#7160);
#7163=DIRECTION('',(1.E0,0.E0,0.E0));
#7164=VECTOR('',#7163,2.5E-2);
#7165=CARTESIAN_POINT('',(1.8E0,-3.43E-1,-3.275E-1));
#7166=LINE('',#7165,#7164);
#7167=DIRECTION('',(1.E0,0.E0,0.E0));
#7168=VECTOR('',#7167,2.5E-2);
#7169=CARTESIAN_POINT('',(1.8E0,3.75E-2,-3.275E-1));
#7170=LINE('',#7169,#7168);
#7171=DIRECTION('',(0.E0,0.E0,-1.E0));
#7172=VECTOR('',#7171,3.805E-1);
#7173=CARTESIAN_POINT('',(1.8E0,1.375E-1,-4.7E-2));
#7174=LINE('',#7173,#7172);
#7175=DIRECTION('',(0.E0,-1.E0,0.E0));
#7176=VECTOR('',#7175,4.805E-1);
#7177=CARTESIAN_POINT('',(1.8E0,1.375E-1,-4.275E-1));
#7178=LINE('',#7177,#7176);
#7179=DIRECTION('',(0.E0,0.E0,-1.E0));
#7180=VECTOR('',#7179,2.500000000001E-2);
#7181=CARTESIAN_POINT('',(1.8E0,-3.43E-1,-4.275E-1));
#7182=LINE('',#7181,#7180);
#7183=DIRECTION('',(0.E0,1.E0,0.E0));
#7184=VECTOR('',#7183,5.055E-1);
#7185=CARTESIAN_POINT('',(1.8E0,-3.43E-1,-4.525E-1));
#7186=LINE('',#7185,#7184);
#7187=DIRECTION('',(0.E0,0.E0,1.E0));
#7188=VECTOR('',#7187,4.055E-1);
#7189=CARTESIAN_POINT('',(1.8E0,1.625E-1,-4.525E-1));
#7190=LINE('',#7189,#7188);
#7191=DIRECTION('',(0.E0,0.E0,1.E0));
#7192=VECTOR('',#7191,4.055E-1);
#7193=CARTESIAN_POINT('',(1.825E0,1.625E-1,-4.525E-1));
#7194=LINE('',#7193,#7192);
#7195=DIRECTION('',(0.E0,1.E0,0.E0));
#7196=VECTOR('',#7195,5.055E-1);
#7197=CARTESIAN_POINT('',(1.825E0,-3.43E-1,-4.525E-1));
#7198=LINE('',#7197,#7196);
#7199=DIRECTION('',(0.E0,0.E0,-1.E0));
#7200=VECTOR('',#7199,2.500000000001E-2);
#7201=CARTESIAN_POINT('',(1.825E0,-3.43E-1,-4.275E-1));
#7202=LINE('',#7201,#7200);
#7203=DIRECTION('',(0.E0,-1.E0,0.E0));
#7204=VECTOR('',#7203,4.805E-1);
#7205=CARTESIAN_POINT('',(1.825E0,1.375E-1,-4.275E-1));
#7206=LINE('',#7205,#7204);
#7207=DIRECTION('',(0.E0,0.E0,-1.E0));
#7208=VECTOR('',#7207,3.805E-1);
#7209=CARTESIAN_POINT('',(1.825E0,1.375E-1,-4.7E-2));
#7210=LINE('',#7209,#7208);
#7211=DIRECTION('',(1.E0,0.E0,0.E0));
#7212=VECTOR('',#7211,2.5E-2);
#7213=CARTESIAN_POINT('',(1.8E0,1.625E-1,-4.525E-1));
#7214=LINE('',#7213,#7212);
#7215=DIRECTION('',(1.E0,0.E0,0.E0));
#7216=VECTOR('',#7215,2.5E-2);
#7217=CARTESIAN_POINT('',(1.8E0,-3.43E-1,-4.525E-1));
#7218=LINE('',#7217,#7216);
#7219=DIRECTION('',(1.E0,0.E0,0.E0));
#7220=VECTOR('',#7219,2.5E-2);
#7221=CARTESIAN_POINT('',(1.8E0,-3.43E-1,-4.275E-1));
#7222=LINE('',#7221,#7220);
#7223=DIRECTION('',(1.E0,0.E0,0.E0));
#7224=VECTOR('',#7223,2.5E-2);
#7225=CARTESIAN_POINT('',(1.8E0,1.375E-1,-4.275E-1));
#7226=LINE('',#7225,#7224);
#7227=DIRECTION('',(0.E0,0.E0,-1.E0));
#7228=VECTOR('',#7227,8.05E-2);
#7229=CARTESIAN_POINT('',(1.9E0,-1.625E-1,-4.7E-2));
#7230=LINE('',#7229,#7228);
#7231=DIRECTION('',(0.E0,-1.E0,0.E0));
#7232=VECTOR('',#7231,1.805E-1);
#7233=CARTESIAN_POINT('',(1.9E0,-1.625E-1,-1.275E-1));
#7234=LINE('',#7233,#7232);
#7235=DIRECTION('',(0.E0,0.E0,-1.E0));
#7236=VECTOR('',#7235,2.500000000001E-2);
#7237=CARTESIAN_POINT('',(1.9E0,-3.43E-1,-1.275E-1));
#7238=LINE('',#7237,#7236);
#7239=DIRECTION('',(0.E0,1.E0,0.E0));
#7240=VECTOR('',#7239,2.055E-1);
#7241=CARTESIAN_POINT('',(1.9E0,-3.43E-1,-1.525E-1));
#7242=LINE('',#7241,#7240);
#7243=DIRECTION('',(0.E0,0.E0,1.E0));
#7244=VECTOR('',#7243,1.055E-1);
#7245=CARTESIAN_POINT('',(1.9E0,-1.375E-1,-1.525E-1));
#7246=LINE('',#7245,#7244);
#7247=DIRECTION('',(0.E0,0.E0,1.E0));
#7248=VECTOR('',#7247,1.055E-1);
#7249=CARTESIAN_POINT('',(1.925E0,-1.375E-1,-1.525E-1));
#7250=LINE('',#7249,#7248);
#7251=DIRECTION('',(0.E0,1.E0,0.E0));
#7252=VECTOR('',#7251,2.055E-1);
#7253=CARTESIAN_POINT('',(1.925E0,-3.43E-1,-1.525E-1));
#7254=LINE('',#7253,#7252);
#7255=DIRECTION('',(0.E0,0.E0,-1.E0));
#7256=VECTOR('',#7255,2.500000000001E-2);
#7257=CARTESIAN_POINT('',(1.925E0,-3.43E-1,-1.275E-1));
#7258=LINE('',#7257,#7256);
#7259=DIRECTION('',(0.E0,-1.E0,0.E0));
#7260=VECTOR('',#7259,1.805E-1);
#7261=CARTESIAN_POINT('',(1.925E0,-1.625E-1,-1.275E-1));
#7262=LINE('',#7261,#7260);
#7263=DIRECTION('',(0.E0,0.E0,-1.E0));
#7264=VECTOR('',#7263,8.05E-2);
#7265=CARTESIAN_POINT('',(1.925E0,-1.625E-1,-4.7E-2));
#7266=LINE('',#7265,#7264);
#7267=DIRECTION('',(1.E0,0.E0,0.E0));
#7268=VECTOR('',#7267,2.5E-2);
#7269=CARTESIAN_POINT('',(1.9E0,-1.375E-1,-1.525E-1));
#7270=LINE('',#7269,#7268);
#7271=DIRECTION('',(1.E0,0.E0,0.E0));
#7272=VECTOR('',#7271,2.5E-2);
#7273=CARTESIAN_POINT('',(1.9E0,-3.43E-1,-1.525E-1));
#7274=LINE('',#7273,#7272);
#7275=DIRECTION('',(1.E0,0.E0,0.E0));
#7276=VECTOR('',#7275,2.5E-2);
#7277=CARTESIAN_POINT('',(1.9E0,-3.43E-1,-1.275E-1));
#7278=LINE('',#7277,#7276);
#7279=DIRECTION('',(1.E0,0.E0,0.E0));
#7280=VECTOR('',#7279,2.5E-2);
#7281=CARTESIAN_POINT('',(1.9E0,-1.625E-1,-1.275E-1));
#7282=LINE('',#7281,#7280);
#7283=DIRECTION('',(0.E0,0.E0,-1.E0));
#7284=VECTOR('',#7283,1.805E-1);
#7285=CARTESIAN_POINT('',(1.9E0,-6.25E-2,-4.7E-2));
#7286=LINE('',#7285,#7284);
#7287=DIRECTION('',(0.E0,-1.E0,0.E0));
#7288=VECTOR('',#7287,2.805E-1);
#7289=CARTESIAN_POINT('',(1.9E0,-6.25E-2,-2.275E-1));
#7290=LINE('',#7289,#7288);
#7291=DIRECTION('',(0.E0,0.E0,-1.E0));
#7292=VECTOR('',#7291,2.500000000001E-2);
#7293=CARTESIAN_POINT('',(1.9E0,-3.43E-1,-2.275E-1));
#7294=LINE('',#7293,#7292);
#7295=DIRECTION('',(0.E0,1.E0,0.E0));
#7296=VECTOR('',#7295,3.055E-1);
#7297=CARTESIAN_POINT('',(1.9E0,-3.43E-1,-2.525E-1));
#7298=LINE('',#7297,#7296);
#7299=DIRECTION('',(0.E0,0.E0,1.E0));
#7300=VECTOR('',#7299,2.055E-1);
#7301=CARTESIAN_POINT('',(1.9E0,-3.75E-2,-2.525E-1));
#7302=LINE('',#7301,#7300);
#7303=DIRECTION('',(0.E0,0.E0,1.E0));
#7304=VECTOR('',#7303,2.055E-1);
#7305=CARTESIAN_POINT('',(1.925E0,-3.75E-2,-2.525E-1));
#7306=LINE('',#7305,#7304);
#7307=DIRECTION('',(0.E0,1.E0,0.E0));
#7308=VECTOR('',#7307,3.055E-1);
#7309=CARTESIAN_POINT('',(1.925E0,-3.43E-1,-2.525E-1));
#7310=LINE('',#7309,#7308);
#7311=DIRECTION('',(0.E0,0.E0,-1.E0));
#7312=VECTOR('',#7311,2.500000000001E-2);
#7313=CARTESIAN_POINT('',(1.925E0,-3.43E-1,-2.275E-1));
#7314=LINE('',#7313,#7312);
#7315=DIRECTION('',(0.E0,-1.E0,0.E0));
#7316=VECTOR('',#7315,2.805E-1);
#7317=CARTESIAN_POINT('',(1.925E0,-6.25E-2,-2.275E-1));
#7318=LINE('',#7317,#7316);
#7319=DIRECTION('',(0.E0,0.E0,-1.E0));
#7320=VECTOR('',#7319,1.805E-1);
#7321=CARTESIAN_POINT('',(1.925E0,-6.25E-2,-4.7E-2));
#7322=LINE('',#7321,#7320);
#7323=DIRECTION('',(1.E0,0.E0,0.E0));
#7324=VECTOR('',#7323,2.5E-2);
#7325=CARTESIAN_POINT('',(1.9E0,-3.75E-2,-2.525E-1));
#7326=LINE('',#7325,#7324);
#7327=DIRECTION('',(1.E0,0.E0,0.E0));
#7328=VECTOR('',#7327,2.5E-2);
#7329=CARTESIAN_POINT('',(1.9E0,-3.43E-1,-2.525E-1));
#7330=LINE('',#7329,#7328);
#7331=DIRECTION('',(1.E0,0.E0,0.E0));
#7332=VECTOR('',#7331,2.5E-2);
#7333=CARTESIAN_POINT('',(1.9E0,-3.43E-1,-2.275E-1));
#7334=LINE('',#7333,#7332);
#7335=DIRECTION('',(1.E0,0.E0,0.E0));
#7336=VECTOR('',#7335,2.5E-2);
#7337=CARTESIAN_POINT('',(1.9E0,-6.25E-2,-2.275E-1));
#7338=LINE('',#7337,#7336);
#7339=DIRECTION('',(0.E0,0.E0,-1.E0));
#7340=VECTOR('',#7339,2.805E-1);
#7341=CARTESIAN_POINT('',(1.9E0,3.75E-2,-4.7E-2));
#7342=LINE('',#7341,#7340);
#7343=DIRECTION('',(0.E0,-1.E0,0.E0));
#7344=VECTOR('',#7343,3.805E-1);
#7345=CARTESIAN_POINT('',(1.9E0,3.75E-2,-3.275E-1));
#7346=LINE('',#7345,#7344);
#7347=DIRECTION('',(0.E0,0.E0,-1.E0));
#7348=VECTOR('',#7347,2.500000000001E-2);
#7349=CARTESIAN_POINT('',(1.9E0,-3.43E-1,-3.275E-1));
#7350=LINE('',#7349,#7348);
#7351=DIRECTION('',(0.E0,1.E0,0.E0));
#7352=VECTOR('',#7351,4.055E-1);
#7353=CARTESIAN_POINT('',(1.9E0,-3.43E-1,-3.525E-1));
#7354=LINE('',#7353,#7352);
#7355=DIRECTION('',(0.E0,0.E0,1.E0));
#7356=VECTOR('',#7355,3.055E-1);
#7357=CARTESIAN_POINT('',(1.9E0,6.25E-2,-3.525E-1));
#7358=LINE('',#7357,#7356);
#7359=DIRECTION('',(0.E0,0.E0,1.E0));
#7360=VECTOR('',#7359,3.055E-1);
#7361=CARTESIAN_POINT('',(1.925E0,6.25E-2,-3.525E-1));
#7362=LINE('',#7361,#7360);
#7363=DIRECTION('',(0.E0,1.E0,0.E0));
#7364=VECTOR('',#7363,4.055E-1);
#7365=CARTESIAN_POINT('',(1.925E0,-3.43E-1,-3.525E-1));
#7366=LINE('',#7365,#7364);
#7367=DIRECTION('',(0.E0,0.E0,-1.E0));
#7368=VECTOR('',#7367,2.500000000001E-2);
#7369=CARTESIAN_POINT('',(1.925E0,-3.43E-1,-3.275E-1));
#7370=LINE('',#7369,#7368);
#7371=DIRECTION('',(0.E0,-1.E0,0.E0));
#7372=VECTOR('',#7371,3.805E-1);
#7373=CARTESIAN_POINT('',(1.925E0,3.75E-2,-3.275E-1));
#7374=LINE('',#7373,#7372);
#7375=DIRECTION('',(0.E0,0.E0,-1.E0));
#7376=VECTOR('',#7375,2.805E-1);
#7377=CARTESIAN_POINT('',(1.925E0,3.75E-2,-4.7E-2));
#7378=LINE('',#7377,#7376);
#7379=DIRECTION('',(1.E0,0.E0,0.E0));
#7380=VECTOR('',#7379,2.5E-2);
#7381=CARTESIAN_POINT('',(1.9E0,6.25E-2,-3.525E-1));
#7382=LINE('',#7381,#7380);
#7383=DIRECTION('',(1.E0,0.E0,0.E0));
#7384=VECTOR('',#7383,2.5E-2);
#7385=CARTESIAN_POINT('',(1.9E0,-3.43E-1,-3.525E-1));
#7386=LINE('',#7385,#7384);
#7387=DIRECTION('',(1.E0,0.E0,0.E0));
#7388=VECTOR('',#7387,2.5E-2);
#7389=CARTESIAN_POINT('',(1.9E0,-3.43E-1,-3.275E-1));
#7390=LINE('',#7389,#7388);
#7391=DIRECTION('',(1.E0,0.E0,0.E0));
#7392=VECTOR('',#7391,2.5E-2);
#7393=CARTESIAN_POINT('',(1.9E0,3.75E-2,-3.275E-1));
#7394=LINE('',#7393,#7392);
#7395=DIRECTION('',(0.E0,0.E0,-1.E0));
#7396=VECTOR('',#7395,3.805E-1);
#7397=CARTESIAN_POINT('',(1.9E0,1.375E-1,-4.7E-2));
#7398=LINE('',#7397,#7396);
#7399=DIRECTION('',(0.E0,-1.E0,0.E0));
#7400=VECTOR('',#7399,4.805E-1);
#7401=CARTESIAN_POINT('',(1.9E0,1.375E-1,-4.275E-1));
#7402=LINE('',#7401,#7400);
#7403=DIRECTION('',(0.E0,0.E0,-1.E0));
#7404=VECTOR('',#7403,2.500000000001E-2);
#7405=CARTESIAN_POINT('',(1.9E0,-3.43E-1,-4.275E-1));
#7406=LINE('',#7405,#7404);
#7407=DIRECTION('',(0.E0,1.E0,0.E0));
#7408=VECTOR('',#7407,5.055E-1);
#7409=CARTESIAN_POINT('',(1.9E0,-3.43E-1,-4.525E-1));
#7410=LINE('',#7409,#7408);
#7411=DIRECTION('',(0.E0,0.E0,1.E0));
#7412=VECTOR('',#7411,4.055E-1);
#7413=CARTESIAN_POINT('',(1.9E0,1.625E-1,-4.525E-1));
#7414=LINE('',#7413,#7412);
#7415=DIRECTION('',(0.E0,0.E0,1.E0));
#7416=VECTOR('',#7415,4.055E-1);
#7417=CARTESIAN_POINT('',(1.925E0,1.625E-1,-4.525E-1));
#7418=LINE('',#7417,#7416);
#7419=DIRECTION('',(0.E0,1.E0,0.E0));
#7420=VECTOR('',#7419,5.055E-1);
#7421=CARTESIAN_POINT('',(1.925E0,-3.43E-1,-4.525E-1));
#7422=LINE('',#7421,#7420);
#7423=DIRECTION('',(0.E0,0.E0,-1.E0));
#7424=VECTOR('',#7423,2.500000000001E-2);
#7425=CARTESIAN_POINT('',(1.925E0,-3.43E-1,-4.275E-1));
#7426=LINE('',#7425,#7424);
#7427=DIRECTION('',(0.E0,-1.E0,0.E0));
#7428=VECTOR('',#7427,4.805E-1);
#7429=CARTESIAN_POINT('',(1.925E0,1.375E-1,-4.275E-1));
#7430=LINE('',#7429,#7428);
#7431=DIRECTION('',(0.E0,0.E0,-1.E0));
#7432=VECTOR('',#7431,3.805E-1);
#7433=CARTESIAN_POINT('',(1.925E0,1.375E-1,-4.7E-2));
#7434=LINE('',#7433,#7432);
#7435=DIRECTION('',(1.E0,0.E0,0.E0));
#7436=VECTOR('',#7435,2.5E-2);
#7437=CARTESIAN_POINT('',(1.9E0,1.625E-1,-4.525E-1));
#7438=LINE('',#7437,#7436);
#7439=DIRECTION('',(1.E0,0.E0,0.E0));
#7440=VECTOR('',#7439,2.5E-2);
#7441=CARTESIAN_POINT('',(1.9E0,-3.43E-1,-4.525E-1));
#7442=LINE('',#7441,#7440);
#7443=DIRECTION('',(1.E0,0.E0,0.E0));
#7444=VECTOR('',#7443,2.5E-2);
#7445=CARTESIAN_POINT('',(1.9E0,-3.43E-1,-4.275E-1));
#7446=LINE('',#7445,#7444);
#7447=DIRECTION('',(1.E0,0.E0,0.E0));
#7448=VECTOR('',#7447,2.5E-2);
#7449=CARTESIAN_POINT('',(1.9E0,1.375E-1,-4.275E-1));
#7450=LINE('',#7449,#7448);
#7451=DIRECTION('',(0.E0,0.E0,-1.E0));
#7452=VECTOR('',#7451,8.05E-2);
#7453=CARTESIAN_POINT('',(2.E0,-1.625E-1,-4.7E-2));
#7454=LINE('',#7453,#7452);
#7455=DIRECTION('',(0.E0,-1.E0,0.E0));
#7456=VECTOR('',#7455,1.805E-1);
#7457=CARTESIAN_POINT('',(2.E0,-1.625E-1,-1.275E-1));
#7458=LINE('',#7457,#7456);
#7459=DIRECTION('',(0.E0,0.E0,-1.E0));
#7460=VECTOR('',#7459,2.500000000001E-2);
#7461=CARTESIAN_POINT('',(2.E0,-3.43E-1,-1.275E-1));
#7462=LINE('',#7461,#7460);
#7463=DIRECTION('',(0.E0,1.E0,0.E0));
#7464=VECTOR('',#7463,2.055E-1);
#7465=CARTESIAN_POINT('',(2.E0,-3.43E-1,-1.525E-1));
#7466=LINE('',#7465,#7464);
#7467=DIRECTION('',(0.E0,0.E0,1.E0));
#7468=VECTOR('',#7467,1.055E-1);
#7469=CARTESIAN_POINT('',(2.E0,-1.375E-1,-1.525E-1));
#7470=LINE('',#7469,#7468);
#7471=DIRECTION('',(0.E0,0.E0,1.E0));
#7472=VECTOR('',#7471,1.055E-1);
#7473=CARTESIAN_POINT('',(2.025E0,-1.375E-1,-1.525E-1));
#7474=LINE('',#7473,#7472);
#7475=DIRECTION('',(0.E0,1.E0,0.E0));
#7476=VECTOR('',#7475,2.055E-1);
#7477=CARTESIAN_POINT('',(2.025E0,-3.43E-1,-1.525E-1));
#7478=LINE('',#7477,#7476);
#7479=DIRECTION('',(0.E0,0.E0,-1.E0));
#7480=VECTOR('',#7479,2.500000000001E-2);
#7481=CARTESIAN_POINT('',(2.025E0,-3.43E-1,-1.275E-1));
#7482=LINE('',#7481,#7480);
#7483=DIRECTION('',(0.E0,-1.E0,0.E0));
#7484=VECTOR('',#7483,1.805E-1);
#7485=CARTESIAN_POINT('',(2.025E0,-1.625E-1,-1.275E-1));
#7486=LINE('',#7485,#7484);
#7487=DIRECTION('',(0.E0,0.E0,-1.E0));
#7488=VECTOR('',#7487,8.05E-2);
#7489=CARTESIAN_POINT('',(2.025E0,-1.625E-1,-4.7E-2));
#7490=LINE('',#7489,#7488);
#7491=DIRECTION('',(1.E0,0.E0,0.E0));
#7492=VECTOR('',#7491,2.5E-2);
#7493=CARTESIAN_POINT('',(2.E0,-1.375E-1,-1.525E-1));
#7494=LINE('',#7493,#7492);
#7495=DIRECTION('',(1.E0,0.E0,0.E0));
#7496=VECTOR('',#7495,2.5E-2);
#7497=CARTESIAN_POINT('',(2.E0,-3.43E-1,-1.525E-1));
#7498=LINE('',#7497,#7496);
#7499=DIRECTION('',(1.E0,0.E0,0.E0));
#7500=VECTOR('',#7499,2.5E-2);
#7501=CARTESIAN_POINT('',(2.E0,-3.43E-1,-1.275E-1));
#7502=LINE('',#7501,#7500);
#7503=DIRECTION('',(1.E0,0.E0,0.E0));
#7504=VECTOR('',#7503,2.5E-2);
#7505=CARTESIAN_POINT('',(2.E0,-1.625E-1,-1.275E-1));
#7506=LINE('',#7505,#7504);
#7507=DIRECTION('',(0.E0,0.E0,-1.E0));
#7508=VECTOR('',#7507,1.805E-1);
#7509=CARTESIAN_POINT('',(2.E0,-6.25E-2,-4.7E-2));
#7510=LINE('',#7509,#7508);
#7511=DIRECTION('',(0.E0,-1.E0,0.E0));
#7512=VECTOR('',#7511,2.805E-1);
#7513=CARTESIAN_POINT('',(2.E0,-6.25E-2,-2.275E-1));
#7514=LINE('',#7513,#7512);
#7515=DIRECTION('',(0.E0,0.E0,-1.E0));
#7516=VECTOR('',#7515,2.500000000001E-2);
#7517=CARTESIAN_POINT('',(2.E0,-3.43E-1,-2.275E-1));
#7518=LINE('',#7517,#7516);
#7519=DIRECTION('',(0.E0,1.E0,0.E0));
#7520=VECTOR('',#7519,3.055E-1);
#7521=CARTESIAN_POINT('',(2.E0,-3.43E-1,-2.525E-1));
#7522=LINE('',#7521,#7520);
#7523=DIRECTION('',(0.E0,0.E0,1.E0));
#7524=VECTOR('',#7523,2.055E-1);
#7525=CARTESIAN_POINT('',(2.E0,-3.75E-2,-2.525E-1));
#7526=LINE('',#7525,#7524);
#7527=DIRECTION('',(0.E0,0.E0,1.E0));
#7528=VECTOR('',#7527,2.055E-1);
#7529=CARTESIAN_POINT('',(2.025E0,-3.75E-2,-2.525E-1));
#7530=LINE('',#7529,#7528);
#7531=DIRECTION('',(0.E0,1.E0,0.E0));
#7532=VECTOR('',#7531,3.055E-1);
#7533=CARTESIAN_POINT('',(2.025E0,-3.43E-1,-2.525E-1));
#7534=LINE('',#7533,#7532);
#7535=DIRECTION('',(0.E0,0.E0,-1.E0));
#7536=VECTOR('',#7535,2.500000000001E-2);
#7537=CARTESIAN_POINT('',(2.025E0,-3.43E-1,-2.275E-1));
#7538=LINE('',#7537,#7536);
#7539=DIRECTION('',(0.E0,-1.E0,0.E0));
#7540=VECTOR('',#7539,2.805E-1);
#7541=CARTESIAN_POINT('',(2.025E0,-6.25E-2,-2.275E-1));
#7542=LINE('',#7541,#7540);
#7543=DIRECTION('',(0.E0,0.E0,-1.E0));
#7544=VECTOR('',#7543,1.805E-1);
#7545=CARTESIAN_POINT('',(2.025E0,-6.25E-2,-4.7E-2));
#7546=LINE('',#7545,#7544);
#7547=DIRECTION('',(1.E0,0.E0,0.E0));
#7548=VECTOR('',#7547,2.5E-2);
#7549=CARTESIAN_POINT('',(2.E0,-3.75E-2,-2.525E-1));
#7550=LINE('',#7549,#7548);
#7551=DIRECTION('',(1.E0,0.E0,0.E0));
#7552=VECTOR('',#7551,2.5E-2);
#7553=CARTESIAN_POINT('',(2.E0,-3.43E-1,-2.525E-1));
#7554=LINE('',#7553,#7552);
#7555=DIRECTION('',(1.E0,0.E0,0.E0));
#7556=VECTOR('',#7555,2.5E-2);
#7557=CARTESIAN_POINT('',(2.E0,-3.43E-1,-2.275E-1));
#7558=LINE('',#7557,#7556);
#7559=DIRECTION('',(1.E0,0.E0,0.E0));
#7560=VECTOR('',#7559,2.5E-2);
#7561=CARTESIAN_POINT('',(2.E0,-6.25E-2,-2.275E-1));
#7562=LINE('',#7561,#7560);
#7563=DIRECTION('',(0.E0,0.E0,-1.E0));
#7564=VECTOR('',#7563,2.805E-1);
#7565=CARTESIAN_POINT('',(2.E0,3.75E-2,-4.7E-2));
#7566=LINE('',#7565,#7564);
#7567=DIRECTION('',(0.E0,-1.E0,0.E0));
#7568=VECTOR('',#7567,3.805E-1);
#7569=CARTESIAN_POINT('',(2.E0,3.75E-2,-3.275E-1));
#7570=LINE('',#7569,#7568);
#7571=DIRECTION('',(0.E0,0.E0,-1.E0));
#7572=VECTOR('',#7571,2.500000000001E-2);
#7573=CARTESIAN_POINT('',(2.E0,-3.43E-1,-3.275E-1));
#7574=LINE('',#7573,#7572);
#7575=DIRECTION('',(0.E0,1.E0,0.E0));
#7576=VECTOR('',#7575,4.055E-1);
#7577=CARTESIAN_POINT('',(2.E0,-3.43E-1,-3.525E-1));
#7578=LINE('',#7577,#7576);
#7579=DIRECTION('',(0.E0,0.E0,1.E0));
#7580=VECTOR('',#7579,3.055E-1);
#7581=CARTESIAN_POINT('',(2.E0,6.25E-2,-3.525E-1));
#7582=LINE('',#7581,#7580);
#7583=DIRECTION('',(0.E0,0.E0,1.E0));
#7584=VECTOR('',#7583,3.055E-1);
#7585=CARTESIAN_POINT('',(2.025E0,6.25E-2,-3.525E-1));
#7586=LINE('',#7585,#7584);
#7587=DIRECTION('',(0.E0,1.E0,0.E0));
#7588=VECTOR('',#7587,4.055E-1);
#7589=CARTESIAN_POINT('',(2.025E0,-3.43E-1,-3.525E-1));
#7590=LINE('',#7589,#7588);
#7591=DIRECTION('',(0.E0,0.E0,-1.E0));
#7592=VECTOR('',#7591,2.500000000001E-2);
#7593=CARTESIAN_POINT('',(2.025E0,-3.43E-1,-3.275E-1));
#7594=LINE('',#7593,#7592);
#7595=DIRECTION('',(0.E0,-1.E0,0.E0));
#7596=VECTOR('',#7595,3.805E-1);
#7597=CARTESIAN_POINT('',(2.025E0,3.75E-2,-3.275E-1));
#7598=LINE('',#7597,#7596);
#7599=DIRECTION('',(0.E0,0.E0,-1.E0));
#7600=VECTOR('',#7599,2.805E-1);
#7601=CARTESIAN_POINT('',(2.025E0,3.75E-2,-4.7E-2));
#7602=LINE('',#7601,#7600);
#7603=DIRECTION('',(1.E0,0.E0,0.E0));
#7604=VECTOR('',#7603,2.5E-2);
#7605=CARTESIAN_POINT('',(2.E0,6.25E-2,-3.525E-1));
#7606=LINE('',#7605,#7604);
#7607=DIRECTION('',(1.E0,0.E0,0.E0));
#7608=VECTOR('',#7607,2.5E-2);
#7609=CARTESIAN_POINT('',(2.E0,-3.43E-1,-3.525E-1));
#7610=LINE('',#7609,#7608);
#7611=DIRECTION('',(1.E0,0.E0,0.E0));
#7612=VECTOR('',#7611,2.5E-2);
#7613=CARTESIAN_POINT('',(2.E0,-3.43E-1,-3.275E-1));
#7614=LINE('',#7613,#7612);
#7615=DIRECTION('',(1.E0,0.E0,0.E0));
#7616=VECTOR('',#7615,2.5E-2);
#7617=CARTESIAN_POINT('',(2.E0,3.75E-2,-3.275E-1));
#7618=LINE('',#7617,#7616);
#7619=DIRECTION('',(0.E0,0.E0,-1.E0));
#7620=VECTOR('',#7619,3.805E-1);
#7621=CARTESIAN_POINT('',(2.E0,1.375E-1,-4.7E-2));
#7622=LINE('',#7621,#7620);
#7623=DIRECTION('',(0.E0,-1.E0,0.E0));
#7624=VECTOR('',#7623,4.805E-1);
#7625=CARTESIAN_POINT('',(2.E0,1.375E-1,-4.275E-1));
#7626=LINE('',#7625,#7624);
#7627=DIRECTION('',(0.E0,0.E0,-1.E0));
#7628=VECTOR('',#7627,2.500000000001E-2);
#7629=CARTESIAN_POINT('',(2.E0,-3.43E-1,-4.275E-1));
#7630=LINE('',#7629,#7628);
#7631=DIRECTION('',(0.E0,1.E0,0.E0));
#7632=VECTOR('',#7631,5.055E-1);
#7633=CARTESIAN_POINT('',(2.E0,-3.43E-1,-4.525E-1));
#7634=LINE('',#7633,#7632);
#7635=DIRECTION('',(0.E0,0.E0,1.E0));
#7636=VECTOR('',#7635,4.055E-1);
#7637=CARTESIAN_POINT('',(2.E0,1.625E-1,-4.525E-1));
#7638=LINE('',#7637,#7636);
#7639=DIRECTION('',(0.E0,0.E0,1.E0));
#7640=VECTOR('',#7639,4.055E-1);
#7641=CARTESIAN_POINT('',(2.025E0,1.625E-1,-4.525E-1));
#7642=LINE('',#7641,#7640);
#7643=DIRECTION('',(0.E0,1.E0,0.E0));
#7644=VECTOR('',#7643,5.055E-1);
#7645=CARTESIAN_POINT('',(2.025E0,-3.43E-1,-4.525E-1));
#7646=LINE('',#7645,#7644);
#7647=DIRECTION('',(0.E0,0.E0,-1.E0));
#7648=VECTOR('',#7647,2.500000000001E-2);
#7649=CARTESIAN_POINT('',(2.025E0,-3.43E-1,-4.275E-1));
#7650=LINE('',#7649,#7648);
#7651=DIRECTION('',(0.E0,-1.E0,0.E0));
#7652=VECTOR('',#7651,4.805E-1);
#7653=CARTESIAN_POINT('',(2.025E0,1.375E-1,-4.275E-1));
#7654=LINE('',#7653,#7652);
#7655=DIRECTION('',(0.E0,0.E0,-1.E0));
#7656=VECTOR('',#7655,3.805E-1);
#7657=CARTESIAN_POINT('',(2.025E0,1.375E-1,-4.7E-2));
#7658=LINE('',#7657,#7656);
#7659=DIRECTION('',(1.E0,0.E0,0.E0));
#7660=VECTOR('',#7659,2.5E-2);
#7661=CARTESIAN_POINT('',(2.E0,1.625E-1,-4.525E-1));
#7662=LINE('',#7661,#7660);
#7663=DIRECTION('',(1.E0,0.E0,0.E0));
#7664=VECTOR('',#7663,2.5E-2);
#7665=CARTESIAN_POINT('',(2.E0,-3.43E-1,-4.525E-1));
#7666=LINE('',#7665,#7664);
#7667=DIRECTION('',(1.E0,0.E0,0.E0));
#7668=VECTOR('',#7667,2.5E-2);
#7669=CARTESIAN_POINT('',(2.E0,-3.43E-1,-4.275E-1));
#7670=LINE('',#7669,#7668);
#7671=DIRECTION('',(1.E0,0.E0,0.E0));
#7672=VECTOR('',#7671,2.5E-2);
#7673=CARTESIAN_POINT('',(2.E0,1.375E-1,-4.275E-1));
#7674=LINE('',#7673,#7672);
#7675=DIRECTION('',(0.E0,0.E0,-1.E0));
#7676=VECTOR('',#7675,8.05E-2);
#7677=CARTESIAN_POINT('',(2.1E0,-1.625E-1,-4.7E-2));
#7678=LINE('',#7677,#7676);
#7679=DIRECTION('',(0.E0,-1.E0,0.E0));
#7680=VECTOR('',#7679,1.805E-1);
#7681=CARTESIAN_POINT('',(2.1E0,-1.625E-1,-1.275E-1));
#7682=LINE('',#7681,#7680);
#7683=DIRECTION('',(0.E0,0.E0,-1.E0));
#7684=VECTOR('',#7683,2.500000000001E-2);
#7685=CARTESIAN_POINT('',(2.1E0,-3.43E-1,-1.275E-1));
#7686=LINE('',#7685,#7684);
#7687=DIRECTION('',(0.E0,1.E0,0.E0));
#7688=VECTOR('',#7687,2.055E-1);
#7689=CARTESIAN_POINT('',(2.1E0,-3.43E-1,-1.525E-1));
#7690=LINE('',#7689,#7688);
#7691=DIRECTION('',(0.E0,0.E0,1.E0));
#7692=VECTOR('',#7691,1.055E-1);
#7693=CARTESIAN_POINT('',(2.1E0,-1.375E-1,-1.525E-1));
#7694=LINE('',#7693,#7692);
#7695=DIRECTION('',(0.E0,0.E0,1.E0));
#7696=VECTOR('',#7695,1.055E-1);
#7697=CARTESIAN_POINT('',(2.125E0,-1.375E-1,-1.525E-1));
#7698=LINE('',#7697,#7696);
#7699=DIRECTION('',(0.E0,1.E0,0.E0));
#7700=VECTOR('',#7699,2.055E-1);
#7701=CARTESIAN_POINT('',(2.125E0,-3.43E-1,-1.525E-1));
#7702=LINE('',#7701,#7700);
#7703=DIRECTION('',(0.E0,0.E0,-1.E0));
#7704=VECTOR('',#7703,2.500000000001E-2);
#7705=CARTESIAN_POINT('',(2.125E0,-3.43E-1,-1.275E-1));
#7706=LINE('',#7705,#7704);
#7707=DIRECTION('',(0.E0,-1.E0,0.E0));
#7708=VECTOR('',#7707,1.805E-1);
#7709=CARTESIAN_POINT('',(2.125E0,-1.625E-1,-1.275E-1));
#7710=LINE('',#7709,#7708);
#7711=DIRECTION('',(0.E0,0.E0,-1.E0));
#7712=VECTOR('',#7711,8.05E-2);
#7713=CARTESIAN_POINT('',(2.125E0,-1.625E-1,-4.7E-2));
#7714=LINE('',#7713,#7712);
#7715=DIRECTION('',(1.E0,0.E0,0.E0));
#7716=VECTOR('',#7715,2.5E-2);
#7717=CARTESIAN_POINT('',(2.1E0,-1.375E-1,-1.525E-1));
#7718=LINE('',#7717,#7716);
#7719=DIRECTION('',(1.E0,0.E0,0.E0));
#7720=VECTOR('',#7719,2.5E-2);
#7721=CARTESIAN_POINT('',(2.1E0,-3.43E-1,-1.525E-1));
#7722=LINE('',#7721,#7720);
#7723=DIRECTION('',(1.E0,0.E0,0.E0));
#7724=VECTOR('',#7723,2.5E-2);
#7725=CARTESIAN_POINT('',(2.1E0,-3.43E-1,-1.275E-1));
#7726=LINE('',#7725,#7724);
#7727=DIRECTION('',(1.E0,0.E0,0.E0));
#7728=VECTOR('',#7727,2.5E-2);
#7729=CARTESIAN_POINT('',(2.1E0,-1.625E-1,-1.275E-1));
#7730=LINE('',#7729,#7728);
#7731=DIRECTION('',(0.E0,0.E0,-1.E0));
#7732=VECTOR('',#7731,1.805E-1);
#7733=CARTESIAN_POINT('',(2.1E0,-6.25E-2,-4.7E-2));
#7734=LINE('',#7733,#7732);
#7735=DIRECTION('',(0.E0,-1.E0,0.E0));
#7736=VECTOR('',#7735,2.805E-1);
#7737=CARTESIAN_POINT('',(2.1E0,-6.25E-2,-2.275E-1));
#7738=LINE('',#7737,#7736);
#7739=DIRECTION('',(0.E0,0.E0,-1.E0));
#7740=VECTOR('',#7739,2.500000000001E-2);
#7741=CARTESIAN_POINT('',(2.1E0,-3.43E-1,-2.275E-1));
#7742=LINE('',#7741,#7740);
#7743=DIRECTION('',(0.E0,1.E0,0.E0));
#7744=VECTOR('',#7743,3.055E-1);
#7745=CARTESIAN_POINT('',(2.1E0,-3.43E-1,-2.525E-1));
#7746=LINE('',#7745,#7744);
#7747=DIRECTION('',(0.E0,0.E0,1.E0));
#7748=VECTOR('',#7747,2.055E-1);
#7749=CARTESIAN_POINT('',(2.1E0,-3.75E-2,-2.525E-1));
#7750=LINE('',#7749,#7748);
#7751=DIRECTION('',(0.E0,0.E0,1.E0));
#7752=VECTOR('',#7751,2.055E-1);
#7753=CARTESIAN_POINT('',(2.125E0,-3.75E-2,-2.525E-1));
#7754=LINE('',#7753,#7752);
#7755=DIRECTION('',(0.E0,1.E0,0.E0));
#7756=VECTOR('',#7755,3.055E-1);
#7757=CARTESIAN_POINT('',(2.125E0,-3.43E-1,-2.525E-1));
#7758=LINE('',#7757,#7756);
#7759=DIRECTION('',(0.E0,0.E0,-1.E0));
#7760=VECTOR('',#7759,2.500000000001E-2);
#7761=CARTESIAN_POINT('',(2.125E0,-3.43E-1,-2.275E-1));
#7762=LINE('',#7761,#7760);
#7763=DIRECTION('',(0.E0,-1.E0,0.E0));
#7764=VECTOR('',#7763,2.805E-1);
#7765=CARTESIAN_POINT('',(2.125E0,-6.25E-2,-2.275E-1));
#7766=LINE('',#7765,#7764);
#7767=DIRECTION('',(0.E0,0.E0,-1.E0));
#7768=VECTOR('',#7767,1.805E-1);
#7769=CARTESIAN_POINT('',(2.125E0,-6.25E-2,-4.7E-2));
#7770=LINE('',#7769,#7768);
#7771=DIRECTION('',(1.E0,0.E0,0.E0));
#7772=VECTOR('',#7771,2.5E-2);
#7773=CARTESIAN_POINT('',(2.1E0,-3.75E-2,-2.525E-1));
#7774=LINE('',#7773,#7772);
#7775=DIRECTION('',(1.E0,0.E0,0.E0));
#7776=VECTOR('',#7775,2.5E-2);
#7777=CARTESIAN_POINT('',(2.1E0,-3.43E-1,-2.525E-1));
#7778=LINE('',#7777,#7776);
#7779=DIRECTION('',(1.E0,0.E0,0.E0));
#7780=VECTOR('',#7779,2.5E-2);
#7781=CARTESIAN_POINT('',(2.1E0,-3.43E-1,-2.275E-1));
#7782=LINE('',#7781,#7780);
#7783=DIRECTION('',(1.E0,0.E0,0.E0));
#7784=VECTOR('',#7783,2.5E-2);
#7785=CARTESIAN_POINT('',(2.1E0,-6.25E-2,-2.275E-1));
#7786=LINE('',#7785,#7784);
#7787=DIRECTION('',(0.E0,0.E0,-1.E0));
#7788=VECTOR('',#7787,2.805E-1);
#7789=CARTESIAN_POINT('',(2.1E0,3.75E-2,-4.7E-2));
#7790=LINE('',#7789,#7788);
#7791=DIRECTION('',(0.E0,-1.E0,0.E0));
#7792=VECTOR('',#7791,3.805E-1);
#7793=CARTESIAN_POINT('',(2.1E0,3.75E-2,-3.275E-1));
#7794=LINE('',#7793,#7792);
#7795=DIRECTION('',(0.E0,0.E0,-1.E0));
#7796=VECTOR('',#7795,2.500000000001E-2);
#7797=CARTESIAN_POINT('',(2.1E0,-3.43E-1,-3.275E-1));
#7798=LINE('',#7797,#7796);
#7799=DIRECTION('',(0.E0,1.E0,0.E0));
#7800=VECTOR('',#7799,4.055E-1);
#7801=CARTESIAN_POINT('',(2.1E0,-3.43E-1,-3.525E-1));
#7802=LINE('',#7801,#7800);
#7803=DIRECTION('',(0.E0,0.E0,1.E0));
#7804=VECTOR('',#7803,3.055E-1);
#7805=CARTESIAN_POINT('',(2.1E0,6.25E-2,-3.525E-1));
#7806=LINE('',#7805,#7804);
#7807=DIRECTION('',(0.E0,0.E0,1.E0));
#7808=VECTOR('',#7807,3.055E-1);
#7809=CARTESIAN_POINT('',(2.125E0,6.25E-2,-3.525E-1));
#7810=LINE('',#7809,#7808);
#7811=DIRECTION('',(0.E0,1.E0,0.E0));
#7812=VECTOR('',#7811,4.055E-1);
#7813=CARTESIAN_POINT('',(2.125E0,-3.43E-1,-3.525E-1));
#7814=LINE('',#7813,#7812);
#7815=DIRECTION('',(0.E0,0.E0,-1.E0));
#7816=VECTOR('',#7815,2.500000000001E-2);
#7817=CARTESIAN_POINT('',(2.125E0,-3.43E-1,-3.275E-1));
#7818=LINE('',#7817,#7816);
#7819=DIRECTION('',(0.E0,-1.E0,0.E0));
#7820=VECTOR('',#7819,3.805E-1);
#7821=CARTESIAN_POINT('',(2.125E0,3.75E-2,-3.275E-1));
#7822=LINE('',#7821,#7820);
#7823=DIRECTION('',(0.E0,0.E0,-1.E0));
#7824=VECTOR('',#7823,2.805E-1);
#7825=CARTESIAN_POINT('',(2.125E0,3.75E-2,-4.7E-2));
#7826=LINE('',#7825,#7824);
#7827=DIRECTION('',(1.E0,0.E0,0.E0));
#7828=VECTOR('',#7827,2.5E-2);
#7829=CARTESIAN_POINT('',(2.1E0,6.25E-2,-3.525E-1));
#7830=LINE('',#7829,#7828);
#7831=DIRECTION('',(1.E0,0.E0,0.E0));
#7832=VECTOR('',#7831,2.5E-2);
#7833=CARTESIAN_POINT('',(2.1E0,-3.43E-1,-3.525E-1));
#7834=LINE('',#7833,#7832);
#7835=DIRECTION('',(1.E0,0.E0,0.E0));
#7836=VECTOR('',#7835,2.5E-2);
#7837=CARTESIAN_POINT('',(2.1E0,-3.43E-1,-3.275E-1));
#7838=LINE('',#7837,#7836);
#7839=DIRECTION('',(1.E0,0.E0,0.E0));
#7840=VECTOR('',#7839,2.5E-2);
#7841=CARTESIAN_POINT('',(2.1E0,3.75E-2,-3.275E-1));
#7842=LINE('',#7841,#7840);
#7843=DIRECTION('',(0.E0,0.E0,-1.E0));
#7844=VECTOR('',#7843,3.805E-1);
#7845=CARTESIAN_POINT('',(2.1E0,1.375E-1,-4.7E-2));
#7846=LINE('',#7845,#7844);
#7847=DIRECTION('',(0.E0,-1.E0,0.E0));
#7848=VECTOR('',#7847,4.805E-1);
#7849=CARTESIAN_POINT('',(2.1E0,1.375E-1,-4.275E-1));
#7850=LINE('',#7849,#7848);
#7851=DIRECTION('',(0.E0,0.E0,-1.E0));
#7852=VECTOR('',#7851,2.500000000001E-2);
#7853=CARTESIAN_POINT('',(2.1E0,-3.43E-1,-4.275E-1));
#7854=LINE('',#7853,#7852);
#7855=DIRECTION('',(0.E0,1.E0,0.E0));
#7856=VECTOR('',#7855,5.055E-1);
#7857=CARTESIAN_POINT('',(2.1E0,-3.43E-1,-4.525E-1));
#7858=LINE('',#7857,#7856);
#7859=DIRECTION('',(0.E0,0.E0,1.E0));
#7860=VECTOR('',#7859,4.055E-1);
#7861=CARTESIAN_POINT('',(2.1E0,1.625E-1,-4.525E-1));
#7862=LINE('',#7861,#7860);
#7863=DIRECTION('',(0.E0,0.E0,1.E0));
#7864=VECTOR('',#7863,4.055E-1);
#7865=CARTESIAN_POINT('',(2.125E0,1.625E-1,-4.525E-1));
#7866=LINE('',#7865,#7864);
#7867=DIRECTION('',(0.E0,1.E0,0.E0));
#7868=VECTOR('',#7867,5.055E-1);
#7869=CARTESIAN_POINT('',(2.125E0,-3.43E-1,-4.525E-1));
#7870=LINE('',#7869,#7868);
#7871=DIRECTION('',(0.E0,0.E0,-1.E0));
#7872=VECTOR('',#7871,2.500000000001E-2);
#7873=CARTESIAN_POINT('',(2.125E0,-3.43E-1,-4.275E-1));
#7874=LINE('',#7873,#7872);
#7875=DIRECTION('',(0.E0,-1.E0,0.E0));
#7876=VECTOR('',#7875,4.805E-1);
#7877=CARTESIAN_POINT('',(2.125E0,1.375E-1,-4.275E-1));
#7878=LINE('',#7877,#7876);
#7879=DIRECTION('',(0.E0,0.E0,-1.E0));
#7880=VECTOR('',#7879,3.805E-1);
#7881=CARTESIAN_POINT('',(2.125E0,1.375E-1,-4.7E-2));
#7882=LINE('',#7881,#7880);
#7883=DIRECTION('',(1.E0,0.E0,0.E0));
#7884=VECTOR('',#7883,2.5E-2);
#7885=CARTESIAN_POINT('',(2.1E0,1.625E-1,-4.525E-1));
#7886=LINE('',#7885,#7884);
#7887=DIRECTION('',(1.E0,0.E0,0.E0));
#7888=VECTOR('',#7887,2.5E-2);
#7889=CARTESIAN_POINT('',(2.1E0,-3.43E-1,-4.525E-1));
#7890=LINE('',#7889,#7888);
#7891=DIRECTION('',(1.E0,0.E0,0.E0));
#7892=VECTOR('',#7891,2.5E-2);
#7893=CARTESIAN_POINT('',(2.1E0,-3.43E-1,-4.275E-1));
#7894=LINE('',#7893,#7892);
#7895=DIRECTION('',(1.E0,0.E0,0.E0));
#7896=VECTOR('',#7895,2.5E-2);
#7897=CARTESIAN_POINT('',(2.1E0,1.375E-1,-4.275E-1));
#7898=LINE('',#7897,#7896);
#7899=DIRECTION('',(1.E0,0.E0,0.E0));
#7900=VECTOR('',#7899,2.2E-2);
#7901=CARTESIAN_POINT('',(2.2935E0,-3.63E-1,-2.525E-1));
#7902=LINE('',#7901,#7900);
#7903=DIRECTION('',(1.885316902153E-2,9.998222632137E-1,0.E0));
#7904=VECTOR('',#7903,1.550275540992E-1);
#7905=CARTESIAN_POINT('',(2.3155E0,-3.63E-1,-2.525E-1));
#7906=LINE('',#7905,#7904);
#7907=DIRECTION('',(0.E0,-1.E0,0.E0));
#7908=VECTOR('',#7907,1.55E-1);
#7909=CARTESIAN_POINT('',(2.2935E0,-2.08E-1,-2.275E-1));
#7910=LINE('',#7909,#7908);
#7911=DIRECTION('',(0.E0,1.E0,0.E0));
#7912=VECTOR('',#7911,1.55E-1);
#7913=CARTESIAN_POINT('',(2.2935E0,-3.63E-1,-2.525E-1));
#7914=LINE('',#7913,#7912);
#7915=DIRECTION('',(1.885316902153E-2,9.998222632137E-1,0.E0));
#7916=VECTOR('',#7915,1.550275540992E-1);
#7917=CARTESIAN_POINT('',(2.3155E0,-3.63E-1,-2.275E-1));
#7918=LINE('',#7917,#7916);
#7919=DIRECTION('',(1.E0,0.E0,0.E0));
#7920=VECTOR('',#7919,2.2E-2);
#7921=CARTESIAN_POINT('',(2.2935E0,-3.63E-1,-2.275E-1));
#7922=LINE('',#7921,#7920);
#7923=DIRECTION('',(0.E0,0.E0,1.E0));
#7924=VECTOR('',#7923,2.5E-2);
#7925=CARTESIAN_POINT('',(2.3155E0,-3.63E-1,-2.525E-1));
#7926=LINE('',#7925,#7924);
#7927=DIRECTION('',(0.E0,0.E0,1.E0));
#7928=VECTOR('',#7927,2.5E-2);
#7929=CARTESIAN_POINT('',(2.2935E0,-3.63E-1,-2.525E-1));
#7930=LINE('',#7929,#7928);
#7931=DIRECTION('',(1.885316902152E-2,-9.998222632137E-1,0.E0));
#7932=VECTOR('',#7931,1.550275540992E-1);
#7933=CARTESIAN_POINT('',(2.356577239320E0,-2.08E-1,-2.525E-1));
#7934=LINE('',#7933,#7932);
#7935=DIRECTION('',(1.E0,0.E0,0.E0));
#7936=VECTOR('',#7935,2.2E-2);
#7937=CARTESIAN_POINT('',(2.3595E0,-3.63E-1,-2.525E-1));
#7938=LINE('',#7937,#7936);
#7939=DIRECTION('',(1.E0,0.E0,0.E0));
#7940=VECTOR('',#7939,2.2E-2);
#7941=CARTESIAN_POINT('',(2.3595E0,-3.63E-1,-2.275E-1));
#7942=LINE('',#7941,#7940);
#7943=DIRECTION('',(1.885316902152E-2,-9.998222632137E-1,0.E0));
#7944=VECTOR('',#7943,1.550275540992E-1);
#7945=CARTESIAN_POINT('',(2.356577239320E0,-2.08E-1,-2.275E-1));
#7946=LINE('',#7945,#7944);
#7947=DIRECTION('',(0.E0,-1.E0,0.E0));
#7948=VECTOR('',#7947,1.55E-1);
#7949=CARTESIAN_POINT('',(2.3815E0,-2.08E-1,-2.525E-1));
#7950=LINE('',#7949,#7948);
#7951=DIRECTION('',(0.E0,0.E0,1.E0));
#7952=VECTOR('',#7951,2.5E-2);
#7953=CARTESIAN_POINT('',(2.3815E0,-3.63E-1,-2.525E-1));
#7954=LINE('',#7953,#7952);
#7955=DIRECTION('',(0.E0,1.E0,0.E0));
#7956=VECTOR('',#7955,1.55E-1);
#7957=CARTESIAN_POINT('',(2.3815E0,-3.63E-1,-2.275E-1));
#7958=LINE('',#7957,#7956);
#7959=DIRECTION('',(0.E0,0.E0,1.E0));
#7960=VECTOR('',#7959,2.5E-2);
#7961=CARTESIAN_POINT('',(2.3595E0,-3.63E-1,-2.525E-1));
#7962=LINE('',#7961,#7960);
#7963=DIRECTION('',(1.E0,0.E0,0.E0));
#7964=VECTOR('',#7963,2.2E-2);
#7965=CARTESIAN_POINT('',(-5.65E-2,-3.63E-1,-2.525E-1));
#7966=LINE('',#7965,#7964);
#7967=DIRECTION('',(1.885316902152E-2,9.998222632137E-1,0.E0));
#7968=VECTOR('',#7967,1.550275540992E-1);
#7969=CARTESIAN_POINT('',(-3.45E-2,-3.63E-1,-2.525E-1));
#7970=LINE('',#7969,#7968);
#7971=DIRECTION('',(0.E0,-1.E0,0.E0));
#7972=VECTOR('',#7971,1.55E-1);
#7973=CARTESIAN_POINT('',(-5.65E-2,-2.08E-1,-2.275E-1));
#7974=LINE('',#7973,#7972);
#7975=DIRECTION('',(0.E0,1.E0,0.E0));
#7976=VECTOR('',#7975,1.55E-1);
#7977=CARTESIAN_POINT('',(-5.65E-2,-3.63E-1,-2.525E-1));
#7978=LINE('',#7977,#7976);
#7979=DIRECTION('',(1.885316902152E-2,9.998222632137E-1,0.E0));
#7980=VECTOR('',#7979,1.550275540992E-1);
#7981=CARTESIAN_POINT('',(-3.45E-2,-3.63E-1,-2.275E-1));
#7982=LINE('',#7981,#7980);
#7983=DIRECTION('',(1.E0,0.E0,0.E0));
#7984=VECTOR('',#7983,2.2E-2);
#7985=CARTESIAN_POINT('',(-5.65E-2,-3.63E-1,-2.275E-1));
#7986=LINE('',#7985,#7984);
#7987=DIRECTION('',(0.E0,0.E0,1.E0));
#7988=VECTOR('',#7987,2.5E-2);
#7989=CARTESIAN_POINT('',(-3.45E-2,-3.63E-1,-2.525E-1));
#7990=LINE('',#7989,#7988);
#7991=DIRECTION('',(0.E0,0.E0,1.E0));
#7992=VECTOR('',#7991,2.5E-2);
#7993=CARTESIAN_POINT('',(-5.65E-2,-3.63E-1,-2.525E-1));
#7994=LINE('',#7993,#7992);
#7995=DIRECTION('',(1.885316902152E-2,-9.998222632137E-1,0.E0));
#7996=VECTOR('',#7995,1.550275540992E-1);
#7997=CARTESIAN_POINT('',(6.577239319575E-3,-2.08E-1,-2.525E-1));
#7998=LINE('',#7997,#7996);
#7999=DIRECTION('',(1.E0,0.E0,0.E0));
#8000=VECTOR('',#7999,2.2E-2);
#8001=CARTESIAN_POINT('',(9.500000000001E-3,-3.63E-1,-2.525E-1));
#8002=LINE('',#8001,#8000);
#8003=DIRECTION('',(1.E0,0.E0,0.E0));
#8004=VECTOR('',#8003,2.2E-2);
#8005=CARTESIAN_POINT('',(9.500000000001E-3,-3.63E-1,-2.275E-1));
#8006=LINE('',#8005,#8004);
#8007=DIRECTION('',(1.885316902152E-2,-9.998222632137E-1,0.E0));
#8008=VECTOR('',#8007,1.550275540992E-1);
#8009=CARTESIAN_POINT('',(6.577239319575E-3,-2.08E-1,-2.275E-1));
#8010=LINE('',#8009,#8008);
#8011=DIRECTION('',(0.E0,-1.E0,0.E0));
#8012=VECTOR('',#8011,1.55E-1);
#8013=CARTESIAN_POINT('',(3.15E-2,-2.08E-1,-2.525E-1));
#8014=LINE('',#8013,#8012);
#8015=DIRECTION('',(0.E0,0.E0,1.E0));
#8016=VECTOR('',#8015,2.5E-2);
#8017=CARTESIAN_POINT('',(3.15E-2,-3.63E-1,-2.525E-1));
#8018=LINE('',#8017,#8016);
#8019=DIRECTION('',(0.E0,1.E0,0.E0));
#8020=VECTOR('',#8019,1.55E-1);
#8021=CARTESIAN_POINT('',(3.15E-2,-3.63E-1,-2.275E-1));
#8022=LINE('',#8021,#8020);
#8023=DIRECTION('',(0.E0,0.E0,1.E0));
#8024=VECTOR('',#8023,2.5E-2);
#8025=CARTESIAN_POINT('',(9.500000000001E-3,-3.63E-1,-2.525E-1));
#8026=LINE('',#8025,#8024);
#8027=CARTESIAN_POINT('',(-1.625E-1,2.87E-1,4.65E-1));
#8028=CARTESIAN_POINT('',(-1.625E-1,-2.87E-1,4.65E-1));
#8029=VERTEX_POINT('',#8027);
#8030=VERTEX_POINT('',#8028);
#8031=CARTESIAN_POINT('',(-1.625E-1,-2.87E-1,8.E-2));
#8032=CARTESIAN_POINT('',(-1.625E-1,-2.08E-1,8.E-2));
#8033=VERTEX_POINT('',#8031);
#8034=VERTEX_POINT('',#8032);
#8035=CARTESIAN_POINT('',(1.25E-2,2.02E-1,4.65E-1));
#8036=CARTESIAN_POINT('',(1.25E-2,-6.2E-2,4.65E-1));
#8037=VERTEX_POINT('',#8035);
#8038=VERTEX_POINT('',#8036);
#8039=CARTESIAN_POINT('',(1.25E-2,-6.2E-2,-4.7E-2));
#8040=VERTEX_POINT('',#8039);
#8041=CARTESIAN_POINT('',(1.125E-1,2.57E-1,4.65E-1));
#8042=CARTESIAN_POINT('',(1.125E-1,2.02E-1,4.65E-1));
#8043=VERTEX_POINT('',#8041);
#8044=VERTEX_POINT('',#8042);
#8045=CARTESIAN_POINT('',(1.125E-1,-6.2E-2,4.65E-1));
#8046=CARTESIAN_POINT('',(1.125E-1,-2.57E-1,4.65E-1));
#8047=VERTEX_POINT('',#8045);
#8048=VERTEX_POINT('',#8046);
#8049=CARTESIAN_POINT('',(1.125E-1,-6.2E-2,1.4E-1));
#8050=VERTEX_POINT('',#8049);
#8051=CARTESIAN_POINT('',(1.125E-1,2.02E-1,1.4E-1));
#8052=VERTEX_POINT('',#8051);
#8053=CARTESIAN_POINT('',(1.275E-1,2.87E-1,-4.65E-1));
#8054=CARTESIAN_POINT('',(1.275E-1,1.2E-2,-4.65E-1));
#8055=VERTEX_POINT('',#8053);
#8056=VERTEX_POINT('',#8054);
#8057=CARTESIAN_POINT('',(-1.625E-1,2.87E-1,-4.7E-2));
#8058=CARTESIAN_POINT('',(-1.625E-1,1.2E-2,-4.7E-2));
#8059=VERTEX_POINT('',#8057);
#8060=VERTEX_POINT('',#8058);
#8061=CARTESIAN_POINT('',(1.275E-1,2.87E-1,-4.7E-2));
#8062=VERTEX_POINT('',#8061);
#8063=CARTESIAN_POINT('',(1.275E-1,2.02E-1,-4.7E-2));
#8064=CARTESIAN_POINT('',(1.275E-1,1.2E-2,-4.7E-2));
#8065=VERTEX_POINT('',#8063);
#8066=VERTEX_POINT('',#8064);
#8067=CARTESIAN_POINT('',(-1.060748708623E-1,1.2E-2,-4.7E-2));
#8068=VERTEX_POINT('',#8067);
#8069=CARTESIAN_POINT('',(1.25E-2,2.02E-1,-4.7E-2));
#8070=VERTEX_POINT('',#8069);
#8071=CARTESIAN_POINT('',(1.125E-1,2.37E-1,1.4E-1));
#8072=CARTESIAN_POINT('',(1.125E-1,2.57E-1,1.6E-1));
#8073=VERTEX_POINT('',#8071);
#8074=VERTEX_POINT('',#8072);
#8075=CARTESIAN_POINT('',(1.125E-1,-2.57E-1,1.6E-1));
#8076=CARTESIAN_POINT('',(1.125E-1,-2.37E-1,1.4E-1));
#8077=VERTEX_POINT('',#8075);
#8078=VERTEX_POINT('',#8076);
#8079=CARTESIAN_POINT('',(-1.105E-1,1.2E-2,-4.65E-1));
#8080=CARTESIAN_POINT('',(-1.625E-1,1.2E-2,-4.13E-1));
#8081=VERTEX_POINT('',#8079);
#8082=VERTEX_POINT('',#8080);
#8083=CARTESIAN_POINT('',(-1.625E-1,-2.08E-1,-4.13E-1));
#8084=VERTEX_POINT('',#8083);
#8085=CARTESIAN_POINT('',(-1.105E-1,-2.08E-1,-4.65E-1));
#8086=VERTEX_POINT('',#8085);
#8087=CARTESIAN_POINT('',(1.625E-1,-2.08E-1,-4.65E-1));
#8088=VERTEX_POINT('',#8087);
#8089=CARTESIAN_POINT('',(1.625E-1,-1.68E-1,-4.65E-1));
#8090=CARTESIAN_POINT('',(1.625E-1,-1.68E-1,-1.11E-1));
#8091=VERTEX_POINT('',#8089);
#8092=VERTEX_POINT('',#8090);
#8093=CARTESIAN_POINT('',(1.625E-1,-2.08E-1,-1.11E-1));
#8094=VERTEX_POINT('',#8093);
#8095=CARTESIAN_POINT('',(1.625E-1,-6.2E-2,-4.7E-2));
#8096=CARTESIAN_POINT('',(1.625E-1,2.02E-1,-4.7E-2));
#8097=VERTEX_POINT('',#8095);
#8098=VERTEX_POINT('',#8096);
#8099=CARTESIAN_POINT('',(1.625E-1,-6.2E-2,1.4E-1));
#8100=VERTEX_POINT('',#8099);
#8101=CARTESIAN_POINT('',(1.625E-1,2.02E-1,1.4E-1));
#8102=VERTEX_POINT('',#8101);
#8103=CARTESIAN_POINT('',(3.275E-1,2.87E-1,-4.65E-1));
#8104=CARTESIAN_POINT('',(3.275E-1,2.87E-1,-2.6E-1));
#8105=VERTEX_POINT('',#8103);
#8106=VERTEX_POINT('',#8104);
#8107=CARTESIAN_POINT('',(2.475E-1,2.87E-1,-2.6E-1));
#8108=VERTEX_POINT('',#8107);
#8109=CARTESIAN_POINT('',(2.475E-1,2.87E-1,-4.65E-1));
#8110=VERTEX_POINT('',#8109);
#8111=CARTESIAN_POINT('',(3.324E-1,2.12E-1,-4.65E-1));
#8112=CARTESIAN_POINT('',(3.275E-1,2.12E-1,-4.65E-1));
#8113=VERTEX_POINT('',#8111);
#8114=VERTEX_POINT('',#8112);
#8115=CARTESIAN_POINT('',(2.475E-1,2.12E-1,-4.65E-1));
#8116=CARTESIAN_POINT('',(2.426E-1,2.12E-1,-4.65E-1));
#8117=VERTEX_POINT('',#8115);
#8118=VERTEX_POINT('',#8116);
#8119=CARTESIAN_POINT('',(3.275E-1,2.12E-1,-2.6E-1));
#8120=VERTEX_POINT('',#8119);
#8121=CARTESIAN_POINT('',(2.475E-1,2.12E-1,-2.6E-1));
#8122=VERTEX_POINT('',#8121);
#8123=CARTESIAN_POINT('',(2.426E-1,2.12E-1,1.4E-1));
#8124=CARTESIAN_POINT('',(3.324E-1,2.12E-1,1.4E-1));
#8125=VERTEX_POINT('',#8123);
#8126=VERTEX_POINT('',#8124);
#8127=CARTESIAN_POINT('',(2.075E-1,-2.08E-1,-4.65E-1));
#8128=CARTESIAN_POINT('',(2.075E-1,-1.68E-1,-4.65E-1));
#8129=VERTEX_POINT('',#8127);
#8130=VERTEX_POINT('',#8128);
#8131=CARTESIAN_POINT('',(2.426E-1,-1.68E-1,-4.65E-1));
#8132=VERTEX_POINT('',#8131);
#8133=CARTESIAN_POINT('',(3.324E-1,-1.68E-1,-4.65E-1));
#8134=CARTESIAN_POINT('',(3.675E-1,-1.68E-1,-4.65E-1));
#8135=VERTEX_POINT('',#8133);
#8136=VERTEX_POINT('',#8134);
#8137=CARTESIAN_POINT('',(3.675E-1,-2.08E-1,-4.65E-1));
#8138=VERTEX_POINT('',#8137);
#8139=CARTESIAN_POINT('',(2.075E-1,-2.08E-1,-5.5E-2));
#8140=VERTEX_POINT('',#8139);
#8141=CARTESIAN_POINT('',(3.675E-1,-2.08E-1,-5.5E-2));
#8142=VERTEX_POINT('',#8141);
#8143=CARTESIAN_POINT('',(2.075E-1,-1.68E-1,-5.5E-2));
#8144=VERTEX_POINT('',#8143);
#8145=CARTESIAN_POINT('',(3.675E-1,-1.68E-1,-5.5E-2));
#8146=VERTEX_POINT('',#8145);
#8147=CARTESIAN_POINT('',(3.875E-1,-2.08E-1,-4.65E-1));
#8148=VERTEX_POINT('',#8147);
#8149=CARTESIAN_POINT('',(1.875E-1,-2.08E-1,-4.65E-1));
#8150=VERTEX_POINT('',#8149);
#8151=CARTESIAN_POINT('',(3.324E-1,-1.58E-1,1.4E-1));
#8152=CARTESIAN_POINT('',(2.426E-1,-1.58E-1,1.4E-1));
#8153=VERTEX_POINT('',#8151);
#8154=VERTEX_POINT('',#8152);
#8155=CARTESIAN_POINT('',(1.875E-1,-1.68E-1,-4.65E-1));
#8156=CARTESIAN_POINT('',(1.875E-1,-1.68E-1,-1.11E-1));
#8157=VERTEX_POINT('',#8155);
#8158=VERTEX_POINT('',#8156);
#8159=CARTESIAN_POINT('',(1.875E-1,-2.08E-1,-1.11E-1));
#8160=VERTEX_POINT('',#8159);
#8161=CARTESIAN_POINT('',(5.775E-1,2.87E-1,-4.65E-1));
#8162=CARTESIAN_POINT('',(5.775E-1,2.87E-1,-2.6E-1));
#8163=VERTEX_POINT('',#8161);
#8164=VERTEX_POINT('',#8162);
#8165=CARTESIAN_POINT('',(4.975E-1,2.87E-1,-2.6E-1));
#8166=VERTEX_POINT('',#8165);
#8167=CARTESIAN_POINT('',(4.975E-1,2.87E-1,-4.65E-1));
#8168=VERTEX_POINT('',#8167);
#8169=CARTESIAN_POINT('',(5.824E-1,2.12E-1,-4.65E-1));
#8170=CARTESIAN_POINT('',(5.775E-1,2.12E-1,-4.65E-1));
#8171=VERTEX_POINT('',#8169);
#8172=VERTEX_POINT('',#8170);
#8173=CARTESIAN_POINT('',(4.975E-1,2.12E-1,-4.65E-1));
#8174=CARTESIAN_POINT('',(4.926E-1,2.12E-1,-4.65E-1));
#8175=VERTEX_POINT('',#8173);
#8176=VERTEX_POINT('',#8174);
#8177=CARTESIAN_POINT('',(5.775E-1,2.12E-1,-2.6E-1));
#8178=VERTEX_POINT('',#8177);
#8179=CARTESIAN_POINT('',(4.975E-1,2.12E-1,-2.6E-1));
#8180=VERTEX_POINT('',#8179);
#8181=CARTESIAN_POINT('',(4.926E-1,2.12E-1,1.4E-1));
#8182=CARTESIAN_POINT('',(5.824E-1,2.12E-1,1.4E-1));
#8183=VERTEX_POINT('',#8181);
#8184=VERTEX_POINT('',#8182);
#8185=CARTESIAN_POINT('',(4.575E-1,-2.08E-1,-4.65E-1));
#8186=CARTESIAN_POINT('',(4.575E-1,-1.68E-1,-4.65E-1));
#8187=VERTEX_POINT('',#8185);
#8188=VERTEX_POINT('',#8186);
#8189=CARTESIAN_POINT('',(4.926E-1,-1.68E-1,-4.65E-1));
#8190=VERTEX_POINT('',#8189);
#8191=CARTESIAN_POINT('',(5.824E-1,-1.68E-1,-4.65E-1));
#8192=CARTESIAN_POINT('',(6.175E-1,-1.68E-1,-4.65E-1));
#8193=VERTEX_POINT('',#8191);
#8194=VERTEX_POINT('',#8192);
#8195=CARTESIAN_POINT('',(6.175E-1,-2.08E-1,-4.65E-1));
#8196=VERTEX_POINT('',#8195);
#8197=CARTESIAN_POINT('',(4.575E-1,-2.08E-1,-5.5E-2));
#8198=VERTEX_POINT('',#8197);
#8199=CARTESIAN_POINT('',(6.175E-1,-2.08E-1,-5.5E-2));
#8200=VERTEX_POINT('',#8199);
#8201=CARTESIAN_POINT('',(4.575E-1,-1.68E-1,-5.5E-2));
#8202=VERTEX_POINT('',#8201);
#8203=CARTESIAN_POINT('',(6.175E-1,-1.68E-1,-5.5E-2));
#8204=VERTEX_POINT('',#8203);
#8205=CARTESIAN_POINT('',(6.375E-1,-2.08E-1,-4.65E-1));
#8206=VERTEX_POINT('',#8205);
#8207=CARTESIAN_POINT('',(4.375E-1,-2.08E-1,-4.65E-1));
#8208=VERTEX_POINT('',#8207);
#8209=CARTESIAN_POINT('',(5.824E-1,-1.58E-1,1.4E-1));
#8210=CARTESIAN_POINT('',(4.926E-1,-1.58E-1,1.4E-1));
#8211=VERTEX_POINT('',#8209);
#8212=VERTEX_POINT('',#8210);
#8213=CARTESIAN_POINT('',(8.275E-1,2.87E-1,-4.65E-1));
#8214=CARTESIAN_POINT('',(8.275E-1,2.87E-1,-2.6E-1));
#8215=VERTEX_POINT('',#8213);
#8216=VERTEX_POINT('',#8214);
#8217=CARTESIAN_POINT('',(7.475E-1,2.87E-1,-2.6E-1));
#8218=VERTEX_POINT('',#8217);
#8219=CARTESIAN_POINT('',(7.475E-1,2.87E-1,-4.65E-1));
#8220=VERTEX_POINT('',#8219);
#8221=CARTESIAN_POINT('',(8.324E-1,2.12E-1,-4.65E-1));
#8222=CARTESIAN_POINT('',(8.275E-1,2.12E-1,-4.65E-1));
#8223=VERTEX_POINT('',#8221);
#8224=VERTEX_POINT('',#8222);
#8225=CARTESIAN_POINT('',(7.475E-1,2.12E-1,-4.65E-1));
#8226=CARTESIAN_POINT('',(7.426E-1,2.12E-1,-4.65E-1));
#8227=VERTEX_POINT('',#8225);
#8228=VERTEX_POINT('',#8226);
#8229=CARTESIAN_POINT('',(8.275E-1,2.12E-1,-2.6E-1));
#8230=VERTEX_POINT('',#8229);
#8231=CARTESIAN_POINT('',(7.475E-1,2.12E-1,-2.6E-1));
#8232=VERTEX_POINT('',#8231);
#8233=CARTESIAN_POINT('',(7.426E-1,2.12E-1,1.4E-1));
#8234=CARTESIAN_POINT('',(8.324E-1,2.12E-1,1.4E-1));
#8235=VERTEX_POINT('',#8233);
#8236=VERTEX_POINT('',#8234);
#8237=CARTESIAN_POINT('',(7.075E-1,-2.08E-1,-4.65E-1));
#8238=CARTESIAN_POINT('',(7.075E-1,-1.68E-1,-4.65E-1));
#8239=VERTEX_POINT('',#8237);
#8240=VERTEX_POINT('',#8238);
#8241=CARTESIAN_POINT('',(7.426E-1,-1.68E-1,-4.65E-1));
#8242=VERTEX_POINT('',#8241);
#8243=CARTESIAN_POINT('',(8.324E-1,-1.68E-1,-4.65E-1));
#8244=CARTESIAN_POINT('',(8.675E-1,-1.68E-1,-4.65E-1));
#8245=VERTEX_POINT('',#8243);
#8246=VERTEX_POINT('',#8244);
#8247=CARTESIAN_POINT('',(8.675E-1,-2.08E-1,-4.65E-1));
#8248=VERTEX_POINT('',#8247);
#8249=CARTESIAN_POINT('',(7.075E-1,-2.08E-1,-5.5E-2));
#8250=VERTEX_POINT('',#8249);
#8251=CARTESIAN_POINT('',(8.675E-1,-2.08E-1,-5.5E-2));
#8252=VERTEX_POINT('',#8251);
#8253=CARTESIAN_POINT('',(7.075E-1,-1.68E-1,-5.5E-2));
#8254=VERTEX_POINT('',#8253);
#8255=CARTESIAN_POINT('',(8.675E-1,-1.68E-1,-5.5E-2));
#8256=VERTEX_POINT('',#8255);
#8257=CARTESIAN_POINT('',(8.875E-1,-2.08E-1,-4.65E-1));
#8258=VERTEX_POINT('',#8257);
#8259=CARTESIAN_POINT('',(6.875E-1,-2.08E-1,-4.65E-1));
#8260=VERTEX_POINT('',#8259);
#8261=CARTESIAN_POINT('',(8.324E-1,-1.58E-1,1.4E-1));
#8262=CARTESIAN_POINT('',(7.426E-1,-1.58E-1,1.4E-1));
#8263=VERTEX_POINT('',#8261);
#8264=VERTEX_POINT('',#8262);
#8265=CARTESIAN_POINT('',(1.0775E0,2.87E-1,-4.65E-1));
#8266=CARTESIAN_POINT('',(1.0775E0,2.87E-1,-2.6E-1));
#8267=VERTEX_POINT('',#8265);
#8268=VERTEX_POINT('',#8266);
#8269=CARTESIAN_POINT('',(9.975E-1,2.87E-1,-2.6E-1));
#8270=VERTEX_POINT('',#8269);
#8271=CARTESIAN_POINT('',(9.975E-1,2.87E-1,-4.65E-1));
#8272=VERTEX_POINT('',#8271);
#8273=CARTESIAN_POINT('',(1.0824E0,2.12E-1,-4.65E-1));
#8274=CARTESIAN_POINT('',(1.0775E0,2.12E-1,-4.65E-1));
#8275=VERTEX_POINT('',#8273);
#8276=VERTEX_POINT('',#8274);
#8277=CARTESIAN_POINT('',(9.975E-1,2.12E-1,-4.65E-1));
#8278=CARTESIAN_POINT('',(9.926E-1,2.12E-1,-4.65E-1));
#8279=VERTEX_POINT('',#8277);
#8280=VERTEX_POINT('',#8278);
#8281=CARTESIAN_POINT('',(1.0775E0,2.12E-1,-2.6E-1));
#8282=VERTEX_POINT('',#8281);
#8283=CARTESIAN_POINT('',(9.975E-1,2.12E-1,-2.6E-1));
#8284=VERTEX_POINT('',#8283);
#8285=CARTESIAN_POINT('',(9.926E-1,2.12E-1,1.4E-1));
#8286=CARTESIAN_POINT('',(1.0824E0,2.12E-1,1.4E-1));
#8287=VERTEX_POINT('',#8285);
#8288=VERTEX_POINT('',#8286);
#8289=CARTESIAN_POINT('',(9.575E-1,-2.08E-1,-4.65E-1));
#8290=CARTESIAN_POINT('',(9.575E-1,-1.68E-1,-4.65E-1));
#8291=VERTEX_POINT('',#8289);
#8292=VERTEX_POINT('',#8290);
#8293=CARTESIAN_POINT('',(9.926E-1,-1.68E-1,-4.65E-1));
#8294=VERTEX_POINT('',#8293);
#8295=CARTESIAN_POINT('',(1.0824E0,-1.68E-1,-4.65E-1));
#8296=CARTESIAN_POINT('',(1.1175E0,-1.68E-1,-4.65E-1));
#8297=VERTEX_POINT('',#8295);
#8298=VERTEX_POINT('',#8296);
#8299=CARTESIAN_POINT('',(1.1175E0,-2.08E-1,-4.65E-1));
#8300=VERTEX_POINT('',#8299);
#8301=CARTESIAN_POINT('',(9.575E-1,-2.08E-1,-5.5E-2));
#8302=VERTEX_POINT('',#8301);
#8303=CARTESIAN_POINT('',(1.1175E0,-2.08E-1,-5.5E-2));
#8304=VERTEX_POINT('',#8303);
#8305=CARTESIAN_POINT('',(9.575E-1,-1.68E-1,-5.5E-2));
#8306=VERTEX_POINT('',#8305);
#8307=CARTESIAN_POINT('',(1.1175E0,-1.68E-1,-5.5E-2));
#8308=VERTEX_POINT('',#8307);
#8309=CARTESIAN_POINT('',(1.1375E0,-2.08E-1,-4.65E-1));
#8310=VERTEX_POINT('',#8309);
#8311=CARTESIAN_POINT('',(9.375E-1,-2.08E-1,-4.65E-1));
#8312=VERTEX_POINT('',#8311);
#8313=CARTESIAN_POINT('',(1.0824E0,-1.58E-1,1.4E-1));
#8314=CARTESIAN_POINT('',(9.926E-1,-1.58E-1,1.4E-1));
#8315=VERTEX_POINT('',#8313);
#8316=VERTEX_POINT('',#8314);
#8317=CARTESIAN_POINT('',(1.3275E0,2.87E-1,-4.65E-1));
#8318=CARTESIAN_POINT('',(1.3275E0,2.87E-1,-2.6E-1));
#8319=VERTEX_POINT('',#8317);
#8320=VERTEX_POINT('',#8318);
#8321=CARTESIAN_POINT('',(1.2475E0,2.87E-1,-2.6E-1));
#8322=VERTEX_POINT('',#8321);
#8323=CARTESIAN_POINT('',(1.2475E0,2.87E-1,-4.65E-1));
#8324=VERTEX_POINT('',#8323);
#8325=CARTESIAN_POINT('',(1.3324E0,2.12E-1,-4.65E-1));
#8326=CARTESIAN_POINT('',(1.3275E0,2.12E-1,-4.65E-1));
#8327=VERTEX_POINT('',#8325);
#8328=VERTEX_POINT('',#8326);
#8329=CARTESIAN_POINT('',(1.2475E0,2.12E-1,-4.65E-1));
#8330=CARTESIAN_POINT('',(1.2426E0,2.12E-1,-4.65E-1));
#8331=VERTEX_POINT('',#8329);
#8332=VERTEX_POINT('',#8330);
#8333=CARTESIAN_POINT('',(1.3275E0,2.12E-1,-2.6E-1));
#8334=VERTEX_POINT('',#8333);
#8335=CARTESIAN_POINT('',(1.2475E0,2.12E-1,-2.6E-1));
#8336=VERTEX_POINT('',#8335);
#8337=CARTESIAN_POINT('',(1.2426E0,2.12E-1,1.4E-1));
#8338=CARTESIAN_POINT('',(1.3324E0,2.12E-1,1.4E-1));
#8339=VERTEX_POINT('',#8337);
#8340=VERTEX_POINT('',#8338);
#8341=CARTESIAN_POINT('',(1.2075E0,-2.08E-1,-4.65E-1));
#8342=CARTESIAN_POINT('',(1.2075E0,-1.68E-1,-4.65E-1));
#8343=VERTEX_POINT('',#8341);
#8344=VERTEX_POINT('',#8342);
#8345=CARTESIAN_POINT('',(1.2426E0,-1.68E-1,-4.65E-1));
#8346=VERTEX_POINT('',#8345);
#8347=CARTESIAN_POINT('',(1.3324E0,-1.68E-1,-4.65E-1));
#8348=CARTESIAN_POINT('',(1.3675E0,-1.68E-1,-4.65E-1));
#8349=VERTEX_POINT('',#8347);
#8350=VERTEX_POINT('',#8348);
#8351=CARTESIAN_POINT('',(1.3675E0,-2.08E-1,-4.65E-1));
#8352=VERTEX_POINT('',#8351);
#8353=CARTESIAN_POINT('',(1.2075E0,-2.08E-1,-5.5E-2));
#8354=VERTEX_POINT('',#8353);
#8355=CARTESIAN_POINT('',(1.3675E0,-2.08E-1,-5.5E-2));
#8356=VERTEX_POINT('',#8355);
#8357=CARTESIAN_POINT('',(1.2075E0,-1.68E-1,-5.5E-2));
#8358=VERTEX_POINT('',#8357);
#8359=CARTESIAN_POINT('',(1.3675E0,-1.68E-1,-5.5E-2));
#8360=VERTEX_POINT('',#8359);
#8361=CARTESIAN_POINT('',(1.3875E0,-2.08E-1,-4.65E-1));
#8362=VERTEX_POINT('',#8361);
#8363=CARTESIAN_POINT('',(1.1875E0,-2.08E-1,-4.65E-1));
#8364=VERTEX_POINT('',#8363);
#8365=CARTESIAN_POINT('',(1.3324E0,-1.58E-1,1.4E-1));
#8366=CARTESIAN_POINT('',(1.2426E0,-1.58E-1,1.4E-1));
#8367=VERTEX_POINT('',#8365);
#8368=VERTEX_POINT('',#8366);
#8369=CARTESIAN_POINT('',(1.5775E0,2.87E-1,-4.65E-1));
#8370=CARTESIAN_POINT('',(1.5775E0,2.87E-1,-2.6E-1));
#8371=VERTEX_POINT('',#8369);
#8372=VERTEX_POINT('',#8370);
#8373=CARTESIAN_POINT('',(1.4975E0,2.87E-1,-2.6E-1));
#8374=VERTEX_POINT('',#8373);
#8375=CARTESIAN_POINT('',(1.4975E0,2.87E-1,-4.65E-1));
#8376=VERTEX_POINT('',#8375);
#8377=CARTESIAN_POINT('',(1.5824E0,2.12E-1,-4.65E-1));
#8378=CARTESIAN_POINT('',(1.5775E0,2.12E-1,-4.65E-1));
#8379=VERTEX_POINT('',#8377);
#8380=VERTEX_POINT('',#8378);
#8381=CARTESIAN_POINT('',(1.4975E0,2.12E-1,-4.65E-1));
#8382=CARTESIAN_POINT('',(1.4926E0,2.12E-1,-4.65E-1));
#8383=VERTEX_POINT('',#8381);
#8384=VERTEX_POINT('',#8382);
#8385=CARTESIAN_POINT('',(1.5775E0,2.12E-1,-2.6E-1));
#8386=VERTEX_POINT('',#8385);
#8387=CARTESIAN_POINT('',(1.4975E0,2.12E-1,-2.6E-1));
#8388=VERTEX_POINT('',#8387);
#8389=CARTESIAN_POINT('',(1.4926E0,2.12E-1,1.4E-1));
#8390=CARTESIAN_POINT('',(1.5824E0,2.12E-1,1.4E-1));
#8391=VERTEX_POINT('',#8389);
#8392=VERTEX_POINT('',#8390);
#8393=CARTESIAN_POINT('',(1.4575E0,-2.08E-1,-4.65E-1));
#8394=CARTESIAN_POINT('',(1.4575E0,-1.68E-1,-4.65E-1));
#8395=VERTEX_POINT('',#8393);
#8396=VERTEX_POINT('',#8394);
#8397=CARTESIAN_POINT('',(1.4926E0,-1.68E-1,-4.65E-1));
#8398=VERTEX_POINT('',#8397);
#8399=CARTESIAN_POINT('',(1.5824E0,-1.68E-1,-4.65E-1));
#8400=CARTESIAN_POINT('',(1.6175E0,-1.68E-1,-4.65E-1));
#8401=VERTEX_POINT('',#8399);
#8402=VERTEX_POINT('',#8400);
#8403=CARTESIAN_POINT('',(1.6175E0,-2.08E-1,-4.65E-1));
#8404=VERTEX_POINT('',#8403);
#8405=CARTESIAN_POINT('',(1.4575E0,-2.08E-1,-5.5E-2));
#8406=VERTEX_POINT('',#8405);
#8407=CARTESIAN_POINT('',(1.6175E0,-2.08E-1,-5.5E-2));
#8408=VERTEX_POINT('',#8407);
#8409=CARTESIAN_POINT('',(1.4575E0,-1.68E-1,-5.5E-2));
#8410=VERTEX_POINT('',#8409);
#8411=CARTESIAN_POINT('',(1.6175E0,-1.68E-1,-5.5E-2));
#8412=VERTEX_POINT('',#8411);
#8413=CARTESIAN_POINT('',(1.6375E0,-2.08E-1,-4.65E-1));
#8414=VERTEX_POINT('',#8413);
#8415=CARTESIAN_POINT('',(1.4375E0,-2.08E-1,-4.65E-1));
#8416=VERTEX_POINT('',#8415);
#8417=CARTESIAN_POINT('',(1.5824E0,-1.58E-1,1.4E-1));
#8418=CARTESIAN_POINT('',(1.4926E0,-1.58E-1,1.4E-1));
#8419=VERTEX_POINT('',#8417);
#8420=VERTEX_POINT('',#8418);
#8421=CARTESIAN_POINT('',(3.875E-1,-1.68E-1,-4.65E-1));
#8422=CARTESIAN_POINT('',(3.875E-1,-1.68E-1,-1.11E-1));
#8423=VERTEX_POINT('',#8421);
#8424=VERTEX_POINT('',#8422);
#8425=CARTESIAN_POINT('',(3.875E-1,-2.08E-1,-1.11E-1));
#8426=VERTEX_POINT('',#8425);
#8427=CARTESIAN_POINT('',(4.375E-1,-1.68E-1,-4.65E-1));
#8428=CARTESIAN_POINT('',(4.375E-1,-1.68E-1,-1.11E-1));
#8429=VERTEX_POINT('',#8427);
#8430=VERTEX_POINT('',#8428);
#8431=CARTESIAN_POINT('',(4.375E-1,-2.08E-1,-1.11E-1));
#8432=VERTEX_POINT('',#8431);
#8433=CARTESIAN_POINT('',(6.375E-1,-1.68E-1,-4.65E-1));
#8434=CARTESIAN_POINT('',(6.375E-1,-1.68E-1,-1.11E-1));
#8435=VERTEX_POINT('',#8433);
#8436=VERTEX_POINT('',#8434);
#8437=CARTESIAN_POINT('',(6.375E-1,-2.08E-1,-1.11E-1));
#8438=VERTEX_POINT('',#8437);
#8439=CARTESIAN_POINT('',(6.875E-1,-1.68E-1,-4.65E-1));
#8440=CARTESIAN_POINT('',(6.875E-1,-1.68E-1,-1.11E-1));
#8441=VERTEX_POINT('',#8439);
#8442=VERTEX_POINT('',#8440);
#8443=CARTESIAN_POINT('',(6.875E-1,-2.08E-1,-1.11E-1));
#8444=VERTEX_POINT('',#8443);
#8445=CARTESIAN_POINT('',(8.875E-1,-1.68E-1,-4.65E-1));
#8446=CARTESIAN_POINT('',(8.875E-1,-1.68E-1,-1.11E-1));
#8447=VERTEX_POINT('',#8445);
#8448=VERTEX_POINT('',#8446);
#8449=CARTESIAN_POINT('',(8.875E-1,-2.08E-1,-1.11E-1));
#8450=VERTEX_POINT('',#8449);
#8451=CARTESIAN_POINT('',(9.375E-1,-1.68E-1,-4.65E-1));
#8452=CARTESIAN_POINT('',(9.375E-1,-1.68E-1,-1.11E-1));
#8453=VERTEX_POINT('',#8451);
#8454=VERTEX_POINT('',#8452);
#8455=CARTESIAN_POINT('',(9.375E-1,-2.08E-1,-1.11E-1));
#8456=VERTEX_POINT('',#8455);
#8457=CARTESIAN_POINT('',(1.1375E0,-1.68E-1,-4.65E-1));
#8458=CARTESIAN_POINT('',(1.1375E0,-1.68E-1,-1.11E-1));
#8459=VERTEX_POINT('',#8457);
#8460=VERTEX_POINT('',#8458);
#8461=CARTESIAN_POINT('',(1.1375E0,-2.08E-1,-1.11E-1));
#8462=VERTEX_POINT('',#8461);
#8463=CARTESIAN_POINT('',(1.1875E0,-1.68E-1,-4.65E-1));
#8464=CARTESIAN_POINT('',(1.1875E0,-1.68E-1,-1.11E-1));
#8465=VERTEX_POINT('',#8463);
#8466=VERTEX_POINT('',#8464);
#8467=CARTESIAN_POINT('',(1.1875E0,-2.08E-1,-1.11E-1));
#8468=VERTEX_POINT('',#8467);
#8469=CARTESIAN_POINT('',(1.3875E0,-1.68E-1,-4.65E-1));
#8470=CARTESIAN_POINT('',(1.3875E0,-1.68E-1,-1.11E-1));
#8471=VERTEX_POINT('',#8469);
#8472=VERTEX_POINT('',#8470);
#8473=CARTESIAN_POINT('',(1.3875E0,-2.08E-1,-1.11E-1));
#8474=VERTEX_POINT('',#8473);
#8475=CARTESIAN_POINT('',(1.4375E0,-1.68E-1,-4.65E-1));
#8476=CARTESIAN_POINT('',(1.4375E0,-1.68E-1,-1.11E-1));
#8477=VERTEX_POINT('',#8475);
#8478=VERTEX_POINT('',#8476);
#8479=CARTESIAN_POINT('',(1.4375E0,-2.08E-1,-1.11E-1));
#8480=VERTEX_POINT('',#8479);
#8481=CARTESIAN_POINT('',(1.6625E0,-1.68E-1,-4.65E-1));
#8482=CARTESIAN_POINT('',(1.6625E0,-1.68E-1,-1.11E-1));
#8483=VERTEX_POINT('',#8481);
#8484=VERTEX_POINT('',#8482);
#8485=CARTESIAN_POINT('',(1.6625E0,-2.08E-1,-1.11E-1));
#8486=VERTEX_POINT('',#8485);
#8487=CARTESIAN_POINT('',(1.6625E0,2.87E-1,-4.65E-1));
#8488=VERTEX_POINT('',#8487);
#8489=CARTESIAN_POINT('',(1.6375E0,-1.68E-1,-4.65E-1));
#8490=CARTESIAN_POINT('',(1.6375E0,-1.68E-1,-1.11E-1));
#8491=VERTEX_POINT('',#8489);
#8492=VERTEX_POINT('',#8490);
#8493=CARTESIAN_POINT('',(1.6375E0,-2.08E-1,-1.11E-1));
#8494=VERTEX_POINT('',#8493);
#8495=CARTESIAN_POINT('',(1.6625E0,2.87E-1,-2.6E-1));
#8496=CARTESIAN_POINT('',(1.6625E0,2.47E-1,-2.6E-1));
#8497=VERTEX_POINT('',#8495);
#8498=VERTEX_POINT('',#8496);
#8499=CARTESIAN_POINT('',(1.6625E0,2.47E-1,-4.7E-2));
#8500=VERTEX_POINT('',#8499);
#8501=CARTESIAN_POINT('',(1.6625E0,-2.08E-1,-4.7E-2));
#8502=VERTEX_POINT('',#8501);
#8503=CARTESIAN_POINT('',(2.4875E0,-2.87E-1,4.65E-1));
#8504=CARTESIAN_POINT('',(2.4875E0,2.87E-1,4.65E-1));
#8505=VERTEX_POINT('',#8503);
#8506=VERTEX_POINT('',#8504);
#8507=CARTESIAN_POINT('',(2.3125E0,-6.2E-2,4.65E-1));
#8508=CARTESIAN_POINT('',(2.3125E0,2.02E-1,4.65E-1));
#8509=VERTEX_POINT('',#8507);
#8510=VERTEX_POINT('',#8508);
#8511=CARTESIAN_POINT('',(2.3125E0,-6.2E-2,-4.7E-2));
#8512=VERTEX_POINT('',#8511);
#8513=CARTESIAN_POINT('',(2.4875E0,-2.87E-1,8.E-2));
#8514=VERTEX_POINT('',#8513);
#8515=CARTESIAN_POINT('',(2.4875E0,-2.08E-1,8.E-2));
#8516=VERTEX_POINT('',#8515);
#8517=CARTESIAN_POINT('',(2.1625E0,2.87E-1,-4.65E-1));
#8518=CARTESIAN_POINT('',(2.1625E0,-2.08E-1,-4.65E-1));
#8519=VERTEX_POINT('',#8517);
#8520=VERTEX_POINT('',#8518);
#8521=CARTESIAN_POINT('',(2.2125E0,2.02E-1,4.65E-1));
#8522=CARTESIAN_POINT('',(2.2125E0,2.57E-1,4.65E-1));
#8523=VERTEX_POINT('',#8521);
#8524=VERTEX_POINT('',#8522);
#8525=CARTESIAN_POINT('',(2.2125E0,-2.57E-1,4.65E-1));
#8526=CARTESIAN_POINT('',(2.2125E0,-6.2E-2,4.65E-1));
#8527=VERTEX_POINT('',#8525);
#8528=VERTEX_POINT('',#8526);
#8529=CARTESIAN_POINT('',(2.2125E0,2.02E-1,1.4E-1));
#8530=VERTEX_POINT('',#8529);
#8531=CARTESIAN_POINT('',(2.2125E0,-6.2E-2,1.4E-1));
#8532=VERTEX_POINT('',#8531);
#8533=CARTESIAN_POINT('',(2.1975E0,2.87E-1,-4.65E-1));
#8534=CARTESIAN_POINT('',(2.1975E0,1.2E-2,-4.65E-1));
#8535=VERTEX_POINT('',#8533);
#8536=VERTEX_POINT('',#8534);
#8537=CARTESIAN_POINT('',(2.4875E0,2.87E-1,-4.7E-2));
#8538=CARTESIAN_POINT('',(2.4875E0,1.2E-2,-4.7E-2));
#8539=VERTEX_POINT('',#8537);
#8540=VERTEX_POINT('',#8538);
#8541=CARTESIAN_POINT('',(2.1975E0,2.87E-1,-4.7E-2));
#8542=VERTEX_POINT('',#8541);
#8543=CARTESIAN_POINT('',(2.431074870862E0,1.2E-2,-4.7E-2));
#8544=CARTESIAN_POINT('',(2.1975E0,1.2E-2,-4.7E-2));
#8545=VERTEX_POINT('',#8543);
#8546=VERTEX_POINT('',#8544);
#8547=CARTESIAN_POINT('',(2.1975E0,2.02E-1,-4.7E-2));
#8548=VERTEX_POINT('',#8547);
#8549=CARTESIAN_POINT('',(2.3125E0,2.02E-1,-4.7E-2));
#8550=VERTEX_POINT('',#8549);
#8551=CARTESIAN_POINT('',(2.2125E0,2.57E-1,1.6E-1));
#8552=CARTESIAN_POINT('',(2.2125E0,2.37E-1,1.4E-1));
#8553=VERTEX_POINT('',#8551);
#8554=VERTEX_POINT('',#8552);
#8555=CARTESIAN_POINT('',(2.2125E0,-2.37E-1,1.4E-1));
#8556=CARTESIAN_POINT('',(2.2125E0,-2.57E-1,1.6E-1));
#8557=VERTEX_POINT('',#8555);
#8558=VERTEX_POINT('',#8556);
#8559=CARTESIAN_POINT('',(2.4355E0,-2.08E-1,-4.65E-1));
#8560=CARTESIAN_POINT('',(2.4875E0,-2.08E-1,-4.13E-1));
#8561=VERTEX_POINT('',#8559);
#8562=VERTEX_POINT('',#8560);
#8563=CARTESIAN_POINT('',(2.4875E0,1.2E-2,-4.13E-1));
#8564=VERTEX_POINT('',#8563);
#8565=CARTESIAN_POINT('',(2.4355E0,1.2E-2,-4.65E-1));
#8566=VERTEX_POINT('',#8565);
#8567=CARTESIAN_POINT('',(2.1625E0,2.47E-1,-2.6E-1));
#8568=CARTESIAN_POINT('',(2.1625E0,2.87E-1,-2.6E-1));
#8569=VERTEX_POINT('',#8567);
#8570=VERTEX_POINT('',#8568);
#8571=CARTESIAN_POINT('',(2.1625E0,2.47E-1,-4.7E-2));
#8572=VERTEX_POINT('',#8571);
#8573=CARTESIAN_POINT('',(2.1625E0,-2.08E-1,-4.7E-2));
#8574=VERTEX_POINT('',#8573);
#8575=CARTESIAN_POINT('',(2.1625E0,-6.2E-2,-4.7E-2));
#8576=CARTESIAN_POINT('',(2.1625E0,2.02E-1,-4.7E-2));
#8577=VERTEX_POINT('',#8575);
#8578=VERTEX_POINT('',#8576);
#8579=CARTESIAN_POINT('',(2.1625E0,2.02E-1,1.4E-1));
#8580=VERTEX_POINT('',#8579);
#8581=CARTESIAN_POINT('',(2.1625E0,-6.2E-2,1.4E-1));
#8582=VERTEX_POINT('',#8581);
#8583=CARTESIAN_POINT('',(3.46E-1,-3.43E-1,-4.525E-1));
#8584=CARTESIAN_POINT('',(3.29E-1,-3.43E-1,-4.525E-1));
#8585=VERTEX_POINT('',#8583);
#8586=VERTEX_POINT('',#8584);
#8587=CARTESIAN_POINT('',(2.29E-1,-3.43E-1,-4.525E-1));
#8588=CARTESIAN_POINT('',(2.46E-1,-3.43E-1,-4.525E-1));
#8589=VERTEX_POINT('',#8587);
#8590=VERTEX_POINT('',#8588);
#8591=CARTESIAN_POINT('',(3.46E-1,-3.43E-1,-4.275E-1));
#8592=VERTEX_POINT('',#8591);
#8593=CARTESIAN_POINT('',(3.46E-1,-3.43E-1,-3.525E-1));
#8594=CARTESIAN_POINT('',(3.46E-1,-3.43E-1,-3.275E-1));
#8595=VERTEX_POINT('',#8593);
#8596=VERTEX_POINT('',#8594);
#8597=CARTESIAN_POINT('',(3.46E-1,-3.43E-1,-2.525E-1));
#8598=CARTESIAN_POINT('',(3.46E-1,-3.43E-1,-2.275E-1));
#8599=VERTEX_POINT('',#8597);
#8600=VERTEX_POINT('',#8598);
#8601=CARTESIAN_POINT('',(3.46E-1,-3.43E-1,-1.525E-1));
#8602=CARTESIAN_POINT('',(3.46E-1,-3.43E-1,-1.275E-1));
#8603=VERTEX_POINT('',#8601);
#8604=VERTEX_POINT('',#8602);
#8605=CARTESIAN_POINT('',(2.29E-1,-3.43E-1,-4.275E-1));
#8606=VERTEX_POINT('',#8605);
#8607=CARTESIAN_POINT('',(2.29E-1,-3.43E-1,-3.525E-1));
#8608=CARTESIAN_POINT('',(2.29E-1,-3.43E-1,-3.275E-1));
#8609=VERTEX_POINT('',#8607);
#8610=VERTEX_POINT('',#8608);
#8611=CARTESIAN_POINT('',(2.29E-1,-3.43E-1,-2.525E-1));
#8612=CARTESIAN_POINT('',(2.29E-1,-3.43E-1,-2.275E-1));
#8613=VERTEX_POINT('',#8611);
#8614=VERTEX_POINT('',#8612);
#8615=CARTESIAN_POINT('',(2.29E-1,-3.43E-1,-1.525E-1));
#8616=CARTESIAN_POINT('',(2.29E-1,-3.43E-1,-1.275E-1));
#8617=VERTEX_POINT('',#8615);
#8618=VERTEX_POINT('',#8616);
#8619=CARTESIAN_POINT('',(3.29E-1,-3.43E-1,-4.275E-1));
#8620=VERTEX_POINT('',#8619);
#8621=CARTESIAN_POINT('',(3.29E-1,-3.43E-1,-3.525E-1));
#8622=CARTESIAN_POINT('',(3.29E-1,-3.43E-1,-3.275E-1));
#8623=VERTEX_POINT('',#8621);
#8624=VERTEX_POINT('',#8622);
#8625=CARTESIAN_POINT('',(3.29E-1,-3.43E-1,-2.525E-1));
#8626=CARTESIAN_POINT('',(3.29E-1,-3.43E-1,-2.275E-1));
#8627=VERTEX_POINT('',#8625);
#8628=VERTEX_POINT('',#8626);
#8629=CARTESIAN_POINT('',(3.29E-1,-3.43E-1,-1.525E-1));
#8630=CARTESIAN_POINT('',(3.29E-1,-3.43E-1,-1.275E-1));
#8631=VERTEX_POINT('',#8629);
#8632=VERTEX_POINT('',#8630);
#8633=CARTESIAN_POINT('',(2.46E-1,-3.43E-1,-4.275E-1));
#8634=VERTEX_POINT('',#8633);
#8635=CARTESIAN_POINT('',(2.46E-1,-3.43E-1,-3.525E-1));
#8636=CARTESIAN_POINT('',(2.46E-1,-3.43E-1,-3.275E-1));
#8637=VERTEX_POINT('',#8635);
#8638=VERTEX_POINT('',#8636);
#8639=CARTESIAN_POINT('',(2.46E-1,-3.43E-1,-2.525E-1));
#8640=CARTESIAN_POINT('',(2.46E-1,-3.43E-1,-2.275E-1));
#8641=VERTEX_POINT('',#8639);
#8642=VERTEX_POINT('',#8640);
#8643=CARTESIAN_POINT('',(2.46E-1,-3.43E-1,-1.525E-1));
#8644=CARTESIAN_POINT('',(2.46E-1,-3.43E-1,-1.275E-1));
#8645=VERTEX_POINT('',#8643);
#8646=VERTEX_POINT('',#8644);
#8647=CARTESIAN_POINT('',(3.46E-1,1.042E-1,4.6E-1));
#8648=CARTESIAN_POINT('',(3.46E-1,-1.018E-1,4.6E-1));
#8649=VERTEX_POINT('',#8647);
#8650=VERTEX_POINT('',#8648);
#8651=CARTESIAN_POINT('',(3.29E-1,1.5E-1,1.25E-1));
#8652=CARTESIAN_POINT('',(3.29E-1,1.042E-1,4.6E-1));
#8653=VERTEX_POINT('',#8651);
#8654=VERTEX_POINT('',#8652);
#8655=CARTESIAN_POINT('',(3.29E-1,-1.018E-1,4.6E-1));
#8656=VERTEX_POINT('',#8655);
#8657=CARTESIAN_POINT('',(3.29E-1,-1.476E-1,1.25E-1));
#8658=VERTEX_POINT('',#8657);
#8659=CARTESIAN_POINT('',(3.29E-1,1.53E-1,-4.525E-1));
#8660=CARTESIAN_POINT('',(3.29E-1,1.53E-1,1.25E-1));
#8661=VERTEX_POINT('',#8659);
#8662=VERTEX_POINT('',#8660);
#8663=CARTESIAN_POINT('',(2.46E-1,1.53E-1,-4.525E-1));
#8664=CARTESIAN_POINT('',(2.46E-1,1.53E-1,1.25E-1));
#8665=VERTEX_POINT('',#8663);
#8666=VERTEX_POINT('',#8664);
#8667=CARTESIAN_POINT('',(2.29E-1,-1.018E-1,4.6E-1));
#8668=CARTESIAN_POINT('',(2.29E-1,1.042E-1,4.6E-1));
#8669=VERTEX_POINT('',#8667);
#8670=VERTEX_POINT('',#8668);
#8671=CARTESIAN_POINT('',(2.46E-1,-1.476E-1,1.25E-1));
#8672=CARTESIAN_POINT('',(2.46E-1,-1.018E-1,4.6E-1));
#8673=VERTEX_POINT('',#8671);
#8674=VERTEX_POINT('',#8672);
#8675=CARTESIAN_POINT('',(2.46E-1,1.042E-1,4.6E-1));
#8676=VERTEX_POINT('',#8675);
#8677=CARTESIAN_POINT('',(2.46E-1,1.5E-1,1.25E-1));
#8678=VERTEX_POINT('',#8677);
#8679=CARTESIAN_POINT('',(3.29E-1,-1.68E-1,-2.275E-1));
#8680=CARTESIAN_POINT('',(3.29E-1,-1.68E-1,-1.525E-1));
#8681=VERTEX_POINT('',#8679);
#8682=VERTEX_POINT('',#8680);
#8683=CARTESIAN_POINT('',(3.29E-1,-1.68E-1,-3.275E-1));
#8684=CARTESIAN_POINT('',(3.29E-1,-1.68E-1,-2.525E-1));
#8685=VERTEX_POINT('',#8683);
#8686=VERTEX_POINT('',#8684);
#8687=CARTESIAN_POINT('',(3.29E-1,-1.68E-1,-4.275E-1));
#8688=CARTESIAN_POINT('',(3.29E-1,-1.68E-1,-3.525E-1));
#8689=VERTEX_POINT('',#8687);
#8690=VERTEX_POINT('',#8688);
#8691=CARTESIAN_POINT('',(2.46E-1,-1.68E-1,-2.275E-1));
#8692=CARTESIAN_POINT('',(2.46E-1,-1.68E-1,-1.525E-1));
#8693=VERTEX_POINT('',#8691);
#8694=VERTEX_POINT('',#8692);
#8695=CARTESIAN_POINT('',(2.46E-1,-1.68E-1,-3.275E-1));
#8696=CARTESIAN_POINT('',(2.46E-1,-1.68E-1,-2.525E-1));
#8697=VERTEX_POINT('',#8695);
#8698=VERTEX_POINT('',#8696);
#8699=CARTESIAN_POINT('',(2.46E-1,-1.68E-1,-4.275E-1));
#8700=CARTESIAN_POINT('',(2.46E-1,-1.68E-1,-3.525E-1));
#8701=VERTEX_POINT('',#8699);
#8702=VERTEX_POINT('',#8700);
#8703=CARTESIAN_POINT('',(3.29E-1,-1.68E-1,-1.275E-1));
#8704=VERTEX_POINT('',#8703);
#8705=CARTESIAN_POINT('',(2.46E-1,-1.68E-1,-1.275E-1));
#8706=VERTEX_POINT('',#8705);
#8707=CARTESIAN_POINT('',(3.46E-1,-1.455492537313E-1,1.4E-1));
#8708=CARTESIAN_POINT('',(3.46E-1,1.479492537313E-1,1.4E-1));
#8709=VERTEX_POINT('',#8707);
#8710=VERTEX_POINT('',#8708);
#8711=CARTESIAN_POINT('',(2.29E-1,-1.455492537313E-1,1.4E-1));
#8712=CARTESIAN_POINT('',(2.29E-1,1.479492537313E-1,1.4E-1));
#8713=VERTEX_POINT('',#8711);
#8714=VERTEX_POINT('',#8712);
#8715=CARTESIAN_POINT('',(3.324E-1,-1.455492537313E-1,1.4E-1));
#8716=VERTEX_POINT('',#8715);
#8717=CARTESIAN_POINT('',(3.324E-1,1.479492537313E-1,1.4E-1));
#8718=VERTEX_POINT('',#8717);
#8719=CARTESIAN_POINT('',(2.426E-1,-1.455492537313E-1,1.4E-1));
#8720=VERTEX_POINT('',#8719);
#8721=CARTESIAN_POINT('',(2.426E-1,1.479492537313E-1,1.4E-1));
#8722=VERTEX_POINT('',#8721);
#8723=CARTESIAN_POINT('',(3.324E-1,-1.68E-1,-4.525E-1));
#8724=CARTESIAN_POINT('',(3.324E-1,1.53E-1,-4.525E-1));
#8725=VERTEX_POINT('',#8723);
#8726=VERTEX_POINT('',#8724);
#8727=CARTESIAN_POINT('',(3.324E-1,-1.58E-1,1.25E-1));
#8728=CARTESIAN_POINT('',(3.324E-1,-1.476E-1,1.25E-1));
#8729=VERTEX_POINT('',#8727);
#8730=VERTEX_POINT('',#8728);
#8731=CARTESIAN_POINT('',(3.324E-1,1.5E-1,1.25E-1));
#8732=CARTESIAN_POINT('',(3.324E-1,1.53E-1,1.25E-1));
#8733=VERTEX_POINT('',#8731);
#8734=VERTEX_POINT('',#8732);
#8735=CARTESIAN_POINT('',(2.426E-1,-1.68E-1,-4.525E-1));
#8736=CARTESIAN_POINT('',(2.426E-1,1.53E-1,-4.525E-1));
#8737=VERTEX_POINT('',#8735);
#8738=VERTEX_POINT('',#8736);
#8739=CARTESIAN_POINT('',(2.426E-1,-1.58E-1,1.25E-1));
#8740=CARTESIAN_POINT('',(2.426E-1,-1.476E-1,1.25E-1));
#8741=VERTEX_POINT('',#8739);
#8742=VERTEX_POINT('',#8740);
#8743=CARTESIAN_POINT('',(2.426E-1,1.5E-1,1.25E-1));
#8744=CARTESIAN_POINT('',(2.426E-1,1.53E-1,1.25E-1));
#8745=VERTEX_POINT('',#8743);
#8746=VERTEX_POINT('',#8744);
#8747=CARTESIAN_POINT('',(3.29E-1,-1.68E-1,-5.5E-2));
#8748=CARTESIAN_POINT('',(3.29E-1,-1.58E-1,-5.5E-2));
#8749=VERTEX_POINT('',#8747);
#8750=VERTEX_POINT('',#8748);
#8751=CARTESIAN_POINT('',(2.46E-1,-1.68E-1,-5.5E-2));
#8752=CARTESIAN_POINT('',(2.46E-1,-1.58E-1,-5.5E-2));
#8753=VERTEX_POINT('',#8751);
#8754=VERTEX_POINT('',#8752);
#8755=CARTESIAN_POINT('',(3.29E-1,-1.58E-1,1.25E-1));
#8756=VERTEX_POINT('',#8755);
#8757=CARTESIAN_POINT('',(2.46E-1,-1.58E-1,1.25E-1));
#8758=VERTEX_POINT('',#8757);
#8759=CARTESIAN_POINT('',(3.46E-1,-1.68E-1,-1.275E-1));
#8760=CARTESIAN_POINT('',(3.46E-1,-1.68E-1,-1.525E-1));
#8761=VERTEX_POINT('',#8759);
#8762=VERTEX_POINT('',#8760);
#8763=CARTESIAN_POINT('',(3.46E-1,-1.68E-1,-2.275E-1));
#8764=CARTESIAN_POINT('',(3.46E-1,-1.68E-1,-2.525E-1));
#8765=VERTEX_POINT('',#8763);
#8766=VERTEX_POINT('',#8764);
#8767=CARTESIAN_POINT('',(3.46E-1,-1.68E-1,-3.275E-1));
#8768=CARTESIAN_POINT('',(3.46E-1,-1.68E-1,-3.525E-1));
#8769=VERTEX_POINT('',#8767);
#8770=VERTEX_POINT('',#8768);
#8771=CARTESIAN_POINT('',(3.46E-1,-1.68E-1,-4.275E-1));
#8772=CARTESIAN_POINT('',(3.46E-1,-1.68E-1,-4.525E-1));
#8773=VERTEX_POINT('',#8771);
#8774=VERTEX_POINT('',#8772);
#8775=CARTESIAN_POINT('',(2.29E-1,-1.68E-1,-1.275E-1));
#8776=CARTESIAN_POINT('',(2.29E-1,-1.68E-1,-1.525E-1));
#8777=VERTEX_POINT('',#8775);
#8778=VERTEX_POINT('',#8776);
#8779=CARTESIAN_POINT('',(2.29E-1,-1.68E-1,-2.275E-1));
#8780=CARTESIAN_POINT('',(2.29E-1,-1.68E-1,-2.525E-1));
#8781=VERTEX_POINT('',#8779);
#8782=VERTEX_POINT('',#8780);
#8783=CARTESIAN_POINT('',(2.29E-1,-1.68E-1,-3.275E-1));
#8784=CARTESIAN_POINT('',(2.29E-1,-1.68E-1,-3.525E-1));
#8785=VERTEX_POINT('',#8783);
#8786=VERTEX_POINT('',#8784);
#8787=CARTESIAN_POINT('',(2.29E-1,-1.68E-1,-4.275E-1));
#8788=CARTESIAN_POINT('',(2.29E-1,-1.68E-1,-4.525E-1));
#8789=VERTEX_POINT('',#8787);
#8790=VERTEX_POINT('',#8788);
#8791=CARTESIAN_POINT('',(5.96E-1,-3.43E-1,-4.525E-1));
#8792=CARTESIAN_POINT('',(5.79E-1,-3.43E-1,-4.525E-1));
#8793=VERTEX_POINT('',#8791);
#8794=VERTEX_POINT('',#8792);
#8795=CARTESIAN_POINT('',(4.79E-1,-3.43E-1,-4.525E-1));
#8796=CARTESIAN_POINT('',(4.96E-1,-3.43E-1,-4.525E-1));
#8797=VERTEX_POINT('',#8795);
#8798=VERTEX_POINT('',#8796);
#8799=CARTESIAN_POINT('',(5.96E-1,-3.43E-1,-4.275E-1));
#8800=VERTEX_POINT('',#8799);
#8801=CARTESIAN_POINT('',(5.96E-1,-3.43E-1,-3.525E-1));
#8802=CARTESIAN_POINT('',(5.96E-1,-3.43E-1,-3.275E-1));
#8803=VERTEX_POINT('',#8801);
#8804=VERTEX_POINT('',#8802);
#8805=CARTESIAN_POINT('',(5.96E-1,-3.43E-1,-2.525E-1));
#8806=CARTESIAN_POINT('',(5.96E-1,-3.43E-1,-2.275E-1));
#8807=VERTEX_POINT('',#8805);
#8808=VERTEX_POINT('',#8806);
#8809=CARTESIAN_POINT('',(5.96E-1,-3.43E-1,-1.525E-1));
#8810=CARTESIAN_POINT('',(5.96E-1,-3.43E-1,-1.275E-1));
#8811=VERTEX_POINT('',#8809);
#8812=VERTEX_POINT('',#8810);
#8813=CARTESIAN_POINT('',(4.79E-1,-3.43E-1,-4.275E-1));
#8814=VERTEX_POINT('',#8813);
#8815=CARTESIAN_POINT('',(4.79E-1,-3.43E-1,-3.525E-1));
#8816=CARTESIAN_POINT('',(4.79E-1,-3.43E-1,-3.275E-1));
#8817=VERTEX_POINT('',#8815);
#8818=VERTEX_POINT('',#8816);
#8819=CARTESIAN_POINT('',(4.79E-1,-3.43E-1,-2.525E-1));
#8820=CARTESIAN_POINT('',(4.79E-1,-3.43E-1,-2.275E-1));
#8821=VERTEX_POINT('',#8819);
#8822=VERTEX_POINT('',#8820);
#8823=CARTESIAN_POINT('',(4.79E-1,-3.43E-1,-1.525E-1));
#8824=CARTESIAN_POINT('',(4.79E-1,-3.43E-1,-1.275E-1));
#8825=VERTEX_POINT('',#8823);
#8826=VERTEX_POINT('',#8824);
#8827=CARTESIAN_POINT('',(5.79E-1,-3.43E-1,-4.275E-1));
#8828=VERTEX_POINT('',#8827);
#8829=CARTESIAN_POINT('',(5.79E-1,-3.43E-1,-3.525E-1));
#8830=CARTESIAN_POINT('',(5.79E-1,-3.43E-1,-3.275E-1));
#8831=VERTEX_POINT('',#8829);
#8832=VERTEX_POINT('',#8830);
#8833=CARTESIAN_POINT('',(5.79E-1,-3.43E-1,-2.525E-1));
#8834=CARTESIAN_POINT('',(5.79E-1,-3.43E-1,-2.275E-1));
#8835=VERTEX_POINT('',#8833);
#8836=VERTEX_POINT('',#8834);
#8837=CARTESIAN_POINT('',(5.79E-1,-3.43E-1,-1.525E-1));
#8838=CARTESIAN_POINT('',(5.79E-1,-3.43E-1,-1.275E-1));
#8839=VERTEX_POINT('',#8837);
#8840=VERTEX_POINT('',#8838);
#8841=CARTESIAN_POINT('',(4.96E-1,-3.43E-1,-4.275E-1));
#8842=VERTEX_POINT('',#8841);
#8843=CARTESIAN_POINT('',(4.96E-1,-3.43E-1,-3.525E-1));
#8844=CARTESIAN_POINT('',(4.96E-1,-3.43E-1,-3.275E-1));
#8845=VERTEX_POINT('',#8843);
#8846=VERTEX_POINT('',#8844);
#8847=CARTESIAN_POINT('',(4.96E-1,-3.43E-1,-2.525E-1));
#8848=CARTESIAN_POINT('',(4.96E-1,-3.43E-1,-2.275E-1));
#8849=VERTEX_POINT('',#8847);
#8850=VERTEX_POINT('',#8848);
#8851=CARTESIAN_POINT('',(4.96E-1,-3.43E-1,-1.525E-1));
#8852=CARTESIAN_POINT('',(4.96E-1,-3.43E-1,-1.275E-1));
#8853=VERTEX_POINT('',#8851);
#8854=VERTEX_POINT('',#8852);
#8855=CARTESIAN_POINT('',(5.96E-1,1.042E-1,4.6E-1));
#8856=CARTESIAN_POINT('',(5.96E-1,-1.018E-1,4.6E-1));
#8857=VERTEX_POINT('',#8855);
#8858=VERTEX_POINT('',#8856);
#8859=CARTESIAN_POINT('',(5.79E-1,1.5E-1,1.25E-1));
#8860=CARTESIAN_POINT('',(5.79E-1,1.042E-1,4.6E-1));
#8861=VERTEX_POINT('',#8859);
#8862=VERTEX_POINT('',#8860);
#8863=CARTESIAN_POINT('',(5.79E-1,-1.018E-1,4.6E-1));
#8864=VERTEX_POINT('',#8863);
#8865=CARTESIAN_POINT('',(5.79E-1,-1.476E-1,1.25E-1));
#8866=VERTEX_POINT('',#8865);
#8867=CARTESIAN_POINT('',(5.79E-1,1.53E-1,-4.525E-1));
#8868=CARTESIAN_POINT('',(5.79E-1,1.53E-1,1.25E-1));
#8869=VERTEX_POINT('',#8867);
#8870=VERTEX_POINT('',#8868);
#8871=CARTESIAN_POINT('',(4.96E-1,1.53E-1,-4.525E-1));
#8872=CARTESIAN_POINT('',(4.96E-1,1.53E-1,1.25E-1));
#8873=VERTEX_POINT('',#8871);
#8874=VERTEX_POINT('',#8872);
#8875=CARTESIAN_POINT('',(4.79E-1,-1.018E-1,4.6E-1));
#8876=CARTESIAN_POINT('',(4.79E-1,1.042E-1,4.6E-1));
#8877=VERTEX_POINT('',#8875);
#8878=VERTEX_POINT('',#8876);
#8879=CARTESIAN_POINT('',(4.96E-1,-1.476E-1,1.25E-1));
#8880=CARTESIAN_POINT('',(4.96E-1,-1.018E-1,4.6E-1));
#8881=VERTEX_POINT('',#8879);
#8882=VERTEX_POINT('',#8880);
#8883=CARTESIAN_POINT('',(4.96E-1,1.042E-1,4.6E-1));
#8884=VERTEX_POINT('',#8883);
#8885=CARTESIAN_POINT('',(4.96E-1,1.5E-1,1.25E-1));
#8886=VERTEX_POINT('',#8885);
#8887=CARTESIAN_POINT('',(5.79E-1,-1.68E-1,-2.275E-1));
#8888=CARTESIAN_POINT('',(5.79E-1,-1.68E-1,-1.525E-1));
#8889=VERTEX_POINT('',#8887);
#8890=VERTEX_POINT('',#8888);
#8891=CARTESIAN_POINT('',(5.79E-1,-1.68E-1,-3.275E-1));
#8892=CARTESIAN_POINT('',(5.79E-1,-1.68E-1,-2.525E-1));
#8893=VERTEX_POINT('',#8891);
#8894=VERTEX_POINT('',#8892);
#8895=CARTESIAN_POINT('',(5.79E-1,-1.68E-1,-4.275E-1));
#8896=CARTESIAN_POINT('',(5.79E-1,-1.68E-1,-3.525E-1));
#8897=VERTEX_POINT('',#8895);
#8898=VERTEX_POINT('',#8896);
#8899=CARTESIAN_POINT('',(4.96E-1,-1.68E-1,-2.275E-1));
#8900=CARTESIAN_POINT('',(4.96E-1,-1.68E-1,-1.525E-1));
#8901=VERTEX_POINT('',#8899);
#8902=VERTEX_POINT('',#8900);
#8903=CARTESIAN_POINT('',(4.96E-1,-1.68E-1,-3.275E-1));
#8904=CARTESIAN_POINT('',(4.96E-1,-1.68E-1,-2.525E-1));
#8905=VERTEX_POINT('',#8903);
#8906=VERTEX_POINT('',#8904);
#8907=CARTESIAN_POINT('',(4.96E-1,-1.68E-1,-4.275E-1));
#8908=CARTESIAN_POINT('',(4.96E-1,-1.68E-1,-3.525E-1));
#8909=VERTEX_POINT('',#8907);
#8910=VERTEX_POINT('',#8908);
#8911=CARTESIAN_POINT('',(5.79E-1,-1.68E-1,-1.275E-1));
#8912=VERTEX_POINT('',#8911);
#8913=CARTESIAN_POINT('',(4.96E-1,-1.68E-1,-1.275E-1));
#8914=VERTEX_POINT('',#8913);
#8915=CARTESIAN_POINT('',(5.96E-1,-1.455492537313E-1,1.4E-1));
#8916=CARTESIAN_POINT('',(5.96E-1,1.479492537313E-1,1.4E-1));
#8917=VERTEX_POINT('',#8915);
#8918=VERTEX_POINT('',#8916);
#8919=CARTESIAN_POINT('',(4.79E-1,-1.455492537313E-1,1.4E-1));
#8920=CARTESIAN_POINT('',(4.79E-1,1.479492537313E-1,1.4E-1));
#8921=VERTEX_POINT('',#8919);
#8922=VERTEX_POINT('',#8920);
#8923=CARTESIAN_POINT('',(5.824E-1,-1.455492537313E-1,1.4E-1));
#8924=VERTEX_POINT('',#8923);
#8925=CARTESIAN_POINT('',(5.824E-1,1.479492537313E-1,1.4E-1));
#8926=VERTEX_POINT('',#8925);
#8927=CARTESIAN_POINT('',(4.926E-1,-1.455492537313E-1,1.4E-1));
#8928=VERTEX_POINT('',#8927);
#8929=CARTESIAN_POINT('',(4.926E-1,1.479492537313E-1,1.4E-1));
#8930=VERTEX_POINT('',#8929);
#8931=CARTESIAN_POINT('',(5.824E-1,-1.68E-1,-4.525E-1));
#8932=CARTESIAN_POINT('',(5.824E-1,1.53E-1,-4.525E-1));
#8933=VERTEX_POINT('',#8931);
#8934=VERTEX_POINT('',#8932);
#8935=CARTESIAN_POINT('',(5.824E-1,-1.58E-1,1.25E-1));
#8936=CARTESIAN_POINT('',(5.824E-1,-1.476E-1,1.25E-1));
#8937=VERTEX_POINT('',#8935);
#8938=VERTEX_POINT('',#8936);
#8939=CARTESIAN_POINT('',(5.824E-1,1.5E-1,1.25E-1));
#8940=CARTESIAN_POINT('',(5.824E-1,1.53E-1,1.25E-1));
#8941=VERTEX_POINT('',#8939);
#8942=VERTEX_POINT('',#8940);
#8943=CARTESIAN_POINT('',(4.926E-1,-1.68E-1,-4.525E-1));
#8944=CARTESIAN_POINT('',(4.926E-1,1.53E-1,-4.525E-1));
#8945=VERTEX_POINT('',#8943);
#8946=VERTEX_POINT('',#8944);
#8947=CARTESIAN_POINT('',(4.926E-1,-1.58E-1,1.25E-1));
#8948=CARTESIAN_POINT('',(4.926E-1,-1.476E-1,1.25E-1));
#8949=VERTEX_POINT('',#8947);
#8950=VERTEX_POINT('',#8948);
#8951=CARTESIAN_POINT('',(4.926E-1,1.5E-1,1.25E-1));
#8952=CARTESIAN_POINT('',(4.926E-1,1.53E-1,1.25E-1));
#8953=VERTEX_POINT('',#8951);
#8954=VERTEX_POINT('',#8952);
#8955=CARTESIAN_POINT('',(5.79E-1,-1.68E-1,-5.5E-2));
#8956=CARTESIAN_POINT('',(5.79E-1,-1.58E-1,-5.5E-2));
#8957=VERTEX_POINT('',#8955);
#8958=VERTEX_POINT('',#8956);
#8959=CARTESIAN_POINT('',(4.96E-1,-1.68E-1,-5.5E-2));
#8960=CARTESIAN_POINT('',(4.96E-1,-1.58E-1,-5.5E-2));
#8961=VERTEX_POINT('',#8959);
#8962=VERTEX_POINT('',#8960);
#8963=CARTESIAN_POINT('',(5.79E-1,-1.58E-1,1.25E-1));
#8964=VERTEX_POINT('',#8963);
#8965=CARTESIAN_POINT('',(4.96E-1,-1.58E-1,1.25E-1));
#8966=VERTEX_POINT('',#8965);
#8967=CARTESIAN_POINT('',(5.96E-1,-1.68E-1,-1.275E-1));
#8968=CARTESIAN_POINT('',(5.96E-1,-1.68E-1,-1.525E-1));
#8969=VERTEX_POINT('',#8967);
#8970=VERTEX_POINT('',#8968);
#8971=CARTESIAN_POINT('',(5.96E-1,-1.68E-1,-2.275E-1));
#8972=CARTESIAN_POINT('',(5.96E-1,-1.68E-1,-2.525E-1));
#8973=VERTEX_POINT('',#8971);
#8974=VERTEX_POINT('',#8972);
#8975=CARTESIAN_POINT('',(5.96E-1,-1.68E-1,-3.275E-1));
#8976=CARTESIAN_POINT('',(5.96E-1,-1.68E-1,-3.525E-1));
#8977=VERTEX_POINT('',#8975);
#8978=VERTEX_POINT('',#8976);
#8979=CARTESIAN_POINT('',(5.96E-1,-1.68E-1,-4.275E-1));
#8980=CARTESIAN_POINT('',(5.96E-1,-1.68E-1,-4.525E-1));
#8981=VERTEX_POINT('',#8979);
#8982=VERTEX_POINT('',#8980);
#8983=CARTESIAN_POINT('',(4.79E-1,-1.68E-1,-1.275E-1));
#8984=CARTESIAN_POINT('',(4.79E-1,-1.68E-1,-1.525E-1));
#8985=VERTEX_POINT('',#8983);
#8986=VERTEX_POINT('',#8984);
#8987=CARTESIAN_POINT('',(4.79E-1,-1.68E-1,-2.275E-1));
#8988=CARTESIAN_POINT('',(4.79E-1,-1.68E-1,-2.525E-1));
#8989=VERTEX_POINT('',#8987);
#8990=VERTEX_POINT('',#8988);
#8991=CARTESIAN_POINT('',(4.79E-1,-1.68E-1,-3.275E-1));
#8992=CARTESIAN_POINT('',(4.79E-1,-1.68E-1,-3.525E-1));
#8993=VERTEX_POINT('',#8991);
#8994=VERTEX_POINT('',#8992);
#8995=CARTESIAN_POINT('',(4.79E-1,-1.68E-1,-4.275E-1));
#8996=CARTESIAN_POINT('',(4.79E-1,-1.68E-1,-4.525E-1));
#8997=VERTEX_POINT('',#8995);
#8998=VERTEX_POINT('',#8996);
#8999=CARTESIAN_POINT('',(8.46E-1,-3.43E-1,-4.525E-1));
#9000=CARTESIAN_POINT('',(8.29E-1,-3.43E-1,-4.525E-1));
#9001=VERTEX_POINT('',#8999);
#9002=VERTEX_POINT('',#9000);
#9003=CARTESIAN_POINT('',(7.29E-1,-3.43E-1,-4.525E-1));
#9004=CARTESIAN_POINT('',(7.46E-1,-3.43E-1,-4.525E-1));
#9005=VERTEX_POINT('',#9003);
#9006=VERTEX_POINT('',#9004);
#9007=CARTESIAN_POINT('',(8.46E-1,-3.43E-1,-4.275E-1));
#9008=VERTEX_POINT('',#9007);
#9009=CARTESIAN_POINT('',(8.46E-1,-3.43E-1,-3.525E-1));
#9010=CARTESIAN_POINT('',(8.46E-1,-3.43E-1,-3.275E-1));
#9011=VERTEX_POINT('',#9009);
#9012=VERTEX_POINT('',#9010);
#9013=CARTESIAN_POINT('',(8.46E-1,-3.43E-1,-2.525E-1));
#9014=CARTESIAN_POINT('',(8.46E-1,-3.43E-1,-2.275E-1));
#9015=VERTEX_POINT('',#9013);
#9016=VERTEX_POINT('',#9014);
#9017=CARTESIAN_POINT('',(8.46E-1,-3.43E-1,-1.525E-1));
#9018=CARTESIAN_POINT('',(8.46E-1,-3.43E-1,-1.275E-1));
#9019=VERTEX_POINT('',#9017);
#9020=VERTEX_POINT('',#9018);
#9021=CARTESIAN_POINT('',(7.29E-1,-3.43E-1,-4.275E-1));
#9022=VERTEX_POINT('',#9021);
#9023=CARTESIAN_POINT('',(7.29E-1,-3.43E-1,-3.525E-1));
#9024=CARTESIAN_POINT('',(7.29E-1,-3.43E-1,-3.275E-1));
#9025=VERTEX_POINT('',#9023);
#9026=VERTEX_POINT('',#9024);
#9027=CARTESIAN_POINT('',(7.29E-1,-3.43E-1,-2.525E-1));
#9028=CARTESIAN_POINT('',(7.29E-1,-3.43E-1,-2.275E-1));
#9029=VERTEX_POINT('',#9027);
#9030=VERTEX_POINT('',#9028);
#9031=CARTESIAN_POINT('',(7.29E-1,-3.43E-1,-1.525E-1));
#9032=CARTESIAN_POINT('',(7.29E-1,-3.43E-1,-1.275E-1));
#9033=VERTEX_POINT('',#9031);
#9034=VERTEX_POINT('',#9032);
#9035=CARTESIAN_POINT('',(8.29E-1,-3.43E-1,-4.275E-1));
#9036=VERTEX_POINT('',#9035);
#9037=CARTESIAN_POINT('',(8.29E-1,-3.43E-1,-3.525E-1));
#9038=CARTESIAN_POINT('',(8.29E-1,-3.43E-1,-3.275E-1));
#9039=VERTEX_POINT('',#9037);
#9040=VERTEX_POINT('',#9038);
#9041=CARTESIAN_POINT('',(8.29E-1,-3.43E-1,-2.525E-1));
#9042=CARTESIAN_POINT('',(8.29E-1,-3.43E-1,-2.275E-1));
#9043=VERTEX_POINT('',#9041);
#9044=VERTEX_POINT('',#9042);
#9045=CARTESIAN_POINT('',(8.29E-1,-3.43E-1,-1.525E-1));
#9046=CARTESIAN_POINT('',(8.29E-1,-3.43E-1,-1.275E-1));
#9047=VERTEX_POINT('',#9045);
#9048=VERTEX_POINT('',#9046);
#9049=CARTESIAN_POINT('',(7.46E-1,-3.43E-1,-4.275E-1));
#9050=VERTEX_POINT('',#9049);
#9051=CARTESIAN_POINT('',(7.46E-1,-3.43E-1,-3.525E-1));
#9052=CARTESIAN_POINT('',(7.46E-1,-3.43E-1,-3.275E-1));
#9053=VERTEX_POINT('',#9051);
#9054=VERTEX_POINT('',#9052);
#9055=CARTESIAN_POINT('',(7.46E-1,-3.43E-1,-2.525E-1));
#9056=CARTESIAN_POINT('',(7.46E-1,-3.43E-1,-2.275E-1));
#9057=VERTEX_POINT('',#9055);
#9058=VERTEX_POINT('',#9056);
#9059=CARTESIAN_POINT('',(7.46E-1,-3.43E-1,-1.525E-1));
#9060=CARTESIAN_POINT('',(7.46E-1,-3.43E-1,-1.275E-1));
#9061=VERTEX_POINT('',#9059);
#9062=VERTEX_POINT('',#9060);
#9063=CARTESIAN_POINT('',(8.46E-1,1.042E-1,4.6E-1));
#9064=CARTESIAN_POINT('',(8.46E-1,-1.018E-1,4.6E-1));
#9065=VERTEX_POINT('',#9063);
#9066=VERTEX_POINT('',#9064);
#9067=CARTESIAN_POINT('',(8.29E-1,1.5E-1,1.25E-1));
#9068=CARTESIAN_POINT('',(8.29E-1,1.042E-1,4.6E-1));
#9069=VERTEX_POINT('',#9067);
#9070=VERTEX_POINT('',#9068);
#9071=CARTESIAN_POINT('',(8.29E-1,-1.018E-1,4.6E-1));
#9072=VERTEX_POINT('',#9071);
#9073=CARTESIAN_POINT('',(8.29E-1,-1.476E-1,1.25E-1));
#9074=VERTEX_POINT('',#9073);
#9075=CARTESIAN_POINT('',(8.29E-1,1.53E-1,-4.525E-1));
#9076=CARTESIAN_POINT('',(8.29E-1,1.53E-1,1.25E-1));
#9077=VERTEX_POINT('',#9075);
#9078=VERTEX_POINT('',#9076);
#9079=CARTESIAN_POINT('',(7.46E-1,1.53E-1,-4.525E-1));
#9080=CARTESIAN_POINT('',(7.46E-1,1.53E-1,1.25E-1));
#9081=VERTEX_POINT('',#9079);
#9082=VERTEX_POINT('',#9080);
#9083=CARTESIAN_POINT('',(7.29E-1,-1.018E-1,4.6E-1));
#9084=CARTESIAN_POINT('',(7.29E-1,1.042E-1,4.6E-1));
#9085=VERTEX_POINT('',#9083);
#9086=VERTEX_POINT('',#9084);
#9087=CARTESIAN_POINT('',(7.46E-1,-1.476E-1,1.25E-1));
#9088=CARTESIAN_POINT('',(7.46E-1,-1.018E-1,4.6E-1));
#9089=VERTEX_POINT('',#9087);
#9090=VERTEX_POINT('',#9088);
#9091=CARTESIAN_POINT('',(7.46E-1,1.042E-1,4.6E-1));
#9092=VERTEX_POINT('',#9091);
#9093=CARTESIAN_POINT('',(7.46E-1,1.5E-1,1.25E-1));
#9094=VERTEX_POINT('',#9093);
#9095=CARTESIAN_POINT('',(8.29E-1,-1.68E-1,-2.275E-1));
#9096=CARTESIAN_POINT('',(8.29E-1,-1.68E-1,-1.525E-1));
#9097=VERTEX_POINT('',#9095);
#9098=VERTEX_POINT('',#9096);
#9099=CARTESIAN_POINT('',(8.29E-1,-1.68E-1,-3.275E-1));
#9100=CARTESIAN_POINT('',(8.29E-1,-1.68E-1,-2.525E-1));
#9101=VERTEX_POINT('',#9099);
#9102=VERTEX_POINT('',#9100);
#9103=CARTESIAN_POINT('',(8.29E-1,-1.68E-1,-4.275E-1));
#9104=CARTESIAN_POINT('',(8.29E-1,-1.68E-1,-3.525E-1));
#9105=VERTEX_POINT('',#9103);
#9106=VERTEX_POINT('',#9104);
#9107=CARTESIAN_POINT('',(7.46E-1,-1.68E-1,-2.275E-1));
#9108=CARTESIAN_POINT('',(7.46E-1,-1.68E-1,-1.525E-1));
#9109=VERTEX_POINT('',#9107);
#9110=VERTEX_POINT('',#9108);
#9111=CARTESIAN_POINT('',(7.46E-1,-1.68E-1,-3.275E-1));
#9112=CARTESIAN_POINT('',(7.46E-1,-1.68E-1,-2.525E-1));
#9113=VERTEX_POINT('',#9111);
#9114=VERTEX_POINT('',#9112);
#9115=CARTESIAN_POINT('',(7.46E-1,-1.68E-1,-4.275E-1));
#9116=CARTESIAN_POINT('',(7.46E-1,-1.68E-1,-3.525E-1));
#9117=VERTEX_POINT('',#9115);
#9118=VERTEX_POINT('',#9116);
#9119=CARTESIAN_POINT('',(8.29E-1,-1.68E-1,-1.275E-1));
#9120=VERTEX_POINT('',#9119);
#9121=CARTESIAN_POINT('',(7.46E-1,-1.68E-1,-1.275E-1));
#9122=VERTEX_POINT('',#9121);
#9123=CARTESIAN_POINT('',(8.46E-1,-1.455492537313E-1,1.4E-1));
#9124=CARTESIAN_POINT('',(8.46E-1,1.479492537313E-1,1.4E-1));
#9125=VERTEX_POINT('',#9123);
#9126=VERTEX_POINT('',#9124);
#9127=CARTESIAN_POINT('',(7.29E-1,-1.455492537313E-1,1.4E-1));
#9128=CARTESIAN_POINT('',(7.29E-1,1.479492537313E-1,1.4E-1));
#9129=VERTEX_POINT('',#9127);
#9130=VERTEX_POINT('',#9128);
#9131=CARTESIAN_POINT('',(8.324E-1,-1.455492537313E-1,1.4E-1));
#9132=VERTEX_POINT('',#9131);
#9133=CARTESIAN_POINT('',(8.324E-1,1.479492537313E-1,1.4E-1));
#9134=VERTEX_POINT('',#9133);
#9135=CARTESIAN_POINT('',(7.426E-1,-1.455492537313E-1,1.4E-1));
#9136=VERTEX_POINT('',#9135);
#9137=CARTESIAN_POINT('',(7.426E-1,1.479492537313E-1,1.4E-1));
#9138=VERTEX_POINT('',#9137);
#9139=CARTESIAN_POINT('',(8.324E-1,-1.68E-1,-4.525E-1));
#9140=CARTESIAN_POINT('',(8.324E-1,1.53E-1,-4.525E-1));
#9141=VERTEX_POINT('',#9139);
#9142=VERTEX_POINT('',#9140);
#9143=CARTESIAN_POINT('',(8.324E-1,-1.58E-1,1.25E-1));
#9144=CARTESIAN_POINT('',(8.324E-1,-1.476E-1,1.25E-1));
#9145=VERTEX_POINT('',#9143);
#9146=VERTEX_POINT('',#9144);
#9147=CARTESIAN_POINT('',(8.324E-1,1.5E-1,1.25E-1));
#9148=CARTESIAN_POINT('',(8.324E-1,1.53E-1,1.25E-1));
#9149=VERTEX_POINT('',#9147);
#9150=VERTEX_POINT('',#9148);
#9151=CARTESIAN_POINT('',(7.426E-1,-1.68E-1,-4.525E-1));
#9152=CARTESIAN_POINT('',(7.426E-1,1.53E-1,-4.525E-1));
#9153=VERTEX_POINT('',#9151);
#9154=VERTEX_POINT('',#9152);
#9155=CARTESIAN_POINT('',(7.426E-1,-1.58E-1,1.25E-1));
#9156=CARTESIAN_POINT('',(7.426E-1,-1.476E-1,1.25E-1));
#9157=VERTEX_POINT('',#9155);
#9158=VERTEX_POINT('',#9156);
#9159=CARTESIAN_POINT('',(7.426E-1,1.5E-1,1.25E-1));
#9160=CARTESIAN_POINT('',(7.426E-1,1.53E-1,1.25E-1));
#9161=VERTEX_POINT('',#9159);
#9162=VERTEX_POINT('',#9160);
#9163=CARTESIAN_POINT('',(8.29E-1,-1.68E-1,-5.5E-2));
#9164=CARTESIAN_POINT('',(8.29E-1,-1.58E-1,-5.5E-2));
#9165=VERTEX_POINT('',#9163);
#9166=VERTEX_POINT('',#9164);
#9167=CARTESIAN_POINT('',(7.46E-1,-1.68E-1,-5.5E-2));
#9168=CARTESIAN_POINT('',(7.46E-1,-1.58E-1,-5.5E-2));
#9169=VERTEX_POINT('',#9167);
#9170=VERTEX_POINT('',#9168);
#9171=CARTESIAN_POINT('',(8.29E-1,-1.58E-1,1.25E-1));
#9172=VERTEX_POINT('',#9171);
#9173=CARTESIAN_POINT('',(7.46E-1,-1.58E-1,1.25E-1));
#9174=VERTEX_POINT('',#9173);
#9175=CARTESIAN_POINT('',(8.46E-1,-1.68E-1,-1.275E-1));
#9176=CARTESIAN_POINT('',(8.46E-1,-1.68E-1,-1.525E-1));
#9177=VERTEX_POINT('',#9175);
#9178=VERTEX_POINT('',#9176);
#9179=CARTESIAN_POINT('',(8.46E-1,-1.68E-1,-2.275E-1));
#9180=CARTESIAN_POINT('',(8.46E-1,-1.68E-1,-2.525E-1));
#9181=VERTEX_POINT('',#9179);
#9182=VERTEX_POINT('',#9180);
#9183=CARTESIAN_POINT('',(8.46E-1,-1.68E-1,-3.275E-1));
#9184=CARTESIAN_POINT('',(8.46E-1,-1.68E-1,-3.525E-1));
#9185=VERTEX_POINT('',#9183);
#9186=VERTEX_POINT('',#9184);
#9187=CARTESIAN_POINT('',(8.46E-1,-1.68E-1,-4.275E-1));
#9188=CARTESIAN_POINT('',(8.46E-1,-1.68E-1,-4.525E-1));
#9189=VERTEX_POINT('',#9187);
#9190=VERTEX_POINT('',#9188);
#9191=CARTESIAN_POINT('',(7.29E-1,-1.68E-1,-1.275E-1));
#9192=CARTESIAN_POINT('',(7.29E-1,-1.68E-1,-1.525E-1));
#9193=VERTEX_POINT('',#9191);
#9194=VERTEX_POINT('',#9192);
#9195=CARTESIAN_POINT('',(7.29E-1,-1.68E-1,-2.275E-1));
#9196=CARTESIAN_POINT('',(7.29E-1,-1.68E-1,-2.525E-1));
#9197=VERTEX_POINT('',#9195);
#9198=VERTEX_POINT('',#9196);
#9199=CARTESIAN_POINT('',(7.29E-1,-1.68E-1,-3.275E-1));
#9200=CARTESIAN_POINT('',(7.29E-1,-1.68E-1,-3.525E-1));
#9201=VERTEX_POINT('',#9199);
#9202=VERTEX_POINT('',#9200);
#9203=CARTESIAN_POINT('',(7.29E-1,-1.68E-1,-4.275E-1));
#9204=CARTESIAN_POINT('',(7.29E-1,-1.68E-1,-4.525E-1));
#9205=VERTEX_POINT('',#9203);
#9206=VERTEX_POINT('',#9204);
#9207=CARTESIAN_POINT('',(1.096E0,-3.43E-1,-4.525E-1));
#9208=CARTESIAN_POINT('',(1.079E0,-3.43E-1,-4.525E-1));
#9209=VERTEX_POINT('',#9207);
#9210=VERTEX_POINT('',#9208);
#9211=CARTESIAN_POINT('',(9.79E-1,-3.43E-1,-4.525E-1));
#9212=CARTESIAN_POINT('',(9.96E-1,-3.43E-1,-4.525E-1));
#9213=VERTEX_POINT('',#9211);
#9214=VERTEX_POINT('',#9212);
#9215=CARTESIAN_POINT('',(1.096E0,-3.43E-1,-4.275E-1));
#9216=VERTEX_POINT('',#9215);
#9217=CARTESIAN_POINT('',(1.096E0,-3.43E-1,-3.525E-1));
#9218=CARTESIAN_POINT('',(1.096E0,-3.43E-1,-3.275E-1));
#9219=VERTEX_POINT('',#9217);
#9220=VERTEX_POINT('',#9218);
#9221=CARTESIAN_POINT('',(1.096E0,-3.43E-1,-2.525E-1));
#9222=CARTESIAN_POINT('',(1.096E0,-3.43E-1,-2.275E-1));
#9223=VERTEX_POINT('',#9221);
#9224=VERTEX_POINT('',#9222);
#9225=CARTESIAN_POINT('',(1.096E0,-3.43E-1,-1.525E-1));
#9226=CARTESIAN_POINT('',(1.096E0,-3.43E-1,-1.275E-1));
#9227=VERTEX_POINT('',#9225);
#9228=VERTEX_POINT('',#9226);
#9229=CARTESIAN_POINT('',(9.79E-1,-3.43E-1,-4.275E-1));
#9230=VERTEX_POINT('',#9229);
#9231=CARTESIAN_POINT('',(9.79E-1,-3.43E-1,-3.525E-1));
#9232=CARTESIAN_POINT('',(9.79E-1,-3.43E-1,-3.275E-1));
#9233=VERTEX_POINT('',#9231);
#9234=VERTEX_POINT('',#9232);
#9235=CARTESIAN_POINT('',(9.79E-1,-3.43E-1,-2.525E-1));
#9236=CARTESIAN_POINT('',(9.79E-1,-3.43E-1,-2.275E-1));
#9237=VERTEX_POINT('',#9235);
#9238=VERTEX_POINT('',#9236);
#9239=CARTESIAN_POINT('',(9.79E-1,-3.43E-1,-1.525E-1));
#9240=CARTESIAN_POINT('',(9.79E-1,-3.43E-1,-1.275E-1));
#9241=VERTEX_POINT('',#9239);
#9242=VERTEX_POINT('',#9240);
#9243=CARTESIAN_POINT('',(1.079E0,-3.43E-1,-4.275E-1));
#9244=VERTEX_POINT('',#9243);
#9245=CARTESIAN_POINT('',(1.079E0,-3.43E-1,-3.525E-1));
#9246=CARTESIAN_POINT('',(1.079E0,-3.43E-1,-3.275E-1));
#9247=VERTEX_POINT('',#9245);
#9248=VERTEX_POINT('',#9246);
#9249=CARTESIAN_POINT('',(1.079E0,-3.43E-1,-2.525E-1));
#9250=CARTESIAN_POINT('',(1.079E0,-3.43E-1,-2.275E-1));
#9251=VERTEX_POINT('',#9249);
#9252=VERTEX_POINT('',#9250);
#9253=CARTESIAN_POINT('',(1.079E0,-3.43E-1,-1.525E-1));
#9254=CARTESIAN_POINT('',(1.079E0,-3.43E-1,-1.275E-1));
#9255=VERTEX_POINT('',#9253);
#9256=VERTEX_POINT('',#9254);
#9257=CARTESIAN_POINT('',(9.96E-1,-3.43E-1,-4.275E-1));
#9258=VERTEX_POINT('',#9257);
#9259=CARTESIAN_POINT('',(9.96E-1,-3.43E-1,-3.525E-1));
#9260=CARTESIAN_POINT('',(9.96E-1,-3.43E-1,-3.275E-1));
#9261=VERTEX_POINT('',#9259);
#9262=VERTEX_POINT('',#9260);
#9263=CARTESIAN_POINT('',(9.96E-1,-3.43E-1,-2.525E-1));
#9264=CARTESIAN_POINT('',(9.96E-1,-3.43E-1,-2.275E-1));
#9265=VERTEX_POINT('',#9263);
#9266=VERTEX_POINT('',#9264);
#9267=CARTESIAN_POINT('',(9.96E-1,-3.43E-1,-1.525E-1));
#9268=CARTESIAN_POINT('',(9.96E-1,-3.43E-1,-1.275E-1));
#9269=VERTEX_POINT('',#9267);
#9270=VERTEX_POINT('',#9268);
#9271=CARTESIAN_POINT('',(1.096E0,1.042E-1,4.6E-1));
#9272=CARTESIAN_POINT('',(1.096E0,-1.018E-1,4.6E-1));
#9273=VERTEX_POINT('',#9271);
#9274=VERTEX_POINT('',#9272);
#9275=CARTESIAN_POINT('',(1.079E0,1.5E-1,1.25E-1));
#9276=CARTESIAN_POINT('',(1.079E0,1.042E-1,4.6E-1));
#9277=VERTEX_POINT('',#9275);
#9278=VERTEX_POINT('',#9276);
#9279=CARTESIAN_POINT('',(1.079E0,-1.018E-1,4.6E-1));
#9280=VERTEX_POINT('',#9279);
#9281=CARTESIAN_POINT('',(1.079E0,-1.476E-1,1.25E-1));
#9282=VERTEX_POINT('',#9281);
#9283=CARTESIAN_POINT('',(1.079E0,1.53E-1,-4.525E-1));
#9284=CARTESIAN_POINT('',(1.079E0,1.53E-1,1.25E-1));
#9285=VERTEX_POINT('',#9283);
#9286=VERTEX_POINT('',#9284);
#9287=CARTESIAN_POINT('',(9.96E-1,1.53E-1,-4.525E-1));
#9288=CARTESIAN_POINT('',(9.96E-1,1.53E-1,1.25E-1));
#9289=VERTEX_POINT('',#9287);
#9290=VERTEX_POINT('',#9288);
#9291=CARTESIAN_POINT('',(9.79E-1,-1.018E-1,4.6E-1));
#9292=CARTESIAN_POINT('',(9.79E-1,1.042E-1,4.6E-1));
#9293=VERTEX_POINT('',#9291);
#9294=VERTEX_POINT('',#9292);
#9295=CARTESIAN_POINT('',(9.96E-1,-1.476E-1,1.25E-1));
#9296=CARTESIAN_POINT('',(9.96E-1,-1.018E-1,4.6E-1));
#9297=VERTEX_POINT('',#9295);
#9298=VERTEX_POINT('',#9296);
#9299=CARTESIAN_POINT('',(9.96E-1,1.042E-1,4.6E-1));
#9300=VERTEX_POINT('',#9299);
#9301=CARTESIAN_POINT('',(9.96E-1,1.5E-1,1.25E-1));
#9302=VERTEX_POINT('',#9301);
#9303=CARTESIAN_POINT('',(1.079E0,-1.68E-1,-2.275E-1));
#9304=CARTESIAN_POINT('',(1.079E0,-1.68E-1,-1.525E-1));
#9305=VERTEX_POINT('',#9303);
#9306=VERTEX_POINT('',#9304);
#9307=CARTESIAN_POINT('',(1.079E0,-1.68E-1,-3.275E-1));
#9308=CARTESIAN_POINT('',(1.079E0,-1.68E-1,-2.525E-1));
#9309=VERTEX_POINT('',#9307);
#9310=VERTEX_POINT('',#9308);
#9311=CARTESIAN_POINT('',(1.079E0,-1.68E-1,-4.275E-1));
#9312=CARTESIAN_POINT('',(1.079E0,-1.68E-1,-3.525E-1));
#9313=VERTEX_POINT('',#9311);
#9314=VERTEX_POINT('',#9312);
#9315=CARTESIAN_POINT('',(9.96E-1,-1.68E-1,-2.275E-1));
#9316=CARTESIAN_POINT('',(9.96E-1,-1.68E-1,-1.525E-1));
#9317=VERTEX_POINT('',#9315);
#9318=VERTEX_POINT('',#9316);
#9319=CARTESIAN_POINT('',(9.96E-1,-1.68E-1,-3.275E-1));
#9320=CARTESIAN_POINT('',(9.96E-1,-1.68E-1,-2.525E-1));
#9321=VERTEX_POINT('',#9319);
#9322=VERTEX_POINT('',#9320);
#9323=CARTESIAN_POINT('',(9.96E-1,-1.68E-1,-4.275E-1));
#9324=CARTESIAN_POINT('',(9.96E-1,-1.68E-1,-3.525E-1));
#9325=VERTEX_POINT('',#9323);
#9326=VERTEX_POINT('',#9324);
#9327=CARTESIAN_POINT('',(1.079E0,-1.68E-1,-1.275E-1));
#9328=VERTEX_POINT('',#9327);
#9329=CARTESIAN_POINT('',(9.96E-1,-1.68E-1,-1.275E-1));
#9330=VERTEX_POINT('',#9329);
#9331=CARTESIAN_POINT('',(1.096E0,-1.455492537313E-1,1.4E-1));
#9332=CARTESIAN_POINT('',(1.096E0,1.479492537313E-1,1.4E-1));
#9333=VERTEX_POINT('',#9331);
#9334=VERTEX_POINT('',#9332);
#9335=CARTESIAN_POINT('',(9.79E-1,-1.455492537313E-1,1.4E-1));
#9336=CARTESIAN_POINT('',(9.79E-1,1.479492537313E-1,1.4E-1));
#9337=VERTEX_POINT('',#9335);
#9338=VERTEX_POINT('',#9336);
#9339=CARTESIAN_POINT('',(1.0824E0,-1.455492537313E-1,1.4E-1));
#9340=VERTEX_POINT('',#9339);
#9341=CARTESIAN_POINT('',(1.0824E0,1.479492537313E-1,1.4E-1));
#9342=VERTEX_POINT('',#9341);
#9343=CARTESIAN_POINT('',(9.926E-1,-1.455492537313E-1,1.4E-1));
#9344=VERTEX_POINT('',#9343);
#9345=CARTESIAN_POINT('',(9.926E-1,1.479492537313E-1,1.4E-1));
#9346=VERTEX_POINT('',#9345);
#9347=CARTESIAN_POINT('',(1.0824E0,-1.68E-1,-4.525E-1));
#9348=CARTESIAN_POINT('',(1.0824E0,1.53E-1,-4.525E-1));
#9349=VERTEX_POINT('',#9347);
#9350=VERTEX_POINT('',#9348);
#9351=CARTESIAN_POINT('',(1.0824E0,-1.58E-1,1.25E-1));
#9352=CARTESIAN_POINT('',(1.0824E0,-1.476E-1,1.25E-1));
#9353=VERTEX_POINT('',#9351);
#9354=VERTEX_POINT('',#9352);
#9355=CARTESIAN_POINT('',(1.0824E0,1.5E-1,1.25E-1));
#9356=CARTESIAN_POINT('',(1.0824E0,1.53E-1,1.25E-1));
#9357=VERTEX_POINT('',#9355);
#9358=VERTEX_POINT('',#9356);
#9359=CARTESIAN_POINT('',(9.926E-1,-1.68E-1,-4.525E-1));
#9360=CARTESIAN_POINT('',(9.926E-1,1.53E-1,-4.525E-1));
#9361=VERTEX_POINT('',#9359);
#9362=VERTEX_POINT('',#9360);
#9363=CARTESIAN_POINT('',(9.926E-1,-1.58E-1,1.25E-1));
#9364=CARTESIAN_POINT('',(9.926E-1,-1.476E-1,1.25E-1));
#9365=VERTEX_POINT('',#9363);
#9366=VERTEX_POINT('',#9364);
#9367=CARTESIAN_POINT('',(9.926E-1,1.5E-1,1.25E-1));
#9368=CARTESIAN_POINT('',(9.926E-1,1.53E-1,1.25E-1));
#9369=VERTEX_POINT('',#9367);
#9370=VERTEX_POINT('',#9368);
#9371=CARTESIAN_POINT('',(1.079E0,-1.68E-1,-5.5E-2));
#9372=CARTESIAN_POINT('',(1.079E0,-1.58E-1,-5.5E-2));
#9373=VERTEX_POINT('',#9371);
#9374=VERTEX_POINT('',#9372);
#9375=CARTESIAN_POINT('',(9.96E-1,-1.68E-1,-5.5E-2));
#9376=CARTESIAN_POINT('',(9.96E-1,-1.58E-1,-5.5E-2));
#9377=VERTEX_POINT('',#9375);
#9378=VERTEX_POINT('',#9376);
#9379=CARTESIAN_POINT('',(1.079E0,-1.58E-1,1.25E-1));
#9380=VERTEX_POINT('',#9379);
#9381=CARTESIAN_POINT('',(9.96E-1,-1.58E-1,1.25E-1));
#9382=VERTEX_POINT('',#9381);
#9383=CARTESIAN_POINT('',(1.096E0,-1.68E-1,-1.275E-1));
#9384=CARTESIAN_POINT('',(1.096E0,-1.68E-1,-1.525E-1));
#9385=VERTEX_POINT('',#9383);
#9386=VERTEX_POINT('',#9384);
#9387=CARTESIAN_POINT('',(1.096E0,-1.68E-1,-2.275E-1));
#9388=CARTESIAN_POINT('',(1.096E0,-1.68E-1,-2.525E-1));
#9389=VERTEX_POINT('',#9387);
#9390=VERTEX_POINT('',#9388);
#9391=CARTESIAN_POINT('',(1.096E0,-1.68E-1,-3.275E-1));
#9392=CARTESIAN_POINT('',(1.096E0,-1.68E-1,-3.525E-1));
#9393=VERTEX_POINT('',#9391);
#9394=VERTEX_POINT('',#9392);
#9395=CARTESIAN_POINT('',(1.096E0,-1.68E-1,-4.275E-1));
#9396=CARTESIAN_POINT('',(1.096E0,-1.68E-1,-4.525E-1));
#9397=VERTEX_POINT('',#9395);
#9398=VERTEX_POINT('',#9396);
#9399=CARTESIAN_POINT('',(9.79E-1,-1.68E-1,-1.275E-1));
#9400=CARTESIAN_POINT('',(9.79E-1,-1.68E-1,-1.525E-1));
#9401=VERTEX_POINT('',#9399);
#9402=VERTEX_POINT('',#9400);
#9403=CARTESIAN_POINT('',(9.79E-1,-1.68E-1,-2.275E-1));
#9404=CARTESIAN_POINT('',(9.79E-1,-1.68E-1,-2.525E-1));
#9405=VERTEX_POINT('',#9403);
#9406=VERTEX_POINT('',#9404);
#9407=CARTESIAN_POINT('',(9.79E-1,-1.68E-1,-3.275E-1));
#9408=CARTESIAN_POINT('',(9.79E-1,-1.68E-1,-3.525E-1));
#9409=VERTEX_POINT('',#9407);
#9410=VERTEX_POINT('',#9408);
#9411=CARTESIAN_POINT('',(9.79E-1,-1.68E-1,-4.275E-1));
#9412=CARTESIAN_POINT('',(9.79E-1,-1.68E-1,-4.525E-1));
#9413=VERTEX_POINT('',#9411);
#9414=VERTEX_POINT('',#9412);
#9415=CARTESIAN_POINT('',(1.346E0,-3.43E-1,-4.525E-1));
#9416=CARTESIAN_POINT('',(1.329E0,-3.43E-1,-4.525E-1));
#9417=VERTEX_POINT('',#9415);
#9418=VERTEX_POINT('',#9416);
#9419=CARTESIAN_POINT('',(1.229E0,-3.43E-1,-4.525E-1));
#9420=CARTESIAN_POINT('',(1.246E0,-3.43E-1,-4.525E-1));
#9421=VERTEX_POINT('',#9419);
#9422=VERTEX_POINT('',#9420);
#9423=CARTESIAN_POINT('',(1.346E0,-3.43E-1,-4.275E-1));
#9424=VERTEX_POINT('',#9423);
#9425=CARTESIAN_POINT('',(1.346E0,-3.43E-1,-3.525E-1));
#9426=CARTESIAN_POINT('',(1.346E0,-3.43E-1,-3.275E-1));
#9427=VERTEX_POINT('',#9425);
#9428=VERTEX_POINT('',#9426);
#9429=CARTESIAN_POINT('',(1.346E0,-3.43E-1,-2.525E-1));
#9430=CARTESIAN_POINT('',(1.346E0,-3.43E-1,-2.275E-1));
#9431=VERTEX_POINT('',#9429);
#9432=VERTEX_POINT('',#9430);
#9433=CARTESIAN_POINT('',(1.346E0,-3.43E-1,-1.525E-1));
#9434=CARTESIAN_POINT('',(1.346E0,-3.43E-1,-1.275E-1));
#9435=VERTEX_POINT('',#9433);
#9436=VERTEX_POINT('',#9434);
#9437=CARTESIAN_POINT('',(1.229E0,-3.43E-1,-4.275E-1));
#9438=VERTEX_POINT('',#9437);
#9439=CARTESIAN_POINT('',(1.229E0,-3.43E-1,-3.525E-1));
#9440=CARTESIAN_POINT('',(1.229E0,-3.43E-1,-3.275E-1));
#9441=VERTEX_POINT('',#9439);
#9442=VERTEX_POINT('',#9440);
#9443=CARTESIAN_POINT('',(1.229E0,-3.43E-1,-2.525E-1));
#9444=CARTESIAN_POINT('',(1.229E0,-3.43E-1,-2.275E-1));
#9445=VERTEX_POINT('',#9443);
#9446=VERTEX_POINT('',#9444);
#9447=CARTESIAN_POINT('',(1.229E0,-3.43E-1,-1.525E-1));
#9448=CARTESIAN_POINT('',(1.229E0,-3.43E-1,-1.275E-1));
#9449=VERTEX_POINT('',#9447);
#9450=VERTEX_POINT('',#9448);
#9451=CARTESIAN_POINT('',(1.329E0,-3.43E-1,-4.275E-1));
#9452=VERTEX_POINT('',#9451);
#9453=CARTESIAN_POINT('',(1.329E0,-3.43E-1,-3.525E-1));
#9454=CARTESIAN_POINT('',(1.329E0,-3.43E-1,-3.275E-1));
#9455=VERTEX_POINT('',#9453);
#9456=VERTEX_POINT('',#9454);
#9457=CARTESIAN_POINT('',(1.329E0,-3.43E-1,-2.525E-1));
#9458=CARTESIAN_POINT('',(1.329E0,-3.43E-1,-2.275E-1));
#9459=VERTEX_POINT('',#9457);
#9460=VERTEX_POINT('',#9458);
#9461=CARTESIAN_POINT('',(1.329E0,-3.43E-1,-1.525E-1));
#9462=CARTESIAN_POINT('',(1.329E0,-3.43E-1,-1.275E-1));
#9463=VERTEX_POINT('',#9461);
#9464=VERTEX_POINT('',#9462);
#9465=CARTESIAN_POINT('',(1.246E0,-3.43E-1,-4.275E-1));
#9466=VERTEX_POINT('',#9465);
#9467=CARTESIAN_POINT('',(1.246E0,-3.43E-1,-3.525E-1));
#9468=CARTESIAN_POINT('',(1.246E0,-3.43E-1,-3.275E-1));
#9469=VERTEX_POINT('',#9467);
#9470=VERTEX_POINT('',#9468);
#9471=CARTESIAN_POINT('',(1.246E0,-3.43E-1,-2.525E-1));
#9472=CARTESIAN_POINT('',(1.246E0,-3.43E-1,-2.275E-1));
#9473=VERTEX_POINT('',#9471);
#9474=VERTEX_POINT('',#9472);
#9475=CARTESIAN_POINT('',(1.246E0,-3.43E-1,-1.525E-1));
#9476=CARTESIAN_POINT('',(1.246E0,-3.43E-1,-1.275E-1));
#9477=VERTEX_POINT('',#9475);
#9478=VERTEX_POINT('',#9476);
#9479=CARTESIAN_POINT('',(1.346E0,1.042E-1,4.6E-1));
#9480=CARTESIAN_POINT('',(1.346E0,-1.018E-1,4.6E-1));
#9481=VERTEX_POINT('',#9479);
#9482=VERTEX_POINT('',#9480);
#9483=CARTESIAN_POINT('',(1.329E0,1.5E-1,1.25E-1));
#9484=CARTESIAN_POINT('',(1.329E0,1.042E-1,4.6E-1));
#9485=VERTEX_POINT('',#9483);
#9486=VERTEX_POINT('',#9484);
#9487=CARTESIAN_POINT('',(1.329E0,-1.018E-1,4.6E-1));
#9488=VERTEX_POINT('',#9487);
#9489=CARTESIAN_POINT('',(1.329E0,-1.476E-1,1.25E-1));
#9490=VERTEX_POINT('',#9489);
#9491=CARTESIAN_POINT('',(1.329E0,1.53E-1,-4.525E-1));
#9492=CARTESIAN_POINT('',(1.329E0,1.53E-1,1.25E-1));
#9493=VERTEX_POINT('',#9491);
#9494=VERTEX_POINT('',#9492);
#9495=CARTESIAN_POINT('',(1.246E0,1.53E-1,-4.525E-1));
#9496=CARTESIAN_POINT('',(1.246E0,1.53E-1,1.25E-1));
#9497=VERTEX_POINT('',#9495);
#9498=VERTEX_POINT('',#9496);
#9499=CARTESIAN_POINT('',(1.229E0,-1.018E-1,4.6E-1));
#9500=CARTESIAN_POINT('',(1.229E0,1.042E-1,4.6E-1));
#9501=VERTEX_POINT('',#9499);
#9502=VERTEX_POINT('',#9500);
#9503=CARTESIAN_POINT('',(1.246E0,-1.476E-1,1.25E-1));
#9504=CARTESIAN_POINT('',(1.246E0,-1.018E-1,4.6E-1));
#9505=VERTEX_POINT('',#9503);
#9506=VERTEX_POINT('',#9504);
#9507=CARTESIAN_POINT('',(1.246E0,1.042E-1,4.6E-1));
#9508=VERTEX_POINT('',#9507);
#9509=CARTESIAN_POINT('',(1.246E0,1.5E-1,1.25E-1));
#9510=VERTEX_POINT('',#9509);
#9511=CARTESIAN_POINT('',(1.329E0,-1.68E-1,-2.275E-1));
#9512=CARTESIAN_POINT('',(1.329E0,-1.68E-1,-1.525E-1));
#9513=VERTEX_POINT('',#9511);
#9514=VERTEX_POINT('',#9512);
#9515=CARTESIAN_POINT('',(1.329E0,-1.68E-1,-3.275E-1));
#9516=CARTESIAN_POINT('',(1.329E0,-1.68E-1,-2.525E-1));
#9517=VERTEX_POINT('',#9515);
#9518=VERTEX_POINT('',#9516);
#9519=CARTESIAN_POINT('',(1.329E0,-1.68E-1,-4.275E-1));
#9520=CARTESIAN_POINT('',(1.329E0,-1.68E-1,-3.525E-1));
#9521=VERTEX_POINT('',#9519);
#9522=VERTEX_POINT('',#9520);
#9523=CARTESIAN_POINT('',(1.246E0,-1.68E-1,-2.275E-1));
#9524=CARTESIAN_POINT('',(1.246E0,-1.68E-1,-1.525E-1));
#9525=VERTEX_POINT('',#9523);
#9526=VERTEX_POINT('',#9524);
#9527=CARTESIAN_POINT('',(1.246E0,-1.68E-1,-3.275E-1));
#9528=CARTESIAN_POINT('',(1.246E0,-1.68E-1,-2.525E-1));
#9529=VERTEX_POINT('',#9527);
#9530=VERTEX_POINT('',#9528);
#9531=CARTESIAN_POINT('',(1.246E0,-1.68E-1,-4.275E-1));
#9532=CARTESIAN_POINT('',(1.246E0,-1.68E-1,-3.525E-1));
#9533=VERTEX_POINT('',#9531);
#9534=VERTEX_POINT('',#9532);
#9535=CARTESIAN_POINT('',(1.329E0,-1.68E-1,-1.275E-1));
#9536=VERTEX_POINT('',#9535);
#9537=CARTESIAN_POINT('',(1.246E0,-1.68E-1,-1.275E-1));
#9538=VERTEX_POINT('',#9537);
#9539=CARTESIAN_POINT('',(1.346E0,-1.455492537313E-1,1.4E-1));
#9540=CARTESIAN_POINT('',(1.346E0,1.479492537313E-1,1.4E-1));
#9541=VERTEX_POINT('',#9539);
#9542=VERTEX_POINT('',#9540);
#9543=CARTESIAN_POINT('',(1.229E0,-1.455492537313E-1,1.4E-1));
#9544=CARTESIAN_POINT('',(1.229E0,1.479492537313E-1,1.4E-1));
#9545=VERTEX_POINT('',#9543);
#9546=VERTEX_POINT('',#9544);
#9547=CARTESIAN_POINT('',(1.3324E0,-1.455492537313E-1,1.4E-1));
#9548=VERTEX_POINT('',#9547);
#9549=CARTESIAN_POINT('',(1.3324E0,1.479492537313E-1,1.4E-1));
#9550=VERTEX_POINT('',#9549);
#9551=CARTESIAN_POINT('',(1.2426E0,-1.455492537313E-1,1.4E-1));
#9552=VERTEX_POINT('',#9551);
#9553=CARTESIAN_POINT('',(1.2426E0,1.479492537313E-1,1.4E-1));
#9554=VERTEX_POINT('',#9553);
#9555=CARTESIAN_POINT('',(1.3324E0,-1.68E-1,-4.525E-1));
#9556=CARTESIAN_POINT('',(1.3324E0,1.53E-1,-4.525E-1));
#9557=VERTEX_POINT('',#9555);
#9558=VERTEX_POINT('',#9556);
#9559=CARTESIAN_POINT('',(1.3324E0,-1.58E-1,1.25E-1));
#9560=CARTESIAN_POINT('',(1.3324E0,-1.476E-1,1.25E-1));
#9561=VERTEX_POINT('',#9559);
#9562=VERTEX_POINT('',#9560);
#9563=CARTESIAN_POINT('',(1.3324E0,1.5E-1,1.25E-1));
#9564=CARTESIAN_POINT('',(1.3324E0,1.53E-1,1.25E-1));
#9565=VERTEX_POINT('',#9563);
#9566=VERTEX_POINT('',#9564);
#9567=CARTESIAN_POINT('',(1.2426E0,-1.68E-1,-4.525E-1));
#9568=CARTESIAN_POINT('',(1.2426E0,1.53E-1,-4.525E-1));
#9569=VERTEX_POINT('',#9567);
#9570=VERTEX_POINT('',#9568);
#9571=CARTESIAN_POINT('',(1.2426E0,-1.58E-1,1.25E-1));
#9572=CARTESIAN_POINT('',(1.2426E0,-1.476E-1,1.25E-1));
#9573=VERTEX_POINT('',#9571);
#9574=VERTEX_POINT('',#9572);
#9575=CARTESIAN_POINT('',(1.2426E0,1.5E-1,1.25E-1));
#9576=CARTESIAN_POINT('',(1.2426E0,1.53E-1,1.25E-1));
#9577=VERTEX_POINT('',#9575);
#9578=VERTEX_POINT('',#9576);
#9579=CARTESIAN_POINT('',(1.329E0,-1.68E-1,-5.5E-2));
#9580=CARTESIAN_POINT('',(1.329E0,-1.58E-1,-5.5E-2));
#9581=VERTEX_POINT('',#9579);
#9582=VERTEX_POINT('',#9580);
#9583=CARTESIAN_POINT('',(1.246E0,-1.68E-1,-5.5E-2));
#9584=CARTESIAN_POINT('',(1.246E0,-1.58E-1,-5.5E-2));
#9585=VERTEX_POINT('',#9583);
#9586=VERTEX_POINT('',#9584);
#9587=CARTESIAN_POINT('',(1.329E0,-1.58E-1,1.25E-1));
#9588=VERTEX_POINT('',#9587);
#9589=CARTESIAN_POINT('',(1.246E0,-1.58E-1,1.25E-1));
#9590=VERTEX_POINT('',#9589);
#9591=CARTESIAN_POINT('',(1.346E0,-1.68E-1,-1.275E-1));
#9592=CARTESIAN_POINT('',(1.346E0,-1.68E-1,-1.525E-1));
#9593=VERTEX_POINT('',#9591);
#9594=VERTEX_POINT('',#9592);
#9595=CARTESIAN_POINT('',(1.346E0,-1.68E-1,-2.275E-1));
#9596=CARTESIAN_POINT('',(1.346E0,-1.68E-1,-2.525E-1));
#9597=VERTEX_POINT('',#9595);
#9598=VERTEX_POINT('',#9596);
#9599=CARTESIAN_POINT('',(1.346E0,-1.68E-1,-3.275E-1));
#9600=CARTESIAN_POINT('',(1.346E0,-1.68E-1,-3.525E-1));
#9601=VERTEX_POINT('',#9599);
#9602=VERTEX_POINT('',#9600);
#9603=CARTESIAN_POINT('',(1.346E0,-1.68E-1,-4.275E-1));
#9604=CARTESIAN_POINT('',(1.346E0,-1.68E-1,-4.525E-1));
#9605=VERTEX_POINT('',#9603);
#9606=VERTEX_POINT('',#9604);
#9607=CARTESIAN_POINT('',(1.229E0,-1.68E-1,-1.275E-1));
#9608=CARTESIAN_POINT('',(1.229E0,-1.68E-1,-1.525E-1));
#9609=VERTEX_POINT('',#9607);
#9610=VERTEX_POINT('',#9608);
#9611=CARTESIAN_POINT('',(1.229E0,-1.68E-1,-2.275E-1));
#9612=CARTESIAN_POINT('',(1.229E0,-1.68E-1,-2.525E-1));
#9613=VERTEX_POINT('',#9611);
#9614=VERTEX_POINT('',#9612);
#9615=CARTESIAN_POINT('',(1.229E0,-1.68E-1,-3.275E-1));
#9616=CARTESIAN_POINT('',(1.229E0,-1.68E-1,-3.525E-1));
#9617=VERTEX_POINT('',#9615);
#9618=VERTEX_POINT('',#9616);
#9619=CARTESIAN_POINT('',(1.229E0,-1.68E-1,-4.275E-1));
#9620=CARTESIAN_POINT('',(1.229E0,-1.68E-1,-4.525E-1));
#9621=VERTEX_POINT('',#9619);
#9622=VERTEX_POINT('',#9620);
#9623=CARTESIAN_POINT('',(1.596E0,-3.43E-1,-4.525E-1));
#9624=CARTESIAN_POINT('',(1.579E0,-3.43E-1,-4.525E-1));
#9625=VERTEX_POINT('',#9623);
#9626=VERTEX_POINT('',#9624);
#9627=CARTESIAN_POINT('',(1.479E0,-3.43E-1,-4.525E-1));
#9628=CARTESIAN_POINT('',(1.496E0,-3.43E-1,-4.525E-1));
#9629=VERTEX_POINT('',#9627);
#9630=VERTEX_POINT('',#9628);
#9631=CARTESIAN_POINT('',(1.596E0,-3.43E-1,-4.275E-1));
#9632=VERTEX_POINT('',#9631);
#9633=CARTESIAN_POINT('',(1.596E0,-3.43E-1,-3.525E-1));
#9634=CARTESIAN_POINT('',(1.596E0,-3.43E-1,-3.275E-1));
#9635=VERTEX_POINT('',#9633);
#9636=VERTEX_POINT('',#9634);
#9637=CARTESIAN_POINT('',(1.596E0,-3.43E-1,-2.525E-1));
#9638=CARTESIAN_POINT('',(1.596E0,-3.43E-1,-2.275E-1));
#9639=VERTEX_POINT('',#9637);
#9640=VERTEX_POINT('',#9638);
#9641=CARTESIAN_POINT('',(1.596E0,-3.43E-1,-1.525E-1));
#9642=CARTESIAN_POINT('',(1.596E0,-3.43E-1,-1.275E-1));
#9643=VERTEX_POINT('',#9641);
#9644=VERTEX_POINT('',#9642);
#9645=CARTESIAN_POINT('',(1.479E0,-3.43E-1,-4.275E-1));
#9646=VERTEX_POINT('',#9645);
#9647=CARTESIAN_POINT('',(1.479E0,-3.43E-1,-3.525E-1));
#9648=CARTESIAN_POINT('',(1.479E0,-3.43E-1,-3.275E-1));
#9649=VERTEX_POINT('',#9647);
#9650=VERTEX_POINT('',#9648);
#9651=CARTESIAN_POINT('',(1.479E0,-3.43E-1,-2.525E-1));
#9652=CARTESIAN_POINT('',(1.479E0,-3.43E-1,-2.275E-1));
#9653=VERTEX_POINT('',#9651);
#9654=VERTEX_POINT('',#9652);
#9655=CARTESIAN_POINT('',(1.479E0,-3.43E-1,-1.525E-1));
#9656=CARTESIAN_POINT('',(1.479E0,-3.43E-1,-1.275E-1));
#9657=VERTEX_POINT('',#9655);
#9658=VERTEX_POINT('',#9656);
#9659=CARTESIAN_POINT('',(1.579E0,-3.43E-1,-4.275E-1));
#9660=VERTEX_POINT('',#9659);
#9661=CARTESIAN_POINT('',(1.579E0,-3.43E-1,-3.525E-1));
#9662=CARTESIAN_POINT('',(1.579E0,-3.43E-1,-3.275E-1));
#9663=VERTEX_POINT('',#9661);
#9664=VERTEX_POINT('',#9662);
#9665=CARTESIAN_POINT('',(1.579E0,-3.43E-1,-2.525E-1));
#9666=CARTESIAN_POINT('',(1.579E0,-3.43E-1,-2.275E-1));
#9667=VERTEX_POINT('',#9665);
#9668=VERTEX_POINT('',#9666);
#9669=CARTESIAN_POINT('',(1.579E0,-3.43E-1,-1.525E-1));
#9670=CARTESIAN_POINT('',(1.579E0,-3.43E-1,-1.275E-1));
#9671=VERTEX_POINT('',#9669);
#9672=VERTEX_POINT('',#9670);
#9673=CARTESIAN_POINT('',(1.496E0,-3.43E-1,-4.275E-1));
#9674=VERTEX_POINT('',#9673);
#9675=CARTESIAN_POINT('',(1.496E0,-3.43E-1,-3.525E-1));
#9676=CARTESIAN_POINT('',(1.496E0,-3.43E-1,-3.275E-1));
#9677=VERTEX_POINT('',#9675);
#9678=VERTEX_POINT('',#9676);
#9679=CARTESIAN_POINT('',(1.496E0,-3.43E-1,-2.525E-1));
#9680=CARTESIAN_POINT('',(1.496E0,-3.43E-1,-2.275E-1));
#9681=VERTEX_POINT('',#9679);
#9682=VERTEX_POINT('',#9680);
#9683=CARTESIAN_POINT('',(1.496E0,-3.43E-1,-1.525E-1));
#9684=CARTESIAN_POINT('',(1.496E0,-3.43E-1,-1.275E-1));
#9685=VERTEX_POINT('',#9683);
#9686=VERTEX_POINT('',#9684);
#9687=CARTESIAN_POINT('',(1.596E0,1.042E-1,4.6E-1));
#9688=CARTESIAN_POINT('',(1.596E0,-1.018E-1,4.6E-1));
#9689=VERTEX_POINT('',#9687);
#9690=VERTEX_POINT('',#9688);
#9691=CARTESIAN_POINT('',(1.579E0,1.5E-1,1.25E-1));
#9692=CARTESIAN_POINT('',(1.579E0,1.042E-1,4.6E-1));
#9693=VERTEX_POINT('',#9691);
#9694=VERTEX_POINT('',#9692);
#9695=CARTESIAN_POINT('',(1.579E0,-1.018E-1,4.6E-1));
#9696=VERTEX_POINT('',#9695);
#9697=CARTESIAN_POINT('',(1.579E0,-1.476E-1,1.25E-1));
#9698=VERTEX_POINT('',#9697);
#9699=CARTESIAN_POINT('',(1.579E0,1.53E-1,-4.525E-1));
#9700=CARTESIAN_POINT('',(1.579E0,1.53E-1,1.25E-1));
#9701=VERTEX_POINT('',#9699);
#9702=VERTEX_POINT('',#9700);
#9703=CARTESIAN_POINT('',(1.496E0,1.53E-1,-4.525E-1));
#9704=CARTESIAN_POINT('',(1.496E0,1.53E-1,1.25E-1));
#9705=VERTEX_POINT('',#9703);
#9706=VERTEX_POINT('',#9704);
#9707=CARTESIAN_POINT('',(1.479E0,-1.018E-1,4.6E-1));
#9708=CARTESIAN_POINT('',(1.479E0,1.042E-1,4.6E-1));
#9709=VERTEX_POINT('',#9707);
#9710=VERTEX_POINT('',#9708);
#9711=CARTESIAN_POINT('',(1.496E0,-1.476E-1,1.25E-1));
#9712=CARTESIAN_POINT('',(1.496E0,-1.018E-1,4.6E-1));
#9713=VERTEX_POINT('',#9711);
#9714=VERTEX_POINT('',#9712);
#9715=CARTESIAN_POINT('',(1.496E0,1.042E-1,4.6E-1));
#9716=VERTEX_POINT('',#9715);
#9717=CARTESIAN_POINT('',(1.496E0,1.5E-1,1.25E-1));
#9718=VERTEX_POINT('',#9717);
#9719=CARTESIAN_POINT('',(1.579E0,-1.68E-1,-2.275E-1));
#9720=CARTESIAN_POINT('',(1.579E0,-1.68E-1,-1.525E-1));
#9721=VERTEX_POINT('',#9719);
#9722=VERTEX_POINT('',#9720);
#9723=CARTESIAN_POINT('',(1.579E0,-1.68E-1,-3.275E-1));
#9724=CARTESIAN_POINT('',(1.579E0,-1.68E-1,-2.525E-1));
#9725=VERTEX_POINT('',#9723);
#9726=VERTEX_POINT('',#9724);
#9727=CARTESIAN_POINT('',(1.579E0,-1.68E-1,-4.275E-1));
#9728=CARTESIAN_POINT('',(1.579E0,-1.68E-1,-3.525E-1));
#9729=VERTEX_POINT('',#9727);
#9730=VERTEX_POINT('',#9728);
#9731=CARTESIAN_POINT('',(1.496E0,-1.68E-1,-2.275E-1));
#9732=CARTESIAN_POINT('',(1.496E0,-1.68E-1,-1.525E-1));
#9733=VERTEX_POINT('',#9731);
#9734=VERTEX_POINT('',#9732);
#9735=CARTESIAN_POINT('',(1.496E0,-1.68E-1,-3.275E-1));
#9736=CARTESIAN_POINT('',(1.496E0,-1.68E-1,-2.525E-1));
#9737=VERTEX_POINT('',#9735);
#9738=VERTEX_POINT('',#9736);
#9739=CARTESIAN_POINT('',(1.496E0,-1.68E-1,-4.275E-1));
#9740=CARTESIAN_POINT('',(1.496E0,-1.68E-1,-3.525E-1));
#9741=VERTEX_POINT('',#9739);
#9742=VERTEX_POINT('',#9740);
#9743=CARTESIAN_POINT('',(1.579E0,-1.68E-1,-1.275E-1));
#9744=VERTEX_POINT('',#9743);
#9745=CARTESIAN_POINT('',(1.496E0,-1.68E-1,-1.275E-1));
#9746=VERTEX_POINT('',#9745);
#9747=CARTESIAN_POINT('',(1.596E0,-1.455492537313E-1,1.4E-1));
#9748=CARTESIAN_POINT('',(1.596E0,1.479492537313E-1,1.4E-1));
#9749=VERTEX_POINT('',#9747);
#9750=VERTEX_POINT('',#9748);
#9751=CARTESIAN_POINT('',(1.479E0,-1.455492537313E-1,1.4E-1));
#9752=CARTESIAN_POINT('',(1.479E0,1.479492537313E-1,1.4E-1));
#9753=VERTEX_POINT('',#9751);
#9754=VERTEX_POINT('',#9752);
#9755=CARTESIAN_POINT('',(1.5824E0,-1.455492537313E-1,1.4E-1));
#9756=VERTEX_POINT('',#9755);
#9757=CARTESIAN_POINT('',(1.5824E0,1.479492537313E-1,1.4E-1));
#9758=VERTEX_POINT('',#9757);
#9759=CARTESIAN_POINT('',(1.4926E0,-1.455492537313E-1,1.4E-1));
#9760=VERTEX_POINT('',#9759);
#9761=CARTESIAN_POINT('',(1.4926E0,1.479492537313E-1,1.4E-1));
#9762=VERTEX_POINT('',#9761);
#9763=CARTESIAN_POINT('',(1.5824E0,-1.68E-1,-4.525E-1));
#9764=CARTESIAN_POINT('',(1.5824E0,1.53E-1,-4.525E-1));
#9765=VERTEX_POINT('',#9763);
#9766=VERTEX_POINT('',#9764);
#9767=CARTESIAN_POINT('',(1.5824E0,-1.58E-1,1.25E-1));
#9768=CARTESIAN_POINT('',(1.5824E0,-1.476E-1,1.25E-1));
#9769=VERTEX_POINT('',#9767);
#9770=VERTEX_POINT('',#9768);
#9771=CARTESIAN_POINT('',(1.5824E0,1.5E-1,1.25E-1));
#9772=CARTESIAN_POINT('',(1.5824E0,1.53E-1,1.25E-1));
#9773=VERTEX_POINT('',#9771);
#9774=VERTEX_POINT('',#9772);
#9775=CARTESIAN_POINT('',(1.4926E0,-1.68E-1,-4.525E-1));
#9776=CARTESIAN_POINT('',(1.4926E0,1.53E-1,-4.525E-1));
#9777=VERTEX_POINT('',#9775);
#9778=VERTEX_POINT('',#9776);
#9779=CARTESIAN_POINT('',(1.4926E0,-1.58E-1,1.25E-1));
#9780=CARTESIAN_POINT('',(1.4926E0,-1.476E-1,1.25E-1));
#9781=VERTEX_POINT('',#9779);
#9782=VERTEX_POINT('',#9780);
#9783=CARTESIAN_POINT('',(1.4926E0,1.5E-1,1.25E-1));
#9784=CARTESIAN_POINT('',(1.4926E0,1.53E-1,1.25E-1));
#9785=VERTEX_POINT('',#9783);
#9786=VERTEX_POINT('',#9784);
#9787=CARTESIAN_POINT('',(1.579E0,-1.68E-1,-5.5E-2));
#9788=CARTESIAN_POINT('',(1.579E0,-1.58E-1,-5.5E-2));
#9789=VERTEX_POINT('',#9787);
#9790=VERTEX_POINT('',#9788);
#9791=CARTESIAN_POINT('',(1.496E0,-1.68E-1,-5.5E-2));
#9792=CARTESIAN_POINT('',(1.496E0,-1.58E-1,-5.5E-2));
#9793=VERTEX_POINT('',#9791);
#9794=VERTEX_POINT('',#9792);
#9795=CARTESIAN_POINT('',(1.579E0,-1.58E-1,1.25E-1));
#9796=VERTEX_POINT('',#9795);
#9797=CARTESIAN_POINT('',(1.496E0,-1.58E-1,1.25E-1));
#9798=VERTEX_POINT('',#9797);
#9799=CARTESIAN_POINT('',(1.596E0,-1.68E-1,-1.275E-1));
#9800=CARTESIAN_POINT('',(1.596E0,-1.68E-1,-1.525E-1));
#9801=VERTEX_POINT('',#9799);
#9802=VERTEX_POINT('',#9800);
#9803=CARTESIAN_POINT('',(1.596E0,-1.68E-1,-2.275E-1));
#9804=CARTESIAN_POINT('',(1.596E0,-1.68E-1,-2.525E-1));
#9805=VERTEX_POINT('',#9803);
#9806=VERTEX_POINT('',#9804);
#9807=CARTESIAN_POINT('',(1.596E0,-1.68E-1,-3.275E-1));
#9808=CARTESIAN_POINT('',(1.596E0,-1.68E-1,-3.525E-1));
#9809=VERTEX_POINT('',#9807);
#9810=VERTEX_POINT('',#9808);
#9811=CARTESIAN_POINT('',(1.596E0,-1.68E-1,-4.275E-1));
#9812=CARTESIAN_POINT('',(1.596E0,-1.68E-1,-4.525E-1));
#9813=VERTEX_POINT('',#9811);
#9814=VERTEX_POINT('',#9812);
#9815=CARTESIAN_POINT('',(1.479E0,-1.68E-1,-1.275E-1));
#9816=CARTESIAN_POINT('',(1.479E0,-1.68E-1,-1.525E-1));
#9817=VERTEX_POINT('',#9815);
#9818=VERTEX_POINT('',#9816);
#9819=CARTESIAN_POINT('',(1.479E0,-1.68E-1,-2.275E-1));
#9820=CARTESIAN_POINT('',(1.479E0,-1.68E-1,-2.525E-1));
#9821=VERTEX_POINT('',#9819);
#9822=VERTEX_POINT('',#9820);
#9823=CARTESIAN_POINT('',(1.479E0,-1.68E-1,-3.275E-1));
#9824=CARTESIAN_POINT('',(1.479E0,-1.68E-1,-3.525E-1));
#9825=VERTEX_POINT('',#9823);
#9826=VERTEX_POINT('',#9824);
#9827=CARTESIAN_POINT('',(1.479E0,-1.68E-1,-4.275E-1));
#9828=CARTESIAN_POINT('',(1.479E0,-1.68E-1,-4.525E-1));
#9829=VERTEX_POINT('',#9827);
#9830=VERTEX_POINT('',#9828);
#9831=CARTESIAN_POINT('',(1.7E0,-1.625E-1,-1.275E-1));
#9832=CARTESIAN_POINT('',(1.7E0,-3.43E-1,-1.275E-1));
#9833=VERTEX_POINT('',#9831);
#9834=VERTEX_POINT('',#9832);
#9835=CARTESIAN_POINT('',(1.7E0,-3.43E-1,-1.525E-1));
#9836=VERTEX_POINT('',#9835);
#9837=CARTESIAN_POINT('',(1.7E0,-1.375E-1,-1.525E-1));
#9838=VERTEX_POINT('',#9837);
#9839=CARTESIAN_POINT('',(1.7E0,-1.375E-1,4.1E-1));
#9840=CARTESIAN_POINT('',(1.7E0,-1.625E-1,4.1E-1));
#9841=VERTEX_POINT('',#9839);
#9842=VERTEX_POINT('',#9840);
#9843=CARTESIAN_POINT('',(1.725E0,-1.625E-1,-1.275E-1));
#9844=CARTESIAN_POINT('',(1.725E0,-3.43E-1,-1.275E-1));
#9845=VERTEX_POINT('',#9843);
#9846=VERTEX_POINT('',#9844);
#9847=CARTESIAN_POINT('',(1.725E0,-3.43E-1,-1.525E-1));
#9848=VERTEX_POINT('',#9847);
#9849=CARTESIAN_POINT('',(1.725E0,-1.375E-1,-1.525E-1));
#9850=VERTEX_POINT('',#9849);
#9851=CARTESIAN_POINT('',(1.725E0,-1.375E-1,4.1E-1));
#9852=CARTESIAN_POINT('',(1.725E0,-1.625E-1,4.1E-1));
#9853=VERTEX_POINT('',#9851);
#9854=VERTEX_POINT('',#9852);
#9855=CARTESIAN_POINT('',(1.7E0,-6.25E-2,-2.275E-1));
#9856=CARTESIAN_POINT('',(1.7E0,-3.43E-1,-2.275E-1));
#9857=VERTEX_POINT('',#9855);
#9858=VERTEX_POINT('',#9856);
#9859=CARTESIAN_POINT('',(1.7E0,-3.43E-1,-2.525E-1));
#9860=VERTEX_POINT('',#9859);
#9861=CARTESIAN_POINT('',(1.7E0,-3.75E-2,-2.525E-1));
#9862=VERTEX_POINT('',#9861);
#9863=CARTESIAN_POINT('',(1.7E0,-3.75E-2,4.1E-1));
#9864=CARTESIAN_POINT('',(1.7E0,-6.25E-2,4.1E-1));
#9865=VERTEX_POINT('',#9863);
#9866=VERTEX_POINT('',#9864);
#9867=CARTESIAN_POINT('',(1.7E0,3.75E-2,-3.275E-1));
#9868=CARTESIAN_POINT('',(1.7E0,-3.43E-1,-3.275E-1));
#9869=VERTEX_POINT('',#9867);
#9870=VERTEX_POINT('',#9868);
#9871=CARTESIAN_POINT('',(1.7E0,-3.43E-1,-3.525E-1));
#9872=VERTEX_POINT('',#9871);
#9873=CARTESIAN_POINT('',(1.7E0,6.25E-2,-3.525E-1));
#9874=VERTEX_POINT('',#9873);
#9875=CARTESIAN_POINT('',(1.7E0,6.25E-2,4.1E-1));
#9876=CARTESIAN_POINT('',(1.7E0,3.75E-2,4.1E-1));
#9877=VERTEX_POINT('',#9875);
#9878=VERTEX_POINT('',#9876);
#9879=CARTESIAN_POINT('',(1.7E0,1.375E-1,-4.275E-1));
#9880=CARTESIAN_POINT('',(1.7E0,-3.43E-1,-4.275E-1));
#9881=VERTEX_POINT('',#9879);
#9882=VERTEX_POINT('',#9880);
#9883=CARTESIAN_POINT('',(1.7E0,-3.43E-1,-4.525E-1));
#9884=VERTEX_POINT('',#9883);
#9885=CARTESIAN_POINT('',(1.7E0,1.625E-1,-4.525E-1));
#9886=VERTEX_POINT('',#9885);
#9887=CARTESIAN_POINT('',(1.7E0,1.625E-1,4.1E-1));
#9888=CARTESIAN_POINT('',(1.7E0,1.375E-1,4.1E-1));
#9889=VERTEX_POINT('',#9887);
#9890=VERTEX_POINT('',#9888);
#9891=CARTESIAN_POINT('',(1.725E0,-6.25E-2,-2.275E-1));
#9892=CARTESIAN_POINT('',(1.725E0,-3.43E-1,-2.275E-1));
#9893=VERTEX_POINT('',#9891);
#9894=VERTEX_POINT('',#9892);
#9895=CARTESIAN_POINT('',(1.725E0,-3.43E-1,-2.525E-1));
#9896=VERTEX_POINT('',#9895);
#9897=CARTESIAN_POINT('',(1.725E0,-3.75E-2,-2.525E-1));
#9898=VERTEX_POINT('',#9897);
#9899=CARTESIAN_POINT('',(1.725E0,-3.75E-2,4.1E-1));
#9900=CARTESIAN_POINT('',(1.725E0,-6.25E-2,4.1E-1));
#9901=VERTEX_POINT('',#9899);
#9902=VERTEX_POINT('',#9900);
#9903=CARTESIAN_POINT('',(1.725E0,3.75E-2,-3.275E-1));
#9904=CARTESIAN_POINT('',(1.725E0,-3.43E-1,-3.275E-1));
#9905=VERTEX_POINT('',#9903);
#9906=VERTEX_POINT('',#9904);
#9907=CARTESIAN_POINT('',(1.725E0,-3.43E-1,-3.525E-1));
#9908=VERTEX_POINT('',#9907);
#9909=CARTESIAN_POINT('',(1.725E0,6.25E-2,-3.525E-1));
#9910=VERTEX_POINT('',#9909);
#9911=CARTESIAN_POINT('',(1.725E0,6.25E-2,4.1E-1));
#9912=CARTESIAN_POINT('',(1.725E0,3.75E-2,4.1E-1));
#9913=VERTEX_POINT('',#9911);
#9914=VERTEX_POINT('',#9912);
#9915=CARTESIAN_POINT('',(1.725E0,1.375E-1,-4.275E-1));
#9916=CARTESIAN_POINT('',(1.725E0,-3.43E-1,-4.275E-1));
#9917=VERTEX_POINT('',#9915);
#9918=VERTEX_POINT('',#9916);
#9919=CARTESIAN_POINT('',(1.725E0,-3.43E-1,-4.525E-1));
#9920=VERTEX_POINT('',#9919);
#9921=CARTESIAN_POINT('',(1.725E0,1.625E-1,-4.525E-1));
#9922=VERTEX_POINT('',#9921);
#9923=CARTESIAN_POINT('',(1.725E0,1.625E-1,4.1E-1));
#9924=CARTESIAN_POINT('',(1.725E0,1.375E-1,4.1E-1));
#9925=VERTEX_POINT('',#9923);
#9926=VERTEX_POINT('',#9924);
#9927=CARTESIAN_POINT('',(1.7E0,-1.625E-1,1.4E-1));
#9928=CARTESIAN_POINT('',(1.7E0,-1.375E-1,1.4E-1));
#9929=VERTEX_POINT('',#9927);
#9930=VERTEX_POINT('',#9928);
#9931=CARTESIAN_POINT('',(1.7E0,-6.25E-2,1.4E-1));
#9932=CARTESIAN_POINT('',(1.7E0,-3.75E-2,1.4E-1));
#9933=VERTEX_POINT('',#9931);
#9934=VERTEX_POINT('',#9932);
#9935=CARTESIAN_POINT('',(1.7E0,3.75E-2,1.4E-1));
#9936=CARTESIAN_POINT('',(1.7E0,6.25E-2,1.4E-1));
#9937=VERTEX_POINT('',#9935);
#9938=VERTEX_POINT('',#9936);
#9939=CARTESIAN_POINT('',(1.7E0,1.375E-1,1.4E-1));
#9940=CARTESIAN_POINT('',(1.7E0,1.625E-1,1.4E-1));
#9941=VERTEX_POINT('',#9939);
#9942=VERTEX_POINT('',#9940);
#9943=CARTESIAN_POINT('',(1.725E0,-1.625E-1,1.4E-1));
#9944=CARTESIAN_POINT('',(1.725E0,-1.375E-1,1.4E-1));
#9945=VERTEX_POINT('',#9943);
#9946=VERTEX_POINT('',#9944);
#9947=CARTESIAN_POINT('',(1.725E0,-6.25E-2,1.4E-1));
#9948=CARTESIAN_POINT('',(1.725E0,-3.75E-2,1.4E-1));
#9949=VERTEX_POINT('',#9947);
#9950=VERTEX_POINT('',#9948);
#9951=CARTESIAN_POINT('',(1.725E0,3.75E-2,1.4E-1));
#9952=CARTESIAN_POINT('',(1.725E0,6.25E-2,1.4E-1));
#9953=VERTEX_POINT('',#9951);
#9954=VERTEX_POINT('',#9952);
#9955=CARTESIAN_POINT('',(1.725E0,1.375E-1,1.4E-1));
#9956=CARTESIAN_POINT('',(1.725E0,1.625E-1,1.4E-1));
#9957=VERTEX_POINT('',#9955);
#9958=VERTEX_POINT('',#9956);
#9959=CARTESIAN_POINT('',(1.7E0,-1.625E-1,-4.7E-2));
#9960=CARTESIAN_POINT('',(1.7E0,-1.375E-1,-4.7E-2));
#9961=VERTEX_POINT('',#9959);
#9962=VERTEX_POINT('',#9960);
#9963=CARTESIAN_POINT('',(1.7E0,-6.25E-2,-4.7E-2));
#9964=CARTESIAN_POINT('',(1.7E0,-3.75E-2,-4.7E-2));
#9965=VERTEX_POINT('',#9963);
#9966=VERTEX_POINT('',#9964);
#9967=CARTESIAN_POINT('',(1.7E0,3.75E-2,-4.7E-2));
#9968=CARTESIAN_POINT('',(1.7E0,6.25E-2,-4.7E-2));
#9969=VERTEX_POINT('',#9967);
#9970=VERTEX_POINT('',#9968);
#9971=CARTESIAN_POINT('',(1.7E0,1.375E-1,-4.7E-2));
#9972=CARTESIAN_POINT('',(1.7E0,1.625E-1,-4.7E-2));
#9973=VERTEX_POINT('',#9971);
#9974=VERTEX_POINT('',#9972);
#9975=CARTESIAN_POINT('',(1.725E0,-1.625E-1,-4.7E-2));
#9976=CARTESIAN_POINT('',(1.725E0,-1.375E-1,-4.7E-2));
#9977=VERTEX_POINT('',#9975);
#9978=VERTEX_POINT('',#9976);
#9979=CARTESIAN_POINT('',(1.725E0,-6.25E-2,-4.7E-2));
#9980=CARTESIAN_POINT('',(1.725E0,-3.75E-2,-4.7E-2));
#9981=VERTEX_POINT('',#9979);
#9982=VERTEX_POINT('',#9980);
#9983=CARTESIAN_POINT('',(1.725E0,3.75E-2,-4.7E-2));
#9984=CARTESIAN_POINT('',(1.725E0,6.25E-2,-4.7E-2));
#9985=VERTEX_POINT('',#9983);
#9986=VERTEX_POINT('',#9984);
#9987=CARTESIAN_POINT('',(1.725E0,1.375E-1,-4.7E-2));
#9988=CARTESIAN_POINT('',(1.725E0,1.625E-1,-4.7E-2));
#9989=VERTEX_POINT('',#9987);
#9990=VERTEX_POINT('',#9988);
#9991=CARTESIAN_POINT('',(1.8E0,-1.625E-1,-1.275E-1));
#9992=CARTESIAN_POINT('',(1.8E0,-3.43E-1,-1.275E-1));
#9993=VERTEX_POINT('',#9991);
#9994=VERTEX_POINT('',#9992);
#9995=CARTESIAN_POINT('',(1.8E0,-3.43E-1,-1.525E-1));
#9996=VERTEX_POINT('',#9995);
#9997=CARTESIAN_POINT('',(1.8E0,-1.375E-1,-1.525E-1));
#9998=VERTEX_POINT('',#9997);
#9999=CARTESIAN_POINT('',(1.8E0,-1.375E-1,4.1E-1));
#10000=CARTESIAN_POINT('',(1.8E0,-1.625E-1,4.1E-1));
#10001=VERTEX_POINT('',#9999);
#10002=VERTEX_POINT('',#10000);
#10003=CARTESIAN_POINT('',(1.825E0,-1.625E-1,-1.275E-1));
#10004=CARTESIAN_POINT('',(1.825E0,-3.43E-1,-1.275E-1));
#10005=VERTEX_POINT('',#10003);
#10006=VERTEX_POINT('',#10004);
#10007=CARTESIAN_POINT('',(1.825E0,-3.43E-1,-1.525E-1));
#10008=VERTEX_POINT('',#10007);
#10009=CARTESIAN_POINT('',(1.825E0,-1.375E-1,-1.525E-1));
#10010=VERTEX_POINT('',#10009);
#10011=CARTESIAN_POINT('',(1.825E0,-1.375E-1,4.1E-1));
#10012=CARTESIAN_POINT('',(1.825E0,-1.625E-1,4.1E-1));
#10013=VERTEX_POINT('',#10011);
#10014=VERTEX_POINT('',#10012);
#10015=CARTESIAN_POINT('',(1.8E0,-6.25E-2,-2.275E-1));
#10016=CARTESIAN_POINT('',(1.8E0,-3.43E-1,-2.275E-1));
#10017=VERTEX_POINT('',#10015);
#10018=VERTEX_POINT('',#10016);
#10019=CARTESIAN_POINT('',(1.8E0,-3.43E-1,-2.525E-1));
#10020=VERTEX_POINT('',#10019);
#10021=CARTESIAN_POINT('',(1.8E0,-3.75E-2,-2.525E-1));
#10022=VERTEX_POINT('',#10021);
#10023=CARTESIAN_POINT('',(1.8E0,-3.75E-2,4.1E-1));
#10024=CARTESIAN_POINT('',(1.8E0,-6.25E-2,4.1E-1));
#10025=VERTEX_POINT('',#10023);
#10026=VERTEX_POINT('',#10024);
#10027=CARTESIAN_POINT('',(1.8E0,3.75E-2,-3.275E-1));
#10028=CARTESIAN_POINT('',(1.8E0,-3.43E-1,-3.275E-1));
#10029=VERTEX_POINT('',#10027);
#10030=VERTEX_POINT('',#10028);
#10031=CARTESIAN_POINT('',(1.8E0,-3.43E-1,-3.525E-1));
#10032=VERTEX_POINT('',#10031);
#10033=CARTESIAN_POINT('',(1.8E0,6.25E-2,-3.525E-1));
#10034=VERTEX_POINT('',#10033);
#10035=CARTESIAN_POINT('',(1.8E0,6.25E-2,4.1E-1));
#10036=CARTESIAN_POINT('',(1.8E0,3.75E-2,4.1E-1));
#10037=VERTEX_POINT('',#10035);
#10038=VERTEX_POINT('',#10036);
#10039=CARTESIAN_POINT('',(1.8E0,1.375E-1,-4.275E-1));
#10040=CARTESIAN_POINT('',(1.8E0,-3.43E-1,-4.275E-1));
#10041=VERTEX_POINT('',#10039);
#10042=VERTEX_POINT('',#10040);
#10043=CARTESIAN_POINT('',(1.8E0,-3.43E-1,-4.525E-1));
#10044=VERTEX_POINT('',#10043);
#10045=CARTESIAN_POINT('',(1.8E0,1.625E-1,-4.525E-1));
#10046=VERTEX_POINT('',#10045);
#10047=CARTESIAN_POINT('',(1.8E0,1.625E-1,4.1E-1));
#10048=CARTESIAN_POINT('',(1.8E0,1.375E-1,4.1E-1));
#10049=VERTEX_POINT('',#10047);
#10050=VERTEX_POINT('',#10048);
#10051=CARTESIAN_POINT('',(1.825E0,-6.25E-2,-2.275E-1));
#10052=CARTESIAN_POINT('',(1.825E0,-3.43E-1,-2.275E-1));
#10053=VERTEX_POINT('',#10051);
#10054=VERTEX_POINT('',#10052);
#10055=CARTESIAN_POINT('',(1.825E0,-3.43E-1,-2.525E-1));
#10056=VERTEX_POINT('',#10055);
#10057=CARTESIAN_POINT('',(1.825E0,-3.75E-2,-2.525E-1));
#10058=VERTEX_POINT('',#10057);
#10059=CARTESIAN_POINT('',(1.825E0,-3.75E-2,4.1E-1));
#10060=CARTESIAN_POINT('',(1.825E0,-6.25E-2,4.1E-1));
#10061=VERTEX_POINT('',#10059);
#10062=VERTEX_POINT('',#10060);
#10063=CARTESIAN_POINT('',(1.825E0,3.75E-2,-3.275E-1));
#10064=CARTESIAN_POINT('',(1.825E0,-3.43E-1,-3.275E-1));
#10065=VERTEX_POINT('',#10063);
#10066=VERTEX_POINT('',#10064);
#10067=CARTESIAN_POINT('',(1.825E0,-3.43E-1,-3.525E-1));
#10068=VERTEX_POINT('',#10067);
#10069=CARTESIAN_POINT('',(1.825E0,6.25E-2,-3.525E-1));
#10070=VERTEX_POINT('',#10069);
#10071=CARTESIAN_POINT('',(1.825E0,6.25E-2,4.1E-1));
#10072=CARTESIAN_POINT('',(1.825E0,3.75E-2,4.1E-1));
#10073=VERTEX_POINT('',#10071);
#10074=VERTEX_POINT('',#10072);
#10075=CARTESIAN_POINT('',(1.825E0,1.375E-1,-4.275E-1));
#10076=CARTESIAN_POINT('',(1.825E0,-3.43E-1,-4.275E-1));
#10077=VERTEX_POINT('',#10075);
#10078=VERTEX_POINT('',#10076);
#10079=CARTESIAN_POINT('',(1.825E0,-3.43E-1,-4.525E-1));
#10080=VERTEX_POINT('',#10079);
#10081=CARTESIAN_POINT('',(1.825E0,1.625E-1,-4.525E-1));
#10082=VERTEX_POINT('',#10081);
#10083=CARTESIAN_POINT('',(1.825E0,1.625E-1,4.1E-1));
#10084=CARTESIAN_POINT('',(1.825E0,1.375E-1,4.1E-1));
#10085=VERTEX_POINT('',#10083);
#10086=VERTEX_POINT('',#10084);
#10087=CARTESIAN_POINT('',(1.8E0,-1.625E-1,1.4E-1));
#10088=CARTESIAN_POINT('',(1.8E0,-1.375E-1,1.4E-1));
#10089=VERTEX_POINT('',#10087);
#10090=VERTEX_POINT('',#10088);
#10091=CARTESIAN_POINT('',(1.8E0,-6.25E-2,1.4E-1));
#10092=CARTESIAN_POINT('',(1.8E0,-3.75E-2,1.4E-1));
#10093=VERTEX_POINT('',#10091);
#10094=VERTEX_POINT('',#10092);
#10095=CARTESIAN_POINT('',(1.8E0,3.75E-2,1.4E-1));
#10096=CARTESIAN_POINT('',(1.8E0,6.25E-2,1.4E-1));
#10097=VERTEX_POINT('',#10095);
#10098=VERTEX_POINT('',#10096);
#10099=CARTESIAN_POINT('',(1.8E0,1.375E-1,1.4E-1));
#10100=CARTESIAN_POINT('',(1.8E0,1.625E-1,1.4E-1));
#10101=VERTEX_POINT('',#10099);
#10102=VERTEX_POINT('',#10100);
#10103=CARTESIAN_POINT('',(1.825E0,-1.625E-1,1.4E-1));
#10104=CARTESIAN_POINT('',(1.825E0,-1.375E-1,1.4E-1));
#10105=VERTEX_POINT('',#10103);
#10106=VERTEX_POINT('',#10104);
#10107=CARTESIAN_POINT('',(1.825E0,-6.25E-2,1.4E-1));
#10108=CARTESIAN_POINT('',(1.825E0,-3.75E-2,1.4E-1));
#10109=VERTEX_POINT('',#10107);
#10110=VERTEX_POINT('',#10108);
#10111=CARTESIAN_POINT('',(1.825E0,3.75E-2,1.4E-1));
#10112=CARTESIAN_POINT('',(1.825E0,6.25E-2,1.4E-1));
#10113=VERTEX_POINT('',#10111);
#10114=VERTEX_POINT('',#10112);
#10115=CARTESIAN_POINT('',(1.825E0,1.375E-1,1.4E-1));
#10116=CARTESIAN_POINT('',(1.825E0,1.625E-1,1.4E-1));
#10117=VERTEX_POINT('',#10115);
#10118=VERTEX_POINT('',#10116);
#10119=CARTESIAN_POINT('',(1.8E0,-1.625E-1,-4.7E-2));
#10120=CARTESIAN_POINT('',(1.8E0,-1.375E-1,-4.7E-2));
#10121=VERTEX_POINT('',#10119);
#10122=VERTEX_POINT('',#10120);
#10123=CARTESIAN_POINT('',(1.8E0,-6.25E-2,-4.7E-2));
#10124=CARTESIAN_POINT('',(1.8E0,-3.75E-2,-4.7E-2));
#10125=VERTEX_POINT('',#10123);
#10126=VERTEX_POINT('',#10124);
#10127=CARTESIAN_POINT('',(1.8E0,3.75E-2,-4.7E-2));
#10128=CARTESIAN_POINT('',(1.8E0,6.25E-2,-4.7E-2));
#10129=VERTEX_POINT('',#10127);
#10130=VERTEX_POINT('',#10128);
#10131=CARTESIAN_POINT('',(1.8E0,1.375E-1,-4.7E-2));
#10132=CARTESIAN_POINT('',(1.8E0,1.625E-1,-4.7E-2));
#10133=VERTEX_POINT('',#10131);
#10134=VERTEX_POINT('',#10132);
#10135=CARTESIAN_POINT('',(1.825E0,-1.625E-1,-4.7E-2));
#10136=CARTESIAN_POINT('',(1.825E0,-1.375E-1,-4.7E-2));
#10137=VERTEX_POINT('',#10135);
#10138=VERTEX_POINT('',#10136);
#10139=CARTESIAN_POINT('',(1.825E0,-6.25E-2,-4.7E-2));
#10140=CARTESIAN_POINT('',(1.825E0,-3.75E-2,-4.7E-2));
#10141=VERTEX_POINT('',#10139);
#10142=VERTEX_POINT('',#10140);
#10143=CARTESIAN_POINT('',(1.825E0,3.75E-2,-4.7E-2));
#10144=CARTESIAN_POINT('',(1.825E0,6.25E-2,-4.7E-2));
#10145=VERTEX_POINT('',#10143);
#10146=VERTEX_POINT('',#10144);
#10147=CARTESIAN_POINT('',(1.825E0,1.375E-1,-4.7E-2));
#10148=CARTESIAN_POINT('',(1.825E0,1.625E-1,-4.7E-2));
#10149=VERTEX_POINT('',#10147);
#10150=VERTEX_POINT('',#10148);
#10151=CARTESIAN_POINT('',(1.9E0,-1.625E-1,-1.275E-1));
#10152=CARTESIAN_POINT('',(1.9E0,-3.43E-1,-1.275E-1));
#10153=VERTEX_POINT('',#10151);
#10154=VERTEX_POINT('',#10152);
#10155=CARTESIAN_POINT('',(1.9E0,-3.43E-1,-1.525E-1));
#10156=VERTEX_POINT('',#10155);
#10157=CARTESIAN_POINT('',(1.9E0,-1.375E-1,-1.525E-1));
#10158=VERTEX_POINT('',#10157);
#10159=CARTESIAN_POINT('',(1.9E0,-1.375E-1,4.1E-1));
#10160=CARTESIAN_POINT('',(1.9E0,-1.625E-1,4.1E-1));
#10161=VERTEX_POINT('',#10159);
#10162=VERTEX_POINT('',#10160);
#10163=CARTESIAN_POINT('',(1.925E0,-1.625E-1,-1.275E-1));
#10164=CARTESIAN_POINT('',(1.925E0,-3.43E-1,-1.275E-1));
#10165=VERTEX_POINT('',#10163);
#10166=VERTEX_POINT('',#10164);
#10167=CARTESIAN_POINT('',(1.925E0,-3.43E-1,-1.525E-1));
#10168=VERTEX_POINT('',#10167);
#10169=CARTESIAN_POINT('',(1.925E0,-1.375E-1,-1.525E-1));
#10170=VERTEX_POINT('',#10169);
#10171=CARTESIAN_POINT('',(1.925E0,-1.375E-1,4.1E-1));
#10172=CARTESIAN_POINT('',(1.925E0,-1.625E-1,4.1E-1));
#10173=VERTEX_POINT('',#10171);
#10174=VERTEX_POINT('',#10172);
#10175=CARTESIAN_POINT('',(1.9E0,-6.25E-2,-2.275E-1));
#10176=CARTESIAN_POINT('',(1.9E0,-3.43E-1,-2.275E-1));
#10177=VERTEX_POINT('',#10175);
#10178=VERTEX_POINT('',#10176);
#10179=CARTESIAN_POINT('',(1.9E0,-3.43E-1,-2.525E-1));
#10180=VERTEX_POINT('',#10179);
#10181=CARTESIAN_POINT('',(1.9E0,-3.75E-2,-2.525E-1));
#10182=VERTEX_POINT('',#10181);
#10183=CARTESIAN_POINT('',(1.9E0,-3.75E-2,4.1E-1));
#10184=CARTESIAN_POINT('',(1.9E0,-6.25E-2,4.1E-1));
#10185=VERTEX_POINT('',#10183);
#10186=VERTEX_POINT('',#10184);
#10187=CARTESIAN_POINT('',(1.9E0,3.75E-2,-3.275E-1));
#10188=CARTESIAN_POINT('',(1.9E0,-3.43E-1,-3.275E-1));
#10189=VERTEX_POINT('',#10187);
#10190=VERTEX_POINT('',#10188);
#10191=CARTESIAN_POINT('',(1.9E0,-3.43E-1,-3.525E-1));
#10192=VERTEX_POINT('',#10191);
#10193=CARTESIAN_POINT('',(1.9E0,6.25E-2,-3.525E-1));
#10194=VERTEX_POINT('',#10193);
#10195=CARTESIAN_POINT('',(1.9E0,6.25E-2,4.1E-1));
#10196=CARTESIAN_POINT('',(1.9E0,3.75E-2,4.1E-1));
#10197=VERTEX_POINT('',#10195);
#10198=VERTEX_POINT('',#10196);
#10199=CARTESIAN_POINT('',(1.9E0,1.375E-1,-4.275E-1));
#10200=CARTESIAN_POINT('',(1.9E0,-3.43E-1,-4.275E-1));
#10201=VERTEX_POINT('',#10199);
#10202=VERTEX_POINT('',#10200);
#10203=CARTESIAN_POINT('',(1.9E0,-3.43E-1,-4.525E-1));
#10204=VERTEX_POINT('',#10203);
#10205=CARTESIAN_POINT('',(1.9E0,1.625E-1,-4.525E-1));
#10206=VERTEX_POINT('',#10205);
#10207=CARTESIAN_POINT('',(1.9E0,1.625E-1,4.1E-1));
#10208=CARTESIAN_POINT('',(1.9E0,1.375E-1,4.1E-1));
#10209=VERTEX_POINT('',#10207);
#10210=VERTEX_POINT('',#10208);
#10211=CARTESIAN_POINT('',(1.925E0,-6.25E-2,-2.275E-1));
#10212=CARTESIAN_POINT('',(1.925E0,-3.43E-1,-2.275E-1));
#10213=VERTEX_POINT('',#10211);
#10214=VERTEX_POINT('',#10212);
#10215=CARTESIAN_POINT('',(1.925E0,-3.43E-1,-2.525E-1));
#10216=VERTEX_POINT('',#10215);
#10217=CARTESIAN_POINT('',(1.925E0,-3.75E-2,-2.525E-1));
#10218=VERTEX_POINT('',#10217);
#10219=CARTESIAN_POINT('',(1.925E0,-3.75E-2,4.1E-1));
#10220=CARTESIAN_POINT('',(1.925E0,-6.25E-2,4.1E-1));
#10221=VERTEX_POINT('',#10219);
#10222=VERTEX_POINT('',#10220);
#10223=CARTESIAN_POINT('',(1.925E0,3.75E-2,-3.275E-1));
#10224=CARTESIAN_POINT('',(1.925E0,-3.43E-1,-3.275E-1));
#10225=VERTEX_POINT('',#10223);
#10226=VERTEX_POINT('',#10224);
#10227=CARTESIAN_POINT('',(1.925E0,-3.43E-1,-3.525E-1));
#10228=VERTEX_POINT('',#10227);
#10229=CARTESIAN_POINT('',(1.925E0,6.25E-2,-3.525E-1));
#10230=VERTEX_POINT('',#10229);
#10231=CARTESIAN_POINT('',(1.925E0,6.25E-2,4.1E-1));
#10232=CARTESIAN_POINT('',(1.925E0,3.75E-2,4.1E-1));
#10233=VERTEX_POINT('',#10231);
#10234=VERTEX_POINT('',#10232);
#10235=CARTESIAN_POINT('',(1.925E0,1.375E-1,-4.275E-1));
#10236=CARTESIAN_POINT('',(1.925E0,-3.43E-1,-4.275E-1));
#10237=VERTEX_POINT('',#10235);
#10238=VERTEX_POINT('',#10236);
#10239=CARTESIAN_POINT('',(1.925E0,-3.43E-1,-4.525E-1));
#10240=VERTEX_POINT('',#10239);
#10241=CARTESIAN_POINT('',(1.925E0,1.625E-1,-4.525E-1));
#10242=VERTEX_POINT('',#10241);
#10243=CARTESIAN_POINT('',(1.925E0,1.625E-1,4.1E-1));
#10244=CARTESIAN_POINT('',(1.925E0,1.375E-1,4.1E-1));
#10245=VERTEX_POINT('',#10243);
#10246=VERTEX_POINT('',#10244);
#10247=CARTESIAN_POINT('',(1.9E0,-1.625E-1,1.4E-1));
#10248=CARTESIAN_POINT('',(1.9E0,-1.375E-1,1.4E-1));
#10249=VERTEX_POINT('',#10247);
#10250=VERTEX_POINT('',#10248);
#10251=CARTESIAN_POINT('',(1.9E0,-6.25E-2,1.4E-1));
#10252=CARTESIAN_POINT('',(1.9E0,-3.75E-2,1.4E-1));
#10253=VERTEX_POINT('',#10251);
#10254=VERTEX_POINT('',#10252);
#10255=CARTESIAN_POINT('',(1.9E0,3.75E-2,1.4E-1));
#10256=CARTESIAN_POINT('',(1.9E0,6.25E-2,1.4E-1));
#10257=VERTEX_POINT('',#10255);
#10258=VERTEX_POINT('',#10256);
#10259=CARTESIAN_POINT('',(1.9E0,1.375E-1,1.4E-1));
#10260=CARTESIAN_POINT('',(1.9E0,1.625E-1,1.4E-1));
#10261=VERTEX_POINT('',#10259);
#10262=VERTEX_POINT('',#10260);
#10263=CARTESIAN_POINT('',(1.925E0,-1.625E-1,1.4E-1));
#10264=CARTESIAN_POINT('',(1.925E0,-1.375E-1,1.4E-1));
#10265=VERTEX_POINT('',#10263);
#10266=VERTEX_POINT('',#10264);
#10267=CARTESIAN_POINT('',(1.925E0,-6.25E-2,1.4E-1));
#10268=CARTESIAN_POINT('',(1.925E0,-3.75E-2,1.4E-1));
#10269=VERTEX_POINT('',#10267);
#10270=VERTEX_POINT('',#10268);
#10271=CARTESIAN_POINT('',(1.925E0,3.75E-2,1.4E-1));
#10272=CARTESIAN_POINT('',(1.925E0,6.25E-2,1.4E-1));
#10273=VERTEX_POINT('',#10271);
#10274=VERTEX_POINT('',#10272);
#10275=CARTESIAN_POINT('',(1.925E0,1.375E-1,1.4E-1));
#10276=CARTESIAN_POINT('',(1.925E0,1.625E-1,1.4E-1));
#10277=VERTEX_POINT('',#10275);
#10278=VERTEX_POINT('',#10276);
#10279=CARTESIAN_POINT('',(1.9E0,-1.625E-1,-4.7E-2));
#10280=CARTESIAN_POINT('',(1.9E0,-1.375E-1,-4.7E-2));
#10281=VERTEX_POINT('',#10279);
#10282=VERTEX_POINT('',#10280);
#10283=CARTESIAN_POINT('',(1.9E0,-6.25E-2,-4.7E-2));
#10284=CARTESIAN_POINT('',(1.9E0,-3.75E-2,-4.7E-2));
#10285=VERTEX_POINT('',#10283);
#10286=VERTEX_POINT('',#10284);
#10287=CARTESIAN_POINT('',(1.9E0,3.75E-2,-4.7E-2));
#10288=CARTESIAN_POINT('',(1.9E0,6.25E-2,-4.7E-2));
#10289=VERTEX_POINT('',#10287);
#10290=VERTEX_POINT('',#10288);
#10291=CARTESIAN_POINT('',(1.9E0,1.375E-1,-4.7E-2));
#10292=CARTESIAN_POINT('',(1.9E0,1.625E-1,-4.7E-2));
#10293=VERTEX_POINT('',#10291);
#10294=VERTEX_POINT('',#10292);
#10295=CARTESIAN_POINT('',(1.925E0,-1.625E-1,-4.7E-2));
#10296=CARTESIAN_POINT('',(1.925E0,-1.375E-1,-4.7E-2));
#10297=VERTEX_POINT('',#10295);
#10298=VERTEX_POINT('',#10296);
#10299=CARTESIAN_POINT('',(1.925E0,-6.25E-2,-4.7E-2));
#10300=CARTESIAN_POINT('',(1.925E0,-3.75E-2,-4.7E-2));
#10301=VERTEX_POINT('',#10299);
#10302=VERTEX_POINT('',#10300);
#10303=CARTESIAN_POINT('',(1.925E0,3.75E-2,-4.7E-2));
#10304=CARTESIAN_POINT('',(1.925E0,6.25E-2,-4.7E-2));
#10305=VERTEX_POINT('',#10303);
#10306=VERTEX_POINT('',#10304);
#10307=CARTESIAN_POINT('',(1.925E0,1.375E-1,-4.7E-2));
#10308=CARTESIAN_POINT('',(1.925E0,1.625E-1,-4.7E-2));
#10309=VERTEX_POINT('',#10307);
#10310=VERTEX_POINT('',#10308);
#10311=CARTESIAN_POINT('',(2.E0,-1.625E-1,-1.275E-1));
#10312=CARTESIAN_POINT('',(2.E0,-3.43E-1,-1.275E-1));
#10313=VERTEX_POINT('',#10311);
#10314=VERTEX_POINT('',#10312);
#10315=CARTESIAN_POINT('',(2.E0,-3.43E-1,-1.525E-1));
#10316=VERTEX_POINT('',#10315);
#10317=CARTESIAN_POINT('',(2.E0,-1.375E-1,-1.525E-1));
#10318=VERTEX_POINT('',#10317);
#10319=CARTESIAN_POINT('',(2.E0,-1.375E-1,4.1E-1));
#10320=CARTESIAN_POINT('',(2.E0,-1.625E-1,4.1E-1));
#10321=VERTEX_POINT('',#10319);
#10322=VERTEX_POINT('',#10320);
#10323=CARTESIAN_POINT('',(2.025E0,-1.625E-1,-1.275E-1));
#10324=CARTESIAN_POINT('',(2.025E0,-3.43E-1,-1.275E-1));
#10325=VERTEX_POINT('',#10323);
#10326=VERTEX_POINT('',#10324);
#10327=CARTESIAN_POINT('',(2.025E0,-3.43E-1,-1.525E-1));
#10328=VERTEX_POINT('',#10327);
#10329=CARTESIAN_POINT('',(2.025E0,-1.375E-1,-1.525E-1));
#10330=VERTEX_POINT('',#10329);
#10331=CARTESIAN_POINT('',(2.025E0,-1.375E-1,4.1E-1));
#10332=CARTESIAN_POINT('',(2.025E0,-1.625E-1,4.1E-1));
#10333=VERTEX_POINT('',#10331);
#10334=VERTEX_POINT('',#10332);
#10335=CARTESIAN_POINT('',(2.E0,-6.25E-2,-2.275E-1));
#10336=CARTESIAN_POINT('',(2.E0,-3.43E-1,-2.275E-1));
#10337=VERTEX_POINT('',#10335);
#10338=VERTEX_POINT('',#10336);
#10339=CARTESIAN_POINT('',(2.E0,-3.43E-1,-2.525E-1));
#10340=VERTEX_POINT('',#10339);
#10341=CARTESIAN_POINT('',(2.E0,-3.75E-2,-2.525E-1));
#10342=VERTEX_POINT('',#10341);
#10343=CARTESIAN_POINT('',(2.E0,-3.75E-2,4.1E-1));
#10344=CARTESIAN_POINT('',(2.E0,-6.25E-2,4.1E-1));
#10345=VERTEX_POINT('',#10343);
#10346=VERTEX_POINT('',#10344);
#10347=CARTESIAN_POINT('',(2.E0,3.75E-2,-3.275E-1));
#10348=CARTESIAN_POINT('',(2.E0,-3.43E-1,-3.275E-1));
#10349=VERTEX_POINT('',#10347);
#10350=VERTEX_POINT('',#10348);
#10351=CARTESIAN_POINT('',(2.E0,-3.43E-1,-3.525E-1));
#10352=VERTEX_POINT('',#10351);
#10353=CARTESIAN_POINT('',(2.E0,6.25E-2,-3.525E-1));
#10354=VERTEX_POINT('',#10353);
#10355=CARTESIAN_POINT('',(2.E0,6.25E-2,4.1E-1));
#10356=CARTESIAN_POINT('',(2.E0,3.75E-2,4.1E-1));
#10357=VERTEX_POINT('',#10355);
#10358=VERTEX_POINT('',#10356);
#10359=CARTESIAN_POINT('',(2.E0,1.375E-1,-4.275E-1));
#10360=CARTESIAN_POINT('',(2.E0,-3.43E-1,-4.275E-1));
#10361=VERTEX_POINT('',#10359);
#10362=VERTEX_POINT('',#10360);
#10363=CARTESIAN_POINT('',(2.E0,-3.43E-1,-4.525E-1));
#10364=VERTEX_POINT('',#10363);
#10365=CARTESIAN_POINT('',(2.E0,1.625E-1,-4.525E-1));
#10366=VERTEX_POINT('',#10365);
#10367=CARTESIAN_POINT('',(2.E0,1.625E-1,4.1E-1));
#10368=CARTESIAN_POINT('',(2.E0,1.375E-1,4.1E-1));
#10369=VERTEX_POINT('',#10367);
#10370=VERTEX_POINT('',#10368);
#10371=CARTESIAN_POINT('',(2.025E0,-6.25E-2,-2.275E-1));
#10372=CARTESIAN_POINT('',(2.025E0,-3.43E-1,-2.275E-1));
#10373=VERTEX_POINT('',#10371);
#10374=VERTEX_POINT('',#10372);
#10375=CARTESIAN_POINT('',(2.025E0,-3.43E-1,-2.525E-1));
#10376=VERTEX_POINT('',#10375);
#10377=CARTESIAN_POINT('',(2.025E0,-3.75E-2,-2.525E-1));
#10378=VERTEX_POINT('',#10377);
#10379=CARTESIAN_POINT('',(2.025E0,-3.75E-2,4.1E-1));
#10380=CARTESIAN_POINT('',(2.025E0,-6.25E-2,4.1E-1));
#10381=VERTEX_POINT('',#10379);
#10382=VERTEX_POINT('',#10380);
#10383=CARTESIAN_POINT('',(2.025E0,3.75E-2,-3.275E-1));
#10384=CARTESIAN_POINT('',(2.025E0,-3.43E-1,-3.275E-1));
#10385=VERTEX_POINT('',#10383);
#10386=VERTEX_POINT('',#10384);
#10387=CARTESIAN_POINT('',(2.025E0,-3.43E-1,-3.525E-1));
#10388=VERTEX_POINT('',#10387);
#10389=CARTESIAN_POINT('',(2.025E0,6.25E-2,-3.525E-1));
#10390=VERTEX_POINT('',#10389);
#10391=CARTESIAN_POINT('',(2.025E0,6.25E-2,4.1E-1));
#10392=CARTESIAN_POINT('',(2.025E0,3.75E-2,4.1E-1));
#10393=VERTEX_POINT('',#10391);
#10394=VERTEX_POINT('',#10392);
#10395=CARTESIAN_POINT('',(2.025E0,1.375E-1,-4.275E-1));
#10396=CARTESIAN_POINT('',(2.025E0,-3.43E-1,-4.275E-1));
#10397=VERTEX_POINT('',#10395);
#10398=VERTEX_POINT('',#10396);
#10399=CARTESIAN_POINT('',(2.025E0,-3.43E-1,-4.525E-1));
#10400=VERTEX_POINT('',#10399);
#10401=CARTESIAN_POINT('',(2.025E0,1.625E-1,-4.525E-1));
#10402=VERTEX_POINT('',#10401);
#10403=CARTESIAN_POINT('',(2.025E0,1.625E-1,4.1E-1));
#10404=CARTESIAN_POINT('',(2.025E0,1.375E-1,4.1E-1));
#10405=VERTEX_POINT('',#10403);
#10406=VERTEX_POINT('',#10404);
#10407=CARTESIAN_POINT('',(2.E0,-1.625E-1,1.4E-1));
#10408=CARTESIAN_POINT('',(2.E0,-1.375E-1,1.4E-1));
#10409=VERTEX_POINT('',#10407);
#10410=VERTEX_POINT('',#10408);
#10411=CARTESIAN_POINT('',(2.E0,-6.25E-2,1.4E-1));
#10412=CARTESIAN_POINT('',(2.E0,-3.75E-2,1.4E-1));
#10413=VERTEX_POINT('',#10411);
#10414=VERTEX_POINT('',#10412);
#10415=CARTESIAN_POINT('',(2.E0,3.75E-2,1.4E-1));
#10416=CARTESIAN_POINT('',(2.E0,6.25E-2,1.4E-1));
#10417=VERTEX_POINT('',#10415);
#10418=VERTEX_POINT('',#10416);
#10419=CARTESIAN_POINT('',(2.E0,1.375E-1,1.4E-1));
#10420=CARTESIAN_POINT('',(2.E0,1.625E-1,1.4E-1));
#10421=VERTEX_POINT('',#10419);
#10422=VERTEX_POINT('',#10420);
#10423=CARTESIAN_POINT('',(2.025E0,-1.625E-1,1.4E-1));
#10424=CARTESIAN_POINT('',(2.025E0,-1.375E-1,1.4E-1));
#10425=VERTEX_POINT('',#10423);
#10426=VERTEX_POINT('',#10424);
#10427=CARTESIAN_POINT('',(2.025E0,-6.25E-2,1.4E-1));
#10428=CARTESIAN_POINT('',(2.025E0,-3.75E-2,1.4E-1));
#10429=VERTEX_POINT('',#10427);
#10430=VERTEX_POINT('',#10428);
#10431=CARTESIAN_POINT('',(2.025E0,3.75E-2,1.4E-1));
#10432=CARTESIAN_POINT('',(2.025E0,6.25E-2,1.4E-1));
#10433=VERTEX_POINT('',#10431);
#10434=VERTEX_POINT('',#10432);
#10435=CARTESIAN_POINT('',(2.025E0,1.375E-1,1.4E-1));
#10436=CARTESIAN_POINT('',(2.025E0,1.625E-1,1.4E-1));
#10437=VERTEX_POINT('',#10435);
#10438=VERTEX_POINT('',#10436);
#10439=CARTESIAN_POINT('',(2.E0,-1.625E-1,-4.7E-2));
#10440=CARTESIAN_POINT('',(2.E0,-1.375E-1,-4.7E-2));
#10441=VERTEX_POINT('',#10439);
#10442=VERTEX_POINT('',#10440);
#10443=CARTESIAN_POINT('',(2.E0,-6.25E-2,-4.7E-2));
#10444=CARTESIAN_POINT('',(2.E0,-3.75E-2,-4.7E-2));
#10445=VERTEX_POINT('',#10443);
#10446=VERTEX_POINT('',#10444);
#10447=CARTESIAN_POINT('',(2.E0,3.75E-2,-4.7E-2));
#10448=CARTESIAN_POINT('',(2.E0,6.25E-2,-4.7E-2));
#10449=VERTEX_POINT('',#10447);
#10450=VERTEX_POINT('',#10448);
#10451=CARTESIAN_POINT('',(2.E0,1.375E-1,-4.7E-2));
#10452=CARTESIAN_POINT('',(2.E0,1.625E-1,-4.7E-2));
#10453=VERTEX_POINT('',#10451);
#10454=VERTEX_POINT('',#10452);
#10455=CARTESIAN_POINT('',(2.025E0,-1.625E-1,-4.7E-2));
#10456=CARTESIAN_POINT('',(2.025E0,-1.375E-1,-4.7E-2));
#10457=VERTEX_POINT('',#10455);
#10458=VERTEX_POINT('',#10456);
#10459=CARTESIAN_POINT('',(2.025E0,-6.25E-2,-4.7E-2));
#10460=CARTESIAN_POINT('',(2.025E0,-3.75E-2,-4.7E-2));
#10461=VERTEX_POINT('',#10459);
#10462=VERTEX_POINT('',#10460);
#10463=CARTESIAN_POINT('',(2.025E0,3.75E-2,-4.7E-2));
#10464=CARTESIAN_POINT('',(2.025E0,6.25E-2,-4.7E-2));
#10465=VERTEX_POINT('',#10463);
#10466=VERTEX_POINT('',#10464);
#10467=CARTESIAN_POINT('',(2.025E0,1.375E-1,-4.7E-2));
#10468=CARTESIAN_POINT('',(2.025E0,1.625E-1,-4.7E-2));
#10469=VERTEX_POINT('',#10467);
#10470=VERTEX_POINT('',#10468);
#10471=CARTESIAN_POINT('',(2.1E0,-1.625E-1,-1.275E-1));
#10472=CARTESIAN_POINT('',(2.1E0,-3.43E-1,-1.275E-1));
#10473=VERTEX_POINT('',#10471);
#10474=VERTEX_POINT('',#10472);
#10475=CARTESIAN_POINT('',(2.1E0,-3.43E-1,-1.525E-1));
#10476=VERTEX_POINT('',#10475);
#10477=CARTESIAN_POINT('',(2.1E0,-1.375E-1,-1.525E-1));
#10478=VERTEX_POINT('',#10477);
#10479=CARTESIAN_POINT('',(2.1E0,-1.375E-1,4.1E-1));
#10480=CARTESIAN_POINT('',(2.1E0,-1.625E-1,4.1E-1));
#10481=VERTEX_POINT('',#10479);
#10482=VERTEX_POINT('',#10480);
#10483=CARTESIAN_POINT('',(2.125E0,-1.625E-1,-1.275E-1));
#10484=CARTESIAN_POINT('',(2.125E0,-3.43E-1,-1.275E-1));
#10485=VERTEX_POINT('',#10483);
#10486=VERTEX_POINT('',#10484);
#10487=CARTESIAN_POINT('',(2.125E0,-3.43E-1,-1.525E-1));
#10488=VERTEX_POINT('',#10487);
#10489=CARTESIAN_POINT('',(2.125E0,-1.375E-1,-1.525E-1));
#10490=VERTEX_POINT('',#10489);
#10491=CARTESIAN_POINT('',(2.125E0,-1.375E-1,4.1E-1));
#10492=CARTESIAN_POINT('',(2.125E0,-1.625E-1,4.1E-1));
#10493=VERTEX_POINT('',#10491);
#10494=VERTEX_POINT('',#10492);
#10495=CARTESIAN_POINT('',(2.1E0,-6.25E-2,-2.275E-1));
#10496=CARTESIAN_POINT('',(2.1E0,-3.43E-1,-2.275E-1));
#10497=VERTEX_POINT('',#10495);
#10498=VERTEX_POINT('',#10496);
#10499=CARTESIAN_POINT('',(2.1E0,-3.43E-1,-2.525E-1));
#10500=VERTEX_POINT('',#10499);
#10501=CARTESIAN_POINT('',(2.1E0,-3.75E-2,-2.525E-1));
#10502=VERTEX_POINT('',#10501);
#10503=CARTESIAN_POINT('',(2.1E0,-3.75E-2,4.1E-1));
#10504=CARTESIAN_POINT('',(2.1E0,-6.25E-2,4.1E-1));
#10505=VERTEX_POINT('',#10503);
#10506=VERTEX_POINT('',#10504);
#10507=CARTESIAN_POINT('',(2.1E0,3.75E-2,-3.275E-1));
#10508=CARTESIAN_POINT('',(2.1E0,-3.43E-1,-3.275E-1));
#10509=VERTEX_POINT('',#10507);
#10510=VERTEX_POINT('',#10508);
#10511=CARTESIAN_POINT('',(2.1E0,-3.43E-1,-3.525E-1));
#10512=VERTEX_POINT('',#10511);
#10513=CARTESIAN_POINT('',(2.1E0,6.25E-2,-3.525E-1));
#10514=VERTEX_POINT('',#10513);
#10515=CARTESIAN_POINT('',(2.1E0,6.25E-2,4.1E-1));
#10516=CARTESIAN_POINT('',(2.1E0,3.75E-2,4.1E-1));
#10517=VERTEX_POINT('',#10515);
#10518=VERTEX_POINT('',#10516);
#10519=CARTESIAN_POINT('',(2.1E0,1.375E-1,-4.275E-1));
#10520=CARTESIAN_POINT('',(2.1E0,-3.43E-1,-4.275E-1));
#10521=VERTEX_POINT('',#10519);
#10522=VERTEX_POINT('',#10520);
#10523=CARTESIAN_POINT('',(2.1E0,-3.43E-1,-4.525E-1));
#10524=VERTEX_POINT('',#10523);
#10525=CARTESIAN_POINT('',(2.1E0,1.625E-1,-4.525E-1));
#10526=VERTEX_POINT('',#10525);
#10527=CARTESIAN_POINT('',(2.1E0,1.625E-1,4.1E-1));
#10528=CARTESIAN_POINT('',(2.1E0,1.375E-1,4.1E-1));
#10529=VERTEX_POINT('',#10527);
#10530=VERTEX_POINT('',#10528);
#10531=CARTESIAN_POINT('',(2.125E0,-6.25E-2,-2.275E-1));
#10532=CARTESIAN_POINT('',(2.125E0,-3.43E-1,-2.275E-1));
#10533=VERTEX_POINT('',#10531);
#10534=VERTEX_POINT('',#10532);
#10535=CARTESIAN_POINT('',(2.125E0,-3.43E-1,-2.525E-1));
#10536=VERTEX_POINT('',#10535);
#10537=CARTESIAN_POINT('',(2.125E0,-3.75E-2,-2.525E-1));
#10538=VERTEX_POINT('',#10537);
#10539=CARTESIAN_POINT('',(2.125E0,-3.75E-2,4.1E-1));
#10540=CARTESIAN_POINT('',(2.125E0,-6.25E-2,4.1E-1));
#10541=VERTEX_POINT('',#10539);
#10542=VERTEX_POINT('',#10540);
#10543=CARTESIAN_POINT('',(2.125E0,3.75E-2,-3.275E-1));
#10544=CARTESIAN_POINT('',(2.125E0,-3.43E-1,-3.275E-1));
#10545=VERTEX_POINT('',#10543);
#10546=VERTEX_POINT('',#10544);
#10547=CARTESIAN_POINT('',(2.125E0,-3.43E-1,-3.525E-1));
#10548=VERTEX_POINT('',#10547);
#10549=CARTESIAN_POINT('',(2.125E0,6.25E-2,-3.525E-1));
#10550=VERTEX_POINT('',#10549);
#10551=CARTESIAN_POINT('',(2.125E0,6.25E-2,4.1E-1));
#10552=CARTESIAN_POINT('',(2.125E0,3.75E-2,4.1E-1));
#10553=VERTEX_POINT('',#10551);
#10554=VERTEX_POINT('',#10552);
#10555=CARTESIAN_POINT('',(2.125E0,1.375E-1,-4.275E-1));
#10556=CARTESIAN_POINT('',(2.125E0,-3.43E-1,-4.275E-1));
#10557=VERTEX_POINT('',#10555);
#10558=VERTEX_POINT('',#10556);
#10559=CARTESIAN_POINT('',(2.125E0,-3.43E-1,-4.525E-1));
#10560=VERTEX_POINT('',#10559);
#10561=CARTESIAN_POINT('',(2.125E0,1.625E-1,-4.525E-1));
#10562=VERTEX_POINT('',#10561);
#10563=CARTESIAN_POINT('',(2.125E0,1.625E-1,4.1E-1));
#10564=CARTESIAN_POINT('',(2.125E0,1.375E-1,4.1E-1));
#10565=VERTEX_POINT('',#10563);
#10566=VERTEX_POINT('',#10564);
#10567=CARTESIAN_POINT('',(2.1E0,-1.625E-1,1.4E-1));
#10568=CARTESIAN_POINT('',(2.1E0,-1.375E-1,1.4E-1));
#10569=VERTEX_POINT('',#10567);
#10570=VERTEX_POINT('',#10568);
#10571=CARTESIAN_POINT('',(2.1E0,-6.25E-2,1.4E-1));
#10572=CARTESIAN_POINT('',(2.1E0,-3.75E-2,1.4E-1));
#10573=VERTEX_POINT('',#10571);
#10574=VERTEX_POINT('',#10572);
#10575=CARTESIAN_POINT('',(2.1E0,3.75E-2,1.4E-1));
#10576=CARTESIAN_POINT('',(2.1E0,6.25E-2,1.4E-1));
#10577=VERTEX_POINT('',#10575);
#10578=VERTEX_POINT('',#10576);
#10579=CARTESIAN_POINT('',(2.1E0,1.375E-1,1.4E-1));
#10580=CARTESIAN_POINT('',(2.1E0,1.625E-1,1.4E-1));
#10581=VERTEX_POINT('',#10579);
#10582=VERTEX_POINT('',#10580);
#10583=CARTESIAN_POINT('',(2.125E0,-1.625E-1,1.4E-1));
#10584=CARTESIAN_POINT('',(2.125E0,-1.375E-1,1.4E-1));
#10585=VERTEX_POINT('',#10583);
#10586=VERTEX_POINT('',#10584);
#10587=CARTESIAN_POINT('',(2.125E0,-6.25E-2,1.4E-1));
#10588=CARTESIAN_POINT('',(2.125E0,-3.75E-2,1.4E-1));
#10589=VERTEX_POINT('',#10587);
#10590=VERTEX_POINT('',#10588);
#10591=CARTESIAN_POINT('',(2.125E0,3.75E-2,1.4E-1));
#10592=CARTESIAN_POINT('',(2.125E0,6.25E-2,1.4E-1));
#10593=VERTEX_POINT('',#10591);
#10594=VERTEX_POINT('',#10592);
#10595=CARTESIAN_POINT('',(2.125E0,1.375E-1,1.4E-1));
#10596=CARTESIAN_POINT('',(2.125E0,1.625E-1,1.4E-1));
#10597=VERTEX_POINT('',#10595);
#10598=VERTEX_POINT('',#10596);
#10599=CARTESIAN_POINT('',(2.1E0,-1.625E-1,-4.7E-2));
#10600=CARTESIAN_POINT('',(2.1E0,-1.375E-1,-4.7E-2));
#10601=VERTEX_POINT('',#10599);
#10602=VERTEX_POINT('',#10600);
#10603=CARTESIAN_POINT('',(2.1E0,-6.25E-2,-4.7E-2));
#10604=CARTESIAN_POINT('',(2.1E0,-3.75E-2,-4.7E-2));
#10605=VERTEX_POINT('',#10603);
#10606=VERTEX_POINT('',#10604);
#10607=CARTESIAN_POINT('',(2.1E0,3.75E-2,-4.7E-2));
#10608=CARTESIAN_POINT('',(2.1E0,6.25E-2,-4.7E-2));
#10609=VERTEX_POINT('',#10607);
#10610=VERTEX_POINT('',#10608);
#10611=CARTESIAN_POINT('',(2.1E0,1.375E-1,-4.7E-2));
#10612=CARTESIAN_POINT('',(2.1E0,1.625E-1,-4.7E-2));
#10613=VERTEX_POINT('',#10611);
#10614=VERTEX_POINT('',#10612);
#10615=CARTESIAN_POINT('',(2.125E0,-1.625E-1,-4.7E-2));
#10616=CARTESIAN_POINT('',(2.125E0,-1.375E-1,-4.7E-2));
#10617=VERTEX_POINT('',#10615);
#10618=VERTEX_POINT('',#10616);
#10619=CARTESIAN_POINT('',(2.125E0,-6.25E-2,-4.7E-2));
#10620=CARTESIAN_POINT('',(2.125E0,-3.75E-2,-4.7E-2));
#10621=VERTEX_POINT('',#10619);
#10622=VERTEX_POINT('',#10620);
#10623=CARTESIAN_POINT('',(2.125E0,3.75E-2,-4.7E-2));
#10624=CARTESIAN_POINT('',(2.125E0,6.25E-2,-4.7E-2));
#10625=VERTEX_POINT('',#10623);
#10626=VERTEX_POINT('',#10624);
#10627=CARTESIAN_POINT('',(2.125E0,1.375E-1,-4.7E-2));
#10628=CARTESIAN_POINT('',(2.125E0,1.625E-1,-4.7E-2));
#10629=VERTEX_POINT('',#10627);
#10630=VERTEX_POINT('',#10628);
#10631=CARTESIAN_POINT('',(2.3595E0,-3.63E-1,-2.525E-1));
#10632=CARTESIAN_POINT('',(2.3815E0,-3.63E-1,-2.525E-1));
#10633=VERTEX_POINT('',#10631);
#10634=VERTEX_POINT('',#10632);
#10635=CARTESIAN_POINT('',(2.2935E0,-3.63E-1,-2.525E-1));
#10636=CARTESIAN_POINT('',(2.3155E0,-3.63E-1,-2.525E-1));
#10637=VERTEX_POINT('',#10635);
#10638=VERTEX_POINT('',#10636);
#10639=CARTESIAN_POINT('',(2.3595E0,-3.63E-1,-2.275E-1));
#10640=CARTESIAN_POINT('',(2.3815E0,-3.63E-1,-2.275E-1));
#10641=VERTEX_POINT('',#10639);
#10642=VERTEX_POINT('',#10640);
#10643=CARTESIAN_POINT('',(2.2935E0,-3.63E-1,-2.275E-1));
#10644=CARTESIAN_POINT('',(2.3155E0,-3.63E-1,-2.275E-1));
#10645=VERTEX_POINT('',#10643);
#10646=VERTEX_POINT('',#10644);
#10647=CARTESIAN_POINT('',(2.2935E0,-2.08E-1,-2.525E-1));
#10648=CARTESIAN_POINT('',(2.318422760680E0,-2.08E-1,-2.525E-1));
#10649=VERTEX_POINT('',#10647);
#10650=VERTEX_POINT('',#10648);
#10651=CARTESIAN_POINT('',(2.356577239320E0,-2.08E-1,-2.525E-1));
#10652=CARTESIAN_POINT('',(2.3815E0,-2.08E-1,-2.525E-1));
#10653=VERTEX_POINT('',#10651);
#10654=VERTEX_POINT('',#10652);
#10655=CARTESIAN_POINT('',(2.2935E0,-2.08E-1,-2.275E-1));
#10656=CARTESIAN_POINT('',(2.318422760680E0,-2.08E-1,-2.275E-1));
#10657=VERTEX_POINT('',#10655);
#10658=VERTEX_POINT('',#10656);
#10659=CARTESIAN_POINT('',(2.356577239320E0,-2.08E-1,-2.275E-1));
#10660=CARTESIAN_POINT('',(2.3815E0,-2.08E-1,-2.275E-1));
#10661=VERTEX_POINT('',#10659);
#10662=VERTEX_POINT('',#10660);
#10663=CARTESIAN_POINT('',(9.500000000001E-3,-3.63E-1,-2.525E-1));
#10664=CARTESIAN_POINT('',(3.15E-2,-3.63E-1,-2.525E-1));
#10665=VERTEX_POINT('',#10663);
#10666=VERTEX_POINT('',#10664);
#10667=CARTESIAN_POINT('',(-5.65E-2,-3.63E-1,-2.525E-1));
#10668=CARTESIAN_POINT('',(-3.45E-2,-3.63E-1,-2.525E-1));
#10669=VERTEX_POINT('',#10667);
#10670=VERTEX_POINT('',#10668);
#10671=CARTESIAN_POINT('',(9.500000000001E-3,-3.63E-1,-2.275E-1));
#10672=CARTESIAN_POINT('',(3.15E-2,-3.63E-1,-2.275E-1));
#10673=VERTEX_POINT('',#10671);
#10674=VERTEX_POINT('',#10672);
#10675=CARTESIAN_POINT('',(-5.65E-2,-3.63E-1,-2.275E-1));
#10676=CARTESIAN_POINT('',(-3.45E-2,-3.63E-1,-2.275E-1));
#10677=VERTEX_POINT('',#10675);
#10678=VERTEX_POINT('',#10676);
#10679=CARTESIAN_POINT('',(-5.65E-2,-2.08E-1,-2.525E-1));
#10680=CARTESIAN_POINT('',(-3.157723931957E-2,-2.08E-1,-2.525E-1));
#10681=VERTEX_POINT('',#10679);
#10682=VERTEX_POINT('',#10680);
#10683=CARTESIAN_POINT('',(6.577239319575E-3,-2.08E-1,-2.525E-1));
#10684=CARTESIAN_POINT('',(3.15E-2,-2.08E-1,-2.525E-1));
#10685=VERTEX_POINT('',#10683);
#10686=VERTEX_POINT('',#10684);
#10687=CARTESIAN_POINT('',(-5.65E-2,-2.08E-1,-2.275E-1));
#10688=CARTESIAN_POINT('',(-3.157723931957E-2,-2.08E-1,-2.275E-1));
#10689=VERTEX_POINT('',#10687);
#10690=VERTEX_POINT('',#10688);
#10691=CARTESIAN_POINT('',(6.577239319575E-3,-2.08E-1,-2.275E-1));
#10692=CARTESIAN_POINT('',(3.15E-2,-2.08E-1,-2.275E-1));
#10693=VERTEX_POINT('',#10691);
#10694=VERTEX_POINT('',#10692);
#10695=CARTESIAN_POINT('',(0.E0,0.E0,-4.65E-1));
#10696=DIRECTION('',(0.E0,0.E0,1.E0));
#10697=DIRECTION('',(1.E0,0.E0,0.E0));
#10698=AXIS2_PLACEMENT_3D('',#10695,#10696,#10697);
#10699=PLANE('',#10698);
#10701=ORIENTED_EDGE('',*,*,#10700,.T.);
#10703=ORIENTED_EDGE('',*,*,#10702,.F.);
#10705=ORIENTED_EDGE('',*,*,#10704,.F.);
#10707=ORIENTED_EDGE('',*,*,#10706,.T.);
#10709=ORIENTED_EDGE('',*,*,#10708,.T.);
#10711=ORIENTED_EDGE('',*,*,#10710,.F.);
#10713=ORIENTED_EDGE('',*,*,#10712,.F.);
#10715=ORIENTED_EDGE('',*,*,#10714,.T.);
#10717=ORIENTED_EDGE('',*,*,#10716,.F.);
#10719=ORIENTED_EDGE('',*,*,#10718,.T.);
#10721=ORIENTED_EDGE('',*,*,#10720,.F.);
#10723=ORIENTED_EDGE('',*,*,#10722,.F.);
#10725=ORIENTED_EDGE('',*,*,#10724,.T.);
#10727=ORIENTED_EDGE('',*,*,#10726,.T.);
#10728=EDGE_LOOP('',(#10701,#10703,#10705,#10707,#10709,#10711,#10713,#10715,
#10717,#10719,#10721,#10723,#10725,#10727));
#10729=FACE_OUTER_BOUND('',#10728,.F.);
#10730=ADVANCED_FACE('',(#10729),#10699,.F.);
#10731=CARTESIAN_POINT('',(1.875E-1,-1.68E-1,-4.65E-1));
#10732=DIRECTION('',(0.E0,1.E0,0.E0));
#10733=DIRECTION('',(0.E0,0.E0,1.E0));
#10734=AXIS2_PLACEMENT_3D('',#10731,#10732,#10733);
#10735=PLANE('',#10734);
#10737=ORIENTED_EDGE('',*,*,#10736,.F.);
#10738=ORIENTED_EDGE('',*,*,#10700,.F.);
#10740=ORIENTED_EDGE('',*,*,#10739,.T.);
#10742=ORIENTED_EDGE('',*,*,#10741,.F.);
#10743=EDGE_LOOP('',(#10737,#10738,#10740,#10742));
#10744=FACE_OUTER_BOUND('',#10743,.F.);
#10745=ADVANCED_FACE('',(#10744),#10735,.F.);
#10746=CARTESIAN_POINT('',(1.875E-1,-2.87E-1,4.65E-1));
#10747=DIRECTION('',(-1.E0,0.E0,0.E0));
#10748=DIRECTION('',(0.E0,1.E0,0.E0));
#10749=AXIS2_PLACEMENT_3D('',#10746,#10747,#10748);
#10750=PLANE('',#10749);
#10751=ORIENTED_EDGE('',*,*,#10736,.T.);
#10753=ORIENTED_EDGE('',*,*,#10752,.T.);
#10755=ORIENTED_EDGE('',*,*,#10754,.F.);
#10756=ORIENTED_EDGE('',*,*,#10702,.T.);
#10757=EDGE_LOOP('',(#10751,#10753,#10755,#10756));
#10758=FACE_OUTER_BOUND('',#10757,.F.);
#10759=ADVANCED_FACE('',(#10758),#10750,.T.);
#10760=CARTESIAN_POINT('',(1.875E-1,-1.68E-1,-1.11E-1));
#10761=DIRECTION('',(0.E0,0.E0,1.E0));
#10762=DIRECTION('',(0.E0,-1.E0,0.E0));
#10763=AXIS2_PLACEMENT_3D('',#10760,#10761,#10762);
#10764=PLANE('',#10763);
#10765=ORIENTED_EDGE('',*,*,#10752,.F.);
#10766=ORIENTED_EDGE('',*,*,#10741,.T.);
#10768=ORIENTED_EDGE('',*,*,#10767,.T.);
#10770=ORIENTED_EDGE('',*,*,#10769,.F.);
#10771=EDGE_LOOP('',(#10765,#10766,#10768,#10770));
#10772=FACE_OUTER_BOUND('',#10771,.F.);
#10773=ADVANCED_FACE('',(#10772),#10764,.F.);
#10774=CARTESIAN_POINT('',(1.625E-1,-2.87E-1,-4.65E-1));
#10775=DIRECTION('',(1.E0,0.E0,0.E0));
#10776=DIRECTION('',(0.E0,1.E0,0.E0));
#10777=AXIS2_PLACEMENT_3D('',#10774,#10775,#10776);
#10778=PLANE('',#10777);
#10779=ORIENTED_EDGE('',*,*,#10739,.F.);
#10780=ORIENTED_EDGE('',*,*,#10726,.F.);
#10782=ORIENTED_EDGE('',*,*,#10781,.T.);
#10783=ORIENTED_EDGE('',*,*,#10767,.F.);
#10784=EDGE_LOOP('',(#10779,#10780,#10782,#10783));
#10785=FACE_OUTER_BOUND('',#10784,.F.);
#10786=ADVANCED_FACE('',(#10785),#10778,.T.);
#10787=CARTESIAN_POINT('',(-1.95E-1,-2.08E-1,-4.65E-1));
#10788=DIRECTION('',(0.E0,1.E0,0.E0));
#10789=DIRECTION('',(0.E0,0.E0,1.E0));
#10790=AXIS2_PLACEMENT_3D('',#10787,#10788,#10789);
#10791=PLANE('',#10790);
#10793=ORIENTED_EDGE('',*,*,#10792,.F.);
#10795=ORIENTED_EDGE('',*,*,#10794,.F.);
#10797=ORIENTED_EDGE('',*,*,#10796,.F.);
#10799=ORIENTED_EDGE('',*,*,#10798,.F.);
#10801=ORIENTED_EDGE('',*,*,#10800,.T.);
#10803=ORIENTED_EDGE('',*,*,#10802,.T.);
#10805=ORIENTED_EDGE('',*,*,#10804,.F.);
#10807=ORIENTED_EDGE('',*,*,#10806,.T.);
#10809=ORIENTED_EDGE('',*,*,#10808,.F.);
#10811=ORIENTED_EDGE('',*,*,#10810,.T.);
#10813=ORIENTED_EDGE('',*,*,#10812,.T.);
#10815=ORIENTED_EDGE('',*,*,#10814,.F.);
#10817=ORIENTED_EDGE('',*,*,#10816,.F.);
#10819=ORIENTED_EDGE('',*,*,#10818,.T.);
#10821=ORIENTED_EDGE('',*,*,#10820,.T.);
#10823=ORIENTED_EDGE('',*,*,#10822,.T.);
#10825=ORIENTED_EDGE('',*,*,#10824,.F.);
#10827=ORIENTED_EDGE('',*,*,#10826,.T.);
#10829=ORIENTED_EDGE('',*,*,#10828,.T.);
#10831=ORIENTED_EDGE('',*,*,#10830,.F.);
#10833=ORIENTED_EDGE('',*,*,#10832,.F.);
#10835=ORIENTED_EDGE('',*,*,#10834,.T.);
#10837=ORIENTED_EDGE('',*,*,#10836,.T.);
#10839=ORIENTED_EDGE('',*,*,#10838,.T.);
#10841=ORIENTED_EDGE('',*,*,#10840,.F.);
#10843=ORIENTED_EDGE('',*,*,#10842,.T.);
#10845=ORIENTED_EDGE('',*,*,#10844,.T.);
#10847=ORIENTED_EDGE('',*,*,#10846,.F.);
#10849=ORIENTED_EDGE('',*,*,#10848,.F.);
#10851=ORIENTED_EDGE('',*,*,#10850,.T.);
#10853=ORIENTED_EDGE('',*,*,#10852,.T.);
#10855=ORIENTED_EDGE('',*,*,#10854,.T.);
#10857=ORIENTED_EDGE('',*,*,#10856,.F.);
#10859=ORIENTED_EDGE('',*,*,#10858,.T.);
#10861=ORIENTED_EDGE('',*,*,#10860,.T.);
#10863=ORIENTED_EDGE('',*,*,#10862,.F.);
#10865=ORIENTED_EDGE('',*,*,#10864,.F.);
#10867=ORIENTED_EDGE('',*,*,#10866,.T.);
#10869=ORIENTED_EDGE('',*,*,#10868,.T.);
#10871=ORIENTED_EDGE('',*,*,#10870,.T.);
#10873=ORIENTED_EDGE('',*,*,#10872,.F.);
#10875=ORIENTED_EDGE('',*,*,#10874,.T.);
#10877=ORIENTED_EDGE('',*,*,#10876,.T.);
#10879=ORIENTED_EDGE('',*,*,#10878,.F.);
#10881=ORIENTED_EDGE('',*,*,#10880,.F.);
#10883=ORIENTED_EDGE('',*,*,#10882,.T.);
#10885=ORIENTED_EDGE('',*,*,#10884,.T.);
#10887=ORIENTED_EDGE('',*,*,#10886,.T.);
#10889=ORIENTED_EDGE('',*,*,#10888,.F.);
#10891=ORIENTED_EDGE('',*,*,#10890,.T.);
#10893=ORIENTED_EDGE('',*,*,#10892,.T.);
#10895=ORIENTED_EDGE('',*,*,#10894,.F.);
#10897=ORIENTED_EDGE('',*,*,#10896,.F.);
#10898=ORIENTED_EDGE('',*,*,#10704,.T.);
#10899=ORIENTED_EDGE('',*,*,#10754,.T.);
#10900=ORIENTED_EDGE('',*,*,#10769,.T.);
#10901=ORIENTED_EDGE('',*,*,#10781,.F.);
#10902=ORIENTED_EDGE('',*,*,#10724,.F.);
#10904=ORIENTED_EDGE('',*,*,#10903,.F.);
#10906=ORIENTED_EDGE('',*,*,#10905,.T.);
#10907=EDGE_LOOP('',(#10793,#10795,#10797,#10799,#10801,#10803,#10805,#10807,
#10809,#10811,#10813,#10815,#10817,#10819,#10821,#10823,#10825,#10827,#10829,
#10831,#10833,#10835,#10837,#10839,#10841,#10843,#10845,#10847,#10849,#10851,
#10853,#10855,#10857,#10859,#10861,#10863,#10865,#10867,#10869,#10871,#10873,
#10875,#10877,#10879,#10881,#10883,#10885,#10887,#10889,#10891,#10893,#10895,
#10897,#10898,#10899,#10900,#10901,#10902,#10904,#10906));
#10908=FACE_OUTER_BOUND('',#10907,.F.);
#10910=ORIENTED_EDGE('',*,*,#10909,.T.);
#10912=ORIENTED_EDGE('',*,*,#10911,.T.);
#10914=ORIENTED_EDGE('',*,*,#10913,.F.);
#10916=ORIENTED_EDGE('',*,*,#10915,.F.);
#10917=EDGE_LOOP('',(#10910,#10912,#10914,#10916));
#10918=FACE_BOUND('',#10917,.F.);
#10920=ORIENTED_EDGE('',*,*,#10919,.T.);
#10922=ORIENTED_EDGE('',*,*,#10921,.T.);
#10924=ORIENTED_EDGE('',*,*,#10923,.F.);
#10926=ORIENTED_EDGE('',*,*,#10925,.F.);
#10927=EDGE_LOOP('',(#10920,#10922,#10924,#10926));
#10928=FACE_BOUND('',#10927,.F.);
#10930=ORIENTED_EDGE('',*,*,#10929,.T.);
#10932=ORIENTED_EDGE('',*,*,#10931,.T.);
#10934=ORIENTED_EDGE('',*,*,#10933,.F.);
#10936=ORIENTED_EDGE('',*,*,#10935,.F.);
#10937=EDGE_LOOP('',(#10930,#10932,#10934,#10936));
#10938=FACE_BOUND('',#10937,.F.);
#10940=ORIENTED_EDGE('',*,*,#10939,.T.);
#10942=ORIENTED_EDGE('',*,*,#10941,.T.);
#10944=ORIENTED_EDGE('',*,*,#10943,.F.);
#10946=ORIENTED_EDGE('',*,*,#10945,.F.);
#10947=EDGE_LOOP('',(#10940,#10942,#10944,#10946));
#10948=FACE_BOUND('',#10947,.F.);
#10949=ADVANCED_FACE('',(#10908,#10918,#10928,#10938,#10948),#10791,.F.);
#10950=CARTESIAN_POINT('',(-1.95E-1,-2.08E-1,8.E-2));
#10951=DIRECTION('',(0.E0,0.E0,1.E0));
#10952=DIRECTION('',(0.E0,-1.E0,0.E0));
#10953=AXIS2_PLACEMENT_3D('',#10950,#10951,#10952);
#10954=PLANE('',#10953);
#10956=ORIENTED_EDGE('',*,*,#10955,.T.);
#10958=ORIENTED_EDGE('',*,*,#10957,.T.);
#10959=ORIENTED_EDGE('',*,*,#10792,.T.);
#10961=ORIENTED_EDGE('',*,*,#10960,.F.);
#10962=EDGE_LOOP('',(#10956,#10958,#10959,#10961));
#10963=FACE_OUTER_BOUND('',#10962,.F.);
#10964=ADVANCED_FACE('',(#10963),#10954,.F.);
#10965=CARTESIAN_POINT('',(-1.625E-1,-2.87E-1,-4.65E-1));
#10966=DIRECTION('',(0.E0,-1.E0,0.E0));
#10967=DIRECTION('',(1.E0,0.E0,0.E0));
#10968=AXIS2_PLACEMENT_3D('',#10965,#10966,#10967);
#10969=PLANE('',#10968);
#10971=ORIENTED_EDGE('',*,*,#10970,.T.);
#10973=ORIENTED_EDGE('',*,*,#10972,.F.);
#10974=ORIENTED_EDGE('',*,*,#10955,.F.);
#10976=ORIENTED_EDGE('',*,*,#10975,.T.);
#10977=EDGE_LOOP('',(#10971,#10973,#10974,#10976));
#10978=FACE_OUTER_BOUND('',#10977,.F.);
#10979=ADVANCED_FACE('',(#10978),#10969,.T.);
#10980=CARTESIAN_POINT('',(0.E0,0.E0,4.65E-1));
#10981=DIRECTION('',(0.E0,0.E0,1.E0));
#10982=DIRECTION('',(1.E0,0.E0,0.E0));
#10983=AXIS2_PLACEMENT_3D('',#10980,#10981,#10982);
#10984=PLANE('',#10983);
#10986=ORIENTED_EDGE('',*,*,#10985,.F.);
#10988=ORIENTED_EDGE('',*,*,#10987,.F.);
#10989=ORIENTED_EDGE('',*,*,#10970,.F.);
#10991=ORIENTED_EDGE('',*,*,#10990,.F.);
#10992=EDGE_LOOP('',(#10986,#10988,#10989,#10991));
#10993=FACE_OUTER_BOUND('',#10992,.F.);
#10995=ORIENTED_EDGE('',*,*,#10994,.F.);
#10997=ORIENTED_EDGE('',*,*,#10996,.T.);
#10999=ORIENTED_EDGE('',*,*,#10998,.T.);
#11001=ORIENTED_EDGE('',*,*,#11000,.T.);
#11003=ORIENTED_EDGE('',*,*,#11002,.F.);
#11005=ORIENTED_EDGE('',*,*,#11004,.T.);
#11007=ORIENTED_EDGE('',*,*,#11006,.F.);
#11009=ORIENTED_EDGE('',*,*,#11008,.T.);
#11011=ORIENTED_EDGE('',*,*,#11010,.T.);
#11013=ORIENTED_EDGE('',*,*,#11012,.T.);
#11015=ORIENTED_EDGE('',*,*,#11014,.F.);
#11017=ORIENTED_EDGE('',*,*,#11016,.T.);
#11018=EDGE_LOOP('',(#10995,#10997,#10999,#11001,#11003,#11005,#11007,#11009,
#11011,#11013,#11015,#11017));
#11019=FACE_BOUND('',#11018,.F.);
#11020=ADVANCED_FACE('',(#10993,#11019),#10984,.T.);
#11021=CARTESIAN_POINT('',(1.625E-1,2.87E-1,-4.65E-1));
#11022=DIRECTION('',(0.E0,1.E0,0.E0));
#11023=DIRECTION('',(-1.E0,0.E0,0.E0));
#11024=AXIS2_PLACEMENT_3D('',#11021,#11022,#11023);
#11025=PLANE('',#11024);
#11027=ORIENTED_EDGE('',*,*,#11026,.T.);
#11029=ORIENTED_EDGE('',*,*,#11028,.F.);
#11031=ORIENTED_EDGE('',*,*,#11030,.F.);
#11033=ORIENTED_EDGE('',*,*,#11032,.T.);
#11035=ORIENTED_EDGE('',*,*,#11034,.F.);
#11037=ORIENTED_EDGE('',*,*,#11036,.T.);
#11038=ORIENTED_EDGE('',*,*,#10985,.T.);
#11040=ORIENTED_EDGE('',*,*,#11039,.F.);
#11042=ORIENTED_EDGE('',*,*,#11041,.T.);
#11044=ORIENTED_EDGE('',*,*,#11043,.F.);
#11045=ORIENTED_EDGE('',*,*,#10716,.T.);
#11047=ORIENTED_EDGE('',*,*,#11046,.T.);
#11049=ORIENTED_EDGE('',*,*,#11048,.F.);
#11051=ORIENTED_EDGE('',*,*,#11050,.F.);
#11053=ORIENTED_EDGE('',*,*,#11052,.T.);
#11055=ORIENTED_EDGE('',*,*,#11054,.T.);
#11057=ORIENTED_EDGE('',*,*,#11056,.F.);
#11059=ORIENTED_EDGE('',*,*,#11058,.F.);
#11061=ORIENTED_EDGE('',*,*,#11060,.T.);
#11063=ORIENTED_EDGE('',*,*,#11062,.T.);
#11065=ORIENTED_EDGE('',*,*,#11064,.F.);
#11067=ORIENTED_EDGE('',*,*,#11066,.F.);
#11069=ORIENTED_EDGE('',*,*,#11068,.T.);
#11071=ORIENTED_EDGE('',*,*,#11070,.T.);
#11073=ORIENTED_EDGE('',*,*,#11072,.F.);
#11075=ORIENTED_EDGE('',*,*,#11074,.F.);
#11077=ORIENTED_EDGE('',*,*,#11076,.T.);
#11079=ORIENTED_EDGE('',*,*,#11078,.T.);
#11081=ORIENTED_EDGE('',*,*,#11080,.F.);
#11083=ORIENTED_EDGE('',*,*,#11082,.F.);
#11085=ORIENTED_EDGE('',*,*,#11084,.T.);
#11087=ORIENTED_EDGE('',*,*,#11086,.T.);
#11089=ORIENTED_EDGE('',*,*,#11088,.F.);
#11091=ORIENTED_EDGE('',*,*,#11090,.F.);
#11093=ORIENTED_EDGE('',*,*,#11092,.T.);
#11095=ORIENTED_EDGE('',*,*,#11094,.F.);
#11096=EDGE_LOOP('',(#11027,#11029,#11031,#11033,#11035,#11037,#11038,#11040,
#11042,#11044,#11045,#11047,#11049,#11051,#11053,#11055,#11057,#11059,#11061,
#11063,#11065,#11067,#11069,#11071,#11073,#11075,#11077,#11079,#11081,#11083,
#11085,#11087,#11089,#11091,#11093,#11095));
#11097=FACE_OUTER_BOUND('',#11096,.F.);
#11098=ADVANCED_FACE('',(#11097),#11025,.T.);
#11099=CARTESIAN_POINT('',(1.7125E0,0.E0,-2.6E-1));
#11100=DIRECTION('',(0.E0,0.E0,1.E0));
#11101=DIRECTION('',(1.E0,0.E0,0.E0));
#11102=AXIS2_PLACEMENT_3D('',#11099,#11100,#11101);
#11103=PLANE('',#11102);
#11105=ORIENTED_EDGE('',*,*,#11104,.T.);
#11106=ORIENTED_EDGE('',*,*,#11026,.F.);
#11108=ORIENTED_EDGE('',*,*,#11107,.T.);
#11110=ORIENTED_EDGE('',*,*,#11109,.F.);
#11111=EDGE_LOOP('',(#11105,#11106,#11108,#11110));
#11112=FACE_OUTER_BOUND('',#11111,.F.);
#11113=ADVANCED_FACE('',(#11112),#11103,.F.);
#11114=CARTESIAN_POINT('',(2.1625E0,2.87E-1,-4.65E-1));
#11115=DIRECTION('',(-1.E0,0.E0,0.E0));
#11116=DIRECTION('',(0.E0,-1.E0,0.E0));
#11117=AXIS2_PLACEMENT_3D('',#11114,#11115,#11116);
#11118=PLANE('',#11117);
#11119=ORIENTED_EDGE('',*,*,#11104,.F.);
#11121=ORIENTED_EDGE('',*,*,#11120,.T.);
#11123=ORIENTED_EDGE('',*,*,#11122,.F.);
#11124=ORIENTED_EDGE('',*,*,#10800,.F.);
#11126=ORIENTED_EDGE('',*,*,#11125,.F.);
#11127=ORIENTED_EDGE('',*,*,#11028,.T.);
#11128=EDGE_LOOP('',(#11119,#11121,#11123,#11124,#11126,#11127));
#11129=FACE_OUTER_BOUND('',#11128,.F.);
#11130=ADVANCED_FACE('',(#11129),#11118,.T.);
#11131=CARTESIAN_POINT('',(1.7625E0,2.47E-1,-2.6E-1));
#11132=DIRECTION('',(0.E0,1.E0,0.E0));
#11133=DIRECTION('',(0.E0,0.E0,1.E0));
#11134=AXIS2_PLACEMENT_3D('',#11131,#11132,#11133);
#11135=PLANE('',#11134);
#11136=ORIENTED_EDGE('',*,*,#11120,.F.);
#11137=ORIENTED_EDGE('',*,*,#11109,.T.);
#11139=ORIENTED_EDGE('',*,*,#11138,.T.);
#11141=ORIENTED_EDGE('',*,*,#11140,.F.);
#11142=EDGE_LOOP('',(#11136,#11137,#11139,#11141));
#11143=FACE_OUTER_BOUND('',#11142,.F.);
#11144=ADVANCED_FACE('',(#11143),#11135,.F.);
#11145=CARTESIAN_POINT('',(1.6625E0,2.87E-1,4.65E-1));
#11146=DIRECTION('',(1.E0,0.E0,0.E0));
#11147=DIRECTION('',(0.E0,-1.E0,0.E0));
#11148=AXIS2_PLACEMENT_3D('',#11145,#11146,#11147);
#11149=PLANE('',#11148);
#11150=ORIENTED_EDGE('',*,*,#11107,.F.);
#11151=ORIENTED_EDGE('',*,*,#11094,.T.);
#11153=ORIENTED_EDGE('',*,*,#11152,.T.);
#11155=ORIENTED_EDGE('',*,*,#11154,.T.);
#11157=ORIENTED_EDGE('',*,*,#11156,.T.);
#11158=ORIENTED_EDGE('',*,*,#10804,.T.);
#11160=ORIENTED_EDGE('',*,*,#11159,.F.);
#11161=ORIENTED_EDGE('',*,*,#11138,.F.);
#11162=EDGE_LOOP('',(#11150,#11151,#11153,#11155,#11157,#11158,#11160,#11161));
#11163=FACE_OUTER_BOUND('',#11162,.F.);
#11164=ADVANCED_FACE('',(#11163),#11149,.T.);
#11165=CARTESIAN_POINT('',(0.E0,0.E0,-4.65E-1));
#11166=DIRECTION('',(0.E0,0.E0,1.E0));
#11167=DIRECTION('',(1.E0,0.E0,0.E0));
#11168=AXIS2_PLACEMENT_3D('',#11165,#11166,#11167);
#11169=PLANE('',#11168);
#11171=ORIENTED_EDGE('',*,*,#11170,.F.);
#11173=ORIENTED_EDGE('',*,*,#11172,.T.);
#11174=ORIENTED_EDGE('',*,*,#11152,.F.);
#11175=ORIENTED_EDGE('',*,*,#11092,.F.);
#11177=ORIENTED_EDGE('',*,*,#11176,.F.);
#11179=ORIENTED_EDGE('',*,*,#11178,.F.);
#11181=ORIENTED_EDGE('',*,*,#11180,.F.);
#11183=ORIENTED_EDGE('',*,*,#11182,.T.);
#11185=ORIENTED_EDGE('',*,*,#11184,.F.);
#11186=ORIENTED_EDGE('',*,*,#10810,.F.);
#11187=EDGE_LOOP('',(#11171,#11173,#11174,#11175,#11177,#11179,#11181,#11183,
#11185,#11186));
#11188=FACE_OUTER_BOUND('',#11187,.F.);
#11189=ADVANCED_FACE('',(#11188),#11169,.F.);
#11190=CARTESIAN_POINT('',(1.6375E0,2.87E-1,4.65E-1));
#11191=DIRECTION('',(1.E0,0.E0,0.E0));
#11192=DIRECTION('',(0.E0,-1.E0,0.E0));
#11193=AXIS2_PLACEMENT_3D('',#11190,#11191,#11192);
#11194=PLANE('',#11193);
#11196=ORIENTED_EDGE('',*,*,#11195,.F.);
#11197=ORIENTED_EDGE('',*,*,#11170,.T.);
#11198=ORIENTED_EDGE('',*,*,#10808,.T.);
#11200=ORIENTED_EDGE('',*,*,#11199,.F.);
#11201=EDGE_LOOP('',(#11196,#11197,#11198,#11200));
#11202=FACE_OUTER_BOUND('',#11201,.F.);
#11203=ADVANCED_FACE('',(#11202),#11194,.T.);
#11204=CARTESIAN_POINT('',(1.6625E0,-1.68E-1,-4.65E-1));
#11205=DIRECTION('',(0.E0,1.E0,0.E0));
#11206=DIRECTION('',(0.E0,0.E0,1.E0));
#11207=AXIS2_PLACEMENT_3D('',#11204,#11205,#11206);
#11208=PLANE('',#11207);
#11209=ORIENTED_EDGE('',*,*,#11195,.T.);
#11211=ORIENTED_EDGE('',*,*,#11210,.F.);
#11212=ORIENTED_EDGE('',*,*,#11154,.F.);
#11213=ORIENTED_EDGE('',*,*,#11172,.F.);
#11214=EDGE_LOOP('',(#11209,#11211,#11212,#11213));
#11215=FACE_OUTER_BOUND('',#11214,.F.);
#11216=ADVANCED_FACE('',(#11215),#11208,.F.);
#11217=CARTESIAN_POINT('',(1.6625E0,-1.68E-1,-1.11E-1));
#11218=DIRECTION('',(0.E0,0.E0,1.E0));
#11219=DIRECTION('',(0.E0,-1.E0,0.E0));
#11220=AXIS2_PLACEMENT_3D('',#11217,#11218,#11219);
#11221=PLANE('',#11220);
#11222=ORIENTED_EDGE('',*,*,#11199,.T.);
#11223=ORIENTED_EDGE('',*,*,#10806,.F.);
#11224=ORIENTED_EDGE('',*,*,#11156,.F.);
#11225=ORIENTED_EDGE('',*,*,#11210,.T.);
#11226=EDGE_LOOP('',(#11222,#11223,#11224,#11225));
#11227=FACE_OUTER_BOUND('',#11226,.F.);
#11228=ADVANCED_FACE('',(#11227),#11221,.F.);
#11229=CARTESIAN_POINT('',(1.5775E0,2.87E-1,-2.6E-1));
#11230=DIRECTION('',(1.E0,0.E0,0.E0));
#11231=DIRECTION('',(0.E0,0.E0,-1.E0));
#11232=AXIS2_PLACEMENT_3D('',#11229,#11230,#11231);
#11233=PLANE('',#11232);
#11235=ORIENTED_EDGE('',*,*,#11234,.F.);
#11236=ORIENTED_EDGE('',*,*,#11176,.T.);
#11237=ORIENTED_EDGE('',*,*,#11090,.T.);
#11239=ORIENTED_EDGE('',*,*,#11238,.T.);
#11240=EDGE_LOOP('',(#11235,#11236,#11237,#11239));
#11241=FACE_OUTER_BOUND('',#11240,.F.);
#11242=ADVANCED_FACE('',(#11241),#11233,.F.);
#11243=CARTESIAN_POINT('',(1.5824E0,2.12E-1,-5.5E-2));
#11244=DIRECTION('',(0.E0,1.E0,0.E0));
#11245=DIRECTION('',(0.E0,0.E0,-1.E0));
#11246=AXIS2_PLACEMENT_3D('',#11243,#11244,#11245);
#11247=PLANE('',#11246);
#11249=ORIENTED_EDGE('',*,*,#11248,.T.);
#11251=ORIENTED_EDGE('',*,*,#11250,.T.);
#11253=ORIENTED_EDGE('',*,*,#11252,.T.);
#11254=ORIENTED_EDGE('',*,*,#11178,.T.);
#11255=ORIENTED_EDGE('',*,*,#11234,.T.);
#11257=ORIENTED_EDGE('',*,*,#11256,.T.);
#11259=ORIENTED_EDGE('',*,*,#11258,.T.);
#11261=ORIENTED_EDGE('',*,*,#11260,.T.);
#11262=EDGE_LOOP('',(#11249,#11251,#11253,#11254,#11255,#11257,#11259,#11261));
#11263=FACE_OUTER_BOUND('',#11262,.F.);
#11264=ADVANCED_FACE('',(#11263),#11247,.F.);
#11265=CARTESIAN_POINT('',(1.4926E0,0.E0,4.65E-1));
#11266=DIRECTION('',(-1.E0,0.E0,0.E0));
#11267=DIRECTION('',(0.E0,0.E0,1.E0));
#11268=AXIS2_PLACEMENT_3D('',#11265,#11266,#11267);
#11269=PLANE('',#11268);
#11271=ORIENTED_EDGE('',*,*,#11270,.T.);
#11273=ORIENTED_EDGE('',*,*,#11272,.T.);
#11275=ORIENTED_EDGE('',*,*,#11274,.F.);
#11277=ORIENTED_EDGE('',*,*,#11276,.F.);
#11279=ORIENTED_EDGE('',*,*,#11278,.T.);
#11280=ORIENTED_EDGE('',*,*,#11248,.F.);
#11282=ORIENTED_EDGE('',*,*,#11281,.T.);
#11284=ORIENTED_EDGE('',*,*,#11283,.T.);
#11285=EDGE_LOOP('',(#11271,#11273,#11275,#11277,#11279,#11280,#11282,#11284));
#11286=FACE_OUTER_BOUND('',#11285,.F.);
#11287=ADVANCED_FACE('',(#11286),#11269,.F.);
#11288=CARTESIAN_POINT('',(1.4875E0,-9.075E-2,-4.525E-1));
#11289=DIRECTION('',(0.E0,0.E0,-1.E0));
#11290=DIRECTION('',(0.E0,-1.E0,0.E0));
#11291=AXIS2_PLACEMENT_3D('',#11288,#11289,#11290);
#11292=PLANE('',#11291);
#11293=ORIENTED_EDGE('',*,*,#11270,.F.);
#11295=ORIENTED_EDGE('',*,*,#11294,.T.);
#11297=ORIENTED_EDGE('',*,*,#11296,.T.);
#11299=ORIENTED_EDGE('',*,*,#11298,.T.);
#11301=ORIENTED_EDGE('',*,*,#11300,.F.);
#11303=ORIENTED_EDGE('',*,*,#11302,.T.);
#11304=EDGE_LOOP('',(#11293,#11295,#11297,#11299,#11301,#11303));
#11305=FACE_OUTER_BOUND('',#11304,.F.);
#11306=ADVANCED_FACE('',(#11305),#11292,.T.);
#11307=CARTESIAN_POINT('',(1.4575E0,-1.68E-1,-4.65E-1));
#11308=DIRECTION('',(0.E0,1.E0,0.E0));
#11309=DIRECTION('',(1.E0,0.E0,0.E0));
#11310=AXIS2_PLACEMENT_3D('',#11307,#11308,#11309);
#11311=PLANE('',#11310);
#11313=ORIENTED_EDGE('',*,*,#11312,.T.);
#11315=ORIENTED_EDGE('',*,*,#11314,.F.);
#11317=ORIENTED_EDGE('',*,*,#11316,.T.);
#11319=ORIENTED_EDGE('',*,*,#11318,.T.);
#11321=ORIENTED_EDGE('',*,*,#11320,.T.);
#11323=ORIENTED_EDGE('',*,*,#11322,.F.);
#11325=ORIENTED_EDGE('',*,*,#11324,.T.);
#11327=ORIENTED_EDGE('',*,*,#11326,.T.);
#11329=ORIENTED_EDGE('',*,*,#11328,.T.);
#11331=ORIENTED_EDGE('',*,*,#11330,.F.);
#11333=ORIENTED_EDGE('',*,*,#11332,.T.);
#11335=ORIENTED_EDGE('',*,*,#11334,.T.);
#11336=ORIENTED_EDGE('',*,*,#11294,.F.);
#11337=ORIENTED_EDGE('',*,*,#11283,.F.);
#11339=ORIENTED_EDGE('',*,*,#11338,.F.);
#11341=ORIENTED_EDGE('',*,*,#11340,.T.);
#11343=ORIENTED_EDGE('',*,*,#11342,.T.);
#11345=ORIENTED_EDGE('',*,*,#11344,.F.);
#11347=ORIENTED_EDGE('',*,*,#11346,.T.);
#11349=ORIENTED_EDGE('',*,*,#11348,.T.);
#11350=EDGE_LOOP('',(#11313,#11315,#11317,#11319,#11321,#11323,#11325,#11327,
#11329,#11331,#11333,#11335,#11336,#11337,#11339,#11341,#11343,#11345,#11347,
#11349));
#11351=FACE_OUTER_BOUND('',#11350,.F.);
#11352=ADVANCED_FACE('',(#11351),#11311,.F.);
#11353=CARTESIAN_POINT('',(1.5875E0,-2.585E-1,-1.525E-1));
#11354=DIRECTION('',(0.E0,0.E0,-1.E0));
#11355=DIRECTION('',(0.E0,1.E0,0.E0));
#11356=AXIS2_PLACEMENT_3D('',#11353,#11354,#11355);
#11357=PLANE('',#11356);
#11358=ORIENTED_EDGE('',*,*,#11312,.F.);
#11360=ORIENTED_EDGE('',*,*,#11359,.T.);
#11362=ORIENTED_EDGE('',*,*,#11361,.T.);
#11364=ORIENTED_EDGE('',*,*,#11363,.T.);
#11365=EDGE_LOOP('',(#11358,#11360,#11362,#11364));
#11366=FACE_OUTER_BOUND('',#11365,.F.);
#11367=ADVANCED_FACE('',(#11366),#11357,.T.);
#11368=CARTESIAN_POINT('',(1.479E0,1.7E-1,-4.525E-1));
#11369=DIRECTION('',(-1.E0,0.E0,0.E0));
#11370=DIRECTION('',(0.E0,-1.E0,0.E0));
#11371=AXIS2_PLACEMENT_3D('',#11368,#11369,#11370);
#11372=PLANE('',#11371);
#11373=ORIENTED_EDGE('',*,*,#11348,.F.);
#11375=ORIENTED_EDGE('',*,*,#11374,.F.);
#11377=ORIENTED_EDGE('',*,*,#11376,.F.);
#11378=ORIENTED_EDGE('',*,*,#11359,.F.);
#11379=EDGE_LOOP('',(#11373,#11375,#11377,#11378));
#11380=FACE_OUTER_BOUND('',#11379,.F.);
#11381=ADVANCED_FACE('',(#11380),#11372,.T.);
#11382=CARTESIAN_POINT('',(1.5875E0,-2.585E-1,-1.275E-1));
#11383=DIRECTION('',(0.E0,0.E0,-1.E0));
#11384=DIRECTION('',(0.E0,1.E0,0.E0));
#11385=AXIS2_PLACEMENT_3D('',#11382,#11383,#11384);
#11386=PLANE('',#11385);
#11387=ORIENTED_EDGE('',*,*,#11346,.F.);
#11389=ORIENTED_EDGE('',*,*,#11388,.T.);
#11391=ORIENTED_EDGE('',*,*,#11390,.F.);
#11392=ORIENTED_EDGE('',*,*,#11374,.T.);
#11393=EDGE_LOOP('',(#11387,#11389,#11391,#11392));
#11394=FACE_OUTER_BOUND('',#11393,.F.);
#11395=ADVANCED_FACE('',(#11394),#11386,.F.);
#11396=CARTESIAN_POINT('',(1.496E0,1.7E-1,-4.525E-1));
#11397=DIRECTION('',(-1.E0,0.E0,0.E0));
#11398=DIRECTION('',(0.E0,-1.E0,0.E0));
#11399=AXIS2_PLACEMENT_3D('',#11396,#11397,#11398);
#11400=PLANE('',#11399);
#11402=ORIENTED_EDGE('',*,*,#11401,.T.);
#11404=ORIENTED_EDGE('',*,*,#11403,.F.);
#11406=ORIENTED_EDGE('',*,*,#11405,.F.);
#11408=ORIENTED_EDGE('',*,*,#11407,.T.);
#11410=ORIENTED_EDGE('',*,*,#11409,.T.);
#11412=ORIENTED_EDGE('',*,*,#11411,.T.);
#11414=ORIENTED_EDGE('',*,*,#11413,.F.);
#11416=ORIENTED_EDGE('',*,*,#11415,.F.);
#11417=ORIENTED_EDGE('',*,*,#11300,.T.);
#11419=ORIENTED_EDGE('',*,*,#11418,.T.);
#11421=ORIENTED_EDGE('',*,*,#11420,.F.);
#11422=ORIENTED_EDGE('',*,*,#11330,.T.);
#11424=ORIENTED_EDGE('',*,*,#11423,.F.);
#11426=ORIENTED_EDGE('',*,*,#11425,.T.);
#11428=ORIENTED_EDGE('',*,*,#11427,.F.);
#11429=ORIENTED_EDGE('',*,*,#11322,.T.);
#11431=ORIENTED_EDGE('',*,*,#11430,.F.);
#11433=ORIENTED_EDGE('',*,*,#11432,.T.);
#11435=ORIENTED_EDGE('',*,*,#11434,.F.);
#11436=ORIENTED_EDGE('',*,*,#11314,.T.);
#11437=ORIENTED_EDGE('',*,*,#11363,.F.);
#11439=ORIENTED_EDGE('',*,*,#11438,.T.);
#11440=ORIENTED_EDGE('',*,*,#11388,.F.);
#11441=ORIENTED_EDGE('',*,*,#11344,.T.);
#11442=EDGE_LOOP('',(#11402,#11404,#11406,#11408,#11410,#11412,#11414,#11416,
#11417,#11419,#11421,#11422,#11424,#11426,#11428,#11429,#11431,#11433,#11435,
#11436,#11437,#11439,#11440,#11441));
#11443=FACE_OUTER_BOUND('',#11442,.F.);
#11444=ADVANCED_FACE('',(#11443),#11400,.F.);
#11445=CARTESIAN_POINT('',(1.5824E0,-1.18E-1,-5.5E-2));
#11446=DIRECTION('',(0.E0,0.E0,1.E0));
#11447=DIRECTION('',(0.E0,1.E0,0.E0));
#11448=AXIS2_PLACEMENT_3D('',#11445,#11446,#11447);
#11449=PLANE('',#11448);
#11451=ORIENTED_EDGE('',*,*,#11450,.T.);
#11453=ORIENTED_EDGE('',*,*,#11452,.F.);
#11454=ORIENTED_EDGE('',*,*,#11401,.F.);
#11455=ORIENTED_EDGE('',*,*,#11342,.F.);
#11457=ORIENTED_EDGE('',*,*,#11456,.F.);
#11458=ORIENTED_EDGE('',*,*,#10814,.T.);
#11460=ORIENTED_EDGE('',*,*,#11459,.F.);
#11462=ORIENTED_EDGE('',*,*,#11461,.F.);
#11463=EDGE_LOOP('',(#11451,#11453,#11454,#11455,#11457,#11458,#11460,#11462));
#11464=FACE_OUTER_BOUND('',#11463,.F.);
#11465=ADVANCED_FACE('',(#11464),#11449,.F.);
#11466=CARTESIAN_POINT('',(1.579E0,-3.43E-1,-4.525E-1));
#11467=DIRECTION('',(1.E0,0.E0,0.E0));
#11468=DIRECTION('',(0.E0,1.E0,0.E0));
#11469=AXIS2_PLACEMENT_3D('',#11466,#11467,#11468);
#11470=PLANE('',#11469);
#11471=ORIENTED_EDGE('',*,*,#11450,.F.);
#11473=ORIENTED_EDGE('',*,*,#11472,.F.);
#11475=ORIENTED_EDGE('',*,*,#11474,.F.);
#11477=ORIENTED_EDGE('',*,*,#11476,.F.);
#11479=ORIENTED_EDGE('',*,*,#11478,.F.);
#11481=ORIENTED_EDGE('',*,*,#11480,.F.);
#11483=ORIENTED_EDGE('',*,*,#11482,.F.);
#11485=ORIENTED_EDGE('',*,*,#11484,.F.);
#11487=ORIENTED_EDGE('',*,*,#11486,.F.);
#11489=ORIENTED_EDGE('',*,*,#11488,.F.);
#11491=ORIENTED_EDGE('',*,*,#11490,.F.);
#11493=ORIENTED_EDGE('',*,*,#11492,.F.);
#11495=ORIENTED_EDGE('',*,*,#11494,.F.);
#11497=ORIENTED_EDGE('',*,*,#11496,.F.);
#11499=ORIENTED_EDGE('',*,*,#11498,.F.);
#11501=ORIENTED_EDGE('',*,*,#11500,.F.);
#11503=ORIENTED_EDGE('',*,*,#11502,.T.);
#11505=ORIENTED_EDGE('',*,*,#11504,.T.);
#11507=ORIENTED_EDGE('',*,*,#11506,.F.);
#11509=ORIENTED_EDGE('',*,*,#11508,.T.);
#11511=ORIENTED_EDGE('',*,*,#11510,.T.);
#11513=ORIENTED_EDGE('',*,*,#11512,.T.);
#11515=ORIENTED_EDGE('',*,*,#11514,.F.);
#11517=ORIENTED_EDGE('',*,*,#11516,.T.);
#11518=EDGE_LOOP('',(#11471,#11473,#11475,#11477,#11479,#11481,#11483,#11485,
#11487,#11489,#11491,#11493,#11495,#11497,#11499,#11501,#11503,#11505,#11507,
#11509,#11511,#11513,#11515,#11517));
#11519=FACE_OUTER_BOUND('',#11518,.F.);
#11520=ADVANCED_FACE('',(#11519),#11470,.F.);
#11521=CARTESIAN_POINT('',(1.4575E0,-1.68E-1,-4.65E-1));
#11522=DIRECTION('',(0.E0,1.E0,0.E0));
#11523=DIRECTION('',(1.E0,0.E0,0.E0));
#11524=AXIS2_PLACEMENT_3D('',#11521,#11522,#11523);
#11525=PLANE('',#11524);
#11527=ORIENTED_EDGE('',*,*,#11526,.T.);
#11528=ORIENTED_EDGE('',*,*,#11480,.T.);
#11530=ORIENTED_EDGE('',*,*,#11529,.T.);
#11532=ORIENTED_EDGE('',*,*,#11531,.F.);
#11534=ORIENTED_EDGE('',*,*,#11533,.T.);
#11535=ORIENTED_EDGE('',*,*,#11472,.T.);
#11536=ORIENTED_EDGE('',*,*,#11461,.T.);
#11538=ORIENTED_EDGE('',*,*,#11537,.F.);
#11539=ORIENTED_EDGE('',*,*,#11182,.F.);
#11541=ORIENTED_EDGE('',*,*,#11540,.T.);
#11543=ORIENTED_EDGE('',*,*,#11542,.T.);
#11545=ORIENTED_EDGE('',*,*,#11544,.F.);
#11547=ORIENTED_EDGE('',*,*,#11546,.T.);
#11548=ORIENTED_EDGE('',*,*,#11496,.T.);
#11550=ORIENTED_EDGE('',*,*,#11549,.T.);
#11552=ORIENTED_EDGE('',*,*,#11551,.F.);
#11554=ORIENTED_EDGE('',*,*,#11553,.T.);
#11555=ORIENTED_EDGE('',*,*,#11488,.T.);
#11557=ORIENTED_EDGE('',*,*,#11556,.T.);
#11559=ORIENTED_EDGE('',*,*,#11558,.F.);
#11560=EDGE_LOOP('',(#11527,#11528,#11530,#11532,#11534,#11535,#11536,#11538,
#11539,#11541,#11543,#11545,#11547,#11548,#11550,#11552,#11554,#11555,#11557,
#11559));
#11561=FACE_OUTER_BOUND('',#11560,.F.);
#11562=ADVANCED_FACE('',(#11561),#11525,.F.);
#11563=CARTESIAN_POINT('',(1.5875E0,-2.585E-1,-2.275E-1));
#11564=DIRECTION('',(0.E0,0.E0,-1.E0));
#11565=DIRECTION('',(0.E0,1.E0,0.E0));
#11566=AXIS2_PLACEMENT_3D('',#11563,#11564,#11565);
#11567=PLANE('',#11566);
#11568=ORIENTED_EDGE('',*,*,#11526,.F.);
#11570=ORIENTED_EDGE('',*,*,#11569,.T.);
#11572=ORIENTED_EDGE('',*,*,#11571,.T.);
#11573=ORIENTED_EDGE('',*,*,#11482,.T.);
#11574=EDGE_LOOP('',(#11568,#11570,#11572,#11573));
#11575=FACE_OUTER_BOUND('',#11574,.F.);
#11576=ADVANCED_FACE('',(#11575),#11567,.F.);
#11577=CARTESIAN_POINT('',(1.596E0,-3.43E-1,-4.525E-1));
#11578=DIRECTION('',(1.E0,0.E0,0.E0));
#11579=DIRECTION('',(0.E0,1.E0,0.E0));
#11580=AXIS2_PLACEMENT_3D('',#11577,#11578,#11579);
#11581=PLANE('',#11580);
#11582=ORIENTED_EDGE('',*,*,#11558,.T.);
#11584=ORIENTED_EDGE('',*,*,#11583,.F.);
#11586=ORIENTED_EDGE('',*,*,#11585,.T.);
#11587=ORIENTED_EDGE('',*,*,#11569,.F.);
#11588=EDGE_LOOP('',(#11582,#11584,#11586,#11587));
#11589=FACE_OUTER_BOUND('',#11588,.F.);
#11590=ADVANCED_FACE('',(#11589),#11581,.T.);
#11591=CARTESIAN_POINT('',(1.5875E0,-2.585E-1,-2.525E-1));
#11592=DIRECTION('',(0.E0,0.E0,-1.E0));
#11593=DIRECTION('',(0.E0,1.E0,0.E0));
#11594=AXIS2_PLACEMENT_3D('',#11591,#11592,#11593);
#11595=PLANE('',#11594);
#11596=ORIENTED_EDGE('',*,*,#11556,.F.);
#11597=ORIENTED_EDGE('',*,*,#11486,.T.);
#11599=ORIENTED_EDGE('',*,*,#11598,.F.);
#11600=ORIENTED_EDGE('',*,*,#11583,.T.);
#11601=EDGE_LOOP('',(#11596,#11597,#11599,#11600));
#11602=FACE_OUTER_BOUND('',#11601,.F.);
#11603=ADVANCED_FACE('',(#11602),#11595,.T.);
#11604=CARTESIAN_POINT('',(1.5875E0,-3.43E-1,-1.6375E-1));
#11605=DIRECTION('',(0.E0,1.E0,0.E0));
#11606=DIRECTION('',(0.E0,0.E0,1.E0));
#11607=AXIS2_PLACEMENT_3D('',#11604,#11605,#11606);
#11608=PLANE('',#11607);
#11609=ORIENTED_EDGE('',*,*,#11598,.T.);
#11610=ORIENTED_EDGE('',*,*,#11484,.T.);
#11611=ORIENTED_EDGE('',*,*,#11571,.F.);
#11612=ORIENTED_EDGE('',*,*,#11585,.F.);
#11613=EDGE_LOOP('',(#11609,#11610,#11611,#11612));
#11614=FACE_OUTER_BOUND('',#11613,.F.);
#11615=ADVANCED_FACE('',(#11614),#11608,.F.);
#11616=CARTESIAN_POINT('',(1.5875E0,-2.585E-1,-1.525E-1));
#11617=DIRECTION('',(0.E0,0.E0,-1.E0));
#11618=DIRECTION('',(0.E0,1.E0,0.E0));
#11619=AXIS2_PLACEMENT_3D('',#11616,#11617,#11618);
#11620=PLANE('',#11619);
#11621=ORIENTED_EDGE('',*,*,#11529,.F.);
#11622=ORIENTED_EDGE('',*,*,#11478,.T.);
#11624=ORIENTED_EDGE('',*,*,#11623,.F.);
#11626=ORIENTED_EDGE('',*,*,#11625,.T.);
#11627=EDGE_LOOP('',(#11621,#11622,#11624,#11626));
#11628=FACE_OUTER_BOUND('',#11627,.F.);
#11629=ADVANCED_FACE('',(#11628),#11620,.T.);
#11630=CARTESIAN_POINT('',(1.5875E0,-3.43E-1,-1.6375E-1));
#11631=DIRECTION('',(0.E0,1.E0,0.E0));
#11632=DIRECTION('',(0.E0,0.E0,1.E0));
#11633=AXIS2_PLACEMENT_3D('',#11630,#11631,#11632);
#11634=PLANE('',#11633);
#11635=ORIENTED_EDGE('',*,*,#11623,.T.);
#11636=ORIENTED_EDGE('',*,*,#11476,.T.);
#11638=ORIENTED_EDGE('',*,*,#11637,.F.);
#11640=ORIENTED_EDGE('',*,*,#11639,.F.);
#11641=EDGE_LOOP('',(#11635,#11636,#11638,#11640));
#11642=FACE_OUTER_BOUND('',#11641,.F.);
#11643=ADVANCED_FACE('',(#11642),#11634,.F.);
#11644=CARTESIAN_POINT('',(1.5875E0,-2.585E-1,-1.275E-1));
#11645=DIRECTION('',(0.E0,0.E0,-1.E0));
#11646=DIRECTION('',(0.E0,1.E0,0.E0));
#11647=AXIS2_PLACEMENT_3D('',#11644,#11645,#11646);
#11648=PLANE('',#11647);
#11649=ORIENTED_EDGE('',*,*,#11533,.F.);
#11651=ORIENTED_EDGE('',*,*,#11650,.T.);
#11652=ORIENTED_EDGE('',*,*,#11637,.T.);
#11653=ORIENTED_EDGE('',*,*,#11474,.T.);
#11654=EDGE_LOOP('',(#11649,#11651,#11652,#11653));
#11655=FACE_OUTER_BOUND('',#11654,.F.);
#11656=ADVANCED_FACE('',(#11655),#11648,.F.);
#11657=CARTESIAN_POINT('',(1.596E0,-3.43E-1,-4.525E-1));
#11658=DIRECTION('',(1.E0,0.E0,0.E0));
#11659=DIRECTION('',(0.E0,1.E0,0.E0));
#11660=AXIS2_PLACEMENT_3D('',#11657,#11658,#11659);
#11661=PLANE('',#11660);
#11662=ORIENTED_EDGE('',*,*,#11531,.T.);
#11663=ORIENTED_EDGE('',*,*,#11625,.F.);
#11664=ORIENTED_EDGE('',*,*,#11639,.T.);
#11665=ORIENTED_EDGE('',*,*,#11650,.F.);
#11666=EDGE_LOOP('',(#11662,#11663,#11664,#11665));
#11667=FACE_OUTER_BOUND('',#11666,.F.);
#11668=ADVANCED_FACE('',(#11667),#11661,.T.);
#11669=CARTESIAN_POINT('',(1.6175E0,-1.68E-1,-4.65E-1));
#11670=DIRECTION('',(1.E0,0.E0,0.E0));
#11671=DIRECTION('',(0.E0,-1.E0,0.E0));
#11672=AXIS2_PLACEMENT_3D('',#11669,#11670,#11671);
#11673=PLANE('',#11672);
#11674=ORIENTED_EDGE('',*,*,#11184,.T.);
#11675=ORIENTED_EDGE('',*,*,#11537,.T.);
#11676=ORIENTED_EDGE('',*,*,#11459,.T.);
#11677=ORIENTED_EDGE('',*,*,#10812,.F.);
#11678=EDGE_LOOP('',(#11674,#11675,#11676,#11677));
#11679=FACE_OUTER_BOUND('',#11678,.F.);
#11680=ADVANCED_FACE('',(#11679),#11673,.F.);
#11681=CARTESIAN_POINT('',(1.5824E0,0.E0,4.65E-1));
#11682=DIRECTION('',(-1.E0,0.E0,0.E0));
#11683=DIRECTION('',(0.E0,0.E0,1.E0));
#11684=AXIS2_PLACEMENT_3D('',#11681,#11682,#11683);
#11685=PLANE('',#11684);
#11687=ORIENTED_EDGE('',*,*,#11686,.F.);
#11688=ORIENTED_EDGE('',*,*,#11540,.F.);
#11689=ORIENTED_EDGE('',*,*,#11180,.T.);
#11690=ORIENTED_EDGE('',*,*,#11252,.F.);
#11692=ORIENTED_EDGE('',*,*,#11691,.T.);
#11694=ORIENTED_EDGE('',*,*,#11693,.T.);
#11696=ORIENTED_EDGE('',*,*,#11695,.T.);
#11698=ORIENTED_EDGE('',*,*,#11697,.F.);
#11699=EDGE_LOOP('',(#11687,#11688,#11689,#11690,#11692,#11694,#11696,#11698));
#11700=FACE_OUTER_BOUND('',#11699,.F.);
#11701=ADVANCED_FACE('',(#11700),#11685,.T.);
#11702=CARTESIAN_POINT('',(1.5875E0,-9.075E-2,-4.525E-1));
#11703=DIRECTION('',(0.E0,0.E0,-1.E0));
#11704=DIRECTION('',(0.E0,1.E0,0.E0));
#11705=AXIS2_PLACEMENT_3D('',#11702,#11703,#11704);
#11706=PLANE('',#11705);
#11707=ORIENTED_EDGE('',*,*,#11686,.T.);
#11709=ORIENTED_EDGE('',*,*,#11708,.F.);
#11710=ORIENTED_EDGE('',*,*,#11502,.F.);
#11712=ORIENTED_EDGE('',*,*,#11711,.F.);
#11714=ORIENTED_EDGE('',*,*,#11713,.T.);
#11715=ORIENTED_EDGE('',*,*,#11542,.F.);
#11716=EDGE_LOOP('',(#11707,#11709,#11710,#11712,#11714,#11715));
#11717=FACE_OUTER_BOUND('',#11716,.F.);
#11718=ADVANCED_FACE('',(#11717),#11706,.T.);
#11719=CARTESIAN_POINT('',(1.5875E0,1.53E-1,-1.6375E-1));
#11720=DIRECTION('',(0.E0,-1.E0,0.E0));
#11721=DIRECTION('',(0.E0,0.E0,1.E0));
#11722=AXIS2_PLACEMENT_3D('',#11719,#11720,#11721);
#11723=PLANE('',#11722);
#11724=ORIENTED_EDGE('',*,*,#11697,.T.);
#11726=ORIENTED_EDGE('',*,*,#11725,.F.);
#11727=ORIENTED_EDGE('',*,*,#11504,.F.);
#11728=ORIENTED_EDGE('',*,*,#11708,.T.);
#11729=EDGE_LOOP('',(#11724,#11726,#11727,#11728));
#11730=FACE_OUTER_BOUND('',#11729,.F.);
#11731=ADVANCED_FACE('',(#11730),#11723,.F.);
#11732=CARTESIAN_POINT('',(1.5875E0,-9.075E-2,1.25E-1));
#11733=DIRECTION('',(0.E0,0.E0,-1.E0));
#11734=DIRECTION('',(0.E0,1.E0,0.E0));
#11735=AXIS2_PLACEMENT_3D('',#11732,#11733,#11734);
#11736=PLANE('',#11735);
#11737=ORIENTED_EDGE('',*,*,#11695,.F.);
#11739=ORIENTED_EDGE('',*,*,#11738,.T.);
#11740=ORIENTED_EDGE('',*,*,#11506,.T.);
#11741=ORIENTED_EDGE('',*,*,#11725,.T.);
#11742=EDGE_LOOP('',(#11737,#11739,#11740,#11741));
#11743=FACE_OUTER_BOUND('',#11742,.F.);
#11744=ADVANCED_FACE('',(#11743),#11736,.F.);
#11745=CARTESIAN_POINT('',(1.5875E0,1.271E-1,2.925E-1));
#11746=DIRECTION('',(0.E0,9.907833155514E-1,1.354563458276E-1));
#11747=DIRECTION('',(0.E0,-1.354563458276E-1,9.907833155514E-1));
#11748=AXIS2_PLACEMENT_3D('',#11745,#11746,#11747);
#11749=PLANE('',#11748);
#11751=ORIENTED_EDGE('',*,*,#11750,.T.);
#11753=ORIENTED_EDGE('',*,*,#11752,.T.);
#11755=ORIENTED_EDGE('',*,*,#11754,.T.);
#11756=ORIENTED_EDGE('',*,*,#11508,.F.);
#11757=ORIENTED_EDGE('',*,*,#11738,.F.);
#11758=ORIENTED_EDGE('',*,*,#11693,.F.);
#11759=EDGE_LOOP('',(#11751,#11753,#11755,#11756,#11757,#11758));
#11760=FACE_OUTER_BOUND('',#11759,.F.);
#11761=ADVANCED_FACE('',(#11760),#11749,.T.);
#11762=CARTESIAN_POINT('',(0.E0,0.E0,1.4E-1));
#11763=DIRECTION('',(0.E0,0.E0,1.E0));
#11764=DIRECTION('',(1.E0,0.E0,0.E0));
#11765=AXIS2_PLACEMENT_3D('',#11762,#11763,#11764);
#11766=PLANE('',#11765);
#11768=ORIENTED_EDGE('',*,*,#11767,.F.);
#11770=ORIENTED_EDGE('',*,*,#11769,.F.);
#11772=ORIENTED_EDGE('',*,*,#11771,.F.);
#11774=ORIENTED_EDGE('',*,*,#11773,.T.);
#11776=ORIENTED_EDGE('',*,*,#11775,.T.);
#11778=ORIENTED_EDGE('',*,*,#11777,.F.);
#11780=ORIENTED_EDGE('',*,*,#11779,.F.);
#11782=ORIENTED_EDGE('',*,*,#11781,.F.);
#11784=ORIENTED_EDGE('',*,*,#11783,.F.);
#11786=ORIENTED_EDGE('',*,*,#11785,.T.);
#11788=ORIENTED_EDGE('',*,*,#11787,.T.);
#11790=ORIENTED_EDGE('',*,*,#11789,.F.);
#11791=EDGE_LOOP('',(#11768,#11770,#11772,#11774,#11776,#11778,#11780,#11782,
#11784,#11786,#11788,#11790));
#11792=FACE_OUTER_BOUND('',#11791,.F.);
#11794=ORIENTED_EDGE('',*,*,#11793,.T.);
#11796=ORIENTED_EDGE('',*,*,#11795,.F.);
#11798=ORIENTED_EDGE('',*,*,#11797,.F.);
#11800=ORIENTED_EDGE('',*,*,#11799,.F.);
#11802=ORIENTED_EDGE('',*,*,#11801,.F.);
#11804=ORIENTED_EDGE('',*,*,#11803,.T.);
#11806=ORIENTED_EDGE('',*,*,#11805,.F.);
#11808=ORIENTED_EDGE('',*,*,#11807,.F.);
#11810=ORIENTED_EDGE('',*,*,#11809,.F.);
#11812=ORIENTED_EDGE('',*,*,#11811,.F.);
#11814=ORIENTED_EDGE('',*,*,#11813,.F.);
#11816=ORIENTED_EDGE('',*,*,#11815,.T.);
#11817=EDGE_LOOP('',(#11794,#11796,#11798,#11800,#11802,#11804,#11806,#11808,
#11810,#11812,#11814,#11816));
#11818=FACE_BOUND('',#11817,.F.);
#11820=ORIENTED_EDGE('',*,*,#11819,.T.);
#11822=ORIENTED_EDGE('',*,*,#11821,.F.);
#11824=ORIENTED_EDGE('',*,*,#11823,.F.);
#11826=ORIENTED_EDGE('',*,*,#11825,.F.);
#11828=ORIENTED_EDGE('',*,*,#11827,.F.);
#11830=ORIENTED_EDGE('',*,*,#11829,.T.);
#11832=ORIENTED_EDGE('',*,*,#11831,.F.);
#11834=ORIENTED_EDGE('',*,*,#11833,.F.);
#11836=ORIENTED_EDGE('',*,*,#11835,.F.);
#11838=ORIENTED_EDGE('',*,*,#11837,.F.);
#11840=ORIENTED_EDGE('',*,*,#11839,.F.);
#11842=ORIENTED_EDGE('',*,*,#11841,.T.);
#11843=EDGE_LOOP('',(#11820,#11822,#11824,#11826,#11828,#11830,#11832,#11834,
#11836,#11838,#11840,#11842));
#11844=FACE_BOUND('',#11843,.F.);
#11846=ORIENTED_EDGE('',*,*,#11845,.T.);
#11848=ORIENTED_EDGE('',*,*,#11847,.F.);
#11850=ORIENTED_EDGE('',*,*,#11849,.F.);
#11852=ORIENTED_EDGE('',*,*,#11851,.F.);
#11854=ORIENTED_EDGE('',*,*,#11853,.F.);
#11856=ORIENTED_EDGE('',*,*,#11855,.T.);
#11858=ORIENTED_EDGE('',*,*,#11857,.F.);
#11860=ORIENTED_EDGE('',*,*,#11859,.F.);
#11862=ORIENTED_EDGE('',*,*,#11861,.F.);
#11864=ORIENTED_EDGE('',*,*,#11863,.F.);
#11866=ORIENTED_EDGE('',*,*,#11865,.F.);
#11868=ORIENTED_EDGE('',*,*,#11867,.T.);
#11869=EDGE_LOOP('',(#11846,#11848,#11850,#11852,#11854,#11856,#11858,#11860,
#11862,#11864,#11866,#11868));
#11870=FACE_BOUND('',#11869,.F.);
#11872=ORIENTED_EDGE('',*,*,#11871,.T.);
#11874=ORIENTED_EDGE('',*,*,#11873,.F.);
#11876=ORIENTED_EDGE('',*,*,#11875,.F.);
#11878=ORIENTED_EDGE('',*,*,#11877,.F.);
#11880=ORIENTED_EDGE('',*,*,#11879,.F.);
#11882=ORIENTED_EDGE('',*,*,#11881,.T.);
#11884=ORIENTED_EDGE('',*,*,#11883,.F.);
#11886=ORIENTED_EDGE('',*,*,#11885,.F.);
#11888=ORIENTED_EDGE('',*,*,#11887,.F.);
#11890=ORIENTED_EDGE('',*,*,#11889,.F.);
#11892=ORIENTED_EDGE('',*,*,#11891,.F.);
#11894=ORIENTED_EDGE('',*,*,#11893,.T.);
#11895=EDGE_LOOP('',(#11872,#11874,#11876,#11878,#11880,#11882,#11884,#11886,
#11888,#11890,#11892,#11894));
#11896=FACE_BOUND('',#11895,.F.);
#11898=ORIENTED_EDGE('',*,*,#11897,.T.);
#11900=ORIENTED_EDGE('',*,*,#11899,.F.);
#11902=ORIENTED_EDGE('',*,*,#11901,.F.);
#11904=ORIENTED_EDGE('',*,*,#11903,.F.);
#11906=ORIENTED_EDGE('',*,*,#11905,.F.);
#11908=ORIENTED_EDGE('',*,*,#11907,.T.);
#11910=ORIENTED_EDGE('',*,*,#11909,.F.);
#11912=ORIENTED_EDGE('',*,*,#11911,.F.);
#11914=ORIENTED_EDGE('',*,*,#11913,.F.);
#11916=ORIENTED_EDGE('',*,*,#11915,.F.);
#11918=ORIENTED_EDGE('',*,*,#11917,.F.);
#11920=ORIENTED_EDGE('',*,*,#11919,.T.);
#11921=EDGE_LOOP('',(#11898,#11900,#11902,#11904,#11906,#11908,#11910,#11912,
#11914,#11916,#11918,#11920));
#11922=FACE_BOUND('',#11921,.F.);
#11924=ORIENTED_EDGE('',*,*,#11923,.T.);
#11925=ORIENTED_EDGE('',*,*,#11750,.F.);
#11926=ORIENTED_EDGE('',*,*,#11691,.F.);
#11927=ORIENTED_EDGE('',*,*,#11250,.F.);
#11928=ORIENTED_EDGE('',*,*,#11278,.F.);
#11930=ORIENTED_EDGE('',*,*,#11929,.T.);
#11932=ORIENTED_EDGE('',*,*,#11931,.F.);
#11934=ORIENTED_EDGE('',*,*,#11933,.F.);
#11936=ORIENTED_EDGE('',*,*,#11935,.F.);
#11938=ORIENTED_EDGE('',*,*,#11937,.F.);
#11940=ORIENTED_EDGE('',*,*,#11939,.F.);
#11942=ORIENTED_EDGE('',*,*,#11941,.T.);
#11943=EDGE_LOOP('',(#11924,#11925,#11926,#11927,#11928,#11930,#11932,#11934,
#11936,#11938,#11940,#11942));
#11944=FACE_BOUND('',#11943,.F.);
#11946=ORIENTED_EDGE('',*,*,#11945,.F.);
#11948=ORIENTED_EDGE('',*,*,#11947,.T.);
#11950=ORIENTED_EDGE('',*,*,#11949,.T.);
#11952=ORIENTED_EDGE('',*,*,#11951,.F.);
#11953=EDGE_LOOP('',(#11946,#11948,#11950,#11952));
#11954=FACE_BOUND('',#11953,.F.);
#11956=ORIENTED_EDGE('',*,*,#11955,.F.);
#11958=ORIENTED_EDGE('',*,*,#11957,.T.);
#11960=ORIENTED_EDGE('',*,*,#11959,.T.);
#11962=ORIENTED_EDGE('',*,*,#11961,.F.);
#11963=EDGE_LOOP('',(#11956,#11958,#11960,#11962));
#11964=FACE_BOUND('',#11963,.F.);
#11966=ORIENTED_EDGE('',*,*,#11965,.F.);
#11968=ORIENTED_EDGE('',*,*,#11967,.T.);
#11970=ORIENTED_EDGE('',*,*,#11969,.T.);
#11972=ORIENTED_EDGE('',*,*,#11971,.F.);
#11973=EDGE_LOOP('',(#11966,#11968,#11970,#11972));
#11974=FACE_BOUND('',#11973,.F.);
#11976=ORIENTED_EDGE('',*,*,#11975,.F.);
#11978=ORIENTED_EDGE('',*,*,#11977,.T.);
#11980=ORIENTED_EDGE('',*,*,#11979,.T.);
#11982=ORIENTED_EDGE('',*,*,#11981,.F.);
#11983=EDGE_LOOP('',(#11976,#11978,#11980,#11982));
#11984=FACE_BOUND('',#11983,.F.);
#11986=ORIENTED_EDGE('',*,*,#11985,.F.);
#11988=ORIENTED_EDGE('',*,*,#11987,.T.);
#11990=ORIENTED_EDGE('',*,*,#11989,.T.);
#11992=ORIENTED_EDGE('',*,*,#11991,.F.);
#11993=EDGE_LOOP('',(#11986,#11988,#11990,#11992));
#11994=FACE_BOUND('',#11993,.F.);
#11996=ORIENTED_EDGE('',*,*,#11995,.F.);
#11998=ORIENTED_EDGE('',*,*,#11997,.T.);
#12000=ORIENTED_EDGE('',*,*,#11999,.T.);
#12002=ORIENTED_EDGE('',*,*,#12001,.F.);
#12003=EDGE_LOOP('',(#11996,#11998,#12000,#12002));
#12004=FACE_BOUND('',#12003,.F.);
#12006=ORIENTED_EDGE('',*,*,#12005,.F.);
#12008=ORIENTED_EDGE('',*,*,#12007,.T.);
#12010=ORIENTED_EDGE('',*,*,#12009,.T.);
#12012=ORIENTED_EDGE('',*,*,#12011,.F.);
#12013=EDGE_LOOP('',(#12006,#12008,#12010,#12012));
#12014=FACE_BOUND('',#12013,.F.);
#12016=ORIENTED_EDGE('',*,*,#12015,.F.);
#12018=ORIENTED_EDGE('',*,*,#12017,.T.);
#12020=ORIENTED_EDGE('',*,*,#12019,.T.);
#12022=ORIENTED_EDGE('',*,*,#12021,.F.);
#12023=EDGE_LOOP('',(#12016,#12018,#12020,#12022));
#12024=FACE_BOUND('',#12023,.F.);
#12026=ORIENTED_EDGE('',*,*,#12025,.F.);
#12028=ORIENTED_EDGE('',*,*,#12027,.T.);
#12030=ORIENTED_EDGE('',*,*,#12029,.T.);
#12032=ORIENTED_EDGE('',*,*,#12031,.F.);
#12033=EDGE_LOOP('',(#12026,#12028,#12030,#12032));
#12034=FACE_BOUND('',#12033,.F.);
#12036=ORIENTED_EDGE('',*,*,#12035,.F.);
#12038=ORIENTED_EDGE('',*,*,#12037,.T.);
#12040=ORIENTED_EDGE('',*,*,#12039,.T.);
#12042=ORIENTED_EDGE('',*,*,#12041,.F.);
#12043=EDGE_LOOP('',(#12036,#12038,#12040,#12042));
#12044=FACE_BOUND('',#12043,.F.);
#12046=ORIENTED_EDGE('',*,*,#12045,.F.);
#12048=ORIENTED_EDGE('',*,*,#12047,.T.);
#12050=ORIENTED_EDGE('',*,*,#12049,.T.);
#12052=ORIENTED_EDGE('',*,*,#12051,.F.);
#12053=EDGE_LOOP('',(#12046,#12048,#12050,#12052));
#12054=FACE_BOUND('',#12053,.F.);
#12056=ORIENTED_EDGE('',*,*,#12055,.F.);
#12058=ORIENTED_EDGE('',*,*,#12057,.T.);
#12060=ORIENTED_EDGE('',*,*,#12059,.T.);
#12062=ORIENTED_EDGE('',*,*,#12061,.F.);
#12063=EDGE_LOOP('',(#12056,#12058,#12060,#12062));
#12064=FACE_BOUND('',#12063,.F.);
#12066=ORIENTED_EDGE('',*,*,#12065,.F.);
#12068=ORIENTED_EDGE('',*,*,#12067,.T.);
#12070=ORIENTED_EDGE('',*,*,#12069,.T.);
#12072=ORIENTED_EDGE('',*,*,#12071,.F.);
#12073=EDGE_LOOP('',(#12066,#12068,#12070,#12072));
#12074=FACE_BOUND('',#12073,.F.);
#12076=ORIENTED_EDGE('',*,*,#12075,.F.);
#12078=ORIENTED_EDGE('',*,*,#12077,.T.);
#12080=ORIENTED_EDGE('',*,*,#12079,.T.);
#12082=ORIENTED_EDGE('',*,*,#12081,.F.);
#12083=EDGE_LOOP('',(#12076,#12078,#12080,#12082));
#12084=FACE_BOUND('',#12083,.F.);
#12086=ORIENTED_EDGE('',*,*,#12085,.F.);
#12088=ORIENTED_EDGE('',*,*,#12087,.T.);
#12090=ORIENTED_EDGE('',*,*,#12089,.T.);
#12092=ORIENTED_EDGE('',*,*,#12091,.F.);
#12093=EDGE_LOOP('',(#12086,#12088,#12090,#12092));
#12094=FACE_BOUND('',#12093,.F.);
#12096=ORIENTED_EDGE('',*,*,#12095,.F.);
#12098=ORIENTED_EDGE('',*,*,#12097,.T.);
#12100=ORIENTED_EDGE('',*,*,#12099,.T.);
#12102=ORIENTED_EDGE('',*,*,#12101,.F.);
#12103=EDGE_LOOP('',(#12096,#12098,#12100,#12102));
#12104=FACE_BOUND('',#12103,.F.);
#12106=ORIENTED_EDGE('',*,*,#12105,.F.);
#12108=ORIENTED_EDGE('',*,*,#12107,.T.);
#12110=ORIENTED_EDGE('',*,*,#12109,.T.);
#12112=ORIENTED_EDGE('',*,*,#12111,.F.);
#12113=EDGE_LOOP('',(#12106,#12108,#12110,#12112));
#12114=FACE_BOUND('',#12113,.F.);
#12116=ORIENTED_EDGE('',*,*,#12115,.F.);
#12118=ORIENTED_EDGE('',*,*,#12117,.T.);
#12120=ORIENTED_EDGE('',*,*,#12119,.T.);
#12122=ORIENTED_EDGE('',*,*,#12121,.F.);
#12123=EDGE_LOOP('',(#12116,#12118,#12120,#12122));
#12124=FACE_BOUND('',#12123,.F.);
#12126=ORIENTED_EDGE('',*,*,#12125,.F.);
#12128=ORIENTED_EDGE('',*,*,#12127,.T.);
#12130=ORIENTED_EDGE('',*,*,#12129,.T.);
#12132=ORIENTED_EDGE('',*,*,#12131,.F.);
#12133=EDGE_LOOP('',(#12126,#12128,#12130,#12132));
#12134=FACE_BOUND('',#12133,.F.);
#12136=ORIENTED_EDGE('',*,*,#12135,.F.);
#12138=ORIENTED_EDGE('',*,*,#12137,.T.);
#12140=ORIENTED_EDGE('',*,*,#12139,.T.);
#12142=ORIENTED_EDGE('',*,*,#12141,.F.);
#12143=EDGE_LOOP('',(#12136,#12138,#12140,#12142));
#12144=FACE_BOUND('',#12143,.F.);
#12145=ADVANCED_FACE('',(#11792,#11818,#11844,#11870,#11896,#11922,#11944,
#11954,#11964,#11974,#11984,#11994,#12004,#12014,#12024,#12034,#12044,#12054,
#12064,#12074,#12084,#12094,#12104,#12114,#12124,#12134,#12144),#11766,.T.);
#12146=CARTESIAN_POINT('',(9.63816E-2,2.37E-1,1.6E-1));
#12147=DIRECTION('',(1.E0,0.E0,0.E0));
#12148=DIRECTION('',(0.E0,0.E0,-1.E0));
#12149=AXIS2_PLACEMENT_3D('',#12146,#12147,#12148);
#12150=CYLINDRICAL_SURFACE('',#12149,2.E-2);
#12152=ORIENTED_EDGE('',*,*,#12151,.T.);
#12154=ORIENTED_EDGE('',*,*,#12153,.T.);
#12155=ORIENTED_EDGE('',*,*,#11767,.T.);
#12157=ORIENTED_EDGE('',*,*,#12156,.T.);
#12158=EDGE_LOOP('',(#12152,#12154,#12155,#12157));
#12159=FACE_OUTER_BOUND('',#12158,.F.);
#12160=ADVANCED_FACE('',(#12159),#12150,.F.);
#12161=CARTESIAN_POINT('',(1.625E-1,2.57E-1,4.65E-1));
#12162=DIRECTION('',(0.E0,1.E0,0.E0));
#12163=DIRECTION('',(-1.E0,0.E0,0.E0));
#12164=AXIS2_PLACEMENT_3D('',#12161,#12162,#12163);
#12165=PLANE('',#12164);
#12166=ORIENTED_EDGE('',*,*,#11006,.T.);
#12168=ORIENTED_EDGE('',*,*,#12167,.T.);
#12169=ORIENTED_EDGE('',*,*,#12151,.F.);
#12171=ORIENTED_EDGE('',*,*,#12170,.F.);
#12172=EDGE_LOOP('',(#12166,#12168,#12169,#12171));
#12173=FACE_OUTER_BOUND('',#12172,.F.);
#12174=ADVANCED_FACE('',(#12173),#12165,.F.);
#12175=CARTESIAN_POINT('',(2.2125E0,2.02E-1,4.65E-1));
#12176=DIRECTION('',(1.E0,0.E0,0.E0));
#12177=DIRECTION('',(0.E0,1.E0,0.E0));
#12178=AXIS2_PLACEMENT_3D('',#12175,#12176,#12177);
#12179=PLANE('',#12178);
#12180=ORIENTED_EDGE('',*,*,#12153,.F.);
#12181=ORIENTED_EDGE('',*,*,#12167,.F.);
#12182=ORIENTED_EDGE('',*,*,#11004,.F.);
#12184=ORIENTED_EDGE('',*,*,#12183,.T.);
#12185=ORIENTED_EDGE('',*,*,#11769,.T.);
#12186=EDGE_LOOP('',(#12180,#12181,#12182,#12184,#12185));
#12187=FACE_OUTER_BOUND('',#12186,.F.);
#12188=ADVANCED_FACE('',(#12187),#12179,.F.);
#12189=CARTESIAN_POINT('',(2.3125E0,2.02E-1,4.65E-1));
#12190=DIRECTION('',(0.E0,1.E0,0.E0));
#12191=DIRECTION('',(-1.E0,0.E0,0.E0));
#12192=AXIS2_PLACEMENT_3D('',#12189,#12190,#12191);
#12193=PLANE('',#12192);
#12195=ORIENTED_EDGE('',*,*,#12194,.F.);
#12196=ORIENTED_EDGE('',*,*,#11771,.T.);
#12197=ORIENTED_EDGE('',*,*,#12183,.F.);
#12198=ORIENTED_EDGE('',*,*,#11002,.T.);
#12200=ORIENTED_EDGE('',*,*,#12199,.T.);
#12202=ORIENTED_EDGE('',*,*,#12201,.T.);
#12204=ORIENTED_EDGE('',*,*,#12203,.T.);
#12205=EDGE_LOOP('',(#12195,#12196,#12197,#12198,#12200,#12202,#12204));
#12206=FACE_OUTER_BOUND('',#12205,.F.);
#12207=ADVANCED_FACE('',(#12206),#12193,.F.);
#12208=CARTESIAN_POINT('',(2.1625E0,-2.87E-1,-2.6E-1));
#12209=DIRECTION('',(1.E0,0.E0,0.E0));
#12210=DIRECTION('',(0.E0,1.E0,0.E0));
#12211=AXIS2_PLACEMENT_3D('',#12208,#12209,#12210);
#12212=PLANE('',#12211);
#12214=ORIENTED_EDGE('',*,*,#12213,.F.);
#12216=ORIENTED_EDGE('',*,*,#12215,.F.);
#12217=ORIENTED_EDGE('',*,*,#11773,.F.);
#12218=ORIENTED_EDGE('',*,*,#12194,.T.);
#12219=EDGE_LOOP('',(#12214,#12216,#12217,#12218));
#12220=FACE_OUTER_BOUND('',#12219,.F.);
#12221=ADVANCED_FACE('',(#12220),#12212,.T.);
#12222=CARTESIAN_POINT('',(2.325E0,0.E0,-4.7E-2));
#12223=DIRECTION('',(0.E0,0.E0,1.E0));
#12224=DIRECTION('',(1.E0,0.E0,0.E0));
#12225=AXIS2_PLACEMENT_3D('',#12222,#12223,#12224);
#12226=PLANE('',#12225);
#12227=ORIENTED_EDGE('',*,*,#12213,.T.);
#12228=ORIENTED_EDGE('',*,*,#12203,.F.);
#12230=ORIENTED_EDGE('',*,*,#12229,.T.);
#12232=ORIENTED_EDGE('',*,*,#12231,.F.);
#12234=ORIENTED_EDGE('',*,*,#12233,.F.);
#12236=ORIENTED_EDGE('',*,*,#12235,.F.);
#12237=EDGE_LOOP('',(#12227,#12228,#12230,#12232,#12234,#12236));
#12238=FACE_OUTER_BOUND('',#12237,.F.);
#12239=ADVANCED_FACE('',(#12238),#12226,.T.);
#12240=CARTESIAN_POINT('',(2.1975E0,1.2E-2,-4.65E-1));
#12241=DIRECTION('',(-1.E0,0.E0,0.E0));
#12242=DIRECTION('',(0.E0,1.E0,0.E0));
#12243=AXIS2_PLACEMENT_3D('',#12240,#12241,#12242);
#12244=PLANE('',#12243);
#12246=ORIENTED_EDGE('',*,*,#12245,.T.);
#12248=ORIENTED_EDGE('',*,*,#12247,.T.);
#12249=ORIENTED_EDGE('',*,*,#12229,.F.);
#12251=ORIENTED_EDGE('',*,*,#12250,.T.);
#12252=ORIENTED_EDGE('',*,*,#11032,.F.);
#12253=EDGE_LOOP('',(#12246,#12248,#12249,#12251,#12252));
#12254=FACE_OUTER_BOUND('',#12253,.F.);
#12255=ADVANCED_FACE('',(#12254),#12244,.F.);
#12256=CARTESIAN_POINT('',(2.325E0,0.E0,-4.65E-1));
#12257=DIRECTION('',(0.E0,0.E0,1.E0));
#12258=DIRECTION('',(1.E0,0.E0,0.E0));
#12259=AXIS2_PLACEMENT_3D('',#12256,#12257,#12258);
#12260=PLANE('',#12259);
#12262=ORIENTED_EDGE('',*,*,#12261,.F.);
#12264=ORIENTED_EDGE('',*,*,#12263,.T.);
#12265=ORIENTED_EDGE('',*,*,#12245,.F.);
#12266=ORIENTED_EDGE('',*,*,#11030,.T.);
#12267=ORIENTED_EDGE('',*,*,#11125,.T.);
#12268=ORIENTED_EDGE('',*,*,#10798,.T.);
#12269=EDGE_LOOP('',(#12262,#12264,#12265,#12266,#12267,#12268));
#12270=FACE_OUTER_BOUND('',#12269,.F.);
#12271=ADVANCED_FACE('',(#12270),#12260,.F.);
#12272=CARTESIAN_POINT('',(2.4355E0,3.02648E-1,-4.13E-1));
#12273=DIRECTION('',(0.E0,-1.E0,0.E0));
#12274=DIRECTION('',(0.E0,0.E0,-1.E0));
#12275=AXIS2_PLACEMENT_3D('',#12272,#12273,#12274);
#12276=CYLINDRICAL_SURFACE('',#12275,5.2E-2);
#12277=ORIENTED_EDGE('',*,*,#10796,.T.);
#12279=ORIENTED_EDGE('',*,*,#12278,.F.);
#12281=ORIENTED_EDGE('',*,*,#12280,.T.);
#12282=ORIENTED_EDGE('',*,*,#12261,.T.);
#12283=EDGE_LOOP('',(#12277,#12279,#12281,#12282));
#12284=FACE_OUTER_BOUND('',#12283,.F.);
#12285=ADVANCED_FACE('',(#12284),#12276,.T.);
#12286=CARTESIAN_POINT('',(2.4875E0,-2.87E-1,-4.65E-1));
#12287=DIRECTION('',(1.E0,0.E0,0.E0));
#12288=DIRECTION('',(0.E0,1.E0,0.E0));
#12289=AXIS2_PLACEMENT_3D('',#12286,#12287,#12288);
#12290=PLANE('',#12289);
#12291=ORIENTED_EDGE('',*,*,#12278,.T.);
#12292=ORIENTED_EDGE('',*,*,#10794,.T.);
#12293=ORIENTED_EDGE('',*,*,#10957,.F.);
#12294=ORIENTED_EDGE('',*,*,#10972,.T.);
#12295=ORIENTED_EDGE('',*,*,#10987,.T.);
#12296=ORIENTED_EDGE('',*,*,#11036,.F.);
#12298=ORIENTED_EDGE('',*,*,#12297,.T.);
#12300=ORIENTED_EDGE('',*,*,#12299,.F.);
#12301=EDGE_LOOP('',(#12291,#12292,#12293,#12294,#12295,#12296,#12298,#12300));
#12302=FACE_OUTER_BOUND('',#12301,.F.);
#12303=ADVANCED_FACE('',(#12302),#12290,.T.);
#12304=CARTESIAN_POINT('',(2.325E0,0.E0,-4.7E-2));
#12305=DIRECTION('',(0.E0,0.E0,-1.E0));
#12306=DIRECTION('',(-1.E0,0.E0,0.E0));
#12307=AXIS2_PLACEMENT_3D('',#12304,#12305,#12306);
#12308=PLANE('',#12307);
#12309=ORIENTED_EDGE('',*,*,#12297,.F.);
#12310=ORIENTED_EDGE('',*,*,#11034,.T.);
#12311=ORIENTED_EDGE('',*,*,#12250,.F.);
#12312=ORIENTED_EDGE('',*,*,#12201,.F.);
#12314=ORIENTED_EDGE('',*,*,#12313,.F.);
#12316=ORIENTED_EDGE('',*,*,#12315,.F.);
#12317=EDGE_LOOP('',(#12309,#12310,#12311,#12312,#12314,#12316));
#12318=FACE_OUTER_BOUND('',#12317,.F.);
#12319=ADVANCED_FACE('',(#12318),#12308,.T.);
#12320=CARTESIAN_POINT('',(2.3125E0,7.E-2,4.65E-1));
#12321=DIRECTION('',(0.E0,0.E0,1.E0));
#12322=DIRECTION('',(1.E0,0.E0,0.E0));
#12323=AXIS2_PLACEMENT_3D('',#12320,#12321,#12322);
#12324=CYLINDRICAL_SURFACE('',#12323,1.32E-1);
#12325=ORIENTED_EDGE('',*,*,#12313,.T.);
#12326=ORIENTED_EDGE('',*,*,#12199,.F.);
#12327=ORIENTED_EDGE('',*,*,#11000,.F.);
#12329=ORIENTED_EDGE('',*,*,#12328,.T.);
#12330=ORIENTED_EDGE('',*,*,#12233,.T.);
#12331=EDGE_LOOP('',(#12325,#12326,#12327,#12329,#12330));
#12332=FACE_OUTER_BOUND('',#12331,.F.);
#12333=ADVANCED_FACE('',(#12332),#12324,.F.);
#12334=CARTESIAN_POINT('',(2.1625E0,-6.2E-2,4.65E-1));
#12335=DIRECTION('',(0.E0,-1.E0,0.E0));
#12336=DIRECTION('',(1.E0,0.E0,0.E0));
#12337=AXIS2_PLACEMENT_3D('',#12334,#12335,#12336);
#12338=PLANE('',#12337);
#12339=ORIENTED_EDGE('',*,*,#12215,.T.);
#12340=ORIENTED_EDGE('',*,*,#12235,.T.);
#12341=ORIENTED_EDGE('',*,*,#12328,.F.);
#12342=ORIENTED_EDGE('',*,*,#10998,.F.);
#12344=ORIENTED_EDGE('',*,*,#12343,.T.);
#12345=ORIENTED_EDGE('',*,*,#11775,.F.);
#12346=EDGE_LOOP('',(#12339,#12340,#12341,#12342,#12344,#12345));
#12347=FACE_OUTER_BOUND('',#12346,.F.);
#12348=ADVANCED_FACE('',(#12347),#12338,.F.);
#12349=CARTESIAN_POINT('',(2.2125E0,-2.57E-1,4.65E-1));
#12350=DIRECTION('',(1.E0,0.E0,0.E0));
#12351=DIRECTION('',(0.E0,1.E0,0.E0));
#12352=AXIS2_PLACEMENT_3D('',#12349,#12350,#12351);
#12353=PLANE('',#12352);
#12355=ORIENTED_EDGE('',*,*,#12354,.F.);
#12356=ORIENTED_EDGE('',*,*,#11777,.T.);
#12357=ORIENTED_EDGE('',*,*,#12343,.F.);
#12358=ORIENTED_EDGE('',*,*,#10996,.F.);
#12360=ORIENTED_EDGE('',*,*,#12359,.T.);
#12361=EDGE_LOOP('',(#12355,#12356,#12357,#12358,#12360));
#12362=FACE_OUTER_BOUND('',#12361,.F.);
#12363=ADVANCED_FACE('',(#12362),#12353,.F.);
#12364=CARTESIAN_POINT('',(1.772852E-1,-2.37E-1,1.6E-1));
#12365=DIRECTION('',(-1.E0,0.E0,0.E0));
#12366=DIRECTION('',(0.E0,0.E0,-1.E0));
#12367=AXIS2_PLACEMENT_3D('',#12364,#12365,#12366);
#12368=CYLINDRICAL_SURFACE('',#12367,2.E-2);
#12369=ORIENTED_EDGE('',*,*,#11779,.T.);
#12370=ORIENTED_EDGE('',*,*,#12354,.T.);
#12372=ORIENTED_EDGE('',*,*,#12371,.T.);
#12374=ORIENTED_EDGE('',*,*,#12373,.T.);
#12375=EDGE_LOOP('',(#12369,#12370,#12372,#12374));
#12376=FACE_OUTER_BOUND('',#12375,.F.);
#12377=ADVANCED_FACE('',(#12376),#12368,.F.);
#12378=CARTESIAN_POINT('',(1.125E-1,-2.57E-1,4.65E-1));
#12379=DIRECTION('',(0.E0,-1.E0,0.E0));
#12380=DIRECTION('',(1.E0,0.E0,0.E0));
#12381=AXIS2_PLACEMENT_3D('',#12378,#12379,#12380);
#12382=PLANE('',#12381);
#12383=ORIENTED_EDGE('',*,*,#12371,.F.);
#12384=ORIENTED_EDGE('',*,*,#12359,.F.);
#12385=ORIENTED_EDGE('',*,*,#10994,.T.);
#12387=ORIENTED_EDGE('',*,*,#12386,.T.);
#12388=EDGE_LOOP('',(#12383,#12384,#12385,#12387));
#12389=FACE_OUTER_BOUND('',#12388,.F.);
#12390=ADVANCED_FACE('',(#12389),#12382,.F.);
#12391=CARTESIAN_POINT('',(1.125E-1,2.57E-1,4.65E-1));
#12392=DIRECTION('',(-1.E0,0.E0,0.E0));
#12393=DIRECTION('',(0.E0,-1.E0,0.E0));
#12394=AXIS2_PLACEMENT_3D('',#12391,#12392,#12393);
#12395=PLANE('',#12394);
#12396=ORIENTED_EDGE('',*,*,#12373,.F.);
#12397=ORIENTED_EDGE('',*,*,#12386,.F.);
#12398=ORIENTED_EDGE('',*,*,#11016,.F.);
#12400=ORIENTED_EDGE('',*,*,#12399,.T.);
#12401=ORIENTED_EDGE('',*,*,#11781,.T.);
#12402=EDGE_LOOP('',(#12396,#12397,#12398,#12400,#12401));
#12403=FACE_OUTER_BOUND('',#12402,.F.);
#12404=ADVANCED_FACE('',(#12403),#12395,.F.);
#12405=CARTESIAN_POINT('',(1.25E-2,-6.2E-2,4.65E-1));
#12406=DIRECTION('',(0.E0,-1.E0,0.E0));
#12407=DIRECTION('',(1.E0,0.E0,0.E0));
#12408=AXIS2_PLACEMENT_3D('',#12405,#12406,#12407);
#12409=PLANE('',#12408);
#12411=ORIENTED_EDGE('',*,*,#12410,.T.);
#12412=ORIENTED_EDGE('',*,*,#11783,.T.);
#12413=ORIENTED_EDGE('',*,*,#12399,.F.);
#12414=ORIENTED_EDGE('',*,*,#11014,.T.);
#12416=ORIENTED_EDGE('',*,*,#12415,.T.);
#12418=ORIENTED_EDGE('',*,*,#12417,.T.);
#12419=EDGE_LOOP('',(#12411,#12412,#12413,#12414,#12416,#12418));
#12420=FACE_OUTER_BOUND('',#12419,.F.);
#12421=ADVANCED_FACE('',(#12420),#12409,.F.);
#12422=CARTESIAN_POINT('',(1.625E-1,-2.87E-1,4.65E-1));
#12423=DIRECTION('',(-1.E0,0.E0,0.E0));
#12424=DIRECTION('',(0.E0,1.E0,0.E0));
#12425=AXIS2_PLACEMENT_3D('',#12422,#12423,#12424);
#12426=PLANE('',#12425);
#12428=ORIENTED_EDGE('',*,*,#12427,.T.);
#12430=ORIENTED_EDGE('',*,*,#12429,.T.);
#12431=ORIENTED_EDGE('',*,*,#11785,.F.);
#12432=ORIENTED_EDGE('',*,*,#12410,.F.);
#12433=EDGE_LOOP('',(#12428,#12430,#12431,#12432));
#12434=FACE_OUTER_BOUND('',#12433,.F.);
#12435=ADVANCED_FACE('',(#12434),#12426,.T.);
#12436=CARTESIAN_POINT('',(0.E0,0.E0,-4.7E-2));
#12437=DIRECTION('',(0.E0,0.E0,1.E0));
#12438=DIRECTION('',(1.E0,0.E0,0.E0));
#12439=AXIS2_PLACEMENT_3D('',#12436,#12437,#12438);
#12440=PLANE('',#12439);
#12441=ORIENTED_EDGE('',*,*,#12427,.F.);
#12442=ORIENTED_EDGE('',*,*,#12417,.F.);
#12444=ORIENTED_EDGE('',*,*,#12443,.F.);
#12446=ORIENTED_EDGE('',*,*,#12445,.T.);
#12448=ORIENTED_EDGE('',*,*,#12447,.F.);
#12450=ORIENTED_EDGE('',*,*,#12449,.F.);
#12451=EDGE_LOOP('',(#12441,#12442,#12444,#12446,#12448,#12450));
#12452=FACE_OUTER_BOUND('',#12451,.F.);
#12453=ADVANCED_FACE('',(#12452),#12440,.T.);
#12454=CARTESIAN_POINT('',(1.25E-2,7.E-2,4.65E-1));
#12455=DIRECTION('',(0.E0,0.E0,1.E0));
#12456=DIRECTION('',(1.E0,0.E0,0.E0));
#12457=AXIS2_PLACEMENT_3D('',#12454,#12455,#12456);
#12458=CYLINDRICAL_SURFACE('',#12457,1.32E-1);
#12460=ORIENTED_EDGE('',*,*,#12459,.T.);
#12461=ORIENTED_EDGE('',*,*,#12443,.T.);
#12462=ORIENTED_EDGE('',*,*,#12415,.F.);
#12463=ORIENTED_EDGE('',*,*,#11012,.F.);
#12465=ORIENTED_EDGE('',*,*,#12464,.T.);
#12466=EDGE_LOOP('',(#12460,#12461,#12462,#12463,#12465));
#12467=FACE_OUTER_BOUND('',#12466,.F.);
#12468=ADVANCED_FACE('',(#12467),#12458,.F.);
#12469=CARTESIAN_POINT('',(0.E0,0.E0,-4.7E-2));
#12470=DIRECTION('',(0.E0,0.E0,-1.E0));
#12471=DIRECTION('',(-1.E0,0.E0,0.E0));
#12472=AXIS2_PLACEMENT_3D('',#12469,#12470,#12471);
#12473=PLANE('',#12472);
#12475=ORIENTED_EDGE('',*,*,#12474,.T.);
#12477=ORIENTED_EDGE('',*,*,#12476,.F.);
#12478=ORIENTED_EDGE('',*,*,#12459,.F.);
#12480=ORIENTED_EDGE('',*,*,#12479,.T.);
#12482=ORIENTED_EDGE('',*,*,#12481,.F.);
#12483=ORIENTED_EDGE('',*,*,#11041,.F.);
#12484=EDGE_LOOP('',(#12475,#12477,#12478,#12480,#12482,#12483));
#12485=FACE_OUTER_BOUND('',#12484,.F.);
#12486=ADVANCED_FACE('',(#12485),#12473,.T.);
#12487=CARTESIAN_POINT('',(-1.625E-1,2.87E-1,-4.65E-1));
#12488=DIRECTION('',(-1.E0,0.E0,0.E0));
#12489=DIRECTION('',(0.E0,-1.E0,0.E0));
#12490=AXIS2_PLACEMENT_3D('',#12487,#12488,#12489);
#12491=PLANE('',#12490);
#12493=ORIENTED_EDGE('',*,*,#12492,.T.);
#12495=ORIENTED_EDGE('',*,*,#12494,.T.);
#12496=ORIENTED_EDGE('',*,*,#12474,.F.);
#12497=ORIENTED_EDGE('',*,*,#11039,.T.);
#12498=ORIENTED_EDGE('',*,*,#10990,.T.);
#12499=ORIENTED_EDGE('',*,*,#10975,.F.);
#12500=ORIENTED_EDGE('',*,*,#10960,.T.);
#12501=ORIENTED_EDGE('',*,*,#10905,.F.);
#12502=EDGE_LOOP('',(#12493,#12495,#12496,#12497,#12498,#12499,#12500,#12501));
#12503=FACE_OUTER_BOUND('',#12502,.F.);
#12504=ADVANCED_FACE('',(#12503),#12491,.T.);
#12505=CARTESIAN_POINT('',(-1.105E-1,-2.230804E-1,-4.13E-1));
#12506=DIRECTION('',(0.E0,1.E0,0.E0));
#12507=DIRECTION('',(0.E0,0.E0,-1.E0));
#12508=AXIS2_PLACEMENT_3D('',#12505,#12506,#12507);
#12509=CYLINDRICAL_SURFACE('',#12508,5.2E-2);
#12511=ORIENTED_EDGE('',*,*,#12510,.T.);
#12512=ORIENTED_EDGE('',*,*,#12492,.F.);
#12513=ORIENTED_EDGE('',*,*,#10903,.T.);
#12514=ORIENTED_EDGE('',*,*,#10722,.T.);
#12515=EDGE_LOOP('',(#12511,#12512,#12513,#12514));
#12516=FACE_OUTER_BOUND('',#12515,.F.);
#12517=ADVANCED_FACE('',(#12516),#12509,.T.);
#12518=CARTESIAN_POINT('',(1.275E-1,1.2E-2,-4.65E-1));
#12519=DIRECTION('',(0.E0,-1.E0,0.E0));
#12520=DIRECTION('',(-1.E0,0.E0,0.E0));
#12521=AXIS2_PLACEMENT_3D('',#12518,#12519,#12520);
#12522=PLANE('',#12521);
#12523=ORIENTED_EDGE('',*,*,#12510,.F.);
#12524=ORIENTED_EDGE('',*,*,#10720,.T.);
#12526=ORIENTED_EDGE('',*,*,#12525,.T.);
#12527=ORIENTED_EDGE('',*,*,#12445,.F.);
#12528=ORIENTED_EDGE('',*,*,#12476,.T.);
#12529=ORIENTED_EDGE('',*,*,#12494,.F.);
#12530=EDGE_LOOP('',(#12523,#12524,#12526,#12527,#12528,#12529));
#12531=FACE_OUTER_BOUND('',#12530,.F.);
#12532=ADVANCED_FACE('',(#12531),#12522,.F.);
#12533=CARTESIAN_POINT('',(1.275E-1,2.87E-1,-4.65E-1));
#12534=DIRECTION('',(1.E0,0.E0,0.E0));
#12535=DIRECTION('',(0.E0,-1.E0,0.E0));
#12536=AXIS2_PLACEMENT_3D('',#12533,#12534,#12535);
#12537=PLANE('',#12536);
#12538=ORIENTED_EDGE('',*,*,#10718,.F.);
#12539=ORIENTED_EDGE('',*,*,#11043,.T.);
#12540=ORIENTED_EDGE('',*,*,#12481,.T.);
#12541=ORIENTED_EDGE('',*,*,#12447,.T.);
#12542=ORIENTED_EDGE('',*,*,#12525,.F.);
#12543=EDGE_LOOP('',(#12538,#12539,#12540,#12541,#12542));
#12544=FACE_OUTER_BOUND('',#12543,.F.);
#12545=ADVANCED_FACE('',(#12544),#12537,.F.);
#12546=CARTESIAN_POINT('',(1.625E-1,2.02E-1,4.65E-1));
#12547=DIRECTION('',(0.E0,1.E0,0.E0));
#12548=DIRECTION('',(-1.E0,0.E0,0.E0));
#12549=AXIS2_PLACEMENT_3D('',#12546,#12547,#12548);
#12550=PLANE('',#12549);
#12551=ORIENTED_EDGE('',*,*,#12429,.F.);
#12552=ORIENTED_EDGE('',*,*,#12449,.T.);
#12553=ORIENTED_EDGE('',*,*,#12479,.F.);
#12554=ORIENTED_EDGE('',*,*,#12464,.F.);
#12555=ORIENTED_EDGE('',*,*,#11010,.F.);
#12557=ORIENTED_EDGE('',*,*,#12556,.T.);
#12558=ORIENTED_EDGE('',*,*,#11787,.F.);
#12559=EDGE_LOOP('',(#12551,#12552,#12553,#12554,#12555,#12557,#12558));
#12560=FACE_OUTER_BOUND('',#12559,.F.);
#12561=ADVANCED_FACE('',(#12560),#12550,.F.);
#12562=CARTESIAN_POINT('',(1.125E-1,2.57E-1,4.65E-1));
#12563=DIRECTION('',(-1.E0,0.E0,0.E0));
#12564=DIRECTION('',(0.E0,-1.E0,0.E0));
#12565=AXIS2_PLACEMENT_3D('',#12562,#12563,#12564);
#12566=PLANE('',#12565);
#12567=ORIENTED_EDGE('',*,*,#12156,.F.);
#12568=ORIENTED_EDGE('',*,*,#11789,.T.);
#12569=ORIENTED_EDGE('',*,*,#12556,.F.);
#12570=ORIENTED_EDGE('',*,*,#11008,.F.);
#12571=ORIENTED_EDGE('',*,*,#12170,.T.);
#12572=EDGE_LOOP('',(#12567,#12568,#12569,#12570,#12571));
#12573=FACE_OUTER_BOUND('',#12572,.F.);
#12574=ADVANCED_FACE('',(#12573),#12566,.F.);
#12575=CARTESIAN_POINT('',(2.4875E0,1.2E-2,-4.65E-1));
#12576=DIRECTION('',(0.E0,-1.E0,0.E0));
#12577=DIRECTION('',(-1.E0,0.E0,0.E0));
#12578=AXIS2_PLACEMENT_3D('',#12575,#12576,#12577);
#12579=PLANE('',#12578);
#12580=ORIENTED_EDGE('',*,*,#12280,.F.);
#12581=ORIENTED_EDGE('',*,*,#12299,.T.);
#12582=ORIENTED_EDGE('',*,*,#12315,.T.);
#12583=ORIENTED_EDGE('',*,*,#12231,.T.);
#12584=ORIENTED_EDGE('',*,*,#12247,.F.);
#12585=ORIENTED_EDGE('',*,*,#12263,.F.);
#12586=EDGE_LOOP('',(#12580,#12581,#12582,#12583,#12584,#12585));
#12587=FACE_OUTER_BOUND('',#12586,.F.);
#12588=ADVANCED_FACE('',(#12587),#12579,.F.);
#12589=CARTESIAN_POINT('',(3.46E-1,-3.43E-1,-4.525E-1));
#12590=DIRECTION('',(1.E0,0.E0,0.E0));
#12591=DIRECTION('',(0.E0,1.E0,0.E0));
#12592=AXIS2_PLACEMENT_3D('',#12589,#12590,#12591);
#12593=PLANE('',#12592);
#12594=ORIENTED_EDGE('',*,*,#11793,.F.);
#12596=ORIENTED_EDGE('',*,*,#12595,.F.);
#12598=ORIENTED_EDGE('',*,*,#12597,.F.);
#12600=ORIENTED_EDGE('',*,*,#12599,.F.);
#12601=EDGE_LOOP('',(#12594,#12596,#12598,#12600));
#12602=FACE_OUTER_BOUND('',#12601,.F.);
#12603=ADVANCED_FACE('',(#12602),#12593,.T.);
#12604=CARTESIAN_POINT('',(3.375E-1,-1.247E-1,2.925E-1));
#12605=DIRECTION('',(0.E0,-9.907833155514E-1,1.354563458276E-1));
#12606=DIRECTION('',(0.E0,-1.354563458276E-1,-9.907833155514E-1));
#12607=AXIS2_PLACEMENT_3D('',#12604,#12605,#12606);
#12608=PLANE('',#12607);
#12609=ORIENTED_EDGE('',*,*,#11815,.F.);
#12611=ORIENTED_EDGE('',*,*,#12610,.T.);
#12613=ORIENTED_EDGE('',*,*,#12612,.T.);
#12615=ORIENTED_EDGE('',*,*,#12614,.F.);
#12617=ORIENTED_EDGE('',*,*,#12616,.F.);
#12618=ORIENTED_EDGE('',*,*,#12595,.T.);
#12619=EDGE_LOOP('',(#12609,#12611,#12613,#12615,#12617,#12618));
#12620=FACE_OUTER_BOUND('',#12619,.F.);
#12621=ADVANCED_FACE('',(#12620),#12608,.T.);
#12622=CARTESIAN_POINT('',(3.324E-1,0.E0,4.65E-1));
#12623=DIRECTION('',(-1.E0,0.E0,0.E0));
#12624=DIRECTION('',(0.E0,0.E0,1.E0));
#12625=AXIS2_PLACEMENT_3D('',#12622,#12623,#12624);
#12626=PLANE('',#12625);
#12628=ORIENTED_EDGE('',*,*,#12627,.T.);
#12629=ORIENTED_EDGE('',*,*,#12610,.F.);
#12630=ORIENTED_EDGE('',*,*,#11813,.T.);
#12632=ORIENTED_EDGE('',*,*,#12631,.F.);
#12633=EDGE_LOOP('',(#12628,#12629,#12630,#12632));
#12634=FACE_OUTER_BOUND('',#12633,.F.);
#12635=ADVANCED_FACE('',(#12634),#12626,.T.);
#12636=CARTESIAN_POINT('',(3.375E-1,-9.075E-2,1.25E-1));
#12637=DIRECTION('',(0.E0,0.E0,-1.E0));
#12638=DIRECTION('',(0.E0,1.E0,0.E0));
#12639=AXIS2_PLACEMENT_3D('',#12636,#12637,#12638);
#12640=PLANE('',#12639);
#12641=ORIENTED_EDGE('',*,*,#12627,.F.);
#12643=ORIENTED_EDGE('',*,*,#12642,.T.);
#12645=ORIENTED_EDGE('',*,*,#12644,.T.);
#12646=ORIENTED_EDGE('',*,*,#12612,.F.);
#12647=EDGE_LOOP('',(#12641,#12643,#12645,#12646));
#12648=FACE_OUTER_BOUND('',#12647,.F.);
#12649=ADVANCED_FACE('',(#12648),#12640,.F.);
#12650=CARTESIAN_POINT('',(3.275E-1,-1.58E-1,-5.58E-1));
#12651=DIRECTION('',(0.E0,-1.E0,0.E0));
#12652=DIRECTION('',(-1.E0,0.E0,0.E0));
#12653=AXIS2_PLACEMENT_3D('',#12650,#12651,#12652);
#12654=PLANE('',#12653);
#12656=ORIENTED_EDGE('',*,*,#12655,.F.);
#12657=ORIENTED_EDGE('',*,*,#12642,.F.);
#12658=ORIENTED_EDGE('',*,*,#12631,.T.);
#12659=ORIENTED_EDGE('',*,*,#11811,.T.);
#12661=ORIENTED_EDGE('',*,*,#12660,.F.);
#12663=ORIENTED_EDGE('',*,*,#12662,.T.);
#12665=ORIENTED_EDGE('',*,*,#12664,.T.);
#12667=ORIENTED_EDGE('',*,*,#12666,.T.);
#12668=EDGE_LOOP('',(#12656,#12657,#12658,#12659,#12661,#12663,#12665,#12667));
#12669=FACE_OUTER_BOUND('',#12668,.F.);
#12670=ADVANCED_FACE('',(#12669),#12654,.F.);
#12671=CARTESIAN_POINT('',(3.29E-1,-3.43E-1,-4.525E-1));
#12672=DIRECTION('',(1.E0,0.E0,0.E0));
#12673=DIRECTION('',(0.E0,1.E0,0.E0));
#12674=AXIS2_PLACEMENT_3D('',#12671,#12672,#12673);
#12675=PLANE('',#12674);
#12677=ORIENTED_EDGE('',*,*,#12676,.F.);
#12679=ORIENTED_EDGE('',*,*,#12678,.F.);
#12681=ORIENTED_EDGE('',*,*,#12680,.F.);
#12683=ORIENTED_EDGE('',*,*,#12682,.F.);
#12685=ORIENTED_EDGE('',*,*,#12684,.F.);
#12687=ORIENTED_EDGE('',*,*,#12686,.F.);
#12689=ORIENTED_EDGE('',*,*,#12688,.F.);
#12691=ORIENTED_EDGE('',*,*,#12690,.F.);
#12693=ORIENTED_EDGE('',*,*,#12692,.F.);
#12695=ORIENTED_EDGE('',*,*,#12694,.F.);
#12697=ORIENTED_EDGE('',*,*,#12696,.F.);
#12699=ORIENTED_EDGE('',*,*,#12698,.F.);
#12701=ORIENTED_EDGE('',*,*,#12700,.F.);
#12703=ORIENTED_EDGE('',*,*,#12702,.F.);
#12705=ORIENTED_EDGE('',*,*,#12704,.F.);
#12707=ORIENTED_EDGE('',*,*,#12706,.F.);
#12709=ORIENTED_EDGE('',*,*,#12708,.T.);
#12711=ORIENTED_EDGE('',*,*,#12710,.T.);
#12713=ORIENTED_EDGE('',*,*,#12712,.F.);
#12715=ORIENTED_EDGE('',*,*,#12714,.T.);
#12717=ORIENTED_EDGE('',*,*,#12716,.T.);
#12718=ORIENTED_EDGE('',*,*,#12614,.T.);
#12719=ORIENTED_EDGE('',*,*,#12644,.F.);
#12720=ORIENTED_EDGE('',*,*,#12655,.T.);
#12721=EDGE_LOOP('',(#12677,#12679,#12681,#12683,#12685,#12687,#12689,#12691,
#12693,#12695,#12697,#12699,#12701,#12703,#12705,#12707,#12709,#12711,#12713,
#12715,#12717,#12718,#12719,#12720));
#12722=FACE_OUTER_BOUND('',#12721,.F.);
#12723=ADVANCED_FACE('',(#12722),#12675,.F.);
#12724=CARTESIAN_POINT('',(3.324E-1,-1.18E-1,-5.5E-2));
#12725=DIRECTION('',(0.E0,0.E0,1.E0));
#12726=DIRECTION('',(0.E0,1.E0,0.E0));
#12727=AXIS2_PLACEMENT_3D('',#12724,#12725,#12726);
#12728=PLANE('',#12727);
#12729=ORIENTED_EDGE('',*,*,#12676,.T.);
#12730=ORIENTED_EDGE('',*,*,#12666,.F.);
#12732=ORIENTED_EDGE('',*,*,#12731,.F.);
#12734=ORIENTED_EDGE('',*,*,#12733,.F.);
#12736=ORIENTED_EDGE('',*,*,#12735,.F.);
#12737=ORIENTED_EDGE('',*,*,#10894,.T.);
#12739=ORIENTED_EDGE('',*,*,#12738,.F.);
#12741=ORIENTED_EDGE('',*,*,#12740,.F.);
#12742=EDGE_LOOP('',(#12729,#12730,#12732,#12734,#12736,#12737,#12739,#12741));
#12743=FACE_OUTER_BOUND('',#12742,.F.);
#12744=ADVANCED_FACE('',(#12743),#12728,.F.);
#12745=CARTESIAN_POINT('',(2.46E-1,1.7E-1,-4.525E-1));
#12746=DIRECTION('',(-1.E0,0.E0,0.E0));
#12747=DIRECTION('',(0.E0,-1.E0,0.E0));
#12748=AXIS2_PLACEMENT_3D('',#12745,#12746,#12747);
#12749=PLANE('',#12748);
#12750=ORIENTED_EDGE('',*,*,#12731,.T.);
#12751=ORIENTED_EDGE('',*,*,#12664,.F.);
#12753=ORIENTED_EDGE('',*,*,#12752,.F.);
#12755=ORIENTED_EDGE('',*,*,#12754,.T.);
#12757=ORIENTED_EDGE('',*,*,#12756,.T.);
#12759=ORIENTED_EDGE('',*,*,#12758,.T.);
#12761=ORIENTED_EDGE('',*,*,#12760,.F.);
#12763=ORIENTED_EDGE('',*,*,#12762,.F.);
#12765=ORIENTED_EDGE('',*,*,#12764,.T.);
#12767=ORIENTED_EDGE('',*,*,#12766,.T.);
#12769=ORIENTED_EDGE('',*,*,#12768,.F.);
#12771=ORIENTED_EDGE('',*,*,#12770,.T.);
#12773=ORIENTED_EDGE('',*,*,#12772,.F.);
#12775=ORIENTED_EDGE('',*,*,#12774,.T.);
#12777=ORIENTED_EDGE('',*,*,#12776,.F.);
#12779=ORIENTED_EDGE('',*,*,#12778,.T.);
#12781=ORIENTED_EDGE('',*,*,#12780,.F.);
#12783=ORIENTED_EDGE('',*,*,#12782,.T.);
#12785=ORIENTED_EDGE('',*,*,#12784,.F.);
#12787=ORIENTED_EDGE('',*,*,#12786,.T.);
#12789=ORIENTED_EDGE('',*,*,#12788,.F.);
#12791=ORIENTED_EDGE('',*,*,#12790,.T.);
#12793=ORIENTED_EDGE('',*,*,#12792,.F.);
#12795=ORIENTED_EDGE('',*,*,#12794,.T.);
#12796=EDGE_LOOP('',(#12750,#12751,#12753,#12755,#12757,#12759,#12761,#12763,
#12765,#12767,#12769,#12771,#12773,#12775,#12777,#12779,#12781,#12783,#12785,
#12787,#12789,#12791,#12793,#12795));
#12797=FACE_OUTER_BOUND('',#12796,.F.);
#12798=ADVANCED_FACE('',(#12797),#12749,.F.);
#12799=CARTESIAN_POINT('',(2.375E-1,-9.075E-2,1.25E-1));
#12800=DIRECTION('',(0.E0,0.E0,-1.E0));
#12801=DIRECTION('',(0.E0,-1.E0,0.E0));
#12802=AXIS2_PLACEMENT_3D('',#12799,#12800,#12801);
#12803=PLANE('',#12802);
#12805=ORIENTED_EDGE('',*,*,#12804,.T.);
#12807=ORIENTED_EDGE('',*,*,#12806,.T.);
#12808=ORIENTED_EDGE('',*,*,#12752,.T.);
#12809=ORIENTED_EDGE('',*,*,#12662,.F.);
#12810=EDGE_LOOP('',(#12805,#12807,#12808,#12809));
#12811=FACE_OUTER_BOUND('',#12810,.F.);
#12812=ADVANCED_FACE('',(#12811),#12803,.F.);
#12813=CARTESIAN_POINT('',(2.426E-1,0.E0,4.65E-1));
#12814=DIRECTION('',(-1.E0,0.E0,0.E0));
#12815=DIRECTION('',(0.E0,0.E0,1.E0));
#12816=AXIS2_PLACEMENT_3D('',#12813,#12814,#12815);
#12817=PLANE('',#12816);
#12818=ORIENTED_EDGE('',*,*,#12804,.F.);
#12819=ORIENTED_EDGE('',*,*,#12660,.T.);
#12820=ORIENTED_EDGE('',*,*,#11809,.T.);
#12822=ORIENTED_EDGE('',*,*,#12821,.T.);
#12823=EDGE_LOOP('',(#12818,#12819,#12820,#12822));
#12824=FACE_OUTER_BOUND('',#12823,.F.);
#12825=ADVANCED_FACE('',(#12824),#12817,.F.);
#12826=CARTESIAN_POINT('',(2.375E-1,-1.247E-1,2.925E-1));
#12827=DIRECTION('',(0.E0,-9.907833155514E-1,1.354563458276E-1));
#12828=DIRECTION('',(0.E0,1.354563458276E-1,9.907833155514E-1));
#12829=AXIS2_PLACEMENT_3D('',#12826,#12827,#12828);
#12830=PLANE('',#12829);
#12831=ORIENTED_EDGE('',*,*,#11807,.T.);
#12833=ORIENTED_EDGE('',*,*,#12832,.T.);
#12835=ORIENTED_EDGE('',*,*,#12834,.T.);
#12836=ORIENTED_EDGE('',*,*,#12754,.F.);
#12837=ORIENTED_EDGE('',*,*,#12806,.F.);
#12838=ORIENTED_EDGE('',*,*,#12821,.F.);
#12839=EDGE_LOOP('',(#12831,#12833,#12835,#12836,#12837,#12838));
#12840=FACE_OUTER_BOUND('',#12839,.F.);
#12841=ADVANCED_FACE('',(#12840),#12830,.T.);
#12842=CARTESIAN_POINT('',(2.29E-1,1.7E-1,-4.525E-1));
#12843=DIRECTION('',(-1.E0,0.E0,0.E0));
#12844=DIRECTION('',(0.E0,-1.E0,0.E0));
#12845=AXIS2_PLACEMENT_3D('',#12842,#12843,#12844);
#12846=PLANE('',#12845);
#12847=ORIENTED_EDGE('',*,*,#11805,.T.);
#12849=ORIENTED_EDGE('',*,*,#12848,.F.);
#12851=ORIENTED_EDGE('',*,*,#12850,.F.);
#12852=ORIENTED_EDGE('',*,*,#12832,.F.);
#12853=EDGE_LOOP('',(#12847,#12849,#12851,#12852));
#12854=FACE_OUTER_BOUND('',#12853,.F.);
#12855=ADVANCED_FACE('',(#12854),#12846,.T.);
#12856=CARTESIAN_POINT('',(2.375E-1,1.271E-1,2.925E-1));
#12857=DIRECTION('',(0.E0,9.907833155514E-1,1.354563458276E-1));
#12858=DIRECTION('',(0.E0,1.354563458276E-1,-9.907833155514E-1));
#12859=AXIS2_PLACEMENT_3D('',#12856,#12857,#12858);
#12860=PLANE('',#12859);
#12861=ORIENTED_EDGE('',*,*,#11803,.F.);
#12863=ORIENTED_EDGE('',*,*,#12862,.T.);
#12865=ORIENTED_EDGE('',*,*,#12864,.T.);
#12866=ORIENTED_EDGE('',*,*,#12758,.F.);
#12868=ORIENTED_EDGE('',*,*,#12867,.F.);
#12869=ORIENTED_EDGE('',*,*,#12848,.T.);
#12870=EDGE_LOOP('',(#12861,#12863,#12865,#12866,#12868,#12869));
#12871=FACE_OUTER_BOUND('',#12870,.F.);
#12872=ADVANCED_FACE('',(#12871),#12860,.T.);
#12873=CARTESIAN_POINT('',(2.426E-1,0.E0,4.65E-1));
#12874=DIRECTION('',(-1.E0,0.E0,0.E0));
#12875=DIRECTION('',(0.E0,0.E0,1.E0));
#12876=AXIS2_PLACEMENT_3D('',#12873,#12874,#12875);
#12877=PLANE('',#12876);
#12879=ORIENTED_EDGE('',*,*,#12878,.T.);
#12881=ORIENTED_EDGE('',*,*,#12880,.T.);
#12883=ORIENTED_EDGE('',*,*,#12882,.F.);
#12884=ORIENTED_EDGE('',*,*,#12862,.F.);
#12885=ORIENTED_EDGE('',*,*,#11801,.T.);
#12887=ORIENTED_EDGE('',*,*,#12886,.F.);
#12888=ORIENTED_EDGE('',*,*,#10710,.T.);
#12890=ORIENTED_EDGE('',*,*,#12889,.T.);
#12891=EDGE_LOOP('',(#12879,#12881,#12883,#12884,#12885,#12887,#12888,#12890));
#12892=FACE_OUTER_BOUND('',#12891,.F.);
#12893=ADVANCED_FACE('',(#12892),#12877,.F.);
#12894=CARTESIAN_POINT('',(2.375E-1,-9.075E-2,-4.525E-1));
#12895=DIRECTION('',(0.E0,0.E0,-1.E0));
#12896=DIRECTION('',(0.E0,-1.E0,0.E0));
#12897=AXIS2_PLACEMENT_3D('',#12894,#12895,#12896);
#12898=PLANE('',#12897);
#12899=ORIENTED_EDGE('',*,*,#12878,.F.);
#12901=ORIENTED_EDGE('',*,*,#12900,.T.);
#12903=ORIENTED_EDGE('',*,*,#12902,.T.);
#12905=ORIENTED_EDGE('',*,*,#12904,.T.);
#12906=ORIENTED_EDGE('',*,*,#12764,.F.);
#12908=ORIENTED_EDGE('',*,*,#12907,.T.);
#12909=EDGE_LOOP('',(#12899,#12901,#12903,#12905,#12906,#12908));
#12910=FACE_OUTER_BOUND('',#12909,.F.);
#12911=ADVANCED_FACE('',(#12910),#12898,.T.);
#12912=CARTESIAN_POINT('',(2.075E-1,-1.68E-1,-4.65E-1));
#12913=DIRECTION('',(0.E0,1.E0,0.E0));
#12914=DIRECTION('',(1.E0,0.E0,0.E0));
#12915=AXIS2_PLACEMENT_3D('',#12912,#12913,#12914);
#12916=PLANE('',#12915);
#12918=ORIENTED_EDGE('',*,*,#12917,.T.);
#12919=ORIENTED_EDGE('',*,*,#12786,.F.);
#12921=ORIENTED_EDGE('',*,*,#12920,.T.);
#12923=ORIENTED_EDGE('',*,*,#12922,.T.);
#12925=ORIENTED_EDGE('',*,*,#12924,.T.);
#12926=ORIENTED_EDGE('',*,*,#12778,.F.);
#12928=ORIENTED_EDGE('',*,*,#12927,.T.);
#12930=ORIENTED_EDGE('',*,*,#12929,.T.);
#12932=ORIENTED_EDGE('',*,*,#12931,.T.);
#12933=ORIENTED_EDGE('',*,*,#12770,.F.);
#12935=ORIENTED_EDGE('',*,*,#12934,.T.);
#12937=ORIENTED_EDGE('',*,*,#12936,.T.);
#12938=ORIENTED_EDGE('',*,*,#12900,.F.);
#12939=ORIENTED_EDGE('',*,*,#12889,.F.);
#12940=ORIENTED_EDGE('',*,*,#10708,.F.);
#12942=ORIENTED_EDGE('',*,*,#12941,.T.);
#12943=ORIENTED_EDGE('',*,*,#12733,.T.);
#12944=ORIENTED_EDGE('',*,*,#12794,.F.);
#12946=ORIENTED_EDGE('',*,*,#12945,.T.);
#12948=ORIENTED_EDGE('',*,*,#12947,.T.);
#12949=EDGE_LOOP('',(#12918,#12919,#12921,#12923,#12925,#12926,#12928,#12930,
#12932,#12933,#12935,#12937,#12938,#12939,#12940,#12942,#12943,#12944,#12946,
#12948));
#12950=FACE_OUTER_BOUND('',#12949,.F.);
#12951=ADVANCED_FACE('',(#12950),#12916,.F.);
#12952=CARTESIAN_POINT('',(3.375E-1,-2.585E-1,-1.525E-1));
#12953=DIRECTION('',(0.E0,0.E0,-1.E0));
#12954=DIRECTION('',(0.E0,1.E0,0.E0));
#12955=AXIS2_PLACEMENT_3D('',#12952,#12953,#12954);
#12956=PLANE('',#12955);
#12957=ORIENTED_EDGE('',*,*,#12917,.F.);
#12959=ORIENTED_EDGE('',*,*,#12958,.T.);
#12961=ORIENTED_EDGE('',*,*,#12960,.T.);
#12962=ORIENTED_EDGE('',*,*,#12788,.T.);
#12963=EDGE_LOOP('',(#12957,#12959,#12961,#12962));
#12964=FACE_OUTER_BOUND('',#12963,.F.);
#12965=ADVANCED_FACE('',(#12964),#12956,.T.);
#12966=CARTESIAN_POINT('',(2.29E-1,1.7E-1,-4.525E-1));
#12967=DIRECTION('',(-1.E0,0.E0,0.E0));
#12968=DIRECTION('',(0.E0,-1.E0,0.E0));
#12969=AXIS2_PLACEMENT_3D('',#12966,#12967,#12968);
#12970=PLANE('',#12969);
#12971=ORIENTED_EDGE('',*,*,#12947,.F.);
#12973=ORIENTED_EDGE('',*,*,#12972,.F.);
#12975=ORIENTED_EDGE('',*,*,#12974,.F.);
#12976=ORIENTED_EDGE('',*,*,#12958,.F.);
#12977=EDGE_LOOP('',(#12971,#12973,#12975,#12976));
#12978=FACE_OUTER_BOUND('',#12977,.F.);
#12979=ADVANCED_FACE('',(#12978),#12970,.T.);
#12980=CARTESIAN_POINT('',(3.375E-1,-2.585E-1,-1.275E-1));
#12981=DIRECTION('',(0.E0,0.E0,-1.E0));
#12982=DIRECTION('',(0.E0,1.E0,0.E0));
#12983=AXIS2_PLACEMENT_3D('',#12980,#12981,#12982);
#12984=PLANE('',#12983);
#12985=ORIENTED_EDGE('',*,*,#12945,.F.);
#12986=ORIENTED_EDGE('',*,*,#12792,.T.);
#12988=ORIENTED_EDGE('',*,*,#12987,.F.);
#12989=ORIENTED_EDGE('',*,*,#12972,.T.);
#12990=EDGE_LOOP('',(#12985,#12986,#12988,#12989));
#12991=FACE_OUTER_BOUND('',#12990,.F.);
#12992=ADVANCED_FACE('',(#12991),#12984,.F.);
#12993=CARTESIAN_POINT('',(2.375E-1,-3.43E-1,-1.6375E-1));
#12994=DIRECTION('',(0.E0,-1.E0,0.E0));
#12995=DIRECTION('',(0.E0,0.E0,1.E0));
#12996=AXIS2_PLACEMENT_3D('',#12993,#12994,#12995);
#12997=PLANE('',#12996);
#12998=ORIENTED_EDGE('',*,*,#12987,.T.);
#12999=ORIENTED_EDGE('',*,*,#12790,.F.);
#13000=ORIENTED_EDGE('',*,*,#12960,.F.);
#13001=ORIENTED_EDGE('',*,*,#12974,.T.);
#13002=EDGE_LOOP('',(#12998,#12999,#13000,#13001));
#13003=FACE_OUTER_BOUND('',#13002,.F.);
#13004=ADVANCED_FACE('',(#13003),#12997,.T.);
#13005=CARTESIAN_POINT('',(3.375E-1,-2.585E-1,-2.275E-1));
#13006=DIRECTION('',(0.E0,0.E0,-1.E0));
#13007=DIRECTION('',(0.E0,1.E0,0.E0));
#13008=AXIS2_PLACEMENT_3D('',#13005,#13006,#13007);
#13009=PLANE('',#13008);
#13010=ORIENTED_EDGE('',*,*,#12920,.F.);
#13011=ORIENTED_EDGE('',*,*,#12784,.T.);
#13013=ORIENTED_EDGE('',*,*,#13012,.F.);
#13015=ORIENTED_EDGE('',*,*,#13014,.T.);
#13016=EDGE_LOOP('',(#13010,#13011,#13013,#13015));
#13017=FACE_OUTER_BOUND('',#13016,.F.);
#13018=ADVANCED_FACE('',(#13017),#13009,.F.);
#13019=CARTESIAN_POINT('',(2.375E-1,-3.43E-1,-1.6375E-1));
#13020=DIRECTION('',(0.E0,-1.E0,0.E0));
#13021=DIRECTION('',(0.E0,0.E0,1.E0));
#13022=AXIS2_PLACEMENT_3D('',#13019,#13020,#13021);
#13023=PLANE('',#13022);
#13024=ORIENTED_EDGE('',*,*,#13012,.T.);
#13025=ORIENTED_EDGE('',*,*,#12782,.F.);
#13027=ORIENTED_EDGE('',*,*,#13026,.F.);
#13029=ORIENTED_EDGE('',*,*,#13028,.T.);
#13030=EDGE_LOOP('',(#13024,#13025,#13027,#13029));
#13031=FACE_OUTER_BOUND('',#13030,.F.);
#13032=ADVANCED_FACE('',(#13031),#13023,.T.);
#13033=CARTESIAN_POINT('',(3.375E-1,-2.585E-1,-2.525E-1));
#13034=DIRECTION('',(0.E0,0.E0,-1.E0));
#13035=DIRECTION('',(0.E0,1.E0,0.E0));
#13036=AXIS2_PLACEMENT_3D('',#13033,#13034,#13035);
#13037=PLANE('',#13036);
#13038=ORIENTED_EDGE('',*,*,#12924,.F.);
#13040=ORIENTED_EDGE('',*,*,#13039,.T.);
#13041=ORIENTED_EDGE('',*,*,#13026,.T.);
#13042=ORIENTED_EDGE('',*,*,#12780,.T.);
#13043=EDGE_LOOP('',(#13038,#13040,#13041,#13042));
#13044=FACE_OUTER_BOUND('',#13043,.F.);
#13045=ADVANCED_FACE('',(#13044),#13037,.T.);
#13046=CARTESIAN_POINT('',(2.29E-1,1.7E-1,-4.525E-1));
#13047=DIRECTION('',(-1.E0,0.E0,0.E0));
#13048=DIRECTION('',(0.E0,-1.E0,0.E0));
#13049=AXIS2_PLACEMENT_3D('',#13046,#13047,#13048);
#13050=PLANE('',#13049);
#13051=ORIENTED_EDGE('',*,*,#12922,.F.);
#13052=ORIENTED_EDGE('',*,*,#13014,.F.);
#13053=ORIENTED_EDGE('',*,*,#13028,.F.);
#13054=ORIENTED_EDGE('',*,*,#13039,.F.);
#13055=EDGE_LOOP('',(#13051,#13052,#13053,#13054));
#13056=FACE_OUTER_BOUND('',#13055,.F.);
#13057=ADVANCED_FACE('',(#13056),#13050,.T.);
#13058=CARTESIAN_POINT('',(3.375E-1,-2.585E-1,-3.275E-1));
#13059=DIRECTION('',(0.E0,0.E0,-1.E0));
#13060=DIRECTION('',(0.E0,1.E0,0.E0));
#13061=AXIS2_PLACEMENT_3D('',#13058,#13059,#13060);
#13062=PLANE('',#13061);
#13063=ORIENTED_EDGE('',*,*,#12927,.F.);
#13064=ORIENTED_EDGE('',*,*,#12776,.T.);
#13066=ORIENTED_EDGE('',*,*,#13065,.F.);
#13068=ORIENTED_EDGE('',*,*,#13067,.T.);
#13069=EDGE_LOOP('',(#13063,#13064,#13066,#13068));
#13070=FACE_OUTER_BOUND('',#13069,.F.);
#13071=ADVANCED_FACE('',(#13070),#13062,.F.);
#13072=CARTESIAN_POINT('',(2.375E-1,-3.43E-1,-1.6375E-1));
#13073=DIRECTION('',(0.E0,-1.E0,0.E0));
#13074=DIRECTION('',(0.E0,0.E0,1.E0));
#13075=AXIS2_PLACEMENT_3D('',#13072,#13073,#13074);
#13076=PLANE('',#13075);
#13077=ORIENTED_EDGE('',*,*,#13065,.T.);
#13078=ORIENTED_EDGE('',*,*,#12774,.F.);
#13080=ORIENTED_EDGE('',*,*,#13079,.F.);
#13082=ORIENTED_EDGE('',*,*,#13081,.T.);
#13083=EDGE_LOOP('',(#13077,#13078,#13080,#13082));
#13084=FACE_OUTER_BOUND('',#13083,.F.);
#13085=ADVANCED_FACE('',(#13084),#13076,.T.);
#13086=CARTESIAN_POINT('',(3.375E-1,-2.585E-1,-3.525E-1));
#13087=DIRECTION('',(0.E0,0.E0,-1.E0));
#13088=DIRECTION('',(0.E0,1.E0,0.E0));
#13089=AXIS2_PLACEMENT_3D('',#13086,#13087,#13088);
#13090=PLANE('',#13089);
#13091=ORIENTED_EDGE('',*,*,#12931,.F.);
#13093=ORIENTED_EDGE('',*,*,#13092,.T.);
#13094=ORIENTED_EDGE('',*,*,#13079,.T.);
#13095=ORIENTED_EDGE('',*,*,#12772,.T.);
#13096=EDGE_LOOP('',(#13091,#13093,#13094,#13095));
#13097=FACE_OUTER_BOUND('',#13096,.F.);
#13098=ADVANCED_FACE('',(#13097),#13090,.T.);
#13099=CARTESIAN_POINT('',(2.29E-1,1.7E-1,-4.525E-1));
#13100=DIRECTION('',(-1.E0,0.E0,0.E0));
#13101=DIRECTION('',(0.E0,-1.E0,0.E0));
#13102=AXIS2_PLACEMENT_3D('',#13099,#13100,#13101);
#13103=PLANE('',#13102);
#13104=ORIENTED_EDGE('',*,*,#12929,.F.);
#13105=ORIENTED_EDGE('',*,*,#13067,.F.);
#13106=ORIENTED_EDGE('',*,*,#13081,.F.);
#13107=ORIENTED_EDGE('',*,*,#13092,.F.);
#13108=EDGE_LOOP('',(#13104,#13105,#13106,#13107));
#13109=FACE_OUTER_BOUND('',#13108,.F.);
#13110=ADVANCED_FACE('',(#13109),#13103,.T.);
#13111=CARTESIAN_POINT('',(3.375E-1,-2.585E-1,-4.275E-1));
#13112=DIRECTION('',(0.E0,0.E0,-1.E0));
#13113=DIRECTION('',(0.E0,1.E0,0.E0));
#13114=AXIS2_PLACEMENT_3D('',#13111,#13112,#13113);
#13115=PLANE('',#13114);
#13116=ORIENTED_EDGE('',*,*,#12934,.F.);
#13117=ORIENTED_EDGE('',*,*,#12768,.T.);
#13119=ORIENTED_EDGE('',*,*,#13118,.F.);
#13121=ORIENTED_EDGE('',*,*,#13120,.T.);
#13122=EDGE_LOOP('',(#13116,#13117,#13119,#13121));
#13123=FACE_OUTER_BOUND('',#13122,.F.);
#13124=ADVANCED_FACE('',(#13123),#13115,.F.);
#13125=CARTESIAN_POINT('',(2.375E-1,-3.43E-1,-1.6375E-1));
#13126=DIRECTION('',(0.E0,-1.E0,0.E0));
#13127=DIRECTION('',(0.E0,0.E0,1.E0));
#13128=AXIS2_PLACEMENT_3D('',#13125,#13126,#13127);
#13129=PLANE('',#13128);
#13130=ORIENTED_EDGE('',*,*,#13118,.T.);
#13131=ORIENTED_EDGE('',*,*,#12766,.F.);
#13132=ORIENTED_EDGE('',*,*,#12904,.F.);
#13134=ORIENTED_EDGE('',*,*,#13133,.T.);
#13135=EDGE_LOOP('',(#13130,#13131,#13132,#13134));
#13136=FACE_OUTER_BOUND('',#13135,.F.);
#13137=ADVANCED_FACE('',(#13136),#13129,.T.);
#13138=CARTESIAN_POINT('',(2.29E-1,1.7E-1,-4.525E-1));
#13139=DIRECTION('',(-1.E0,0.E0,0.E0));
#13140=DIRECTION('',(0.E0,-1.E0,0.E0));
#13141=AXIS2_PLACEMENT_3D('',#13138,#13139,#13140);
#13142=PLANE('',#13141);
#13143=ORIENTED_EDGE('',*,*,#12936,.F.);
#13144=ORIENTED_EDGE('',*,*,#13120,.F.);
#13145=ORIENTED_EDGE('',*,*,#13133,.F.);
#13146=ORIENTED_EDGE('',*,*,#12902,.F.);
#13147=EDGE_LOOP('',(#13143,#13144,#13145,#13146));
#13148=FACE_OUTER_BOUND('',#13147,.F.);
#13149=ADVANCED_FACE('',(#13148),#13142,.T.);
#13150=CARTESIAN_POINT('',(2.075E-1,-2.08E-1,-4.65E-1));
#13151=DIRECTION('',(-1.E0,0.E0,0.E0));
#13152=DIRECTION('',(0.E0,1.E0,0.E0));
#13153=AXIS2_PLACEMENT_3D('',#13150,#13151,#13152);
#13154=PLANE('',#13153);
#13155=ORIENTED_EDGE('',*,*,#10706,.F.);
#13156=ORIENTED_EDGE('',*,*,#10896,.T.);
#13157=ORIENTED_EDGE('',*,*,#12735,.T.);
#13158=ORIENTED_EDGE('',*,*,#12941,.F.);
#13159=EDGE_LOOP('',(#13155,#13156,#13157,#13158));
#13160=FACE_OUTER_BOUND('',#13159,.F.);
#13161=ADVANCED_FACE('',(#13160),#13154,.F.);
#13162=CARTESIAN_POINT('',(2.375E-1,1.53E-1,-1.6375E-1));
#13163=DIRECTION('',(0.E0,1.E0,0.E0));
#13164=DIRECTION('',(0.E0,0.E0,1.E0));
#13165=AXIS2_PLACEMENT_3D('',#13162,#13163,#13164);
#13166=PLANE('',#13165);
#13167=ORIENTED_EDGE('',*,*,#12880,.F.);
#13168=ORIENTED_EDGE('',*,*,#12907,.F.);
#13169=ORIENTED_EDGE('',*,*,#12762,.T.);
#13171=ORIENTED_EDGE('',*,*,#13170,.T.);
#13172=EDGE_LOOP('',(#13167,#13168,#13169,#13171));
#13173=FACE_OUTER_BOUND('',#13172,.F.);
#13174=ADVANCED_FACE('',(#13173),#13166,.T.);
#13175=CARTESIAN_POINT('',(2.375E-1,-9.075E-2,1.25E-1));
#13176=DIRECTION('',(0.E0,0.E0,-1.E0));
#13177=DIRECTION('',(0.E0,-1.E0,0.E0));
#13178=AXIS2_PLACEMENT_3D('',#13175,#13176,#13177);
#13179=PLANE('',#13178);
#13180=ORIENTED_EDGE('',*,*,#12882,.T.);
#13181=ORIENTED_EDGE('',*,*,#13170,.F.);
#13182=ORIENTED_EDGE('',*,*,#12760,.T.);
#13183=ORIENTED_EDGE('',*,*,#12864,.F.);
#13184=EDGE_LOOP('',(#13180,#13181,#13182,#13183));
#13185=FACE_OUTER_BOUND('',#13184,.F.);
#13186=ADVANCED_FACE('',(#13185),#13179,.F.);
#13187=CARTESIAN_POINT('',(3.324E-1,2.12E-1,-5.5E-2));
#13188=DIRECTION('',(0.E0,1.E0,0.E0));
#13189=DIRECTION('',(0.E0,0.E0,-1.E0));
#13190=AXIS2_PLACEMENT_3D('',#13187,#13188,#13189);
#13191=PLANE('',#13190);
#13192=ORIENTED_EDGE('',*,*,#12886,.T.);
#13193=ORIENTED_EDGE('',*,*,#11799,.T.);
#13195=ORIENTED_EDGE('',*,*,#13194,.T.);
#13197=ORIENTED_EDGE('',*,*,#13196,.T.);
#13199=ORIENTED_EDGE('',*,*,#13198,.T.);
#13201=ORIENTED_EDGE('',*,*,#13200,.T.);
#13203=ORIENTED_EDGE('',*,*,#13202,.T.);
#13204=ORIENTED_EDGE('',*,*,#10712,.T.);
#13205=EDGE_LOOP('',(#13192,#13193,#13195,#13197,#13199,#13201,#13203,#13204));
#13206=FACE_OUTER_BOUND('',#13205,.F.);
#13207=ADVANCED_FACE('',(#13206),#13191,.F.);
#13208=CARTESIAN_POINT('',(3.324E-1,0.E0,4.65E-1));
#13209=DIRECTION('',(-1.E0,0.E0,0.E0));
#13210=DIRECTION('',(0.E0,0.E0,1.E0));
#13211=AXIS2_PLACEMENT_3D('',#13208,#13209,#13210);
#13212=PLANE('',#13211);
#13214=ORIENTED_EDGE('',*,*,#13213,.F.);
#13216=ORIENTED_EDGE('',*,*,#13215,.F.);
#13218=ORIENTED_EDGE('',*,*,#13217,.T.);
#13219=ORIENTED_EDGE('',*,*,#13194,.F.);
#13220=ORIENTED_EDGE('',*,*,#11797,.T.);
#13222=ORIENTED_EDGE('',*,*,#13221,.T.);
#13224=ORIENTED_EDGE('',*,*,#13223,.T.);
#13226=ORIENTED_EDGE('',*,*,#13225,.F.);
#13227=EDGE_LOOP('',(#13214,#13216,#13218,#13219,#13220,#13222,#13224,#13226));
#13228=FACE_OUTER_BOUND('',#13227,.F.);
#13229=ADVANCED_FACE('',(#13228),#13212,.T.);
#13230=CARTESIAN_POINT('',(3.375E-1,-9.075E-2,-4.525E-1));
#13231=DIRECTION('',(0.E0,0.E0,-1.E0));
#13232=DIRECTION('',(0.E0,1.E0,0.E0));
#13233=AXIS2_PLACEMENT_3D('',#13230,#13231,#13232);
#13234=PLANE('',#13233);
#13235=ORIENTED_EDGE('',*,*,#13213,.T.);
#13237=ORIENTED_EDGE('',*,*,#13236,.F.);
#13238=ORIENTED_EDGE('',*,*,#12708,.F.);
#13240=ORIENTED_EDGE('',*,*,#13239,.F.);
#13242=ORIENTED_EDGE('',*,*,#13241,.T.);
#13244=ORIENTED_EDGE('',*,*,#13243,.F.);
#13245=EDGE_LOOP('',(#13235,#13237,#13238,#13240,#13242,#13244));
#13246=FACE_OUTER_BOUND('',#13245,.F.);
#13247=ADVANCED_FACE('',(#13246),#13234,.T.);
#13248=CARTESIAN_POINT('',(3.375E-1,1.53E-1,-1.6375E-1));
#13249=DIRECTION('',(0.E0,-1.E0,0.E0));
#13250=DIRECTION('',(0.E0,0.E0,1.E0));
#13251=AXIS2_PLACEMENT_3D('',#13248,#13249,#13250);
#13252=PLANE('',#13251);
#13253=ORIENTED_EDGE('',*,*,#13225,.T.);
#13255=ORIENTED_EDGE('',*,*,#13254,.F.);
#13256=ORIENTED_EDGE('',*,*,#12710,.F.);
#13257=ORIENTED_EDGE('',*,*,#13236,.T.);
#13258=EDGE_LOOP('',(#13253,#13255,#13256,#13257));
#13259=FACE_OUTER_BOUND('',#13258,.F.);
#13260=ADVANCED_FACE('',(#13259),#13252,.F.);
#13261=CARTESIAN_POINT('',(3.375E-1,-9.075E-2,1.25E-1));
#13262=DIRECTION('',(0.E0,0.E0,-1.E0));
#13263=DIRECTION('',(0.E0,1.E0,0.E0));
#13264=AXIS2_PLACEMENT_3D('',#13261,#13262,#13263);
#13265=PLANE('',#13264);
#13266=ORIENTED_EDGE('',*,*,#13223,.F.);
#13268=ORIENTED_EDGE('',*,*,#13267,.T.);
#13269=ORIENTED_EDGE('',*,*,#12712,.T.);
#13270=ORIENTED_EDGE('',*,*,#13254,.T.);
#13271=EDGE_LOOP('',(#13266,#13268,#13269,#13270));
#13272=FACE_OUTER_BOUND('',#13271,.F.);
#13273=ADVANCED_FACE('',(#13272),#13265,.F.);
#13274=CARTESIAN_POINT('',(3.375E-1,1.271E-1,2.925E-1));
#13275=DIRECTION('',(0.E0,9.907833155514E-1,1.354563458276E-1));
#13276=DIRECTION('',(0.E0,-1.354563458276E-1,9.907833155514E-1));
#13277=AXIS2_PLACEMENT_3D('',#13274,#13275,#13276);
#13278=PLANE('',#13277);
#13279=ORIENTED_EDGE('',*,*,#11795,.T.);
#13280=ORIENTED_EDGE('',*,*,#12599,.T.);
#13282=ORIENTED_EDGE('',*,*,#13281,.T.);
#13283=ORIENTED_EDGE('',*,*,#12714,.F.);
#13284=ORIENTED_EDGE('',*,*,#13267,.F.);
#13285=ORIENTED_EDGE('',*,*,#13221,.F.);
#13286=EDGE_LOOP('',(#13279,#13280,#13282,#13283,#13284,#13285));
#13287=FACE_OUTER_BOUND('',#13286,.F.);
#13288=ADVANCED_FACE('',(#13287),#13278,.T.);
#13289=CARTESIAN_POINT('',(3.375E-1,1.2E-3,4.6E-1));
#13290=DIRECTION('',(0.E0,0.E0,1.E0));
#13291=DIRECTION('',(0.E0,-1.E0,0.E0));
#13292=AXIS2_PLACEMENT_3D('',#13289,#13290,#13291);
#13293=PLANE('',#13292);
#13294=ORIENTED_EDGE('',*,*,#12597,.T.);
#13295=ORIENTED_EDGE('',*,*,#12616,.T.);
#13296=ORIENTED_EDGE('',*,*,#12716,.F.);
#13297=ORIENTED_EDGE('',*,*,#13281,.F.);
#13298=EDGE_LOOP('',(#13294,#13295,#13296,#13297));
#13299=FACE_OUTER_BOUND('',#13298,.F.);
#13300=ADVANCED_FACE('',(#13299),#13293,.T.);
#13301=CARTESIAN_POINT('',(3.375E-1,-3.43E-1,-1.6375E-1));
#13302=DIRECTION('',(0.E0,1.E0,0.E0));
#13303=DIRECTION('',(0.E0,0.E0,1.E0));
#13304=AXIS2_PLACEMENT_3D('',#13301,#13302,#13303);
#13305=PLANE('',#13304);
#13307=ORIENTED_EDGE('',*,*,#13306,.F.);
#13309=ORIENTED_EDGE('',*,*,#13308,.F.);
#13310=ORIENTED_EDGE('',*,*,#13239,.T.);
#13311=ORIENTED_EDGE('',*,*,#12706,.T.);
#13312=EDGE_LOOP('',(#13307,#13309,#13310,#13311));
#13313=FACE_OUTER_BOUND('',#13312,.F.);
#13314=ADVANCED_FACE('',(#13313),#13305,.F.);
#13315=CARTESIAN_POINT('',(3.375E-1,-2.585E-1,-4.275E-1));
#13316=DIRECTION('',(0.E0,0.E0,-1.E0));
#13317=DIRECTION('',(0.E0,1.E0,0.E0));
#13318=AXIS2_PLACEMENT_3D('',#13315,#13316,#13317);
#13319=PLANE('',#13318);
#13321=ORIENTED_EDGE('',*,*,#13320,.F.);
#13323=ORIENTED_EDGE('',*,*,#13322,.T.);
#13324=ORIENTED_EDGE('',*,*,#13306,.T.);
#13325=ORIENTED_EDGE('',*,*,#12704,.T.);
#13326=EDGE_LOOP('',(#13321,#13323,#13324,#13325));
#13327=FACE_OUTER_BOUND('',#13326,.F.);
#13328=ADVANCED_FACE('',(#13327),#13319,.F.);
#13329=CARTESIAN_POINT('',(2.075E-1,-1.68E-1,-4.65E-1));
#13330=DIRECTION('',(0.E0,1.E0,0.E0));
#13331=DIRECTION('',(1.E0,0.E0,0.E0));
#13332=AXIS2_PLACEMENT_3D('',#13329,#13330,#13331);
#13333=PLANE('',#13332);
#13335=ORIENTED_EDGE('',*,*,#13334,.T.);
#13336=ORIENTED_EDGE('',*,*,#12686,.T.);
#13338=ORIENTED_EDGE('',*,*,#13337,.T.);
#13340=ORIENTED_EDGE('',*,*,#13339,.F.);
#13342=ORIENTED_EDGE('',*,*,#13341,.T.);
#13343=ORIENTED_EDGE('',*,*,#12678,.T.);
#13344=ORIENTED_EDGE('',*,*,#12740,.T.);
#13346=ORIENTED_EDGE('',*,*,#13345,.F.);
#13348=ORIENTED_EDGE('',*,*,#13347,.F.);
#13349=ORIENTED_EDGE('',*,*,#13215,.T.);
#13350=ORIENTED_EDGE('',*,*,#13243,.T.);
#13352=ORIENTED_EDGE('',*,*,#13351,.F.);
#13353=ORIENTED_EDGE('',*,*,#13320,.T.);
#13354=ORIENTED_EDGE('',*,*,#12702,.T.);
#13356=ORIENTED_EDGE('',*,*,#13355,.T.);
#13358=ORIENTED_EDGE('',*,*,#13357,.F.);
#13360=ORIENTED_EDGE('',*,*,#13359,.T.);
#13361=ORIENTED_EDGE('',*,*,#12694,.T.);
#13363=ORIENTED_EDGE('',*,*,#13362,.T.);
#13365=ORIENTED_EDGE('',*,*,#13364,.F.);
#13366=EDGE_LOOP('',(#13335,#13336,#13338,#13340,#13342,#13343,#13344,#13346,
#13348,#13349,#13350,#13352,#13353,#13354,#13356,#13358,#13360,#13361,#13363,
#13365));
#13367=FACE_OUTER_BOUND('',#13366,.F.);
#13368=ADVANCED_FACE('',(#13367),#13333,.F.);
#13369=CARTESIAN_POINT('',(3.375E-1,-2.585E-1,-2.275E-1));
#13370=DIRECTION('',(0.E0,0.E0,-1.E0));
#13371=DIRECTION('',(0.E0,1.E0,0.E0));
#13372=AXIS2_PLACEMENT_3D('',#13369,#13370,#13371);
#13373=PLANE('',#13372);
#13374=ORIENTED_EDGE('',*,*,#13334,.F.);
#13376=ORIENTED_EDGE('',*,*,#13375,.T.);
#13378=ORIENTED_EDGE('',*,*,#13377,.T.);
#13379=ORIENTED_EDGE('',*,*,#12688,.T.);
#13380=EDGE_LOOP('',(#13374,#13376,#13378,#13379));
#13381=FACE_OUTER_BOUND('',#13380,.F.);
#13382=ADVANCED_FACE('',(#13381),#13373,.F.);
#13383=CARTESIAN_POINT('',(3.46E-1,-3.43E-1,-4.525E-1));
#13384=DIRECTION('',(1.E0,0.E0,0.E0));
#13385=DIRECTION('',(0.E0,1.E0,0.E0));
#13386=AXIS2_PLACEMENT_3D('',#13383,#13384,#13385);
#13387=PLANE('',#13386);
#13388=ORIENTED_EDGE('',*,*,#13364,.T.);
#13390=ORIENTED_EDGE('',*,*,#13389,.F.);
#13392=ORIENTED_EDGE('',*,*,#13391,.T.);
#13393=ORIENTED_EDGE('',*,*,#13375,.F.);
#13394=EDGE_LOOP('',(#13388,#13390,#13392,#13393));
#13395=FACE_OUTER_BOUND('',#13394,.F.);
#13396=ADVANCED_FACE('',(#13395),#13387,.T.);
#13397=CARTESIAN_POINT('',(3.375E-1,-2.585E-1,-2.525E-1));
#13398=DIRECTION('',(0.E0,0.E0,-1.E0));
#13399=DIRECTION('',(0.E0,1.E0,0.E0));
#13400=AXIS2_PLACEMENT_3D('',#13397,#13398,#13399);
#13401=PLANE('',#13400);
#13402=ORIENTED_EDGE('',*,*,#13362,.F.);
#13403=ORIENTED_EDGE('',*,*,#12692,.T.);
#13405=ORIENTED_EDGE('',*,*,#13404,.F.);
#13406=ORIENTED_EDGE('',*,*,#13389,.T.);
#13407=EDGE_LOOP('',(#13402,#13403,#13405,#13406));
#13408=FACE_OUTER_BOUND('',#13407,.F.);
#13409=ADVANCED_FACE('',(#13408),#13401,.T.);
#13410=CARTESIAN_POINT('',(3.375E-1,-3.43E-1,-1.6375E-1));
#13411=DIRECTION('',(0.E0,1.E0,0.E0));
#13412=DIRECTION('',(0.E0,0.E0,1.E0));
#13413=AXIS2_PLACEMENT_3D('',#13410,#13411,#13412);
#13414=PLANE('',#13413);
#13415=ORIENTED_EDGE('',*,*,#13404,.T.);
#13416=ORIENTED_EDGE('',*,*,#12690,.T.);
#13417=ORIENTED_EDGE('',*,*,#13377,.F.);
#13418=ORIENTED_EDGE('',*,*,#13391,.F.);
#13419=EDGE_LOOP('',(#13415,#13416,#13417,#13418));
#13420=FACE_OUTER_BOUND('',#13419,.F.);
#13421=ADVANCED_FACE('',(#13420),#13414,.F.);
#13422=CARTESIAN_POINT('',(3.375E-1,-2.585E-1,-1.525E-1));
#13423=DIRECTION('',(0.E0,0.E0,-1.E0));
#13424=DIRECTION('',(0.E0,1.E0,0.E0));
#13425=AXIS2_PLACEMENT_3D('',#13422,#13423,#13424);
#13426=PLANE('',#13425);
#13427=ORIENTED_EDGE('',*,*,#13337,.F.);
#13428=ORIENTED_EDGE('',*,*,#12684,.T.);
#13430=ORIENTED_EDGE('',*,*,#13429,.F.);
#13432=ORIENTED_EDGE('',*,*,#13431,.T.);
#13433=EDGE_LOOP('',(#13427,#13428,#13430,#13432));
#13434=FACE_OUTER_BOUND('',#13433,.F.);
#13435=ADVANCED_FACE('',(#13434),#13426,.T.);
#13436=CARTESIAN_POINT('',(3.375E-1,-3.43E-1,-1.6375E-1));
#13437=DIRECTION('',(0.E0,1.E0,0.E0));
#13438=DIRECTION('',(0.E0,0.E0,1.E0));
#13439=AXIS2_PLACEMENT_3D('',#13436,#13437,#13438);
#13440=PLANE('',#13439);
#13441=ORIENTED_EDGE('',*,*,#13429,.T.);
#13442=ORIENTED_EDGE('',*,*,#12682,.T.);
#13444=ORIENTED_EDGE('',*,*,#13443,.F.);
#13446=ORIENTED_EDGE('',*,*,#13445,.F.);
#13447=EDGE_LOOP('',(#13441,#13442,#13444,#13446));
#13448=FACE_OUTER_BOUND('',#13447,.F.);
#13449=ADVANCED_FACE('',(#13448),#13440,.F.);
#13450=CARTESIAN_POINT('',(3.375E-1,-2.585E-1,-1.275E-1));
#13451=DIRECTION('',(0.E0,0.E0,-1.E0));
#13452=DIRECTION('',(0.E0,1.E0,0.E0));
#13453=AXIS2_PLACEMENT_3D('',#13450,#13451,#13452);
#13454=PLANE('',#13453);
#13455=ORIENTED_EDGE('',*,*,#13341,.F.);
#13457=ORIENTED_EDGE('',*,*,#13456,.T.);
#13458=ORIENTED_EDGE('',*,*,#13443,.T.);
#13459=ORIENTED_EDGE('',*,*,#12680,.T.);
#13460=EDGE_LOOP('',(#13455,#13457,#13458,#13459));
#13461=FACE_OUTER_BOUND('',#13460,.F.);
#13462=ADVANCED_FACE('',(#13461),#13454,.F.);
#13463=CARTESIAN_POINT('',(3.46E-1,-3.43E-1,-4.525E-1));
#13464=DIRECTION('',(1.E0,0.E0,0.E0));
#13465=DIRECTION('',(0.E0,1.E0,0.E0));
#13466=AXIS2_PLACEMENT_3D('',#13463,#13464,#13465);
#13467=PLANE('',#13466);
#13468=ORIENTED_EDGE('',*,*,#13339,.T.);
#13469=ORIENTED_EDGE('',*,*,#13431,.F.);
#13470=ORIENTED_EDGE('',*,*,#13445,.T.);
#13471=ORIENTED_EDGE('',*,*,#13456,.F.);
#13472=EDGE_LOOP('',(#13468,#13469,#13470,#13471));
#13473=FACE_OUTER_BOUND('',#13472,.F.);
#13474=ADVANCED_FACE('',(#13473),#13467,.T.);
#13475=CARTESIAN_POINT('',(3.675E-1,-1.68E-1,-4.65E-1));
#13476=DIRECTION('',(1.E0,0.E0,0.E0));
#13477=DIRECTION('',(0.E0,-1.E0,0.E0));
#13478=AXIS2_PLACEMENT_3D('',#13475,#13476,#13477);
#13479=PLANE('',#13478);
#13481=ORIENTED_EDGE('',*,*,#13480,.T.);
#13482=ORIENTED_EDGE('',*,*,#13345,.T.);
#13483=ORIENTED_EDGE('',*,*,#12738,.T.);
#13484=ORIENTED_EDGE('',*,*,#10892,.F.);
#13485=EDGE_LOOP('',(#13481,#13482,#13483,#13484));
#13486=FACE_OUTER_BOUND('',#13485,.F.);
#13487=ADVANCED_FACE('',(#13486),#13479,.F.);
#13488=CARTESIAN_POINT('',(0.E0,0.E0,-4.65E-1));
#13489=DIRECTION('',(0.E0,0.E0,1.E0));
#13490=DIRECTION('',(1.E0,0.E0,0.E0));
#13491=AXIS2_PLACEMENT_3D('',#13488,#13489,#13490);
#13492=PLANE('',#13491);
#13494=ORIENTED_EDGE('',*,*,#13493,.T.);
#13496=ORIENTED_EDGE('',*,*,#13495,.F.);
#13497=ORIENTED_EDGE('',*,*,#10882,.F.);
#13499=ORIENTED_EDGE('',*,*,#13498,.T.);
#13501=ORIENTED_EDGE('',*,*,#13500,.T.);
#13503=ORIENTED_EDGE('',*,*,#13502,.F.);
#13505=ORIENTED_EDGE('',*,*,#13504,.F.);
#13507=ORIENTED_EDGE('',*,*,#13506,.T.);
#13508=ORIENTED_EDGE('',*,*,#11052,.F.);
#13510=ORIENTED_EDGE('',*,*,#13509,.F.);
#13511=ORIENTED_EDGE('',*,*,#13196,.F.);
#13512=ORIENTED_EDGE('',*,*,#13217,.F.);
#13513=ORIENTED_EDGE('',*,*,#13347,.T.);
#13514=ORIENTED_EDGE('',*,*,#13480,.F.);
#13515=ORIENTED_EDGE('',*,*,#10890,.F.);
#13517=ORIENTED_EDGE('',*,*,#13516,.F.);
#13518=EDGE_LOOP('',(#13494,#13496,#13497,#13499,#13501,#13503,#13505,#13507,
#13508,#13510,#13511,#13512,#13513,#13514,#13515,#13517));
#13519=FACE_OUTER_BOUND('',#13518,.F.);
#13520=ADVANCED_FACE('',(#13519),#13492,.F.);
#13521=CARTESIAN_POINT('',(4.375E-1,-1.68E-1,-4.65E-1));
#13522=DIRECTION('',(0.E0,1.E0,0.E0));
#13523=DIRECTION('',(0.E0,0.E0,1.E0));
#13524=AXIS2_PLACEMENT_3D('',#13521,#13522,#13523);
#13525=PLANE('',#13524);
#13527=ORIENTED_EDGE('',*,*,#13526,.T.);
#13529=ORIENTED_EDGE('',*,*,#13528,.F.);
#13531=ORIENTED_EDGE('',*,*,#13530,.F.);
#13532=ORIENTED_EDGE('',*,*,#13493,.F.);
#13533=EDGE_LOOP('',(#13527,#13529,#13531,#13532));
#13534=FACE_OUTER_BOUND('',#13533,.F.);
#13535=ADVANCED_FACE('',(#13534),#13525,.F.);
#13536=CARTESIAN_POINT('',(3.875E-1,2.87E-1,4.65E-1));
#13537=DIRECTION('',(1.E0,0.E0,0.E0));
#13538=DIRECTION('',(0.E0,-1.E0,0.E0));
#13539=AXIS2_PLACEMENT_3D('',#13536,#13537,#13538);
#13540=PLANE('',#13539);
#13541=ORIENTED_EDGE('',*,*,#13526,.F.);
#13542=ORIENTED_EDGE('',*,*,#13516,.T.);
#13543=ORIENTED_EDGE('',*,*,#10888,.T.);
#13545=ORIENTED_EDGE('',*,*,#13544,.F.);
#13546=EDGE_LOOP('',(#13541,#13542,#13543,#13545));
#13547=FACE_OUTER_BOUND('',#13546,.F.);
#13548=ADVANCED_FACE('',(#13547),#13540,.T.);
#13549=CARTESIAN_POINT('',(4.375E-1,-1.68E-1,-1.11E-1));
#13550=DIRECTION('',(0.E0,0.E0,1.E0));
#13551=DIRECTION('',(0.E0,-1.E0,0.E0));
#13552=AXIS2_PLACEMENT_3D('',#13549,#13550,#13551);
#13553=PLANE('',#13552);
#13554=ORIENTED_EDGE('',*,*,#13544,.T.);
#13555=ORIENTED_EDGE('',*,*,#10886,.F.);
#13557=ORIENTED_EDGE('',*,*,#13556,.F.);
#13558=ORIENTED_EDGE('',*,*,#13528,.T.);
#13559=EDGE_LOOP('',(#13554,#13555,#13557,#13558));
#13560=FACE_OUTER_BOUND('',#13559,.F.);
#13561=ADVANCED_FACE('',(#13560),#13553,.F.);
#13562=CARTESIAN_POINT('',(4.375E-1,-2.87E-1,4.65E-1));
#13563=DIRECTION('',(-1.E0,0.E0,0.E0));
#13564=DIRECTION('',(0.E0,1.E0,0.E0));
#13565=AXIS2_PLACEMENT_3D('',#13562,#13563,#13564);
#13566=PLANE('',#13565);
#13567=ORIENTED_EDGE('',*,*,#13530,.T.);
#13568=ORIENTED_EDGE('',*,*,#13556,.T.);
#13569=ORIENTED_EDGE('',*,*,#10884,.F.);
#13570=ORIENTED_EDGE('',*,*,#13495,.T.);
#13571=EDGE_LOOP('',(#13567,#13568,#13569,#13570));
#13572=FACE_OUTER_BOUND('',#13571,.F.);
#13573=ADVANCED_FACE('',(#13572),#13566,.T.);
#13574=CARTESIAN_POINT('',(4.575E-1,-2.08E-1,-4.65E-1));
#13575=DIRECTION('',(-1.E0,0.E0,0.E0));
#13576=DIRECTION('',(0.E0,1.E0,0.E0));
#13577=AXIS2_PLACEMENT_3D('',#13574,#13575,#13576);
#13578=PLANE('',#13577);
#13579=ORIENTED_EDGE('',*,*,#13498,.F.);
#13580=ORIENTED_EDGE('',*,*,#10880,.T.);
#13582=ORIENTED_EDGE('',*,*,#13581,.T.);
#13584=ORIENTED_EDGE('',*,*,#13583,.F.);
#13585=EDGE_LOOP('',(#13579,#13580,#13582,#13584));
#13586=FACE_OUTER_BOUND('',#13585,.F.);
#13587=ADVANCED_FACE('',(#13586),#13578,.F.);
#13588=CARTESIAN_POINT('',(5.824E-1,-1.18E-1,-5.5E-2));
#13589=DIRECTION('',(0.E0,0.E0,1.E0));
#13590=DIRECTION('',(0.E0,1.E0,0.E0));
#13591=AXIS2_PLACEMENT_3D('',#13588,#13589,#13590);
#13592=PLANE('',#13591);
#13594=ORIENTED_EDGE('',*,*,#13593,.T.);
#13596=ORIENTED_EDGE('',*,*,#13595,.F.);
#13598=ORIENTED_EDGE('',*,*,#13597,.F.);
#13600=ORIENTED_EDGE('',*,*,#13599,.F.);
#13601=ORIENTED_EDGE('',*,*,#13581,.F.);
#13602=ORIENTED_EDGE('',*,*,#10878,.T.);
#13604=ORIENTED_EDGE('',*,*,#13603,.F.);
#13606=ORIENTED_EDGE('',*,*,#13605,.F.);
#13607=EDGE_LOOP('',(#13594,#13596,#13598,#13600,#13601,#13602,#13604,#13606));
#13608=FACE_OUTER_BOUND('',#13607,.F.);
#13609=ADVANCED_FACE('',(#13608),#13592,.F.);
#13610=CARTESIAN_POINT('',(5.79E-1,-3.43E-1,-4.525E-1));
#13611=DIRECTION('',(1.E0,0.E0,0.E0));
#13612=DIRECTION('',(0.E0,1.E0,0.E0));
#13613=AXIS2_PLACEMENT_3D('',#13610,#13611,#13612);
#13614=PLANE('',#13613);
#13615=ORIENTED_EDGE('',*,*,#13593,.F.);
#13617=ORIENTED_EDGE('',*,*,#13616,.F.);
#13619=ORIENTED_EDGE('',*,*,#13618,.F.);
#13621=ORIENTED_EDGE('',*,*,#13620,.F.);
#13623=ORIENTED_EDGE('',*,*,#13622,.F.);
#13625=ORIENTED_EDGE('',*,*,#13624,.F.);
#13627=ORIENTED_EDGE('',*,*,#13626,.F.);
#13629=ORIENTED_EDGE('',*,*,#13628,.F.);
#13631=ORIENTED_EDGE('',*,*,#13630,.F.);
#13633=ORIENTED_EDGE('',*,*,#13632,.F.);
#13635=ORIENTED_EDGE('',*,*,#13634,.F.);
#13637=ORIENTED_EDGE('',*,*,#13636,.F.);
#13639=ORIENTED_EDGE('',*,*,#13638,.F.);
#13641=ORIENTED_EDGE('',*,*,#13640,.F.);
#13643=ORIENTED_EDGE('',*,*,#13642,.F.);
#13645=ORIENTED_EDGE('',*,*,#13644,.F.);
#13647=ORIENTED_EDGE('',*,*,#13646,.T.);
#13649=ORIENTED_EDGE('',*,*,#13648,.T.);
#13651=ORIENTED_EDGE('',*,*,#13650,.F.);
#13653=ORIENTED_EDGE('',*,*,#13652,.T.);
#13655=ORIENTED_EDGE('',*,*,#13654,.T.);
#13657=ORIENTED_EDGE('',*,*,#13656,.T.);
#13659=ORIENTED_EDGE('',*,*,#13658,.F.);
#13661=ORIENTED_EDGE('',*,*,#13660,.T.);
#13662=EDGE_LOOP('',(#13615,#13617,#13619,#13621,#13623,#13625,#13627,#13629,
#13631,#13633,#13635,#13637,#13639,#13641,#13643,#13645,#13647,#13649,#13651,
#13653,#13655,#13657,#13659,#13661));
#13663=FACE_OUTER_BOUND('',#13662,.F.);
#13664=ADVANCED_FACE('',(#13663),#13614,.F.);
#13665=CARTESIAN_POINT('',(4.575E-1,-1.68E-1,-4.65E-1));
#13666=DIRECTION('',(0.E0,1.E0,0.E0));
#13667=DIRECTION('',(1.E0,0.E0,0.E0));
#13668=AXIS2_PLACEMENT_3D('',#13665,#13666,#13667);
#13669=PLANE('',#13668);
#13671=ORIENTED_EDGE('',*,*,#13670,.T.);
#13672=ORIENTED_EDGE('',*,*,#13624,.T.);
#13674=ORIENTED_EDGE('',*,*,#13673,.T.);
#13676=ORIENTED_EDGE('',*,*,#13675,.F.);
#13678=ORIENTED_EDGE('',*,*,#13677,.T.);
#13679=ORIENTED_EDGE('',*,*,#13616,.T.);
#13680=ORIENTED_EDGE('',*,*,#13605,.T.);
#13682=ORIENTED_EDGE('',*,*,#13681,.F.);
#13684=ORIENTED_EDGE('',*,*,#13683,.F.);
#13686=ORIENTED_EDGE('',*,*,#13685,.T.);
#13688=ORIENTED_EDGE('',*,*,#13687,.T.);
#13690=ORIENTED_EDGE('',*,*,#13689,.F.);
#13692=ORIENTED_EDGE('',*,*,#13691,.T.);
#13693=ORIENTED_EDGE('',*,*,#13640,.T.);
#13695=ORIENTED_EDGE('',*,*,#13694,.T.);
#13697=ORIENTED_EDGE('',*,*,#13696,.F.);
#13699=ORIENTED_EDGE('',*,*,#13698,.T.);
#13700=ORIENTED_EDGE('',*,*,#13632,.T.);
#13702=ORIENTED_EDGE('',*,*,#13701,.T.);
#13704=ORIENTED_EDGE('',*,*,#13703,.F.);
#13705=EDGE_LOOP('',(#13671,#13672,#13674,#13676,#13678,#13679,#13680,#13682,
#13684,#13686,#13688,#13690,#13692,#13693,#13695,#13697,#13699,#13700,#13702,
#13704));
#13706=FACE_OUTER_BOUND('',#13705,.F.);
#13707=ADVANCED_FACE('',(#13706),#13669,.F.);
#13708=CARTESIAN_POINT('',(5.875E-1,-2.585E-1,-2.275E-1));
#13709=DIRECTION('',(0.E0,0.E0,-1.E0));
#13710=DIRECTION('',(0.E0,1.E0,0.E0));
#13711=AXIS2_PLACEMENT_3D('',#13708,#13709,#13710);
#13712=PLANE('',#13711);
#13713=ORIENTED_EDGE('',*,*,#13670,.F.);
#13715=ORIENTED_EDGE('',*,*,#13714,.T.);
#13717=ORIENTED_EDGE('',*,*,#13716,.T.);
#13718=ORIENTED_EDGE('',*,*,#13626,.T.);
#13719=EDGE_LOOP('',(#13713,#13715,#13717,#13718));
#13720=FACE_OUTER_BOUND('',#13719,.F.);
#13721=ADVANCED_FACE('',(#13720),#13712,.F.);
#13722=CARTESIAN_POINT('',(5.96E-1,-3.43E-1,-4.525E-1));
#13723=DIRECTION('',(1.E0,0.E0,0.E0));
#13724=DIRECTION('',(0.E0,1.E0,0.E0));
#13725=AXIS2_PLACEMENT_3D('',#13722,#13723,#13724);
#13726=PLANE('',#13725);
#13727=ORIENTED_EDGE('',*,*,#13703,.T.);
#13729=ORIENTED_EDGE('',*,*,#13728,.F.);
#13731=ORIENTED_EDGE('',*,*,#13730,.T.);
#13732=ORIENTED_EDGE('',*,*,#13714,.F.);
#13733=EDGE_LOOP('',(#13727,#13729,#13731,#13732));
#13734=FACE_OUTER_BOUND('',#13733,.F.);
#13735=ADVANCED_FACE('',(#13734),#13726,.T.);
#13736=CARTESIAN_POINT('',(5.875E-1,-2.585E-1,-2.525E-1));
#13737=DIRECTION('',(0.E0,0.E0,-1.E0));
#13738=DIRECTION('',(0.E0,1.E0,0.E0));
#13739=AXIS2_PLACEMENT_3D('',#13736,#13737,#13738);
#13740=PLANE('',#13739);
#13741=ORIENTED_EDGE('',*,*,#13701,.F.);
#13742=ORIENTED_EDGE('',*,*,#13630,.T.);
#13744=ORIENTED_EDGE('',*,*,#13743,.F.);
#13745=ORIENTED_EDGE('',*,*,#13728,.T.);
#13746=EDGE_LOOP('',(#13741,#13742,#13744,#13745));
#13747=FACE_OUTER_BOUND('',#13746,.F.);
#13748=ADVANCED_FACE('',(#13747),#13740,.T.);
#13749=CARTESIAN_POINT('',(5.875E-1,-3.43E-1,-1.6375E-1));
#13750=DIRECTION('',(0.E0,1.E0,0.E0));
#13751=DIRECTION('',(0.E0,0.E0,1.E0));
#13752=AXIS2_PLACEMENT_3D('',#13749,#13750,#13751);
#13753=PLANE('',#13752);
#13754=ORIENTED_EDGE('',*,*,#13743,.T.);
#13755=ORIENTED_EDGE('',*,*,#13628,.T.);
#13756=ORIENTED_EDGE('',*,*,#13716,.F.);
#13757=ORIENTED_EDGE('',*,*,#13730,.F.);
#13758=EDGE_LOOP('',(#13754,#13755,#13756,#13757));
#13759=FACE_OUTER_BOUND('',#13758,.F.);
#13760=ADVANCED_FACE('',(#13759),#13753,.F.);
#13761=CARTESIAN_POINT('',(5.875E-1,-2.585E-1,-1.525E-1));
#13762=DIRECTION('',(0.E0,0.E0,-1.E0));
#13763=DIRECTION('',(0.E0,1.E0,0.E0));
#13764=AXIS2_PLACEMENT_3D('',#13761,#13762,#13763);
#13765=PLANE('',#13764);
#13766=ORIENTED_EDGE('',*,*,#13673,.F.);
#13767=ORIENTED_EDGE('',*,*,#13622,.T.);
#13769=ORIENTED_EDGE('',*,*,#13768,.F.);
#13771=ORIENTED_EDGE('',*,*,#13770,.T.);
#13772=EDGE_LOOP('',(#13766,#13767,#13769,#13771));
#13773=FACE_OUTER_BOUND('',#13772,.F.);
#13774=ADVANCED_FACE('',(#13773),#13765,.T.);
#13775=CARTESIAN_POINT('',(5.875E-1,-3.43E-1,-1.6375E-1));
#13776=DIRECTION('',(0.E0,1.E0,0.E0));
#13777=DIRECTION('',(0.E0,0.E0,1.E0));
#13778=AXIS2_PLACEMENT_3D('',#13775,#13776,#13777);
#13779=PLANE('',#13778);
#13780=ORIENTED_EDGE('',*,*,#13768,.T.);
#13781=ORIENTED_EDGE('',*,*,#13620,.T.);
#13783=ORIENTED_EDGE('',*,*,#13782,.F.);
#13785=ORIENTED_EDGE('',*,*,#13784,.F.);
#13786=EDGE_LOOP('',(#13780,#13781,#13783,#13785));
#13787=FACE_OUTER_BOUND('',#13786,.F.);
#13788=ADVANCED_FACE('',(#13787),#13779,.F.);
#13789=CARTESIAN_POINT('',(5.875E-1,-2.585E-1,-1.275E-1));
#13790=DIRECTION('',(0.E0,0.E0,-1.E0));
#13791=DIRECTION('',(0.E0,1.E0,0.E0));
#13792=AXIS2_PLACEMENT_3D('',#13789,#13790,#13791);
#13793=PLANE('',#13792);
#13794=ORIENTED_EDGE('',*,*,#13677,.F.);
#13796=ORIENTED_EDGE('',*,*,#13795,.T.);
#13797=ORIENTED_EDGE('',*,*,#13782,.T.);
#13798=ORIENTED_EDGE('',*,*,#13618,.T.);
#13799=EDGE_LOOP('',(#13794,#13796,#13797,#13798));
#13800=FACE_OUTER_BOUND('',#13799,.F.);
#13801=ADVANCED_FACE('',(#13800),#13793,.F.);
#13802=CARTESIAN_POINT('',(5.96E-1,-3.43E-1,-4.525E-1));
#13803=DIRECTION('',(1.E0,0.E0,0.E0));
#13804=DIRECTION('',(0.E0,1.E0,0.E0));
#13805=AXIS2_PLACEMENT_3D('',#13802,#13803,#13804);
#13806=PLANE('',#13805);
#13807=ORIENTED_EDGE('',*,*,#13675,.T.);
#13808=ORIENTED_EDGE('',*,*,#13770,.F.);
#13809=ORIENTED_EDGE('',*,*,#13784,.T.);
#13810=ORIENTED_EDGE('',*,*,#13795,.F.);
#13811=EDGE_LOOP('',(#13807,#13808,#13809,#13810));
#13812=FACE_OUTER_BOUND('',#13811,.F.);
#13813=ADVANCED_FACE('',(#13812),#13806,.T.);
#13814=CARTESIAN_POINT('',(6.175E-1,-1.68E-1,-4.65E-1));
#13815=DIRECTION('',(1.E0,0.E0,0.E0));
#13816=DIRECTION('',(0.E0,-1.E0,0.E0));
#13817=AXIS2_PLACEMENT_3D('',#13814,#13815,#13816);
#13818=PLANE('',#13817);
#13820=ORIENTED_EDGE('',*,*,#13819,.T.);
#13821=ORIENTED_EDGE('',*,*,#13681,.T.);
#13822=ORIENTED_EDGE('',*,*,#13603,.T.);
#13823=ORIENTED_EDGE('',*,*,#10876,.F.);
#13824=EDGE_LOOP('',(#13820,#13821,#13822,#13823));
#13825=FACE_OUTER_BOUND('',#13824,.F.);
#13826=ADVANCED_FACE('',(#13825),#13818,.F.);
#13827=CARTESIAN_POINT('',(0.E0,0.E0,-4.65E-1));
#13828=DIRECTION('',(0.E0,0.E0,1.E0));
#13829=DIRECTION('',(1.E0,0.E0,0.E0));
#13830=AXIS2_PLACEMENT_3D('',#13827,#13828,#13829);
#13831=PLANE('',#13830);
#13833=ORIENTED_EDGE('',*,*,#13832,.T.);
#13835=ORIENTED_EDGE('',*,*,#13834,.F.);
#13836=ORIENTED_EDGE('',*,*,#10866,.F.);
#13838=ORIENTED_EDGE('',*,*,#13837,.T.);
#13840=ORIENTED_EDGE('',*,*,#13839,.T.);
#13842=ORIENTED_EDGE('',*,*,#13841,.F.);
#13844=ORIENTED_EDGE('',*,*,#13843,.F.);
#13846=ORIENTED_EDGE('',*,*,#13845,.T.);
#13847=ORIENTED_EDGE('',*,*,#11060,.F.);
#13849=ORIENTED_EDGE('',*,*,#13848,.F.);
#13851=ORIENTED_EDGE('',*,*,#13850,.F.);
#13853=ORIENTED_EDGE('',*,*,#13852,.F.);
#13854=ORIENTED_EDGE('',*,*,#13683,.T.);
#13855=ORIENTED_EDGE('',*,*,#13819,.F.);
#13856=ORIENTED_EDGE('',*,*,#10874,.F.);
#13858=ORIENTED_EDGE('',*,*,#13857,.F.);
#13859=EDGE_LOOP('',(#13833,#13835,#13836,#13838,#13840,#13842,#13844,#13846,
#13847,#13849,#13851,#13853,#13854,#13855,#13856,#13858));
#13860=FACE_OUTER_BOUND('',#13859,.F.);
#13861=ADVANCED_FACE('',(#13860),#13831,.F.);
#13862=CARTESIAN_POINT('',(6.875E-1,-1.68E-1,-4.65E-1));
#13863=DIRECTION('',(0.E0,1.E0,0.E0));
#13864=DIRECTION('',(0.E0,0.E0,1.E0));
#13865=AXIS2_PLACEMENT_3D('',#13862,#13863,#13864);
#13866=PLANE('',#13865);
#13868=ORIENTED_EDGE('',*,*,#13867,.T.);
#13870=ORIENTED_EDGE('',*,*,#13869,.F.);
#13872=ORIENTED_EDGE('',*,*,#13871,.F.);
#13873=ORIENTED_EDGE('',*,*,#13832,.F.);
#13874=EDGE_LOOP('',(#13868,#13870,#13872,#13873));
#13875=FACE_OUTER_BOUND('',#13874,.F.);
#13876=ADVANCED_FACE('',(#13875),#13866,.F.);
#13877=CARTESIAN_POINT('',(6.375E-1,2.87E-1,4.65E-1));
#13878=DIRECTION('',(1.E0,0.E0,0.E0));
#13879=DIRECTION('',(0.E0,-1.E0,0.E0));
#13880=AXIS2_PLACEMENT_3D('',#13877,#13878,#13879);
#13881=PLANE('',#13880);
#13882=ORIENTED_EDGE('',*,*,#13867,.F.);
#13883=ORIENTED_EDGE('',*,*,#13857,.T.);
#13884=ORIENTED_EDGE('',*,*,#10872,.T.);
#13886=ORIENTED_EDGE('',*,*,#13885,.F.);
#13887=EDGE_LOOP('',(#13882,#13883,#13884,#13886));
#13888=FACE_OUTER_BOUND('',#13887,.F.);
#13889=ADVANCED_FACE('',(#13888),#13881,.T.);
#13890=CARTESIAN_POINT('',(6.875E-1,-1.68E-1,-1.11E-1));
#13891=DIRECTION('',(0.E0,0.E0,1.E0));
#13892=DIRECTION('',(0.E0,-1.E0,0.E0));
#13893=AXIS2_PLACEMENT_3D('',#13890,#13891,#13892);
#13894=PLANE('',#13893);
#13895=ORIENTED_EDGE('',*,*,#13885,.T.);
#13896=ORIENTED_EDGE('',*,*,#10870,.F.);
#13898=ORIENTED_EDGE('',*,*,#13897,.F.);
#13899=ORIENTED_EDGE('',*,*,#13869,.T.);
#13900=EDGE_LOOP('',(#13895,#13896,#13898,#13899));
#13901=FACE_OUTER_BOUND('',#13900,.F.);
#13902=ADVANCED_FACE('',(#13901),#13894,.F.);
#13903=CARTESIAN_POINT('',(6.875E-1,-2.87E-1,4.65E-1));
#13904=DIRECTION('',(-1.E0,0.E0,0.E0));
#13905=DIRECTION('',(0.E0,1.E0,0.E0));
#13906=AXIS2_PLACEMENT_3D('',#13903,#13904,#13905);
#13907=PLANE('',#13906);
#13908=ORIENTED_EDGE('',*,*,#13871,.T.);
#13909=ORIENTED_EDGE('',*,*,#13897,.T.);
#13910=ORIENTED_EDGE('',*,*,#10868,.F.);
#13911=ORIENTED_EDGE('',*,*,#13834,.T.);
#13912=EDGE_LOOP('',(#13908,#13909,#13910,#13911));
#13913=FACE_OUTER_BOUND('',#13912,.F.);
#13914=ADVANCED_FACE('',(#13913),#13907,.T.);
#13915=CARTESIAN_POINT('',(7.075E-1,-2.08E-1,-4.65E-1));
#13916=DIRECTION('',(-1.E0,0.E0,0.E0));
#13917=DIRECTION('',(0.E0,1.E0,0.E0));
#13918=AXIS2_PLACEMENT_3D('',#13915,#13916,#13917);
#13919=PLANE('',#13918);
#13920=ORIENTED_EDGE('',*,*,#13837,.F.);
#13921=ORIENTED_EDGE('',*,*,#10864,.T.);
#13923=ORIENTED_EDGE('',*,*,#13922,.T.);
#13925=ORIENTED_EDGE('',*,*,#13924,.F.);
#13926=EDGE_LOOP('',(#13920,#13921,#13923,#13925));
#13927=FACE_OUTER_BOUND('',#13926,.F.);
#13928=ADVANCED_FACE('',(#13927),#13919,.F.);
#13929=CARTESIAN_POINT('',(8.324E-1,-1.18E-1,-5.5E-2));
#13930=DIRECTION('',(0.E0,0.E0,1.E0));
#13931=DIRECTION('',(0.E0,1.E0,0.E0));
#13932=AXIS2_PLACEMENT_3D('',#13929,#13930,#13931);
#13933=PLANE('',#13932);
#13935=ORIENTED_EDGE('',*,*,#13934,.T.);
#13937=ORIENTED_EDGE('',*,*,#13936,.F.);
#13939=ORIENTED_EDGE('',*,*,#13938,.F.);
#13941=ORIENTED_EDGE('',*,*,#13940,.F.);
#13942=ORIENTED_EDGE('',*,*,#13922,.F.);
#13943=ORIENTED_EDGE('',*,*,#10862,.T.);
#13945=ORIENTED_EDGE('',*,*,#13944,.F.);
#13947=ORIENTED_EDGE('',*,*,#13946,.F.);
#13948=EDGE_LOOP('',(#13935,#13937,#13939,#13941,#13942,#13943,#13945,#13947));
#13949=FACE_OUTER_BOUND('',#13948,.F.);
#13950=ADVANCED_FACE('',(#13949),#13933,.F.);
#13951=CARTESIAN_POINT('',(8.29E-1,-3.43E-1,-4.525E-1));
#13952=DIRECTION('',(1.E0,0.E0,0.E0));
#13953=DIRECTION('',(0.E0,1.E0,0.E0));
#13954=AXIS2_PLACEMENT_3D('',#13951,#13952,#13953);
#13955=PLANE('',#13954);
#13956=ORIENTED_EDGE('',*,*,#13934,.F.);
#13958=ORIENTED_EDGE('',*,*,#13957,.F.);
#13960=ORIENTED_EDGE('',*,*,#13959,.F.);
#13962=ORIENTED_EDGE('',*,*,#13961,.F.);
#13964=ORIENTED_EDGE('',*,*,#13963,.F.);
#13966=ORIENTED_EDGE('',*,*,#13965,.F.);
#13968=ORIENTED_EDGE('',*,*,#13967,.F.);
#13970=ORIENTED_EDGE('',*,*,#13969,.F.);
#13972=ORIENTED_EDGE('',*,*,#13971,.F.);
#13974=ORIENTED_EDGE('',*,*,#13973,.F.);
#13976=ORIENTED_EDGE('',*,*,#13975,.F.);
#13978=ORIENTED_EDGE('',*,*,#13977,.F.);
#13980=ORIENTED_EDGE('',*,*,#13979,.F.);
#13982=ORIENTED_EDGE('',*,*,#13981,.F.);
#13984=ORIENTED_EDGE('',*,*,#13983,.F.);
#13986=ORIENTED_EDGE('',*,*,#13985,.F.);
#13988=ORIENTED_EDGE('',*,*,#13987,.T.);
#13990=ORIENTED_EDGE('',*,*,#13989,.T.);
#13992=ORIENTED_EDGE('',*,*,#13991,.F.);
#13994=ORIENTED_EDGE('',*,*,#13993,.T.);
#13996=ORIENTED_EDGE('',*,*,#13995,.T.);
#13998=ORIENTED_EDGE('',*,*,#13997,.T.);
#14000=ORIENTED_EDGE('',*,*,#13999,.F.);
#14002=ORIENTED_EDGE('',*,*,#14001,.T.);
#14003=EDGE_LOOP('',(#13956,#13958,#13960,#13962,#13964,#13966,#13968,#13970,
#13972,#13974,#13976,#13978,#13980,#13982,#13984,#13986,#13988,#13990,#13992,
#13994,#13996,#13998,#14000,#14002));
#14004=FACE_OUTER_BOUND('',#14003,.F.);
#14005=ADVANCED_FACE('',(#14004),#13955,.F.);
#14006=CARTESIAN_POINT('',(7.075E-1,-1.68E-1,-4.65E-1));
#14007=DIRECTION('',(0.E0,1.E0,0.E0));
#14008=DIRECTION('',(1.E0,0.E0,0.E0));
#14009=AXIS2_PLACEMENT_3D('',#14006,#14007,#14008);
#14010=PLANE('',#14009);
#14012=ORIENTED_EDGE('',*,*,#14011,.T.);
#14013=ORIENTED_EDGE('',*,*,#13965,.T.);
#14015=ORIENTED_EDGE('',*,*,#14014,.T.);
#14017=ORIENTED_EDGE('',*,*,#14016,.F.);
#14019=ORIENTED_EDGE('',*,*,#14018,.T.);
#14020=ORIENTED_EDGE('',*,*,#13957,.T.);
#14021=ORIENTED_EDGE('',*,*,#13946,.T.);
#14023=ORIENTED_EDGE('',*,*,#14022,.F.);
#14025=ORIENTED_EDGE('',*,*,#14024,.F.);
#14027=ORIENTED_EDGE('',*,*,#14026,.T.);
#14029=ORIENTED_EDGE('',*,*,#14028,.T.);
#14031=ORIENTED_EDGE('',*,*,#14030,.F.);
#14033=ORIENTED_EDGE('',*,*,#14032,.T.);
#14034=ORIENTED_EDGE('',*,*,#13981,.T.);
#14036=ORIENTED_EDGE('',*,*,#14035,.T.);
#14038=ORIENTED_EDGE('',*,*,#14037,.F.);
#14040=ORIENTED_EDGE('',*,*,#14039,.T.);
#14041=ORIENTED_EDGE('',*,*,#13973,.T.);
#14043=ORIENTED_EDGE('',*,*,#14042,.T.);
#14045=ORIENTED_EDGE('',*,*,#14044,.F.);
#14046=EDGE_LOOP('',(#14012,#14013,#14015,#14017,#14019,#14020,#14021,#14023,
#14025,#14027,#14029,#14031,#14033,#14034,#14036,#14038,#14040,#14041,#14043,
#14045));
#14047=FACE_OUTER_BOUND('',#14046,.F.);
#14048=ADVANCED_FACE('',(#14047),#14010,.F.);
#14049=CARTESIAN_POINT('',(8.375E-1,-2.585E-1,-2.275E-1));
#14050=DIRECTION('',(0.E0,0.E0,-1.E0));
#14051=DIRECTION('',(0.E0,1.E0,0.E0));
#14052=AXIS2_PLACEMENT_3D('',#14049,#14050,#14051);
#14053=PLANE('',#14052);
#14054=ORIENTED_EDGE('',*,*,#14011,.F.);
#14056=ORIENTED_EDGE('',*,*,#14055,.T.);
#14058=ORIENTED_EDGE('',*,*,#14057,.T.);
#14059=ORIENTED_EDGE('',*,*,#13967,.T.);
#14060=EDGE_LOOP('',(#14054,#14056,#14058,#14059));
#14061=FACE_OUTER_BOUND('',#14060,.F.);
#14062=ADVANCED_FACE('',(#14061),#14053,.F.);
#14063=CARTESIAN_POINT('',(8.46E-1,-3.43E-1,-4.525E-1));
#14064=DIRECTION('',(1.E0,0.E0,0.E0));
#14065=DIRECTION('',(0.E0,1.E0,0.E0));
#14066=AXIS2_PLACEMENT_3D('',#14063,#14064,#14065);
#14067=PLANE('',#14066);
#14068=ORIENTED_EDGE('',*,*,#14044,.T.);
#14070=ORIENTED_EDGE('',*,*,#14069,.F.);
#14072=ORIENTED_EDGE('',*,*,#14071,.T.);
#14073=ORIENTED_EDGE('',*,*,#14055,.F.);
#14074=EDGE_LOOP('',(#14068,#14070,#14072,#14073));
#14075=FACE_OUTER_BOUND('',#14074,.F.);
#14076=ADVANCED_FACE('',(#14075),#14067,.T.);
#14077=CARTESIAN_POINT('',(8.375E-1,-2.585E-1,-2.525E-1));
#14078=DIRECTION('',(0.E0,0.E0,-1.E0));
#14079=DIRECTION('',(0.E0,1.E0,0.E0));
#14080=AXIS2_PLACEMENT_3D('',#14077,#14078,#14079);
#14081=PLANE('',#14080);
#14082=ORIENTED_EDGE('',*,*,#14042,.F.);
#14083=ORIENTED_EDGE('',*,*,#13971,.T.);
#14085=ORIENTED_EDGE('',*,*,#14084,.F.);
#14086=ORIENTED_EDGE('',*,*,#14069,.T.);
#14087=EDGE_LOOP('',(#14082,#14083,#14085,#14086));
#14088=FACE_OUTER_BOUND('',#14087,.F.);
#14089=ADVANCED_FACE('',(#14088),#14081,.T.);
#14090=CARTESIAN_POINT('',(8.375E-1,-3.43E-1,-1.6375E-1));
#14091=DIRECTION('',(0.E0,1.E0,0.E0));
#14092=DIRECTION('',(0.E0,0.E0,1.E0));
#14093=AXIS2_PLACEMENT_3D('',#14090,#14091,#14092);
#14094=PLANE('',#14093);
#14095=ORIENTED_EDGE('',*,*,#14084,.T.);
#14096=ORIENTED_EDGE('',*,*,#13969,.T.);
#14097=ORIENTED_EDGE('',*,*,#14057,.F.);
#14098=ORIENTED_EDGE('',*,*,#14071,.F.);
#14099=EDGE_LOOP('',(#14095,#14096,#14097,#14098));
#14100=FACE_OUTER_BOUND('',#14099,.F.);
#14101=ADVANCED_FACE('',(#14100),#14094,.F.);
#14102=CARTESIAN_POINT('',(8.375E-1,-2.585E-1,-1.525E-1));
#14103=DIRECTION('',(0.E0,0.E0,-1.E0));
#14104=DIRECTION('',(0.E0,1.E0,0.E0));
#14105=AXIS2_PLACEMENT_3D('',#14102,#14103,#14104);
#14106=PLANE('',#14105);
#14107=ORIENTED_EDGE('',*,*,#14014,.F.);
#14108=ORIENTED_EDGE('',*,*,#13963,.T.);
#14110=ORIENTED_EDGE('',*,*,#14109,.F.);
#14112=ORIENTED_EDGE('',*,*,#14111,.T.);
#14113=EDGE_LOOP('',(#14107,#14108,#14110,#14112));
#14114=FACE_OUTER_BOUND('',#14113,.F.);
#14115=ADVANCED_FACE('',(#14114),#14106,.T.);
#14116=CARTESIAN_POINT('',(8.375E-1,-3.43E-1,-1.6375E-1));
#14117=DIRECTION('',(0.E0,1.E0,0.E0));
#14118=DIRECTION('',(0.E0,0.E0,1.E0));
#14119=AXIS2_PLACEMENT_3D('',#14116,#14117,#14118);
#14120=PLANE('',#14119);
#14121=ORIENTED_EDGE('',*,*,#14109,.T.);
#14122=ORIENTED_EDGE('',*,*,#13961,.T.);
#14124=ORIENTED_EDGE('',*,*,#14123,.F.);
#14126=ORIENTED_EDGE('',*,*,#14125,.F.);
#14127=EDGE_LOOP('',(#14121,#14122,#14124,#14126));
#14128=FACE_OUTER_BOUND('',#14127,.F.);
#14129=ADVANCED_FACE('',(#14128),#14120,.F.);
#14130=CARTESIAN_POINT('',(8.375E-1,-2.585E-1,-1.275E-1));
#14131=DIRECTION('',(0.E0,0.E0,-1.E0));
#14132=DIRECTION('',(0.E0,1.E0,0.E0));
#14133=AXIS2_PLACEMENT_3D('',#14130,#14131,#14132);
#14134=PLANE('',#14133);
#14135=ORIENTED_EDGE('',*,*,#14018,.F.);
#14137=ORIENTED_EDGE('',*,*,#14136,.T.);
#14138=ORIENTED_EDGE('',*,*,#14123,.T.);
#14139=ORIENTED_EDGE('',*,*,#13959,.T.);
#14140=EDGE_LOOP('',(#14135,#14137,#14138,#14139));
#14141=FACE_OUTER_BOUND('',#14140,.F.);
#14142=ADVANCED_FACE('',(#14141),#14134,.F.);
#14143=CARTESIAN_POINT('',(8.46E-1,-3.43E-1,-4.525E-1));
#14144=DIRECTION('',(1.E0,0.E0,0.E0));
#14145=DIRECTION('',(0.E0,1.E0,0.E0));
#14146=AXIS2_PLACEMENT_3D('',#14143,#14144,#14145);
#14147=PLANE('',#14146);
#14148=ORIENTED_EDGE('',*,*,#14016,.T.);
#14149=ORIENTED_EDGE('',*,*,#14111,.F.);
#14150=ORIENTED_EDGE('',*,*,#14125,.T.);
#14151=ORIENTED_EDGE('',*,*,#14136,.F.);
#14152=EDGE_LOOP('',(#14148,#14149,#14150,#14151));
#14153=FACE_OUTER_BOUND('',#14152,.F.);
#14154=ADVANCED_FACE('',(#14153),#14147,.T.);
#14155=CARTESIAN_POINT('',(8.675E-1,-1.68E-1,-4.65E-1));
#14156=DIRECTION('',(1.E0,0.E0,0.E0));
#14157=DIRECTION('',(0.E0,-1.E0,0.E0));
#14158=AXIS2_PLACEMENT_3D('',#14155,#14156,#14157);
#14159=PLANE('',#14158);
#14161=ORIENTED_EDGE('',*,*,#14160,.T.);
#14162=ORIENTED_EDGE('',*,*,#14022,.T.);
#14163=ORIENTED_EDGE('',*,*,#13944,.T.);
#14164=ORIENTED_EDGE('',*,*,#10860,.F.);
#14165=EDGE_LOOP('',(#14161,#14162,#14163,#14164));
#14166=FACE_OUTER_BOUND('',#14165,.F.);
#14167=ADVANCED_FACE('',(#14166),#14159,.F.);
#14168=CARTESIAN_POINT('',(0.E0,0.E0,-4.65E-1));
#14169=DIRECTION('',(0.E0,0.E0,1.E0));
#14170=DIRECTION('',(1.E0,0.E0,0.E0));
#14171=AXIS2_PLACEMENT_3D('',#14168,#14169,#14170);
#14172=PLANE('',#14171);
#14174=ORIENTED_EDGE('',*,*,#14173,.T.);
#14176=ORIENTED_EDGE('',*,*,#14175,.F.);
#14177=ORIENTED_EDGE('',*,*,#10850,.F.);
#14179=ORIENTED_EDGE('',*,*,#14178,.T.);
#14181=ORIENTED_EDGE('',*,*,#14180,.T.);
#14183=ORIENTED_EDGE('',*,*,#14182,.F.);
#14185=ORIENTED_EDGE('',*,*,#14184,.F.);
#14187=ORIENTED_EDGE('',*,*,#14186,.T.);
#14188=ORIENTED_EDGE('',*,*,#11068,.F.);
#14190=ORIENTED_EDGE('',*,*,#14189,.F.);
#14192=ORIENTED_EDGE('',*,*,#14191,.F.);
#14194=ORIENTED_EDGE('',*,*,#14193,.F.);
#14195=ORIENTED_EDGE('',*,*,#14024,.T.);
#14196=ORIENTED_EDGE('',*,*,#14160,.F.);
#14197=ORIENTED_EDGE('',*,*,#10858,.F.);
#14199=ORIENTED_EDGE('',*,*,#14198,.F.);
#14200=EDGE_LOOP('',(#14174,#14176,#14177,#14179,#14181,#14183,#14185,#14187,
#14188,#14190,#14192,#14194,#14195,#14196,#14197,#14199));
#14201=FACE_OUTER_BOUND('',#14200,.F.);
#14202=ADVANCED_FACE('',(#14201),#14172,.F.);
#14203=CARTESIAN_POINT('',(9.375E-1,-1.68E-1,-4.65E-1));
#14204=DIRECTION('',(0.E0,1.E0,0.E0));
#14205=DIRECTION('',(0.E0,0.E0,1.E0));
#14206=AXIS2_PLACEMENT_3D('',#14203,#14204,#14205);
#14207=PLANE('',#14206);
#14209=ORIENTED_EDGE('',*,*,#14208,.T.);
#14211=ORIENTED_EDGE('',*,*,#14210,.F.);
#14213=ORIENTED_EDGE('',*,*,#14212,.F.);
#14214=ORIENTED_EDGE('',*,*,#14173,.F.);
#14215=EDGE_LOOP('',(#14209,#14211,#14213,#14214));
#14216=FACE_OUTER_BOUND('',#14215,.F.);
#14217=ADVANCED_FACE('',(#14216),#14207,.F.);
#14218=CARTESIAN_POINT('',(8.875E-1,2.87E-1,4.65E-1));
#14219=DIRECTION('',(1.E0,0.E0,0.E0));
#14220=DIRECTION('',(0.E0,-1.E0,0.E0));
#14221=AXIS2_PLACEMENT_3D('',#14218,#14219,#14220);
#14222=PLANE('',#14221);
#14223=ORIENTED_EDGE('',*,*,#14208,.F.);
#14224=ORIENTED_EDGE('',*,*,#14198,.T.);
#14225=ORIENTED_EDGE('',*,*,#10856,.T.);
#14227=ORIENTED_EDGE('',*,*,#14226,.F.);
#14228=EDGE_LOOP('',(#14223,#14224,#14225,#14227));
#14229=FACE_OUTER_BOUND('',#14228,.F.);
#14230=ADVANCED_FACE('',(#14229),#14222,.T.);
#14231=CARTESIAN_POINT('',(9.375E-1,-1.68E-1,-1.11E-1));
#14232=DIRECTION('',(0.E0,0.E0,1.E0));
#14233=DIRECTION('',(0.E0,-1.E0,0.E0));
#14234=AXIS2_PLACEMENT_3D('',#14231,#14232,#14233);
#14235=PLANE('',#14234);
#14236=ORIENTED_EDGE('',*,*,#14226,.T.);
#14237=ORIENTED_EDGE('',*,*,#10854,.F.);
#14239=ORIENTED_EDGE('',*,*,#14238,.F.);
#14240=ORIENTED_EDGE('',*,*,#14210,.T.);
#14241=EDGE_LOOP('',(#14236,#14237,#14239,#14240));
#14242=FACE_OUTER_BOUND('',#14241,.F.);
#14243=ADVANCED_FACE('',(#14242),#14235,.F.);
#14244=CARTESIAN_POINT('',(9.375E-1,-2.87E-1,4.65E-1));
#14245=DIRECTION('',(-1.E0,0.E0,0.E0));
#14246=DIRECTION('',(0.E0,1.E0,0.E0));
#14247=AXIS2_PLACEMENT_3D('',#14244,#14245,#14246);
#14248=PLANE('',#14247);
#14249=ORIENTED_EDGE('',*,*,#14212,.T.);
#14250=ORIENTED_EDGE('',*,*,#14238,.T.);
#14251=ORIENTED_EDGE('',*,*,#10852,.F.);
#14252=ORIENTED_EDGE('',*,*,#14175,.T.);
#14253=EDGE_LOOP('',(#14249,#14250,#14251,#14252));
#14254=FACE_OUTER_BOUND('',#14253,.F.);
#14255=ADVANCED_FACE('',(#14254),#14248,.T.);
#14256=CARTESIAN_POINT('',(9.575E-1,-2.08E-1,-4.65E-1));
#14257=DIRECTION('',(-1.E0,0.E0,0.E0));
#14258=DIRECTION('',(0.E0,1.E0,0.E0));
#14259=AXIS2_PLACEMENT_3D('',#14256,#14257,#14258);
#14260=PLANE('',#14259);
#14261=ORIENTED_EDGE('',*,*,#14178,.F.);
#14262=ORIENTED_EDGE('',*,*,#10848,.T.);
#14264=ORIENTED_EDGE('',*,*,#14263,.T.);
#14266=ORIENTED_EDGE('',*,*,#14265,.F.);
#14267=EDGE_LOOP('',(#14261,#14262,#14264,#14266));
#14268=FACE_OUTER_BOUND('',#14267,.F.);
#14269=ADVANCED_FACE('',(#14268),#14260,.F.);
#14270=CARTESIAN_POINT('',(1.0824E0,-1.18E-1,-5.5E-2));
#14271=DIRECTION('',(0.E0,0.E0,1.E0));
#14272=DIRECTION('',(0.E0,1.E0,0.E0));
#14273=AXIS2_PLACEMENT_3D('',#14270,#14271,#14272);
#14274=PLANE('',#14273);
#14276=ORIENTED_EDGE('',*,*,#14275,.T.);
#14278=ORIENTED_EDGE('',*,*,#14277,.F.);
#14280=ORIENTED_EDGE('',*,*,#14279,.F.);
#14282=ORIENTED_EDGE('',*,*,#14281,.F.);
#14283=ORIENTED_EDGE('',*,*,#14263,.F.);
#14284=ORIENTED_EDGE('',*,*,#10846,.T.);
#14286=ORIENTED_EDGE('',*,*,#14285,.F.);
#14288=ORIENTED_EDGE('',*,*,#14287,.F.);
#14289=EDGE_LOOP('',(#14276,#14278,#14280,#14282,#14283,#14284,#14286,#14288));
#14290=FACE_OUTER_BOUND('',#14289,.F.);
#14291=ADVANCED_FACE('',(#14290),#14274,.F.);
#14292=CARTESIAN_POINT('',(1.079E0,-3.43E-1,-4.525E-1));
#14293=DIRECTION('',(1.E0,0.E0,0.E0));
#14294=DIRECTION('',(0.E0,1.E0,0.E0));
#14295=AXIS2_PLACEMENT_3D('',#14292,#14293,#14294);
#14296=PLANE('',#14295);
#14297=ORIENTED_EDGE('',*,*,#14275,.F.);
#14299=ORIENTED_EDGE('',*,*,#14298,.F.);
#14301=ORIENTED_EDGE('',*,*,#14300,.F.);
#14303=ORIENTED_EDGE('',*,*,#14302,.F.);
#14305=ORIENTED_EDGE('',*,*,#14304,.F.);
#14307=ORIENTED_EDGE('',*,*,#14306,.F.);
#14309=ORIENTED_EDGE('',*,*,#14308,.F.);
#14311=ORIENTED_EDGE('',*,*,#14310,.F.);
#14313=ORIENTED_EDGE('',*,*,#14312,.F.);
#14315=ORIENTED_EDGE('',*,*,#14314,.F.);
#14317=ORIENTED_EDGE('',*,*,#14316,.F.);
#14319=ORIENTED_EDGE('',*,*,#14318,.F.);
#14321=ORIENTED_EDGE('',*,*,#14320,.F.);
#14323=ORIENTED_EDGE('',*,*,#14322,.F.);
#14325=ORIENTED_EDGE('',*,*,#14324,.F.);
#14327=ORIENTED_EDGE('',*,*,#14326,.F.);
#14329=ORIENTED_EDGE('',*,*,#14328,.T.);
#14331=ORIENTED_EDGE('',*,*,#14330,.T.);
#14333=ORIENTED_EDGE('',*,*,#14332,.F.);
#14335=ORIENTED_EDGE('',*,*,#14334,.T.);
#14337=ORIENTED_EDGE('',*,*,#14336,.T.);
#14339=ORIENTED_EDGE('',*,*,#14338,.T.);
#14341=ORIENTED_EDGE('',*,*,#14340,.F.);
#14343=ORIENTED_EDGE('',*,*,#14342,.T.);
#14344=EDGE_LOOP('',(#14297,#14299,#14301,#14303,#14305,#14307,#14309,#14311,
#14313,#14315,#14317,#14319,#14321,#14323,#14325,#14327,#14329,#14331,#14333,
#14335,#14337,#14339,#14341,#14343));
#14345=FACE_OUTER_BOUND('',#14344,.F.);
#14346=ADVANCED_FACE('',(#14345),#14296,.F.);
#14347=CARTESIAN_POINT('',(9.575E-1,-1.68E-1,-4.65E-1));
#14348=DIRECTION('',(0.E0,1.E0,0.E0));
#14349=DIRECTION('',(1.E0,0.E0,0.E0));
#14350=AXIS2_PLACEMENT_3D('',#14347,#14348,#14349);
#14351=PLANE('',#14350);
#14353=ORIENTED_EDGE('',*,*,#14352,.T.);
#14354=ORIENTED_EDGE('',*,*,#14306,.T.);
#14356=ORIENTED_EDGE('',*,*,#14355,.T.);
#14358=ORIENTED_EDGE('',*,*,#14357,.F.);
#14360=ORIENTED_EDGE('',*,*,#14359,.T.);
#14361=ORIENTED_EDGE('',*,*,#14298,.T.);
#14362=ORIENTED_EDGE('',*,*,#14287,.T.);
#14364=ORIENTED_EDGE('',*,*,#14363,.F.);
#14366=ORIENTED_EDGE('',*,*,#14365,.F.);
#14368=ORIENTED_EDGE('',*,*,#14367,.T.);
#14370=ORIENTED_EDGE('',*,*,#14369,.T.);
#14372=ORIENTED_EDGE('',*,*,#14371,.F.);
#14374=ORIENTED_EDGE('',*,*,#14373,.T.);
#14375=ORIENTED_EDGE('',*,*,#14322,.T.);
#14377=ORIENTED_EDGE('',*,*,#14376,.T.);
#14379=ORIENTED_EDGE('',*,*,#14378,.F.);
#14381=ORIENTED_EDGE('',*,*,#14380,.T.);
#14382=ORIENTED_EDGE('',*,*,#14314,.T.);
#14384=ORIENTED_EDGE('',*,*,#14383,.T.);
#14386=ORIENTED_EDGE('',*,*,#14385,.F.);
#14387=EDGE_LOOP('',(#14353,#14354,#14356,#14358,#14360,#14361,#14362,#14364,
#14366,#14368,#14370,#14372,#14374,#14375,#14377,#14379,#14381,#14382,#14384,
#14386));
#14388=FACE_OUTER_BOUND('',#14387,.F.);
#14389=ADVANCED_FACE('',(#14388),#14351,.F.);
#14390=CARTESIAN_POINT('',(1.0875E0,-2.585E-1,-2.275E-1));
#14391=DIRECTION('',(0.E0,0.E0,-1.E0));
#14392=DIRECTION('',(0.E0,1.E0,0.E0));
#14393=AXIS2_PLACEMENT_3D('',#14390,#14391,#14392);
#14394=PLANE('',#14393);
#14395=ORIENTED_EDGE('',*,*,#14352,.F.);
#14397=ORIENTED_EDGE('',*,*,#14396,.T.);
#14399=ORIENTED_EDGE('',*,*,#14398,.T.);
#14400=ORIENTED_EDGE('',*,*,#14308,.T.);
#14401=EDGE_LOOP('',(#14395,#14397,#14399,#14400));
#14402=FACE_OUTER_BOUND('',#14401,.F.);
#14403=ADVANCED_FACE('',(#14402),#14394,.F.);
#14404=CARTESIAN_POINT('',(1.096E0,-3.43E-1,-4.525E-1));
#14405=DIRECTION('',(1.E0,0.E0,0.E0));
#14406=DIRECTION('',(0.E0,1.E0,0.E0));
#14407=AXIS2_PLACEMENT_3D('',#14404,#14405,#14406);
#14408=PLANE('',#14407);
#14409=ORIENTED_EDGE('',*,*,#14385,.T.);
#14411=ORIENTED_EDGE('',*,*,#14410,.F.);
#14413=ORIENTED_EDGE('',*,*,#14412,.T.);
#14414=ORIENTED_EDGE('',*,*,#14396,.F.);
#14415=EDGE_LOOP('',(#14409,#14411,#14413,#14414));
#14416=FACE_OUTER_BOUND('',#14415,.F.);
#14417=ADVANCED_FACE('',(#14416),#14408,.T.);
#14418=CARTESIAN_POINT('',(1.0875E0,-2.585E-1,-2.525E-1));
#14419=DIRECTION('',(0.E0,0.E0,-1.E0));
#14420=DIRECTION('',(0.E0,1.E0,0.E0));
#14421=AXIS2_PLACEMENT_3D('',#14418,#14419,#14420);
#14422=PLANE('',#14421);
#14423=ORIENTED_EDGE('',*,*,#14383,.F.);
#14424=ORIENTED_EDGE('',*,*,#14312,.T.);
#14426=ORIENTED_EDGE('',*,*,#14425,.F.);
#14427=ORIENTED_EDGE('',*,*,#14410,.T.);
#14428=EDGE_LOOP('',(#14423,#14424,#14426,#14427));
#14429=FACE_OUTER_BOUND('',#14428,.F.);
#14430=ADVANCED_FACE('',(#14429),#14422,.T.);
#14431=CARTESIAN_POINT('',(1.0875E0,-3.43E-1,-1.6375E-1));
#14432=DIRECTION('',(0.E0,1.E0,0.E0));
#14433=DIRECTION('',(0.E0,0.E0,1.E0));
#14434=AXIS2_PLACEMENT_3D('',#14431,#14432,#14433);
#14435=PLANE('',#14434);
#14436=ORIENTED_EDGE('',*,*,#14425,.T.);
#14437=ORIENTED_EDGE('',*,*,#14310,.T.);
#14438=ORIENTED_EDGE('',*,*,#14398,.F.);
#14439=ORIENTED_EDGE('',*,*,#14412,.F.);
#14440=EDGE_LOOP('',(#14436,#14437,#14438,#14439));
#14441=FACE_OUTER_BOUND('',#14440,.F.);
#14442=ADVANCED_FACE('',(#14441),#14435,.F.);
#14443=CARTESIAN_POINT('',(1.0875E0,-2.585E-1,-1.525E-1));
#14444=DIRECTION('',(0.E0,0.E0,-1.E0));
#14445=DIRECTION('',(0.E0,1.E0,0.E0));
#14446=AXIS2_PLACEMENT_3D('',#14443,#14444,#14445);
#14447=PLANE('',#14446);
#14448=ORIENTED_EDGE('',*,*,#14355,.F.);
#14449=ORIENTED_EDGE('',*,*,#14304,.T.);
#14451=ORIENTED_EDGE('',*,*,#14450,.F.);
#14453=ORIENTED_EDGE('',*,*,#14452,.T.);
#14454=EDGE_LOOP('',(#14448,#14449,#14451,#14453));
#14455=FACE_OUTER_BOUND('',#14454,.F.);
#14456=ADVANCED_FACE('',(#14455),#14447,.T.);
#14457=CARTESIAN_POINT('',(1.0875E0,-3.43E-1,-1.6375E-1));
#14458=DIRECTION('',(0.E0,1.E0,0.E0));
#14459=DIRECTION('',(0.E0,0.E0,1.E0));
#14460=AXIS2_PLACEMENT_3D('',#14457,#14458,#14459);
#14461=PLANE('',#14460);
#14462=ORIENTED_EDGE('',*,*,#14450,.T.);
#14463=ORIENTED_EDGE('',*,*,#14302,.T.);
#14465=ORIENTED_EDGE('',*,*,#14464,.F.);
#14467=ORIENTED_EDGE('',*,*,#14466,.F.);
#14468=EDGE_LOOP('',(#14462,#14463,#14465,#14467));
#14469=FACE_OUTER_BOUND('',#14468,.F.);
#14470=ADVANCED_FACE('',(#14469),#14461,.F.);
#14471=CARTESIAN_POINT('',(1.0875E0,-2.585E-1,-1.275E-1));
#14472=DIRECTION('',(0.E0,0.E0,-1.E0));
#14473=DIRECTION('',(0.E0,1.E0,0.E0));
#14474=AXIS2_PLACEMENT_3D('',#14471,#14472,#14473);
#14475=PLANE('',#14474);
#14476=ORIENTED_EDGE('',*,*,#14359,.F.);
#14478=ORIENTED_EDGE('',*,*,#14477,.T.);
#14479=ORIENTED_EDGE('',*,*,#14464,.T.);
#14480=ORIENTED_EDGE('',*,*,#14300,.T.);
#14481=EDGE_LOOP('',(#14476,#14478,#14479,#14480));
#14482=FACE_OUTER_BOUND('',#14481,.F.);
#14483=ADVANCED_FACE('',(#14482),#14475,.F.);
#14484=CARTESIAN_POINT('',(1.096E0,-3.43E-1,-4.525E-1));
#14485=DIRECTION('',(1.E0,0.E0,0.E0));
#14486=DIRECTION('',(0.E0,1.E0,0.E0));
#14487=AXIS2_PLACEMENT_3D('',#14484,#14485,#14486);
#14488=PLANE('',#14487);
#14489=ORIENTED_EDGE('',*,*,#14357,.T.);
#14490=ORIENTED_EDGE('',*,*,#14452,.F.);
#14491=ORIENTED_EDGE('',*,*,#14466,.T.);
#14492=ORIENTED_EDGE('',*,*,#14477,.F.);
#14493=EDGE_LOOP('',(#14489,#14490,#14491,#14492));
#14494=FACE_OUTER_BOUND('',#14493,.F.);
#14495=ADVANCED_FACE('',(#14494),#14488,.T.);
#14496=CARTESIAN_POINT('',(1.1175E0,-1.68E-1,-4.65E-1));
#14497=DIRECTION('',(1.E0,0.E0,0.E0));
#14498=DIRECTION('',(0.E0,-1.E0,0.E0));
#14499=AXIS2_PLACEMENT_3D('',#14496,#14497,#14498);
#14500=PLANE('',#14499);
#14502=ORIENTED_EDGE('',*,*,#14501,.T.);
#14503=ORIENTED_EDGE('',*,*,#14363,.T.);
#14504=ORIENTED_EDGE('',*,*,#14285,.T.);
#14505=ORIENTED_EDGE('',*,*,#10844,.F.);
#14506=EDGE_LOOP('',(#14502,#14503,#14504,#14505));
#14507=FACE_OUTER_BOUND('',#14506,.F.);
#14508=ADVANCED_FACE('',(#14507),#14500,.F.);
#14509=CARTESIAN_POINT('',(0.E0,0.E0,-4.65E-1));
#14510=DIRECTION('',(0.E0,0.E0,1.E0));
#14511=DIRECTION('',(1.E0,0.E0,0.E0));
#14512=AXIS2_PLACEMENT_3D('',#14509,#14510,#14511);
#14513=PLANE('',#14512);
#14515=ORIENTED_EDGE('',*,*,#14514,.T.);
#14517=ORIENTED_EDGE('',*,*,#14516,.F.);
#14518=ORIENTED_EDGE('',*,*,#10834,.F.);
#14520=ORIENTED_EDGE('',*,*,#14519,.T.);
#14522=ORIENTED_EDGE('',*,*,#14521,.T.);
#14524=ORIENTED_EDGE('',*,*,#14523,.F.);
#14526=ORIENTED_EDGE('',*,*,#14525,.F.);
#14528=ORIENTED_EDGE('',*,*,#14527,.T.);
#14529=ORIENTED_EDGE('',*,*,#11076,.F.);
#14531=ORIENTED_EDGE('',*,*,#14530,.F.);
#14533=ORIENTED_EDGE('',*,*,#14532,.F.);
#14535=ORIENTED_EDGE('',*,*,#14534,.F.);
#14536=ORIENTED_EDGE('',*,*,#14365,.T.);
#14537=ORIENTED_EDGE('',*,*,#14501,.F.);
#14538=ORIENTED_EDGE('',*,*,#10842,.F.);
#14540=ORIENTED_EDGE('',*,*,#14539,.F.);
#14541=EDGE_LOOP('',(#14515,#14517,#14518,#14520,#14522,#14524,#14526,#14528,
#14529,#14531,#14533,#14535,#14536,#14537,#14538,#14540));
#14542=FACE_OUTER_BOUND('',#14541,.F.);
#14543=ADVANCED_FACE('',(#14542),#14513,.F.);
#14544=CARTESIAN_POINT('',(1.1875E0,-1.68E-1,-4.65E-1));
#14545=DIRECTION('',(0.E0,1.E0,0.E0));
#14546=DIRECTION('',(0.E0,0.E0,1.E0));
#14547=AXIS2_PLACEMENT_3D('',#14544,#14545,#14546);
#14548=PLANE('',#14547);
#14550=ORIENTED_EDGE('',*,*,#14549,.T.);
#14552=ORIENTED_EDGE('',*,*,#14551,.F.);
#14554=ORIENTED_EDGE('',*,*,#14553,.F.);
#14555=ORIENTED_EDGE('',*,*,#14514,.F.);
#14556=EDGE_LOOP('',(#14550,#14552,#14554,#14555));
#14557=FACE_OUTER_BOUND('',#14556,.F.);
#14558=ADVANCED_FACE('',(#14557),#14548,.F.);
#14559=CARTESIAN_POINT('',(1.1375E0,2.87E-1,4.65E-1));
#14560=DIRECTION('',(1.E0,0.E0,0.E0));
#14561=DIRECTION('',(0.E0,-1.E0,0.E0));
#14562=AXIS2_PLACEMENT_3D('',#14559,#14560,#14561);
#14563=PLANE('',#14562);
#14564=ORIENTED_EDGE('',*,*,#14549,.F.);
#14565=ORIENTED_EDGE('',*,*,#14539,.T.);
#14566=ORIENTED_EDGE('',*,*,#10840,.T.);
#14568=ORIENTED_EDGE('',*,*,#14567,.F.);
#14569=EDGE_LOOP('',(#14564,#14565,#14566,#14568));
#14570=FACE_OUTER_BOUND('',#14569,.F.);
#14571=ADVANCED_FACE('',(#14570),#14563,.T.);
#14572=CARTESIAN_POINT('',(1.1875E0,-1.68E-1,-1.11E-1));
#14573=DIRECTION('',(0.E0,0.E0,1.E0));
#14574=DIRECTION('',(0.E0,-1.E0,0.E0));
#14575=AXIS2_PLACEMENT_3D('',#14572,#14573,#14574);
#14576=PLANE('',#14575);
#14577=ORIENTED_EDGE('',*,*,#14567,.T.);
#14578=ORIENTED_EDGE('',*,*,#10838,.F.);
#14580=ORIENTED_EDGE('',*,*,#14579,.F.);
#14581=ORIENTED_EDGE('',*,*,#14551,.T.);
#14582=EDGE_LOOP('',(#14577,#14578,#14580,#14581));
#14583=FACE_OUTER_BOUND('',#14582,.F.);
#14584=ADVANCED_FACE('',(#14583),#14576,.F.);
#14585=CARTESIAN_POINT('',(1.1875E0,-2.87E-1,4.65E-1));
#14586=DIRECTION('',(-1.E0,0.E0,0.E0));
#14587=DIRECTION('',(0.E0,1.E0,0.E0));
#14588=AXIS2_PLACEMENT_3D('',#14585,#14586,#14587);
#14589=PLANE('',#14588);
#14590=ORIENTED_EDGE('',*,*,#14553,.T.);
#14591=ORIENTED_EDGE('',*,*,#14579,.T.);
#14592=ORIENTED_EDGE('',*,*,#10836,.F.);
#14593=ORIENTED_EDGE('',*,*,#14516,.T.);
#14594=EDGE_LOOP('',(#14590,#14591,#14592,#14593));
#14595=FACE_OUTER_BOUND('',#14594,.F.);
#14596=ADVANCED_FACE('',(#14595),#14589,.T.);
#14597=CARTESIAN_POINT('',(1.2075E0,-2.08E-1,-4.65E-1));
#14598=DIRECTION('',(-1.E0,0.E0,0.E0));
#14599=DIRECTION('',(0.E0,1.E0,0.E0));
#14600=AXIS2_PLACEMENT_3D('',#14597,#14598,#14599);
#14601=PLANE('',#14600);
#14602=ORIENTED_EDGE('',*,*,#14519,.F.);
#14603=ORIENTED_EDGE('',*,*,#10832,.T.);
#14605=ORIENTED_EDGE('',*,*,#14604,.T.);
#14607=ORIENTED_EDGE('',*,*,#14606,.F.);
#14608=EDGE_LOOP('',(#14602,#14603,#14605,#14607));
#14609=FACE_OUTER_BOUND('',#14608,.F.);
#14610=ADVANCED_FACE('',(#14609),#14601,.F.);
#14611=CARTESIAN_POINT('',(1.3324E0,-1.18E-1,-5.5E-2));
#14612=DIRECTION('',(0.E0,0.E0,1.E0));
#14613=DIRECTION('',(0.E0,1.E0,0.E0));
#14614=AXIS2_PLACEMENT_3D('',#14611,#14612,#14613);
#14615=PLANE('',#14614);
#14617=ORIENTED_EDGE('',*,*,#14616,.T.);
#14619=ORIENTED_EDGE('',*,*,#14618,.F.);
#14621=ORIENTED_EDGE('',*,*,#14620,.F.);
#14623=ORIENTED_EDGE('',*,*,#14622,.F.);
#14624=ORIENTED_EDGE('',*,*,#14604,.F.);
#14625=ORIENTED_EDGE('',*,*,#10830,.T.);
#14627=ORIENTED_EDGE('',*,*,#14626,.F.);
#14629=ORIENTED_EDGE('',*,*,#14628,.F.);
#14630=EDGE_LOOP('',(#14617,#14619,#14621,#14623,#14624,#14625,#14627,#14629));
#14631=FACE_OUTER_BOUND('',#14630,.F.);
#14632=ADVANCED_FACE('',(#14631),#14615,.F.);
#14633=CARTESIAN_POINT('',(1.329E0,-3.43E-1,-4.525E-1));
#14634=DIRECTION('',(1.E0,0.E0,0.E0));
#14635=DIRECTION('',(0.E0,1.E0,0.E0));
#14636=AXIS2_PLACEMENT_3D('',#14633,#14634,#14635);
#14637=PLANE('',#14636);
#14638=ORIENTED_EDGE('',*,*,#14616,.F.);
#14640=ORIENTED_EDGE('',*,*,#14639,.F.);
#14642=ORIENTED_EDGE('',*,*,#14641,.F.);
#14644=ORIENTED_EDGE('',*,*,#14643,.F.);
#14646=ORIENTED_EDGE('',*,*,#14645,.F.);
#14648=ORIENTED_EDGE('',*,*,#14647,.F.);
#14650=ORIENTED_EDGE('',*,*,#14649,.F.);
#14652=ORIENTED_EDGE('',*,*,#14651,.F.);
#14654=ORIENTED_EDGE('',*,*,#14653,.F.);
#14656=ORIENTED_EDGE('',*,*,#14655,.F.);
#14658=ORIENTED_EDGE('',*,*,#14657,.F.);
#14660=ORIENTED_EDGE('',*,*,#14659,.F.);
#14662=ORIENTED_EDGE('',*,*,#14661,.F.);
#14664=ORIENTED_EDGE('',*,*,#14663,.F.);
#14666=ORIENTED_EDGE('',*,*,#14665,.F.);
#14668=ORIENTED_EDGE('',*,*,#14667,.F.);
#14670=ORIENTED_EDGE('',*,*,#14669,.T.);
#14672=ORIENTED_EDGE('',*,*,#14671,.T.);
#14674=ORIENTED_EDGE('',*,*,#14673,.F.);
#14676=ORIENTED_EDGE('',*,*,#14675,.T.);
#14678=ORIENTED_EDGE('',*,*,#14677,.T.);
#14680=ORIENTED_EDGE('',*,*,#14679,.T.);
#14682=ORIENTED_EDGE('',*,*,#14681,.F.);
#14684=ORIENTED_EDGE('',*,*,#14683,.T.);
#14685=EDGE_LOOP('',(#14638,#14640,#14642,#14644,#14646,#14648,#14650,#14652,
#14654,#14656,#14658,#14660,#14662,#14664,#14666,#14668,#14670,#14672,#14674,
#14676,#14678,#14680,#14682,#14684));
#14686=FACE_OUTER_BOUND('',#14685,.F.);
#14687=ADVANCED_FACE('',(#14686),#14637,.F.);
#14688=CARTESIAN_POINT('',(1.2075E0,-1.68E-1,-4.65E-1));
#14689=DIRECTION('',(0.E0,1.E0,0.E0));
#14690=DIRECTION('',(1.E0,0.E0,0.E0));
#14691=AXIS2_PLACEMENT_3D('',#14688,#14689,#14690);
#14692=PLANE('',#14691);
#14694=ORIENTED_EDGE('',*,*,#14693,.T.);
#14695=ORIENTED_EDGE('',*,*,#14647,.T.);
#14697=ORIENTED_EDGE('',*,*,#14696,.T.);
#14699=ORIENTED_EDGE('',*,*,#14698,.F.);
#14701=ORIENTED_EDGE('',*,*,#14700,.T.);
#14702=ORIENTED_EDGE('',*,*,#14639,.T.);
#14703=ORIENTED_EDGE('',*,*,#14628,.T.);
#14705=ORIENTED_EDGE('',*,*,#14704,.F.);
#14707=ORIENTED_EDGE('',*,*,#14706,.F.);
#14709=ORIENTED_EDGE('',*,*,#14708,.T.);
#14711=ORIENTED_EDGE('',*,*,#14710,.T.);
#14713=ORIENTED_EDGE('',*,*,#14712,.F.);
#14715=ORIENTED_EDGE('',*,*,#14714,.T.);
#14716=ORIENTED_EDGE('',*,*,#14663,.T.);
#14718=ORIENTED_EDGE('',*,*,#14717,.T.);
#14720=ORIENTED_EDGE('',*,*,#14719,.F.);
#14722=ORIENTED_EDGE('',*,*,#14721,.T.);
#14723=ORIENTED_EDGE('',*,*,#14655,.T.);
#14725=ORIENTED_EDGE('',*,*,#14724,.T.);
#14727=ORIENTED_EDGE('',*,*,#14726,.F.);
#14728=EDGE_LOOP('',(#14694,#14695,#14697,#14699,#14701,#14702,#14703,#14705,
#14707,#14709,#14711,#14713,#14715,#14716,#14718,#14720,#14722,#14723,#14725,
#14727));
#14729=FACE_OUTER_BOUND('',#14728,.F.);
#14730=ADVANCED_FACE('',(#14729),#14692,.F.);
#14731=CARTESIAN_POINT('',(1.3375E0,-2.585E-1,-2.275E-1));
#14732=DIRECTION('',(0.E0,0.E0,-1.E0));
#14733=DIRECTION('',(0.E0,1.E0,0.E0));
#14734=AXIS2_PLACEMENT_3D('',#14731,#14732,#14733);
#14735=PLANE('',#14734);
#14736=ORIENTED_EDGE('',*,*,#14693,.F.);
#14738=ORIENTED_EDGE('',*,*,#14737,.T.);
#14740=ORIENTED_EDGE('',*,*,#14739,.T.);
#14741=ORIENTED_EDGE('',*,*,#14649,.T.);
#14742=EDGE_LOOP('',(#14736,#14738,#14740,#14741));
#14743=FACE_OUTER_BOUND('',#14742,.F.);
#14744=ADVANCED_FACE('',(#14743),#14735,.F.);
#14745=CARTESIAN_POINT('',(1.346E0,-3.43E-1,-4.525E-1));
#14746=DIRECTION('',(1.E0,0.E0,0.E0));
#14747=DIRECTION('',(0.E0,1.E0,0.E0));
#14748=AXIS2_PLACEMENT_3D('',#14745,#14746,#14747);
#14749=PLANE('',#14748);
#14750=ORIENTED_EDGE('',*,*,#14726,.T.);
#14752=ORIENTED_EDGE('',*,*,#14751,.F.);
#14754=ORIENTED_EDGE('',*,*,#14753,.T.);
#14755=ORIENTED_EDGE('',*,*,#14737,.F.);
#14756=EDGE_LOOP('',(#14750,#14752,#14754,#14755));
#14757=FACE_OUTER_BOUND('',#14756,.F.);
#14758=ADVANCED_FACE('',(#14757),#14749,.T.);
#14759=CARTESIAN_POINT('',(1.3375E0,-2.585E-1,-2.525E-1));
#14760=DIRECTION('',(0.E0,0.E0,-1.E0));
#14761=DIRECTION('',(0.E0,1.E0,0.E0));
#14762=AXIS2_PLACEMENT_3D('',#14759,#14760,#14761);
#14763=PLANE('',#14762);
#14764=ORIENTED_EDGE('',*,*,#14724,.F.);
#14765=ORIENTED_EDGE('',*,*,#14653,.T.);
#14767=ORIENTED_EDGE('',*,*,#14766,.F.);
#14768=ORIENTED_EDGE('',*,*,#14751,.T.);
#14769=EDGE_LOOP('',(#14764,#14765,#14767,#14768));
#14770=FACE_OUTER_BOUND('',#14769,.F.);
#14771=ADVANCED_FACE('',(#14770),#14763,.T.);
#14772=CARTESIAN_POINT('',(1.3375E0,-3.43E-1,-1.6375E-1));
#14773=DIRECTION('',(0.E0,1.E0,0.E0));
#14774=DIRECTION('',(0.E0,0.E0,1.E0));
#14775=AXIS2_PLACEMENT_3D('',#14772,#14773,#14774);
#14776=PLANE('',#14775);
#14777=ORIENTED_EDGE('',*,*,#14766,.T.);
#14778=ORIENTED_EDGE('',*,*,#14651,.T.);
#14779=ORIENTED_EDGE('',*,*,#14739,.F.);
#14780=ORIENTED_EDGE('',*,*,#14753,.F.);
#14781=EDGE_LOOP('',(#14777,#14778,#14779,#14780));
#14782=FACE_OUTER_BOUND('',#14781,.F.);
#14783=ADVANCED_FACE('',(#14782),#14776,.F.);
#14784=CARTESIAN_POINT('',(1.3375E0,-2.585E-1,-1.525E-1));
#14785=DIRECTION('',(0.E0,0.E0,-1.E0));
#14786=DIRECTION('',(0.E0,1.E0,0.E0));
#14787=AXIS2_PLACEMENT_3D('',#14784,#14785,#14786);
#14788=PLANE('',#14787);
#14789=ORIENTED_EDGE('',*,*,#14696,.F.);
#14790=ORIENTED_EDGE('',*,*,#14645,.T.);
#14792=ORIENTED_EDGE('',*,*,#14791,.F.);
#14794=ORIENTED_EDGE('',*,*,#14793,.T.);
#14795=EDGE_LOOP('',(#14789,#14790,#14792,#14794));
#14796=FACE_OUTER_BOUND('',#14795,.F.);
#14797=ADVANCED_FACE('',(#14796),#14788,.T.);
#14798=CARTESIAN_POINT('',(1.3375E0,-3.43E-1,-1.6375E-1));
#14799=DIRECTION('',(0.E0,1.E0,0.E0));
#14800=DIRECTION('',(0.E0,0.E0,1.E0));
#14801=AXIS2_PLACEMENT_3D('',#14798,#14799,#14800);
#14802=PLANE('',#14801);
#14803=ORIENTED_EDGE('',*,*,#14791,.T.);
#14804=ORIENTED_EDGE('',*,*,#14643,.T.);
#14806=ORIENTED_EDGE('',*,*,#14805,.F.);
#14808=ORIENTED_EDGE('',*,*,#14807,.F.);
#14809=EDGE_LOOP('',(#14803,#14804,#14806,#14808));
#14810=FACE_OUTER_BOUND('',#14809,.F.);
#14811=ADVANCED_FACE('',(#14810),#14802,.F.);
#14812=CARTESIAN_POINT('',(1.3375E0,-2.585E-1,-1.275E-1));
#14813=DIRECTION('',(0.E0,0.E0,-1.E0));
#14814=DIRECTION('',(0.E0,1.E0,0.E0));
#14815=AXIS2_PLACEMENT_3D('',#14812,#14813,#14814);
#14816=PLANE('',#14815);
#14817=ORIENTED_EDGE('',*,*,#14700,.F.);
#14819=ORIENTED_EDGE('',*,*,#14818,.T.);
#14820=ORIENTED_EDGE('',*,*,#14805,.T.);
#14821=ORIENTED_EDGE('',*,*,#14641,.T.);
#14822=EDGE_LOOP('',(#14817,#14819,#14820,#14821));
#14823=FACE_OUTER_BOUND('',#14822,.F.);
#14824=ADVANCED_FACE('',(#14823),#14816,.F.);
#14825=CARTESIAN_POINT('',(1.346E0,-3.43E-1,-4.525E-1));
#14826=DIRECTION('',(1.E0,0.E0,0.E0));
#14827=DIRECTION('',(0.E0,1.E0,0.E0));
#14828=AXIS2_PLACEMENT_3D('',#14825,#14826,#14827);
#14829=PLANE('',#14828);
#14830=ORIENTED_EDGE('',*,*,#14698,.T.);
#14831=ORIENTED_EDGE('',*,*,#14793,.F.);
#14832=ORIENTED_EDGE('',*,*,#14807,.T.);
#14833=ORIENTED_EDGE('',*,*,#14818,.F.);
#14834=EDGE_LOOP('',(#14830,#14831,#14832,#14833));
#14835=FACE_OUTER_BOUND('',#14834,.F.);
#14836=ADVANCED_FACE('',(#14835),#14829,.T.);
#14837=CARTESIAN_POINT('',(1.3675E0,-1.68E-1,-4.65E-1));
#14838=DIRECTION('',(1.E0,0.E0,0.E0));
#14839=DIRECTION('',(0.E0,-1.E0,0.E0));
#14840=AXIS2_PLACEMENT_3D('',#14837,#14838,#14839);
#14841=PLANE('',#14840);
#14843=ORIENTED_EDGE('',*,*,#14842,.T.);
#14844=ORIENTED_EDGE('',*,*,#14704,.T.);
#14845=ORIENTED_EDGE('',*,*,#14626,.T.);
#14846=ORIENTED_EDGE('',*,*,#10828,.F.);
#14847=EDGE_LOOP('',(#14843,#14844,#14845,#14846));
#14848=FACE_OUTER_BOUND('',#14847,.F.);
#14849=ADVANCED_FACE('',(#14848),#14841,.F.);
#14850=CARTESIAN_POINT('',(0.E0,0.E0,-4.65E-1));
#14851=DIRECTION('',(0.E0,0.E0,1.E0));
#14852=DIRECTION('',(1.E0,0.E0,0.E0));
#14853=AXIS2_PLACEMENT_3D('',#14850,#14851,#14852);
#14854=PLANE('',#14853);
#14856=ORIENTED_EDGE('',*,*,#14855,.T.);
#14858=ORIENTED_EDGE('',*,*,#14857,.F.);
#14859=ORIENTED_EDGE('',*,*,#10818,.F.);
#14861=ORIENTED_EDGE('',*,*,#14860,.T.);
#14862=ORIENTED_EDGE('',*,*,#11338,.T.);
#14863=ORIENTED_EDGE('',*,*,#11281,.F.);
#14864=ORIENTED_EDGE('',*,*,#11260,.F.);
#14866=ORIENTED_EDGE('',*,*,#14865,.T.);
#14867=ORIENTED_EDGE('',*,*,#11084,.F.);
#14869=ORIENTED_EDGE('',*,*,#14868,.F.);
#14871=ORIENTED_EDGE('',*,*,#14870,.F.);
#14873=ORIENTED_EDGE('',*,*,#14872,.F.);
#14874=ORIENTED_EDGE('',*,*,#14706,.T.);
#14875=ORIENTED_EDGE('',*,*,#14842,.F.);
#14876=ORIENTED_EDGE('',*,*,#10826,.F.);
#14878=ORIENTED_EDGE('',*,*,#14877,.F.);
#14879=EDGE_LOOP('',(#14856,#14858,#14859,#14861,#14862,#14863,#14864,#14866,
#14867,#14869,#14871,#14873,#14874,#14875,#14876,#14878));
#14880=FACE_OUTER_BOUND('',#14879,.F.);
#14881=ADVANCED_FACE('',(#14880),#14854,.F.);
#14882=CARTESIAN_POINT('',(1.4375E0,-1.68E-1,-4.65E-1));
#14883=DIRECTION('',(0.E0,1.E0,0.E0));
#14884=DIRECTION('',(0.E0,0.E0,1.E0));
#14885=AXIS2_PLACEMENT_3D('',#14882,#14883,#14884);
#14886=PLANE('',#14885);
#14888=ORIENTED_EDGE('',*,*,#14887,.T.);
#14890=ORIENTED_EDGE('',*,*,#14889,.F.);
#14892=ORIENTED_EDGE('',*,*,#14891,.F.);
#14893=ORIENTED_EDGE('',*,*,#14855,.F.);
#14894=EDGE_LOOP('',(#14888,#14890,#14892,#14893));
#14895=FACE_OUTER_BOUND('',#14894,.F.);
#14896=ADVANCED_FACE('',(#14895),#14886,.F.);
#14897=CARTESIAN_POINT('',(1.3875E0,2.87E-1,4.65E-1));
#14898=DIRECTION('',(1.E0,0.E0,0.E0));
#14899=DIRECTION('',(0.E0,-1.E0,0.E0));
#14900=AXIS2_PLACEMENT_3D('',#14897,#14898,#14899);
#14901=PLANE('',#14900);
#14902=ORIENTED_EDGE('',*,*,#14887,.F.);
#14903=ORIENTED_EDGE('',*,*,#14877,.T.);
#14904=ORIENTED_EDGE('',*,*,#10824,.T.);
#14906=ORIENTED_EDGE('',*,*,#14905,.F.);
#14907=EDGE_LOOP('',(#14902,#14903,#14904,#14906));
#14908=FACE_OUTER_BOUND('',#14907,.F.);
#14909=ADVANCED_FACE('',(#14908),#14901,.T.);
#14910=CARTESIAN_POINT('',(1.4375E0,-1.68E-1,-1.11E-1));
#14911=DIRECTION('',(0.E0,0.E0,1.E0));
#14912=DIRECTION('',(0.E0,-1.E0,0.E0));
#14913=AXIS2_PLACEMENT_3D('',#14910,#14911,#14912);
#14914=PLANE('',#14913);
#14915=ORIENTED_EDGE('',*,*,#14905,.T.);
#14916=ORIENTED_EDGE('',*,*,#10822,.F.);
#14918=ORIENTED_EDGE('',*,*,#14917,.F.);
#14919=ORIENTED_EDGE('',*,*,#14889,.T.);
#14920=EDGE_LOOP('',(#14915,#14916,#14918,#14919));
#14921=FACE_OUTER_BOUND('',#14920,.F.);
#14922=ADVANCED_FACE('',(#14921),#14914,.F.);
#14923=CARTESIAN_POINT('',(1.4375E0,-2.87E-1,4.65E-1));
#14924=DIRECTION('',(-1.E0,0.E0,0.E0));
#14925=DIRECTION('',(0.E0,1.E0,0.E0));
#14926=AXIS2_PLACEMENT_3D('',#14923,#14924,#14925);
#14927=PLANE('',#14926);
#14928=ORIENTED_EDGE('',*,*,#14891,.T.);
#14929=ORIENTED_EDGE('',*,*,#14917,.T.);
#14930=ORIENTED_EDGE('',*,*,#10820,.F.);
#14931=ORIENTED_EDGE('',*,*,#14857,.T.);
#14932=EDGE_LOOP('',(#14928,#14929,#14930,#14931));
#14933=FACE_OUTER_BOUND('',#14932,.F.);
#14934=ADVANCED_FACE('',(#14933),#14927,.T.);
#14935=CARTESIAN_POINT('',(1.4575E0,-2.08E-1,-4.65E-1));
#14936=DIRECTION('',(-1.E0,0.E0,0.E0));
#14937=DIRECTION('',(0.E0,1.E0,0.E0));
#14938=AXIS2_PLACEMENT_3D('',#14935,#14936,#14937);
#14939=PLANE('',#14938);
#14940=ORIENTED_EDGE('',*,*,#14860,.F.);
#14941=ORIENTED_EDGE('',*,*,#10816,.T.);
#14942=ORIENTED_EDGE('',*,*,#11456,.T.);
#14943=ORIENTED_EDGE('',*,*,#11340,.F.);
#14944=EDGE_LOOP('',(#14940,#14941,#14942,#14943));
#14945=FACE_OUTER_BOUND('',#14944,.F.);
#14946=ADVANCED_FACE('',(#14945),#14939,.F.);
#14947=CARTESIAN_POINT('',(1.4975E0,2.87E-1,-4.65E-1));
#14948=DIRECTION('',(-1.E0,0.E0,0.E0));
#14949=DIRECTION('',(0.E0,0.E0,1.E0));
#14950=AXIS2_PLACEMENT_3D('',#14947,#14948,#14949);
#14951=PLANE('',#14950);
#14952=ORIENTED_EDGE('',*,*,#11258,.F.);
#14954=ORIENTED_EDGE('',*,*,#14953,.F.);
#14955=ORIENTED_EDGE('',*,*,#11086,.F.);
#14956=ORIENTED_EDGE('',*,*,#14865,.F.);
#14957=EDGE_LOOP('',(#14952,#14954,#14955,#14956));
#14958=FACE_OUTER_BOUND('',#14957,.F.);
#14959=ADVANCED_FACE('',(#14958),#14951,.F.);
#14960=CARTESIAN_POINT('',(1.4975E0,2.87E-1,-2.6E-1));
#14961=DIRECTION('',(0.E0,0.E0,1.E0));
#14962=DIRECTION('',(1.E0,0.E0,0.E0));
#14963=AXIS2_PLACEMENT_3D('',#14960,#14961,#14962);
#14964=PLANE('',#14963);
#14965=ORIENTED_EDGE('',*,*,#11256,.F.);
#14966=ORIENTED_EDGE('',*,*,#11238,.F.);
#14967=ORIENTED_EDGE('',*,*,#11088,.T.);
#14968=ORIENTED_EDGE('',*,*,#14953,.T.);
#14969=EDGE_LOOP('',(#14965,#14966,#14967,#14968));
#14970=FACE_OUTER_BOUND('',#14969,.F.);
#14971=ADVANCED_FACE('',(#14970),#14964,.F.);
#14972=CARTESIAN_POINT('',(1.3275E0,2.87E-1,-2.6E-1));
#14973=DIRECTION('',(1.E0,0.E0,0.E0));
#14974=DIRECTION('',(0.E0,0.E0,-1.E0));
#14975=AXIS2_PLACEMENT_3D('',#14972,#14973,#14974);
#14976=PLANE('',#14975);
#14978=ORIENTED_EDGE('',*,*,#14977,.F.);
#14979=ORIENTED_EDGE('',*,*,#14868,.T.);
#14980=ORIENTED_EDGE('',*,*,#11082,.T.);
#14982=ORIENTED_EDGE('',*,*,#14981,.T.);
#14983=EDGE_LOOP('',(#14978,#14979,#14980,#14982));
#14984=FACE_OUTER_BOUND('',#14983,.F.);
#14985=ADVANCED_FACE('',(#14984),#14976,.F.);
#14986=CARTESIAN_POINT('',(1.3324E0,2.12E-1,-5.5E-2));
#14987=DIRECTION('',(0.E0,1.E0,0.E0));
#14988=DIRECTION('',(0.E0,0.E0,-1.E0));
#14989=AXIS2_PLACEMENT_3D('',#14986,#14987,#14988);
#14990=PLANE('',#14989);
#14992=ORIENTED_EDGE('',*,*,#14991,.T.);
#14993=ORIENTED_EDGE('',*,*,#11903,.T.);
#14995=ORIENTED_EDGE('',*,*,#14994,.T.);
#14996=ORIENTED_EDGE('',*,*,#14870,.T.);
#14997=ORIENTED_EDGE('',*,*,#14977,.T.);
#14999=ORIENTED_EDGE('',*,*,#14998,.T.);
#15001=ORIENTED_EDGE('',*,*,#15000,.T.);
#15002=ORIENTED_EDGE('',*,*,#14525,.T.);
#15003=EDGE_LOOP('',(#14992,#14993,#14995,#14996,#14997,#14999,#15001,#15002));
#15004=FACE_OUTER_BOUND('',#15003,.F.);
#15005=ADVANCED_FACE('',(#15004),#14990,.F.);
#15006=CARTESIAN_POINT('',(1.2426E0,0.E0,4.65E-1));
#15007=DIRECTION('',(-1.E0,0.E0,0.E0));
#15008=DIRECTION('',(0.E0,0.E0,1.E0));
#15009=AXIS2_PLACEMENT_3D('',#15006,#15007,#15008);
#15010=PLANE('',#15009);
#15012=ORIENTED_EDGE('',*,*,#15011,.T.);
#15014=ORIENTED_EDGE('',*,*,#15013,.T.);
#15016=ORIENTED_EDGE('',*,*,#15015,.F.);
#15018=ORIENTED_EDGE('',*,*,#15017,.F.);
#15019=ORIENTED_EDGE('',*,*,#11905,.T.);
#15020=ORIENTED_EDGE('',*,*,#14991,.F.);
#15021=ORIENTED_EDGE('',*,*,#14523,.T.);
#15023=ORIENTED_EDGE('',*,*,#15022,.T.);
#15024=EDGE_LOOP('',(#15012,#15014,#15016,#15018,#15019,#15020,#15021,#15023));
#15025=FACE_OUTER_BOUND('',#15024,.F.);
#15026=ADVANCED_FACE('',(#15025),#15010,.F.);
#15027=CARTESIAN_POINT('',(1.2375E0,-9.075E-2,-4.525E-1));
#15028=DIRECTION('',(0.E0,0.E0,-1.E0));
#15029=DIRECTION('',(0.E0,-1.E0,0.E0));
#15030=AXIS2_PLACEMENT_3D('',#15027,#15028,#15029);
#15031=PLANE('',#15030);
#15032=ORIENTED_EDGE('',*,*,#15011,.F.);
#15034=ORIENTED_EDGE('',*,*,#15033,.T.);
#15036=ORIENTED_EDGE('',*,*,#15035,.T.);
#15038=ORIENTED_EDGE('',*,*,#15037,.T.);
#15040=ORIENTED_EDGE('',*,*,#15039,.F.);
#15042=ORIENTED_EDGE('',*,*,#15041,.T.);
#15043=EDGE_LOOP('',(#15032,#15034,#15036,#15038,#15040,#15042));
#15044=FACE_OUTER_BOUND('',#15043,.F.);
#15045=ADVANCED_FACE('',(#15044),#15031,.T.);
#15046=CARTESIAN_POINT('',(1.2075E0,-1.68E-1,-4.65E-1));
#15047=DIRECTION('',(0.E0,1.E0,0.E0));
#15048=DIRECTION('',(1.E0,0.E0,0.E0));
#15049=AXIS2_PLACEMENT_3D('',#15046,#15047,#15048);
#15050=PLANE('',#15049);
#15052=ORIENTED_EDGE('',*,*,#15051,.T.);
#15054=ORIENTED_EDGE('',*,*,#15053,.F.);
#15056=ORIENTED_EDGE('',*,*,#15055,.T.);
#15058=ORIENTED_EDGE('',*,*,#15057,.T.);
#15060=ORIENTED_EDGE('',*,*,#15059,.T.);
#15062=ORIENTED_EDGE('',*,*,#15061,.F.);
#15064=ORIENTED_EDGE('',*,*,#15063,.T.);
#15066=ORIENTED_EDGE('',*,*,#15065,.T.);
#15068=ORIENTED_EDGE('',*,*,#15067,.T.);
#15070=ORIENTED_EDGE('',*,*,#15069,.F.);
#15072=ORIENTED_EDGE('',*,*,#15071,.T.);
#15074=ORIENTED_EDGE('',*,*,#15073,.T.);
#15075=ORIENTED_EDGE('',*,*,#15033,.F.);
#15076=ORIENTED_EDGE('',*,*,#15022,.F.);
#15077=ORIENTED_EDGE('',*,*,#14521,.F.);
#15078=ORIENTED_EDGE('',*,*,#14606,.T.);
#15079=ORIENTED_EDGE('',*,*,#14622,.T.);
#15081=ORIENTED_EDGE('',*,*,#15080,.F.);
#15083=ORIENTED_EDGE('',*,*,#15082,.T.);
#15085=ORIENTED_EDGE('',*,*,#15084,.T.);
#15086=EDGE_LOOP('',(#15052,#15054,#15056,#15058,#15060,#15062,#15064,#15066,
#15068,#15070,#15072,#15074,#15075,#15076,#15077,#15078,#15079,#15081,#15083,
#15085));
#15087=FACE_OUTER_BOUND('',#15086,.F.);
#15088=ADVANCED_FACE('',(#15087),#15050,.F.);
#15089=CARTESIAN_POINT('',(1.3375E0,-2.585E-1,-1.525E-1));
#15090=DIRECTION('',(0.E0,0.E0,-1.E0));
#15091=DIRECTION('',(0.E0,1.E0,0.E0));
#15092=AXIS2_PLACEMENT_3D('',#15089,#15090,#15091);
#15093=PLANE('',#15092);
#15094=ORIENTED_EDGE('',*,*,#15051,.F.);
#15096=ORIENTED_EDGE('',*,*,#15095,.T.);
#15098=ORIENTED_EDGE('',*,*,#15097,.T.);
#15100=ORIENTED_EDGE('',*,*,#15099,.T.);
#15101=EDGE_LOOP('',(#15094,#15096,#15098,#15100));
#15102=FACE_OUTER_BOUND('',#15101,.F.);
#15103=ADVANCED_FACE('',(#15102),#15093,.T.);
#15104=CARTESIAN_POINT('',(1.229E0,1.7E-1,-4.525E-1));
#15105=DIRECTION('',(-1.E0,0.E0,0.E0));
#15106=DIRECTION('',(0.E0,-1.E0,0.E0));
#15107=AXIS2_PLACEMENT_3D('',#15104,#15105,#15106);
#15108=PLANE('',#15107);
#15109=ORIENTED_EDGE('',*,*,#15084,.F.);
#15111=ORIENTED_EDGE('',*,*,#15110,.F.);
#15113=ORIENTED_EDGE('',*,*,#15112,.F.);
#15114=ORIENTED_EDGE('',*,*,#15095,.F.);
#15115=EDGE_LOOP('',(#15109,#15111,#15113,#15114));
#15116=FACE_OUTER_BOUND('',#15115,.F.);
#15117=ADVANCED_FACE('',(#15116),#15108,.T.);
#15118=CARTESIAN_POINT('',(1.3375E0,-2.585E-1,-1.275E-1));
#15119=DIRECTION('',(0.E0,0.E0,-1.E0));
#15120=DIRECTION('',(0.E0,1.E0,0.E0));
#15121=AXIS2_PLACEMENT_3D('',#15118,#15119,#15120);
#15122=PLANE('',#15121);
#15123=ORIENTED_EDGE('',*,*,#15082,.F.);
#15125=ORIENTED_EDGE('',*,*,#15124,.T.);
#15127=ORIENTED_EDGE('',*,*,#15126,.F.);
#15128=ORIENTED_EDGE('',*,*,#15110,.T.);
#15129=EDGE_LOOP('',(#15123,#15125,#15127,#15128));
#15130=FACE_OUTER_BOUND('',#15129,.F.);
#15131=ADVANCED_FACE('',(#15130),#15122,.F.);
#15132=CARTESIAN_POINT('',(1.246E0,1.7E-1,-4.525E-1));
#15133=DIRECTION('',(-1.E0,0.E0,0.E0));
#15134=DIRECTION('',(0.E0,-1.E0,0.E0));
#15135=AXIS2_PLACEMENT_3D('',#15132,#15133,#15134);
#15136=PLANE('',#15135);
#15137=ORIENTED_EDGE('',*,*,#14620,.T.);
#15139=ORIENTED_EDGE('',*,*,#15138,.F.);
#15141=ORIENTED_EDGE('',*,*,#15140,.F.);
#15143=ORIENTED_EDGE('',*,*,#15142,.T.);
#15145=ORIENTED_EDGE('',*,*,#15144,.T.);
#15147=ORIENTED_EDGE('',*,*,#15146,.T.);
#15149=ORIENTED_EDGE('',*,*,#15148,.F.);
#15151=ORIENTED_EDGE('',*,*,#15150,.F.);
#15152=ORIENTED_EDGE('',*,*,#15039,.T.);
#15154=ORIENTED_EDGE('',*,*,#15153,.T.);
#15156=ORIENTED_EDGE('',*,*,#15155,.F.);
#15157=ORIENTED_EDGE('',*,*,#15069,.T.);
#15159=ORIENTED_EDGE('',*,*,#15158,.F.);
#15161=ORIENTED_EDGE('',*,*,#15160,.T.);
#15163=ORIENTED_EDGE('',*,*,#15162,.F.);
#15164=ORIENTED_EDGE('',*,*,#15061,.T.);
#15166=ORIENTED_EDGE('',*,*,#15165,.F.);
#15168=ORIENTED_EDGE('',*,*,#15167,.T.);
#15170=ORIENTED_EDGE('',*,*,#15169,.F.);
#15171=ORIENTED_EDGE('',*,*,#15053,.T.);
#15172=ORIENTED_EDGE('',*,*,#15099,.F.);
#15174=ORIENTED_EDGE('',*,*,#15173,.T.);
#15175=ORIENTED_EDGE('',*,*,#15124,.F.);
#15176=ORIENTED_EDGE('',*,*,#15080,.T.);
#15177=EDGE_LOOP('',(#15137,#15139,#15141,#15143,#15145,#15147,#15149,#15151,
#15152,#15154,#15156,#15157,#15159,#15161,#15163,#15164,#15166,#15168,#15170,
#15171,#15172,#15174,#15175,#15176));
#15178=FACE_OUTER_BOUND('',#15177,.F.);
#15179=ADVANCED_FACE('',(#15178),#15136,.F.);
#15180=CARTESIAN_POINT('',(1.3275E0,-1.58E-1,-5.58E-1));
#15181=DIRECTION('',(0.E0,-1.E0,0.E0));
#15182=DIRECTION('',(-1.E0,0.E0,0.E0));
#15183=AXIS2_PLACEMENT_3D('',#15180,#15181,#15182);
#15184=PLANE('',#15183);
#15185=ORIENTED_EDGE('',*,*,#14683,.F.);
#15187=ORIENTED_EDGE('',*,*,#15186,.F.);
#15189=ORIENTED_EDGE('',*,*,#15188,.T.);
#15190=ORIENTED_EDGE('',*,*,#11915,.T.);
#15192=ORIENTED_EDGE('',*,*,#15191,.F.);
#15194=ORIENTED_EDGE('',*,*,#15193,.T.);
#15195=ORIENTED_EDGE('',*,*,#15138,.T.);
#15196=ORIENTED_EDGE('',*,*,#14618,.T.);
#15197=EDGE_LOOP('',(#15185,#15187,#15189,#15190,#15192,#15194,#15195,#15196));
#15198=FACE_OUTER_BOUND('',#15197,.F.);
#15199=ADVANCED_FACE('',(#15198),#15184,.F.);
#15200=CARTESIAN_POINT('',(1.3375E0,-9.075E-2,1.25E-1));
#15201=DIRECTION('',(0.E0,0.E0,-1.E0));
#15202=DIRECTION('',(0.E0,1.E0,0.E0));
#15203=AXIS2_PLACEMENT_3D('',#15200,#15201,#15202);
#15204=PLANE('',#15203);
#15206=ORIENTED_EDGE('',*,*,#15205,.F.);
#15207=ORIENTED_EDGE('',*,*,#15186,.T.);
#15208=ORIENTED_EDGE('',*,*,#14681,.T.);
#15210=ORIENTED_EDGE('',*,*,#15209,.F.);
#15211=EDGE_LOOP('',(#15206,#15207,#15208,#15210));
#15212=FACE_OUTER_BOUND('',#15211,.F.);
#15213=ADVANCED_FACE('',(#15212),#15204,.F.);
#15214=CARTESIAN_POINT('',(1.3324E0,0.E0,4.65E-1));
#15215=DIRECTION('',(-1.E0,0.E0,0.E0));
#15216=DIRECTION('',(0.E0,0.E0,1.E0));
#15217=AXIS2_PLACEMENT_3D('',#15214,#15215,#15216);
#15218=PLANE('',#15217);
#15219=ORIENTED_EDGE('',*,*,#15205,.T.);
#15221=ORIENTED_EDGE('',*,*,#15220,.F.);
#15222=ORIENTED_EDGE('',*,*,#11917,.T.);
#15223=ORIENTED_EDGE('',*,*,#15188,.F.);
#15224=EDGE_LOOP('',(#15219,#15221,#15222,#15223));
#15225=FACE_OUTER_BOUND('',#15224,.F.);
#15226=ADVANCED_FACE('',(#15225),#15218,.T.);
#15227=CARTESIAN_POINT('',(1.3375E0,-1.247E-1,2.925E-1));
#15228=DIRECTION('',(0.E0,-9.907833155514E-1,1.354563458276E-1));
#15229=DIRECTION('',(0.E0,-1.354563458276E-1,-9.907833155514E-1));
#15230=AXIS2_PLACEMENT_3D('',#15227,#15228,#15229);
#15231=PLANE('',#15230);
#15232=ORIENTED_EDGE('',*,*,#11919,.F.);
#15233=ORIENTED_EDGE('',*,*,#15220,.T.);
#15234=ORIENTED_EDGE('',*,*,#15209,.T.);
#15235=ORIENTED_EDGE('',*,*,#14679,.F.);
#15237=ORIENTED_EDGE('',*,*,#15236,.F.);
#15239=ORIENTED_EDGE('',*,*,#15238,.T.);
#15240=EDGE_LOOP('',(#15232,#15233,#15234,#15235,#15237,#15239));
#15241=FACE_OUTER_BOUND('',#15240,.F.);
#15242=ADVANCED_FACE('',(#15241),#15231,.T.);
#15243=CARTESIAN_POINT('',(1.3375E0,1.2E-3,4.6E-1));
#15244=DIRECTION('',(0.E0,0.E0,1.E0));
#15245=DIRECTION('',(0.E0,-1.E0,0.E0));
#15246=AXIS2_PLACEMENT_3D('',#15243,#15244,#15245);
#15247=PLANE('',#15246);
#15249=ORIENTED_EDGE('',*,*,#15248,.T.);
#15250=ORIENTED_EDGE('',*,*,#15236,.T.);
#15251=ORIENTED_EDGE('',*,*,#14677,.F.);
#15253=ORIENTED_EDGE('',*,*,#15252,.F.);
#15254=EDGE_LOOP('',(#15249,#15250,#15251,#15253));
#15255=FACE_OUTER_BOUND('',#15254,.F.);
#15256=ADVANCED_FACE('',(#15255),#15247,.T.);
#15257=CARTESIAN_POINT('',(1.346E0,-3.43E-1,-4.525E-1));
#15258=DIRECTION('',(1.E0,0.E0,0.E0));
#15259=DIRECTION('',(0.E0,1.E0,0.E0));
#15260=AXIS2_PLACEMENT_3D('',#15257,#15258,#15259);
#15261=PLANE('',#15260);
#15262=ORIENTED_EDGE('',*,*,#11897,.F.);
#15263=ORIENTED_EDGE('',*,*,#15238,.F.);
#15264=ORIENTED_EDGE('',*,*,#15248,.F.);
#15266=ORIENTED_EDGE('',*,*,#15265,.F.);
#15267=EDGE_LOOP('',(#15262,#15263,#15264,#15266));
#15268=FACE_OUTER_BOUND('',#15267,.F.);
#15269=ADVANCED_FACE('',(#15268),#15261,.T.);
#15270=CARTESIAN_POINT('',(1.3375E0,1.271E-1,2.925E-1));
#15271=DIRECTION('',(0.E0,9.907833155514E-1,1.354563458276E-1));
#15272=DIRECTION('',(0.E0,-1.354563458276E-1,9.907833155514E-1));
#15273=AXIS2_PLACEMENT_3D('',#15270,#15271,#15272);
#15274=PLANE('',#15273);
#15275=ORIENTED_EDGE('',*,*,#11899,.T.);
#15276=ORIENTED_EDGE('',*,*,#15265,.T.);
#15277=ORIENTED_EDGE('',*,*,#15252,.T.);
#15278=ORIENTED_EDGE('',*,*,#14675,.F.);
#15280=ORIENTED_EDGE('',*,*,#15279,.F.);
#15282=ORIENTED_EDGE('',*,*,#15281,.F.);
#15283=EDGE_LOOP('',(#15275,#15276,#15277,#15278,#15280,#15282));
#15284=FACE_OUTER_BOUND('',#15283,.F.);
#15285=ADVANCED_FACE('',(#15284),#15274,.T.);
#15286=CARTESIAN_POINT('',(1.3375E0,-9.075E-2,1.25E-1));
#15287=DIRECTION('',(0.E0,0.E0,-1.E0));
#15288=DIRECTION('',(0.E0,1.E0,0.E0));
#15289=AXIS2_PLACEMENT_3D('',#15286,#15287,#15288);
#15290=PLANE('',#15289);
#15292=ORIENTED_EDGE('',*,*,#15291,.F.);
#15293=ORIENTED_EDGE('',*,*,#15279,.T.);
#15294=ORIENTED_EDGE('',*,*,#14673,.T.);
#15296=ORIENTED_EDGE('',*,*,#15295,.T.);
#15297=EDGE_LOOP('',(#15292,#15293,#15294,#15296));
#15298=FACE_OUTER_BOUND('',#15297,.F.);
#15299=ADVANCED_FACE('',(#15298),#15290,.F.);
#15300=CARTESIAN_POINT('',(1.3324E0,0.E0,4.65E-1));
#15301=DIRECTION('',(-1.E0,0.E0,0.E0));
#15302=DIRECTION('',(0.E0,0.E0,1.E0));
#15303=AXIS2_PLACEMENT_3D('',#15300,#15301,#15302);
#15304=PLANE('',#15303);
#15306=ORIENTED_EDGE('',*,*,#15305,.F.);
#15307=ORIENTED_EDGE('',*,*,#14708,.F.);
#15308=ORIENTED_EDGE('',*,*,#14872,.T.);
#15309=ORIENTED_EDGE('',*,*,#14994,.F.);
#15310=ORIENTED_EDGE('',*,*,#11901,.T.);
#15311=ORIENTED_EDGE('',*,*,#15281,.T.);
#15312=ORIENTED_EDGE('',*,*,#15291,.T.);
#15314=ORIENTED_EDGE('',*,*,#15313,.F.);
#15315=EDGE_LOOP('',(#15306,#15307,#15308,#15309,#15310,#15311,#15312,#15314));
#15316=FACE_OUTER_BOUND('',#15315,.F.);
#15317=ADVANCED_FACE('',(#15316),#15304,.T.);
#15318=CARTESIAN_POINT('',(1.3375E0,-9.075E-2,-4.525E-1));
#15319=DIRECTION('',(0.E0,0.E0,-1.E0));
#15320=DIRECTION('',(0.E0,1.E0,0.E0));
#15321=AXIS2_PLACEMENT_3D('',#15318,#15319,#15320);
#15322=PLANE('',#15321);
#15323=ORIENTED_EDGE('',*,*,#15305,.T.);
#15325=ORIENTED_EDGE('',*,*,#15324,.F.);
#15326=ORIENTED_EDGE('',*,*,#14669,.F.);
#15328=ORIENTED_EDGE('',*,*,#15327,.F.);
#15330=ORIENTED_EDGE('',*,*,#15329,.T.);
#15331=ORIENTED_EDGE('',*,*,#14710,.F.);
#15332=EDGE_LOOP('',(#15323,#15325,#15326,#15328,#15330,#15331));
#15333=FACE_OUTER_BOUND('',#15332,.F.);
#15334=ADVANCED_FACE('',(#15333),#15322,.T.);
#15335=CARTESIAN_POINT('',(1.3375E0,1.53E-1,-1.6375E-1));
#15336=DIRECTION('',(0.E0,-1.E0,0.E0));
#15337=DIRECTION('',(0.E0,0.E0,1.E0));
#15338=AXIS2_PLACEMENT_3D('',#15335,#15336,#15337);
#15339=PLANE('',#15338);
#15340=ORIENTED_EDGE('',*,*,#15313,.T.);
#15341=ORIENTED_EDGE('',*,*,#15295,.F.);
#15342=ORIENTED_EDGE('',*,*,#14671,.F.);
#15343=ORIENTED_EDGE('',*,*,#15324,.T.);
#15344=EDGE_LOOP('',(#15340,#15341,#15342,#15343));
#15345=FACE_OUTER_BOUND('',#15344,.F.);
#15346=ADVANCED_FACE('',(#15345),#15339,.F.);
#15347=CARTESIAN_POINT('',(1.3375E0,-3.43E-1,-1.6375E-1));
#15348=DIRECTION('',(0.E0,1.E0,0.E0));
#15349=DIRECTION('',(0.E0,0.E0,1.E0));
#15350=AXIS2_PLACEMENT_3D('',#15347,#15348,#15349);
#15351=PLANE('',#15350);
#15353=ORIENTED_EDGE('',*,*,#15352,.F.);
#15355=ORIENTED_EDGE('',*,*,#15354,.F.);
#15356=ORIENTED_EDGE('',*,*,#15327,.T.);
#15357=ORIENTED_EDGE('',*,*,#14667,.T.);
#15358=EDGE_LOOP('',(#15353,#15355,#15356,#15357));
#15359=FACE_OUTER_BOUND('',#15358,.F.);
#15360=ADVANCED_FACE('',(#15359),#15351,.F.);
#15361=CARTESIAN_POINT('',(1.3375E0,-2.585E-1,-4.275E-1));
#15362=DIRECTION('',(0.E0,0.E0,-1.E0));
#15363=DIRECTION('',(0.E0,1.E0,0.E0));
#15364=AXIS2_PLACEMENT_3D('',#15361,#15362,#15363);
#15365=PLANE('',#15364);
#15366=ORIENTED_EDGE('',*,*,#14714,.F.);
#15368=ORIENTED_EDGE('',*,*,#15367,.T.);
#15369=ORIENTED_EDGE('',*,*,#15352,.T.);
#15370=ORIENTED_EDGE('',*,*,#14665,.T.);
#15371=EDGE_LOOP('',(#15366,#15368,#15369,#15370));
#15372=FACE_OUTER_BOUND('',#15371,.F.);
#15373=ADVANCED_FACE('',(#15372),#15365,.F.);
#15374=CARTESIAN_POINT('',(1.346E0,-3.43E-1,-4.525E-1));
#15375=DIRECTION('',(1.E0,0.E0,0.E0));
#15376=DIRECTION('',(0.E0,1.E0,0.E0));
#15377=AXIS2_PLACEMENT_3D('',#15374,#15375,#15376);
#15378=PLANE('',#15377);
#15379=ORIENTED_EDGE('',*,*,#14712,.T.);
#15380=ORIENTED_EDGE('',*,*,#15329,.F.);
#15381=ORIENTED_EDGE('',*,*,#15354,.T.);
#15382=ORIENTED_EDGE('',*,*,#15367,.F.);
#15383=EDGE_LOOP('',(#15379,#15380,#15381,#15382));
#15384=FACE_OUTER_BOUND('',#15383,.F.);
#15385=ADVANCED_FACE('',(#15384),#15378,.T.);
#15386=CARTESIAN_POINT('',(1.2426E0,0.E0,4.65E-1));
#15387=DIRECTION('',(-1.E0,0.E0,0.E0));
#15388=DIRECTION('',(0.E0,0.E0,1.E0));
#15389=AXIS2_PLACEMENT_3D('',#15386,#15387,#15388);
#15390=PLANE('',#15389);
#15392=ORIENTED_EDGE('',*,*,#15391,.F.);
#15393=ORIENTED_EDGE('',*,*,#15191,.T.);
#15394=ORIENTED_EDGE('',*,*,#11913,.T.);
#15396=ORIENTED_EDGE('',*,*,#15395,.T.);
#15397=EDGE_LOOP('',(#15392,#15393,#15394,#15396));
#15398=FACE_OUTER_BOUND('',#15397,.F.);
#15399=ADVANCED_FACE('',(#15398),#15390,.F.);
#15400=CARTESIAN_POINT('',(1.2375E0,-9.075E-2,1.25E-1));
#15401=DIRECTION('',(0.E0,0.E0,-1.E0));
#15402=DIRECTION('',(0.E0,-1.E0,0.E0));
#15403=AXIS2_PLACEMENT_3D('',#15400,#15401,#15402);
#15404=PLANE('',#15403);
#15405=ORIENTED_EDGE('',*,*,#15391,.T.);
#15407=ORIENTED_EDGE('',*,*,#15406,.T.);
#15408=ORIENTED_EDGE('',*,*,#15140,.T.);
#15409=ORIENTED_EDGE('',*,*,#15193,.F.);
#15410=EDGE_LOOP('',(#15405,#15407,#15408,#15409));
#15411=FACE_OUTER_BOUND('',#15410,.F.);
#15412=ADVANCED_FACE('',(#15411),#15404,.F.);
#15413=CARTESIAN_POINT('',(1.2375E0,-1.247E-1,2.925E-1));
#15414=DIRECTION('',(0.E0,-9.907833155514E-1,1.354563458276E-1));
#15415=DIRECTION('',(0.E0,1.354563458276E-1,9.907833155514E-1));
#15416=AXIS2_PLACEMENT_3D('',#15413,#15414,#15415);
#15417=PLANE('',#15416);
#15418=ORIENTED_EDGE('',*,*,#11911,.T.);
#15420=ORIENTED_EDGE('',*,*,#15419,.T.);
#15422=ORIENTED_EDGE('',*,*,#15421,.T.);
#15423=ORIENTED_EDGE('',*,*,#15142,.F.);
#15424=ORIENTED_EDGE('',*,*,#15406,.F.);
#15425=ORIENTED_EDGE('',*,*,#15395,.F.);
#15426=EDGE_LOOP('',(#15418,#15420,#15422,#15423,#15424,#15425));
#15427=FACE_OUTER_BOUND('',#15426,.F.);
#15428=ADVANCED_FACE('',(#15427),#15417,.T.);
#15429=CARTESIAN_POINT('',(1.229E0,1.7E-1,-4.525E-1));
#15430=DIRECTION('',(-1.E0,0.E0,0.E0));
#15431=DIRECTION('',(0.E0,-1.E0,0.E0));
#15432=AXIS2_PLACEMENT_3D('',#15429,#15430,#15431);
#15433=PLANE('',#15432);
#15434=ORIENTED_EDGE('',*,*,#11909,.T.);
#15436=ORIENTED_EDGE('',*,*,#15435,.F.);
#15438=ORIENTED_EDGE('',*,*,#15437,.F.);
#15439=ORIENTED_EDGE('',*,*,#15419,.F.);
#15440=EDGE_LOOP('',(#15434,#15436,#15438,#15439));
#15441=FACE_OUTER_BOUND('',#15440,.F.);
#15442=ADVANCED_FACE('',(#15441),#15433,.T.);
#15443=CARTESIAN_POINT('',(1.2375E0,1.271E-1,2.925E-1));
#15444=DIRECTION('',(0.E0,9.907833155514E-1,1.354563458276E-1));
#15445=DIRECTION('',(0.E0,1.354563458276E-1,-9.907833155514E-1));
#15446=AXIS2_PLACEMENT_3D('',#15443,#15444,#15445);
#15447=PLANE('',#15446);
#15448=ORIENTED_EDGE('',*,*,#11907,.F.);
#15449=ORIENTED_EDGE('',*,*,#15017,.T.);
#15451=ORIENTED_EDGE('',*,*,#15450,.T.);
#15452=ORIENTED_EDGE('',*,*,#15146,.F.);
#15454=ORIENTED_EDGE('',*,*,#15453,.F.);
#15455=ORIENTED_EDGE('',*,*,#15435,.T.);
#15456=EDGE_LOOP('',(#15448,#15449,#15451,#15452,#15454,#15455));
#15457=FACE_OUTER_BOUND('',#15456,.F.);
#15458=ADVANCED_FACE('',(#15457),#15447,.T.);
#15459=CARTESIAN_POINT('',(1.2375E0,-9.075E-2,1.25E-1));
#15460=DIRECTION('',(0.E0,0.E0,-1.E0));
#15461=DIRECTION('',(0.E0,-1.E0,0.E0));
#15462=AXIS2_PLACEMENT_3D('',#15459,#15460,#15461);
#15463=PLANE('',#15462);
#15464=ORIENTED_EDGE('',*,*,#15015,.T.);
#15466=ORIENTED_EDGE('',*,*,#15465,.F.);
#15467=ORIENTED_EDGE('',*,*,#15148,.T.);
#15468=ORIENTED_EDGE('',*,*,#15450,.F.);
#15469=EDGE_LOOP('',(#15464,#15466,#15467,#15468));
#15470=FACE_OUTER_BOUND('',#15469,.F.);
#15471=ADVANCED_FACE('',(#15470),#15463,.F.);
#15472=CARTESIAN_POINT('',(1.2375E0,1.53E-1,-1.6375E-1));
#15473=DIRECTION('',(0.E0,1.E0,0.E0));
#15474=DIRECTION('',(0.E0,0.E0,1.E0));
#15475=AXIS2_PLACEMENT_3D('',#15472,#15473,#15474);
#15476=PLANE('',#15475);
#15477=ORIENTED_EDGE('',*,*,#15013,.F.);
#15478=ORIENTED_EDGE('',*,*,#15041,.F.);
#15479=ORIENTED_EDGE('',*,*,#15150,.T.);
#15480=ORIENTED_EDGE('',*,*,#15465,.T.);
#15481=EDGE_LOOP('',(#15477,#15478,#15479,#15480));
#15482=FACE_OUTER_BOUND('',#15481,.F.);
#15483=ADVANCED_FACE('',(#15482),#15476,.T.);
#15484=CARTESIAN_POINT('',(1.2375E0,1.2E-3,4.6E-1));
#15485=DIRECTION('',(0.E0,0.E0,1.E0));
#15486=DIRECTION('',(0.E0,1.E0,0.E0));
#15487=AXIS2_PLACEMENT_3D('',#15484,#15485,#15486);
#15488=PLANE('',#15487);
#15489=ORIENTED_EDGE('',*,*,#15437,.T.);
#15490=ORIENTED_EDGE('',*,*,#15453,.T.);
#15491=ORIENTED_EDGE('',*,*,#15144,.F.);
#15492=ORIENTED_EDGE('',*,*,#15421,.F.);
#15493=EDGE_LOOP('',(#15489,#15490,#15491,#15492));
#15494=FACE_OUTER_BOUND('',#15493,.F.);
#15495=ADVANCED_FACE('',(#15494),#15488,.T.);
#15496=CARTESIAN_POINT('',(1.2375E0,-3.43E-1,-1.6375E-1));
#15497=DIRECTION('',(0.E0,-1.E0,0.E0));
#15498=DIRECTION('',(0.E0,0.E0,1.E0));
#15499=AXIS2_PLACEMENT_3D('',#15496,#15497,#15498);
#15500=PLANE('',#15499);
#15502=ORIENTED_EDGE('',*,*,#15501,.T.);
#15503=ORIENTED_EDGE('',*,*,#15153,.F.);
#15504=ORIENTED_EDGE('',*,*,#15037,.F.);
#15506=ORIENTED_EDGE('',*,*,#15505,.T.);
#15507=EDGE_LOOP('',(#15502,#15503,#15504,#15506));
#15508=FACE_OUTER_BOUND('',#15507,.F.);
#15509=ADVANCED_FACE('',(#15508),#15500,.T.);
#15510=CARTESIAN_POINT('',(1.3375E0,-2.585E-1,-4.275E-1));
#15511=DIRECTION('',(0.E0,0.E0,-1.E0));
#15512=DIRECTION('',(0.E0,1.E0,0.E0));
#15513=AXIS2_PLACEMENT_3D('',#15510,#15511,#15512);
#15514=PLANE('',#15513);
#15515=ORIENTED_EDGE('',*,*,#15071,.F.);
#15516=ORIENTED_EDGE('',*,*,#15155,.T.);
#15517=ORIENTED_EDGE('',*,*,#15501,.F.);
#15519=ORIENTED_EDGE('',*,*,#15518,.T.);
#15520=EDGE_LOOP('',(#15515,#15516,#15517,#15519));
#15521=FACE_OUTER_BOUND('',#15520,.F.);
#15522=ADVANCED_FACE('',(#15521),#15514,.F.);
#15523=CARTESIAN_POINT('',(1.229E0,1.7E-1,-4.525E-1));
#15524=DIRECTION('',(-1.E0,0.E0,0.E0));
#15525=DIRECTION('',(0.E0,-1.E0,0.E0));
#15526=AXIS2_PLACEMENT_3D('',#15523,#15524,#15525);
#15527=PLANE('',#15526);
#15528=ORIENTED_EDGE('',*,*,#15073,.F.);
#15529=ORIENTED_EDGE('',*,*,#15518,.F.);
#15530=ORIENTED_EDGE('',*,*,#15505,.F.);
#15531=ORIENTED_EDGE('',*,*,#15035,.F.);
#15532=EDGE_LOOP('',(#15528,#15529,#15530,#15531));
#15533=FACE_OUTER_BOUND('',#15532,.F.);
#15534=ADVANCED_FACE('',(#15533),#15527,.T.);
#15535=CARTESIAN_POINT('',(1.3375E0,-2.585E-1,-3.525E-1));
#15536=DIRECTION('',(0.E0,0.E0,-1.E0));
#15537=DIRECTION('',(0.E0,1.E0,0.E0));
#15538=AXIS2_PLACEMENT_3D('',#15535,#15536,#15537);
#15539=PLANE('',#15538);
#15540=ORIENTED_EDGE('',*,*,#15067,.F.);
#15542=ORIENTED_EDGE('',*,*,#15541,.T.);
#15544=ORIENTED_EDGE('',*,*,#15543,.T.);
#15545=ORIENTED_EDGE('',*,*,#15158,.T.);
#15546=EDGE_LOOP('',(#15540,#15542,#15544,#15545));
#15547=FACE_OUTER_BOUND('',#15546,.F.);
#15548=ADVANCED_FACE('',(#15547),#15539,.T.);
#15549=CARTESIAN_POINT('',(1.229E0,1.7E-1,-4.525E-1));
#15550=DIRECTION('',(-1.E0,0.E0,0.E0));
#15551=DIRECTION('',(0.E0,-1.E0,0.E0));
#15552=AXIS2_PLACEMENT_3D('',#15549,#15550,#15551);
#15553=PLANE('',#15552);
#15554=ORIENTED_EDGE('',*,*,#15065,.F.);
#15556=ORIENTED_EDGE('',*,*,#15555,.F.);
#15558=ORIENTED_EDGE('',*,*,#15557,.F.);
#15559=ORIENTED_EDGE('',*,*,#15541,.F.);
#15560=EDGE_LOOP('',(#15554,#15556,#15558,#15559));
#15561=FACE_OUTER_BOUND('',#15560,.F.);
#15562=ADVANCED_FACE('',(#15561),#15553,.T.);
#15563=CARTESIAN_POINT('',(1.3375E0,-2.585E-1,-3.275E-1));
#15564=DIRECTION('',(0.E0,0.E0,-1.E0));
#15565=DIRECTION('',(0.E0,1.E0,0.E0));
#15566=AXIS2_PLACEMENT_3D('',#15563,#15564,#15565);
#15567=PLANE('',#15566);
#15568=ORIENTED_EDGE('',*,*,#15063,.F.);
#15569=ORIENTED_EDGE('',*,*,#15162,.T.);
#15571=ORIENTED_EDGE('',*,*,#15570,.F.);
#15572=ORIENTED_EDGE('',*,*,#15555,.T.);
#15573=EDGE_LOOP('',(#15568,#15569,#15571,#15572));
#15574=FACE_OUTER_BOUND('',#15573,.F.);
#15575=ADVANCED_FACE('',(#15574),#15567,.F.);
#15576=CARTESIAN_POINT('',(1.2375E0,-3.43E-1,-1.6375E-1));
#15577=DIRECTION('',(0.E0,-1.E0,0.E0));
#15578=DIRECTION('',(0.E0,0.E0,1.E0));
#15579=AXIS2_PLACEMENT_3D('',#15576,#15577,#15578);
#15580=PLANE('',#15579);
#15581=ORIENTED_EDGE('',*,*,#15570,.T.);
#15582=ORIENTED_EDGE('',*,*,#15160,.F.);
#15583=ORIENTED_EDGE('',*,*,#15543,.F.);
#15584=ORIENTED_EDGE('',*,*,#15557,.T.);
#15585=EDGE_LOOP('',(#15581,#15582,#15583,#15584));
#15586=FACE_OUTER_BOUND('',#15585,.F.);
#15587=ADVANCED_FACE('',(#15586),#15580,.T.);
#15588=CARTESIAN_POINT('',(1.3375E0,-2.585E-1,-2.525E-1));
#15589=DIRECTION('',(0.E0,0.E0,-1.E0));
#15590=DIRECTION('',(0.E0,1.E0,0.E0));
#15591=AXIS2_PLACEMENT_3D('',#15588,#15589,#15590);
#15592=PLANE('',#15591);
#15593=ORIENTED_EDGE('',*,*,#15059,.F.);
#15595=ORIENTED_EDGE('',*,*,#15594,.T.);
#15597=ORIENTED_EDGE('',*,*,#15596,.T.);
#15598=ORIENTED_EDGE('',*,*,#15165,.T.);
#15599=EDGE_LOOP('',(#15593,#15595,#15597,#15598));
#15600=FACE_OUTER_BOUND('',#15599,.F.);
#15601=ADVANCED_FACE('',(#15600),#15592,.T.);
#15602=CARTESIAN_POINT('',(1.229E0,1.7E-1,-4.525E-1));
#15603=DIRECTION('',(-1.E0,0.E0,0.E0));
#15604=DIRECTION('',(0.E0,-1.E0,0.E0));
#15605=AXIS2_PLACEMENT_3D('',#15602,#15603,#15604);
#15606=PLANE('',#15605);
#15607=ORIENTED_EDGE('',*,*,#15057,.F.);
#15609=ORIENTED_EDGE('',*,*,#15608,.F.);
#15611=ORIENTED_EDGE('',*,*,#15610,.F.);
#15612=ORIENTED_EDGE('',*,*,#15594,.F.);
#15613=EDGE_LOOP('',(#15607,#15609,#15611,#15612));
#15614=FACE_OUTER_BOUND('',#15613,.F.);
#15615=ADVANCED_FACE('',(#15614),#15606,.T.);
#15616=CARTESIAN_POINT('',(1.3375E0,-2.585E-1,-2.275E-1));
#15617=DIRECTION('',(0.E0,0.E0,-1.E0));
#15618=DIRECTION('',(0.E0,1.E0,0.E0));
#15619=AXIS2_PLACEMENT_3D('',#15616,#15617,#15618);
#15620=PLANE('',#15619);
#15621=ORIENTED_EDGE('',*,*,#15055,.F.);
#15622=ORIENTED_EDGE('',*,*,#15169,.T.);
#15624=ORIENTED_EDGE('',*,*,#15623,.F.);
#15625=ORIENTED_EDGE('',*,*,#15608,.T.);
#15626=EDGE_LOOP('',(#15621,#15622,#15624,#15625));
#15627=FACE_OUTER_BOUND('',#15626,.F.);
#15628=ADVANCED_FACE('',(#15627),#15620,.F.);
#15629=CARTESIAN_POINT('',(1.2375E0,-3.43E-1,-1.6375E-1));
#15630=DIRECTION('',(0.E0,-1.E0,0.E0));
#15631=DIRECTION('',(0.E0,0.E0,1.E0));
#15632=AXIS2_PLACEMENT_3D('',#15629,#15630,#15631);
#15633=PLANE('',#15632);
#15634=ORIENTED_EDGE('',*,*,#15623,.T.);
#15635=ORIENTED_EDGE('',*,*,#15167,.F.);
#15636=ORIENTED_EDGE('',*,*,#15596,.F.);
#15637=ORIENTED_EDGE('',*,*,#15610,.T.);
#15638=EDGE_LOOP('',(#15634,#15635,#15636,#15637));
#15639=FACE_OUTER_BOUND('',#15638,.F.);
#15640=ADVANCED_FACE('',(#15639),#15633,.T.);
#15641=CARTESIAN_POINT('',(1.2375E0,-3.43E-1,-1.6375E-1));
#15642=DIRECTION('',(0.E0,-1.E0,0.E0));
#15643=DIRECTION('',(0.E0,0.E0,1.E0));
#15644=AXIS2_PLACEMENT_3D('',#15641,#15642,#15643);
#15645=PLANE('',#15644);
#15646=ORIENTED_EDGE('',*,*,#15126,.T.);
#15647=ORIENTED_EDGE('',*,*,#15173,.F.);
#15648=ORIENTED_EDGE('',*,*,#15097,.F.);
#15649=ORIENTED_EDGE('',*,*,#15112,.T.);
#15650=EDGE_LOOP('',(#15646,#15647,#15648,#15649));
#15651=FACE_OUTER_BOUND('',#15650,.F.);
#15652=ADVANCED_FACE('',(#15651),#15645,.T.);
#15653=CARTESIAN_POINT('',(1.2475E0,2.87E-1,-2.6E-1));
#15654=DIRECTION('',(0.E0,0.E0,1.E0));
#15655=DIRECTION('',(1.E0,0.E0,0.E0));
#15656=AXIS2_PLACEMENT_3D('',#15653,#15654,#15655);
#15657=PLANE('',#15656);
#15658=ORIENTED_EDGE('',*,*,#14998,.F.);
#15659=ORIENTED_EDGE('',*,*,#14981,.F.);
#15660=ORIENTED_EDGE('',*,*,#11080,.T.);
#15662=ORIENTED_EDGE('',*,*,#15661,.T.);
#15663=EDGE_LOOP('',(#15658,#15659,#15660,#15662));
#15664=FACE_OUTER_BOUND('',#15663,.F.);
#15665=ADVANCED_FACE('',(#15664),#15657,.F.);
#15666=CARTESIAN_POINT('',(1.2475E0,2.87E-1,-4.65E-1));
#15667=DIRECTION('',(-1.E0,0.E0,0.E0));
#15668=DIRECTION('',(0.E0,0.E0,1.E0));
#15669=AXIS2_PLACEMENT_3D('',#15666,#15667,#15668);
#15670=PLANE('',#15669);
#15671=ORIENTED_EDGE('',*,*,#15000,.F.);
#15672=ORIENTED_EDGE('',*,*,#15661,.F.);
#15673=ORIENTED_EDGE('',*,*,#11078,.F.);
#15674=ORIENTED_EDGE('',*,*,#14527,.F.);
#15675=EDGE_LOOP('',(#15671,#15672,#15673,#15674));
#15676=FACE_OUTER_BOUND('',#15675,.F.);
#15677=ADVANCED_FACE('',(#15676),#15670,.F.);
#15678=CARTESIAN_POINT('',(1.3375E0,-2.585E-1,-3.525E-1));
#15679=DIRECTION('',(0.E0,0.E0,-1.E0));
#15680=DIRECTION('',(0.E0,1.E0,0.E0));
#15681=AXIS2_PLACEMENT_3D('',#15678,#15679,#15680);
#15682=PLANE('',#15681);
#15683=ORIENTED_EDGE('',*,*,#14717,.F.);
#15684=ORIENTED_EDGE('',*,*,#14661,.T.);
#15686=ORIENTED_EDGE('',*,*,#15685,.F.);
#15688=ORIENTED_EDGE('',*,*,#15687,.T.);
#15689=EDGE_LOOP('',(#15683,#15684,#15686,#15688));
#15690=FACE_OUTER_BOUND('',#15689,.F.);
#15691=ADVANCED_FACE('',(#15690),#15682,.T.);
#15692=CARTESIAN_POINT('',(1.3375E0,-3.43E-1,-1.6375E-1));
#15693=DIRECTION('',(0.E0,1.E0,0.E0));
#15694=DIRECTION('',(0.E0,0.E0,1.E0));
#15695=AXIS2_PLACEMENT_3D('',#15692,#15693,#15694);
#15696=PLANE('',#15695);
#15697=ORIENTED_EDGE('',*,*,#15685,.T.);
#15698=ORIENTED_EDGE('',*,*,#14659,.T.);
#15700=ORIENTED_EDGE('',*,*,#15699,.F.);
#15702=ORIENTED_EDGE('',*,*,#15701,.F.);
#15703=EDGE_LOOP('',(#15697,#15698,#15700,#15702));
#15704=FACE_OUTER_BOUND('',#15703,.F.);
#15705=ADVANCED_FACE('',(#15704),#15696,.F.);
#15706=CARTESIAN_POINT('',(1.3375E0,-2.585E-1,-3.275E-1));
#15707=DIRECTION('',(0.E0,0.E0,-1.E0));
#15708=DIRECTION('',(0.E0,1.E0,0.E0));
#15709=AXIS2_PLACEMENT_3D('',#15706,#15707,#15708);
#15710=PLANE('',#15709);
#15711=ORIENTED_EDGE('',*,*,#14721,.F.);
#15713=ORIENTED_EDGE('',*,*,#15712,.T.);
#15714=ORIENTED_EDGE('',*,*,#15699,.T.);
#15715=ORIENTED_EDGE('',*,*,#14657,.T.);
#15716=EDGE_LOOP('',(#15711,#15713,#15714,#15715));
#15717=FACE_OUTER_BOUND('',#15716,.F.);
#15718=ADVANCED_FACE('',(#15717),#15710,.F.);
#15719=CARTESIAN_POINT('',(1.346E0,-3.43E-1,-4.525E-1));
#15720=DIRECTION('',(1.E0,0.E0,0.E0));
#15721=DIRECTION('',(0.E0,1.E0,0.E0));
#15722=AXIS2_PLACEMENT_3D('',#15719,#15720,#15721);
#15723=PLANE('',#15722);
#15724=ORIENTED_EDGE('',*,*,#14719,.T.);
#15725=ORIENTED_EDGE('',*,*,#15687,.F.);
#15726=ORIENTED_EDGE('',*,*,#15701,.T.);
#15727=ORIENTED_EDGE('',*,*,#15712,.F.);
#15728=EDGE_LOOP('',(#15724,#15725,#15726,#15727));
#15729=FACE_OUTER_BOUND('',#15728,.F.);
#15730=ADVANCED_FACE('',(#15729),#15723,.T.);
#15731=CARTESIAN_POINT('',(1.0775E0,2.87E-1,-2.6E-1));
#15732=DIRECTION('',(1.E0,0.E0,0.E0));
#15733=DIRECTION('',(0.E0,0.E0,-1.E0));
#15734=AXIS2_PLACEMENT_3D('',#15731,#15732,#15733);
#15735=PLANE('',#15734);
#15737=ORIENTED_EDGE('',*,*,#15736,.F.);
#15738=ORIENTED_EDGE('',*,*,#14530,.T.);
#15739=ORIENTED_EDGE('',*,*,#11074,.T.);
#15741=ORIENTED_EDGE('',*,*,#15740,.T.);
#15742=EDGE_LOOP('',(#15737,#15738,#15739,#15741));
#15743=FACE_OUTER_BOUND('',#15742,.F.);
#15744=ADVANCED_FACE('',(#15743),#15735,.F.);
#15745=CARTESIAN_POINT('',(1.0824E0,2.12E-1,-5.5E-2));
#15746=DIRECTION('',(0.E0,1.E0,0.E0));
#15747=DIRECTION('',(0.E0,0.E0,-1.E0));
#15748=AXIS2_PLACEMENT_3D('',#15745,#15746,#15747);
#15749=PLANE('',#15748);
#15751=ORIENTED_EDGE('',*,*,#15750,.T.);
#15752=ORIENTED_EDGE('',*,*,#11877,.T.);
#15754=ORIENTED_EDGE('',*,*,#15753,.T.);
#15755=ORIENTED_EDGE('',*,*,#14532,.T.);
#15756=ORIENTED_EDGE('',*,*,#15736,.T.);
#15758=ORIENTED_EDGE('',*,*,#15757,.T.);
#15760=ORIENTED_EDGE('',*,*,#15759,.T.);
#15761=ORIENTED_EDGE('',*,*,#14184,.T.);
#15762=EDGE_LOOP('',(#15751,#15752,#15754,#15755,#15756,#15758,#15760,#15761));
#15763=FACE_OUTER_BOUND('',#15762,.F.);
#15764=ADVANCED_FACE('',(#15763),#15749,.F.);
#15765=CARTESIAN_POINT('',(9.926E-1,0.E0,4.65E-1));
#15766=DIRECTION('',(-1.E0,0.E0,0.E0));
#15767=DIRECTION('',(0.E0,0.E0,1.E0));
#15768=AXIS2_PLACEMENT_3D('',#15765,#15766,#15767);
#15769=PLANE('',#15768);
#15771=ORIENTED_EDGE('',*,*,#15770,.T.);
#15773=ORIENTED_EDGE('',*,*,#15772,.T.);
#15775=ORIENTED_EDGE('',*,*,#15774,.F.);
#15777=ORIENTED_EDGE('',*,*,#15776,.F.);
#15778=ORIENTED_EDGE('',*,*,#11879,.T.);
#15779=ORIENTED_EDGE('',*,*,#15750,.F.);
#15780=ORIENTED_EDGE('',*,*,#14182,.T.);
#15782=ORIENTED_EDGE('',*,*,#15781,.T.);
#15783=EDGE_LOOP('',(#15771,#15773,#15775,#15777,#15778,#15779,#15780,#15782));
#15784=FACE_OUTER_BOUND('',#15783,.F.);
#15785=ADVANCED_FACE('',(#15784),#15769,.F.);
#15786=CARTESIAN_POINT('',(9.875E-1,-9.075E-2,-4.525E-1));
#15787=DIRECTION('',(0.E0,0.E0,-1.E0));
#15788=DIRECTION('',(0.E0,-1.E0,0.E0));
#15789=AXIS2_PLACEMENT_3D('',#15786,#15787,#15788);
#15790=PLANE('',#15789);
#15791=ORIENTED_EDGE('',*,*,#15770,.F.);
#15793=ORIENTED_EDGE('',*,*,#15792,.T.);
#15795=ORIENTED_EDGE('',*,*,#15794,.T.);
#15797=ORIENTED_EDGE('',*,*,#15796,.T.);
#15799=ORIENTED_EDGE('',*,*,#15798,.F.);
#15801=ORIENTED_EDGE('',*,*,#15800,.T.);
#15802=EDGE_LOOP('',(#15791,#15793,#15795,#15797,#15799,#15801));
#15803=FACE_OUTER_BOUND('',#15802,.F.);
#15804=ADVANCED_FACE('',(#15803),#15790,.T.);
#15805=CARTESIAN_POINT('',(9.575E-1,-1.68E-1,-4.65E-1));
#15806=DIRECTION('',(0.E0,1.E0,0.E0));
#15807=DIRECTION('',(1.E0,0.E0,0.E0));
#15808=AXIS2_PLACEMENT_3D('',#15805,#15806,#15807);
#15809=PLANE('',#15808);
#15811=ORIENTED_EDGE('',*,*,#15810,.T.);
#15813=ORIENTED_EDGE('',*,*,#15812,.F.);
#15815=ORIENTED_EDGE('',*,*,#15814,.T.);
#15817=ORIENTED_EDGE('',*,*,#15816,.T.);
#15819=ORIENTED_EDGE('',*,*,#15818,.T.);
#15821=ORIENTED_EDGE('',*,*,#15820,.F.);
#15823=ORIENTED_EDGE('',*,*,#15822,.T.);
#15825=ORIENTED_EDGE('',*,*,#15824,.T.);
#15827=ORIENTED_EDGE('',*,*,#15826,.T.);
#15829=ORIENTED_EDGE('',*,*,#15828,.F.);
#15831=ORIENTED_EDGE('',*,*,#15830,.T.);
#15833=ORIENTED_EDGE('',*,*,#15832,.T.);
#15834=ORIENTED_EDGE('',*,*,#15792,.F.);
#15835=ORIENTED_EDGE('',*,*,#15781,.F.);
#15836=ORIENTED_EDGE('',*,*,#14180,.F.);
#15837=ORIENTED_EDGE('',*,*,#14265,.T.);
#15838=ORIENTED_EDGE('',*,*,#14281,.T.);
#15840=ORIENTED_EDGE('',*,*,#15839,.F.);
#15842=ORIENTED_EDGE('',*,*,#15841,.T.);
#15844=ORIENTED_EDGE('',*,*,#15843,.T.);
#15845=EDGE_LOOP('',(#15811,#15813,#15815,#15817,#15819,#15821,#15823,#15825,
#15827,#15829,#15831,#15833,#15834,#15835,#15836,#15837,#15838,#15840,#15842,
#15844));
#15846=FACE_OUTER_BOUND('',#15845,.F.);
#15847=ADVANCED_FACE('',(#15846),#15809,.F.);
#15848=CARTESIAN_POINT('',(1.0875E0,-2.585E-1,-1.525E-1));
#15849=DIRECTION('',(0.E0,0.E0,-1.E0));
#15850=DIRECTION('',(0.E0,1.E0,0.E0));
#15851=AXIS2_PLACEMENT_3D('',#15848,#15849,#15850);
#15852=PLANE('',#15851);
#15853=ORIENTED_EDGE('',*,*,#15810,.F.);
#15855=ORIENTED_EDGE('',*,*,#15854,.T.);
#15857=ORIENTED_EDGE('',*,*,#15856,.T.);
#15859=ORIENTED_EDGE('',*,*,#15858,.T.);
#15860=EDGE_LOOP('',(#15853,#15855,#15857,#15859));
#15861=FACE_OUTER_BOUND('',#15860,.F.);
#15862=ADVANCED_FACE('',(#15861),#15852,.T.);
#15863=CARTESIAN_POINT('',(9.79E-1,1.7E-1,-4.525E-1));
#15864=DIRECTION('',(-1.E0,0.E0,0.E0));
#15865=DIRECTION('',(0.E0,-1.E0,0.E0));
#15866=AXIS2_PLACEMENT_3D('',#15863,#15864,#15865);
#15867=PLANE('',#15866);
#15868=ORIENTED_EDGE('',*,*,#15843,.F.);
#15870=ORIENTED_EDGE('',*,*,#15869,.F.);
#15872=ORIENTED_EDGE('',*,*,#15871,.F.);
#15873=ORIENTED_EDGE('',*,*,#15854,.F.);
#15874=EDGE_LOOP('',(#15868,#15870,#15872,#15873));
#15875=FACE_OUTER_BOUND('',#15874,.F.);
#15876=ADVANCED_FACE('',(#15875),#15867,.T.);
#15877=CARTESIAN_POINT('',(1.0875E0,-2.585E-1,-1.275E-1));
#15878=DIRECTION('',(0.E0,0.E0,-1.E0));
#15879=DIRECTION('',(0.E0,1.E0,0.E0));
#15880=AXIS2_PLACEMENT_3D('',#15877,#15878,#15879);
#15881=PLANE('',#15880);
#15882=ORIENTED_EDGE('',*,*,#15841,.F.);
#15884=ORIENTED_EDGE('',*,*,#15883,.T.);
#15886=ORIENTED_EDGE('',*,*,#15885,.F.);
#15887=ORIENTED_EDGE('',*,*,#15869,.T.);
#15888=EDGE_LOOP('',(#15882,#15884,#15886,#15887));
#15889=FACE_OUTER_BOUND('',#15888,.F.);
#15890=ADVANCED_FACE('',(#15889),#15881,.F.);
#15891=CARTESIAN_POINT('',(9.96E-1,1.7E-1,-4.525E-1));
#15892=DIRECTION('',(-1.E0,0.E0,0.E0));
#15893=DIRECTION('',(0.E0,-1.E0,0.E0));
#15894=AXIS2_PLACEMENT_3D('',#15891,#15892,#15893);
#15895=PLANE('',#15894);
#15896=ORIENTED_EDGE('',*,*,#14279,.T.);
#15898=ORIENTED_EDGE('',*,*,#15897,.F.);
#15900=ORIENTED_EDGE('',*,*,#15899,.F.);
#15902=ORIENTED_EDGE('',*,*,#15901,.T.);
#15904=ORIENTED_EDGE('',*,*,#15903,.T.);
#15906=ORIENTED_EDGE('',*,*,#15905,.T.);
#15908=ORIENTED_EDGE('',*,*,#15907,.F.);
#15910=ORIENTED_EDGE('',*,*,#15909,.F.);
#15911=ORIENTED_EDGE('',*,*,#15798,.T.);
#15913=ORIENTED_EDGE('',*,*,#15912,.T.);
#15915=ORIENTED_EDGE('',*,*,#15914,.F.);
#15916=ORIENTED_EDGE('',*,*,#15828,.T.);
#15918=ORIENTED_EDGE('',*,*,#15917,.F.);
#15920=ORIENTED_EDGE('',*,*,#15919,.T.);
#15922=ORIENTED_EDGE('',*,*,#15921,.F.);
#15923=ORIENTED_EDGE('',*,*,#15820,.T.);
#15925=ORIENTED_EDGE('',*,*,#15924,.F.);
#15927=ORIENTED_EDGE('',*,*,#15926,.T.);
#15929=ORIENTED_EDGE('',*,*,#15928,.F.);
#15930=ORIENTED_EDGE('',*,*,#15812,.T.);
#15931=ORIENTED_EDGE('',*,*,#15858,.F.);
#15933=ORIENTED_EDGE('',*,*,#15932,.T.);
#15934=ORIENTED_EDGE('',*,*,#15883,.F.);
#15935=ORIENTED_EDGE('',*,*,#15839,.T.);
#15936=EDGE_LOOP('',(#15896,#15898,#15900,#15902,#15904,#15906,#15908,#15910,
#15911,#15913,#15915,#15916,#15918,#15920,#15922,#15923,#15925,#15927,#15929,
#15930,#15931,#15933,#15934,#15935));
#15937=FACE_OUTER_BOUND('',#15936,.F.);
#15938=ADVANCED_FACE('',(#15937),#15895,.F.);
#15939=CARTESIAN_POINT('',(1.0775E0,-1.58E-1,-5.58E-1));
#15940=DIRECTION('',(0.E0,-1.E0,0.E0));
#15941=DIRECTION('',(-1.E0,0.E0,0.E0));
#15942=AXIS2_PLACEMENT_3D('',#15939,#15940,#15941);
#15943=PLANE('',#15942);
#15944=ORIENTED_EDGE('',*,*,#14342,.F.);
#15946=ORIENTED_EDGE('',*,*,#15945,.F.);
#15948=ORIENTED_EDGE('',*,*,#15947,.T.);
#15949=ORIENTED_EDGE('',*,*,#11889,.T.);
#15951=ORIENTED_EDGE('',*,*,#15950,.F.);
#15953=ORIENTED_EDGE('',*,*,#15952,.T.);
#15954=ORIENTED_EDGE('',*,*,#15897,.T.);
#15955=ORIENTED_EDGE('',*,*,#14277,.T.);
#15956=EDGE_LOOP('',(#15944,#15946,#15948,#15949,#15951,#15953,#15954,#15955));
#15957=FACE_OUTER_BOUND('',#15956,.F.);
#15958=ADVANCED_FACE('',(#15957),#15943,.F.);
#15959=CARTESIAN_POINT('',(1.0875E0,-9.075E-2,1.25E-1));
#15960=DIRECTION('',(0.E0,0.E0,-1.E0));
#15961=DIRECTION('',(0.E0,1.E0,0.E0));
#15962=AXIS2_PLACEMENT_3D('',#15959,#15960,#15961);
#15963=PLANE('',#15962);
#15965=ORIENTED_EDGE('',*,*,#15964,.F.);
#15966=ORIENTED_EDGE('',*,*,#15945,.T.);
#15967=ORIENTED_EDGE('',*,*,#14340,.T.);
#15969=ORIENTED_EDGE('',*,*,#15968,.F.);
#15970=EDGE_LOOP('',(#15965,#15966,#15967,#15969));
#15971=FACE_OUTER_BOUND('',#15970,.F.);
#15972=ADVANCED_FACE('',(#15971),#15963,.F.);
#15973=CARTESIAN_POINT('',(1.0824E0,0.E0,4.65E-1));
#15974=DIRECTION('',(-1.E0,0.E0,0.E0));
#15975=DIRECTION('',(0.E0,0.E0,1.E0));
#15976=AXIS2_PLACEMENT_3D('',#15973,#15974,#15975);
#15977=PLANE('',#15976);
#15978=ORIENTED_EDGE('',*,*,#15964,.T.);
#15980=ORIENTED_EDGE('',*,*,#15979,.F.);
#15981=ORIENTED_EDGE('',*,*,#11891,.T.);
#15982=ORIENTED_EDGE('',*,*,#15947,.F.);
#15983=EDGE_LOOP('',(#15978,#15980,#15981,#15982));
#15984=FACE_OUTER_BOUND('',#15983,.F.);
#15985=ADVANCED_FACE('',(#15984),#15977,.T.);
#15986=CARTESIAN_POINT('',(1.0875E0,-1.247E-1,2.925E-1));
#15987=DIRECTION('',(0.E0,-9.907833155514E-1,1.354563458276E-1));
#15988=DIRECTION('',(0.E0,-1.354563458276E-1,-9.907833155514E-1));
#15989=AXIS2_PLACEMENT_3D('',#15986,#15987,#15988);
#15990=PLANE('',#15989);
#15991=ORIENTED_EDGE('',*,*,#11893,.F.);
#15992=ORIENTED_EDGE('',*,*,#15979,.T.);
#15993=ORIENTED_EDGE('',*,*,#15968,.T.);
#15994=ORIENTED_EDGE('',*,*,#14338,.F.);
#15996=ORIENTED_EDGE('',*,*,#15995,.F.);
#15998=ORIENTED_EDGE('',*,*,#15997,.T.);
#15999=EDGE_LOOP('',(#15991,#15992,#15993,#15994,#15996,#15998));
#16000=FACE_OUTER_BOUND('',#15999,.F.);
#16001=ADVANCED_FACE('',(#16000),#15990,.T.);
#16002=CARTESIAN_POINT('',(1.0875E0,1.2E-3,4.6E-1));
#16003=DIRECTION('',(0.E0,0.E0,1.E0));
#16004=DIRECTION('',(0.E0,-1.E0,0.E0));
#16005=AXIS2_PLACEMENT_3D('',#16002,#16003,#16004);
#16006=PLANE('',#16005);
#16008=ORIENTED_EDGE('',*,*,#16007,.T.);
#16009=ORIENTED_EDGE('',*,*,#15995,.T.);
#16010=ORIENTED_EDGE('',*,*,#14336,.F.);
#16012=ORIENTED_EDGE('',*,*,#16011,.F.);
#16013=EDGE_LOOP('',(#16008,#16009,#16010,#16012));
#16014=FACE_OUTER_BOUND('',#16013,.F.);
#16015=ADVANCED_FACE('',(#16014),#16006,.T.);
#16016=CARTESIAN_POINT('',(1.096E0,-3.43E-1,-4.525E-1));
#16017=DIRECTION('',(1.E0,0.E0,0.E0));
#16018=DIRECTION('',(0.E0,1.E0,0.E0));
#16019=AXIS2_PLACEMENT_3D('',#16016,#16017,#16018);
#16020=PLANE('',#16019);
#16021=ORIENTED_EDGE('',*,*,#11871,.F.);
#16022=ORIENTED_EDGE('',*,*,#15997,.F.);
#16023=ORIENTED_EDGE('',*,*,#16007,.F.);
#16025=ORIENTED_EDGE('',*,*,#16024,.F.);
#16026=EDGE_LOOP('',(#16021,#16022,#16023,#16025));
#16027=FACE_OUTER_BOUND('',#16026,.F.);
#16028=ADVANCED_FACE('',(#16027),#16020,.T.);
#16029=CARTESIAN_POINT('',(1.0875E0,1.271E-1,2.925E-1));
#16030=DIRECTION('',(0.E0,9.907833155514E-1,1.354563458276E-1));
#16031=DIRECTION('',(0.E0,-1.354563458276E-1,9.907833155514E-1));
#16032=AXIS2_PLACEMENT_3D('',#16029,#16030,#16031);
#16033=PLANE('',#16032);
#16034=ORIENTED_EDGE('',*,*,#11873,.T.);
#16035=ORIENTED_EDGE('',*,*,#16024,.T.);
#16036=ORIENTED_EDGE('',*,*,#16011,.T.);
#16037=ORIENTED_EDGE('',*,*,#14334,.F.);
#16039=ORIENTED_EDGE('',*,*,#16038,.F.);
#16041=ORIENTED_EDGE('',*,*,#16040,.F.);
#16042=EDGE_LOOP('',(#16034,#16035,#16036,#16037,#16039,#16041));
#16043=FACE_OUTER_BOUND('',#16042,.F.);
#16044=ADVANCED_FACE('',(#16043),#16033,.T.);
#16045=CARTESIAN_POINT('',(1.0875E0,-9.075E-2,1.25E-1));
#16046=DIRECTION('',(0.E0,0.E0,-1.E0));
#16047=DIRECTION('',(0.E0,1.E0,0.E0));
#16048=AXIS2_PLACEMENT_3D('',#16045,#16046,#16047);
#16049=PLANE('',#16048);
#16051=ORIENTED_EDGE('',*,*,#16050,.F.);
#16052=ORIENTED_EDGE('',*,*,#16038,.T.);
#16053=ORIENTED_EDGE('',*,*,#14332,.T.);
#16055=ORIENTED_EDGE('',*,*,#16054,.T.);
#16056=EDGE_LOOP('',(#16051,#16052,#16053,#16055));
#16057=FACE_OUTER_BOUND('',#16056,.F.);
#16058=ADVANCED_FACE('',(#16057),#16049,.F.);
#16059=CARTESIAN_POINT('',(1.0824E0,0.E0,4.65E-1));
#16060=DIRECTION('',(-1.E0,0.E0,0.E0));
#16061=DIRECTION('',(0.E0,0.E0,1.E0));
#16062=AXIS2_PLACEMENT_3D('',#16059,#16060,#16061);
#16063=PLANE('',#16062);
#16065=ORIENTED_EDGE('',*,*,#16064,.F.);
#16066=ORIENTED_EDGE('',*,*,#14367,.F.);
#16067=ORIENTED_EDGE('',*,*,#14534,.T.);
#16068=ORIENTED_EDGE('',*,*,#15753,.F.);
#16069=ORIENTED_EDGE('',*,*,#11875,.T.);
#16070=ORIENTED_EDGE('',*,*,#16040,.T.);
#16071=ORIENTED_EDGE('',*,*,#16050,.T.);
#16073=ORIENTED_EDGE('',*,*,#16072,.F.);
#16074=EDGE_LOOP('',(#16065,#16066,#16067,#16068,#16069,#16070,#16071,#16073));
#16075=FACE_OUTER_BOUND('',#16074,.F.);
#16076=ADVANCED_FACE('',(#16075),#16063,.T.);
#16077=CARTESIAN_POINT('',(1.0875E0,-9.075E-2,-4.525E-1));
#16078=DIRECTION('',(0.E0,0.E0,-1.E0));
#16079=DIRECTION('',(0.E0,1.E0,0.E0));
#16080=AXIS2_PLACEMENT_3D('',#16077,#16078,#16079);
#16081=PLANE('',#16080);
#16082=ORIENTED_EDGE('',*,*,#16064,.T.);
#16084=ORIENTED_EDGE('',*,*,#16083,.F.);
#16085=ORIENTED_EDGE('',*,*,#14328,.F.);
#16087=ORIENTED_EDGE('',*,*,#16086,.F.);
#16089=ORIENTED_EDGE('',*,*,#16088,.T.);
#16090=ORIENTED_EDGE('',*,*,#14369,.F.);
#16091=EDGE_LOOP('',(#16082,#16084,#16085,#16087,#16089,#16090));
#16092=FACE_OUTER_BOUND('',#16091,.F.);
#16093=ADVANCED_FACE('',(#16092),#16081,.T.);
#16094=CARTESIAN_POINT('',(1.0875E0,1.53E-1,-1.6375E-1));
#16095=DIRECTION('',(0.E0,-1.E0,0.E0));
#16096=DIRECTION('',(0.E0,0.E0,1.E0));
#16097=AXIS2_PLACEMENT_3D('',#16094,#16095,#16096);
#16098=PLANE('',#16097);
#16099=ORIENTED_EDGE('',*,*,#16072,.T.);
#16100=ORIENTED_EDGE('',*,*,#16054,.F.);
#16101=ORIENTED_EDGE('',*,*,#14330,.F.);
#16102=ORIENTED_EDGE('',*,*,#16083,.T.);
#16103=EDGE_LOOP('',(#16099,#16100,#16101,#16102));
#16104=FACE_OUTER_BOUND('',#16103,.F.);
#16105=ADVANCED_FACE('',(#16104),#16098,.F.);
#16106=CARTESIAN_POINT('',(1.0875E0,-3.43E-1,-1.6375E-1));
#16107=DIRECTION('',(0.E0,1.E0,0.E0));
#16108=DIRECTION('',(0.E0,0.E0,1.E0));
#16109=AXIS2_PLACEMENT_3D('',#16106,#16107,#16108);
#16110=PLANE('',#16109);
#16112=ORIENTED_EDGE('',*,*,#16111,.F.);
#16114=ORIENTED_EDGE('',*,*,#16113,.F.);
#16115=ORIENTED_EDGE('',*,*,#16086,.T.);
#16116=ORIENTED_EDGE('',*,*,#14326,.T.);
#16117=EDGE_LOOP('',(#16112,#16114,#16115,#16116));
#16118=FACE_OUTER_BOUND('',#16117,.F.);
#16119=ADVANCED_FACE('',(#16118),#16110,.F.);
#16120=CARTESIAN_POINT('',(1.0875E0,-2.585E-1,-4.275E-1));
#16121=DIRECTION('',(0.E0,0.E0,-1.E0));
#16122=DIRECTION('',(0.E0,1.E0,0.E0));
#16123=AXIS2_PLACEMENT_3D('',#16120,#16121,#16122);
#16124=PLANE('',#16123);
#16125=ORIENTED_EDGE('',*,*,#14373,.F.);
#16127=ORIENTED_EDGE('',*,*,#16126,.T.);
#16128=ORIENTED_EDGE('',*,*,#16111,.T.);
#16129=ORIENTED_EDGE('',*,*,#14324,.T.);
#16130=EDGE_LOOP('',(#16125,#16127,#16128,#16129));
#16131=FACE_OUTER_BOUND('',#16130,.F.);
#16132=ADVANCED_FACE('',(#16131),#16124,.F.);
#16133=CARTESIAN_POINT('',(1.096E0,-3.43E-1,-4.525E-1));
#16134=DIRECTION('',(1.E0,0.E0,0.E0));
#16135=DIRECTION('',(0.E0,1.E0,0.E0));
#16136=AXIS2_PLACEMENT_3D('',#16133,#16134,#16135);
#16137=PLANE('',#16136);
#16138=ORIENTED_EDGE('',*,*,#14371,.T.);
#16139=ORIENTED_EDGE('',*,*,#16088,.F.);
#16140=ORIENTED_EDGE('',*,*,#16113,.T.);
#16141=ORIENTED_EDGE('',*,*,#16126,.F.);
#16142=EDGE_LOOP('',(#16138,#16139,#16140,#16141));
#16143=FACE_OUTER_BOUND('',#16142,.F.);
#16144=ADVANCED_FACE('',(#16143),#16137,.T.);
#16145=CARTESIAN_POINT('',(9.926E-1,0.E0,4.65E-1));
#16146=DIRECTION('',(-1.E0,0.E0,0.E0));
#16147=DIRECTION('',(0.E0,0.E0,1.E0));
#16148=AXIS2_PLACEMENT_3D('',#16145,#16146,#16147);
#16149=PLANE('',#16148);
#16151=ORIENTED_EDGE('',*,*,#16150,.F.);
#16152=ORIENTED_EDGE('',*,*,#15950,.T.);
#16153=ORIENTED_EDGE('',*,*,#11887,.T.);
#16155=ORIENTED_EDGE('',*,*,#16154,.T.);
#16156=EDGE_LOOP('',(#16151,#16152,#16153,#16155));
#16157=FACE_OUTER_BOUND('',#16156,.F.);
#16158=ADVANCED_FACE('',(#16157),#16149,.F.);
#16159=CARTESIAN_POINT('',(9.875E-1,-9.075E-2,1.25E-1));
#16160=DIRECTION('',(0.E0,0.E0,-1.E0));
#16161=DIRECTION('',(0.E0,-1.E0,0.E0));
#16162=AXIS2_PLACEMENT_3D('',#16159,#16160,#16161);
#16163=PLANE('',#16162);
#16164=ORIENTED_EDGE('',*,*,#16150,.T.);
#16166=ORIENTED_EDGE('',*,*,#16165,.T.);
#16167=ORIENTED_EDGE('',*,*,#15899,.T.);
#16168=ORIENTED_EDGE('',*,*,#15952,.F.);
#16169=EDGE_LOOP('',(#16164,#16166,#16167,#16168));
#16170=FACE_OUTER_BOUND('',#16169,.F.);
#16171=ADVANCED_FACE('',(#16170),#16163,.F.);
#16172=CARTESIAN_POINT('',(9.875E-1,-1.247E-1,2.925E-1));
#16173=DIRECTION('',(0.E0,-9.907833155514E-1,1.354563458276E-1));
#16174=DIRECTION('',(0.E0,1.354563458276E-1,9.907833155514E-1));
#16175=AXIS2_PLACEMENT_3D('',#16172,#16173,#16174);
#16176=PLANE('',#16175);
#16177=ORIENTED_EDGE('',*,*,#11885,.T.);
#16179=ORIENTED_EDGE('',*,*,#16178,.T.);
#16181=ORIENTED_EDGE('',*,*,#16180,.T.);
#16182=ORIENTED_EDGE('',*,*,#15901,.F.);
#16183=ORIENTED_EDGE('',*,*,#16165,.F.);
#16184=ORIENTED_EDGE('',*,*,#16154,.F.);
#16185=EDGE_LOOP('',(#16177,#16179,#16181,#16182,#16183,#16184));
#16186=FACE_OUTER_BOUND('',#16185,.F.);
#16187=ADVANCED_FACE('',(#16186),#16176,.T.);
#16188=CARTESIAN_POINT('',(9.79E-1,1.7E-1,-4.525E-1));
#16189=DIRECTION('',(-1.E0,0.E0,0.E0));
#16190=DIRECTION('',(0.E0,-1.E0,0.E0));
#16191=AXIS2_PLACEMENT_3D('',#16188,#16189,#16190);
#16192=PLANE('',#16191);
#16193=ORIENTED_EDGE('',*,*,#11883,.T.);
#16195=ORIENTED_EDGE('',*,*,#16194,.F.);
#16197=ORIENTED_EDGE('',*,*,#16196,.F.);
#16198=ORIENTED_EDGE('',*,*,#16178,.F.);
#16199=EDGE_LOOP('',(#16193,#16195,#16197,#16198));
#16200=FACE_OUTER_BOUND('',#16199,.F.);
#16201=ADVANCED_FACE('',(#16200),#16192,.T.);
#16202=CARTESIAN_POINT('',(9.875E-1,1.271E-1,2.925E-1));
#16203=DIRECTION('',(0.E0,9.907833155514E-1,1.354563458276E-1));
#16204=DIRECTION('',(0.E0,1.354563458276E-1,-9.907833155514E-1));
#16205=AXIS2_PLACEMENT_3D('',#16202,#16203,#16204);
#16206=PLANE('',#16205);
#16207=ORIENTED_EDGE('',*,*,#11881,.F.);
#16208=ORIENTED_EDGE('',*,*,#15776,.T.);
#16210=ORIENTED_EDGE('',*,*,#16209,.T.);
#16211=ORIENTED_EDGE('',*,*,#15905,.F.);
#16213=ORIENTED_EDGE('',*,*,#16212,.F.);
#16214=ORIENTED_EDGE('',*,*,#16194,.T.);
#16215=EDGE_LOOP('',(#16207,#16208,#16210,#16211,#16213,#16214));
#16216=FACE_OUTER_BOUND('',#16215,.F.);
#16217=ADVANCED_FACE('',(#16216),#16206,.T.);
#16218=CARTESIAN_POINT('',(9.875E-1,-9.075E-2,1.25E-1));
#16219=DIRECTION('',(0.E0,0.E0,-1.E0));
#16220=DIRECTION('',(0.E0,-1.E0,0.E0));
#16221=AXIS2_PLACEMENT_3D('',#16218,#16219,#16220);
#16222=PLANE('',#16221);
#16223=ORIENTED_EDGE('',*,*,#15774,.T.);
#16225=ORIENTED_EDGE('',*,*,#16224,.F.);
#16226=ORIENTED_EDGE('',*,*,#15907,.T.);
#16227=ORIENTED_EDGE('',*,*,#16209,.F.);
#16228=EDGE_LOOP('',(#16223,#16225,#16226,#16227));
#16229=FACE_OUTER_BOUND('',#16228,.F.);
#16230=ADVANCED_FACE('',(#16229),#16222,.F.);
#16231=CARTESIAN_POINT('',(9.875E-1,1.53E-1,-1.6375E-1));
#16232=DIRECTION('',(0.E0,1.E0,0.E0));
#16233=DIRECTION('',(0.E0,0.E0,1.E0));
#16234=AXIS2_PLACEMENT_3D('',#16231,#16232,#16233);
#16235=PLANE('',#16234);
#16236=ORIENTED_EDGE('',*,*,#15772,.F.);
#16237=ORIENTED_EDGE('',*,*,#15800,.F.);
#16238=ORIENTED_EDGE('',*,*,#15909,.T.);
#16239=ORIENTED_EDGE('',*,*,#16224,.T.);
#16240=EDGE_LOOP('',(#16236,#16237,#16238,#16239));
#16241=FACE_OUTER_BOUND('',#16240,.F.);
#16242=ADVANCED_FACE('',(#16241),#16235,.T.);
#16243=CARTESIAN_POINT('',(9.875E-1,1.2E-3,4.6E-1));
#16244=DIRECTION('',(0.E0,0.E0,1.E0));
#16245=DIRECTION('',(0.E0,1.E0,0.E0));
#16246=AXIS2_PLACEMENT_3D('',#16243,#16244,#16245);
#16247=PLANE('',#16246);
#16248=ORIENTED_EDGE('',*,*,#16196,.T.);
#16249=ORIENTED_EDGE('',*,*,#16212,.T.);
#16250=ORIENTED_EDGE('',*,*,#15903,.F.);
#16251=ORIENTED_EDGE('',*,*,#16180,.F.);
#16252=EDGE_LOOP('',(#16248,#16249,#16250,#16251));
#16253=FACE_OUTER_BOUND('',#16252,.F.);
#16254=ADVANCED_FACE('',(#16253),#16247,.T.);
#16255=CARTESIAN_POINT('',(9.875E-1,-3.43E-1,-1.6375E-1));
#16256=DIRECTION('',(0.E0,-1.E0,0.E0));
#16257=DIRECTION('',(0.E0,0.E0,1.E0));
#16258=AXIS2_PLACEMENT_3D('',#16255,#16256,#16257);
#16259=PLANE('',#16258);
#16261=ORIENTED_EDGE('',*,*,#16260,.T.);
#16262=ORIENTED_EDGE('',*,*,#15912,.F.);
#16263=ORIENTED_EDGE('',*,*,#15796,.F.);
#16265=ORIENTED_EDGE('',*,*,#16264,.T.);
#16266=EDGE_LOOP('',(#16261,#16262,#16263,#16265));
#16267=FACE_OUTER_BOUND('',#16266,.F.);
#16268=ADVANCED_FACE('',(#16267),#16259,.T.);
#16269=CARTESIAN_POINT('',(1.0875E0,-2.585E-1,-4.275E-1));
#16270=DIRECTION('',(0.E0,0.E0,-1.E0));
#16271=DIRECTION('',(0.E0,1.E0,0.E0));
#16272=AXIS2_PLACEMENT_3D('',#16269,#16270,#16271);
#16273=PLANE('',#16272);
#16274=ORIENTED_EDGE('',*,*,#15830,.F.);
#16275=ORIENTED_EDGE('',*,*,#15914,.T.);
#16276=ORIENTED_EDGE('',*,*,#16260,.F.);
#16278=ORIENTED_EDGE('',*,*,#16277,.T.);
#16279=EDGE_LOOP('',(#16274,#16275,#16276,#16278));
#16280=FACE_OUTER_BOUND('',#16279,.F.);
#16281=ADVANCED_FACE('',(#16280),#16273,.F.);
#16282=CARTESIAN_POINT('',(9.79E-1,1.7E-1,-4.525E-1));
#16283=DIRECTION('',(-1.E0,0.E0,0.E0));
#16284=DIRECTION('',(0.E0,-1.E0,0.E0));
#16285=AXIS2_PLACEMENT_3D('',#16282,#16283,#16284);
#16286=PLANE('',#16285);
#16287=ORIENTED_EDGE('',*,*,#15832,.F.);
#16288=ORIENTED_EDGE('',*,*,#16277,.F.);
#16289=ORIENTED_EDGE('',*,*,#16264,.F.);
#16290=ORIENTED_EDGE('',*,*,#15794,.F.);
#16291=EDGE_LOOP('',(#16287,#16288,#16289,#16290));
#16292=FACE_OUTER_BOUND('',#16291,.F.);
#16293=ADVANCED_FACE('',(#16292),#16286,.T.);
#16294=CARTESIAN_POINT('',(1.0875E0,-2.585E-1,-3.525E-1));
#16295=DIRECTION('',(0.E0,0.E0,-1.E0));
#16296=DIRECTION('',(0.E0,1.E0,0.E0));
#16297=AXIS2_PLACEMENT_3D('',#16294,#16295,#16296);
#16298=PLANE('',#16297);
#16299=ORIENTED_EDGE('',*,*,#15826,.F.);
#16301=ORIENTED_EDGE('',*,*,#16300,.T.);
#16303=ORIENTED_EDGE('',*,*,#16302,.T.);
#16304=ORIENTED_EDGE('',*,*,#15917,.T.);
#16305=EDGE_LOOP('',(#16299,#16301,#16303,#16304));
#16306=FACE_OUTER_BOUND('',#16305,.F.);
#16307=ADVANCED_FACE('',(#16306),#16298,.T.);
#16308=CARTESIAN_POINT('',(9.79E-1,1.7E-1,-4.525E-1));
#16309=DIRECTION('',(-1.E0,0.E0,0.E0));
#16310=DIRECTION('',(0.E0,-1.E0,0.E0));
#16311=AXIS2_PLACEMENT_3D('',#16308,#16309,#16310);
#16312=PLANE('',#16311);
#16313=ORIENTED_EDGE('',*,*,#15824,.F.);
#16315=ORIENTED_EDGE('',*,*,#16314,.F.);
#16317=ORIENTED_EDGE('',*,*,#16316,.F.);
#16318=ORIENTED_EDGE('',*,*,#16300,.F.);
#16319=EDGE_LOOP('',(#16313,#16315,#16317,#16318));
#16320=FACE_OUTER_BOUND('',#16319,.F.);
#16321=ADVANCED_FACE('',(#16320),#16312,.T.);
#16322=CARTESIAN_POINT('',(1.0875E0,-2.585E-1,-3.275E-1));
#16323=DIRECTION('',(0.E0,0.E0,-1.E0));
#16324=DIRECTION('',(0.E0,1.E0,0.E0));
#16325=AXIS2_PLACEMENT_3D('',#16322,#16323,#16324);
#16326=PLANE('',#16325);
#16327=ORIENTED_EDGE('',*,*,#15822,.F.);
#16328=ORIENTED_EDGE('',*,*,#15921,.T.);
#16330=ORIENTED_EDGE('',*,*,#16329,.F.);
#16331=ORIENTED_EDGE('',*,*,#16314,.T.);
#16332=EDGE_LOOP('',(#16327,#16328,#16330,#16331));
#16333=FACE_OUTER_BOUND('',#16332,.F.);
#16334=ADVANCED_FACE('',(#16333),#16326,.F.);
#16335=CARTESIAN_POINT('',(9.875E-1,-3.43E-1,-1.6375E-1));
#16336=DIRECTION('',(0.E0,-1.E0,0.E0));
#16337=DIRECTION('',(0.E0,0.E0,1.E0));
#16338=AXIS2_PLACEMENT_3D('',#16335,#16336,#16337);
#16339=PLANE('',#16338);
#16340=ORIENTED_EDGE('',*,*,#16329,.T.);
#16341=ORIENTED_EDGE('',*,*,#15919,.F.);
#16342=ORIENTED_EDGE('',*,*,#16302,.F.);
#16343=ORIENTED_EDGE('',*,*,#16316,.T.);
#16344=EDGE_LOOP('',(#16340,#16341,#16342,#16343));
#16345=FACE_OUTER_BOUND('',#16344,.F.);
#16346=ADVANCED_FACE('',(#16345),#16339,.T.);
#16347=CARTESIAN_POINT('',(1.0875E0,-2.585E-1,-2.525E-1));
#16348=DIRECTION('',(0.E0,0.E0,-1.E0));
#16349=DIRECTION('',(0.E0,1.E0,0.E0));
#16350=AXIS2_PLACEMENT_3D('',#16347,#16348,#16349);
#16351=PLANE('',#16350);
#16352=ORIENTED_EDGE('',*,*,#15818,.F.);
#16354=ORIENTED_EDGE('',*,*,#16353,.T.);
#16356=ORIENTED_EDGE('',*,*,#16355,.T.);
#16357=ORIENTED_EDGE('',*,*,#15924,.T.);
#16358=EDGE_LOOP('',(#16352,#16354,#16356,#16357));
#16359=FACE_OUTER_BOUND('',#16358,.F.);
#16360=ADVANCED_FACE('',(#16359),#16351,.T.);
#16361=CARTESIAN_POINT('',(9.79E-1,1.7E-1,-4.525E-1));
#16362=DIRECTION('',(-1.E0,0.E0,0.E0));
#16363=DIRECTION('',(0.E0,-1.E0,0.E0));
#16364=AXIS2_PLACEMENT_3D('',#16361,#16362,#16363);
#16365=PLANE('',#16364);
#16366=ORIENTED_EDGE('',*,*,#15816,.F.);
#16368=ORIENTED_EDGE('',*,*,#16367,.F.);
#16370=ORIENTED_EDGE('',*,*,#16369,.F.);
#16371=ORIENTED_EDGE('',*,*,#16353,.F.);
#16372=EDGE_LOOP('',(#16366,#16368,#16370,#16371));
#16373=FACE_OUTER_BOUND('',#16372,.F.);
#16374=ADVANCED_FACE('',(#16373),#16365,.T.);
#16375=CARTESIAN_POINT('',(1.0875E0,-2.585E-1,-2.275E-1));
#16376=DIRECTION('',(0.E0,0.E0,-1.E0));
#16377=DIRECTION('',(0.E0,1.E0,0.E0));
#16378=AXIS2_PLACEMENT_3D('',#16375,#16376,#16377);
#16379=PLANE('',#16378);
#16380=ORIENTED_EDGE('',*,*,#15814,.F.);
#16381=ORIENTED_EDGE('',*,*,#15928,.T.);
#16383=ORIENTED_EDGE('',*,*,#16382,.F.);
#16384=ORIENTED_EDGE('',*,*,#16367,.T.);
#16385=EDGE_LOOP('',(#16380,#16381,#16383,#16384));
#16386=FACE_OUTER_BOUND('',#16385,.F.);
#16387=ADVANCED_FACE('',(#16386),#16379,.F.);
#16388=CARTESIAN_POINT('',(9.875E-1,-3.43E-1,-1.6375E-1));
#16389=DIRECTION('',(0.E0,-1.E0,0.E0));
#16390=DIRECTION('',(0.E0,0.E0,1.E0));
#16391=AXIS2_PLACEMENT_3D('',#16388,#16389,#16390);
#16392=PLANE('',#16391);
#16393=ORIENTED_EDGE('',*,*,#16382,.T.);
#16394=ORIENTED_EDGE('',*,*,#15926,.F.);
#16395=ORIENTED_EDGE('',*,*,#16355,.F.);
#16396=ORIENTED_EDGE('',*,*,#16369,.T.);
#16397=EDGE_LOOP('',(#16393,#16394,#16395,#16396));
#16398=FACE_OUTER_BOUND('',#16397,.F.);
#16399=ADVANCED_FACE('',(#16398),#16392,.T.);
#16400=CARTESIAN_POINT('',(9.875E-1,-3.43E-1,-1.6375E-1));
#16401=DIRECTION('',(0.E0,-1.E0,0.E0));
#16402=DIRECTION('',(0.E0,0.E0,1.E0));
#16403=AXIS2_PLACEMENT_3D('',#16400,#16401,#16402);
#16404=PLANE('',#16403);
#16405=ORIENTED_EDGE('',*,*,#15885,.T.);
#16406=ORIENTED_EDGE('',*,*,#15932,.F.);
#16407=ORIENTED_EDGE('',*,*,#15856,.F.);
#16408=ORIENTED_EDGE('',*,*,#15871,.T.);
#16409=EDGE_LOOP('',(#16405,#16406,#16407,#16408));
#16410=FACE_OUTER_BOUND('',#16409,.F.);
#16411=ADVANCED_FACE('',(#16410),#16404,.T.);
#16412=CARTESIAN_POINT('',(9.975E-1,2.87E-1,-2.6E-1));
#16413=DIRECTION('',(0.E0,0.E0,1.E0));
#16414=DIRECTION('',(1.E0,0.E0,0.E0));
#16415=AXIS2_PLACEMENT_3D('',#16412,#16413,#16414);
#16416=PLANE('',#16415);
#16417=ORIENTED_EDGE('',*,*,#15757,.F.);
#16418=ORIENTED_EDGE('',*,*,#15740,.F.);
#16419=ORIENTED_EDGE('',*,*,#11072,.T.);
#16421=ORIENTED_EDGE('',*,*,#16420,.T.);
#16422=EDGE_LOOP('',(#16417,#16418,#16419,#16421));
#16423=FACE_OUTER_BOUND('',#16422,.F.);
#16424=ADVANCED_FACE('',(#16423),#16416,.F.);
#16425=CARTESIAN_POINT('',(9.975E-1,2.87E-1,-4.65E-1));
#16426=DIRECTION('',(-1.E0,0.E0,0.E0));
#16427=DIRECTION('',(0.E0,0.E0,1.E0));
#16428=AXIS2_PLACEMENT_3D('',#16425,#16426,#16427);
#16429=PLANE('',#16428);
#16430=ORIENTED_EDGE('',*,*,#15759,.F.);
#16431=ORIENTED_EDGE('',*,*,#16420,.F.);
#16432=ORIENTED_EDGE('',*,*,#11070,.F.);
#16433=ORIENTED_EDGE('',*,*,#14186,.F.);
#16434=EDGE_LOOP('',(#16430,#16431,#16432,#16433));
#16435=FACE_OUTER_BOUND('',#16434,.F.);
#16436=ADVANCED_FACE('',(#16435),#16429,.F.);
#16437=CARTESIAN_POINT('',(1.0875E0,-2.585E-1,-3.525E-1));
#16438=DIRECTION('',(0.E0,0.E0,-1.E0));
#16439=DIRECTION('',(0.E0,1.E0,0.E0));
#16440=AXIS2_PLACEMENT_3D('',#16437,#16438,#16439);
#16441=PLANE('',#16440);
#16442=ORIENTED_EDGE('',*,*,#14376,.F.);
#16443=ORIENTED_EDGE('',*,*,#14320,.T.);
#16445=ORIENTED_EDGE('',*,*,#16444,.F.);
#16447=ORIENTED_EDGE('',*,*,#16446,.T.);
#16448=EDGE_LOOP('',(#16442,#16443,#16445,#16447));
#16449=FACE_OUTER_BOUND('',#16448,.F.);
#16450=ADVANCED_FACE('',(#16449),#16441,.T.);
#16451=CARTESIAN_POINT('',(1.0875E0,-3.43E-1,-1.6375E-1));
#16452=DIRECTION('',(0.E0,1.E0,0.E0));
#16453=DIRECTION('',(0.E0,0.E0,1.E0));
#16454=AXIS2_PLACEMENT_3D('',#16451,#16452,#16453);
#16455=PLANE('',#16454);
#16456=ORIENTED_EDGE('',*,*,#16444,.T.);
#16457=ORIENTED_EDGE('',*,*,#14318,.T.);
#16459=ORIENTED_EDGE('',*,*,#16458,.F.);
#16461=ORIENTED_EDGE('',*,*,#16460,.F.);
#16462=EDGE_LOOP('',(#16456,#16457,#16459,#16461));
#16463=FACE_OUTER_BOUND('',#16462,.F.);
#16464=ADVANCED_FACE('',(#16463),#16455,.F.);
#16465=CARTESIAN_POINT('',(1.0875E0,-2.585E-1,-3.275E-1));
#16466=DIRECTION('',(0.E0,0.E0,-1.E0));
#16467=DIRECTION('',(0.E0,1.E0,0.E0));
#16468=AXIS2_PLACEMENT_3D('',#16465,#16466,#16467);
#16469=PLANE('',#16468);
#16470=ORIENTED_EDGE('',*,*,#14380,.F.);
#16472=ORIENTED_EDGE('',*,*,#16471,.T.);
#16473=ORIENTED_EDGE('',*,*,#16458,.T.);
#16474=ORIENTED_EDGE('',*,*,#14316,.T.);
#16475=EDGE_LOOP('',(#16470,#16472,#16473,#16474));
#16476=FACE_OUTER_BOUND('',#16475,.F.);
#16477=ADVANCED_FACE('',(#16476),#16469,.F.);
#16478=CARTESIAN_POINT('',(1.096E0,-3.43E-1,-4.525E-1));
#16479=DIRECTION('',(1.E0,0.E0,0.E0));
#16480=DIRECTION('',(0.E0,1.E0,0.E0));
#16481=AXIS2_PLACEMENT_3D('',#16478,#16479,#16480);
#16482=PLANE('',#16481);
#16483=ORIENTED_EDGE('',*,*,#14378,.T.);
#16484=ORIENTED_EDGE('',*,*,#16446,.F.);
#16485=ORIENTED_EDGE('',*,*,#16460,.T.);
#16486=ORIENTED_EDGE('',*,*,#16471,.F.);
#16487=EDGE_LOOP('',(#16483,#16484,#16485,#16486));
#16488=FACE_OUTER_BOUND('',#16487,.F.);
#16489=ADVANCED_FACE('',(#16488),#16482,.T.);
#16490=CARTESIAN_POINT('',(8.275E-1,2.87E-1,-2.6E-1));
#16491=DIRECTION('',(1.E0,0.E0,0.E0));
#16492=DIRECTION('',(0.E0,0.E0,-1.E0));
#16493=AXIS2_PLACEMENT_3D('',#16490,#16491,#16492);
#16494=PLANE('',#16493);
#16496=ORIENTED_EDGE('',*,*,#16495,.F.);
#16497=ORIENTED_EDGE('',*,*,#14189,.T.);
#16498=ORIENTED_EDGE('',*,*,#11066,.T.);
#16500=ORIENTED_EDGE('',*,*,#16499,.T.);
#16501=EDGE_LOOP('',(#16496,#16497,#16498,#16500));
#16502=FACE_OUTER_BOUND('',#16501,.F.);
#16503=ADVANCED_FACE('',(#16502),#16494,.F.);
#16504=CARTESIAN_POINT('',(8.324E-1,2.12E-1,-5.5E-2));
#16505=DIRECTION('',(0.E0,1.E0,0.E0));
#16506=DIRECTION('',(0.E0,0.E0,-1.E0));
#16507=AXIS2_PLACEMENT_3D('',#16504,#16505,#16506);
#16508=PLANE('',#16507);
#16510=ORIENTED_EDGE('',*,*,#16509,.T.);
#16511=ORIENTED_EDGE('',*,*,#11851,.T.);
#16513=ORIENTED_EDGE('',*,*,#16512,.T.);
#16514=ORIENTED_EDGE('',*,*,#14191,.T.);
#16515=ORIENTED_EDGE('',*,*,#16495,.T.);
#16517=ORIENTED_EDGE('',*,*,#16516,.T.);
#16519=ORIENTED_EDGE('',*,*,#16518,.T.);
#16520=ORIENTED_EDGE('',*,*,#13843,.T.);
#16521=EDGE_LOOP('',(#16510,#16511,#16513,#16514,#16515,#16517,#16519,#16520));
#16522=FACE_OUTER_BOUND('',#16521,.F.);
#16523=ADVANCED_FACE('',(#16522),#16508,.F.);
#16524=CARTESIAN_POINT('',(7.426E-1,0.E0,4.65E-1));
#16525=DIRECTION('',(-1.E0,0.E0,0.E0));
#16526=DIRECTION('',(0.E0,0.E0,1.E0));
#16527=AXIS2_PLACEMENT_3D('',#16524,#16525,#16526);
#16528=PLANE('',#16527);
#16530=ORIENTED_EDGE('',*,*,#16529,.T.);
#16532=ORIENTED_EDGE('',*,*,#16531,.T.);
#16534=ORIENTED_EDGE('',*,*,#16533,.F.);
#16536=ORIENTED_EDGE('',*,*,#16535,.F.);
#16537=ORIENTED_EDGE('',*,*,#11853,.T.);
#16538=ORIENTED_EDGE('',*,*,#16509,.F.);
#16539=ORIENTED_EDGE('',*,*,#13841,.T.);
#16541=ORIENTED_EDGE('',*,*,#16540,.T.);
#16542=EDGE_LOOP('',(#16530,#16532,#16534,#16536,#16537,#16538,#16539,#16541));
#16543=FACE_OUTER_BOUND('',#16542,.F.);
#16544=ADVANCED_FACE('',(#16543),#16528,.F.);
#16545=CARTESIAN_POINT('',(7.375E-1,-9.075E-2,-4.525E-1));
#16546=DIRECTION('',(0.E0,0.E0,-1.E0));
#16547=DIRECTION('',(0.E0,-1.E0,0.E0));
#16548=AXIS2_PLACEMENT_3D('',#16545,#16546,#16547);
#16549=PLANE('',#16548);
#16550=ORIENTED_EDGE('',*,*,#16529,.F.);
#16552=ORIENTED_EDGE('',*,*,#16551,.T.);
#16554=ORIENTED_EDGE('',*,*,#16553,.T.);
#16556=ORIENTED_EDGE('',*,*,#16555,.T.);
#16558=ORIENTED_EDGE('',*,*,#16557,.F.);
#16560=ORIENTED_EDGE('',*,*,#16559,.T.);
#16561=EDGE_LOOP('',(#16550,#16552,#16554,#16556,#16558,#16560));
#16562=FACE_OUTER_BOUND('',#16561,.F.);
#16563=ADVANCED_FACE('',(#16562),#16549,.T.);
#16564=CARTESIAN_POINT('',(7.075E-1,-1.68E-1,-4.65E-1));
#16565=DIRECTION('',(0.E0,1.E0,0.E0));
#16566=DIRECTION('',(1.E0,0.E0,0.E0));
#16567=AXIS2_PLACEMENT_3D('',#16564,#16565,#16566);
#16568=PLANE('',#16567);
#16570=ORIENTED_EDGE('',*,*,#16569,.T.);
#16572=ORIENTED_EDGE('',*,*,#16571,.F.);
#16574=ORIENTED_EDGE('',*,*,#16573,.T.);
#16576=ORIENTED_EDGE('',*,*,#16575,.T.);
#16578=ORIENTED_EDGE('',*,*,#16577,.T.);
#16580=ORIENTED_EDGE('',*,*,#16579,.F.);
#16582=ORIENTED_EDGE('',*,*,#16581,.T.);
#16584=ORIENTED_EDGE('',*,*,#16583,.T.);
#16586=ORIENTED_EDGE('',*,*,#16585,.T.);
#16588=ORIENTED_EDGE('',*,*,#16587,.F.);
#16590=ORIENTED_EDGE('',*,*,#16589,.T.);
#16592=ORIENTED_EDGE('',*,*,#16591,.T.);
#16593=ORIENTED_EDGE('',*,*,#16551,.F.);
#16594=ORIENTED_EDGE('',*,*,#16540,.F.);
#16595=ORIENTED_EDGE('',*,*,#13839,.F.);
#16596=ORIENTED_EDGE('',*,*,#13924,.T.);
#16597=ORIENTED_EDGE('',*,*,#13940,.T.);
#16599=ORIENTED_EDGE('',*,*,#16598,.F.);
#16601=ORIENTED_EDGE('',*,*,#16600,.T.);
#16603=ORIENTED_EDGE('',*,*,#16602,.T.);
#16604=EDGE_LOOP('',(#16570,#16572,#16574,#16576,#16578,#16580,#16582,#16584,
#16586,#16588,#16590,#16592,#16593,#16594,#16595,#16596,#16597,#16599,#16601,
#16603));
#16605=FACE_OUTER_BOUND('',#16604,.F.);
#16606=ADVANCED_FACE('',(#16605),#16568,.F.);
#16607=CARTESIAN_POINT('',(8.375E-1,-2.585E-1,-1.525E-1));
#16608=DIRECTION('',(0.E0,0.E0,-1.E0));
#16609=DIRECTION('',(0.E0,1.E0,0.E0));
#16610=AXIS2_PLACEMENT_3D('',#16607,#16608,#16609);
#16611=PLANE('',#16610);
#16612=ORIENTED_EDGE('',*,*,#16569,.F.);
#16614=ORIENTED_EDGE('',*,*,#16613,.T.);
#16616=ORIENTED_EDGE('',*,*,#16615,.T.);
#16618=ORIENTED_EDGE('',*,*,#16617,.T.);
#16619=EDGE_LOOP('',(#16612,#16614,#16616,#16618));
#16620=FACE_OUTER_BOUND('',#16619,.F.);
#16621=ADVANCED_FACE('',(#16620),#16611,.T.);
#16622=CARTESIAN_POINT('',(7.29E-1,1.7E-1,-4.525E-1));
#16623=DIRECTION('',(-1.E0,0.E0,0.E0));
#16624=DIRECTION('',(0.E0,-1.E0,0.E0));
#16625=AXIS2_PLACEMENT_3D('',#16622,#16623,#16624);
#16626=PLANE('',#16625);
#16627=ORIENTED_EDGE('',*,*,#16602,.F.);
#16629=ORIENTED_EDGE('',*,*,#16628,.F.);
#16631=ORIENTED_EDGE('',*,*,#16630,.F.);
#16632=ORIENTED_EDGE('',*,*,#16613,.F.);
#16633=EDGE_LOOP('',(#16627,#16629,#16631,#16632));
#16634=FACE_OUTER_BOUND('',#16633,.F.);
#16635=ADVANCED_FACE('',(#16634),#16626,.T.);
#16636=CARTESIAN_POINT('',(8.375E-1,-2.585E-1,-1.275E-1));
#16637=DIRECTION('',(0.E0,0.E0,-1.E0));
#16638=DIRECTION('',(0.E0,1.E0,0.E0));
#16639=AXIS2_PLACEMENT_3D('',#16636,#16637,#16638);
#16640=PLANE('',#16639);
#16641=ORIENTED_EDGE('',*,*,#16600,.F.);
#16643=ORIENTED_EDGE('',*,*,#16642,.T.);
#16645=ORIENTED_EDGE('',*,*,#16644,.F.);
#16646=ORIENTED_EDGE('',*,*,#16628,.T.);
#16647=EDGE_LOOP('',(#16641,#16643,#16645,#16646));
#16648=FACE_OUTER_BOUND('',#16647,.F.);
#16649=ADVANCED_FACE('',(#16648),#16640,.F.);
#16650=CARTESIAN_POINT('',(7.46E-1,1.7E-1,-4.525E-1));
#16651=DIRECTION('',(-1.E0,0.E0,0.E0));
#16652=DIRECTION('',(0.E0,-1.E0,0.E0));
#16653=AXIS2_PLACEMENT_3D('',#16650,#16651,#16652);
#16654=PLANE('',#16653);
#16655=ORIENTED_EDGE('',*,*,#13938,.T.);
#16657=ORIENTED_EDGE('',*,*,#16656,.F.);
#16659=ORIENTED_EDGE('',*,*,#16658,.F.);
#16661=ORIENTED_EDGE('',*,*,#16660,.T.);
#16663=ORIENTED_EDGE('',*,*,#16662,.T.);
#16665=ORIENTED_EDGE('',*,*,#16664,.T.);
#16667=ORIENTED_EDGE('',*,*,#16666,.F.);
#16669=ORIENTED_EDGE('',*,*,#16668,.F.);
#16670=ORIENTED_EDGE('',*,*,#16557,.T.);
#16672=ORIENTED_EDGE('',*,*,#16671,.T.);
#16674=ORIENTED_EDGE('',*,*,#16673,.F.);
#16675=ORIENTED_EDGE('',*,*,#16587,.T.);
#16677=ORIENTED_EDGE('',*,*,#16676,.F.);
#16679=ORIENTED_EDGE('',*,*,#16678,.T.);
#16681=ORIENTED_EDGE('',*,*,#16680,.F.);
#16682=ORIENTED_EDGE('',*,*,#16579,.T.);
#16684=ORIENTED_EDGE('',*,*,#16683,.F.);
#16686=ORIENTED_EDGE('',*,*,#16685,.T.);
#16688=ORIENTED_EDGE('',*,*,#16687,.F.);
#16689=ORIENTED_EDGE('',*,*,#16571,.T.);
#16690=ORIENTED_EDGE('',*,*,#16617,.F.);
#16692=ORIENTED_EDGE('',*,*,#16691,.T.);
#16693=ORIENTED_EDGE('',*,*,#16642,.F.);
#16694=ORIENTED_EDGE('',*,*,#16598,.T.);
#16695=EDGE_LOOP('',(#16655,#16657,#16659,#16661,#16663,#16665,#16667,#16669,
#16670,#16672,#16674,#16675,#16677,#16679,#16681,#16682,#16684,#16686,#16688,
#16689,#16690,#16692,#16693,#16694));
#16696=FACE_OUTER_BOUND('',#16695,.F.);
#16697=ADVANCED_FACE('',(#16696),#16654,.F.);
#16698=CARTESIAN_POINT('',(8.275E-1,-1.58E-1,-5.58E-1));
#16699=DIRECTION('',(0.E0,-1.E0,0.E0));
#16700=DIRECTION('',(-1.E0,0.E0,0.E0));
#16701=AXIS2_PLACEMENT_3D('',#16698,#16699,#16700);
#16702=PLANE('',#16701);
#16703=ORIENTED_EDGE('',*,*,#14001,.F.);
#16705=ORIENTED_EDGE('',*,*,#16704,.F.);
#16707=ORIENTED_EDGE('',*,*,#16706,.T.);
#16708=ORIENTED_EDGE('',*,*,#11863,.T.);
#16710=ORIENTED_EDGE('',*,*,#16709,.F.);
#16712=ORIENTED_EDGE('',*,*,#16711,.T.);
#16713=ORIENTED_EDGE('',*,*,#16656,.T.);
#16714=ORIENTED_EDGE('',*,*,#13936,.T.);
#16715=EDGE_LOOP('',(#16703,#16705,#16707,#16708,#16710,#16712,#16713,#16714));
#16716=FACE_OUTER_BOUND('',#16715,.F.);
#16717=ADVANCED_FACE('',(#16716),#16702,.F.);
#16718=CARTESIAN_POINT('',(8.375E-1,-9.075E-2,1.25E-1));
#16719=DIRECTION('',(0.E0,0.E0,-1.E0));
#16720=DIRECTION('',(0.E0,1.E0,0.E0));
#16721=AXIS2_PLACEMENT_3D('',#16718,#16719,#16720);
#16722=PLANE('',#16721);
#16724=ORIENTED_EDGE('',*,*,#16723,.F.);
#16725=ORIENTED_EDGE('',*,*,#16704,.T.);
#16726=ORIENTED_EDGE('',*,*,#13999,.T.);
#16728=ORIENTED_EDGE('',*,*,#16727,.F.);
#16729=EDGE_LOOP('',(#16724,#16725,#16726,#16728));
#16730=FACE_OUTER_BOUND('',#16729,.F.);
#16731=ADVANCED_FACE('',(#16730),#16722,.F.);
#16732=CARTESIAN_POINT('',(8.324E-1,0.E0,4.65E-1));
#16733=DIRECTION('',(-1.E0,0.E0,0.E0));
#16734=DIRECTION('',(0.E0,0.E0,1.E0));
#16735=AXIS2_PLACEMENT_3D('',#16732,#16733,#16734);
#16736=PLANE('',#16735);
#16737=ORIENTED_EDGE('',*,*,#16723,.T.);
#16739=ORIENTED_EDGE('',*,*,#16738,.F.);
#16740=ORIENTED_EDGE('',*,*,#11865,.T.);
#16741=ORIENTED_EDGE('',*,*,#16706,.F.);
#16742=EDGE_LOOP('',(#16737,#16739,#16740,#16741));
#16743=FACE_OUTER_BOUND('',#16742,.F.);
#16744=ADVANCED_FACE('',(#16743),#16736,.T.);
#16745=CARTESIAN_POINT('',(8.375E-1,-1.247E-1,2.925E-1));
#16746=DIRECTION('',(0.E0,-9.907833155514E-1,1.354563458276E-1));
#16747=DIRECTION('',(0.E0,-1.354563458276E-1,-9.907833155514E-1));
#16748=AXIS2_PLACEMENT_3D('',#16745,#16746,#16747);
#16749=PLANE('',#16748);
#16750=ORIENTED_EDGE('',*,*,#11867,.F.);
#16751=ORIENTED_EDGE('',*,*,#16738,.T.);
#16752=ORIENTED_EDGE('',*,*,#16727,.T.);
#16753=ORIENTED_EDGE('',*,*,#13997,.F.);
#16755=ORIENTED_EDGE('',*,*,#16754,.F.);
#16757=ORIENTED_EDGE('',*,*,#16756,.T.);
#16758=EDGE_LOOP('',(#16750,#16751,#16752,#16753,#16755,#16757));
#16759=FACE_OUTER_BOUND('',#16758,.F.);
#16760=ADVANCED_FACE('',(#16759),#16749,.T.);
#16761=CARTESIAN_POINT('',(8.375E-1,1.2E-3,4.6E-1));
#16762=DIRECTION('',(0.E0,0.E0,1.E0));
#16763=DIRECTION('',(0.E0,-1.E0,0.E0));
#16764=AXIS2_PLACEMENT_3D('',#16761,#16762,#16763);
#16765=PLANE('',#16764);
#16767=ORIENTED_EDGE('',*,*,#16766,.T.);
#16768=ORIENTED_EDGE('',*,*,#16754,.T.);
#16769=ORIENTED_EDGE('',*,*,#13995,.F.);
#16771=ORIENTED_EDGE('',*,*,#16770,.F.);
#16772=EDGE_LOOP('',(#16767,#16768,#16769,#16771));
#16773=FACE_OUTER_BOUND('',#16772,.F.);
#16774=ADVANCED_FACE('',(#16773),#16765,.T.);
#16775=CARTESIAN_POINT('',(8.46E-1,-3.43E-1,-4.525E-1));
#16776=DIRECTION('',(1.E0,0.E0,0.E0));
#16777=DIRECTION('',(0.E0,1.E0,0.E0));
#16778=AXIS2_PLACEMENT_3D('',#16775,#16776,#16777);
#16779=PLANE('',#16778);
#16780=ORIENTED_EDGE('',*,*,#11845,.F.);
#16781=ORIENTED_EDGE('',*,*,#16756,.F.);
#16782=ORIENTED_EDGE('',*,*,#16766,.F.);
#16784=ORIENTED_EDGE('',*,*,#16783,.F.);
#16785=EDGE_LOOP('',(#16780,#16781,#16782,#16784));
#16786=FACE_OUTER_BOUND('',#16785,.F.);
#16787=ADVANCED_FACE('',(#16786),#16779,.T.);
#16788=CARTESIAN_POINT('',(8.375E-1,1.271E-1,2.925E-1));
#16789=DIRECTION('',(0.E0,9.907833155514E-1,1.354563458276E-1));
#16790=DIRECTION('',(0.E0,-1.354563458276E-1,9.907833155514E-1));
#16791=AXIS2_PLACEMENT_3D('',#16788,#16789,#16790);
#16792=PLANE('',#16791);
#16793=ORIENTED_EDGE('',*,*,#11847,.T.);
#16794=ORIENTED_EDGE('',*,*,#16783,.T.);
#16795=ORIENTED_EDGE('',*,*,#16770,.T.);
#16796=ORIENTED_EDGE('',*,*,#13993,.F.);
#16798=ORIENTED_EDGE('',*,*,#16797,.F.);
#16800=ORIENTED_EDGE('',*,*,#16799,.F.);
#16801=EDGE_LOOP('',(#16793,#16794,#16795,#16796,#16798,#16800));
#16802=FACE_OUTER_BOUND('',#16801,.F.);
#16803=ADVANCED_FACE('',(#16802),#16792,.T.);
#16804=CARTESIAN_POINT('',(8.375E-1,-9.075E-2,1.25E-1));
#16805=DIRECTION('',(0.E0,0.E0,-1.E0));
#16806=DIRECTION('',(0.E0,1.E0,0.E0));
#16807=AXIS2_PLACEMENT_3D('',#16804,#16805,#16806);
#16808=PLANE('',#16807);
#16810=ORIENTED_EDGE('',*,*,#16809,.F.);
#16811=ORIENTED_EDGE('',*,*,#16797,.T.);
#16812=ORIENTED_EDGE('',*,*,#13991,.T.);
#16814=ORIENTED_EDGE('',*,*,#16813,.T.);
#16815=EDGE_LOOP('',(#16810,#16811,#16812,#16814));
#16816=FACE_OUTER_BOUND('',#16815,.F.);
#16817=ADVANCED_FACE('',(#16816),#16808,.F.);
#16818=CARTESIAN_POINT('',(8.324E-1,0.E0,4.65E-1));
#16819=DIRECTION('',(-1.E0,0.E0,0.E0));
#16820=DIRECTION('',(0.E0,0.E0,1.E0));
#16821=AXIS2_PLACEMENT_3D('',#16818,#16819,#16820);
#16822=PLANE('',#16821);
#16824=ORIENTED_EDGE('',*,*,#16823,.F.);
#16825=ORIENTED_EDGE('',*,*,#14026,.F.);
#16826=ORIENTED_EDGE('',*,*,#14193,.T.);
#16827=ORIENTED_EDGE('',*,*,#16512,.F.);
#16828=ORIENTED_EDGE('',*,*,#11849,.T.);
#16829=ORIENTED_EDGE('',*,*,#16799,.T.);
#16830=ORIENTED_EDGE('',*,*,#16809,.T.);
#16832=ORIENTED_EDGE('',*,*,#16831,.F.);
#16833=EDGE_LOOP('',(#16824,#16825,#16826,#16827,#16828,#16829,#16830,#16832));
#16834=FACE_OUTER_BOUND('',#16833,.F.);
#16835=ADVANCED_FACE('',(#16834),#16822,.T.);
#16836=CARTESIAN_POINT('',(8.375E-1,-9.075E-2,-4.525E-1));
#16837=DIRECTION('',(0.E0,0.E0,-1.E0));
#16838=DIRECTION('',(0.E0,1.E0,0.E0));
#16839=AXIS2_PLACEMENT_3D('',#16836,#16837,#16838);
#16840=PLANE('',#16839);
#16841=ORIENTED_EDGE('',*,*,#16823,.T.);
#16843=ORIENTED_EDGE('',*,*,#16842,.F.);
#16844=ORIENTED_EDGE('',*,*,#13987,.F.);
#16846=ORIENTED_EDGE('',*,*,#16845,.F.);
#16848=ORIENTED_EDGE('',*,*,#16847,.T.);
#16849=ORIENTED_EDGE('',*,*,#14028,.F.);
#16850=EDGE_LOOP('',(#16841,#16843,#16844,#16846,#16848,#16849));
#16851=FACE_OUTER_BOUND('',#16850,.F.);
#16852=ADVANCED_FACE('',(#16851),#16840,.T.);
#16853=CARTESIAN_POINT('',(8.375E-1,1.53E-1,-1.6375E-1));
#16854=DIRECTION('',(0.E0,-1.E0,0.E0));
#16855=DIRECTION('',(0.E0,0.E0,1.E0));
#16856=AXIS2_PLACEMENT_3D('',#16853,#16854,#16855);
#16857=PLANE('',#16856);
#16858=ORIENTED_EDGE('',*,*,#16831,.T.);
#16859=ORIENTED_EDGE('',*,*,#16813,.F.);
#16860=ORIENTED_EDGE('',*,*,#13989,.F.);
#16861=ORIENTED_EDGE('',*,*,#16842,.T.);
#16862=EDGE_LOOP('',(#16858,#16859,#16860,#16861));
#16863=FACE_OUTER_BOUND('',#16862,.F.);
#16864=ADVANCED_FACE('',(#16863),#16857,.F.);
#16865=CARTESIAN_POINT('',(8.375E-1,-3.43E-1,-1.6375E-1));
#16866=DIRECTION('',(0.E0,1.E0,0.E0));
#16867=DIRECTION('',(0.E0,0.E0,1.E0));
#16868=AXIS2_PLACEMENT_3D('',#16865,#16866,#16867);
#16869=PLANE('',#16868);
#16871=ORIENTED_EDGE('',*,*,#16870,.F.);
#16873=ORIENTED_EDGE('',*,*,#16872,.F.);
#16874=ORIENTED_EDGE('',*,*,#16845,.T.);
#16875=ORIENTED_EDGE('',*,*,#13985,.T.);
#16876=EDGE_LOOP('',(#16871,#16873,#16874,#16875));
#16877=FACE_OUTER_BOUND('',#16876,.F.);
#16878=ADVANCED_FACE('',(#16877),#16869,.F.);
#16879=CARTESIAN_POINT('',(8.375E-1,-2.585E-1,-4.275E-1));
#16880=DIRECTION('',(0.E0,0.E0,-1.E0));
#16881=DIRECTION('',(0.E0,1.E0,0.E0));
#16882=AXIS2_PLACEMENT_3D('',#16879,#16880,#16881);
#16883=PLANE('',#16882);
#16884=ORIENTED_EDGE('',*,*,#14032,.F.);
#16886=ORIENTED_EDGE('',*,*,#16885,.T.);
#16887=ORIENTED_EDGE('',*,*,#16870,.T.);
#16888=ORIENTED_EDGE('',*,*,#13983,.T.);
#16889=EDGE_LOOP('',(#16884,#16886,#16887,#16888));
#16890=FACE_OUTER_BOUND('',#16889,.F.);
#16891=ADVANCED_FACE('',(#16890),#16883,.F.);
#16892=CARTESIAN_POINT('',(8.46E-1,-3.43E-1,-4.525E-1));
#16893=DIRECTION('',(1.E0,0.E0,0.E0));
#16894=DIRECTION('',(0.E0,1.E0,0.E0));
#16895=AXIS2_PLACEMENT_3D('',#16892,#16893,#16894);
#16896=PLANE('',#16895);
#16897=ORIENTED_EDGE('',*,*,#14030,.T.);
#16898=ORIENTED_EDGE('',*,*,#16847,.F.);
#16899=ORIENTED_EDGE('',*,*,#16872,.T.);
#16900=ORIENTED_EDGE('',*,*,#16885,.F.);
#16901=EDGE_LOOP('',(#16897,#16898,#16899,#16900));
#16902=FACE_OUTER_BOUND('',#16901,.F.);
#16903=ADVANCED_FACE('',(#16902),#16896,.T.);
#16904=CARTESIAN_POINT('',(7.426E-1,0.E0,4.65E-1));
#16905=DIRECTION('',(-1.E0,0.E0,0.E0));
#16906=DIRECTION('',(0.E0,0.E0,1.E0));
#16907=AXIS2_PLACEMENT_3D('',#16904,#16905,#16906);
#16908=PLANE('',#16907);
#16910=ORIENTED_EDGE('',*,*,#16909,.F.);
#16911=ORIENTED_EDGE('',*,*,#16709,.T.);
#16912=ORIENTED_EDGE('',*,*,#11861,.T.);
#16914=ORIENTED_EDGE('',*,*,#16913,.T.);
#16915=EDGE_LOOP('',(#16910,#16911,#16912,#16914));
#16916=FACE_OUTER_BOUND('',#16915,.F.);
#16917=ADVANCED_FACE('',(#16916),#16908,.F.);
#16918=CARTESIAN_POINT('',(7.375E-1,-9.075E-2,1.25E-1));
#16919=DIRECTION('',(0.E0,0.E0,-1.E0));
#16920=DIRECTION('',(0.E0,-1.E0,0.E0));
#16921=AXIS2_PLACEMENT_3D('',#16918,#16919,#16920);
#16922=PLANE('',#16921);
#16923=ORIENTED_EDGE('',*,*,#16909,.T.);
#16925=ORIENTED_EDGE('',*,*,#16924,.T.);
#16926=ORIENTED_EDGE('',*,*,#16658,.T.);
#16927=ORIENTED_EDGE('',*,*,#16711,.F.);
#16928=EDGE_LOOP('',(#16923,#16925,#16926,#16927));
#16929=FACE_OUTER_BOUND('',#16928,.F.);
#16930=ADVANCED_FACE('',(#16929),#16922,.F.);
#16931=CARTESIAN_POINT('',(7.375E-1,-1.247E-1,2.925E-1));
#16932=DIRECTION('',(0.E0,-9.907833155514E-1,1.354563458276E-1));
#16933=DIRECTION('',(0.E0,1.354563458276E-1,9.907833155514E-1));
#16934=AXIS2_PLACEMENT_3D('',#16931,#16932,#16933);
#16935=PLANE('',#16934);
#16936=ORIENTED_EDGE('',*,*,#11859,.T.);
#16938=ORIENTED_EDGE('',*,*,#16937,.T.);
#16940=ORIENTED_EDGE('',*,*,#16939,.T.);
#16941=ORIENTED_EDGE('',*,*,#16660,.F.);
#16942=ORIENTED_EDGE('',*,*,#16924,.F.);
#16943=ORIENTED_EDGE('',*,*,#16913,.F.);
#16944=EDGE_LOOP('',(#16936,#16938,#16940,#16941,#16942,#16943));
#16945=FACE_OUTER_BOUND('',#16944,.F.);
#16946=ADVANCED_FACE('',(#16945),#16935,.T.);
#16947=CARTESIAN_POINT('',(7.29E-1,1.7E-1,-4.525E-1));
#16948=DIRECTION('',(-1.E0,0.E0,0.E0));
#16949=DIRECTION('',(0.E0,-1.E0,0.E0));
#16950=AXIS2_PLACEMENT_3D('',#16947,#16948,#16949);
#16951=PLANE('',#16950);
#16952=ORIENTED_EDGE('',*,*,#11857,.T.);
#16954=ORIENTED_EDGE('',*,*,#16953,.F.);
#16956=ORIENTED_EDGE('',*,*,#16955,.F.);
#16957=ORIENTED_EDGE('',*,*,#16937,.F.);
#16958=EDGE_LOOP('',(#16952,#16954,#16956,#16957));
#16959=FACE_OUTER_BOUND('',#16958,.F.);
#16960=ADVANCED_FACE('',(#16959),#16951,.T.);
#16961=CARTESIAN_POINT('',(7.375E-1,1.271E-1,2.925E-1));
#16962=DIRECTION('',(0.E0,9.907833155514E-1,1.354563458276E-1));
#16963=DIRECTION('',(0.E0,1.354563458276E-1,-9.907833155514E-1));
#16964=AXIS2_PLACEMENT_3D('',#16961,#16962,#16963);
#16965=PLANE('',#16964);
#16966=ORIENTED_EDGE('',*,*,#11855,.F.);
#16967=ORIENTED_EDGE('',*,*,#16535,.T.);
#16969=ORIENTED_EDGE('',*,*,#16968,.T.);
#16970=ORIENTED_EDGE('',*,*,#16664,.F.);
#16972=ORIENTED_EDGE('',*,*,#16971,.F.);
#16973=ORIENTED_EDGE('',*,*,#16953,.T.);
#16974=EDGE_LOOP('',(#16966,#16967,#16969,#16970,#16972,#16973));
#16975=FACE_OUTER_BOUND('',#16974,.F.);
#16976=ADVANCED_FACE('',(#16975),#16965,.T.);
#16977=CARTESIAN_POINT('',(7.375E-1,-9.075E-2,1.25E-1));
#16978=DIRECTION('',(0.E0,0.E0,-1.E0));
#16979=DIRECTION('',(0.E0,-1.E0,0.E0));
#16980=AXIS2_PLACEMENT_3D('',#16977,#16978,#16979);
#16981=PLANE('',#16980);
#16982=ORIENTED_EDGE('',*,*,#16533,.T.);
#16984=ORIENTED_EDGE('',*,*,#16983,.F.);
#16985=ORIENTED_EDGE('',*,*,#16666,.T.);
#16986=ORIENTED_EDGE('',*,*,#16968,.F.);
#16987=EDGE_LOOP('',(#16982,#16984,#16985,#16986));
#16988=FACE_OUTER_BOUND('',#16987,.F.);
#16989=ADVANCED_FACE('',(#16988),#16981,.F.);
#16990=CARTESIAN_POINT('',(7.375E-1,1.53E-1,-1.6375E-1));
#16991=DIRECTION('',(0.E0,1.E0,0.E0));
#16992=DIRECTION('',(0.E0,0.E0,1.E0));
#16993=AXIS2_PLACEMENT_3D('',#16990,#16991,#16992);
#16994=PLANE('',#16993);
#16995=ORIENTED_EDGE('',*,*,#16531,.F.);
#16996=ORIENTED_EDGE('',*,*,#16559,.F.);
#16997=ORIENTED_EDGE('',*,*,#16668,.T.);
#16998=ORIENTED_EDGE('',*,*,#16983,.T.);
#16999=EDGE_LOOP('',(#16995,#16996,#16997,#16998));
#17000=FACE_OUTER_BOUND('',#16999,.F.);
#17001=ADVANCED_FACE('',(#17000),#16994,.T.);
#17002=CARTESIAN_POINT('',(7.375E-1,1.2E-3,4.6E-1));
#17003=DIRECTION('',(0.E0,0.E0,1.E0));
#17004=DIRECTION('',(0.E0,1.E0,0.E0));
#17005=AXIS2_PLACEMENT_3D('',#17002,#17003,#17004);
#17006=PLANE('',#17005);
#17007=ORIENTED_EDGE('',*,*,#16955,.T.);
#17008=ORIENTED_EDGE('',*,*,#16971,.T.);
#17009=ORIENTED_EDGE('',*,*,#16662,.F.);
#17010=ORIENTED_EDGE('',*,*,#16939,.F.);
#17011=EDGE_LOOP('',(#17007,#17008,#17009,#17010));
#17012=FACE_OUTER_BOUND('',#17011,.F.);
#17013=ADVANCED_FACE('',(#17012),#17006,.T.);
#17014=CARTESIAN_POINT('',(7.375E-1,-3.43E-1,-1.6375E-1));
#17015=DIRECTION('',(0.E0,-1.E0,0.E0));
#17016=DIRECTION('',(0.E0,0.E0,1.E0));
#17017=AXIS2_PLACEMENT_3D('',#17014,#17015,#17016);
#17018=PLANE('',#17017);
#17020=ORIENTED_EDGE('',*,*,#17019,.T.);
#17021=ORIENTED_EDGE('',*,*,#16671,.F.);
#17022=ORIENTED_EDGE('',*,*,#16555,.F.);
#17024=ORIENTED_EDGE('',*,*,#17023,.T.);
#17025=EDGE_LOOP('',(#17020,#17021,#17022,#17024));
#17026=FACE_OUTER_BOUND('',#17025,.F.);
#17027=ADVANCED_FACE('',(#17026),#17018,.T.);
#17028=CARTESIAN_POINT('',(8.375E-1,-2.585E-1,-4.275E-1));
#17029=DIRECTION('',(0.E0,0.E0,-1.E0));
#17030=DIRECTION('',(0.E0,1.E0,0.E0));
#17031=AXIS2_PLACEMENT_3D('',#17028,#17029,#17030);
#17032=PLANE('',#17031);
#17033=ORIENTED_EDGE('',*,*,#16589,.F.);
#17034=ORIENTED_EDGE('',*,*,#16673,.T.);
#17035=ORIENTED_EDGE('',*,*,#17019,.F.);
#17037=ORIENTED_EDGE('',*,*,#17036,.T.);
#17038=EDGE_LOOP('',(#17033,#17034,#17035,#17037));
#17039=FACE_OUTER_BOUND('',#17038,.F.);
#17040=ADVANCED_FACE('',(#17039),#17032,.F.);
#17041=CARTESIAN_POINT('',(7.29E-1,1.7E-1,-4.525E-1));
#17042=DIRECTION('',(-1.E0,0.E0,0.E0));
#17043=DIRECTION('',(0.E0,-1.E0,0.E0));
#17044=AXIS2_PLACEMENT_3D('',#17041,#17042,#17043);
#17045=PLANE('',#17044);
#17046=ORIENTED_EDGE('',*,*,#16591,.F.);
#17047=ORIENTED_EDGE('',*,*,#17036,.F.);
#17048=ORIENTED_EDGE('',*,*,#17023,.F.);
#17049=ORIENTED_EDGE('',*,*,#16553,.F.);
#17050=EDGE_LOOP('',(#17046,#17047,#17048,#17049));
#17051=FACE_OUTER_BOUND('',#17050,.F.);
#17052=ADVANCED_FACE('',(#17051),#17045,.T.);
#17053=CARTESIAN_POINT('',(8.375E-1,-2.585E-1,-3.525E-1));
#17054=DIRECTION('',(0.E0,0.E0,-1.E0));
#17055=DIRECTION('',(0.E0,1.E0,0.E0));
#17056=AXIS2_PLACEMENT_3D('',#17053,#17054,#17055);
#17057=PLANE('',#17056);
#17058=ORIENTED_EDGE('',*,*,#16585,.F.);
#17060=ORIENTED_EDGE('',*,*,#17059,.T.);
#17062=ORIENTED_EDGE('',*,*,#17061,.T.);
#17063=ORIENTED_EDGE('',*,*,#16676,.T.);
#17064=EDGE_LOOP('',(#17058,#17060,#17062,#17063));
#17065=FACE_OUTER_BOUND('',#17064,.F.);
#17066=ADVANCED_FACE('',(#17065),#17057,.T.);
#17067=CARTESIAN_POINT('',(7.29E-1,1.7E-1,-4.525E-1));
#17068=DIRECTION('',(-1.E0,0.E0,0.E0));
#17069=DIRECTION('',(0.E0,-1.E0,0.E0));
#17070=AXIS2_PLACEMENT_3D('',#17067,#17068,#17069);
#17071=PLANE('',#17070);
#17072=ORIENTED_EDGE('',*,*,#16583,.F.);
#17074=ORIENTED_EDGE('',*,*,#17073,.F.);
#17076=ORIENTED_EDGE('',*,*,#17075,.F.);
#17077=ORIENTED_EDGE('',*,*,#17059,.F.);
#17078=EDGE_LOOP('',(#17072,#17074,#17076,#17077));
#17079=FACE_OUTER_BOUND('',#17078,.F.);
#17080=ADVANCED_FACE('',(#17079),#17071,.T.);
#17081=CARTESIAN_POINT('',(8.375E-1,-2.585E-1,-3.275E-1));
#17082=DIRECTION('',(0.E0,0.E0,-1.E0));
#17083=DIRECTION('',(0.E0,1.E0,0.E0));
#17084=AXIS2_PLACEMENT_3D('',#17081,#17082,#17083);
#17085=PLANE('',#17084);
#17086=ORIENTED_EDGE('',*,*,#16581,.F.);
#17087=ORIENTED_EDGE('',*,*,#16680,.T.);
#17089=ORIENTED_EDGE('',*,*,#17088,.F.);
#17090=ORIENTED_EDGE('',*,*,#17073,.T.);
#17091=EDGE_LOOP('',(#17086,#17087,#17089,#17090));
#17092=FACE_OUTER_BOUND('',#17091,.F.);
#17093=ADVANCED_FACE('',(#17092),#17085,.F.);
#17094=CARTESIAN_POINT('',(7.375E-1,-3.43E-1,-1.6375E-1));
#17095=DIRECTION('',(0.E0,-1.E0,0.E0));
#17096=DIRECTION('',(0.E0,0.E0,1.E0));
#17097=AXIS2_PLACEMENT_3D('',#17094,#17095,#17096);
#17098=PLANE('',#17097);
#17099=ORIENTED_EDGE('',*,*,#17088,.T.);
#17100=ORIENTED_EDGE('',*,*,#16678,.F.);
#17101=ORIENTED_EDGE('',*,*,#17061,.F.);
#17102=ORIENTED_EDGE('',*,*,#17075,.T.);
#17103=EDGE_LOOP('',(#17099,#17100,#17101,#17102));
#17104=FACE_OUTER_BOUND('',#17103,.F.);
#17105=ADVANCED_FACE('',(#17104),#17098,.T.);
#17106=CARTESIAN_POINT('',(8.375E-1,-2.585E-1,-2.525E-1));
#17107=DIRECTION('',(0.E0,0.E0,-1.E0));
#17108=DIRECTION('',(0.E0,1.E0,0.E0));
#17109=AXIS2_PLACEMENT_3D('',#17106,#17107,#17108);
#17110=PLANE('',#17109);
#17111=ORIENTED_EDGE('',*,*,#16577,.F.);
#17113=ORIENTED_EDGE('',*,*,#17112,.T.);
#17115=ORIENTED_EDGE('',*,*,#17114,.T.);
#17116=ORIENTED_EDGE('',*,*,#16683,.T.);
#17117=EDGE_LOOP('',(#17111,#17113,#17115,#17116));
#17118=FACE_OUTER_BOUND('',#17117,.F.);
#17119=ADVANCED_FACE('',(#17118),#17110,.T.);
#17120=CARTESIAN_POINT('',(7.29E-1,1.7E-1,-4.525E-1));
#17121=DIRECTION('',(-1.E0,0.E0,0.E0));
#17122=DIRECTION('',(0.E0,-1.E0,0.E0));
#17123=AXIS2_PLACEMENT_3D('',#17120,#17121,#17122);
#17124=PLANE('',#17123);
#17125=ORIENTED_EDGE('',*,*,#16575,.F.);
#17127=ORIENTED_EDGE('',*,*,#17126,.F.);
#17129=ORIENTED_EDGE('',*,*,#17128,.F.);
#17130=ORIENTED_EDGE('',*,*,#17112,.F.);
#17131=EDGE_LOOP('',(#17125,#17127,#17129,#17130));
#17132=FACE_OUTER_BOUND('',#17131,.F.);
#17133=ADVANCED_FACE('',(#17132),#17124,.T.);
#17134=CARTESIAN_POINT('',(8.375E-1,-2.585E-1,-2.275E-1));
#17135=DIRECTION('',(0.E0,0.E0,-1.E0));
#17136=DIRECTION('',(0.E0,1.E0,0.E0));
#17137=AXIS2_PLACEMENT_3D('',#17134,#17135,#17136);
#17138=PLANE('',#17137);
#17139=ORIENTED_EDGE('',*,*,#16573,.F.);
#17140=ORIENTED_EDGE('',*,*,#16687,.T.);
#17142=ORIENTED_EDGE('',*,*,#17141,.F.);
#17143=ORIENTED_EDGE('',*,*,#17126,.T.);
#17144=EDGE_LOOP('',(#17139,#17140,#17142,#17143));
#17145=FACE_OUTER_BOUND('',#17144,.F.);
#17146=ADVANCED_FACE('',(#17145),#17138,.F.);
#17147=CARTESIAN_POINT('',(7.375E-1,-3.43E-1,-1.6375E-1));
#17148=DIRECTION('',(0.E0,-1.E0,0.E0));
#17149=DIRECTION('',(0.E0,0.E0,1.E0));
#17150=AXIS2_PLACEMENT_3D('',#17147,#17148,#17149);
#17151=PLANE('',#17150);
#17152=ORIENTED_EDGE('',*,*,#17141,.T.);
#17153=ORIENTED_EDGE('',*,*,#16685,.F.);
#17154=ORIENTED_EDGE('',*,*,#17114,.F.);
#17155=ORIENTED_EDGE('',*,*,#17128,.T.);
#17156=EDGE_LOOP('',(#17152,#17153,#17154,#17155));
#17157=FACE_OUTER_BOUND('',#17156,.F.);
#17158=ADVANCED_FACE('',(#17157),#17151,.T.);
#17159=CARTESIAN_POINT('',(7.375E-1,-3.43E-1,-1.6375E-1));
#17160=DIRECTION('',(0.E0,-1.E0,0.E0));
#17161=DIRECTION('',(0.E0,0.E0,1.E0));
#17162=AXIS2_PLACEMENT_3D('',#17159,#17160,#17161);
#17163=PLANE('',#17162);
#17164=ORIENTED_EDGE('',*,*,#16644,.T.);
#17165=ORIENTED_EDGE('',*,*,#16691,.F.);
#17166=ORIENTED_EDGE('',*,*,#16615,.F.);
#17167=ORIENTED_EDGE('',*,*,#16630,.T.);
#17168=EDGE_LOOP('',(#17164,#17165,#17166,#17167));
#17169=FACE_OUTER_BOUND('',#17168,.F.);
#17170=ADVANCED_FACE('',(#17169),#17163,.T.);
#17171=CARTESIAN_POINT('',(7.475E-1,2.87E-1,-2.6E-1));
#17172=DIRECTION('',(0.E0,0.E0,1.E0));
#17173=DIRECTION('',(1.E0,0.E0,0.E0));
#17174=AXIS2_PLACEMENT_3D('',#17171,#17172,#17173);
#17175=PLANE('',#17174);
#17176=ORIENTED_EDGE('',*,*,#16516,.F.);
#17177=ORIENTED_EDGE('',*,*,#16499,.F.);
#17178=ORIENTED_EDGE('',*,*,#11064,.T.);
#17180=ORIENTED_EDGE('',*,*,#17179,.T.);
#17181=EDGE_LOOP('',(#17176,#17177,#17178,#17180));
#17182=FACE_OUTER_BOUND('',#17181,.F.);
#17183=ADVANCED_FACE('',(#17182),#17175,.F.);
#17184=CARTESIAN_POINT('',(7.475E-1,2.87E-1,-4.65E-1));
#17185=DIRECTION('',(-1.E0,0.E0,0.E0));
#17186=DIRECTION('',(0.E0,0.E0,1.E0));
#17187=AXIS2_PLACEMENT_3D('',#17184,#17185,#17186);
#17188=PLANE('',#17187);
#17189=ORIENTED_EDGE('',*,*,#16518,.F.);
#17190=ORIENTED_EDGE('',*,*,#17179,.F.);
#17191=ORIENTED_EDGE('',*,*,#11062,.F.);
#17192=ORIENTED_EDGE('',*,*,#13845,.F.);
#17193=EDGE_LOOP('',(#17189,#17190,#17191,#17192));
#17194=FACE_OUTER_BOUND('',#17193,.F.);
#17195=ADVANCED_FACE('',(#17194),#17188,.F.);
#17196=CARTESIAN_POINT('',(8.375E-1,-2.585E-1,-3.525E-1));
#17197=DIRECTION('',(0.E0,0.E0,-1.E0));
#17198=DIRECTION('',(0.E0,1.E0,0.E0));
#17199=AXIS2_PLACEMENT_3D('',#17196,#17197,#17198);
#17200=PLANE('',#17199);
#17201=ORIENTED_EDGE('',*,*,#14035,.F.);
#17202=ORIENTED_EDGE('',*,*,#13979,.T.);
#17204=ORIENTED_EDGE('',*,*,#17203,.F.);
#17206=ORIENTED_EDGE('',*,*,#17205,.T.);
#17207=EDGE_LOOP('',(#17201,#17202,#17204,#17206));
#17208=FACE_OUTER_BOUND('',#17207,.F.);
#17209=ADVANCED_FACE('',(#17208),#17200,.T.);
#17210=CARTESIAN_POINT('',(8.375E-1,-3.43E-1,-1.6375E-1));
#17211=DIRECTION('',(0.E0,1.E0,0.E0));
#17212=DIRECTION('',(0.E0,0.E0,1.E0));
#17213=AXIS2_PLACEMENT_3D('',#17210,#17211,#17212);
#17214=PLANE('',#17213);
#17215=ORIENTED_EDGE('',*,*,#17203,.T.);
#17216=ORIENTED_EDGE('',*,*,#13977,.T.);
#17218=ORIENTED_EDGE('',*,*,#17217,.F.);
#17220=ORIENTED_EDGE('',*,*,#17219,.F.);
#17221=EDGE_LOOP('',(#17215,#17216,#17218,#17220));
#17222=FACE_OUTER_BOUND('',#17221,.F.);
#17223=ADVANCED_FACE('',(#17222),#17214,.F.);
#17224=CARTESIAN_POINT('',(8.375E-1,-2.585E-1,-3.275E-1));
#17225=DIRECTION('',(0.E0,0.E0,-1.E0));
#17226=DIRECTION('',(0.E0,1.E0,0.E0));
#17227=AXIS2_PLACEMENT_3D('',#17224,#17225,#17226);
#17228=PLANE('',#17227);
#17229=ORIENTED_EDGE('',*,*,#14039,.F.);
#17231=ORIENTED_EDGE('',*,*,#17230,.T.);
#17232=ORIENTED_EDGE('',*,*,#17217,.T.);
#17233=ORIENTED_EDGE('',*,*,#13975,.T.);
#17234=EDGE_LOOP('',(#17229,#17231,#17232,#17233));
#17235=FACE_OUTER_BOUND('',#17234,.F.);
#17236=ADVANCED_FACE('',(#17235),#17228,.F.);
#17237=CARTESIAN_POINT('',(8.46E-1,-3.43E-1,-4.525E-1));
#17238=DIRECTION('',(1.E0,0.E0,0.E0));
#17239=DIRECTION('',(0.E0,1.E0,0.E0));
#17240=AXIS2_PLACEMENT_3D('',#17237,#17238,#17239);
#17241=PLANE('',#17240);
#17242=ORIENTED_EDGE('',*,*,#14037,.T.);
#17243=ORIENTED_EDGE('',*,*,#17205,.F.);
#17244=ORIENTED_EDGE('',*,*,#17219,.T.);
#17245=ORIENTED_EDGE('',*,*,#17230,.F.);
#17246=EDGE_LOOP('',(#17242,#17243,#17244,#17245));
#17247=FACE_OUTER_BOUND('',#17246,.F.);
#17248=ADVANCED_FACE('',(#17247),#17241,.T.);
#17249=CARTESIAN_POINT('',(5.775E-1,2.87E-1,-2.6E-1));
#17250=DIRECTION('',(1.E0,0.E0,0.E0));
#17251=DIRECTION('',(0.E0,0.E0,-1.E0));
#17252=AXIS2_PLACEMENT_3D('',#17249,#17250,#17251);
#17253=PLANE('',#17252);
#17255=ORIENTED_EDGE('',*,*,#17254,.F.);
#17256=ORIENTED_EDGE('',*,*,#13848,.T.);
#17257=ORIENTED_EDGE('',*,*,#11058,.T.);
#17259=ORIENTED_EDGE('',*,*,#17258,.T.);
#17260=EDGE_LOOP('',(#17255,#17256,#17257,#17259));
#17261=FACE_OUTER_BOUND('',#17260,.F.);
#17262=ADVANCED_FACE('',(#17261),#17253,.F.);
#17263=CARTESIAN_POINT('',(5.824E-1,2.12E-1,-5.5E-2));
#17264=DIRECTION('',(0.E0,1.E0,0.E0));
#17265=DIRECTION('',(0.E0,0.E0,-1.E0));
#17266=AXIS2_PLACEMENT_3D('',#17263,#17264,#17265);
#17267=PLANE('',#17266);
#17269=ORIENTED_EDGE('',*,*,#17268,.T.);
#17270=ORIENTED_EDGE('',*,*,#11825,.T.);
#17272=ORIENTED_EDGE('',*,*,#17271,.T.);
#17273=ORIENTED_EDGE('',*,*,#13850,.T.);
#17274=ORIENTED_EDGE('',*,*,#17254,.T.);
#17276=ORIENTED_EDGE('',*,*,#17275,.T.);
#17278=ORIENTED_EDGE('',*,*,#17277,.T.);
#17279=ORIENTED_EDGE('',*,*,#13504,.T.);
#17280=EDGE_LOOP('',(#17269,#17270,#17272,#17273,#17274,#17276,#17278,#17279));
#17281=FACE_OUTER_BOUND('',#17280,.F.);
#17282=ADVANCED_FACE('',(#17281),#17267,.F.);
#17283=CARTESIAN_POINT('',(4.926E-1,0.E0,4.65E-1));
#17284=DIRECTION('',(-1.E0,0.E0,0.E0));
#17285=DIRECTION('',(0.E0,0.E0,1.E0));
#17286=AXIS2_PLACEMENT_3D('',#17283,#17284,#17285);
#17287=PLANE('',#17286);
#17289=ORIENTED_EDGE('',*,*,#17288,.T.);
#17291=ORIENTED_EDGE('',*,*,#17290,.T.);
#17293=ORIENTED_EDGE('',*,*,#17292,.F.);
#17295=ORIENTED_EDGE('',*,*,#17294,.F.);
#17296=ORIENTED_EDGE('',*,*,#11827,.T.);
#17297=ORIENTED_EDGE('',*,*,#17268,.F.);
#17298=ORIENTED_EDGE('',*,*,#13502,.T.);
#17300=ORIENTED_EDGE('',*,*,#17299,.T.);
#17301=EDGE_LOOP('',(#17289,#17291,#17293,#17295,#17296,#17297,#17298,#17300));
#17302=FACE_OUTER_BOUND('',#17301,.F.);
#17303=ADVANCED_FACE('',(#17302),#17287,.F.);
#17304=CARTESIAN_POINT('',(4.875E-1,-9.075E-2,-4.525E-1));
#17305=DIRECTION('',(0.E0,0.E0,-1.E0));
#17306=DIRECTION('',(0.E0,-1.E0,0.E0));
#17307=AXIS2_PLACEMENT_3D('',#17304,#17305,#17306);
#17308=PLANE('',#17307);
#17309=ORIENTED_EDGE('',*,*,#17288,.F.);
#17311=ORIENTED_EDGE('',*,*,#17310,.T.);
#17313=ORIENTED_EDGE('',*,*,#17312,.T.);
#17315=ORIENTED_EDGE('',*,*,#17314,.T.);
#17317=ORIENTED_EDGE('',*,*,#17316,.F.);
#17319=ORIENTED_EDGE('',*,*,#17318,.T.);
#17320=EDGE_LOOP('',(#17309,#17311,#17313,#17315,#17317,#17319));
#17321=FACE_OUTER_BOUND('',#17320,.F.);
#17322=ADVANCED_FACE('',(#17321),#17308,.T.);
#17323=CARTESIAN_POINT('',(4.575E-1,-1.68E-1,-4.65E-1));
#17324=DIRECTION('',(0.E0,1.E0,0.E0));
#17325=DIRECTION('',(1.E0,0.E0,0.E0));
#17326=AXIS2_PLACEMENT_3D('',#17323,#17324,#17325);
#17327=PLANE('',#17326);
#17329=ORIENTED_EDGE('',*,*,#17328,.T.);
#17331=ORIENTED_EDGE('',*,*,#17330,.F.);
#17333=ORIENTED_EDGE('',*,*,#17332,.T.);
#17335=ORIENTED_EDGE('',*,*,#17334,.T.);
#17337=ORIENTED_EDGE('',*,*,#17336,.T.);
#17339=ORIENTED_EDGE('',*,*,#17338,.F.);
#17341=ORIENTED_EDGE('',*,*,#17340,.T.);
#17343=ORIENTED_EDGE('',*,*,#17342,.T.);
#17345=ORIENTED_EDGE('',*,*,#17344,.T.);
#17347=ORIENTED_EDGE('',*,*,#17346,.F.);
#17349=ORIENTED_EDGE('',*,*,#17348,.T.);
#17351=ORIENTED_EDGE('',*,*,#17350,.T.);
#17352=ORIENTED_EDGE('',*,*,#17310,.F.);
#17353=ORIENTED_EDGE('',*,*,#17299,.F.);
#17354=ORIENTED_EDGE('',*,*,#13500,.F.);
#17355=ORIENTED_EDGE('',*,*,#13583,.T.);
#17356=ORIENTED_EDGE('',*,*,#13599,.T.);
#17358=ORIENTED_EDGE('',*,*,#17357,.F.);
#17360=ORIENTED_EDGE('',*,*,#17359,.T.);
#17362=ORIENTED_EDGE('',*,*,#17361,.T.);
#17363=EDGE_LOOP('',(#17329,#17331,#17333,#17335,#17337,#17339,#17341,#17343,
#17345,#17347,#17349,#17351,#17352,#17353,#17354,#17355,#17356,#17358,#17360,
#17362));
#17364=FACE_OUTER_BOUND('',#17363,.F.);
#17365=ADVANCED_FACE('',(#17364),#17327,.F.);
#17366=CARTESIAN_POINT('',(5.875E-1,-2.585E-1,-1.525E-1));
#17367=DIRECTION('',(0.E0,0.E0,-1.E0));
#17368=DIRECTION('',(0.E0,1.E0,0.E0));
#17369=AXIS2_PLACEMENT_3D('',#17366,#17367,#17368);
#17370=PLANE('',#17369);
#17371=ORIENTED_EDGE('',*,*,#17328,.F.);
#17373=ORIENTED_EDGE('',*,*,#17372,.T.);
#17375=ORIENTED_EDGE('',*,*,#17374,.T.);
#17377=ORIENTED_EDGE('',*,*,#17376,.T.);
#17378=EDGE_LOOP('',(#17371,#17373,#17375,#17377));
#17379=FACE_OUTER_BOUND('',#17378,.F.);
#17380=ADVANCED_FACE('',(#17379),#17370,.T.);
#17381=CARTESIAN_POINT('',(4.79E-1,1.7E-1,-4.525E-1));
#17382=DIRECTION('',(-1.E0,0.E0,0.E0));
#17383=DIRECTION('',(0.E0,-1.E0,0.E0));
#17384=AXIS2_PLACEMENT_3D('',#17381,#17382,#17383);
#17385=PLANE('',#17384);
#17386=ORIENTED_EDGE('',*,*,#17361,.F.);
#17388=ORIENTED_EDGE('',*,*,#17387,.F.);
#17390=ORIENTED_EDGE('',*,*,#17389,.F.);
#17391=ORIENTED_EDGE('',*,*,#17372,.F.);
#17392=EDGE_LOOP('',(#17386,#17388,#17390,#17391));
#17393=FACE_OUTER_BOUND('',#17392,.F.);
#17394=ADVANCED_FACE('',(#17393),#17385,.T.);
#17395=CARTESIAN_POINT('',(5.875E-1,-2.585E-1,-1.275E-1));
#17396=DIRECTION('',(0.E0,0.E0,-1.E0));
#17397=DIRECTION('',(0.E0,1.E0,0.E0));
#17398=AXIS2_PLACEMENT_3D('',#17395,#17396,#17397);
#17399=PLANE('',#17398);
#17400=ORIENTED_EDGE('',*,*,#17359,.F.);
#17402=ORIENTED_EDGE('',*,*,#17401,.T.);
#17404=ORIENTED_EDGE('',*,*,#17403,.F.);
#17405=ORIENTED_EDGE('',*,*,#17387,.T.);
#17406=EDGE_LOOP('',(#17400,#17402,#17404,#17405));
#17407=FACE_OUTER_BOUND('',#17406,.F.);
#17408=ADVANCED_FACE('',(#17407),#17399,.F.);
#17409=CARTESIAN_POINT('',(4.96E-1,1.7E-1,-4.525E-1));
#17410=DIRECTION('',(-1.E0,0.E0,0.E0));
#17411=DIRECTION('',(0.E0,-1.E0,0.E0));
#17412=AXIS2_PLACEMENT_3D('',#17409,#17410,#17411);
#17413=PLANE('',#17412);
#17414=ORIENTED_EDGE('',*,*,#13597,.T.);
#17416=ORIENTED_EDGE('',*,*,#17415,.F.);
#17418=ORIENTED_EDGE('',*,*,#17417,.F.);
#17420=ORIENTED_EDGE('',*,*,#17419,.T.);
#17422=ORIENTED_EDGE('',*,*,#17421,.T.);
#17424=ORIENTED_EDGE('',*,*,#17423,.T.);
#17426=ORIENTED_EDGE('',*,*,#17425,.F.);
#17428=ORIENTED_EDGE('',*,*,#17427,.F.);
#17429=ORIENTED_EDGE('',*,*,#17316,.T.);
#17431=ORIENTED_EDGE('',*,*,#17430,.T.);
#17433=ORIENTED_EDGE('',*,*,#17432,.F.);
#17434=ORIENTED_EDGE('',*,*,#17346,.T.);
#17436=ORIENTED_EDGE('',*,*,#17435,.F.);
#17438=ORIENTED_EDGE('',*,*,#17437,.T.);
#17440=ORIENTED_EDGE('',*,*,#17439,.F.);
#17441=ORIENTED_EDGE('',*,*,#17338,.T.);
#17443=ORIENTED_EDGE('',*,*,#17442,.F.);
#17445=ORIENTED_EDGE('',*,*,#17444,.T.);
#17447=ORIENTED_EDGE('',*,*,#17446,.F.);
#17448=ORIENTED_EDGE('',*,*,#17330,.T.);
#17449=ORIENTED_EDGE('',*,*,#17376,.F.);
#17451=ORIENTED_EDGE('',*,*,#17450,.T.);
#17452=ORIENTED_EDGE('',*,*,#17401,.F.);
#17453=ORIENTED_EDGE('',*,*,#17357,.T.);
#17454=EDGE_LOOP('',(#17414,#17416,#17418,#17420,#17422,#17424,#17426,#17428,
#17429,#17431,#17433,#17434,#17436,#17438,#17440,#17441,#17443,#17445,#17447,
#17448,#17449,#17451,#17452,#17453));
#17455=FACE_OUTER_BOUND('',#17454,.F.);
#17456=ADVANCED_FACE('',(#17455),#17413,.F.);
#17457=CARTESIAN_POINT('',(5.775E-1,-1.58E-1,-5.58E-1));
#17458=DIRECTION('',(0.E0,-1.E0,0.E0));
#17459=DIRECTION('',(-1.E0,0.E0,0.E0));
#17460=AXIS2_PLACEMENT_3D('',#17457,#17458,#17459);
#17461=PLANE('',#17460);
#17462=ORIENTED_EDGE('',*,*,#13660,.F.);
#17464=ORIENTED_EDGE('',*,*,#17463,.F.);
#17466=ORIENTED_EDGE('',*,*,#17465,.T.);
#17467=ORIENTED_EDGE('',*,*,#11837,.T.);
#17469=ORIENTED_EDGE('',*,*,#17468,.F.);
#17471=ORIENTED_EDGE('',*,*,#17470,.T.);
#17472=ORIENTED_EDGE('',*,*,#17415,.T.);
#17473=ORIENTED_EDGE('',*,*,#13595,.T.);
#17474=EDGE_LOOP('',(#17462,#17464,#17466,#17467,#17469,#17471,#17472,#17473));
#17475=FACE_OUTER_BOUND('',#17474,.F.);
#17476=ADVANCED_FACE('',(#17475),#17461,.F.);
#17477=CARTESIAN_POINT('',(5.875E-1,-9.075E-2,1.25E-1));
#17478=DIRECTION('',(0.E0,0.E0,-1.E0));
#17479=DIRECTION('',(0.E0,1.E0,0.E0));
#17480=AXIS2_PLACEMENT_3D('',#17477,#17478,#17479);
#17481=PLANE('',#17480);
#17483=ORIENTED_EDGE('',*,*,#17482,.F.);
#17484=ORIENTED_EDGE('',*,*,#17463,.T.);
#17485=ORIENTED_EDGE('',*,*,#13658,.T.);
#17487=ORIENTED_EDGE('',*,*,#17486,.F.);
#17488=EDGE_LOOP('',(#17483,#17484,#17485,#17487));
#17489=FACE_OUTER_BOUND('',#17488,.F.);
#17490=ADVANCED_FACE('',(#17489),#17481,.F.);
#17491=CARTESIAN_POINT('',(5.824E-1,0.E0,4.65E-1));
#17492=DIRECTION('',(-1.E0,0.E0,0.E0));
#17493=DIRECTION('',(0.E0,0.E0,1.E0));
#17494=AXIS2_PLACEMENT_3D('',#17491,#17492,#17493);
#17495=PLANE('',#17494);
#17496=ORIENTED_EDGE('',*,*,#17482,.T.);
#17498=ORIENTED_EDGE('',*,*,#17497,.F.);
#17499=ORIENTED_EDGE('',*,*,#11839,.T.);
#17500=ORIENTED_EDGE('',*,*,#17465,.F.);
#17501=EDGE_LOOP('',(#17496,#17498,#17499,#17500));
#17502=FACE_OUTER_BOUND('',#17501,.F.);
#17503=ADVANCED_FACE('',(#17502),#17495,.T.);
#17504=CARTESIAN_POINT('',(5.875E-1,-1.247E-1,2.925E-1));
#17505=DIRECTION('',(0.E0,-9.907833155514E-1,1.354563458276E-1));
#17506=DIRECTION('',(0.E0,-1.354563458276E-1,-9.907833155514E-1));
#17507=AXIS2_PLACEMENT_3D('',#17504,#17505,#17506);
#17508=PLANE('',#17507);
#17509=ORIENTED_EDGE('',*,*,#11841,.F.);
#17510=ORIENTED_EDGE('',*,*,#17497,.T.);
#17511=ORIENTED_EDGE('',*,*,#17486,.T.);
#17512=ORIENTED_EDGE('',*,*,#13656,.F.);
#17514=ORIENTED_EDGE('',*,*,#17513,.F.);
#17516=ORIENTED_EDGE('',*,*,#17515,.T.);
#17517=EDGE_LOOP('',(#17509,#17510,#17511,#17512,#17514,#17516));
#17518=FACE_OUTER_BOUND('',#17517,.F.);
#17519=ADVANCED_FACE('',(#17518),#17508,.T.);
#17520=CARTESIAN_POINT('',(5.875E-1,1.2E-3,4.6E-1));
#17521=DIRECTION('',(0.E0,0.E0,1.E0));
#17522=DIRECTION('',(0.E0,-1.E0,0.E0));
#17523=AXIS2_PLACEMENT_3D('',#17520,#17521,#17522);
#17524=PLANE('',#17523);
#17526=ORIENTED_EDGE('',*,*,#17525,.T.);
#17527=ORIENTED_EDGE('',*,*,#17513,.T.);
#17528=ORIENTED_EDGE('',*,*,#13654,.F.);
#17530=ORIENTED_EDGE('',*,*,#17529,.F.);
#17531=EDGE_LOOP('',(#17526,#17527,#17528,#17530));
#17532=FACE_OUTER_BOUND('',#17531,.F.);
#17533=ADVANCED_FACE('',(#17532),#17524,.T.);
#17534=CARTESIAN_POINT('',(5.96E-1,-3.43E-1,-4.525E-1));
#17535=DIRECTION('',(1.E0,0.E0,0.E0));
#17536=DIRECTION('',(0.E0,1.E0,0.E0));
#17537=AXIS2_PLACEMENT_3D('',#17534,#17535,#17536);
#17538=PLANE('',#17537);
#17539=ORIENTED_EDGE('',*,*,#11819,.F.);
#17540=ORIENTED_EDGE('',*,*,#17515,.F.);
#17541=ORIENTED_EDGE('',*,*,#17525,.F.);
#17543=ORIENTED_EDGE('',*,*,#17542,.F.);
#17544=EDGE_LOOP('',(#17539,#17540,#17541,#17543));
#17545=FACE_OUTER_BOUND('',#17544,.F.);
#17546=ADVANCED_FACE('',(#17545),#17538,.T.);
#17547=CARTESIAN_POINT('',(5.875E-1,1.271E-1,2.925E-1));
#17548=DIRECTION('',(0.E0,9.907833155514E-1,1.354563458276E-1));
#17549=DIRECTION('',(0.E0,-1.354563458276E-1,9.907833155514E-1));
#17550=AXIS2_PLACEMENT_3D('',#17547,#17548,#17549);
#17551=PLANE('',#17550);
#17552=ORIENTED_EDGE('',*,*,#11821,.T.);
#17553=ORIENTED_EDGE('',*,*,#17542,.T.);
#17554=ORIENTED_EDGE('',*,*,#17529,.T.);
#17555=ORIENTED_EDGE('',*,*,#13652,.F.);
#17557=ORIENTED_EDGE('',*,*,#17556,.F.);
#17559=ORIENTED_EDGE('',*,*,#17558,.F.);
#17560=EDGE_LOOP('',(#17552,#17553,#17554,#17555,#17557,#17559));
#17561=FACE_OUTER_BOUND('',#17560,.F.);
#17562=ADVANCED_FACE('',(#17561),#17551,.T.);
#17563=CARTESIAN_POINT('',(5.875E-1,-9.075E-2,1.25E-1));
#17564=DIRECTION('',(0.E0,0.E0,-1.E0));
#17565=DIRECTION('',(0.E0,1.E0,0.E0));
#17566=AXIS2_PLACEMENT_3D('',#17563,#17564,#17565);
#17567=PLANE('',#17566);
#17569=ORIENTED_EDGE('',*,*,#17568,.F.);
#17570=ORIENTED_EDGE('',*,*,#17556,.T.);
#17571=ORIENTED_EDGE('',*,*,#13650,.T.);
#17573=ORIENTED_EDGE('',*,*,#17572,.T.);
#17574=EDGE_LOOP('',(#17569,#17570,#17571,#17573));
#17575=FACE_OUTER_BOUND('',#17574,.F.);
#17576=ADVANCED_FACE('',(#17575),#17567,.F.);
#17577=CARTESIAN_POINT('',(5.824E-1,0.E0,4.65E-1));
#17578=DIRECTION('',(-1.E0,0.E0,0.E0));
#17579=DIRECTION('',(0.E0,0.E0,1.E0));
#17580=AXIS2_PLACEMENT_3D('',#17577,#17578,#17579);
#17581=PLANE('',#17580);
#17583=ORIENTED_EDGE('',*,*,#17582,.F.);
#17584=ORIENTED_EDGE('',*,*,#13685,.F.);
#17585=ORIENTED_EDGE('',*,*,#13852,.T.);
#17586=ORIENTED_EDGE('',*,*,#17271,.F.);
#17587=ORIENTED_EDGE('',*,*,#11823,.T.);
#17588=ORIENTED_EDGE('',*,*,#17558,.T.);
#17589=ORIENTED_EDGE('',*,*,#17568,.T.);
#17591=ORIENTED_EDGE('',*,*,#17590,.F.);
#17592=EDGE_LOOP('',(#17583,#17584,#17585,#17586,#17587,#17588,#17589,#17591));
#17593=FACE_OUTER_BOUND('',#17592,.F.);
#17594=ADVANCED_FACE('',(#17593),#17581,.T.);
#17595=CARTESIAN_POINT('',(5.875E-1,-9.075E-2,-4.525E-1));
#17596=DIRECTION('',(0.E0,0.E0,-1.E0));
#17597=DIRECTION('',(0.E0,1.E0,0.E0));
#17598=AXIS2_PLACEMENT_3D('',#17595,#17596,#17597);
#17599=PLANE('',#17598);
#17600=ORIENTED_EDGE('',*,*,#17582,.T.);
#17602=ORIENTED_EDGE('',*,*,#17601,.F.);
#17603=ORIENTED_EDGE('',*,*,#13646,.F.);
#17605=ORIENTED_EDGE('',*,*,#17604,.F.);
#17607=ORIENTED_EDGE('',*,*,#17606,.T.);
#17608=ORIENTED_EDGE('',*,*,#13687,.F.);
#17609=EDGE_LOOP('',(#17600,#17602,#17603,#17605,#17607,#17608));
#17610=FACE_OUTER_BOUND('',#17609,.F.);
#17611=ADVANCED_FACE('',(#17610),#17599,.T.);
#17612=CARTESIAN_POINT('',(5.875E-1,1.53E-1,-1.6375E-1));
#17613=DIRECTION('',(0.E0,-1.E0,0.E0));
#17614=DIRECTION('',(0.E0,0.E0,1.E0));
#17615=AXIS2_PLACEMENT_3D('',#17612,#17613,#17614);
#17616=PLANE('',#17615);
#17617=ORIENTED_EDGE('',*,*,#17590,.T.);
#17618=ORIENTED_EDGE('',*,*,#17572,.F.);
#17619=ORIENTED_EDGE('',*,*,#13648,.F.);
#17620=ORIENTED_EDGE('',*,*,#17601,.T.);
#17621=EDGE_LOOP('',(#17617,#17618,#17619,#17620));
#17622=FACE_OUTER_BOUND('',#17621,.F.);
#17623=ADVANCED_FACE('',(#17622),#17616,.F.);
#17624=CARTESIAN_POINT('',(5.875E-1,-3.43E-1,-1.6375E-1));
#17625=DIRECTION('',(0.E0,1.E0,0.E0));
#17626=DIRECTION('',(0.E0,0.E0,1.E0));
#17627=AXIS2_PLACEMENT_3D('',#17624,#17625,#17626);
#17628=PLANE('',#17627);
#17630=ORIENTED_EDGE('',*,*,#17629,.F.);
#17632=ORIENTED_EDGE('',*,*,#17631,.F.);
#17633=ORIENTED_EDGE('',*,*,#17604,.T.);
#17634=ORIENTED_EDGE('',*,*,#13644,.T.);
#17635=EDGE_LOOP('',(#17630,#17632,#17633,#17634));
#17636=FACE_OUTER_BOUND('',#17635,.F.);
#17637=ADVANCED_FACE('',(#17636),#17628,.F.);
#17638=CARTESIAN_POINT('',(5.875E-1,-2.585E-1,-4.275E-1));
#17639=DIRECTION('',(0.E0,0.E0,-1.E0));
#17640=DIRECTION('',(0.E0,1.E0,0.E0));
#17641=AXIS2_PLACEMENT_3D('',#17638,#17639,#17640);
#17642=PLANE('',#17641);
#17643=ORIENTED_EDGE('',*,*,#13691,.F.);
#17645=ORIENTED_EDGE('',*,*,#17644,.T.);
#17646=ORIENTED_EDGE('',*,*,#17629,.T.);
#17647=ORIENTED_EDGE('',*,*,#13642,.T.);
#17648=EDGE_LOOP('',(#17643,#17645,#17646,#17647));
#17649=FACE_OUTER_BOUND('',#17648,.F.);
#17650=ADVANCED_FACE('',(#17649),#17642,.F.);
#17651=CARTESIAN_POINT('',(5.96E-1,-3.43E-1,-4.525E-1));
#17652=DIRECTION('',(1.E0,0.E0,0.E0));
#17653=DIRECTION('',(0.E0,1.E0,0.E0));
#17654=AXIS2_PLACEMENT_3D('',#17651,#17652,#17653);
#17655=PLANE('',#17654);
#17656=ORIENTED_EDGE('',*,*,#13689,.T.);
#17657=ORIENTED_EDGE('',*,*,#17606,.F.);
#17658=ORIENTED_EDGE('',*,*,#17631,.T.);
#17659=ORIENTED_EDGE('',*,*,#17644,.F.);
#17660=EDGE_LOOP('',(#17656,#17657,#17658,#17659));
#17661=FACE_OUTER_BOUND('',#17660,.F.);
#17662=ADVANCED_FACE('',(#17661),#17655,.T.);
#17663=CARTESIAN_POINT('',(4.926E-1,0.E0,4.65E-1));
#17664=DIRECTION('',(-1.E0,0.E0,0.E0));
#17665=DIRECTION('',(0.E0,0.E0,1.E0));
#17666=AXIS2_PLACEMENT_3D('',#17663,#17664,#17665);
#17667=PLANE('',#17666);
#17669=ORIENTED_EDGE('',*,*,#17668,.F.);
#17670=ORIENTED_EDGE('',*,*,#17468,.T.);
#17671=ORIENTED_EDGE('',*,*,#11835,.T.);
#17673=ORIENTED_EDGE('',*,*,#17672,.T.);
#17674=EDGE_LOOP('',(#17669,#17670,#17671,#17673));
#17675=FACE_OUTER_BOUND('',#17674,.F.);
#17676=ADVANCED_FACE('',(#17675),#17667,.F.);
#17677=CARTESIAN_POINT('',(4.875E-1,-9.075E-2,1.25E-1));
#17678=DIRECTION('',(0.E0,0.E0,-1.E0));
#17679=DIRECTION('',(0.E0,-1.E0,0.E0));
#17680=AXIS2_PLACEMENT_3D('',#17677,#17678,#17679);
#17681=PLANE('',#17680);
#17682=ORIENTED_EDGE('',*,*,#17668,.T.);
#17684=ORIENTED_EDGE('',*,*,#17683,.T.);
#17685=ORIENTED_EDGE('',*,*,#17417,.T.);
#17686=ORIENTED_EDGE('',*,*,#17470,.F.);
#17687=EDGE_LOOP('',(#17682,#17684,#17685,#17686));
#17688=FACE_OUTER_BOUND('',#17687,.F.);
#17689=ADVANCED_FACE('',(#17688),#17681,.F.);
#17690=CARTESIAN_POINT('',(4.875E-1,-1.247E-1,2.925E-1));
#17691=DIRECTION('',(0.E0,-9.907833155514E-1,1.354563458276E-1));
#17692=DIRECTION('',(0.E0,1.354563458276E-1,9.907833155514E-1));
#17693=AXIS2_PLACEMENT_3D('',#17690,#17691,#17692);
#17694=PLANE('',#17693);
#17695=ORIENTED_EDGE('',*,*,#11833,.T.);
#17697=ORIENTED_EDGE('',*,*,#17696,.T.);
#17699=ORIENTED_EDGE('',*,*,#17698,.T.);
#17700=ORIENTED_EDGE('',*,*,#17419,.F.);
#17701=ORIENTED_EDGE('',*,*,#17683,.F.);
#17702=ORIENTED_EDGE('',*,*,#17672,.F.);
#17703=EDGE_LOOP('',(#17695,#17697,#17699,#17700,#17701,#17702));
#17704=FACE_OUTER_BOUND('',#17703,.F.);
#17705=ADVANCED_FACE('',(#17704),#17694,.T.);
#17706=CARTESIAN_POINT('',(4.79E-1,1.7E-1,-4.525E-1));
#17707=DIRECTION('',(-1.E0,0.E0,0.E0));
#17708=DIRECTION('',(0.E0,-1.E0,0.E0));
#17709=AXIS2_PLACEMENT_3D('',#17706,#17707,#17708);
#17710=PLANE('',#17709);
#17711=ORIENTED_EDGE('',*,*,#11831,.T.);
#17713=ORIENTED_EDGE('',*,*,#17712,.F.);
#17715=ORIENTED_EDGE('',*,*,#17714,.F.);
#17716=ORIENTED_EDGE('',*,*,#17696,.F.);
#17717=EDGE_LOOP('',(#17711,#17713,#17715,#17716));
#17718=FACE_OUTER_BOUND('',#17717,.F.);
#17719=ADVANCED_FACE('',(#17718),#17710,.T.);
#17720=CARTESIAN_POINT('',(4.875E-1,1.271E-1,2.925E-1));
#17721=DIRECTION('',(0.E0,9.907833155514E-1,1.354563458276E-1));
#17722=DIRECTION('',(0.E0,1.354563458276E-1,-9.907833155514E-1));
#17723=AXIS2_PLACEMENT_3D('',#17720,#17721,#17722);
#17724=PLANE('',#17723);
#17725=ORIENTED_EDGE('',*,*,#11829,.F.);
#17726=ORIENTED_EDGE('',*,*,#17294,.T.);
#17728=ORIENTED_EDGE('',*,*,#17727,.T.);
#17729=ORIENTED_EDGE('',*,*,#17423,.F.);
#17731=ORIENTED_EDGE('',*,*,#17730,.F.);
#17732=ORIENTED_EDGE('',*,*,#17712,.T.);
#17733=EDGE_LOOP('',(#17725,#17726,#17728,#17729,#17731,#17732));
#17734=FACE_OUTER_BOUND('',#17733,.F.);
#17735=ADVANCED_FACE('',(#17734),#17724,.T.);
#17736=CARTESIAN_POINT('',(4.875E-1,-9.075E-2,1.25E-1));
#17737=DIRECTION('',(0.E0,0.E0,-1.E0));
#17738=DIRECTION('',(0.E0,-1.E0,0.E0));
#17739=AXIS2_PLACEMENT_3D('',#17736,#17737,#17738);
#17740=PLANE('',#17739);
#17741=ORIENTED_EDGE('',*,*,#17292,.T.);
#17743=ORIENTED_EDGE('',*,*,#17742,.F.);
#17744=ORIENTED_EDGE('',*,*,#17425,.T.);
#17745=ORIENTED_EDGE('',*,*,#17727,.F.);
#17746=EDGE_LOOP('',(#17741,#17743,#17744,#17745));
#17747=FACE_OUTER_BOUND('',#17746,.F.);
#17748=ADVANCED_FACE('',(#17747),#17740,.F.);
#17749=CARTESIAN_POINT('',(4.875E-1,1.53E-1,-1.6375E-1));
#17750=DIRECTION('',(0.E0,1.E0,0.E0));
#17751=DIRECTION('',(0.E0,0.E0,1.E0));
#17752=AXIS2_PLACEMENT_3D('',#17749,#17750,#17751);
#17753=PLANE('',#17752);
#17754=ORIENTED_EDGE('',*,*,#17290,.F.);
#17755=ORIENTED_EDGE('',*,*,#17318,.F.);
#17756=ORIENTED_EDGE('',*,*,#17427,.T.);
#17757=ORIENTED_EDGE('',*,*,#17742,.T.);
#17758=EDGE_LOOP('',(#17754,#17755,#17756,#17757));
#17759=FACE_OUTER_BOUND('',#17758,.F.);
#17760=ADVANCED_FACE('',(#17759),#17753,.T.);
#17761=CARTESIAN_POINT('',(4.875E-1,1.2E-3,4.6E-1));
#17762=DIRECTION('',(0.E0,0.E0,1.E0));
#17763=DIRECTION('',(0.E0,1.E0,0.E0));
#17764=AXIS2_PLACEMENT_3D('',#17761,#17762,#17763);
#17765=PLANE('',#17764);
#17766=ORIENTED_EDGE('',*,*,#17714,.T.);
#17767=ORIENTED_EDGE('',*,*,#17730,.T.);
#17768=ORIENTED_EDGE('',*,*,#17421,.F.);
#17769=ORIENTED_EDGE('',*,*,#17698,.F.);
#17770=EDGE_LOOP('',(#17766,#17767,#17768,#17769));
#17771=FACE_OUTER_BOUND('',#17770,.F.);
#17772=ADVANCED_FACE('',(#17771),#17765,.T.);
#17773=CARTESIAN_POINT('',(4.875E-1,-3.43E-1,-1.6375E-1));
#17774=DIRECTION('',(0.E0,-1.E0,0.E0));
#17775=DIRECTION('',(0.E0,0.E0,1.E0));
#17776=AXIS2_PLACEMENT_3D('',#17773,#17774,#17775);
#17777=PLANE('',#17776);
#17779=ORIENTED_EDGE('',*,*,#17778,.T.);
#17780=ORIENTED_EDGE('',*,*,#17430,.F.);
#17781=ORIENTED_EDGE('',*,*,#17314,.F.);
#17783=ORIENTED_EDGE('',*,*,#17782,.T.);
#17784=EDGE_LOOP('',(#17779,#17780,#17781,#17783));
#17785=FACE_OUTER_BOUND('',#17784,.F.);
#17786=ADVANCED_FACE('',(#17785),#17777,.T.);
#17787=CARTESIAN_POINT('',(5.875E-1,-2.585E-1,-4.275E-1));
#17788=DIRECTION('',(0.E0,0.E0,-1.E0));
#17789=DIRECTION('',(0.E0,1.E0,0.E0));
#17790=AXIS2_PLACEMENT_3D('',#17787,#17788,#17789);
#17791=PLANE('',#17790);
#17792=ORIENTED_EDGE('',*,*,#17348,.F.);
#17793=ORIENTED_EDGE('',*,*,#17432,.T.);
#17794=ORIENTED_EDGE('',*,*,#17778,.F.);
#17796=ORIENTED_EDGE('',*,*,#17795,.T.);
#17797=EDGE_LOOP('',(#17792,#17793,#17794,#17796));
#17798=FACE_OUTER_BOUND('',#17797,.F.);
#17799=ADVANCED_FACE('',(#17798),#17791,.F.);
#17800=CARTESIAN_POINT('',(4.79E-1,1.7E-1,-4.525E-1));
#17801=DIRECTION('',(-1.E0,0.E0,0.E0));
#17802=DIRECTION('',(0.E0,-1.E0,0.E0));
#17803=AXIS2_PLACEMENT_3D('',#17800,#17801,#17802);
#17804=PLANE('',#17803);
#17805=ORIENTED_EDGE('',*,*,#17350,.F.);
#17806=ORIENTED_EDGE('',*,*,#17795,.F.);
#17807=ORIENTED_EDGE('',*,*,#17782,.F.);
#17808=ORIENTED_EDGE('',*,*,#17312,.F.);
#17809=EDGE_LOOP('',(#17805,#17806,#17807,#17808));
#17810=FACE_OUTER_BOUND('',#17809,.F.);
#17811=ADVANCED_FACE('',(#17810),#17804,.T.);
#17812=CARTESIAN_POINT('',(5.875E-1,-2.585E-1,-3.525E-1));
#17813=DIRECTION('',(0.E0,0.E0,-1.E0));
#17814=DIRECTION('',(0.E0,1.E0,0.E0));
#17815=AXIS2_PLACEMENT_3D('',#17812,#17813,#17814);
#17816=PLANE('',#17815);
#17817=ORIENTED_EDGE('',*,*,#17344,.F.);
#17819=ORIENTED_EDGE('',*,*,#17818,.T.);
#17821=ORIENTED_EDGE('',*,*,#17820,.T.);
#17822=ORIENTED_EDGE('',*,*,#17435,.T.);
#17823=EDGE_LOOP('',(#17817,#17819,#17821,#17822));
#17824=FACE_OUTER_BOUND('',#17823,.F.);
#17825=ADVANCED_FACE('',(#17824),#17816,.T.);
#17826=CARTESIAN_POINT('',(4.79E-1,1.7E-1,-4.525E-1));
#17827=DIRECTION('',(-1.E0,0.E0,0.E0));
#17828=DIRECTION('',(0.E0,-1.E0,0.E0));
#17829=AXIS2_PLACEMENT_3D('',#17826,#17827,#17828);
#17830=PLANE('',#17829);
#17831=ORIENTED_EDGE('',*,*,#17342,.F.);
#17833=ORIENTED_EDGE('',*,*,#17832,.F.);
#17835=ORIENTED_EDGE('',*,*,#17834,.F.);
#17836=ORIENTED_EDGE('',*,*,#17818,.F.);
#17837=EDGE_LOOP('',(#17831,#17833,#17835,#17836));
#17838=FACE_OUTER_BOUND('',#17837,.F.);
#17839=ADVANCED_FACE('',(#17838),#17830,.T.);
#17840=CARTESIAN_POINT('',(5.875E-1,-2.585E-1,-3.275E-1));
#17841=DIRECTION('',(0.E0,0.E0,-1.E0));
#17842=DIRECTION('',(0.E0,1.E0,0.E0));
#17843=AXIS2_PLACEMENT_3D('',#17840,#17841,#17842);
#17844=PLANE('',#17843);
#17845=ORIENTED_EDGE('',*,*,#17340,.F.);
#17846=ORIENTED_EDGE('',*,*,#17439,.T.);
#17848=ORIENTED_EDGE('',*,*,#17847,.F.);
#17849=ORIENTED_EDGE('',*,*,#17832,.T.);
#17850=EDGE_LOOP('',(#17845,#17846,#17848,#17849));
#17851=FACE_OUTER_BOUND('',#17850,.F.);
#17852=ADVANCED_FACE('',(#17851),#17844,.F.);
#17853=CARTESIAN_POINT('',(4.875E-1,-3.43E-1,-1.6375E-1));
#17854=DIRECTION('',(0.E0,-1.E0,0.E0));
#17855=DIRECTION('',(0.E0,0.E0,1.E0));
#17856=AXIS2_PLACEMENT_3D('',#17853,#17854,#17855);
#17857=PLANE('',#17856);
#17858=ORIENTED_EDGE('',*,*,#17847,.T.);
#17859=ORIENTED_EDGE('',*,*,#17437,.F.);
#17860=ORIENTED_EDGE('',*,*,#17820,.F.);
#17861=ORIENTED_EDGE('',*,*,#17834,.T.);
#17862=EDGE_LOOP('',(#17858,#17859,#17860,#17861));
#17863=FACE_OUTER_BOUND('',#17862,.F.);
#17864=ADVANCED_FACE('',(#17863),#17857,.T.);
#17865=CARTESIAN_POINT('',(5.875E-1,-2.585E-1,-2.525E-1));
#17866=DIRECTION('',(0.E0,0.E0,-1.E0));
#17867=DIRECTION('',(0.E0,1.E0,0.E0));
#17868=AXIS2_PLACEMENT_3D('',#17865,#17866,#17867);
#17869=PLANE('',#17868);
#17870=ORIENTED_EDGE('',*,*,#17336,.F.);
#17872=ORIENTED_EDGE('',*,*,#17871,.T.);
#17874=ORIENTED_EDGE('',*,*,#17873,.T.);
#17875=ORIENTED_EDGE('',*,*,#17442,.T.);
#17876=EDGE_LOOP('',(#17870,#17872,#17874,#17875));
#17877=FACE_OUTER_BOUND('',#17876,.F.);
#17878=ADVANCED_FACE('',(#17877),#17869,.T.);
#17879=CARTESIAN_POINT('',(4.79E-1,1.7E-1,-4.525E-1));
#17880=DIRECTION('',(-1.E0,0.E0,0.E0));
#17881=DIRECTION('',(0.E0,-1.E0,0.E0));
#17882=AXIS2_PLACEMENT_3D('',#17879,#17880,#17881);
#17883=PLANE('',#17882);
#17884=ORIENTED_EDGE('',*,*,#17334,.F.);
#17886=ORIENTED_EDGE('',*,*,#17885,.F.);
#17888=ORIENTED_EDGE('',*,*,#17887,.F.);
#17889=ORIENTED_EDGE('',*,*,#17871,.F.);
#17890=EDGE_LOOP('',(#17884,#17886,#17888,#17889));
#17891=FACE_OUTER_BOUND('',#17890,.F.);
#17892=ADVANCED_FACE('',(#17891),#17883,.T.);
#17893=CARTESIAN_POINT('',(5.875E-1,-2.585E-1,-2.275E-1));
#17894=DIRECTION('',(0.E0,0.E0,-1.E0));
#17895=DIRECTION('',(0.E0,1.E0,0.E0));
#17896=AXIS2_PLACEMENT_3D('',#17893,#17894,#17895);
#17897=PLANE('',#17896);
#17898=ORIENTED_EDGE('',*,*,#17332,.F.);
#17899=ORIENTED_EDGE('',*,*,#17446,.T.);
#17901=ORIENTED_EDGE('',*,*,#17900,.F.);
#17902=ORIENTED_EDGE('',*,*,#17885,.T.);
#17903=EDGE_LOOP('',(#17898,#17899,#17901,#17902));
#17904=FACE_OUTER_BOUND('',#17903,.F.);
#17905=ADVANCED_FACE('',(#17904),#17897,.F.);
#17906=CARTESIAN_POINT('',(4.875E-1,-3.43E-1,-1.6375E-1));
#17907=DIRECTION('',(0.E0,-1.E0,0.E0));
#17908=DIRECTION('',(0.E0,0.E0,1.E0));
#17909=AXIS2_PLACEMENT_3D('',#17906,#17907,#17908);
#17910=PLANE('',#17909);
#17911=ORIENTED_EDGE('',*,*,#17900,.T.);
#17912=ORIENTED_EDGE('',*,*,#17444,.F.);
#17913=ORIENTED_EDGE('',*,*,#17873,.F.);
#17914=ORIENTED_EDGE('',*,*,#17887,.T.);
#17915=EDGE_LOOP('',(#17911,#17912,#17913,#17914));
#17916=FACE_OUTER_BOUND('',#17915,.F.);
#17917=ADVANCED_FACE('',(#17916),#17910,.T.);
#17918=CARTESIAN_POINT('',(4.875E-1,-3.43E-1,-1.6375E-1));
#17919=DIRECTION('',(0.E0,-1.E0,0.E0));
#17920=DIRECTION('',(0.E0,0.E0,1.E0));
#17921=AXIS2_PLACEMENT_3D('',#17918,#17919,#17920);
#17922=PLANE('',#17921);
#17923=ORIENTED_EDGE('',*,*,#17403,.T.);
#17924=ORIENTED_EDGE('',*,*,#17450,.F.);
#17925=ORIENTED_EDGE('',*,*,#17374,.F.);
#17926=ORIENTED_EDGE('',*,*,#17389,.T.);
#17927=EDGE_LOOP('',(#17923,#17924,#17925,#17926));
#17928=FACE_OUTER_BOUND('',#17927,.F.);
#17929=ADVANCED_FACE('',(#17928),#17922,.T.);
#17930=CARTESIAN_POINT('',(4.975E-1,2.87E-1,-2.6E-1));
#17931=DIRECTION('',(0.E0,0.E0,1.E0));
#17932=DIRECTION('',(1.E0,0.E0,0.E0));
#17933=AXIS2_PLACEMENT_3D('',#17930,#17931,#17932);
#17934=PLANE('',#17933);
#17935=ORIENTED_EDGE('',*,*,#17275,.F.);
#17936=ORIENTED_EDGE('',*,*,#17258,.F.);
#17937=ORIENTED_EDGE('',*,*,#11056,.T.);
#17939=ORIENTED_EDGE('',*,*,#17938,.T.);
#17940=EDGE_LOOP('',(#17935,#17936,#17937,#17939));
#17941=FACE_OUTER_BOUND('',#17940,.F.);
#17942=ADVANCED_FACE('',(#17941),#17934,.F.);
#17943=CARTESIAN_POINT('',(4.975E-1,2.87E-1,-4.65E-1));
#17944=DIRECTION('',(-1.E0,0.E0,0.E0));
#17945=DIRECTION('',(0.E0,0.E0,1.E0));
#17946=AXIS2_PLACEMENT_3D('',#17943,#17944,#17945);
#17947=PLANE('',#17946);
#17948=ORIENTED_EDGE('',*,*,#17277,.F.);
#17949=ORIENTED_EDGE('',*,*,#17938,.F.);
#17950=ORIENTED_EDGE('',*,*,#11054,.F.);
#17951=ORIENTED_EDGE('',*,*,#13506,.F.);
#17952=EDGE_LOOP('',(#17948,#17949,#17950,#17951));
#17953=FACE_OUTER_BOUND('',#17952,.F.);
#17954=ADVANCED_FACE('',(#17953),#17947,.F.);
#17955=CARTESIAN_POINT('',(5.875E-1,-2.585E-1,-3.525E-1));
#17956=DIRECTION('',(0.E0,0.E0,-1.E0));
#17957=DIRECTION('',(0.E0,1.E0,0.E0));
#17958=AXIS2_PLACEMENT_3D('',#17955,#17956,#17957);
#17959=PLANE('',#17958);
#17960=ORIENTED_EDGE('',*,*,#13694,.F.);
#17961=ORIENTED_EDGE('',*,*,#13638,.T.);
#17963=ORIENTED_EDGE('',*,*,#17962,.F.);
#17965=ORIENTED_EDGE('',*,*,#17964,.T.);
#17966=EDGE_LOOP('',(#17960,#17961,#17963,#17965));
#17967=FACE_OUTER_BOUND('',#17966,.F.);
#17968=ADVANCED_FACE('',(#17967),#17959,.T.);
#17969=CARTESIAN_POINT('',(5.875E-1,-3.43E-1,-1.6375E-1));
#17970=DIRECTION('',(0.E0,1.E0,0.E0));
#17971=DIRECTION('',(0.E0,0.E0,1.E0));
#17972=AXIS2_PLACEMENT_3D('',#17969,#17970,#17971);
#17973=PLANE('',#17972);
#17974=ORIENTED_EDGE('',*,*,#17962,.T.);
#17975=ORIENTED_EDGE('',*,*,#13636,.T.);
#17977=ORIENTED_EDGE('',*,*,#17976,.F.);
#17979=ORIENTED_EDGE('',*,*,#17978,.F.);
#17980=EDGE_LOOP('',(#17974,#17975,#17977,#17979));
#17981=FACE_OUTER_BOUND('',#17980,.F.);
#17982=ADVANCED_FACE('',(#17981),#17973,.F.);
#17983=CARTESIAN_POINT('',(5.875E-1,-2.585E-1,-3.275E-1));
#17984=DIRECTION('',(0.E0,0.E0,-1.E0));
#17985=DIRECTION('',(0.E0,1.E0,0.E0));
#17986=AXIS2_PLACEMENT_3D('',#17983,#17984,#17985);
#17987=PLANE('',#17986);
#17988=ORIENTED_EDGE('',*,*,#13698,.F.);
#17990=ORIENTED_EDGE('',*,*,#17989,.T.);
#17991=ORIENTED_EDGE('',*,*,#17976,.T.);
#17992=ORIENTED_EDGE('',*,*,#13634,.T.);
#17993=EDGE_LOOP('',(#17988,#17990,#17991,#17992));
#17994=FACE_OUTER_BOUND('',#17993,.F.);
#17995=ADVANCED_FACE('',(#17994),#17987,.F.);
#17996=CARTESIAN_POINT('',(5.96E-1,-3.43E-1,-4.525E-1));
#17997=DIRECTION('',(1.E0,0.E0,0.E0));
#17998=DIRECTION('',(0.E0,1.E0,0.E0));
#17999=AXIS2_PLACEMENT_3D('',#17996,#17997,#17998);
#18000=PLANE('',#17999);
#18001=ORIENTED_EDGE('',*,*,#13696,.T.);
#18002=ORIENTED_EDGE('',*,*,#17964,.F.);
#18003=ORIENTED_EDGE('',*,*,#17978,.T.);
#18004=ORIENTED_EDGE('',*,*,#17989,.F.);
#18005=EDGE_LOOP('',(#18001,#18002,#18003,#18004));
#18006=FACE_OUTER_BOUND('',#18005,.F.);
#18007=ADVANCED_FACE('',(#18006),#18000,.T.);
#18008=CARTESIAN_POINT('',(3.275E-1,2.87E-1,-2.6E-1));
#18009=DIRECTION('',(1.E0,0.E0,0.E0));
#18010=DIRECTION('',(0.E0,0.E0,-1.E0));
#18011=AXIS2_PLACEMENT_3D('',#18008,#18009,#18010);
#18012=PLANE('',#18011);
#18013=ORIENTED_EDGE('',*,*,#13198,.F.);
#18014=ORIENTED_EDGE('',*,*,#13509,.T.);
#18015=ORIENTED_EDGE('',*,*,#11050,.T.);
#18017=ORIENTED_EDGE('',*,*,#18016,.T.);
#18018=EDGE_LOOP('',(#18013,#18014,#18015,#18017));
#18019=FACE_OUTER_BOUND('',#18018,.F.);
#18020=ADVANCED_FACE('',(#18019),#18012,.F.);
#18021=CARTESIAN_POINT('',(2.475E-1,2.87E-1,-2.6E-1));
#18022=DIRECTION('',(0.E0,0.E0,1.E0));
#18023=DIRECTION('',(1.E0,0.E0,0.E0));
#18024=AXIS2_PLACEMENT_3D('',#18021,#18022,#18023);
#18025=PLANE('',#18024);
#18026=ORIENTED_EDGE('',*,*,#13200,.F.);
#18027=ORIENTED_EDGE('',*,*,#18016,.F.);
#18028=ORIENTED_EDGE('',*,*,#11048,.T.);
#18030=ORIENTED_EDGE('',*,*,#18029,.T.);
#18031=EDGE_LOOP('',(#18026,#18027,#18028,#18030));
#18032=FACE_OUTER_BOUND('',#18031,.F.);
#18033=ADVANCED_FACE('',(#18032),#18025,.F.);
#18034=CARTESIAN_POINT('',(2.475E-1,2.87E-1,-4.65E-1));
#18035=DIRECTION('',(-1.E0,0.E0,0.E0));
#18036=DIRECTION('',(0.E0,0.E0,1.E0));
#18037=AXIS2_PLACEMENT_3D('',#18034,#18035,#18036);
#18038=PLANE('',#18037);
#18039=ORIENTED_EDGE('',*,*,#13202,.F.);
#18040=ORIENTED_EDGE('',*,*,#18029,.F.);
#18041=ORIENTED_EDGE('',*,*,#11046,.F.);
#18042=ORIENTED_EDGE('',*,*,#10714,.F.);
#18043=EDGE_LOOP('',(#18039,#18040,#18041,#18042));
#18044=FACE_OUTER_BOUND('',#18043,.F.);
#18045=ADVANCED_FACE('',(#18044),#18038,.F.);
#18046=CARTESIAN_POINT('',(3.46E-1,-3.43E-1,-4.525E-1));
#18047=DIRECTION('',(1.E0,0.E0,0.E0));
#18048=DIRECTION('',(0.E0,1.E0,0.E0));
#18049=AXIS2_PLACEMENT_3D('',#18046,#18047,#18048);
#18050=PLANE('',#18049);
#18051=ORIENTED_EDGE('',*,*,#13351,.T.);
#18052=ORIENTED_EDGE('',*,*,#13241,.F.);
#18053=ORIENTED_EDGE('',*,*,#13308,.T.);
#18054=ORIENTED_EDGE('',*,*,#13322,.F.);
#18055=EDGE_LOOP('',(#18051,#18052,#18053,#18054));
#18056=FACE_OUTER_BOUND('',#18055,.F.);
#18057=ADVANCED_FACE('',(#18056),#18050,.T.);
#18058=CARTESIAN_POINT('',(3.375E-1,-2.585E-1,-3.525E-1));
#18059=DIRECTION('',(0.E0,0.E0,-1.E0));
#18060=DIRECTION('',(0.E0,1.E0,0.E0));
#18061=AXIS2_PLACEMENT_3D('',#18058,#18059,#18060);
#18062=PLANE('',#18061);
#18063=ORIENTED_EDGE('',*,*,#13355,.F.);
#18064=ORIENTED_EDGE('',*,*,#12700,.T.);
#18066=ORIENTED_EDGE('',*,*,#18065,.F.);
#18068=ORIENTED_EDGE('',*,*,#18067,.T.);
#18069=EDGE_LOOP('',(#18063,#18064,#18066,#18068));
#18070=FACE_OUTER_BOUND('',#18069,.F.);
#18071=ADVANCED_FACE('',(#18070),#18062,.T.);
#18072=CARTESIAN_POINT('',(3.375E-1,-3.43E-1,-1.6375E-1));
#18073=DIRECTION('',(0.E0,1.E0,0.E0));
#18074=DIRECTION('',(0.E0,0.E0,1.E0));
#18075=AXIS2_PLACEMENT_3D('',#18072,#18073,#18074);
#18076=PLANE('',#18075);
#18077=ORIENTED_EDGE('',*,*,#18065,.T.);
#18078=ORIENTED_EDGE('',*,*,#12698,.T.);
#18080=ORIENTED_EDGE('',*,*,#18079,.F.);
#18082=ORIENTED_EDGE('',*,*,#18081,.F.);
#18083=EDGE_LOOP('',(#18077,#18078,#18080,#18082));
#18084=FACE_OUTER_BOUND('',#18083,.F.);
#18085=ADVANCED_FACE('',(#18084),#18076,.F.);
#18086=CARTESIAN_POINT('',(3.375E-1,-2.585E-1,-3.275E-1));
#18087=DIRECTION('',(0.E0,0.E0,-1.E0));
#18088=DIRECTION('',(0.E0,1.E0,0.E0));
#18089=AXIS2_PLACEMENT_3D('',#18086,#18087,#18088);
#18090=PLANE('',#18089);
#18091=ORIENTED_EDGE('',*,*,#13359,.F.);
#18093=ORIENTED_EDGE('',*,*,#18092,.T.);
#18094=ORIENTED_EDGE('',*,*,#18079,.T.);
#18095=ORIENTED_EDGE('',*,*,#12696,.T.);
#18096=EDGE_LOOP('',(#18091,#18093,#18094,#18095));
#18097=FACE_OUTER_BOUND('',#18096,.F.);
#18098=ADVANCED_FACE('',(#18097),#18090,.F.);
#18099=CARTESIAN_POINT('',(3.46E-1,-3.43E-1,-4.525E-1));
#18100=DIRECTION('',(1.E0,0.E0,0.E0));
#18101=DIRECTION('',(0.E0,1.E0,0.E0));
#18102=AXIS2_PLACEMENT_3D('',#18099,#18100,#18101);
#18103=PLANE('',#18102);
#18104=ORIENTED_EDGE('',*,*,#13357,.T.);
#18105=ORIENTED_EDGE('',*,*,#18067,.F.);
#18106=ORIENTED_EDGE('',*,*,#18081,.T.);
#18107=ORIENTED_EDGE('',*,*,#18092,.F.);
#18108=EDGE_LOOP('',(#18104,#18105,#18106,#18107));
#18109=FACE_OUTER_BOUND('',#18108,.F.);
#18110=ADVANCED_FACE('',(#18109),#18103,.T.);
#18111=CARTESIAN_POINT('',(2.375E-1,1.2E-3,4.6E-1));
#18112=DIRECTION('',(0.E0,0.E0,1.E0));
#18113=DIRECTION('',(0.E0,1.E0,0.E0));
#18114=AXIS2_PLACEMENT_3D('',#18111,#18112,#18113);
#18115=PLANE('',#18114);
#18116=ORIENTED_EDGE('',*,*,#12850,.T.);
#18117=ORIENTED_EDGE('',*,*,#12867,.T.);
#18118=ORIENTED_EDGE('',*,*,#12756,.F.);
#18119=ORIENTED_EDGE('',*,*,#12834,.F.);
#18120=EDGE_LOOP('',(#18116,#18117,#18118,#18119));
#18121=FACE_OUTER_BOUND('',#18120,.F.);
#18122=ADVANCED_FACE('',(#18121),#18115,.T.);
#18123=CARTESIAN_POINT('',(1.596E0,-3.43E-1,-4.525E-1));
#18124=DIRECTION('',(1.E0,0.E0,0.E0));
#18125=DIRECTION('',(0.E0,1.E0,0.E0));
#18126=AXIS2_PLACEMENT_3D('',#18123,#18124,#18125);
#18127=PLANE('',#18126);
#18128=ORIENTED_EDGE('',*,*,#11923,.F.);
#18130=ORIENTED_EDGE('',*,*,#18129,.F.);
#18132=ORIENTED_EDGE('',*,*,#18131,.F.);
#18133=ORIENTED_EDGE('',*,*,#11752,.F.);
#18134=EDGE_LOOP('',(#18128,#18130,#18132,#18133));
#18135=FACE_OUTER_BOUND('',#18134,.F.);
#18136=ADVANCED_FACE('',(#18135),#18127,.T.);
#18137=CARTESIAN_POINT('',(1.5875E0,-1.247E-1,2.925E-1));
#18138=DIRECTION('',(0.E0,-9.907833155514E-1,1.354563458276E-1));
#18139=DIRECTION('',(0.E0,-1.354563458276E-1,-9.907833155514E-1));
#18140=AXIS2_PLACEMENT_3D('',#18137,#18138,#18139);
#18141=PLANE('',#18140);
#18142=ORIENTED_EDGE('',*,*,#11941,.F.);
#18144=ORIENTED_EDGE('',*,*,#18143,.T.);
#18146=ORIENTED_EDGE('',*,*,#18145,.T.);
#18147=ORIENTED_EDGE('',*,*,#11512,.F.);
#18149=ORIENTED_EDGE('',*,*,#18148,.F.);
#18150=ORIENTED_EDGE('',*,*,#18129,.T.);
#18151=EDGE_LOOP('',(#18142,#18144,#18146,#18147,#18149,#18150));
#18152=FACE_OUTER_BOUND('',#18151,.F.);
#18153=ADVANCED_FACE('',(#18152),#18141,.T.);
#18154=CARTESIAN_POINT('',(1.5824E0,0.E0,4.65E-1));
#18155=DIRECTION('',(-1.E0,0.E0,0.E0));
#18156=DIRECTION('',(0.E0,0.E0,1.E0));
#18157=AXIS2_PLACEMENT_3D('',#18154,#18155,#18156);
#18158=PLANE('',#18157);
#18160=ORIENTED_EDGE('',*,*,#18159,.T.);
#18161=ORIENTED_EDGE('',*,*,#18143,.F.);
#18162=ORIENTED_EDGE('',*,*,#11939,.T.);
#18164=ORIENTED_EDGE('',*,*,#18163,.F.);
#18165=EDGE_LOOP('',(#18160,#18161,#18162,#18164));
#18166=FACE_OUTER_BOUND('',#18165,.F.);
#18167=ADVANCED_FACE('',(#18166),#18158,.T.);
#18168=CARTESIAN_POINT('',(1.5875E0,-9.075E-2,1.25E-1));
#18169=DIRECTION('',(0.E0,0.E0,-1.E0));
#18170=DIRECTION('',(0.E0,1.E0,0.E0));
#18171=AXIS2_PLACEMENT_3D('',#18168,#18169,#18170);
#18172=PLANE('',#18171);
#18173=ORIENTED_EDGE('',*,*,#18159,.F.);
#18175=ORIENTED_EDGE('',*,*,#18174,.T.);
#18176=ORIENTED_EDGE('',*,*,#11514,.T.);
#18177=ORIENTED_EDGE('',*,*,#18145,.F.);
#18178=EDGE_LOOP('',(#18173,#18175,#18176,#18177));
#18179=FACE_OUTER_BOUND('',#18178,.F.);
#18180=ADVANCED_FACE('',(#18179),#18172,.F.);
#18181=CARTESIAN_POINT('',(1.5775E0,-1.58E-1,-5.58E-1));
#18182=DIRECTION('',(0.E0,-1.E0,0.E0));
#18183=DIRECTION('',(-1.E0,0.E0,0.E0));
#18184=AXIS2_PLACEMENT_3D('',#18181,#18182,#18183);
#18185=PLANE('',#18184);
#18186=ORIENTED_EDGE('',*,*,#11516,.F.);
#18187=ORIENTED_EDGE('',*,*,#18174,.F.);
#18188=ORIENTED_EDGE('',*,*,#18163,.T.);
#18189=ORIENTED_EDGE('',*,*,#11937,.T.);
#18191=ORIENTED_EDGE('',*,*,#18190,.F.);
#18193=ORIENTED_EDGE('',*,*,#18192,.T.);
#18194=ORIENTED_EDGE('',*,*,#11403,.T.);
#18195=ORIENTED_EDGE('',*,*,#11452,.T.);
#18196=EDGE_LOOP('',(#18186,#18187,#18188,#18189,#18191,#18193,#18194,#18195));
#18197=FACE_OUTER_BOUND('',#18196,.F.);
#18198=ADVANCED_FACE('',(#18197),#18185,.F.);
#18199=CARTESIAN_POINT('',(1.4926E0,0.E0,4.65E-1));
#18200=DIRECTION('',(-1.E0,0.E0,0.E0));
#18201=DIRECTION('',(0.E0,0.E0,1.E0));
#18202=AXIS2_PLACEMENT_3D('',#18199,#18200,#18201);
#18203=PLANE('',#18202);
#18205=ORIENTED_EDGE('',*,*,#18204,.F.);
#18206=ORIENTED_EDGE('',*,*,#18190,.T.);
#18207=ORIENTED_EDGE('',*,*,#11935,.T.);
#18209=ORIENTED_EDGE('',*,*,#18208,.T.);
#18210=EDGE_LOOP('',(#18205,#18206,#18207,#18209));
#18211=FACE_OUTER_BOUND('',#18210,.F.);
#18212=ADVANCED_FACE('',(#18211),#18203,.F.);
#18213=CARTESIAN_POINT('',(1.4875E0,-9.075E-2,1.25E-1));
#18214=DIRECTION('',(0.E0,0.E0,-1.E0));
#18215=DIRECTION('',(0.E0,-1.E0,0.E0));
#18216=AXIS2_PLACEMENT_3D('',#18213,#18214,#18215);
#18217=PLANE('',#18216);
#18218=ORIENTED_EDGE('',*,*,#18204,.T.);
#18220=ORIENTED_EDGE('',*,*,#18219,.T.);
#18221=ORIENTED_EDGE('',*,*,#11405,.T.);
#18222=ORIENTED_EDGE('',*,*,#18192,.F.);
#18223=EDGE_LOOP('',(#18218,#18220,#18221,#18222));
#18224=FACE_OUTER_BOUND('',#18223,.F.);
#18225=ADVANCED_FACE('',(#18224),#18217,.F.);
#18226=CARTESIAN_POINT('',(1.4875E0,-1.247E-1,2.925E-1));
#18227=DIRECTION('',(0.E0,-9.907833155514E-1,1.354563458276E-1));
#18228=DIRECTION('',(0.E0,1.354563458276E-1,9.907833155514E-1));
#18229=AXIS2_PLACEMENT_3D('',#18226,#18227,#18228);
#18230=PLANE('',#18229);
#18231=ORIENTED_EDGE('',*,*,#11933,.T.);
#18233=ORIENTED_EDGE('',*,*,#18232,.T.);
#18235=ORIENTED_EDGE('',*,*,#18234,.T.);
#18236=ORIENTED_EDGE('',*,*,#11407,.F.);
#18237=ORIENTED_EDGE('',*,*,#18219,.F.);
#18238=ORIENTED_EDGE('',*,*,#18208,.F.);
#18239=EDGE_LOOP('',(#18231,#18233,#18235,#18236,#18237,#18238));
#18240=FACE_OUTER_BOUND('',#18239,.F.);
#18241=ADVANCED_FACE('',(#18240),#18230,.T.);
#18242=CARTESIAN_POINT('',(1.479E0,1.7E-1,-4.525E-1));
#18243=DIRECTION('',(-1.E0,0.E0,0.E0));
#18244=DIRECTION('',(0.E0,-1.E0,0.E0));
#18245=AXIS2_PLACEMENT_3D('',#18242,#18243,#18244);
#18246=PLANE('',#18245);
#18247=ORIENTED_EDGE('',*,*,#11931,.T.);
#18249=ORIENTED_EDGE('',*,*,#18248,.F.);
#18251=ORIENTED_EDGE('',*,*,#18250,.F.);
#18252=ORIENTED_EDGE('',*,*,#18232,.F.);
#18253=EDGE_LOOP('',(#18247,#18249,#18251,#18252));
#18254=FACE_OUTER_BOUND('',#18253,.F.);
#18255=ADVANCED_FACE('',(#18254),#18246,.T.);
#18256=CARTESIAN_POINT('',(1.4875E0,1.271E-1,2.925E-1));
#18257=DIRECTION('',(0.E0,9.907833155514E-1,1.354563458276E-1));
#18258=DIRECTION('',(0.E0,1.354563458276E-1,-9.907833155514E-1));
#18259=AXIS2_PLACEMENT_3D('',#18256,#18257,#18258);
#18260=PLANE('',#18259);
#18261=ORIENTED_EDGE('',*,*,#11929,.F.);
#18262=ORIENTED_EDGE('',*,*,#11276,.T.);
#18264=ORIENTED_EDGE('',*,*,#18263,.T.);
#18265=ORIENTED_EDGE('',*,*,#11411,.F.);
#18267=ORIENTED_EDGE('',*,*,#18266,.F.);
#18268=ORIENTED_EDGE('',*,*,#18248,.T.);
#18269=EDGE_LOOP('',(#18261,#18262,#18264,#18265,#18267,#18268));
#18270=FACE_OUTER_BOUND('',#18269,.F.);
#18271=ADVANCED_FACE('',(#18270),#18260,.T.);
#18272=CARTESIAN_POINT('',(1.4875E0,-9.075E-2,1.25E-1));
#18273=DIRECTION('',(0.E0,0.E0,-1.E0));
#18274=DIRECTION('',(0.E0,-1.E0,0.E0));
#18275=AXIS2_PLACEMENT_3D('',#18272,#18273,#18274);
#18276=PLANE('',#18275);
#18277=ORIENTED_EDGE('',*,*,#11274,.T.);
#18279=ORIENTED_EDGE('',*,*,#18278,.F.);
#18280=ORIENTED_EDGE('',*,*,#11413,.T.);
#18281=ORIENTED_EDGE('',*,*,#18263,.F.);
#18282=EDGE_LOOP('',(#18277,#18279,#18280,#18281));
#18283=FACE_OUTER_BOUND('',#18282,.F.);
#18284=ADVANCED_FACE('',(#18283),#18276,.F.);
#18285=CARTESIAN_POINT('',(1.4875E0,1.53E-1,-1.6375E-1));
#18286=DIRECTION('',(0.E0,1.E0,0.E0));
#18287=DIRECTION('',(0.E0,0.E0,1.E0));
#18288=AXIS2_PLACEMENT_3D('',#18285,#18286,#18287);
#18289=PLANE('',#18288);
#18290=ORIENTED_EDGE('',*,*,#11272,.F.);
#18291=ORIENTED_EDGE('',*,*,#11302,.F.);
#18292=ORIENTED_EDGE('',*,*,#11415,.T.);
#18293=ORIENTED_EDGE('',*,*,#18278,.T.);
#18294=EDGE_LOOP('',(#18290,#18291,#18292,#18293));
#18295=FACE_OUTER_BOUND('',#18294,.F.);
#18296=ADVANCED_FACE('',(#18295),#18289,.T.);
#18297=CARTESIAN_POINT('',(1.4875E0,1.2E-3,4.6E-1));
#18298=DIRECTION('',(0.E0,0.E0,1.E0));
#18299=DIRECTION('',(0.E0,1.E0,0.E0));
#18300=AXIS2_PLACEMENT_3D('',#18297,#18298,#18299);
#18301=PLANE('',#18300);
#18302=ORIENTED_EDGE('',*,*,#18250,.T.);
#18303=ORIENTED_EDGE('',*,*,#18266,.T.);
#18304=ORIENTED_EDGE('',*,*,#11409,.F.);
#18305=ORIENTED_EDGE('',*,*,#18234,.F.);
#18306=EDGE_LOOP('',(#18302,#18303,#18304,#18305));
#18307=FACE_OUTER_BOUND('',#18306,.F.);
#18308=ADVANCED_FACE('',(#18307),#18301,.T.);
#18309=CARTESIAN_POINT('',(1.5875E0,1.2E-3,4.6E-1));
#18310=DIRECTION('',(0.E0,0.E0,1.E0));
#18311=DIRECTION('',(0.E0,-1.E0,0.E0));
#18312=AXIS2_PLACEMENT_3D('',#18309,#18310,#18311);
#18313=PLANE('',#18312);
#18314=ORIENTED_EDGE('',*,*,#18131,.T.);
#18315=ORIENTED_EDGE('',*,*,#18148,.T.);
#18316=ORIENTED_EDGE('',*,*,#11510,.F.);
#18317=ORIENTED_EDGE('',*,*,#11754,.F.);
#18318=EDGE_LOOP('',(#18314,#18315,#18316,#18317));
#18319=FACE_OUTER_BOUND('',#18318,.F.);
#18320=ADVANCED_FACE('',(#18319),#18313,.T.);
#18321=CARTESIAN_POINT('',(1.7E0,0.E0,1.4E-1));
#18322=DIRECTION('',(1.E0,0.E0,0.E0));
#18323=DIRECTION('',(0.E0,1.E0,0.E0));
#18324=AXIS2_PLACEMENT_3D('',#18321,#18322,#18323);
#18325=PLANE('',#18324);
#18326=ORIENTED_EDGE('',*,*,#11945,.T.);
#18328=ORIENTED_EDGE('',*,*,#18327,.T.);
#18330=ORIENTED_EDGE('',*,*,#18329,.T.);
#18332=ORIENTED_EDGE('',*,*,#18331,.T.);
#18333=EDGE_LOOP('',(#18326,#18328,#18330,#18332));
#18334=FACE_OUTER_BOUND('',#18333,.F.);
#18335=ADVANCED_FACE('',(#18334),#18325,.F.);
#18336=CARTESIAN_POINT('',(1.7E0,-1.375E-1,-1.525E-1));
#18337=DIRECTION('',(0.E0,1.E0,0.E0));
#18338=DIRECTION('',(0.E0,0.E0,1.E0));
#18339=AXIS2_PLACEMENT_3D('',#18336,#18337,#18338);
#18340=PLANE('',#18339);
#18341=ORIENTED_EDGE('',*,*,#11951,.T.);
#18343=ORIENTED_EDGE('',*,*,#18342,.T.);
#18345=ORIENTED_EDGE('',*,*,#18344,.F.);
#18346=ORIENTED_EDGE('',*,*,#18327,.F.);
#18347=EDGE_LOOP('',(#18341,#18343,#18345,#18346));
#18348=FACE_OUTER_BOUND('',#18347,.F.);
#18349=ADVANCED_FACE('',(#18348),#18340,.T.);
#18350=CARTESIAN_POINT('',(1.725E0,0.E0,1.4E-1));
#18351=DIRECTION('',(1.E0,0.E0,0.E0));
#18352=DIRECTION('',(0.E0,1.E0,0.E0));
#18353=AXIS2_PLACEMENT_3D('',#18350,#18351,#18352);
#18354=PLANE('',#18353);
#18355=ORIENTED_EDGE('',*,*,#11949,.F.);
#18357=ORIENTED_EDGE('',*,*,#18356,.F.);
#18359=ORIENTED_EDGE('',*,*,#18358,.F.);
#18360=ORIENTED_EDGE('',*,*,#18342,.F.);
#18361=EDGE_LOOP('',(#18355,#18357,#18359,#18360));
#18362=FACE_OUTER_BOUND('',#18361,.F.);
#18363=ADVANCED_FACE('',(#18362),#18354,.T.);
#18364=CARTESIAN_POINT('',(1.7E0,-1.625E-1,4.1E-1));
#18365=DIRECTION('',(0.E0,-1.E0,0.E0));
#18366=DIRECTION('',(0.E0,0.E0,-1.E0));
#18367=AXIS2_PLACEMENT_3D('',#18364,#18365,#18366);
#18368=PLANE('',#18367);
#18369=ORIENTED_EDGE('',*,*,#11947,.F.);
#18370=ORIENTED_EDGE('',*,*,#18331,.F.);
#18372=ORIENTED_EDGE('',*,*,#18371,.T.);
#18373=ORIENTED_EDGE('',*,*,#18356,.T.);
#18374=EDGE_LOOP('',(#18369,#18370,#18372,#18373));
#18375=FACE_OUTER_BOUND('',#18374,.F.);
#18376=ADVANCED_FACE('',(#18375),#18368,.T.);
#18377=CARTESIAN_POINT('',(1.7E0,-1.375E-1,4.1E-1));
#18378=DIRECTION('',(0.E0,0.E0,1.E0));
#18379=DIRECTION('',(0.E0,-1.E0,0.E0));
#18380=AXIS2_PLACEMENT_3D('',#18377,#18378,#18379);
#18381=PLANE('',#18380);
#18382=ORIENTED_EDGE('',*,*,#18329,.F.);
#18383=ORIENTED_EDGE('',*,*,#18344,.T.);
#18384=ORIENTED_EDGE('',*,*,#18358,.T.);
#18385=ORIENTED_EDGE('',*,*,#18371,.F.);
#18386=EDGE_LOOP('',(#18382,#18383,#18384,#18385));
#18387=FACE_OUTER_BOUND('',#18386,.F.);
#18388=ADVANCED_FACE('',(#18387),#18381,.T.);
#18389=CARTESIAN_POINT('',(1.7E0,0.E0,1.4E-1));
#18390=DIRECTION('',(1.E0,0.E0,0.E0));
#18391=DIRECTION('',(0.E0,1.E0,0.E0));
#18392=AXIS2_PLACEMENT_3D('',#18389,#18390,#18391);
#18393=PLANE('',#18392);
#18394=ORIENTED_EDGE('',*,*,#11955,.T.);
#18396=ORIENTED_EDGE('',*,*,#18395,.T.);
#18398=ORIENTED_EDGE('',*,*,#18397,.T.);
#18400=ORIENTED_EDGE('',*,*,#18399,.T.);
#18401=EDGE_LOOP('',(#18394,#18396,#18398,#18400));
#18402=FACE_OUTER_BOUND('',#18401,.F.);
#18403=ADVANCED_FACE('',(#18402),#18393,.F.);
#18404=CARTESIAN_POINT('',(1.7E0,-3.75E-2,-2.525E-1));
#18405=DIRECTION('',(0.E0,1.E0,0.E0));
#18406=DIRECTION('',(0.E0,0.E0,1.E0));
#18407=AXIS2_PLACEMENT_3D('',#18404,#18405,#18406);
#18408=PLANE('',#18407);
#18409=ORIENTED_EDGE('',*,*,#11961,.T.);
#18411=ORIENTED_EDGE('',*,*,#18410,.T.);
#18413=ORIENTED_EDGE('',*,*,#18412,.F.);
#18414=ORIENTED_EDGE('',*,*,#18395,.F.);
#18415=EDGE_LOOP('',(#18409,#18411,#18413,#18414));
#18416=FACE_OUTER_BOUND('',#18415,.F.);
#18417=ADVANCED_FACE('',(#18416),#18408,.T.);
#18418=CARTESIAN_POINT('',(1.725E0,0.E0,1.4E-1));
#18419=DIRECTION('',(1.E0,0.E0,0.E0));
#18420=DIRECTION('',(0.E0,1.E0,0.E0));
#18421=AXIS2_PLACEMENT_3D('',#18418,#18419,#18420);
#18422=PLANE('',#18421);
#18423=ORIENTED_EDGE('',*,*,#11959,.F.);
#18425=ORIENTED_EDGE('',*,*,#18424,.F.);
#18427=ORIENTED_EDGE('',*,*,#18426,.F.);
#18428=ORIENTED_EDGE('',*,*,#18410,.F.);
#18429=EDGE_LOOP('',(#18423,#18425,#18427,#18428));
#18430=FACE_OUTER_BOUND('',#18429,.F.);
#18431=ADVANCED_FACE('',(#18430),#18422,.T.);
#18432=CARTESIAN_POINT('',(1.7E0,-6.25E-2,4.1E-1));
#18433=DIRECTION('',(0.E0,-1.E0,0.E0));
#18434=DIRECTION('',(0.E0,0.E0,-1.E0));
#18435=AXIS2_PLACEMENT_3D('',#18432,#18433,#18434);
#18436=PLANE('',#18435);
#18437=ORIENTED_EDGE('',*,*,#11957,.F.);
#18438=ORIENTED_EDGE('',*,*,#18399,.F.);
#18440=ORIENTED_EDGE('',*,*,#18439,.T.);
#18441=ORIENTED_EDGE('',*,*,#18424,.T.);
#18442=EDGE_LOOP('',(#18437,#18438,#18440,#18441));
#18443=FACE_OUTER_BOUND('',#18442,.F.);
#18444=ADVANCED_FACE('',(#18443),#18436,.T.);
#18445=CARTESIAN_POINT('',(1.7E0,-3.75E-2,4.1E-1));
#18446=DIRECTION('',(0.E0,0.E0,1.E0));
#18447=DIRECTION('',(0.E0,-1.E0,0.E0));
#18448=AXIS2_PLACEMENT_3D('',#18445,#18446,#18447);
#18449=PLANE('',#18448);
#18450=ORIENTED_EDGE('',*,*,#18397,.F.);
#18451=ORIENTED_EDGE('',*,*,#18412,.T.);
#18452=ORIENTED_EDGE('',*,*,#18426,.T.);
#18453=ORIENTED_EDGE('',*,*,#18439,.F.);
#18454=EDGE_LOOP('',(#18450,#18451,#18452,#18453));
#18455=FACE_OUTER_BOUND('',#18454,.F.);
#18456=ADVANCED_FACE('',(#18455),#18449,.T.);
#18457=CARTESIAN_POINT('',(1.7E0,0.E0,1.4E-1));
#18458=DIRECTION('',(1.E0,0.E0,0.E0));
#18459=DIRECTION('',(0.E0,1.E0,0.E0));
#18460=AXIS2_PLACEMENT_3D('',#18457,#18458,#18459);
#18461=PLANE('',#18460);
#18462=ORIENTED_EDGE('',*,*,#11965,.T.);
#18464=ORIENTED_EDGE('',*,*,#18463,.T.);
#18466=ORIENTED_EDGE('',*,*,#18465,.T.);
#18468=ORIENTED_EDGE('',*,*,#18467,.T.);
#18469=EDGE_LOOP('',(#18462,#18464,#18466,#18468));
#18470=FACE_OUTER_BOUND('',#18469,.F.);
#18471=ADVANCED_FACE('',(#18470),#18461,.F.);
#18472=CARTESIAN_POINT('',(1.7E0,6.25E-2,-3.525E-1));
#18473=DIRECTION('',(0.E0,1.E0,0.E0));
#18474=DIRECTION('',(0.E0,0.E0,1.E0));
#18475=AXIS2_PLACEMENT_3D('',#18472,#18473,#18474);
#18476=PLANE('',#18475);
#18477=ORIENTED_EDGE('',*,*,#11971,.T.);
#18479=ORIENTED_EDGE('',*,*,#18478,.T.);
#18481=ORIENTED_EDGE('',*,*,#18480,.F.);
#18482=ORIENTED_EDGE('',*,*,#18463,.F.);
#18483=EDGE_LOOP('',(#18477,#18479,#18481,#18482));
#18484=FACE_OUTER_BOUND('',#18483,.F.);
#18485=ADVANCED_FACE('',(#18484),#18476,.T.);
#18486=CARTESIAN_POINT('',(1.725E0,0.E0,1.4E-1));
#18487=DIRECTION('',(1.E0,0.E0,0.E0));
#18488=DIRECTION('',(0.E0,1.E0,0.E0));
#18489=AXIS2_PLACEMENT_3D('',#18486,#18487,#18488);
#18490=PLANE('',#18489);
#18491=ORIENTED_EDGE('',*,*,#11969,.F.);
#18493=ORIENTED_EDGE('',*,*,#18492,.F.);
#18495=ORIENTED_EDGE('',*,*,#18494,.F.);
#18496=ORIENTED_EDGE('',*,*,#18478,.F.);
#18497=EDGE_LOOP('',(#18491,#18493,#18495,#18496));
#18498=FACE_OUTER_BOUND('',#18497,.F.);
#18499=ADVANCED_FACE('',(#18498),#18490,.T.);
#18500=CARTESIAN_POINT('',(1.7E0,3.75E-2,4.1E-1));
#18501=DIRECTION('',(0.E0,-1.E0,0.E0));
#18502=DIRECTION('',(0.E0,0.E0,-1.E0));
#18503=AXIS2_PLACEMENT_3D('',#18500,#18501,#18502);
#18504=PLANE('',#18503);
#18505=ORIENTED_EDGE('',*,*,#11967,.F.);
#18506=ORIENTED_EDGE('',*,*,#18467,.F.);
#18508=ORIENTED_EDGE('',*,*,#18507,.T.);
#18509=ORIENTED_EDGE('',*,*,#18492,.T.);
#18510=EDGE_LOOP('',(#18505,#18506,#18508,#18509));
#18511=FACE_OUTER_BOUND('',#18510,.F.);
#18512=ADVANCED_FACE('',(#18511),#18504,.T.);
#18513=CARTESIAN_POINT('',(1.7E0,6.25E-2,4.1E-1));
#18514=DIRECTION('',(0.E0,0.E0,1.E0));
#18515=DIRECTION('',(0.E0,-1.E0,0.E0));
#18516=AXIS2_PLACEMENT_3D('',#18513,#18514,#18515);
#18517=PLANE('',#18516);
#18518=ORIENTED_EDGE('',*,*,#18465,.F.);
#18519=ORIENTED_EDGE('',*,*,#18480,.T.);
#18520=ORIENTED_EDGE('',*,*,#18494,.T.);
#18521=ORIENTED_EDGE('',*,*,#18507,.F.);
#18522=EDGE_LOOP('',(#18518,#18519,#18520,#18521));
#18523=FACE_OUTER_BOUND('',#18522,.F.);
#18524=ADVANCED_FACE('',(#18523),#18517,.T.);
#18525=CARTESIAN_POINT('',(1.7E0,0.E0,1.4E-1));
#18526=DIRECTION('',(1.E0,0.E0,0.E0));
#18527=DIRECTION('',(0.E0,1.E0,0.E0));
#18528=AXIS2_PLACEMENT_3D('',#18525,#18526,#18527);
#18529=PLANE('',#18528);
#18530=ORIENTED_EDGE('',*,*,#11975,.T.);
#18532=ORIENTED_EDGE('',*,*,#18531,.T.);
#18534=ORIENTED_EDGE('',*,*,#18533,.T.);
#18536=ORIENTED_EDGE('',*,*,#18535,.T.);
#18537=EDGE_LOOP('',(#18530,#18532,#18534,#18536));
#18538=FACE_OUTER_BOUND('',#18537,.F.);
#18539=ADVANCED_FACE('',(#18538),#18529,.F.);
#18540=CARTESIAN_POINT('',(1.7E0,1.625E-1,-4.525E-1));
#18541=DIRECTION('',(0.E0,1.E0,0.E0));
#18542=DIRECTION('',(0.E0,0.E0,1.E0));
#18543=AXIS2_PLACEMENT_3D('',#18540,#18541,#18542);
#18544=PLANE('',#18543);
#18545=ORIENTED_EDGE('',*,*,#11981,.T.);
#18547=ORIENTED_EDGE('',*,*,#18546,.T.);
#18549=ORIENTED_EDGE('',*,*,#18548,.F.);
#18550=ORIENTED_EDGE('',*,*,#18531,.F.);
#18551=EDGE_LOOP('',(#18545,#18547,#18549,#18550));
#18552=FACE_OUTER_BOUND('',#18551,.F.);
#18553=ADVANCED_FACE('',(#18552),#18544,.T.);
#18554=CARTESIAN_POINT('',(1.725E0,0.E0,1.4E-1));
#18555=DIRECTION('',(1.E0,0.E0,0.E0));
#18556=DIRECTION('',(0.E0,1.E0,0.E0));
#18557=AXIS2_PLACEMENT_3D('',#18554,#18555,#18556);
#18558=PLANE('',#18557);
#18559=ORIENTED_EDGE('',*,*,#11979,.F.);
#18561=ORIENTED_EDGE('',*,*,#18560,.F.);
#18563=ORIENTED_EDGE('',*,*,#18562,.F.);
#18564=ORIENTED_EDGE('',*,*,#18546,.F.);
#18565=EDGE_LOOP('',(#18559,#18561,#18563,#18564));
#18566=FACE_OUTER_BOUND('',#18565,.F.);
#18567=ADVANCED_FACE('',(#18566),#18558,.T.);
#18568=CARTESIAN_POINT('',(1.7E0,1.375E-1,4.1E-1));
#18569=DIRECTION('',(0.E0,-1.E0,0.E0));
#18570=DIRECTION('',(0.E0,0.E0,-1.E0));
#18571=AXIS2_PLACEMENT_3D('',#18568,#18569,#18570);
#18572=PLANE('',#18571);
#18573=ORIENTED_EDGE('',*,*,#11977,.F.);
#18574=ORIENTED_EDGE('',*,*,#18535,.F.);
#18576=ORIENTED_EDGE('',*,*,#18575,.T.);
#18577=ORIENTED_EDGE('',*,*,#18560,.T.);
#18578=EDGE_LOOP('',(#18573,#18574,#18576,#18577));
#18579=FACE_OUTER_BOUND('',#18578,.F.);
#18580=ADVANCED_FACE('',(#18579),#18572,.T.);
#18581=CARTESIAN_POINT('',(1.7E0,1.625E-1,4.1E-1));
#18582=DIRECTION('',(0.E0,0.E0,1.E0));
#18583=DIRECTION('',(0.E0,-1.E0,0.E0));
#18584=AXIS2_PLACEMENT_3D('',#18581,#18582,#18583);
#18585=PLANE('',#18584);
#18586=ORIENTED_EDGE('',*,*,#18533,.F.);
#18587=ORIENTED_EDGE('',*,*,#18548,.T.);
#18588=ORIENTED_EDGE('',*,*,#18562,.T.);
#18589=ORIENTED_EDGE('',*,*,#18575,.F.);
#18590=EDGE_LOOP('',(#18586,#18587,#18588,#18589));
#18591=FACE_OUTER_BOUND('',#18590,.F.);
#18592=ADVANCED_FACE('',(#18591),#18585,.T.);
#18593=CARTESIAN_POINT('',(1.8E0,0.E0,1.4E-1));
#18594=DIRECTION('',(1.E0,0.E0,0.E0));
#18595=DIRECTION('',(0.E0,1.E0,0.E0));
#18596=AXIS2_PLACEMENT_3D('',#18593,#18594,#18595);
#18597=PLANE('',#18596);
#18598=ORIENTED_EDGE('',*,*,#11985,.T.);
#18600=ORIENTED_EDGE('',*,*,#18599,.T.);
#18602=ORIENTED_EDGE('',*,*,#18601,.T.);
#18604=ORIENTED_EDGE('',*,*,#18603,.T.);
#18605=EDGE_LOOP('',(#18598,#18600,#18602,#18604));
#18606=FACE_OUTER_BOUND('',#18605,.F.);
#18607=ADVANCED_FACE('',(#18606),#18597,.F.);
#18608=CARTESIAN_POINT('',(1.8E0,-1.375E-1,-1.525E-1));
#18609=DIRECTION('',(0.E0,1.E0,0.E0));
#18610=DIRECTION('',(0.E0,0.E0,1.E0));
#18611=AXIS2_PLACEMENT_3D('',#18608,#18609,#18610);
#18612=PLANE('',#18611);
#18613=ORIENTED_EDGE('',*,*,#11991,.T.);
#18615=ORIENTED_EDGE('',*,*,#18614,.T.);
#18617=ORIENTED_EDGE('',*,*,#18616,.F.);
#18618=ORIENTED_EDGE('',*,*,#18599,.F.);
#18619=EDGE_LOOP('',(#18613,#18615,#18617,#18618));
#18620=FACE_OUTER_BOUND('',#18619,.F.);
#18621=ADVANCED_FACE('',(#18620),#18612,.T.);
#18622=CARTESIAN_POINT('',(1.825E0,0.E0,1.4E-1));
#18623=DIRECTION('',(1.E0,0.E0,0.E0));
#18624=DIRECTION('',(0.E0,1.E0,0.E0));
#18625=AXIS2_PLACEMENT_3D('',#18622,#18623,#18624);
#18626=PLANE('',#18625);
#18627=ORIENTED_EDGE('',*,*,#11989,.F.);
#18629=ORIENTED_EDGE('',*,*,#18628,.F.);
#18631=ORIENTED_EDGE('',*,*,#18630,.F.);
#18632=ORIENTED_EDGE('',*,*,#18614,.F.);
#18633=EDGE_LOOP('',(#18627,#18629,#18631,#18632));
#18634=FACE_OUTER_BOUND('',#18633,.F.);
#18635=ADVANCED_FACE('',(#18634),#18626,.T.);
#18636=CARTESIAN_POINT('',(1.8E0,-1.625E-1,4.1E-1));
#18637=DIRECTION('',(0.E0,-1.E0,0.E0));
#18638=DIRECTION('',(0.E0,0.E0,-1.E0));
#18639=AXIS2_PLACEMENT_3D('',#18636,#18637,#18638);
#18640=PLANE('',#18639);
#18641=ORIENTED_EDGE('',*,*,#11987,.F.);
#18642=ORIENTED_EDGE('',*,*,#18603,.F.);
#18644=ORIENTED_EDGE('',*,*,#18643,.T.);
#18645=ORIENTED_EDGE('',*,*,#18628,.T.);
#18646=EDGE_LOOP('',(#18641,#18642,#18644,#18645));
#18647=FACE_OUTER_BOUND('',#18646,.F.);
#18648=ADVANCED_FACE('',(#18647),#18640,.T.);
#18649=CARTESIAN_POINT('',(1.8E0,-1.375E-1,4.1E-1));
#18650=DIRECTION('',(0.E0,0.E0,1.E0));
#18651=DIRECTION('',(0.E0,-1.E0,0.E0));
#18652=AXIS2_PLACEMENT_3D('',#18649,#18650,#18651);
#18653=PLANE('',#18652);
#18654=ORIENTED_EDGE('',*,*,#18601,.F.);
#18655=ORIENTED_EDGE('',*,*,#18616,.T.);
#18656=ORIENTED_EDGE('',*,*,#18630,.T.);
#18657=ORIENTED_EDGE('',*,*,#18643,.F.);
#18658=EDGE_LOOP('',(#18654,#18655,#18656,#18657));
#18659=FACE_OUTER_BOUND('',#18658,.F.);
#18660=ADVANCED_FACE('',(#18659),#18653,.T.);
#18661=CARTESIAN_POINT('',(1.8E0,0.E0,1.4E-1));
#18662=DIRECTION('',(1.E0,0.E0,0.E0));
#18663=DIRECTION('',(0.E0,1.E0,0.E0));
#18664=AXIS2_PLACEMENT_3D('',#18661,#18662,#18663);
#18665=PLANE('',#18664);
#18666=ORIENTED_EDGE('',*,*,#11995,.T.);
#18668=ORIENTED_EDGE('',*,*,#18667,.T.);
#18670=ORIENTED_EDGE('',*,*,#18669,.T.);
#18672=ORIENTED_EDGE('',*,*,#18671,.T.);
#18673=EDGE_LOOP('',(#18666,#18668,#18670,#18672));
#18674=FACE_OUTER_BOUND('',#18673,.F.);
#18675=ADVANCED_FACE('',(#18674),#18665,.F.);
#18676=CARTESIAN_POINT('',(1.8E0,-3.75E-2,-2.525E-1));
#18677=DIRECTION('',(0.E0,1.E0,0.E0));
#18678=DIRECTION('',(0.E0,0.E0,1.E0));
#18679=AXIS2_PLACEMENT_3D('',#18676,#18677,#18678);
#18680=PLANE('',#18679);
#18681=ORIENTED_EDGE('',*,*,#12001,.T.);
#18683=ORIENTED_EDGE('',*,*,#18682,.T.);
#18685=ORIENTED_EDGE('',*,*,#18684,.F.);
#18686=ORIENTED_EDGE('',*,*,#18667,.F.);
#18687=EDGE_LOOP('',(#18681,#18683,#18685,#18686));
#18688=FACE_OUTER_BOUND('',#18687,.F.);
#18689=ADVANCED_FACE('',(#18688),#18680,.T.);
#18690=CARTESIAN_POINT('',(1.825E0,0.E0,1.4E-1));
#18691=DIRECTION('',(1.E0,0.E0,0.E0));
#18692=DIRECTION('',(0.E0,1.E0,0.E0));
#18693=AXIS2_PLACEMENT_3D('',#18690,#18691,#18692);
#18694=PLANE('',#18693);
#18695=ORIENTED_EDGE('',*,*,#11999,.F.);
#18697=ORIENTED_EDGE('',*,*,#18696,.F.);
#18699=ORIENTED_EDGE('',*,*,#18698,.F.);
#18700=ORIENTED_EDGE('',*,*,#18682,.F.);
#18701=EDGE_LOOP('',(#18695,#18697,#18699,#18700));
#18702=FACE_OUTER_BOUND('',#18701,.F.);
#18703=ADVANCED_FACE('',(#18702),#18694,.T.);
#18704=CARTESIAN_POINT('',(1.8E0,-6.25E-2,4.1E-1));
#18705=DIRECTION('',(0.E0,-1.E0,0.E0));
#18706=DIRECTION('',(0.E0,0.E0,-1.E0));
#18707=AXIS2_PLACEMENT_3D('',#18704,#18705,#18706);
#18708=PLANE('',#18707);
#18709=ORIENTED_EDGE('',*,*,#11997,.F.);
#18710=ORIENTED_EDGE('',*,*,#18671,.F.);
#18712=ORIENTED_EDGE('',*,*,#18711,.T.);
#18713=ORIENTED_EDGE('',*,*,#18696,.T.);
#18714=EDGE_LOOP('',(#18709,#18710,#18712,#18713));
#18715=FACE_OUTER_BOUND('',#18714,.F.);
#18716=ADVANCED_FACE('',(#18715),#18708,.T.);
#18717=CARTESIAN_POINT('',(1.8E0,-3.75E-2,4.1E-1));
#18718=DIRECTION('',(0.E0,0.E0,1.E0));
#18719=DIRECTION('',(0.E0,-1.E0,0.E0));
#18720=AXIS2_PLACEMENT_3D('',#18717,#18718,#18719);
#18721=PLANE('',#18720);
#18722=ORIENTED_EDGE('',*,*,#18669,.F.);
#18723=ORIENTED_EDGE('',*,*,#18684,.T.);
#18724=ORIENTED_EDGE('',*,*,#18698,.T.);
#18725=ORIENTED_EDGE('',*,*,#18711,.F.);
#18726=EDGE_LOOP('',(#18722,#18723,#18724,#18725));
#18727=FACE_OUTER_BOUND('',#18726,.F.);
#18728=ADVANCED_FACE('',(#18727),#18721,.T.);
#18729=CARTESIAN_POINT('',(1.8E0,0.E0,1.4E-1));
#18730=DIRECTION('',(1.E0,0.E0,0.E0));
#18731=DIRECTION('',(0.E0,1.E0,0.E0));
#18732=AXIS2_PLACEMENT_3D('',#18729,#18730,#18731);
#18733=PLANE('',#18732);
#18734=ORIENTED_EDGE('',*,*,#12005,.T.);
#18736=ORIENTED_EDGE('',*,*,#18735,.T.);
#18738=ORIENTED_EDGE('',*,*,#18737,.T.);
#18740=ORIENTED_EDGE('',*,*,#18739,.T.);
#18741=EDGE_LOOP('',(#18734,#18736,#18738,#18740));
#18742=FACE_OUTER_BOUND('',#18741,.F.);
#18743=ADVANCED_FACE('',(#18742),#18733,.F.);
#18744=CARTESIAN_POINT('',(1.8E0,6.25E-2,-3.525E-1));
#18745=DIRECTION('',(0.E0,1.E0,0.E0));
#18746=DIRECTION('',(0.E0,0.E0,1.E0));
#18747=AXIS2_PLACEMENT_3D('',#18744,#18745,#18746);
#18748=PLANE('',#18747);
#18749=ORIENTED_EDGE('',*,*,#12011,.T.);
#18751=ORIENTED_EDGE('',*,*,#18750,.T.);
#18753=ORIENTED_EDGE('',*,*,#18752,.F.);
#18754=ORIENTED_EDGE('',*,*,#18735,.F.);
#18755=EDGE_LOOP('',(#18749,#18751,#18753,#18754));
#18756=FACE_OUTER_BOUND('',#18755,.F.);
#18757=ADVANCED_FACE('',(#18756),#18748,.T.);
#18758=CARTESIAN_POINT('',(1.825E0,0.E0,1.4E-1));
#18759=DIRECTION('',(1.E0,0.E0,0.E0));
#18760=DIRECTION('',(0.E0,1.E0,0.E0));
#18761=AXIS2_PLACEMENT_3D('',#18758,#18759,#18760);
#18762=PLANE('',#18761);
#18763=ORIENTED_EDGE('',*,*,#12009,.F.);
#18765=ORIENTED_EDGE('',*,*,#18764,.F.);
#18767=ORIENTED_EDGE('',*,*,#18766,.F.);
#18768=ORIENTED_EDGE('',*,*,#18750,.F.);
#18769=EDGE_LOOP('',(#18763,#18765,#18767,#18768));
#18770=FACE_OUTER_BOUND('',#18769,.F.);
#18771=ADVANCED_FACE('',(#18770),#18762,.T.);
#18772=CARTESIAN_POINT('',(1.8E0,3.75E-2,4.1E-1));
#18773=DIRECTION('',(0.E0,-1.E0,0.E0));
#18774=DIRECTION('',(0.E0,0.E0,-1.E0));
#18775=AXIS2_PLACEMENT_3D('',#18772,#18773,#18774);
#18776=PLANE('',#18775);
#18777=ORIENTED_EDGE('',*,*,#12007,.F.);
#18778=ORIENTED_EDGE('',*,*,#18739,.F.);
#18780=ORIENTED_EDGE('',*,*,#18779,.T.);
#18781=ORIENTED_EDGE('',*,*,#18764,.T.);
#18782=EDGE_LOOP('',(#18777,#18778,#18780,#18781));
#18783=FACE_OUTER_BOUND('',#18782,.F.);
#18784=ADVANCED_FACE('',(#18783),#18776,.T.);
#18785=CARTESIAN_POINT('',(1.8E0,6.25E-2,4.1E-1));
#18786=DIRECTION('',(0.E0,0.E0,1.E0));
#18787=DIRECTION('',(0.E0,-1.E0,0.E0));
#18788=AXIS2_PLACEMENT_3D('',#18785,#18786,#18787);
#18789=PLANE('',#18788);
#18790=ORIENTED_EDGE('',*,*,#18737,.F.);
#18791=ORIENTED_EDGE('',*,*,#18752,.T.);
#18792=ORIENTED_EDGE('',*,*,#18766,.T.);
#18793=ORIENTED_EDGE('',*,*,#18779,.F.);
#18794=EDGE_LOOP('',(#18790,#18791,#18792,#18793));
#18795=FACE_OUTER_BOUND('',#18794,.F.);
#18796=ADVANCED_FACE('',(#18795),#18789,.T.);
#18797=CARTESIAN_POINT('',(1.8E0,0.E0,1.4E-1));
#18798=DIRECTION('',(1.E0,0.E0,0.E0));
#18799=DIRECTION('',(0.E0,1.E0,0.E0));
#18800=AXIS2_PLACEMENT_3D('',#18797,#18798,#18799);
#18801=PLANE('',#18800);
#18802=ORIENTED_EDGE('',*,*,#12015,.T.);
#18804=ORIENTED_EDGE('',*,*,#18803,.T.);
#18806=ORIENTED_EDGE('',*,*,#18805,.T.);
#18808=ORIENTED_EDGE('',*,*,#18807,.T.);
#18809=EDGE_LOOP('',(#18802,#18804,#18806,#18808));
#18810=FACE_OUTER_BOUND('',#18809,.F.);
#18811=ADVANCED_FACE('',(#18810),#18801,.F.);
#18812=CARTESIAN_POINT('',(1.8E0,1.625E-1,-4.525E-1));
#18813=DIRECTION('',(0.E0,1.E0,0.E0));
#18814=DIRECTION('',(0.E0,0.E0,1.E0));
#18815=AXIS2_PLACEMENT_3D('',#18812,#18813,#18814);
#18816=PLANE('',#18815);
#18817=ORIENTED_EDGE('',*,*,#12021,.T.);
#18819=ORIENTED_EDGE('',*,*,#18818,.T.);
#18821=ORIENTED_EDGE('',*,*,#18820,.F.);
#18822=ORIENTED_EDGE('',*,*,#18803,.F.);
#18823=EDGE_LOOP('',(#18817,#18819,#18821,#18822));
#18824=FACE_OUTER_BOUND('',#18823,.F.);
#18825=ADVANCED_FACE('',(#18824),#18816,.T.);
#18826=CARTESIAN_POINT('',(1.825E0,0.E0,1.4E-1));
#18827=DIRECTION('',(1.E0,0.E0,0.E0));
#18828=DIRECTION('',(0.E0,1.E0,0.E0));
#18829=AXIS2_PLACEMENT_3D('',#18826,#18827,#18828);
#18830=PLANE('',#18829);
#18831=ORIENTED_EDGE('',*,*,#12019,.F.);
#18833=ORIENTED_EDGE('',*,*,#18832,.F.);
#18835=ORIENTED_EDGE('',*,*,#18834,.F.);
#18836=ORIENTED_EDGE('',*,*,#18818,.F.);
#18837=EDGE_LOOP('',(#18831,#18833,#18835,#18836));
#18838=FACE_OUTER_BOUND('',#18837,.F.);
#18839=ADVANCED_FACE('',(#18838),#18830,.T.);
#18840=CARTESIAN_POINT('',(1.8E0,1.375E-1,4.1E-1));
#18841=DIRECTION('',(0.E0,-1.E0,0.E0));
#18842=DIRECTION('',(0.E0,0.E0,-1.E0));
#18843=AXIS2_PLACEMENT_3D('',#18840,#18841,#18842);
#18844=PLANE('',#18843);
#18845=ORIENTED_EDGE('',*,*,#12017,.F.);
#18846=ORIENTED_EDGE('',*,*,#18807,.F.);
#18848=ORIENTED_EDGE('',*,*,#18847,.T.);
#18849=ORIENTED_EDGE('',*,*,#18832,.T.);
#18850=EDGE_LOOP('',(#18845,#18846,#18848,#18849));
#18851=FACE_OUTER_BOUND('',#18850,.F.);
#18852=ADVANCED_FACE('',(#18851),#18844,.T.);
#18853=CARTESIAN_POINT('',(1.8E0,1.625E-1,4.1E-1));
#18854=DIRECTION('',(0.E0,0.E0,1.E0));
#18855=DIRECTION('',(0.E0,-1.E0,0.E0));
#18856=AXIS2_PLACEMENT_3D('',#18853,#18854,#18855);
#18857=PLANE('',#18856);
#18858=ORIENTED_EDGE('',*,*,#18805,.F.);
#18859=ORIENTED_EDGE('',*,*,#18820,.T.);
#18860=ORIENTED_EDGE('',*,*,#18834,.T.);
#18861=ORIENTED_EDGE('',*,*,#18847,.F.);
#18862=EDGE_LOOP('',(#18858,#18859,#18860,#18861));
#18863=FACE_OUTER_BOUND('',#18862,.F.);
#18864=ADVANCED_FACE('',(#18863),#18857,.T.);
#18865=CARTESIAN_POINT('',(1.9E0,0.E0,1.4E-1));
#18866=DIRECTION('',(1.E0,0.E0,0.E0));
#18867=DIRECTION('',(0.E0,1.E0,0.E0));
#18868=AXIS2_PLACEMENT_3D('',#18865,#18866,#18867);
#18869=PLANE('',#18868);
#18870=ORIENTED_EDGE('',*,*,#12025,.T.);
#18872=ORIENTED_EDGE('',*,*,#18871,.T.);
#18874=ORIENTED_EDGE('',*,*,#18873,.T.);
#18876=ORIENTED_EDGE('',*,*,#18875,.T.);
#18877=EDGE_LOOP('',(#18870,#18872,#18874,#18876));
#18878=FACE_OUTER_BOUND('',#18877,.F.);
#18879=ADVANCED_FACE('',(#18878),#18869,.F.);
#18880=CARTESIAN_POINT('',(1.9E0,-1.375E-1,-1.525E-1));
#18881=DIRECTION('',(0.E0,1.E0,0.E0));
#18882=DIRECTION('',(0.E0,0.E0,1.E0));
#18883=AXIS2_PLACEMENT_3D('',#18880,#18881,#18882);
#18884=PLANE('',#18883);
#18885=ORIENTED_EDGE('',*,*,#12031,.T.);
#18887=ORIENTED_EDGE('',*,*,#18886,.T.);
#18889=ORIENTED_EDGE('',*,*,#18888,.F.);
#18890=ORIENTED_EDGE('',*,*,#18871,.F.);
#18891=EDGE_LOOP('',(#18885,#18887,#18889,#18890));
#18892=FACE_OUTER_BOUND('',#18891,.F.);
#18893=ADVANCED_FACE('',(#18892),#18884,.T.);
#18894=CARTESIAN_POINT('',(1.925E0,0.E0,1.4E-1));
#18895=DIRECTION('',(1.E0,0.E0,0.E0));
#18896=DIRECTION('',(0.E0,1.E0,0.E0));
#18897=AXIS2_PLACEMENT_3D('',#18894,#18895,#18896);
#18898=PLANE('',#18897);
#18899=ORIENTED_EDGE('',*,*,#12029,.F.);
#18901=ORIENTED_EDGE('',*,*,#18900,.F.);
#18903=ORIENTED_EDGE('',*,*,#18902,.F.);
#18904=ORIENTED_EDGE('',*,*,#18886,.F.);
#18905=EDGE_LOOP('',(#18899,#18901,#18903,#18904));
#18906=FACE_OUTER_BOUND('',#18905,.F.);
#18907=ADVANCED_FACE('',(#18906),#18898,.T.);
#18908=CARTESIAN_POINT('',(1.9E0,-1.625E-1,4.1E-1));
#18909=DIRECTION('',(0.E0,-1.E0,0.E0));
#18910=DIRECTION('',(0.E0,0.E0,-1.E0));
#18911=AXIS2_PLACEMENT_3D('',#18908,#18909,#18910);
#18912=PLANE('',#18911);
#18913=ORIENTED_EDGE('',*,*,#12027,.F.);
#18914=ORIENTED_EDGE('',*,*,#18875,.F.);
#18916=ORIENTED_EDGE('',*,*,#18915,.T.);
#18917=ORIENTED_EDGE('',*,*,#18900,.T.);
#18918=EDGE_LOOP('',(#18913,#18914,#18916,#18917));
#18919=FACE_OUTER_BOUND('',#18918,.F.);
#18920=ADVANCED_FACE('',(#18919),#18912,.T.);
#18921=CARTESIAN_POINT('',(1.9E0,-1.375E-1,4.1E-1));
#18922=DIRECTION('',(0.E0,0.E0,1.E0));
#18923=DIRECTION('',(0.E0,-1.E0,0.E0));
#18924=AXIS2_PLACEMENT_3D('',#18921,#18922,#18923);
#18925=PLANE('',#18924);
#18926=ORIENTED_EDGE('',*,*,#18873,.F.);
#18927=ORIENTED_EDGE('',*,*,#18888,.T.);
#18928=ORIENTED_EDGE('',*,*,#18902,.T.);
#18929=ORIENTED_EDGE('',*,*,#18915,.F.);
#18930=EDGE_LOOP('',(#18926,#18927,#18928,#18929));
#18931=FACE_OUTER_BOUND('',#18930,.F.);
#18932=ADVANCED_FACE('',(#18931),#18925,.T.);
#18933=CARTESIAN_POINT('',(1.9E0,0.E0,1.4E-1));
#18934=DIRECTION('',(1.E0,0.E0,0.E0));
#18935=DIRECTION('',(0.E0,1.E0,0.E0));
#18936=AXIS2_PLACEMENT_3D('',#18933,#18934,#18935);
#18937=PLANE('',#18936);
#18938=ORIENTED_EDGE('',*,*,#12035,.T.);
#18940=ORIENTED_EDGE('',*,*,#18939,.T.);
#18942=ORIENTED_EDGE('',*,*,#18941,.T.);
#18944=ORIENTED_EDGE('',*,*,#18943,.T.);
#18945=EDGE_LOOP('',(#18938,#18940,#18942,#18944));
#18946=FACE_OUTER_BOUND('',#18945,.F.);
#18947=ADVANCED_FACE('',(#18946),#18937,.F.);
#18948=CARTESIAN_POINT('',(1.9E0,-3.75E-2,-2.525E-1));
#18949=DIRECTION('',(0.E0,1.E0,0.E0));
#18950=DIRECTION('',(0.E0,0.E0,1.E0));
#18951=AXIS2_PLACEMENT_3D('',#18948,#18949,#18950);
#18952=PLANE('',#18951);
#18953=ORIENTED_EDGE('',*,*,#12041,.T.);
#18955=ORIENTED_EDGE('',*,*,#18954,.T.);
#18957=ORIENTED_EDGE('',*,*,#18956,.F.);
#18958=ORIENTED_EDGE('',*,*,#18939,.F.);
#18959=EDGE_LOOP('',(#18953,#18955,#18957,#18958));
#18960=FACE_OUTER_BOUND('',#18959,.F.);
#18961=ADVANCED_FACE('',(#18960),#18952,.T.);
#18962=CARTESIAN_POINT('',(1.925E0,0.E0,1.4E-1));
#18963=DIRECTION('',(1.E0,0.E0,0.E0));
#18964=DIRECTION('',(0.E0,1.E0,0.E0));
#18965=AXIS2_PLACEMENT_3D('',#18962,#18963,#18964);
#18966=PLANE('',#18965);
#18967=ORIENTED_EDGE('',*,*,#12039,.F.);
#18969=ORIENTED_EDGE('',*,*,#18968,.F.);
#18971=ORIENTED_EDGE('',*,*,#18970,.F.);
#18972=ORIENTED_EDGE('',*,*,#18954,.F.);
#18973=EDGE_LOOP('',(#18967,#18969,#18971,#18972));
#18974=FACE_OUTER_BOUND('',#18973,.F.);
#18975=ADVANCED_FACE('',(#18974),#18966,.T.);
#18976=CARTESIAN_POINT('',(1.9E0,-6.25E-2,4.1E-1));
#18977=DIRECTION('',(0.E0,-1.E0,0.E0));
#18978=DIRECTION('',(0.E0,0.E0,-1.E0));
#18979=AXIS2_PLACEMENT_3D('',#18976,#18977,#18978);
#18980=PLANE('',#18979);
#18981=ORIENTED_EDGE('',*,*,#12037,.F.);
#18982=ORIENTED_EDGE('',*,*,#18943,.F.);
#18984=ORIENTED_EDGE('',*,*,#18983,.T.);
#18985=ORIENTED_EDGE('',*,*,#18968,.T.);
#18986=EDGE_LOOP('',(#18981,#18982,#18984,#18985));
#18987=FACE_OUTER_BOUND('',#18986,.F.);
#18988=ADVANCED_FACE('',(#18987),#18980,.T.);
#18989=CARTESIAN_POINT('',(1.9E0,-3.75E-2,4.1E-1));
#18990=DIRECTION('',(0.E0,0.E0,1.E0));
#18991=DIRECTION('',(0.E0,-1.E0,0.E0));
#18992=AXIS2_PLACEMENT_3D('',#18989,#18990,#18991);
#18993=PLANE('',#18992);
#18994=ORIENTED_EDGE('',*,*,#18941,.F.);
#18995=ORIENTED_EDGE('',*,*,#18956,.T.);
#18996=ORIENTED_EDGE('',*,*,#18970,.T.);
#18997=ORIENTED_EDGE('',*,*,#18983,.F.);
#18998=EDGE_LOOP('',(#18994,#18995,#18996,#18997));
#18999=FACE_OUTER_BOUND('',#18998,.F.);
#19000=ADVANCED_FACE('',(#18999),#18993,.T.);
#19001=CARTESIAN_POINT('',(1.9E0,0.E0,1.4E-1));
#19002=DIRECTION('',(1.E0,0.E0,0.E0));
#19003=DIRECTION('',(0.E0,1.E0,0.E0));
#19004=AXIS2_PLACEMENT_3D('',#19001,#19002,#19003);
#19005=PLANE('',#19004);
#19006=ORIENTED_EDGE('',*,*,#12045,.T.);
#19008=ORIENTED_EDGE('',*,*,#19007,.T.);
#19010=ORIENTED_EDGE('',*,*,#19009,.T.);
#19012=ORIENTED_EDGE('',*,*,#19011,.T.);
#19013=EDGE_LOOP('',(#19006,#19008,#19010,#19012));
#19014=FACE_OUTER_BOUND('',#19013,.F.);
#19015=ADVANCED_FACE('',(#19014),#19005,.F.);
#19016=CARTESIAN_POINT('',(1.9E0,6.25E-2,-3.525E-1));
#19017=DIRECTION('',(0.E0,1.E0,0.E0));
#19018=DIRECTION('',(0.E0,0.E0,1.E0));
#19019=AXIS2_PLACEMENT_3D('',#19016,#19017,#19018);
#19020=PLANE('',#19019);
#19021=ORIENTED_EDGE('',*,*,#12051,.T.);
#19023=ORIENTED_EDGE('',*,*,#19022,.T.);
#19025=ORIENTED_EDGE('',*,*,#19024,.F.);
#19026=ORIENTED_EDGE('',*,*,#19007,.F.);
#19027=EDGE_LOOP('',(#19021,#19023,#19025,#19026));
#19028=FACE_OUTER_BOUND('',#19027,.F.);
#19029=ADVANCED_FACE('',(#19028),#19020,.T.);
#19030=CARTESIAN_POINT('',(1.925E0,0.E0,1.4E-1));
#19031=DIRECTION('',(1.E0,0.E0,0.E0));
#19032=DIRECTION('',(0.E0,1.E0,0.E0));
#19033=AXIS2_PLACEMENT_3D('',#19030,#19031,#19032);
#19034=PLANE('',#19033);
#19035=ORIENTED_EDGE('',*,*,#12049,.F.);
#19037=ORIENTED_EDGE('',*,*,#19036,.F.);
#19039=ORIENTED_EDGE('',*,*,#19038,.F.);
#19040=ORIENTED_EDGE('',*,*,#19022,.F.);
#19041=EDGE_LOOP('',(#19035,#19037,#19039,#19040));
#19042=FACE_OUTER_BOUND('',#19041,.F.);
#19043=ADVANCED_FACE('',(#19042),#19034,.T.);
#19044=CARTESIAN_POINT('',(1.9E0,3.75E-2,4.1E-1));
#19045=DIRECTION('',(0.E0,-1.E0,0.E0));
#19046=DIRECTION('',(0.E0,0.E0,-1.E0));
#19047=AXIS2_PLACEMENT_3D('',#19044,#19045,#19046);
#19048=PLANE('',#19047);
#19049=ORIENTED_EDGE('',*,*,#12047,.F.);
#19050=ORIENTED_EDGE('',*,*,#19011,.F.);
#19052=ORIENTED_EDGE('',*,*,#19051,.T.);
#19053=ORIENTED_EDGE('',*,*,#19036,.T.);
#19054=EDGE_LOOP('',(#19049,#19050,#19052,#19053));
#19055=FACE_OUTER_BOUND('',#19054,.F.);
#19056=ADVANCED_FACE('',(#19055),#19048,.T.);
#19057=CARTESIAN_POINT('',(1.9E0,6.25E-2,4.1E-1));
#19058=DIRECTION('',(0.E0,0.E0,1.E0));
#19059=DIRECTION('',(0.E0,-1.E0,0.E0));
#19060=AXIS2_PLACEMENT_3D('',#19057,#19058,#19059);
#19061=PLANE('',#19060);
#19062=ORIENTED_EDGE('',*,*,#19009,.F.);
#19063=ORIENTED_EDGE('',*,*,#19024,.T.);
#19064=ORIENTED_EDGE('',*,*,#19038,.T.);
#19065=ORIENTED_EDGE('',*,*,#19051,.F.);
#19066=EDGE_LOOP('',(#19062,#19063,#19064,#19065));
#19067=FACE_OUTER_BOUND('',#19066,.F.);
#19068=ADVANCED_FACE('',(#19067),#19061,.T.);
#19069=CARTESIAN_POINT('',(1.9E0,0.E0,1.4E-1));
#19070=DIRECTION('',(1.E0,0.E0,0.E0));
#19071=DIRECTION('',(0.E0,1.E0,0.E0));
#19072=AXIS2_PLACEMENT_3D('',#19069,#19070,#19071);
#19073=PLANE('',#19072);
#19074=ORIENTED_EDGE('',*,*,#12055,.T.);
#19076=ORIENTED_EDGE('',*,*,#19075,.T.);
#19078=ORIENTED_EDGE('',*,*,#19077,.T.);
#19080=ORIENTED_EDGE('',*,*,#19079,.T.);
#19081=EDGE_LOOP('',(#19074,#19076,#19078,#19080));
#19082=FACE_OUTER_BOUND('',#19081,.F.);
#19083=ADVANCED_FACE('',(#19082),#19073,.F.);
#19084=CARTESIAN_POINT('',(1.9E0,1.625E-1,-4.525E-1));
#19085=DIRECTION('',(0.E0,1.E0,0.E0));
#19086=DIRECTION('',(0.E0,0.E0,1.E0));
#19087=AXIS2_PLACEMENT_3D('',#19084,#19085,#19086);
#19088=PLANE('',#19087);
#19089=ORIENTED_EDGE('',*,*,#12061,.T.);
#19091=ORIENTED_EDGE('',*,*,#19090,.T.);
#19093=ORIENTED_EDGE('',*,*,#19092,.F.);
#19094=ORIENTED_EDGE('',*,*,#19075,.F.);
#19095=EDGE_LOOP('',(#19089,#19091,#19093,#19094));
#19096=FACE_OUTER_BOUND('',#19095,.F.);
#19097=ADVANCED_FACE('',(#19096),#19088,.T.);
#19098=CARTESIAN_POINT('',(1.925E0,0.E0,1.4E-1));
#19099=DIRECTION('',(1.E0,0.E0,0.E0));
#19100=DIRECTION('',(0.E0,1.E0,0.E0));
#19101=AXIS2_PLACEMENT_3D('',#19098,#19099,#19100);
#19102=PLANE('',#19101);
#19103=ORIENTED_EDGE('',*,*,#12059,.F.);
#19105=ORIENTED_EDGE('',*,*,#19104,.F.);
#19107=ORIENTED_EDGE('',*,*,#19106,.F.);
#19108=ORIENTED_EDGE('',*,*,#19090,.F.);
#19109=EDGE_LOOP('',(#19103,#19105,#19107,#19108));
#19110=FACE_OUTER_BOUND('',#19109,.F.);
#19111=ADVANCED_FACE('',(#19110),#19102,.T.);
#19112=CARTESIAN_POINT('',(1.9E0,1.375E-1,4.1E-1));
#19113=DIRECTION('',(0.E0,-1.E0,0.E0));
#19114=DIRECTION('',(0.E0,0.E0,-1.E0));
#19115=AXIS2_PLACEMENT_3D('',#19112,#19113,#19114);
#19116=PLANE('',#19115);
#19117=ORIENTED_EDGE('',*,*,#12057,.F.);
#19118=ORIENTED_EDGE('',*,*,#19079,.F.);
#19120=ORIENTED_EDGE('',*,*,#19119,.T.);
#19121=ORIENTED_EDGE('',*,*,#19104,.T.);
#19122=EDGE_LOOP('',(#19117,#19118,#19120,#19121));
#19123=FACE_OUTER_BOUND('',#19122,.F.);
#19124=ADVANCED_FACE('',(#19123),#19116,.T.);
#19125=CARTESIAN_POINT('',(1.9E0,1.625E-1,4.1E-1));
#19126=DIRECTION('',(0.E0,0.E0,1.E0));
#19127=DIRECTION('',(0.E0,-1.E0,0.E0));
#19128=AXIS2_PLACEMENT_3D('',#19125,#19126,#19127);
#19129=PLANE('',#19128);
#19130=ORIENTED_EDGE('',*,*,#19077,.F.);
#19131=ORIENTED_EDGE('',*,*,#19092,.T.);
#19132=ORIENTED_EDGE('',*,*,#19106,.T.);
#19133=ORIENTED_EDGE('',*,*,#19119,.F.);
#19134=EDGE_LOOP('',(#19130,#19131,#19132,#19133));
#19135=FACE_OUTER_BOUND('',#19134,.F.);
#19136=ADVANCED_FACE('',(#19135),#19129,.T.);
#19137=CARTESIAN_POINT('',(2.E0,0.E0,1.4E-1));
#19138=DIRECTION('',(1.E0,0.E0,0.E0));
#19139=DIRECTION('',(0.E0,1.E0,0.E0));
#19140=AXIS2_PLACEMENT_3D('',#19137,#19138,#19139);
#19141=PLANE('',#19140);
#19142=ORIENTED_EDGE('',*,*,#12065,.T.);
#19144=ORIENTED_EDGE('',*,*,#19143,.T.);
#19146=ORIENTED_EDGE('',*,*,#19145,.T.);
#19148=ORIENTED_EDGE('',*,*,#19147,.T.);
#19149=EDGE_LOOP('',(#19142,#19144,#19146,#19148));
#19150=FACE_OUTER_BOUND('',#19149,.F.);
#19151=ADVANCED_FACE('',(#19150),#19141,.F.);
#19152=CARTESIAN_POINT('',(2.E0,-1.375E-1,-1.525E-1));
#19153=DIRECTION('',(0.E0,1.E0,0.E0));
#19154=DIRECTION('',(0.E0,0.E0,1.E0));
#19155=AXIS2_PLACEMENT_3D('',#19152,#19153,#19154);
#19156=PLANE('',#19155);
#19157=ORIENTED_EDGE('',*,*,#12071,.T.);
#19159=ORIENTED_EDGE('',*,*,#19158,.T.);
#19161=ORIENTED_EDGE('',*,*,#19160,.F.);
#19162=ORIENTED_EDGE('',*,*,#19143,.F.);
#19163=EDGE_LOOP('',(#19157,#19159,#19161,#19162));
#19164=FACE_OUTER_BOUND('',#19163,.F.);
#19165=ADVANCED_FACE('',(#19164),#19156,.T.);
#19166=CARTESIAN_POINT('',(2.025E0,0.E0,1.4E-1));
#19167=DIRECTION('',(1.E0,0.E0,0.E0));
#19168=DIRECTION('',(0.E0,1.E0,0.E0));
#19169=AXIS2_PLACEMENT_3D('',#19166,#19167,#19168);
#19170=PLANE('',#19169);
#19171=ORIENTED_EDGE('',*,*,#12069,.F.);
#19173=ORIENTED_EDGE('',*,*,#19172,.F.);
#19175=ORIENTED_EDGE('',*,*,#19174,.F.);
#19176=ORIENTED_EDGE('',*,*,#19158,.F.);
#19177=EDGE_LOOP('',(#19171,#19173,#19175,#19176));
#19178=FACE_OUTER_BOUND('',#19177,.F.);
#19179=ADVANCED_FACE('',(#19178),#19170,.T.);
#19180=CARTESIAN_POINT('',(2.E0,-1.625E-1,4.1E-1));
#19181=DIRECTION('',(0.E0,-1.E0,0.E0));
#19182=DIRECTION('',(0.E0,0.E0,-1.E0));
#19183=AXIS2_PLACEMENT_3D('',#19180,#19181,#19182);
#19184=PLANE('',#19183);
#19185=ORIENTED_EDGE('',*,*,#12067,.F.);
#19186=ORIENTED_EDGE('',*,*,#19147,.F.);
#19188=ORIENTED_EDGE('',*,*,#19187,.T.);
#19189=ORIENTED_EDGE('',*,*,#19172,.T.);
#19190=EDGE_LOOP('',(#19185,#19186,#19188,#19189));
#19191=FACE_OUTER_BOUND('',#19190,.F.);
#19192=ADVANCED_FACE('',(#19191),#19184,.T.);
#19193=CARTESIAN_POINT('',(2.E0,-1.375E-1,4.1E-1));
#19194=DIRECTION('',(0.E0,0.E0,1.E0));
#19195=DIRECTION('',(0.E0,-1.E0,0.E0));
#19196=AXIS2_PLACEMENT_3D('',#19193,#19194,#19195);
#19197=PLANE('',#19196);
#19198=ORIENTED_EDGE('',*,*,#19145,.F.);
#19199=ORIENTED_EDGE('',*,*,#19160,.T.);
#19200=ORIENTED_EDGE('',*,*,#19174,.T.);
#19201=ORIENTED_EDGE('',*,*,#19187,.F.);
#19202=EDGE_LOOP('',(#19198,#19199,#19200,#19201));
#19203=FACE_OUTER_BOUND('',#19202,.F.);
#19204=ADVANCED_FACE('',(#19203),#19197,.T.);
#19205=CARTESIAN_POINT('',(2.E0,0.E0,1.4E-1));
#19206=DIRECTION('',(1.E0,0.E0,0.E0));
#19207=DIRECTION('',(0.E0,1.E0,0.E0));
#19208=AXIS2_PLACEMENT_3D('',#19205,#19206,#19207);
#19209=PLANE('',#19208);
#19210=ORIENTED_EDGE('',*,*,#12075,.T.);
#19212=ORIENTED_EDGE('',*,*,#19211,.T.);
#19214=ORIENTED_EDGE('',*,*,#19213,.T.);
#19216=ORIENTED_EDGE('',*,*,#19215,.T.);
#19217=EDGE_LOOP('',(#19210,#19212,#19214,#19216));
#19218=FACE_OUTER_BOUND('',#19217,.F.);
#19219=ADVANCED_FACE('',(#19218),#19209,.F.);
#19220=CARTESIAN_POINT('',(2.E0,-3.75E-2,-2.525E-1));
#19221=DIRECTION('',(0.E0,1.E0,0.E0));
#19222=DIRECTION('',(0.E0,0.E0,1.E0));
#19223=AXIS2_PLACEMENT_3D('',#19220,#19221,#19222);
#19224=PLANE('',#19223);
#19225=ORIENTED_EDGE('',*,*,#12081,.T.);
#19227=ORIENTED_EDGE('',*,*,#19226,.T.);
#19229=ORIENTED_EDGE('',*,*,#19228,.F.);
#19230=ORIENTED_EDGE('',*,*,#19211,.F.);
#19231=EDGE_LOOP('',(#19225,#19227,#19229,#19230));
#19232=FACE_OUTER_BOUND('',#19231,.F.);
#19233=ADVANCED_FACE('',(#19232),#19224,.T.);
#19234=CARTESIAN_POINT('',(2.025E0,0.E0,1.4E-1));
#19235=DIRECTION('',(1.E0,0.E0,0.E0));
#19236=DIRECTION('',(0.E0,1.E0,0.E0));
#19237=AXIS2_PLACEMENT_3D('',#19234,#19235,#19236);
#19238=PLANE('',#19237);
#19239=ORIENTED_EDGE('',*,*,#12079,.F.);
#19241=ORIENTED_EDGE('',*,*,#19240,.F.);
#19243=ORIENTED_EDGE('',*,*,#19242,.F.);
#19244=ORIENTED_EDGE('',*,*,#19226,.F.);
#19245=EDGE_LOOP('',(#19239,#19241,#19243,#19244));
#19246=FACE_OUTER_BOUND('',#19245,.F.);
#19247=ADVANCED_FACE('',(#19246),#19238,.T.);
#19248=CARTESIAN_POINT('',(2.E0,-6.25E-2,4.1E-1));
#19249=DIRECTION('',(0.E0,-1.E0,0.E0));
#19250=DIRECTION('',(0.E0,0.E0,-1.E0));
#19251=AXIS2_PLACEMENT_3D('',#19248,#19249,#19250);
#19252=PLANE('',#19251);
#19253=ORIENTED_EDGE('',*,*,#12077,.F.);
#19254=ORIENTED_EDGE('',*,*,#19215,.F.);
#19256=ORIENTED_EDGE('',*,*,#19255,.T.);
#19257=ORIENTED_EDGE('',*,*,#19240,.T.);
#19258=EDGE_LOOP('',(#19253,#19254,#19256,#19257));
#19259=FACE_OUTER_BOUND('',#19258,.F.);
#19260=ADVANCED_FACE('',(#19259),#19252,.T.);
#19261=CARTESIAN_POINT('',(2.E0,-3.75E-2,4.1E-1));
#19262=DIRECTION('',(0.E0,0.E0,1.E0));
#19263=DIRECTION('',(0.E0,-1.E0,0.E0));
#19264=AXIS2_PLACEMENT_3D('',#19261,#19262,#19263);
#19265=PLANE('',#19264);
#19266=ORIENTED_EDGE('',*,*,#19213,.F.);
#19267=ORIENTED_EDGE('',*,*,#19228,.T.);
#19268=ORIENTED_EDGE('',*,*,#19242,.T.);
#19269=ORIENTED_EDGE('',*,*,#19255,.F.);
#19270=EDGE_LOOP('',(#19266,#19267,#19268,#19269));
#19271=FACE_OUTER_BOUND('',#19270,.F.);
#19272=ADVANCED_FACE('',(#19271),#19265,.T.);
#19273=CARTESIAN_POINT('',(2.E0,0.E0,1.4E-1));
#19274=DIRECTION('',(1.E0,0.E0,0.E0));
#19275=DIRECTION('',(0.E0,1.E0,0.E0));
#19276=AXIS2_PLACEMENT_3D('',#19273,#19274,#19275);
#19277=PLANE('',#19276);
#19278=ORIENTED_EDGE('',*,*,#12085,.T.);
#19280=ORIENTED_EDGE('',*,*,#19279,.T.);
#19282=ORIENTED_EDGE('',*,*,#19281,.T.);
#19284=ORIENTED_EDGE('',*,*,#19283,.T.);
#19285=EDGE_LOOP('',(#19278,#19280,#19282,#19284));
#19286=FACE_OUTER_BOUND('',#19285,.F.);
#19287=ADVANCED_FACE('',(#19286),#19277,.F.);
#19288=CARTESIAN_POINT('',(2.E0,6.25E-2,-3.525E-1));
#19289=DIRECTION('',(0.E0,1.E0,0.E0));
#19290=DIRECTION('',(0.E0,0.E0,1.E0));
#19291=AXIS2_PLACEMENT_3D('',#19288,#19289,#19290);
#19292=PLANE('',#19291);
#19293=ORIENTED_EDGE('',*,*,#12091,.T.);
#19295=ORIENTED_EDGE('',*,*,#19294,.T.);
#19297=ORIENTED_EDGE('',*,*,#19296,.F.);
#19298=ORIENTED_EDGE('',*,*,#19279,.F.);
#19299=EDGE_LOOP('',(#19293,#19295,#19297,#19298));
#19300=FACE_OUTER_BOUND('',#19299,.F.);
#19301=ADVANCED_FACE('',(#19300),#19292,.T.);
#19302=CARTESIAN_POINT('',(2.025E0,0.E0,1.4E-1));
#19303=DIRECTION('',(1.E0,0.E0,0.E0));
#19304=DIRECTION('',(0.E0,1.E0,0.E0));
#19305=AXIS2_PLACEMENT_3D('',#19302,#19303,#19304);
#19306=PLANE('',#19305);
#19307=ORIENTED_EDGE('',*,*,#12089,.F.);
#19309=ORIENTED_EDGE('',*,*,#19308,.F.);
#19311=ORIENTED_EDGE('',*,*,#19310,.F.);
#19312=ORIENTED_EDGE('',*,*,#19294,.F.);
#19313=EDGE_LOOP('',(#19307,#19309,#19311,#19312));
#19314=FACE_OUTER_BOUND('',#19313,.F.);
#19315=ADVANCED_FACE('',(#19314),#19306,.T.);
#19316=CARTESIAN_POINT('',(2.E0,3.75E-2,4.1E-1));
#19317=DIRECTION('',(0.E0,-1.E0,0.E0));
#19318=DIRECTION('',(0.E0,0.E0,-1.E0));
#19319=AXIS2_PLACEMENT_3D('',#19316,#19317,#19318);
#19320=PLANE('',#19319);
#19321=ORIENTED_EDGE('',*,*,#12087,.F.);
#19322=ORIENTED_EDGE('',*,*,#19283,.F.);
#19324=ORIENTED_EDGE('',*,*,#19323,.T.);
#19325=ORIENTED_EDGE('',*,*,#19308,.T.);
#19326=EDGE_LOOP('',(#19321,#19322,#19324,#19325));
#19327=FACE_OUTER_BOUND('',#19326,.F.);
#19328=ADVANCED_FACE('',(#19327),#19320,.T.);
#19329=CARTESIAN_POINT('',(2.E0,6.25E-2,4.1E-1));
#19330=DIRECTION('',(0.E0,0.E0,1.E0));
#19331=DIRECTION('',(0.E0,-1.E0,0.E0));
#19332=AXIS2_PLACEMENT_3D('',#19329,#19330,#19331);
#19333=PLANE('',#19332);
#19334=ORIENTED_EDGE('',*,*,#19281,.F.);
#19335=ORIENTED_EDGE('',*,*,#19296,.T.);
#19336=ORIENTED_EDGE('',*,*,#19310,.T.);
#19337=ORIENTED_EDGE('',*,*,#19323,.F.);
#19338=EDGE_LOOP('',(#19334,#19335,#19336,#19337));
#19339=FACE_OUTER_BOUND('',#19338,.F.);
#19340=ADVANCED_FACE('',(#19339),#19333,.T.);
#19341=CARTESIAN_POINT('',(2.E0,0.E0,1.4E-1));
#19342=DIRECTION('',(1.E0,0.E0,0.E0));
#19343=DIRECTION('',(0.E0,1.E0,0.E0));
#19344=AXIS2_PLACEMENT_3D('',#19341,#19342,#19343);
#19345=PLANE('',#19344);
#19346=ORIENTED_EDGE('',*,*,#12095,.T.);
#19348=ORIENTED_EDGE('',*,*,#19347,.T.);
#19350=ORIENTED_EDGE('',*,*,#19349,.T.);
#19352=ORIENTED_EDGE('',*,*,#19351,.T.);
#19353=EDGE_LOOP('',(#19346,#19348,#19350,#19352));
#19354=FACE_OUTER_BOUND('',#19353,.F.);
#19355=ADVANCED_FACE('',(#19354),#19345,.F.);
#19356=CARTESIAN_POINT('',(2.E0,1.625E-1,-4.525E-1));
#19357=DIRECTION('',(0.E0,1.E0,0.E0));
#19358=DIRECTION('',(0.E0,0.E0,1.E0));
#19359=AXIS2_PLACEMENT_3D('',#19356,#19357,#19358);
#19360=PLANE('',#19359);
#19361=ORIENTED_EDGE('',*,*,#12101,.T.);
#19363=ORIENTED_EDGE('',*,*,#19362,.T.);
#19365=ORIENTED_EDGE('',*,*,#19364,.F.);
#19366=ORIENTED_EDGE('',*,*,#19347,.F.);
#19367=EDGE_LOOP('',(#19361,#19363,#19365,#19366));
#19368=FACE_OUTER_BOUND('',#19367,.F.);
#19369=ADVANCED_FACE('',(#19368),#19360,.T.);
#19370=CARTESIAN_POINT('',(2.025E0,0.E0,1.4E-1));
#19371=DIRECTION('',(1.E0,0.E0,0.E0));
#19372=DIRECTION('',(0.E0,1.E0,0.E0));
#19373=AXIS2_PLACEMENT_3D('',#19370,#19371,#19372);
#19374=PLANE('',#19373);
#19375=ORIENTED_EDGE('',*,*,#12099,.F.);
#19377=ORIENTED_EDGE('',*,*,#19376,.F.);
#19379=ORIENTED_EDGE('',*,*,#19378,.F.);
#19380=ORIENTED_EDGE('',*,*,#19362,.F.);
#19381=EDGE_LOOP('',(#19375,#19377,#19379,#19380));
#19382=FACE_OUTER_BOUND('',#19381,.F.);
#19383=ADVANCED_FACE('',(#19382),#19374,.T.);
#19384=CARTESIAN_POINT('',(2.E0,1.375E-1,4.1E-1));
#19385=DIRECTION('',(0.E0,-1.E0,0.E0));
#19386=DIRECTION('',(0.E0,0.E0,-1.E0));
#19387=AXIS2_PLACEMENT_3D('',#19384,#19385,#19386);
#19388=PLANE('',#19387);
#19389=ORIENTED_EDGE('',*,*,#12097,.F.);
#19390=ORIENTED_EDGE('',*,*,#19351,.F.);
#19392=ORIENTED_EDGE('',*,*,#19391,.T.);
#19393=ORIENTED_EDGE('',*,*,#19376,.T.);
#19394=EDGE_LOOP('',(#19389,#19390,#19392,#19393));
#19395=FACE_OUTER_BOUND('',#19394,.F.);
#19396=ADVANCED_FACE('',(#19395),#19388,.T.);
#19397=CARTESIAN_POINT('',(2.E0,1.625E-1,4.1E-1));
#19398=DIRECTION('',(0.E0,0.E0,1.E0));
#19399=DIRECTION('',(0.E0,-1.E0,0.E0));
#19400=AXIS2_PLACEMENT_3D('',#19397,#19398,#19399);
#19401=PLANE('',#19400);
#19402=ORIENTED_EDGE('',*,*,#19349,.F.);
#19403=ORIENTED_EDGE('',*,*,#19364,.T.);
#19404=ORIENTED_EDGE('',*,*,#19378,.T.);
#19405=ORIENTED_EDGE('',*,*,#19391,.F.);
#19406=EDGE_LOOP('',(#19402,#19403,#19404,#19405));
#19407=FACE_OUTER_BOUND('',#19406,.F.);
#19408=ADVANCED_FACE('',(#19407),#19401,.T.);
#19409=CARTESIAN_POINT('',(2.1E0,0.E0,1.4E-1));
#19410=DIRECTION('',(1.E0,0.E0,0.E0));
#19411=DIRECTION('',(0.E0,1.E0,0.E0));
#19412=AXIS2_PLACEMENT_3D('',#19409,#19410,#19411);
#19413=PLANE('',#19412);
#19414=ORIENTED_EDGE('',*,*,#12105,.T.);
#19416=ORIENTED_EDGE('',*,*,#19415,.T.);
#19418=ORIENTED_EDGE('',*,*,#19417,.T.);
#19420=ORIENTED_EDGE('',*,*,#19419,.T.);
#19421=EDGE_LOOP('',(#19414,#19416,#19418,#19420));
#19422=FACE_OUTER_BOUND('',#19421,.F.);
#19423=ADVANCED_FACE('',(#19422),#19413,.F.);
#19424=CARTESIAN_POINT('',(2.1E0,-1.375E-1,-1.525E-1));
#19425=DIRECTION('',(0.E0,1.E0,0.E0));
#19426=DIRECTION('',(0.E0,0.E0,1.E0));
#19427=AXIS2_PLACEMENT_3D('',#19424,#19425,#19426);
#19428=PLANE('',#19427);
#19429=ORIENTED_EDGE('',*,*,#12111,.T.);
#19431=ORIENTED_EDGE('',*,*,#19430,.T.);
#19433=ORIENTED_EDGE('',*,*,#19432,.F.);
#19434=ORIENTED_EDGE('',*,*,#19415,.F.);
#19435=EDGE_LOOP('',(#19429,#19431,#19433,#19434));
#19436=FACE_OUTER_BOUND('',#19435,.F.);
#19437=ADVANCED_FACE('',(#19436),#19428,.T.);
#19438=CARTESIAN_POINT('',(2.125E0,0.E0,1.4E-1));
#19439=DIRECTION('',(1.E0,0.E0,0.E0));
#19440=DIRECTION('',(0.E0,1.E0,0.E0));
#19441=AXIS2_PLACEMENT_3D('',#19438,#19439,#19440);
#19442=PLANE('',#19441);
#19443=ORIENTED_EDGE('',*,*,#12109,.F.);
#19445=ORIENTED_EDGE('',*,*,#19444,.F.);
#19447=ORIENTED_EDGE('',*,*,#19446,.F.);
#19448=ORIENTED_EDGE('',*,*,#19430,.F.);
#19449=EDGE_LOOP('',(#19443,#19445,#19447,#19448));
#19450=FACE_OUTER_BOUND('',#19449,.F.);
#19451=ADVANCED_FACE('',(#19450),#19442,.T.);
#19452=CARTESIAN_POINT('',(2.1E0,-1.625E-1,4.1E-1));
#19453=DIRECTION('',(0.E0,-1.E0,0.E0));
#19454=DIRECTION('',(0.E0,0.E0,-1.E0));
#19455=AXIS2_PLACEMENT_3D('',#19452,#19453,#19454);
#19456=PLANE('',#19455);
#19457=ORIENTED_EDGE('',*,*,#12107,.F.);
#19458=ORIENTED_EDGE('',*,*,#19419,.F.);
#19460=ORIENTED_EDGE('',*,*,#19459,.T.);
#19461=ORIENTED_EDGE('',*,*,#19444,.T.);
#19462=EDGE_LOOP('',(#19457,#19458,#19460,#19461));
#19463=FACE_OUTER_BOUND('',#19462,.F.);
#19464=ADVANCED_FACE('',(#19463),#19456,.T.);
#19465=CARTESIAN_POINT('',(2.1E0,-1.375E-1,4.1E-1));
#19466=DIRECTION('',(0.E0,0.E0,1.E0));
#19467=DIRECTION('',(0.E0,-1.E0,0.E0));
#19468=AXIS2_PLACEMENT_3D('',#19465,#19466,#19467);
#19469=PLANE('',#19468);
#19470=ORIENTED_EDGE('',*,*,#19417,.F.);
#19471=ORIENTED_EDGE('',*,*,#19432,.T.);
#19472=ORIENTED_EDGE('',*,*,#19446,.T.);
#19473=ORIENTED_EDGE('',*,*,#19459,.F.);
#19474=EDGE_LOOP('',(#19470,#19471,#19472,#19473));
#19475=FACE_OUTER_BOUND('',#19474,.F.);
#19476=ADVANCED_FACE('',(#19475),#19469,.T.);
#19477=CARTESIAN_POINT('',(2.1E0,0.E0,1.4E-1));
#19478=DIRECTION('',(1.E0,0.E0,0.E0));
#19479=DIRECTION('',(0.E0,1.E0,0.E0));
#19480=AXIS2_PLACEMENT_3D('',#19477,#19478,#19479);
#19481=PLANE('',#19480);
#19482=ORIENTED_EDGE('',*,*,#12115,.T.);
#19484=ORIENTED_EDGE('',*,*,#19483,.T.);
#19486=ORIENTED_EDGE('',*,*,#19485,.T.);
#19488=ORIENTED_EDGE('',*,*,#19487,.T.);
#19489=EDGE_LOOP('',(#19482,#19484,#19486,#19488));
#19490=FACE_OUTER_BOUND('',#19489,.F.);
#19491=ADVANCED_FACE('',(#19490),#19481,.F.);
#19492=CARTESIAN_POINT('',(2.1E0,-3.75E-2,-2.525E-1));
#19493=DIRECTION('',(0.E0,1.E0,0.E0));
#19494=DIRECTION('',(0.E0,0.E0,1.E0));
#19495=AXIS2_PLACEMENT_3D('',#19492,#19493,#19494);
#19496=PLANE('',#19495);
#19497=ORIENTED_EDGE('',*,*,#12121,.T.);
#19499=ORIENTED_EDGE('',*,*,#19498,.T.);
#19501=ORIENTED_EDGE('',*,*,#19500,.F.);
#19502=ORIENTED_EDGE('',*,*,#19483,.F.);
#19503=EDGE_LOOP('',(#19497,#19499,#19501,#19502));
#19504=FACE_OUTER_BOUND('',#19503,.F.);
#19505=ADVANCED_FACE('',(#19504),#19496,.T.);
#19506=CARTESIAN_POINT('',(2.125E0,0.E0,1.4E-1));
#19507=DIRECTION('',(1.E0,0.E0,0.E0));
#19508=DIRECTION('',(0.E0,1.E0,0.E0));
#19509=AXIS2_PLACEMENT_3D('',#19506,#19507,#19508);
#19510=PLANE('',#19509);
#19511=ORIENTED_EDGE('',*,*,#12119,.F.);
#19513=ORIENTED_EDGE('',*,*,#19512,.F.);
#19515=ORIENTED_EDGE('',*,*,#19514,.F.);
#19516=ORIENTED_EDGE('',*,*,#19498,.F.);
#19517=EDGE_LOOP('',(#19511,#19513,#19515,#19516));
#19518=FACE_OUTER_BOUND('',#19517,.F.);
#19519=ADVANCED_FACE('',(#19518),#19510,.T.);
#19520=CARTESIAN_POINT('',(2.1E0,-6.25E-2,4.1E-1));
#19521=DIRECTION('',(0.E0,-1.E0,0.E0));
#19522=DIRECTION('',(0.E0,0.E0,-1.E0));
#19523=AXIS2_PLACEMENT_3D('',#19520,#19521,#19522);
#19524=PLANE('',#19523);
#19525=ORIENTED_EDGE('',*,*,#12117,.F.);
#19526=ORIENTED_EDGE('',*,*,#19487,.F.);
#19528=ORIENTED_EDGE('',*,*,#19527,.T.);
#19529=ORIENTED_EDGE('',*,*,#19512,.T.);
#19530=EDGE_LOOP('',(#19525,#19526,#19528,#19529));
#19531=FACE_OUTER_BOUND('',#19530,.F.);
#19532=ADVANCED_FACE('',(#19531),#19524,.T.);
#19533=CARTESIAN_POINT('',(2.1E0,-3.75E-2,4.1E-1));
#19534=DIRECTION('',(0.E0,0.E0,1.E0));
#19535=DIRECTION('',(0.E0,-1.E0,0.E0));
#19536=AXIS2_PLACEMENT_3D('',#19533,#19534,#19535);
#19537=PLANE('',#19536);
#19538=ORIENTED_EDGE('',*,*,#19485,.F.);
#19539=ORIENTED_EDGE('',*,*,#19500,.T.);
#19540=ORIENTED_EDGE('',*,*,#19514,.T.);
#19541=ORIENTED_EDGE('',*,*,#19527,.F.);
#19542=EDGE_LOOP('',(#19538,#19539,#19540,#19541));
#19543=FACE_OUTER_BOUND('',#19542,.F.);
#19544=ADVANCED_FACE('',(#19543),#19537,.T.);
#19545=CARTESIAN_POINT('',(2.1E0,0.E0,1.4E-1));
#19546=DIRECTION('',(1.E0,0.E0,0.E0));
#19547=DIRECTION('',(0.E0,1.E0,0.E0));
#19548=AXIS2_PLACEMENT_3D('',#19545,#19546,#19547);
#19549=PLANE('',#19548);
#19550=ORIENTED_EDGE('',*,*,#12125,.T.);
#19552=ORIENTED_EDGE('',*,*,#19551,.T.);
#19554=ORIENTED_EDGE('',*,*,#19553,.T.);
#19556=ORIENTED_EDGE('',*,*,#19555,.T.);
#19557=EDGE_LOOP('',(#19550,#19552,#19554,#19556));
#19558=FACE_OUTER_BOUND('',#19557,.F.);
#19559=ADVANCED_FACE('',(#19558),#19549,.F.);
#19560=CARTESIAN_POINT('',(2.1E0,6.25E-2,-3.525E-1));
#19561=DIRECTION('',(0.E0,1.E0,0.E0));
#19562=DIRECTION('',(0.E0,0.E0,1.E0));
#19563=AXIS2_PLACEMENT_3D('',#19560,#19561,#19562);
#19564=PLANE('',#19563);
#19565=ORIENTED_EDGE('',*,*,#12131,.T.);
#19567=ORIENTED_EDGE('',*,*,#19566,.T.);
#19569=ORIENTED_EDGE('',*,*,#19568,.F.);
#19570=ORIENTED_EDGE('',*,*,#19551,.F.);
#19571=EDGE_LOOP('',(#19565,#19567,#19569,#19570));
#19572=FACE_OUTER_BOUND('',#19571,.F.);
#19573=ADVANCED_FACE('',(#19572),#19564,.T.);
#19574=CARTESIAN_POINT('',(2.125E0,0.E0,1.4E-1));
#19575=DIRECTION('',(1.E0,0.E0,0.E0));
#19576=DIRECTION('',(0.E0,1.E0,0.E0));
#19577=AXIS2_PLACEMENT_3D('',#19574,#19575,#19576);
#19578=PLANE('',#19577);
#19579=ORIENTED_EDGE('',*,*,#12129,.F.);
#19581=ORIENTED_EDGE('',*,*,#19580,.F.);
#19583=ORIENTED_EDGE('',*,*,#19582,.F.);
#19584=ORIENTED_EDGE('',*,*,#19566,.F.);
#19585=EDGE_LOOP('',(#19579,#19581,#19583,#19584));
#19586=FACE_OUTER_BOUND('',#19585,.F.);
#19587=ADVANCED_FACE('',(#19586),#19578,.T.);
#19588=CARTESIAN_POINT('',(2.1E0,3.75E-2,4.1E-1));
#19589=DIRECTION('',(0.E0,-1.E0,0.E0));
#19590=DIRECTION('',(0.E0,0.E0,-1.E0));
#19591=AXIS2_PLACEMENT_3D('',#19588,#19589,#19590);
#19592=PLANE('',#19591);
#19593=ORIENTED_EDGE('',*,*,#12127,.F.);
#19594=ORIENTED_EDGE('',*,*,#19555,.F.);
#19596=ORIENTED_EDGE('',*,*,#19595,.T.);
#19597=ORIENTED_EDGE('',*,*,#19580,.T.);
#19598=EDGE_LOOP('',(#19593,#19594,#19596,#19597));
#19599=FACE_OUTER_BOUND('',#19598,.F.);
#19600=ADVANCED_FACE('',(#19599),#19592,.T.);
#19601=CARTESIAN_POINT('',(2.1E0,6.25E-2,4.1E-1));
#19602=DIRECTION('',(0.E0,0.E0,1.E0));
#19603=DIRECTION('',(0.E0,-1.E0,0.E0));
#19604=AXIS2_PLACEMENT_3D('',#19601,#19602,#19603);
#19605=PLANE('',#19604);
#19606=ORIENTED_EDGE('',*,*,#19553,.F.);
#19607=ORIENTED_EDGE('',*,*,#19568,.T.);
#19608=ORIENTED_EDGE('',*,*,#19582,.T.);
#19609=ORIENTED_EDGE('',*,*,#19595,.F.);
#19610=EDGE_LOOP('',(#19606,#19607,#19608,#19609));
#19611=FACE_OUTER_BOUND('',#19610,.F.);
#19612=ADVANCED_FACE('',(#19611),#19605,.T.);
#19613=CARTESIAN_POINT('',(2.1E0,0.E0,1.4E-1));
#19614=DIRECTION('',(1.E0,0.E0,0.E0));
#19615=DIRECTION('',(0.E0,1.E0,0.E0));
#19616=AXIS2_PLACEMENT_3D('',#19613,#19614,#19615);
#19617=PLANE('',#19616);
#19618=ORIENTED_EDGE('',*,*,#12135,.T.);
#19620=ORIENTED_EDGE('',*,*,#19619,.T.);
#19622=ORIENTED_EDGE('',*,*,#19621,.T.);
#19624=ORIENTED_EDGE('',*,*,#19623,.T.);
#19625=EDGE_LOOP('',(#19618,#19620,#19622,#19624));
#19626=FACE_OUTER_BOUND('',#19625,.F.);
#19627=ADVANCED_FACE('',(#19626),#19617,.F.);
#19628=CARTESIAN_POINT('',(2.1E0,1.625E-1,-4.525E-1));
#19629=DIRECTION('',(0.E0,1.E0,0.E0));
#19630=DIRECTION('',(0.E0,0.E0,1.E0));
#19631=AXIS2_PLACEMENT_3D('',#19628,#19629,#19630);
#19632=PLANE('',#19631);
#19633=ORIENTED_EDGE('',*,*,#12141,.T.);
#19635=ORIENTED_EDGE('',*,*,#19634,.T.);
#19637=ORIENTED_EDGE('',*,*,#19636,.F.);
#19638=ORIENTED_EDGE('',*,*,#19619,.F.);
#19639=EDGE_LOOP('',(#19633,#19635,#19637,#19638));
#19640=FACE_OUTER_BOUND('',#19639,.F.);
#19641=ADVANCED_FACE('',(#19640),#19632,.T.);
#19642=CARTESIAN_POINT('',(2.125E0,0.E0,1.4E-1));
#19643=DIRECTION('',(1.E0,0.E0,0.E0));
#19644=DIRECTION('',(0.E0,1.E0,0.E0));
#19645=AXIS2_PLACEMENT_3D('',#19642,#19643,#19644);
#19646=PLANE('',#19645);
#19647=ORIENTED_EDGE('',*,*,#12139,.F.);
#19649=ORIENTED_EDGE('',*,*,#19648,.F.);
#19651=ORIENTED_EDGE('',*,*,#19650,.F.);
#19652=ORIENTED_EDGE('',*,*,#19634,.F.);
#19653=EDGE_LOOP('',(#19647,#19649,#19651,#19652));
#19654=FACE_OUTER_BOUND('',#19653,.F.);
#19655=ADVANCED_FACE('',(#19654),#19646,.T.);
#19656=CARTESIAN_POINT('',(2.1E0,1.375E-1,4.1E-1));
#19657=DIRECTION('',(0.E0,-1.E0,0.E0));
#19658=DIRECTION('',(0.E0,0.E0,-1.E0));
#19659=AXIS2_PLACEMENT_3D('',#19656,#19657,#19658);
#19660=PLANE('',#19659);
#19661=ORIENTED_EDGE('',*,*,#12137,.F.);
#19662=ORIENTED_EDGE('',*,*,#19623,.F.);
#19664=ORIENTED_EDGE('',*,*,#19663,.T.);
#19665=ORIENTED_EDGE('',*,*,#19648,.T.);
#19666=EDGE_LOOP('',(#19661,#19662,#19664,#19665));
#19667=FACE_OUTER_BOUND('',#19666,.F.);
#19668=ADVANCED_FACE('',(#19667),#19660,.T.);
#19669=CARTESIAN_POINT('',(2.1E0,1.625E-1,4.1E-1));
#19670=DIRECTION('',(0.E0,0.E0,1.E0));
#19671=DIRECTION('',(0.E0,-1.E0,0.E0));
#19672=AXIS2_PLACEMENT_3D('',#19669,#19670,#19671);
#19673=PLANE('',#19672);
#19674=ORIENTED_EDGE('',*,*,#19621,.F.);
#19675=ORIENTED_EDGE('',*,*,#19636,.T.);
#19676=ORIENTED_EDGE('',*,*,#19650,.T.);
#19677=ORIENTED_EDGE('',*,*,#19663,.F.);
#19678=EDGE_LOOP('',(#19674,#19675,#19676,#19677));
#19679=FACE_OUTER_BOUND('',#19678,.F.);
#19680=ADVANCED_FACE('',(#19679),#19673,.T.);
#19681=CARTESIAN_POINT('',(1.5875E0,-3.43E-1,-1.6375E-1));
#19682=DIRECTION('',(0.E0,1.E0,0.E0));
#19683=DIRECTION('',(0.E0,0.E0,1.E0));
#19684=AXIS2_PLACEMENT_3D('',#19681,#19682,#19683);
#19685=PLANE('',#19684);
#19687=ORIENTED_EDGE('',*,*,#19686,.F.);
#19689=ORIENTED_EDGE('',*,*,#19688,.F.);
#19690=ORIENTED_EDGE('',*,*,#11711,.T.);
#19691=ORIENTED_EDGE('',*,*,#11500,.T.);
#19692=EDGE_LOOP('',(#19687,#19689,#19690,#19691));
#19693=FACE_OUTER_BOUND('',#19692,.F.);
#19694=ADVANCED_FACE('',(#19693),#19685,.F.);
#19695=CARTESIAN_POINT('',(1.5875E0,-2.585E-1,-4.275E-1));
#19696=DIRECTION('',(0.E0,0.E0,-1.E0));
#19697=DIRECTION('',(0.E0,1.E0,0.E0));
#19698=AXIS2_PLACEMENT_3D('',#19695,#19696,#19697);
#19699=PLANE('',#19698);
#19700=ORIENTED_EDGE('',*,*,#11546,.F.);
#19702=ORIENTED_EDGE('',*,*,#19701,.T.);
#19703=ORIENTED_EDGE('',*,*,#19686,.T.);
#19704=ORIENTED_EDGE('',*,*,#11498,.T.);
#19705=EDGE_LOOP('',(#19700,#19702,#19703,#19704));
#19706=FACE_OUTER_BOUND('',#19705,.F.);
#19707=ADVANCED_FACE('',(#19706),#19699,.F.);
#19708=CARTESIAN_POINT('',(1.596E0,-3.43E-1,-4.525E-1));
#19709=DIRECTION('',(1.E0,0.E0,0.E0));
#19710=DIRECTION('',(0.E0,1.E0,0.E0));
#19711=AXIS2_PLACEMENT_3D('',#19708,#19709,#19710);
#19712=PLANE('',#19711);
#19713=ORIENTED_EDGE('',*,*,#11544,.T.);
#19714=ORIENTED_EDGE('',*,*,#11713,.F.);
#19715=ORIENTED_EDGE('',*,*,#19688,.T.);
#19716=ORIENTED_EDGE('',*,*,#19701,.F.);
#19717=EDGE_LOOP('',(#19713,#19714,#19715,#19716));
#19718=FACE_OUTER_BOUND('',#19717,.F.);
#19719=ADVANCED_FACE('',(#19718),#19712,.T.);
#19720=CARTESIAN_POINT('',(1.5875E0,-2.585E-1,-3.525E-1));
#19721=DIRECTION('',(0.E0,0.E0,-1.E0));
#19722=DIRECTION('',(0.E0,1.E0,0.E0));
#19723=AXIS2_PLACEMENT_3D('',#19720,#19721,#19722);
#19724=PLANE('',#19723);
#19725=ORIENTED_EDGE('',*,*,#11549,.F.);
#19726=ORIENTED_EDGE('',*,*,#11494,.T.);
#19728=ORIENTED_EDGE('',*,*,#19727,.F.);
#19730=ORIENTED_EDGE('',*,*,#19729,.T.);
#19731=EDGE_LOOP('',(#19725,#19726,#19728,#19730));
#19732=FACE_OUTER_BOUND('',#19731,.F.);
#19733=ADVANCED_FACE('',(#19732),#19724,.T.);
#19734=CARTESIAN_POINT('',(1.5875E0,-3.43E-1,-1.6375E-1));
#19735=DIRECTION('',(0.E0,1.E0,0.E0));
#19736=DIRECTION('',(0.E0,0.E0,1.E0));
#19737=AXIS2_PLACEMENT_3D('',#19734,#19735,#19736);
#19738=PLANE('',#19737);
#19739=ORIENTED_EDGE('',*,*,#19727,.T.);
#19740=ORIENTED_EDGE('',*,*,#11492,.T.);
#19742=ORIENTED_EDGE('',*,*,#19741,.F.);
#19744=ORIENTED_EDGE('',*,*,#19743,.F.);
#19745=EDGE_LOOP('',(#19739,#19740,#19742,#19744));
#19746=FACE_OUTER_BOUND('',#19745,.F.);
#19747=ADVANCED_FACE('',(#19746),#19738,.F.);
#19748=CARTESIAN_POINT('',(1.5875E0,-2.585E-1,-3.275E-1));
#19749=DIRECTION('',(0.E0,0.E0,-1.E0));
#19750=DIRECTION('',(0.E0,1.E0,0.E0));
#19751=AXIS2_PLACEMENT_3D('',#19748,#19749,#19750);
#19752=PLANE('',#19751);
#19753=ORIENTED_EDGE('',*,*,#11553,.F.);
#19755=ORIENTED_EDGE('',*,*,#19754,.T.);
#19756=ORIENTED_EDGE('',*,*,#19741,.T.);
#19757=ORIENTED_EDGE('',*,*,#11490,.T.);
#19758=EDGE_LOOP('',(#19753,#19755,#19756,#19757));
#19759=FACE_OUTER_BOUND('',#19758,.F.);
#19760=ADVANCED_FACE('',(#19759),#19752,.F.);
#19761=CARTESIAN_POINT('',(1.596E0,-3.43E-1,-4.525E-1));
#19762=DIRECTION('',(1.E0,0.E0,0.E0));
#19763=DIRECTION('',(0.E0,1.E0,0.E0));
#19764=AXIS2_PLACEMENT_3D('',#19761,#19762,#19763);
#19765=PLANE('',#19764);
#19766=ORIENTED_EDGE('',*,*,#11551,.T.);
#19767=ORIENTED_EDGE('',*,*,#19729,.F.);
#19768=ORIENTED_EDGE('',*,*,#19743,.T.);
#19769=ORIENTED_EDGE('',*,*,#19754,.F.);
#19770=EDGE_LOOP('',(#19766,#19767,#19768,#19769));
#19771=FACE_OUTER_BOUND('',#19770,.F.);
#19772=ADVANCED_FACE('',(#19771),#19765,.T.);
#19773=CARTESIAN_POINT('',(1.4875E0,-3.43E-1,-1.6375E-1));
#19774=DIRECTION('',(0.E0,-1.E0,0.E0));
#19775=DIRECTION('',(0.E0,0.E0,1.E0));
#19776=AXIS2_PLACEMENT_3D('',#19773,#19774,#19775);
#19777=PLANE('',#19776);
#19779=ORIENTED_EDGE('',*,*,#19778,.T.);
#19780=ORIENTED_EDGE('',*,*,#11418,.F.);
#19781=ORIENTED_EDGE('',*,*,#11298,.F.);
#19783=ORIENTED_EDGE('',*,*,#19782,.T.);
#19784=EDGE_LOOP('',(#19779,#19780,#19781,#19783));
#19785=FACE_OUTER_BOUND('',#19784,.F.);
#19786=ADVANCED_FACE('',(#19785),#19777,.T.);
#19787=CARTESIAN_POINT('',(1.5875E0,-2.585E-1,-4.275E-1));
#19788=DIRECTION('',(0.E0,0.E0,-1.E0));
#19789=DIRECTION('',(0.E0,1.E0,0.E0));
#19790=AXIS2_PLACEMENT_3D('',#19787,#19788,#19789);
#19791=PLANE('',#19790);
#19792=ORIENTED_EDGE('',*,*,#11332,.F.);
#19793=ORIENTED_EDGE('',*,*,#11420,.T.);
#19794=ORIENTED_EDGE('',*,*,#19778,.F.);
#19796=ORIENTED_EDGE('',*,*,#19795,.T.);
#19797=EDGE_LOOP('',(#19792,#19793,#19794,#19796));
#19798=FACE_OUTER_BOUND('',#19797,.F.);
#19799=ADVANCED_FACE('',(#19798),#19791,.F.);
#19800=CARTESIAN_POINT('',(1.479E0,1.7E-1,-4.525E-1));
#19801=DIRECTION('',(-1.E0,0.E0,0.E0));
#19802=DIRECTION('',(0.E0,-1.E0,0.E0));
#19803=AXIS2_PLACEMENT_3D('',#19800,#19801,#19802);
#19804=PLANE('',#19803);
#19805=ORIENTED_EDGE('',*,*,#11334,.F.);
#19806=ORIENTED_EDGE('',*,*,#19795,.F.);
#19807=ORIENTED_EDGE('',*,*,#19782,.F.);
#19808=ORIENTED_EDGE('',*,*,#11296,.F.);
#19809=EDGE_LOOP('',(#19805,#19806,#19807,#19808));
#19810=FACE_OUTER_BOUND('',#19809,.F.);
#19811=ADVANCED_FACE('',(#19810),#19804,.T.);
#19812=CARTESIAN_POINT('',(1.5875E0,-2.585E-1,-3.525E-1));
#19813=DIRECTION('',(0.E0,0.E0,-1.E0));
#19814=DIRECTION('',(0.E0,1.E0,0.E0));
#19815=AXIS2_PLACEMENT_3D('',#19812,#19813,#19814);
#19816=PLANE('',#19815);
#19817=ORIENTED_EDGE('',*,*,#11328,.F.);
#19819=ORIENTED_EDGE('',*,*,#19818,.T.);
#19821=ORIENTED_EDGE('',*,*,#19820,.T.);
#19822=ORIENTED_EDGE('',*,*,#11423,.T.);
#19823=EDGE_LOOP('',(#19817,#19819,#19821,#19822));
#19824=FACE_OUTER_BOUND('',#19823,.F.);
#19825=ADVANCED_FACE('',(#19824),#19816,.T.);
#19826=CARTESIAN_POINT('',(1.479E0,1.7E-1,-4.525E-1));
#19827=DIRECTION('',(-1.E0,0.E0,0.E0));
#19828=DIRECTION('',(0.E0,-1.E0,0.E0));
#19829=AXIS2_PLACEMENT_3D('',#19826,#19827,#19828);
#19830=PLANE('',#19829);
#19831=ORIENTED_EDGE('',*,*,#11326,.F.);
#19833=ORIENTED_EDGE('',*,*,#19832,.F.);
#19835=ORIENTED_EDGE('',*,*,#19834,.F.);
#19836=ORIENTED_EDGE('',*,*,#19818,.F.);
#19837=EDGE_LOOP('',(#19831,#19833,#19835,#19836));
#19838=FACE_OUTER_BOUND('',#19837,.F.);
#19839=ADVANCED_FACE('',(#19838),#19830,.T.);
#19840=CARTESIAN_POINT('',(1.5875E0,-2.585E-1,-3.275E-1));
#19841=DIRECTION('',(0.E0,0.E0,-1.E0));
#19842=DIRECTION('',(0.E0,1.E0,0.E0));
#19843=AXIS2_PLACEMENT_3D('',#19840,#19841,#19842);
#19844=PLANE('',#19843);
#19845=ORIENTED_EDGE('',*,*,#11324,.F.);
#19846=ORIENTED_EDGE('',*,*,#11427,.T.);
#19848=ORIENTED_EDGE('',*,*,#19847,.F.);
#19849=ORIENTED_EDGE('',*,*,#19832,.T.);
#19850=EDGE_LOOP('',(#19845,#19846,#19848,#19849));
#19851=FACE_OUTER_BOUND('',#19850,.F.);
#19852=ADVANCED_FACE('',(#19851),#19844,.F.);
#19853=CARTESIAN_POINT('',(1.4875E0,-3.43E-1,-1.6375E-1));
#19854=DIRECTION('',(0.E0,-1.E0,0.E0));
#19855=DIRECTION('',(0.E0,0.E0,1.E0));
#19856=AXIS2_PLACEMENT_3D('',#19853,#19854,#19855);
#19857=PLANE('',#19856);
#19858=ORIENTED_EDGE('',*,*,#19847,.T.);
#19859=ORIENTED_EDGE('',*,*,#11425,.F.);
#19860=ORIENTED_EDGE('',*,*,#19820,.F.);
#19861=ORIENTED_EDGE('',*,*,#19834,.T.);
#19862=EDGE_LOOP('',(#19858,#19859,#19860,#19861));
#19863=FACE_OUTER_BOUND('',#19862,.F.);
#19864=ADVANCED_FACE('',(#19863),#19857,.T.);
#19865=CARTESIAN_POINT('',(1.5875E0,-2.585E-1,-2.525E-1));
#19866=DIRECTION('',(0.E0,0.E0,-1.E0));
#19867=DIRECTION('',(0.E0,1.E0,0.E0));
#19868=AXIS2_PLACEMENT_3D('',#19865,#19866,#19867);
#19869=PLANE('',#19868);
#19870=ORIENTED_EDGE('',*,*,#11320,.F.);
#19872=ORIENTED_EDGE('',*,*,#19871,.T.);
#19874=ORIENTED_EDGE('',*,*,#19873,.T.);
#19875=ORIENTED_EDGE('',*,*,#11430,.T.);
#19876=EDGE_LOOP('',(#19870,#19872,#19874,#19875));
#19877=FACE_OUTER_BOUND('',#19876,.F.);
#19878=ADVANCED_FACE('',(#19877),#19869,.T.);
#19879=CARTESIAN_POINT('',(1.479E0,1.7E-1,-4.525E-1));
#19880=DIRECTION('',(-1.E0,0.E0,0.E0));
#19881=DIRECTION('',(0.E0,-1.E0,0.E0));
#19882=AXIS2_PLACEMENT_3D('',#19879,#19880,#19881);
#19883=PLANE('',#19882);
#19884=ORIENTED_EDGE('',*,*,#11318,.F.);
#19886=ORIENTED_EDGE('',*,*,#19885,.F.);
#19888=ORIENTED_EDGE('',*,*,#19887,.F.);
#19889=ORIENTED_EDGE('',*,*,#19871,.F.);
#19890=EDGE_LOOP('',(#19884,#19886,#19888,#19889));
#19891=FACE_OUTER_BOUND('',#19890,.F.);
#19892=ADVANCED_FACE('',(#19891),#19883,.T.);
#19893=CARTESIAN_POINT('',(1.5875E0,-2.585E-1,-2.275E-1));
#19894=DIRECTION('',(0.E0,0.E0,-1.E0));
#19895=DIRECTION('',(0.E0,1.E0,0.E0));
#19896=AXIS2_PLACEMENT_3D('',#19893,#19894,#19895);
#19897=PLANE('',#19896);
#19898=ORIENTED_EDGE('',*,*,#11316,.F.);
#19899=ORIENTED_EDGE('',*,*,#11434,.T.);
#19901=ORIENTED_EDGE('',*,*,#19900,.F.);
#19902=ORIENTED_EDGE('',*,*,#19885,.T.);
#19903=EDGE_LOOP('',(#19898,#19899,#19901,#19902));
#19904=FACE_OUTER_BOUND('',#19903,.F.);
#19905=ADVANCED_FACE('',(#19904),#19897,.F.);
#19906=CARTESIAN_POINT('',(1.4875E0,-3.43E-1,-1.6375E-1));
#19907=DIRECTION('',(0.E0,-1.E0,0.E0));
#19908=DIRECTION('',(0.E0,0.E0,1.E0));
#19909=AXIS2_PLACEMENT_3D('',#19906,#19907,#19908);
#19910=PLANE('',#19909);
#19911=ORIENTED_EDGE('',*,*,#19900,.T.);
#19912=ORIENTED_EDGE('',*,*,#11432,.F.);
#19913=ORIENTED_EDGE('',*,*,#19873,.F.);
#19914=ORIENTED_EDGE('',*,*,#19887,.T.);
#19915=EDGE_LOOP('',(#19911,#19912,#19913,#19914));
#19916=FACE_OUTER_BOUND('',#19915,.F.);
#19917=ADVANCED_FACE('',(#19916),#19910,.T.);
#19918=CARTESIAN_POINT('',(1.4875E0,-3.43E-1,-1.6375E-1));
#19919=DIRECTION('',(0.E0,-1.E0,0.E0));
#19920=DIRECTION('',(0.E0,0.E0,1.E0));
#19921=AXIS2_PLACEMENT_3D('',#19918,#19919,#19920);
#19922=PLANE('',#19921);
#19923=ORIENTED_EDGE('',*,*,#11390,.T.);
#19924=ORIENTED_EDGE('',*,*,#11438,.F.);
#19925=ORIENTED_EDGE('',*,*,#11361,.F.);
#19926=ORIENTED_EDGE('',*,*,#11376,.T.);
#19927=EDGE_LOOP('',(#19923,#19924,#19925,#19926));
#19928=FACE_OUTER_BOUND('',#19927,.F.);
#19929=ADVANCED_FACE('',(#19928),#19922,.T.);
#19930=CARTESIAN_POINT('',(1.7625E0,2.47E-1,-4.7E-2));
#19931=DIRECTION('',(0.E0,0.E0,1.E0));
#19932=DIRECTION('',(0.E0,-1.E0,0.E0));
#19933=AXIS2_PLACEMENT_3D('',#19930,#19931,#19932);
#19934=PLANE('',#19933);
#19935=ORIENTED_EDGE('',*,*,#11122,.T.);
#19936=ORIENTED_EDGE('',*,*,#11140,.T.);
#19937=ORIENTED_EDGE('',*,*,#11159,.T.);
#19938=ORIENTED_EDGE('',*,*,#10802,.F.);
#19939=EDGE_LOOP('',(#19935,#19936,#19937,#19938));
#19940=FACE_OUTER_BOUND('',#19939,.F.);
#19942=ORIENTED_EDGE('',*,*,#19941,.T.);
#19944=ORIENTED_EDGE('',*,*,#19943,.T.);
#19946=ORIENTED_EDGE('',*,*,#19945,.F.);
#19948=ORIENTED_EDGE('',*,*,#19947,.F.);
#19949=EDGE_LOOP('',(#19942,#19944,#19946,#19948));
#19950=FACE_BOUND('',#19949,.F.);
#19952=ORIENTED_EDGE('',*,*,#19951,.T.);
#19954=ORIENTED_EDGE('',*,*,#19953,.T.);
#19956=ORIENTED_EDGE('',*,*,#19955,.F.);
#19958=ORIENTED_EDGE('',*,*,#19957,.F.);
#19959=EDGE_LOOP('',(#19952,#19954,#19956,#19958));
#19960=FACE_BOUND('',#19959,.F.);
#19962=ORIENTED_EDGE('',*,*,#19961,.T.);
#19964=ORIENTED_EDGE('',*,*,#19963,.T.);
#19966=ORIENTED_EDGE('',*,*,#19965,.F.);
#19968=ORIENTED_EDGE('',*,*,#19967,.F.);
#19969=EDGE_LOOP('',(#19962,#19964,#19966,#19968));
#19970=FACE_BOUND('',#19969,.F.);
#19972=ORIENTED_EDGE('',*,*,#19971,.T.);
#19974=ORIENTED_EDGE('',*,*,#19973,.T.);
#19976=ORIENTED_EDGE('',*,*,#19975,.F.);
#19978=ORIENTED_EDGE('',*,*,#19977,.F.);
#19979=EDGE_LOOP('',(#19972,#19974,#19976,#19978));
#19980=FACE_BOUND('',#19979,.F.);
#19982=ORIENTED_EDGE('',*,*,#19981,.T.);
#19984=ORIENTED_EDGE('',*,*,#19983,.T.);
#19986=ORIENTED_EDGE('',*,*,#19985,.F.);
#19988=ORIENTED_EDGE('',*,*,#19987,.F.);
#19989=EDGE_LOOP('',(#19982,#19984,#19986,#19988));
#19990=FACE_BOUND('',#19989,.F.);
#19992=ORIENTED_EDGE('',*,*,#19991,.T.);
#19994=ORIENTED_EDGE('',*,*,#19993,.T.);
#19996=ORIENTED_EDGE('',*,*,#19995,.F.);
#19998=ORIENTED_EDGE('',*,*,#19997,.F.);
#19999=EDGE_LOOP('',(#19992,#19994,#19996,#19998));
#20000=FACE_BOUND('',#19999,.F.);
#20002=ORIENTED_EDGE('',*,*,#20001,.T.);
#20004=ORIENTED_EDGE('',*,*,#20003,.T.);
#20006=ORIENTED_EDGE('',*,*,#20005,.F.);
#20008=ORIENTED_EDGE('',*,*,#20007,.F.);
#20009=EDGE_LOOP('',(#20002,#20004,#20006,#20008));
#20010=FACE_BOUND('',#20009,.F.);
#20012=ORIENTED_EDGE('',*,*,#20011,.T.);
#20014=ORIENTED_EDGE('',*,*,#20013,.T.);
#20016=ORIENTED_EDGE('',*,*,#20015,.F.);
#20018=ORIENTED_EDGE('',*,*,#20017,.F.);
#20019=EDGE_LOOP('',(#20012,#20014,#20016,#20018));
#20020=FACE_BOUND('',#20019,.F.);
#20022=ORIENTED_EDGE('',*,*,#20021,.T.);
#20024=ORIENTED_EDGE('',*,*,#20023,.T.);
#20026=ORIENTED_EDGE('',*,*,#20025,.F.);
#20028=ORIENTED_EDGE('',*,*,#20027,.F.);
#20029=EDGE_LOOP('',(#20022,#20024,#20026,#20028));
#20030=FACE_BOUND('',#20029,.F.);
#20032=ORIENTED_EDGE('',*,*,#20031,.T.);
#20034=ORIENTED_EDGE('',*,*,#20033,.T.);
#20036=ORIENTED_EDGE('',*,*,#20035,.F.);
#20038=ORIENTED_EDGE('',*,*,#20037,.F.);
#20039=EDGE_LOOP('',(#20032,#20034,#20036,#20038));
#20040=FACE_BOUND('',#20039,.F.);
#20042=ORIENTED_EDGE('',*,*,#20041,.T.);
#20044=ORIENTED_EDGE('',*,*,#20043,.T.);
#20046=ORIENTED_EDGE('',*,*,#20045,.F.);
#20048=ORIENTED_EDGE('',*,*,#20047,.F.);
#20049=EDGE_LOOP('',(#20042,#20044,#20046,#20048));
#20050=FACE_BOUND('',#20049,.F.);
#20052=ORIENTED_EDGE('',*,*,#20051,.T.);
#20054=ORIENTED_EDGE('',*,*,#20053,.T.);
#20056=ORIENTED_EDGE('',*,*,#20055,.F.);
#20058=ORIENTED_EDGE('',*,*,#20057,.F.);
#20059=EDGE_LOOP('',(#20052,#20054,#20056,#20058));
#20060=FACE_BOUND('',#20059,.F.);
#20062=ORIENTED_EDGE('',*,*,#20061,.T.);
#20064=ORIENTED_EDGE('',*,*,#20063,.T.);
#20066=ORIENTED_EDGE('',*,*,#20065,.F.);
#20068=ORIENTED_EDGE('',*,*,#20067,.F.);
#20069=EDGE_LOOP('',(#20062,#20064,#20066,#20068));
#20070=FACE_BOUND('',#20069,.F.);
#20072=ORIENTED_EDGE('',*,*,#20071,.T.);
#20074=ORIENTED_EDGE('',*,*,#20073,.T.);
#20076=ORIENTED_EDGE('',*,*,#20075,.F.);
#20078=ORIENTED_EDGE('',*,*,#20077,.F.);
#20079=EDGE_LOOP('',(#20072,#20074,#20076,#20078));
#20080=FACE_BOUND('',#20079,.F.);
#20082=ORIENTED_EDGE('',*,*,#20081,.T.);
#20084=ORIENTED_EDGE('',*,*,#20083,.T.);
#20086=ORIENTED_EDGE('',*,*,#20085,.F.);
#20088=ORIENTED_EDGE('',*,*,#20087,.F.);
#20089=EDGE_LOOP('',(#20082,#20084,#20086,#20088));
#20090=FACE_BOUND('',#20089,.F.);
#20092=ORIENTED_EDGE('',*,*,#20091,.T.);
#20094=ORIENTED_EDGE('',*,*,#20093,.T.);
#20096=ORIENTED_EDGE('',*,*,#20095,.F.);
#20098=ORIENTED_EDGE('',*,*,#20097,.F.);
#20099=EDGE_LOOP('',(#20092,#20094,#20096,#20098));
#20100=FACE_BOUND('',#20099,.F.);
#20102=ORIENTED_EDGE('',*,*,#20101,.T.);
#20104=ORIENTED_EDGE('',*,*,#20103,.T.);
#20106=ORIENTED_EDGE('',*,*,#20105,.F.);
#20108=ORIENTED_EDGE('',*,*,#20107,.F.);
#20109=EDGE_LOOP('',(#20102,#20104,#20106,#20108));
#20110=FACE_BOUND('',#20109,.F.);
#20112=ORIENTED_EDGE('',*,*,#20111,.T.);
#20114=ORIENTED_EDGE('',*,*,#20113,.T.);
#20116=ORIENTED_EDGE('',*,*,#20115,.F.);
#20118=ORIENTED_EDGE('',*,*,#20117,.F.);
#20119=EDGE_LOOP('',(#20112,#20114,#20116,#20118));
#20120=FACE_BOUND('',#20119,.F.);
#20122=ORIENTED_EDGE('',*,*,#20121,.T.);
#20124=ORIENTED_EDGE('',*,*,#20123,.T.);
#20126=ORIENTED_EDGE('',*,*,#20125,.F.);
#20128=ORIENTED_EDGE('',*,*,#20127,.F.);
#20129=EDGE_LOOP('',(#20122,#20124,#20126,#20128));
#20130=FACE_BOUND('',#20129,.F.);
#20132=ORIENTED_EDGE('',*,*,#20131,.T.);
#20134=ORIENTED_EDGE('',*,*,#20133,.T.);
#20136=ORIENTED_EDGE('',*,*,#20135,.F.);
#20138=ORIENTED_EDGE('',*,*,#20137,.F.);
#20139=EDGE_LOOP('',(#20132,#20134,#20136,#20138));
#20140=FACE_BOUND('',#20139,.F.);
#20141=ADVANCED_FACE('',(#19940,#19950,#19960,#19970,#19980,#19990,#20000,
#20010,#20020,#20030,#20040,#20050,#20060,#20070,#20080,#20090,#20100,#20110,
#20120,#20130,#20140),#19934,.F.);
#20142=CARTESIAN_POINT('',(1.7E0,0.E0,1.4E-1));
#20143=DIRECTION('',(1.E0,0.E0,0.E0));
#20144=DIRECTION('',(0.E0,1.E0,0.E0));
#20145=AXIS2_PLACEMENT_3D('',#20142,#20143,#20144);
#20146=PLANE('',#20145);
#20147=ORIENTED_EDGE('',*,*,#19941,.F.);
#20149=ORIENTED_EDGE('',*,*,#20148,.T.);
#20151=ORIENTED_EDGE('',*,*,#20150,.T.);
#20153=ORIENTED_EDGE('',*,*,#20152,.T.);
#20155=ORIENTED_EDGE('',*,*,#20154,.T.);
#20157=ORIENTED_EDGE('',*,*,#20156,.T.);
#20158=EDGE_LOOP('',(#20147,#20149,#20151,#20153,#20155,#20157));
#20159=FACE_OUTER_BOUND('',#20158,.F.);
#20160=ADVANCED_FACE('',(#20159),#20146,.F.);
#20161=CARTESIAN_POINT('',(1.7E0,-1.625E-1,4.1E-1));
#20162=DIRECTION('',(0.E0,-1.E0,0.E0));
#20163=DIRECTION('',(0.E0,0.E0,-1.E0));
#20164=AXIS2_PLACEMENT_3D('',#20161,#20162,#20163);
#20165=PLANE('',#20164);
#20166=ORIENTED_EDGE('',*,*,#19947,.T.);
#20168=ORIENTED_EDGE('',*,*,#20167,.T.);
#20170=ORIENTED_EDGE('',*,*,#20169,.F.);
#20171=ORIENTED_EDGE('',*,*,#20148,.F.);
#20172=EDGE_LOOP('',(#20166,#20168,#20170,#20171));
#20173=FACE_OUTER_BOUND('',#20172,.F.);
#20174=ADVANCED_FACE('',(#20173),#20165,.T.);
#20175=CARTESIAN_POINT('',(1.725E0,0.E0,1.4E-1));
#20176=DIRECTION('',(1.E0,0.E0,0.E0));
#20177=DIRECTION('',(0.E0,1.E0,0.E0));
#20178=AXIS2_PLACEMENT_3D('',#20175,#20176,#20177);
#20179=PLANE('',#20178);
#20180=ORIENTED_EDGE('',*,*,#19945,.T.);
#20182=ORIENTED_EDGE('',*,*,#20181,.F.);
#20184=ORIENTED_EDGE('',*,*,#20183,.F.);
#20186=ORIENTED_EDGE('',*,*,#20185,.F.);
#20188=ORIENTED_EDGE('',*,*,#20187,.F.);
#20189=ORIENTED_EDGE('',*,*,#20167,.F.);
#20190=EDGE_LOOP('',(#20180,#20182,#20184,#20186,#20188,#20189));
#20191=FACE_OUTER_BOUND('',#20190,.F.);
#20192=ADVANCED_FACE('',(#20191),#20179,.T.);
#20193=CARTESIAN_POINT('',(1.7E0,-1.375E-1,-1.525E-1));
#20194=DIRECTION('',(0.E0,1.E0,0.E0));
#20195=DIRECTION('',(0.E0,0.E0,1.E0));
#20196=AXIS2_PLACEMENT_3D('',#20193,#20194,#20195);
#20197=PLANE('',#20196);
#20198=ORIENTED_EDGE('',*,*,#19943,.F.);
#20199=ORIENTED_EDGE('',*,*,#20156,.F.);
#20201=ORIENTED_EDGE('',*,*,#20200,.T.);
#20202=ORIENTED_EDGE('',*,*,#20181,.T.);
#20203=EDGE_LOOP('',(#20198,#20199,#20201,#20202));
#20204=FACE_OUTER_BOUND('',#20203,.F.);
#20205=ADVANCED_FACE('',(#20204),#20197,.T.);
#20206=CARTESIAN_POINT('',(1.7E0,-3.43E-1,-1.525E-1));
#20207=DIRECTION('',(0.E0,0.E0,-1.E0));
#20208=DIRECTION('',(0.E0,1.E0,0.E0));
#20209=AXIS2_PLACEMENT_3D('',#20206,#20207,#20208);
#20210=PLANE('',#20209);
#20211=ORIENTED_EDGE('',*,*,#20154,.F.);
#20213=ORIENTED_EDGE('',*,*,#20212,.T.);
#20214=ORIENTED_EDGE('',*,*,#20183,.T.);
#20215=ORIENTED_EDGE('',*,*,#20200,.F.);
#20216=EDGE_LOOP('',(#20211,#20213,#20214,#20215));
#20217=FACE_OUTER_BOUND('',#20216,.F.);
#20218=ADVANCED_FACE('',(#20217),#20210,.T.);
#20219=CARTESIAN_POINT('',(1.7E0,-3.43E-1,-1.275E-1));
#20220=DIRECTION('',(0.E0,-1.E0,0.E0));
#20221=DIRECTION('',(0.E0,0.E0,-1.E0));
#20222=AXIS2_PLACEMENT_3D('',#20219,#20220,#20221);
#20223=PLANE('',#20222);
#20224=ORIENTED_EDGE('',*,*,#20152,.F.);
#20226=ORIENTED_EDGE('',*,*,#20225,.T.);
#20227=ORIENTED_EDGE('',*,*,#20185,.T.);
#20228=ORIENTED_EDGE('',*,*,#20212,.F.);
#20229=EDGE_LOOP('',(#20224,#20226,#20227,#20228));
#20230=FACE_OUTER_BOUND('',#20229,.F.);
#20231=ADVANCED_FACE('',(#20230),#20223,.T.);
#20232=CARTESIAN_POINT('',(1.7E0,-1.625E-1,-1.275E-1));
#20233=DIRECTION('',(0.E0,0.E0,1.E0));
#20234=DIRECTION('',(0.E0,-1.E0,0.E0));
#20235=AXIS2_PLACEMENT_3D('',#20232,#20233,#20234);
#20236=PLANE('',#20235);
#20237=ORIENTED_EDGE('',*,*,#20150,.F.);
#20238=ORIENTED_EDGE('',*,*,#20169,.T.);
#20239=ORIENTED_EDGE('',*,*,#20187,.T.);
#20240=ORIENTED_EDGE('',*,*,#20225,.F.);
#20241=EDGE_LOOP('',(#20237,#20238,#20239,#20240));
#20242=FACE_OUTER_BOUND('',#20241,.F.);
#20243=ADVANCED_FACE('',(#20242),#20236,.T.);
#20244=CARTESIAN_POINT('',(1.7E0,0.E0,1.4E-1));
#20245=DIRECTION('',(1.E0,0.E0,0.E0));
#20246=DIRECTION('',(0.E0,1.E0,0.E0));
#20247=AXIS2_PLACEMENT_3D('',#20244,#20245,#20246);
#20248=PLANE('',#20247);
#20249=ORIENTED_EDGE('',*,*,#19951,.F.);
#20251=ORIENTED_EDGE('',*,*,#20250,.T.);
#20253=ORIENTED_EDGE('',*,*,#20252,.T.);
#20255=ORIENTED_EDGE('',*,*,#20254,.T.);
#20257=ORIENTED_EDGE('',*,*,#20256,.T.);
#20259=ORIENTED_EDGE('',*,*,#20258,.T.);
#20260=EDGE_LOOP('',(#20249,#20251,#20253,#20255,#20257,#20259));
#20261=FACE_OUTER_BOUND('',#20260,.F.);
#20262=ADVANCED_FACE('',(#20261),#20248,.F.);
#20263=CARTESIAN_POINT('',(1.7E0,-6.25E-2,4.1E-1));
#20264=DIRECTION('',(0.E0,-1.E0,0.E0));
#20265=DIRECTION('',(0.E0,0.E0,-1.E0));
#20266=AXIS2_PLACEMENT_3D('',#20263,#20264,#20265);
#20267=PLANE('',#20266);
#20268=ORIENTED_EDGE('',*,*,#19957,.T.);
#20270=ORIENTED_EDGE('',*,*,#20269,.T.);
#20272=ORIENTED_EDGE('',*,*,#20271,.F.);
#20273=ORIENTED_EDGE('',*,*,#20250,.F.);
#20274=EDGE_LOOP('',(#20268,#20270,#20272,#20273));
#20275=FACE_OUTER_BOUND('',#20274,.F.);
#20276=ADVANCED_FACE('',(#20275),#20267,.T.);
#20277=CARTESIAN_POINT('',(1.725E0,0.E0,1.4E-1));
#20278=DIRECTION('',(1.E0,0.E0,0.E0));
#20279=DIRECTION('',(0.E0,1.E0,0.E0));
#20280=AXIS2_PLACEMENT_3D('',#20277,#20278,#20279);
#20281=PLANE('',#20280);
#20282=ORIENTED_EDGE('',*,*,#19955,.T.);
#20284=ORIENTED_EDGE('',*,*,#20283,.F.);
#20286=ORIENTED_EDGE('',*,*,#20285,.F.);
#20288=ORIENTED_EDGE('',*,*,#20287,.F.);
#20290=ORIENTED_EDGE('',*,*,#20289,.F.);
#20291=ORIENTED_EDGE('',*,*,#20269,.F.);
#20292=EDGE_LOOP('',(#20282,#20284,#20286,#20288,#20290,#20291));
#20293=FACE_OUTER_BOUND('',#20292,.F.);
#20294=ADVANCED_FACE('',(#20293),#20281,.T.);
#20295=CARTESIAN_POINT('',(1.7E0,-3.75E-2,-2.525E-1));
#20296=DIRECTION('',(0.E0,1.E0,0.E0));
#20297=DIRECTION('',(0.E0,0.E0,1.E0));
#20298=AXIS2_PLACEMENT_3D('',#20295,#20296,#20297);
#20299=PLANE('',#20298);
#20300=ORIENTED_EDGE('',*,*,#19953,.F.);
#20301=ORIENTED_EDGE('',*,*,#20258,.F.);
#20303=ORIENTED_EDGE('',*,*,#20302,.T.);
#20304=ORIENTED_EDGE('',*,*,#20283,.T.);
#20305=EDGE_LOOP('',(#20300,#20301,#20303,#20304));
#20306=FACE_OUTER_BOUND('',#20305,.F.);
#20307=ADVANCED_FACE('',(#20306),#20299,.T.);
#20308=CARTESIAN_POINT('',(1.7E0,-3.43E-1,-2.525E-1));
#20309=DIRECTION('',(0.E0,0.E0,-1.E0));
#20310=DIRECTION('',(0.E0,1.E0,0.E0));
#20311=AXIS2_PLACEMENT_3D('',#20308,#20309,#20310);
#20312=PLANE('',#20311);
#20313=ORIENTED_EDGE('',*,*,#20256,.F.);
#20315=ORIENTED_EDGE('',*,*,#20314,.T.);
#20316=ORIENTED_EDGE('',*,*,#20285,.T.);
#20317=ORIENTED_EDGE('',*,*,#20302,.F.);
#20318=EDGE_LOOP('',(#20313,#20315,#20316,#20317));
#20319=FACE_OUTER_BOUND('',#20318,.F.);
#20320=ADVANCED_FACE('',(#20319),#20312,.T.);
#20321=CARTESIAN_POINT('',(1.7E0,-3.43E-1,-2.275E-1));
#20322=DIRECTION('',(0.E0,-1.E0,0.E0));
#20323=DIRECTION('',(0.E0,0.E0,-1.E0));
#20324=AXIS2_PLACEMENT_3D('',#20321,#20322,#20323);
#20325=PLANE('',#20324);
#20326=ORIENTED_EDGE('',*,*,#20254,.F.);
#20328=ORIENTED_EDGE('',*,*,#20327,.T.);
#20329=ORIENTED_EDGE('',*,*,#20287,.T.);
#20330=ORIENTED_EDGE('',*,*,#20314,.F.);
#20331=EDGE_LOOP('',(#20326,#20328,#20329,#20330));
#20332=FACE_OUTER_BOUND('',#20331,.F.);
#20333=ADVANCED_FACE('',(#20332),#20325,.T.);
#20334=CARTESIAN_POINT('',(1.7E0,-6.25E-2,-2.275E-1));
#20335=DIRECTION('',(0.E0,0.E0,1.E0));
#20336=DIRECTION('',(0.E0,-1.E0,0.E0));
#20337=AXIS2_PLACEMENT_3D('',#20334,#20335,#20336);
#20338=PLANE('',#20337);
#20339=ORIENTED_EDGE('',*,*,#20252,.F.);
#20340=ORIENTED_EDGE('',*,*,#20271,.T.);
#20341=ORIENTED_EDGE('',*,*,#20289,.T.);
#20342=ORIENTED_EDGE('',*,*,#20327,.F.);
#20343=EDGE_LOOP('',(#20339,#20340,#20341,#20342));
#20344=FACE_OUTER_BOUND('',#20343,.F.);
#20345=ADVANCED_FACE('',(#20344),#20338,.T.);
#20346=CARTESIAN_POINT('',(1.7E0,0.E0,1.4E-1));
#20347=DIRECTION('',(1.E0,0.E0,0.E0));
#20348=DIRECTION('',(0.E0,1.E0,0.E0));
#20349=AXIS2_PLACEMENT_3D('',#20346,#20347,#20348);
#20350=PLANE('',#20349);
#20351=ORIENTED_EDGE('',*,*,#19961,.F.);
#20353=ORIENTED_EDGE('',*,*,#20352,.T.);
#20355=ORIENTED_EDGE('',*,*,#20354,.T.);
#20357=ORIENTED_EDGE('',*,*,#20356,.T.);
#20359=ORIENTED_EDGE('',*,*,#20358,.T.);
#20361=ORIENTED_EDGE('',*,*,#20360,.T.);
#20362=EDGE_LOOP('',(#20351,#20353,#20355,#20357,#20359,#20361));
#20363=FACE_OUTER_BOUND('',#20362,.F.);
#20364=ADVANCED_FACE('',(#20363),#20350,.F.);
#20365=CARTESIAN_POINT('',(1.7E0,3.75E-2,4.1E-1));
#20366=DIRECTION('',(0.E0,-1.E0,0.E0));
#20367=DIRECTION('',(0.E0,0.E0,-1.E0));
#20368=AXIS2_PLACEMENT_3D('',#20365,#20366,#20367);
#20369=PLANE('',#20368);
#20370=ORIENTED_EDGE('',*,*,#19967,.T.);
#20372=ORIENTED_EDGE('',*,*,#20371,.T.);
#20374=ORIENTED_EDGE('',*,*,#20373,.F.);
#20375=ORIENTED_EDGE('',*,*,#20352,.F.);
#20376=EDGE_LOOP('',(#20370,#20372,#20374,#20375));
#20377=FACE_OUTER_BOUND('',#20376,.F.);
#20378=ADVANCED_FACE('',(#20377),#20369,.T.);
#20379=CARTESIAN_POINT('',(1.725E0,0.E0,1.4E-1));
#20380=DIRECTION('',(1.E0,0.E0,0.E0));
#20381=DIRECTION('',(0.E0,1.E0,0.E0));
#20382=AXIS2_PLACEMENT_3D('',#20379,#20380,#20381);
#20383=PLANE('',#20382);
#20384=ORIENTED_EDGE('',*,*,#19965,.T.);
#20386=ORIENTED_EDGE('',*,*,#20385,.F.);
#20388=ORIENTED_EDGE('',*,*,#20387,.F.);
#20390=ORIENTED_EDGE('',*,*,#20389,.F.);
#20392=ORIENTED_EDGE('',*,*,#20391,.F.);
#20393=ORIENTED_EDGE('',*,*,#20371,.F.);
#20394=EDGE_LOOP('',(#20384,#20386,#20388,#20390,#20392,#20393));
#20395=FACE_OUTER_BOUND('',#20394,.F.);
#20396=ADVANCED_FACE('',(#20395),#20383,.T.);
#20397=CARTESIAN_POINT('',(1.7E0,6.25E-2,-3.525E-1));
#20398=DIRECTION('',(0.E0,1.E0,0.E0));
#20399=DIRECTION('',(0.E0,0.E0,1.E0));
#20400=AXIS2_PLACEMENT_3D('',#20397,#20398,#20399);
#20401=PLANE('',#20400);
#20402=ORIENTED_EDGE('',*,*,#19963,.F.);
#20403=ORIENTED_EDGE('',*,*,#20360,.F.);
#20405=ORIENTED_EDGE('',*,*,#20404,.T.);
#20406=ORIENTED_EDGE('',*,*,#20385,.T.);
#20407=EDGE_LOOP('',(#20402,#20403,#20405,#20406));
#20408=FACE_OUTER_BOUND('',#20407,.F.);
#20409=ADVANCED_FACE('',(#20408),#20401,.T.);
#20410=CARTESIAN_POINT('',(1.7E0,-3.43E-1,-3.525E-1));
#20411=DIRECTION('',(0.E0,0.E0,-1.E0));
#20412=DIRECTION('',(0.E0,1.E0,0.E0));
#20413=AXIS2_PLACEMENT_3D('',#20410,#20411,#20412);
#20414=PLANE('',#20413);
#20415=ORIENTED_EDGE('',*,*,#20358,.F.);
#20417=ORIENTED_EDGE('',*,*,#20416,.T.);
#20418=ORIENTED_EDGE('',*,*,#20387,.T.);
#20419=ORIENTED_EDGE('',*,*,#20404,.F.);
#20420=EDGE_LOOP('',(#20415,#20417,#20418,#20419));
#20421=FACE_OUTER_BOUND('',#20420,.F.);
#20422=ADVANCED_FACE('',(#20421),#20414,.T.);
#20423=CARTESIAN_POINT('',(1.7E0,-3.43E-1,-3.275E-1));
#20424=DIRECTION('',(0.E0,-1.E0,0.E0));
#20425=DIRECTION('',(0.E0,0.E0,-1.E0));
#20426=AXIS2_PLACEMENT_3D('',#20423,#20424,#20425);
#20427=PLANE('',#20426);
#20428=ORIENTED_EDGE('',*,*,#20356,.F.);
#20430=ORIENTED_EDGE('',*,*,#20429,.T.);
#20431=ORIENTED_EDGE('',*,*,#20389,.T.);
#20432=ORIENTED_EDGE('',*,*,#20416,.F.);
#20433=EDGE_LOOP('',(#20428,#20430,#20431,#20432));
#20434=FACE_OUTER_BOUND('',#20433,.F.);
#20435=ADVANCED_FACE('',(#20434),#20427,.T.);
#20436=CARTESIAN_POINT('',(1.7E0,3.75E-2,-3.275E-1));
#20437=DIRECTION('',(0.E0,0.E0,1.E0));
#20438=DIRECTION('',(0.E0,-1.E0,0.E0));
#20439=AXIS2_PLACEMENT_3D('',#20436,#20437,#20438);
#20440=PLANE('',#20439);
#20441=ORIENTED_EDGE('',*,*,#20354,.F.);
#20442=ORIENTED_EDGE('',*,*,#20373,.T.);
#20443=ORIENTED_EDGE('',*,*,#20391,.T.);
#20444=ORIENTED_EDGE('',*,*,#20429,.F.);
#20445=EDGE_LOOP('',(#20441,#20442,#20443,#20444));
#20446=FACE_OUTER_BOUND('',#20445,.F.);
#20447=ADVANCED_FACE('',(#20446),#20440,.T.);
#20448=CARTESIAN_POINT('',(1.7E0,0.E0,1.4E-1));
#20449=DIRECTION('',(1.E0,0.E0,0.E0));
#20450=DIRECTION('',(0.E0,1.E0,0.E0));
#20451=AXIS2_PLACEMENT_3D('',#20448,#20449,#20450);
#20452=PLANE('',#20451);
#20453=ORIENTED_EDGE('',*,*,#19971,.F.);
#20455=ORIENTED_EDGE('',*,*,#20454,.T.);
#20457=ORIENTED_EDGE('',*,*,#20456,.T.);
#20459=ORIENTED_EDGE('',*,*,#20458,.T.);
#20461=ORIENTED_EDGE('',*,*,#20460,.T.);
#20463=ORIENTED_EDGE('',*,*,#20462,.T.);
#20464=EDGE_LOOP('',(#20453,#20455,#20457,#20459,#20461,#20463));
#20465=FACE_OUTER_BOUND('',#20464,.F.);
#20466=ADVANCED_FACE('',(#20465),#20452,.F.);
#20467=CARTESIAN_POINT('',(1.7E0,1.375E-1,4.1E-1));
#20468=DIRECTION('',(0.E0,-1.E0,0.E0));
#20469=DIRECTION('',(0.E0,0.E0,-1.E0));
#20470=AXIS2_PLACEMENT_3D('',#20467,#20468,#20469);
#20471=PLANE('',#20470);
#20472=ORIENTED_EDGE('',*,*,#19977,.T.);
#20474=ORIENTED_EDGE('',*,*,#20473,.T.);
#20476=ORIENTED_EDGE('',*,*,#20475,.F.);
#20477=ORIENTED_EDGE('',*,*,#20454,.F.);
#20478=EDGE_LOOP('',(#20472,#20474,#20476,#20477));
#20479=FACE_OUTER_BOUND('',#20478,.F.);
#20480=ADVANCED_FACE('',(#20479),#20471,.T.);
#20481=CARTESIAN_POINT('',(1.725E0,0.E0,1.4E-1));
#20482=DIRECTION('',(1.E0,0.E0,0.E0));
#20483=DIRECTION('',(0.E0,1.E0,0.E0));
#20484=AXIS2_PLACEMENT_3D('',#20481,#20482,#20483);
#20485=PLANE('',#20484);
#20486=ORIENTED_EDGE('',*,*,#19975,.T.);
#20488=ORIENTED_EDGE('',*,*,#20487,.F.);
#20490=ORIENTED_EDGE('',*,*,#20489,.F.);
#20492=ORIENTED_EDGE('',*,*,#20491,.F.);
#20494=ORIENTED_EDGE('',*,*,#20493,.F.);
#20495=ORIENTED_EDGE('',*,*,#20473,.F.);
#20496=EDGE_LOOP('',(#20486,#20488,#20490,#20492,#20494,#20495));
#20497=FACE_OUTER_BOUND('',#20496,.F.);
#20498=ADVANCED_FACE('',(#20497),#20485,.T.);
#20499=CARTESIAN_POINT('',(1.7E0,1.625E-1,-4.525E-1));
#20500=DIRECTION('',(0.E0,1.E0,0.E0));
#20501=DIRECTION('',(0.E0,0.E0,1.E0));
#20502=AXIS2_PLACEMENT_3D('',#20499,#20500,#20501);
#20503=PLANE('',#20502);
#20504=ORIENTED_EDGE('',*,*,#19973,.F.);
#20505=ORIENTED_EDGE('',*,*,#20462,.F.);
#20507=ORIENTED_EDGE('',*,*,#20506,.T.);
#20508=ORIENTED_EDGE('',*,*,#20487,.T.);
#20509=EDGE_LOOP('',(#20504,#20505,#20507,#20508));
#20510=FACE_OUTER_BOUND('',#20509,.F.);
#20511=ADVANCED_FACE('',(#20510),#20503,.T.);
#20512=CARTESIAN_POINT('',(1.7E0,-3.43E-1,-4.525E-1));
#20513=DIRECTION('',(0.E0,0.E0,-1.E0));
#20514=DIRECTION('',(0.E0,1.E0,0.E0));
#20515=AXIS2_PLACEMENT_3D('',#20512,#20513,#20514);
#20516=PLANE('',#20515);
#20517=ORIENTED_EDGE('',*,*,#20460,.F.);
#20519=ORIENTED_EDGE('',*,*,#20518,.T.);
#20520=ORIENTED_EDGE('',*,*,#20489,.T.);
#20521=ORIENTED_EDGE('',*,*,#20506,.F.);
#20522=EDGE_LOOP('',(#20517,#20519,#20520,#20521));
#20523=FACE_OUTER_BOUND('',#20522,.F.);
#20524=ADVANCED_FACE('',(#20523),#20516,.T.);
#20525=CARTESIAN_POINT('',(1.7E0,-3.43E-1,-4.275E-1));
#20526=DIRECTION('',(0.E0,-1.E0,0.E0));
#20527=DIRECTION('',(0.E0,0.E0,-1.E0));
#20528=AXIS2_PLACEMENT_3D('',#20525,#20526,#20527);
#20529=PLANE('',#20528);
#20530=ORIENTED_EDGE('',*,*,#20458,.F.);
#20532=ORIENTED_EDGE('',*,*,#20531,.T.);
#20533=ORIENTED_EDGE('',*,*,#20491,.T.);
#20534=ORIENTED_EDGE('',*,*,#20518,.F.);
#20535=EDGE_LOOP('',(#20530,#20532,#20533,#20534));
#20536=FACE_OUTER_BOUND('',#20535,.F.);
#20537=ADVANCED_FACE('',(#20536),#20529,.T.);
#20538=CARTESIAN_POINT('',(1.7E0,1.375E-1,-4.275E-1));
#20539=DIRECTION('',(0.E0,0.E0,1.E0));
#20540=DIRECTION('',(0.E0,-1.E0,0.E0));
#20541=AXIS2_PLACEMENT_3D('',#20538,#20539,#20540);
#20542=PLANE('',#20541);
#20543=ORIENTED_EDGE('',*,*,#20456,.F.);
#20544=ORIENTED_EDGE('',*,*,#20475,.T.);
#20545=ORIENTED_EDGE('',*,*,#20493,.T.);
#20546=ORIENTED_EDGE('',*,*,#20531,.F.);
#20547=EDGE_LOOP('',(#20543,#20544,#20545,#20546));
#20548=FACE_OUTER_BOUND('',#20547,.F.);
#20549=ADVANCED_FACE('',(#20548),#20542,.T.);
#20550=CARTESIAN_POINT('',(1.8E0,0.E0,1.4E-1));
#20551=DIRECTION('',(1.E0,0.E0,0.E0));
#20552=DIRECTION('',(0.E0,1.E0,0.E0));
#20553=AXIS2_PLACEMENT_3D('',#20550,#20551,#20552);
#20554=PLANE('',#20553);
#20555=ORIENTED_EDGE('',*,*,#19981,.F.);
#20557=ORIENTED_EDGE('',*,*,#20556,.T.);
#20559=ORIENTED_EDGE('',*,*,#20558,.T.);
#20561=ORIENTED_EDGE('',*,*,#20560,.T.);
#20563=ORIENTED_EDGE('',*,*,#20562,.T.);
#20565=ORIENTED_EDGE('',*,*,#20564,.T.);
#20566=EDGE_LOOP('',(#20555,#20557,#20559,#20561,#20563,#20565));
#20567=FACE_OUTER_BOUND('',#20566,.F.);
#20568=ADVANCED_FACE('',(#20567),#20554,.F.);
#20569=CARTESIAN_POINT('',(1.8E0,-1.625E-1,4.1E-1));
#20570=DIRECTION('',(0.E0,-1.E0,0.E0));
#20571=DIRECTION('',(0.E0,0.E0,-1.E0));
#20572=AXIS2_PLACEMENT_3D('',#20569,#20570,#20571);
#20573=PLANE('',#20572);
#20574=ORIENTED_EDGE('',*,*,#19987,.T.);
#20576=ORIENTED_EDGE('',*,*,#20575,.T.);
#20578=ORIENTED_EDGE('',*,*,#20577,.F.);
#20579=ORIENTED_EDGE('',*,*,#20556,.F.);
#20580=EDGE_LOOP('',(#20574,#20576,#20578,#20579));
#20581=FACE_OUTER_BOUND('',#20580,.F.);
#20582=ADVANCED_FACE('',(#20581),#20573,.T.);
#20583=CARTESIAN_POINT('',(1.825E0,0.E0,1.4E-1));
#20584=DIRECTION('',(1.E0,0.E0,0.E0));
#20585=DIRECTION('',(0.E0,1.E0,0.E0));
#20586=AXIS2_PLACEMENT_3D('',#20583,#20584,#20585);
#20587=PLANE('',#20586);
#20588=ORIENTED_EDGE('',*,*,#19985,.T.);
#20590=ORIENTED_EDGE('',*,*,#20589,.F.);
#20592=ORIENTED_EDGE('',*,*,#20591,.F.);
#20594=ORIENTED_EDGE('',*,*,#20593,.F.);
#20596=ORIENTED_EDGE('',*,*,#20595,.F.);
#20597=ORIENTED_EDGE('',*,*,#20575,.F.);
#20598=EDGE_LOOP('',(#20588,#20590,#20592,#20594,#20596,#20597));
#20599=FACE_OUTER_BOUND('',#20598,.F.);
#20600=ADVANCED_FACE('',(#20599),#20587,.T.);
#20601=CARTESIAN_POINT('',(1.8E0,-1.375E-1,-1.525E-1));
#20602=DIRECTION('',(0.E0,1.E0,0.E0));
#20603=DIRECTION('',(0.E0,0.E0,1.E0));
#20604=AXIS2_PLACEMENT_3D('',#20601,#20602,#20603);
#20605=PLANE('',#20604);
#20606=ORIENTED_EDGE('',*,*,#19983,.F.);
#20607=ORIENTED_EDGE('',*,*,#20564,.F.);
#20609=ORIENTED_EDGE('',*,*,#20608,.T.);
#20610=ORIENTED_EDGE('',*,*,#20589,.T.);
#20611=EDGE_LOOP('',(#20606,#20607,#20609,#20610));
#20612=FACE_OUTER_BOUND('',#20611,.F.);
#20613=ADVANCED_FACE('',(#20612),#20605,.T.);
#20614=CARTESIAN_POINT('',(1.8E0,-3.43E-1,-1.525E-1));
#20615=DIRECTION('',(0.E0,0.E0,-1.E0));
#20616=DIRECTION('',(0.E0,1.E0,0.E0));
#20617=AXIS2_PLACEMENT_3D('',#20614,#20615,#20616);
#20618=PLANE('',#20617);
#20619=ORIENTED_EDGE('',*,*,#20562,.F.);
#20621=ORIENTED_EDGE('',*,*,#20620,.T.);
#20622=ORIENTED_EDGE('',*,*,#20591,.T.);
#20623=ORIENTED_EDGE('',*,*,#20608,.F.);
#20624=EDGE_LOOP('',(#20619,#20621,#20622,#20623));
#20625=FACE_OUTER_BOUND('',#20624,.F.);
#20626=ADVANCED_FACE('',(#20625),#20618,.T.);
#20627=CARTESIAN_POINT('',(1.8E0,-3.43E-1,-1.275E-1));
#20628=DIRECTION('',(0.E0,-1.E0,0.E0));
#20629=DIRECTION('',(0.E0,0.E0,-1.E0));
#20630=AXIS2_PLACEMENT_3D('',#20627,#20628,#20629);
#20631=PLANE('',#20630);
#20632=ORIENTED_EDGE('',*,*,#20560,.F.);
#20634=ORIENTED_EDGE('',*,*,#20633,.T.);
#20635=ORIENTED_EDGE('',*,*,#20593,.T.);
#20636=ORIENTED_EDGE('',*,*,#20620,.F.);
#20637=EDGE_LOOP('',(#20632,#20634,#20635,#20636));
#20638=FACE_OUTER_BOUND('',#20637,.F.);
#20639=ADVANCED_FACE('',(#20638),#20631,.T.);
#20640=CARTESIAN_POINT('',(1.8E0,-1.625E-1,-1.275E-1));
#20641=DIRECTION('',(0.E0,0.E0,1.E0));
#20642=DIRECTION('',(0.E0,-1.E0,0.E0));
#20643=AXIS2_PLACEMENT_3D('',#20640,#20641,#20642);
#20644=PLANE('',#20643);
#20645=ORIENTED_EDGE('',*,*,#20558,.F.);
#20646=ORIENTED_EDGE('',*,*,#20577,.T.);
#20647=ORIENTED_EDGE('',*,*,#20595,.T.);
#20648=ORIENTED_EDGE('',*,*,#20633,.F.);
#20649=EDGE_LOOP('',(#20645,#20646,#20647,#20648));
#20650=FACE_OUTER_BOUND('',#20649,.F.);
#20651=ADVANCED_FACE('',(#20650),#20644,.T.);
#20652=CARTESIAN_POINT('',(1.8E0,0.E0,1.4E-1));
#20653=DIRECTION('',(1.E0,0.E0,0.E0));
#20654=DIRECTION('',(0.E0,1.E0,0.E0));
#20655=AXIS2_PLACEMENT_3D('',#20652,#20653,#20654);
#20656=PLANE('',#20655);
#20657=ORIENTED_EDGE('',*,*,#19991,.F.);
#20659=ORIENTED_EDGE('',*,*,#20658,.T.);
#20661=ORIENTED_EDGE('',*,*,#20660,.T.);
#20663=ORIENTED_EDGE('',*,*,#20662,.T.);
#20665=ORIENTED_EDGE('',*,*,#20664,.T.);
#20667=ORIENTED_EDGE('',*,*,#20666,.T.);
#20668=EDGE_LOOP('',(#20657,#20659,#20661,#20663,#20665,#20667));
#20669=FACE_OUTER_BOUND('',#20668,.F.);
#20670=ADVANCED_FACE('',(#20669),#20656,.F.);
#20671=CARTESIAN_POINT('',(1.8E0,-6.25E-2,4.1E-1));
#20672=DIRECTION('',(0.E0,-1.E0,0.E0));
#20673=DIRECTION('',(0.E0,0.E0,-1.E0));
#20674=AXIS2_PLACEMENT_3D('',#20671,#20672,#20673);
#20675=PLANE('',#20674);
#20676=ORIENTED_EDGE('',*,*,#19997,.T.);
#20678=ORIENTED_EDGE('',*,*,#20677,.T.);
#20680=ORIENTED_EDGE('',*,*,#20679,.F.);
#20681=ORIENTED_EDGE('',*,*,#20658,.F.);
#20682=EDGE_LOOP('',(#20676,#20678,#20680,#20681));
#20683=FACE_OUTER_BOUND('',#20682,.F.);
#20684=ADVANCED_FACE('',(#20683),#20675,.T.);
#20685=CARTESIAN_POINT('',(1.825E0,0.E0,1.4E-1));
#20686=DIRECTION('',(1.E0,0.E0,0.E0));
#20687=DIRECTION('',(0.E0,1.E0,0.E0));
#20688=AXIS2_PLACEMENT_3D('',#20685,#20686,#20687);
#20689=PLANE('',#20688);
#20690=ORIENTED_EDGE('',*,*,#19995,.T.);
#20692=ORIENTED_EDGE('',*,*,#20691,.F.);
#20694=ORIENTED_EDGE('',*,*,#20693,.F.);
#20696=ORIENTED_EDGE('',*,*,#20695,.F.);
#20698=ORIENTED_EDGE('',*,*,#20697,.F.);
#20699=ORIENTED_EDGE('',*,*,#20677,.F.);
#20700=EDGE_LOOP('',(#20690,#20692,#20694,#20696,#20698,#20699));
#20701=FACE_OUTER_BOUND('',#20700,.F.);
#20702=ADVANCED_FACE('',(#20701),#20689,.T.);
#20703=CARTESIAN_POINT('',(1.8E0,-3.75E-2,-2.525E-1));
#20704=DIRECTION('',(0.E0,1.E0,0.E0));
#20705=DIRECTION('',(0.E0,0.E0,1.E0));
#20706=AXIS2_PLACEMENT_3D('',#20703,#20704,#20705);
#20707=PLANE('',#20706);
#20708=ORIENTED_EDGE('',*,*,#19993,.F.);
#20709=ORIENTED_EDGE('',*,*,#20666,.F.);
#20711=ORIENTED_EDGE('',*,*,#20710,.T.);
#20712=ORIENTED_EDGE('',*,*,#20691,.T.);
#20713=EDGE_LOOP('',(#20708,#20709,#20711,#20712));
#20714=FACE_OUTER_BOUND('',#20713,.F.);
#20715=ADVANCED_FACE('',(#20714),#20707,.T.);
#20716=CARTESIAN_POINT('',(1.8E0,-3.43E-1,-2.525E-1));
#20717=DIRECTION('',(0.E0,0.E0,-1.E0));
#20718=DIRECTION('',(0.E0,1.E0,0.E0));
#20719=AXIS2_PLACEMENT_3D('',#20716,#20717,#20718);
#20720=PLANE('',#20719);
#20721=ORIENTED_EDGE('',*,*,#20664,.F.);
#20723=ORIENTED_EDGE('',*,*,#20722,.T.);
#20724=ORIENTED_EDGE('',*,*,#20693,.T.);
#20725=ORIENTED_EDGE('',*,*,#20710,.F.);
#20726=EDGE_LOOP('',(#20721,#20723,#20724,#20725));
#20727=FACE_OUTER_BOUND('',#20726,.F.);
#20728=ADVANCED_FACE('',(#20727),#20720,.T.);
#20729=CARTESIAN_POINT('',(1.8E0,-3.43E-1,-2.275E-1));
#20730=DIRECTION('',(0.E0,-1.E0,0.E0));
#20731=DIRECTION('',(0.E0,0.E0,-1.E0));
#20732=AXIS2_PLACEMENT_3D('',#20729,#20730,#20731);
#20733=PLANE('',#20732);
#20734=ORIENTED_EDGE('',*,*,#20662,.F.);
#20736=ORIENTED_EDGE('',*,*,#20735,.T.);
#20737=ORIENTED_EDGE('',*,*,#20695,.T.);
#20738=ORIENTED_EDGE('',*,*,#20722,.F.);
#20739=EDGE_LOOP('',(#20734,#20736,#20737,#20738));
#20740=FACE_OUTER_BOUND('',#20739,.F.);
#20741=ADVANCED_FACE('',(#20740),#20733,.T.);
#20742=CARTESIAN_POINT('',(1.8E0,-6.25E-2,-2.275E-1));
#20743=DIRECTION('',(0.E0,0.E0,1.E0));
#20744=DIRECTION('',(0.E0,-1.E0,0.E0));
#20745=AXIS2_PLACEMENT_3D('',#20742,#20743,#20744);
#20746=PLANE('',#20745);
#20747=ORIENTED_EDGE('',*,*,#20660,.F.);
#20748=ORIENTED_EDGE('',*,*,#20679,.T.);
#20749=ORIENTED_EDGE('',*,*,#20697,.T.);
#20750=ORIENTED_EDGE('',*,*,#20735,.F.);
#20751=EDGE_LOOP('',(#20747,#20748,#20749,#20750));
#20752=FACE_OUTER_BOUND('',#20751,.F.);
#20753=ADVANCED_FACE('',(#20752),#20746,.T.);
#20754=CARTESIAN_POINT('',(1.8E0,0.E0,1.4E-1));
#20755=DIRECTION('',(1.E0,0.E0,0.E0));
#20756=DIRECTION('',(0.E0,1.E0,0.E0));
#20757=AXIS2_PLACEMENT_3D('',#20754,#20755,#20756);
#20758=PLANE('',#20757);
#20759=ORIENTED_EDGE('',*,*,#20001,.F.);
#20761=ORIENTED_EDGE('',*,*,#20760,.T.);
#20763=ORIENTED_EDGE('',*,*,#20762,.T.);
#20765=ORIENTED_EDGE('',*,*,#20764,.T.);
#20767=ORIENTED_EDGE('',*,*,#20766,.T.);
#20769=ORIENTED_EDGE('',*,*,#20768,.T.);
#20770=EDGE_LOOP('',(#20759,#20761,#20763,#20765,#20767,#20769));
#20771=FACE_OUTER_BOUND('',#20770,.F.);
#20772=ADVANCED_FACE('',(#20771),#20758,.F.);
#20773=CARTESIAN_POINT('',(1.8E0,3.75E-2,4.1E-1));
#20774=DIRECTION('',(0.E0,-1.E0,0.E0));
#20775=DIRECTION('',(0.E0,0.E0,-1.E0));
#20776=AXIS2_PLACEMENT_3D('',#20773,#20774,#20775);
#20777=PLANE('',#20776);
#20778=ORIENTED_EDGE('',*,*,#20007,.T.);
#20780=ORIENTED_EDGE('',*,*,#20779,.T.);
#20782=ORIENTED_EDGE('',*,*,#20781,.F.);
#20783=ORIENTED_EDGE('',*,*,#20760,.F.);
#20784=EDGE_LOOP('',(#20778,#20780,#20782,#20783));
#20785=FACE_OUTER_BOUND('',#20784,.F.);
#20786=ADVANCED_FACE('',(#20785),#20777,.T.);
#20787=CARTESIAN_POINT('',(1.825E0,0.E0,1.4E-1));
#20788=DIRECTION('',(1.E0,0.E0,0.E0));
#20789=DIRECTION('',(0.E0,1.E0,0.E0));
#20790=AXIS2_PLACEMENT_3D('',#20787,#20788,#20789);
#20791=PLANE('',#20790);
#20792=ORIENTED_EDGE('',*,*,#20005,.T.);
#20794=ORIENTED_EDGE('',*,*,#20793,.F.);
#20796=ORIENTED_EDGE('',*,*,#20795,.F.);
#20798=ORIENTED_EDGE('',*,*,#20797,.F.);
#20800=ORIENTED_EDGE('',*,*,#20799,.F.);
#20801=ORIENTED_EDGE('',*,*,#20779,.F.);
#20802=EDGE_LOOP('',(#20792,#20794,#20796,#20798,#20800,#20801));
#20803=FACE_OUTER_BOUND('',#20802,.F.);
#20804=ADVANCED_FACE('',(#20803),#20791,.T.);
#20805=CARTESIAN_POINT('',(1.8E0,6.25E-2,-3.525E-1));
#20806=DIRECTION('',(0.E0,1.E0,0.E0));
#20807=DIRECTION('',(0.E0,0.E0,1.E0));
#20808=AXIS2_PLACEMENT_3D('',#20805,#20806,#20807);
#20809=PLANE('',#20808);
#20810=ORIENTED_EDGE('',*,*,#20003,.F.);
#20811=ORIENTED_EDGE('',*,*,#20768,.F.);
#20813=ORIENTED_EDGE('',*,*,#20812,.T.);
#20814=ORIENTED_EDGE('',*,*,#20793,.T.);
#20815=EDGE_LOOP('',(#20810,#20811,#20813,#20814));
#20816=FACE_OUTER_BOUND('',#20815,.F.);
#20817=ADVANCED_FACE('',(#20816),#20809,.T.);
#20818=CARTESIAN_POINT('',(1.8E0,-3.43E-1,-3.525E-1));
#20819=DIRECTION('',(0.E0,0.E0,-1.E0));
#20820=DIRECTION('',(0.E0,1.E0,0.E0));
#20821=AXIS2_PLACEMENT_3D('',#20818,#20819,#20820);
#20822=PLANE('',#20821);
#20823=ORIENTED_EDGE('',*,*,#20766,.F.);
#20825=ORIENTED_EDGE('',*,*,#20824,.T.);
#20826=ORIENTED_EDGE('',*,*,#20795,.T.);
#20827=ORIENTED_EDGE('',*,*,#20812,.F.);
#20828=EDGE_LOOP('',(#20823,#20825,#20826,#20827));
#20829=FACE_OUTER_BOUND('',#20828,.F.);
#20830=ADVANCED_FACE('',(#20829),#20822,.T.);
#20831=CARTESIAN_POINT('',(1.8E0,-3.43E-1,-3.275E-1));
#20832=DIRECTION('',(0.E0,-1.E0,0.E0));
#20833=DIRECTION('',(0.E0,0.E0,-1.E0));
#20834=AXIS2_PLACEMENT_3D('',#20831,#20832,#20833);
#20835=PLANE('',#20834);
#20836=ORIENTED_EDGE('',*,*,#20764,.F.);
#20838=ORIENTED_EDGE('',*,*,#20837,.T.);
#20839=ORIENTED_EDGE('',*,*,#20797,.T.);
#20840=ORIENTED_EDGE('',*,*,#20824,.F.);
#20841=EDGE_LOOP('',(#20836,#20838,#20839,#20840));
#20842=FACE_OUTER_BOUND('',#20841,.F.);
#20843=ADVANCED_FACE('',(#20842),#20835,.T.);
#20844=CARTESIAN_POINT('',(1.8E0,3.75E-2,-3.275E-1));
#20845=DIRECTION('',(0.E0,0.E0,1.E0));
#20846=DIRECTION('',(0.E0,-1.E0,0.E0));
#20847=AXIS2_PLACEMENT_3D('',#20844,#20845,#20846);
#20848=PLANE('',#20847);
#20849=ORIENTED_EDGE('',*,*,#20762,.F.);
#20850=ORIENTED_EDGE('',*,*,#20781,.T.);
#20851=ORIENTED_EDGE('',*,*,#20799,.T.);
#20852=ORIENTED_EDGE('',*,*,#20837,.F.);
#20853=EDGE_LOOP('',(#20849,#20850,#20851,#20852));
#20854=FACE_OUTER_BOUND('',#20853,.F.);
#20855=ADVANCED_FACE('',(#20854),#20848,.T.);
#20856=CARTESIAN_POINT('',(1.8E0,0.E0,1.4E-1));
#20857=DIRECTION('',(1.E0,0.E0,0.E0));
#20858=DIRECTION('',(0.E0,1.E0,0.E0));
#20859=AXIS2_PLACEMENT_3D('',#20856,#20857,#20858);
#20860=PLANE('',#20859);
#20861=ORIENTED_EDGE('',*,*,#20011,.F.);
#20863=ORIENTED_EDGE('',*,*,#20862,.T.);
#20865=ORIENTED_EDGE('',*,*,#20864,.T.);
#20867=ORIENTED_EDGE('',*,*,#20866,.T.);
#20869=ORIENTED_EDGE('',*,*,#20868,.T.);
#20871=ORIENTED_EDGE('',*,*,#20870,.T.);
#20872=EDGE_LOOP('',(#20861,#20863,#20865,#20867,#20869,#20871));
#20873=FACE_OUTER_BOUND('',#20872,.F.);
#20874=ADVANCED_FACE('',(#20873),#20860,.F.);
#20875=CARTESIAN_POINT('',(1.8E0,1.375E-1,4.1E-1));
#20876=DIRECTION('',(0.E0,-1.E0,0.E0));
#20877=DIRECTION('',(0.E0,0.E0,-1.E0));
#20878=AXIS2_PLACEMENT_3D('',#20875,#20876,#20877);
#20879=PLANE('',#20878);
#20880=ORIENTED_EDGE('',*,*,#20017,.T.);
#20882=ORIENTED_EDGE('',*,*,#20881,.T.);
#20884=ORIENTED_EDGE('',*,*,#20883,.F.);
#20885=ORIENTED_EDGE('',*,*,#20862,.F.);
#20886=EDGE_LOOP('',(#20880,#20882,#20884,#20885));
#20887=FACE_OUTER_BOUND('',#20886,.F.);
#20888=ADVANCED_FACE('',(#20887),#20879,.T.);
#20889=CARTESIAN_POINT('',(1.825E0,0.E0,1.4E-1));
#20890=DIRECTION('',(1.E0,0.E0,0.E0));
#20891=DIRECTION('',(0.E0,1.E0,0.E0));
#20892=AXIS2_PLACEMENT_3D('',#20889,#20890,#20891);
#20893=PLANE('',#20892);
#20894=ORIENTED_EDGE('',*,*,#20015,.T.);
#20896=ORIENTED_EDGE('',*,*,#20895,.F.);
#20898=ORIENTED_EDGE('',*,*,#20897,.F.);
#20900=ORIENTED_EDGE('',*,*,#20899,.F.);
#20902=ORIENTED_EDGE('',*,*,#20901,.F.);
#20903=ORIENTED_EDGE('',*,*,#20881,.F.);
#20904=EDGE_LOOP('',(#20894,#20896,#20898,#20900,#20902,#20903));
#20905=FACE_OUTER_BOUND('',#20904,.F.);
#20906=ADVANCED_FACE('',(#20905),#20893,.T.);
#20907=CARTESIAN_POINT('',(1.8E0,1.625E-1,-4.525E-1));
#20908=DIRECTION('',(0.E0,1.E0,0.E0));
#20909=DIRECTION('',(0.E0,0.E0,1.E0));
#20910=AXIS2_PLACEMENT_3D('',#20907,#20908,#20909);
#20911=PLANE('',#20910);
#20912=ORIENTED_EDGE('',*,*,#20013,.F.);
#20913=ORIENTED_EDGE('',*,*,#20870,.F.);
#20915=ORIENTED_EDGE('',*,*,#20914,.T.);
#20916=ORIENTED_EDGE('',*,*,#20895,.T.);
#20917=EDGE_LOOP('',(#20912,#20913,#20915,#20916));
#20918=FACE_OUTER_BOUND('',#20917,.F.);
#20919=ADVANCED_FACE('',(#20918),#20911,.T.);
#20920=CARTESIAN_POINT('',(1.8E0,-3.43E-1,-4.525E-1));
#20921=DIRECTION('',(0.E0,0.E0,-1.E0));
#20922=DIRECTION('',(0.E0,1.E0,0.E0));
#20923=AXIS2_PLACEMENT_3D('',#20920,#20921,#20922);
#20924=PLANE('',#20923);
#20925=ORIENTED_EDGE('',*,*,#20868,.F.);
#20927=ORIENTED_EDGE('',*,*,#20926,.T.);
#20928=ORIENTED_EDGE('',*,*,#20897,.T.);
#20929=ORIENTED_EDGE('',*,*,#20914,.F.);
#20930=EDGE_LOOP('',(#20925,#20927,#20928,#20929));
#20931=FACE_OUTER_BOUND('',#20930,.F.);
#20932=ADVANCED_FACE('',(#20931),#20924,.T.);
#20933=CARTESIAN_POINT('',(1.8E0,-3.43E-1,-4.275E-1));
#20934=DIRECTION('',(0.E0,-1.E0,0.E0));
#20935=DIRECTION('',(0.E0,0.E0,-1.E0));
#20936=AXIS2_PLACEMENT_3D('',#20933,#20934,#20935);
#20937=PLANE('',#20936);
#20938=ORIENTED_EDGE('',*,*,#20866,.F.);
#20940=ORIENTED_EDGE('',*,*,#20939,.T.);
#20941=ORIENTED_EDGE('',*,*,#20899,.T.);
#20942=ORIENTED_EDGE('',*,*,#20926,.F.);
#20943=EDGE_LOOP('',(#20938,#20940,#20941,#20942));
#20944=FACE_OUTER_BOUND('',#20943,.F.);
#20945=ADVANCED_FACE('',(#20944),#20937,.T.);
#20946=CARTESIAN_POINT('',(1.8E0,1.375E-1,-4.275E-1));
#20947=DIRECTION('',(0.E0,0.E0,1.E0));
#20948=DIRECTION('',(0.E0,-1.E0,0.E0));
#20949=AXIS2_PLACEMENT_3D('',#20946,#20947,#20948);
#20950=PLANE('',#20949);
#20951=ORIENTED_EDGE('',*,*,#20864,.F.);
#20952=ORIENTED_EDGE('',*,*,#20883,.T.);
#20953=ORIENTED_EDGE('',*,*,#20901,.T.);
#20954=ORIENTED_EDGE('',*,*,#20939,.F.);
#20955=EDGE_LOOP('',(#20951,#20952,#20953,#20954));
#20956=FACE_OUTER_BOUND('',#20955,.F.);
#20957=ADVANCED_FACE('',(#20956),#20950,.T.);
#20958=CARTESIAN_POINT('',(1.9E0,0.E0,1.4E-1));
#20959=DIRECTION('',(1.E0,0.E0,0.E0));
#20960=DIRECTION('',(0.E0,1.E0,0.E0));
#20961=AXIS2_PLACEMENT_3D('',#20958,#20959,#20960);
#20962=PLANE('',#20961);
#20963=ORIENTED_EDGE('',*,*,#20021,.F.);
#20965=ORIENTED_EDGE('',*,*,#20964,.T.);
#20967=ORIENTED_EDGE('',*,*,#20966,.T.);
#20969=ORIENTED_EDGE('',*,*,#20968,.T.);
#20971=ORIENTED_EDGE('',*,*,#20970,.T.);
#20973=ORIENTED_EDGE('',*,*,#20972,.T.);
#20974=EDGE_LOOP('',(#20963,#20965,#20967,#20969,#20971,#20973));
#20975=FACE_OUTER_BOUND('',#20974,.F.);
#20976=ADVANCED_FACE('',(#20975),#20962,.F.);
#20977=CARTESIAN_POINT('',(1.9E0,-1.625E-1,4.1E-1));
#20978=DIRECTION('',(0.E0,-1.E0,0.E0));
#20979=DIRECTION('',(0.E0,0.E0,-1.E0));
#20980=AXIS2_PLACEMENT_3D('',#20977,#20978,#20979);
#20981=PLANE('',#20980);
#20982=ORIENTED_EDGE('',*,*,#20027,.T.);
#20984=ORIENTED_EDGE('',*,*,#20983,.T.);
#20986=ORIENTED_EDGE('',*,*,#20985,.F.);
#20987=ORIENTED_EDGE('',*,*,#20964,.F.);
#20988=EDGE_LOOP('',(#20982,#20984,#20986,#20987));
#20989=FACE_OUTER_BOUND('',#20988,.F.);
#20990=ADVANCED_FACE('',(#20989),#20981,.T.);
#20991=CARTESIAN_POINT('',(1.925E0,0.E0,1.4E-1));
#20992=DIRECTION('',(1.E0,0.E0,0.E0));
#20993=DIRECTION('',(0.E0,1.E0,0.E0));
#20994=AXIS2_PLACEMENT_3D('',#20991,#20992,#20993);
#20995=PLANE('',#20994);
#20996=ORIENTED_EDGE('',*,*,#20025,.T.);
#20998=ORIENTED_EDGE('',*,*,#20997,.F.);
#21000=ORIENTED_EDGE('',*,*,#20999,.F.);
#21002=ORIENTED_EDGE('',*,*,#21001,.F.);
#21004=ORIENTED_EDGE('',*,*,#21003,.F.);
#21005=ORIENTED_EDGE('',*,*,#20983,.F.);
#21006=EDGE_LOOP('',(#20996,#20998,#21000,#21002,#21004,#21005));
#21007=FACE_OUTER_BOUND('',#21006,.F.);
#21008=ADVANCED_FACE('',(#21007),#20995,.T.);
#21009=CARTESIAN_POINT('',(1.9E0,-1.375E-1,-1.525E-1));
#21010=DIRECTION('',(0.E0,1.E0,0.E0));
#21011=DIRECTION('',(0.E0,0.E0,1.E0));
#21012=AXIS2_PLACEMENT_3D('',#21009,#21010,#21011);
#21013=PLANE('',#21012);
#21014=ORIENTED_EDGE('',*,*,#20023,.F.);
#21015=ORIENTED_EDGE('',*,*,#20972,.F.);
#21017=ORIENTED_EDGE('',*,*,#21016,.T.);
#21018=ORIENTED_EDGE('',*,*,#20997,.T.);
#21019=EDGE_LOOP('',(#21014,#21015,#21017,#21018));
#21020=FACE_OUTER_BOUND('',#21019,.F.);
#21021=ADVANCED_FACE('',(#21020),#21013,.T.);
#21022=CARTESIAN_POINT('',(1.9E0,-3.43E-1,-1.525E-1));
#21023=DIRECTION('',(0.E0,0.E0,-1.E0));
#21024=DIRECTION('',(0.E0,1.E0,0.E0));
#21025=AXIS2_PLACEMENT_3D('',#21022,#21023,#21024);
#21026=PLANE('',#21025);
#21027=ORIENTED_EDGE('',*,*,#20970,.F.);
#21029=ORIENTED_EDGE('',*,*,#21028,.T.);
#21030=ORIENTED_EDGE('',*,*,#20999,.T.);
#21031=ORIENTED_EDGE('',*,*,#21016,.F.);
#21032=EDGE_LOOP('',(#21027,#21029,#21030,#21031));
#21033=FACE_OUTER_BOUND('',#21032,.F.);
#21034=ADVANCED_FACE('',(#21033),#21026,.T.);
#21035=CARTESIAN_POINT('',(1.9E0,-3.43E-1,-1.275E-1));
#21036=DIRECTION('',(0.E0,-1.E0,0.E0));
#21037=DIRECTION('',(0.E0,0.E0,-1.E0));
#21038=AXIS2_PLACEMENT_3D('',#21035,#21036,#21037);
#21039=PLANE('',#21038);
#21040=ORIENTED_EDGE('',*,*,#20968,.F.);
#21042=ORIENTED_EDGE('',*,*,#21041,.T.);
#21043=ORIENTED_EDGE('',*,*,#21001,.T.);
#21044=ORIENTED_EDGE('',*,*,#21028,.F.);
#21045=EDGE_LOOP('',(#21040,#21042,#21043,#21044));
#21046=FACE_OUTER_BOUND('',#21045,.F.);
#21047=ADVANCED_FACE('',(#21046),#21039,.T.);
#21048=CARTESIAN_POINT('',(1.9E0,-1.625E-1,-1.275E-1));
#21049=DIRECTION('',(0.E0,0.E0,1.E0));
#21050=DIRECTION('',(0.E0,-1.E0,0.E0));
#21051=AXIS2_PLACEMENT_3D('',#21048,#21049,#21050);
#21052=PLANE('',#21051);
#21053=ORIENTED_EDGE('',*,*,#20966,.F.);
#21054=ORIENTED_EDGE('',*,*,#20985,.T.);
#21055=ORIENTED_EDGE('',*,*,#21003,.T.);
#21056=ORIENTED_EDGE('',*,*,#21041,.F.);
#21057=EDGE_LOOP('',(#21053,#21054,#21055,#21056));
#21058=FACE_OUTER_BOUND('',#21057,.F.);
#21059=ADVANCED_FACE('',(#21058),#21052,.T.);
#21060=CARTESIAN_POINT('',(1.9E0,0.E0,1.4E-1));
#21061=DIRECTION('',(1.E0,0.E0,0.E0));
#21062=DIRECTION('',(0.E0,1.E0,0.E0));
#21063=AXIS2_PLACEMENT_3D('',#21060,#21061,#21062);
#21064=PLANE('',#21063);
#21065=ORIENTED_EDGE('',*,*,#20031,.F.);
#21067=ORIENTED_EDGE('',*,*,#21066,.T.);
#21069=ORIENTED_EDGE('',*,*,#21068,.T.);
#21071=ORIENTED_EDGE('',*,*,#21070,.T.);
#21073=ORIENTED_EDGE('',*,*,#21072,.T.);
#21075=ORIENTED_EDGE('',*,*,#21074,.T.);
#21076=EDGE_LOOP('',(#21065,#21067,#21069,#21071,#21073,#21075));
#21077=FACE_OUTER_BOUND('',#21076,.F.);
#21078=ADVANCED_FACE('',(#21077),#21064,.F.);
#21079=CARTESIAN_POINT('',(1.9E0,-6.25E-2,4.1E-1));
#21080=DIRECTION('',(0.E0,-1.E0,0.E0));
#21081=DIRECTION('',(0.E0,0.E0,-1.E0));
#21082=AXIS2_PLACEMENT_3D('',#21079,#21080,#21081);
#21083=PLANE('',#21082);
#21084=ORIENTED_EDGE('',*,*,#20037,.T.);
#21086=ORIENTED_EDGE('',*,*,#21085,.T.);
#21088=ORIENTED_EDGE('',*,*,#21087,.F.);
#21089=ORIENTED_EDGE('',*,*,#21066,.F.);
#21090=EDGE_LOOP('',(#21084,#21086,#21088,#21089));
#21091=FACE_OUTER_BOUND('',#21090,.F.);
#21092=ADVANCED_FACE('',(#21091),#21083,.T.);
#21093=CARTESIAN_POINT('',(1.925E0,0.E0,1.4E-1));
#21094=DIRECTION('',(1.E0,0.E0,0.E0));
#21095=DIRECTION('',(0.E0,1.E0,0.E0));
#21096=AXIS2_PLACEMENT_3D('',#21093,#21094,#21095);
#21097=PLANE('',#21096);
#21098=ORIENTED_EDGE('',*,*,#20035,.T.);
#21100=ORIENTED_EDGE('',*,*,#21099,.F.);
#21102=ORIENTED_EDGE('',*,*,#21101,.F.);
#21104=ORIENTED_EDGE('',*,*,#21103,.F.);
#21106=ORIENTED_EDGE('',*,*,#21105,.F.);
#21107=ORIENTED_EDGE('',*,*,#21085,.F.);
#21108=EDGE_LOOP('',(#21098,#21100,#21102,#21104,#21106,#21107));
#21109=FACE_OUTER_BOUND('',#21108,.F.);
#21110=ADVANCED_FACE('',(#21109),#21097,.T.);
#21111=CARTESIAN_POINT('',(1.9E0,-3.75E-2,-2.525E-1));
#21112=DIRECTION('',(0.E0,1.E0,0.E0));
#21113=DIRECTION('',(0.E0,0.E0,1.E0));
#21114=AXIS2_PLACEMENT_3D('',#21111,#21112,#21113);
#21115=PLANE('',#21114);
#21116=ORIENTED_EDGE('',*,*,#20033,.F.);
#21117=ORIENTED_EDGE('',*,*,#21074,.F.);
#21119=ORIENTED_EDGE('',*,*,#21118,.T.);
#21120=ORIENTED_EDGE('',*,*,#21099,.T.);
#21121=EDGE_LOOP('',(#21116,#21117,#21119,#21120));
#21122=FACE_OUTER_BOUND('',#21121,.F.);
#21123=ADVANCED_FACE('',(#21122),#21115,.T.);
#21124=CARTESIAN_POINT('',(1.9E0,-3.43E-1,-2.525E-1));
#21125=DIRECTION('',(0.E0,0.E0,-1.E0));
#21126=DIRECTION('',(0.E0,1.E0,0.E0));
#21127=AXIS2_PLACEMENT_3D('',#21124,#21125,#21126);
#21128=PLANE('',#21127);
#21129=ORIENTED_EDGE('',*,*,#21072,.F.);
#21131=ORIENTED_EDGE('',*,*,#21130,.T.);
#21132=ORIENTED_EDGE('',*,*,#21101,.T.);
#21133=ORIENTED_EDGE('',*,*,#21118,.F.);
#21134=EDGE_LOOP('',(#21129,#21131,#21132,#21133));
#21135=FACE_OUTER_BOUND('',#21134,.F.);
#21136=ADVANCED_FACE('',(#21135),#21128,.T.);
#21137=CARTESIAN_POINT('',(1.9E0,-3.43E-1,-2.275E-1));
#21138=DIRECTION('',(0.E0,-1.E0,0.E0));
#21139=DIRECTION('',(0.E0,0.E0,-1.E0));
#21140=AXIS2_PLACEMENT_3D('',#21137,#21138,#21139);
#21141=PLANE('',#21140);
#21142=ORIENTED_EDGE('',*,*,#21070,.F.);
#21144=ORIENTED_EDGE('',*,*,#21143,.T.);
#21145=ORIENTED_EDGE('',*,*,#21103,.T.);
#21146=ORIENTED_EDGE('',*,*,#21130,.F.);
#21147=EDGE_LOOP('',(#21142,#21144,#21145,#21146));
#21148=FACE_OUTER_BOUND('',#21147,.F.);
#21149=ADVANCED_FACE('',(#21148),#21141,.T.);
#21150=CARTESIAN_POINT('',(1.9E0,-6.25E-2,-2.275E-1));
#21151=DIRECTION('',(0.E0,0.E0,1.E0));
#21152=DIRECTION('',(0.E0,-1.E0,0.E0));
#21153=AXIS2_PLACEMENT_3D('',#21150,#21151,#21152);
#21154=PLANE('',#21153);
#21155=ORIENTED_EDGE('',*,*,#21068,.F.);
#21156=ORIENTED_EDGE('',*,*,#21087,.T.);
#21157=ORIENTED_EDGE('',*,*,#21105,.T.);
#21158=ORIENTED_EDGE('',*,*,#21143,.F.);
#21159=EDGE_LOOP('',(#21155,#21156,#21157,#21158));
#21160=FACE_OUTER_BOUND('',#21159,.F.);
#21161=ADVANCED_FACE('',(#21160),#21154,.T.);
#21162=CARTESIAN_POINT('',(1.9E0,0.E0,1.4E-1));
#21163=DIRECTION('',(1.E0,0.E0,0.E0));
#21164=DIRECTION('',(0.E0,1.E0,0.E0));
#21165=AXIS2_PLACEMENT_3D('',#21162,#21163,#21164);
#21166=PLANE('',#21165);
#21167=ORIENTED_EDGE('',*,*,#20041,.F.);
#21169=ORIENTED_EDGE('',*,*,#21168,.T.);
#21171=ORIENTED_EDGE('',*,*,#21170,.T.);
#21173=ORIENTED_EDGE('',*,*,#21172,.T.);
#21175=ORIENTED_EDGE('',*,*,#21174,.T.);
#21177=ORIENTED_EDGE('',*,*,#21176,.T.);
#21178=EDGE_LOOP('',(#21167,#21169,#21171,#21173,#21175,#21177));
#21179=FACE_OUTER_BOUND('',#21178,.F.);
#21180=ADVANCED_FACE('',(#21179),#21166,.F.);
#21181=CARTESIAN_POINT('',(1.9E0,3.75E-2,4.1E-1));
#21182=DIRECTION('',(0.E0,-1.E0,0.E0));
#21183=DIRECTION('',(0.E0,0.E0,-1.E0));
#21184=AXIS2_PLACEMENT_3D('',#21181,#21182,#21183);
#21185=PLANE('',#21184);
#21186=ORIENTED_EDGE('',*,*,#20047,.T.);
#21188=ORIENTED_EDGE('',*,*,#21187,.T.);
#21190=ORIENTED_EDGE('',*,*,#21189,.F.);
#21191=ORIENTED_EDGE('',*,*,#21168,.F.);
#21192=EDGE_LOOP('',(#21186,#21188,#21190,#21191));
#21193=FACE_OUTER_BOUND('',#21192,.F.);
#21194=ADVANCED_FACE('',(#21193),#21185,.T.);
#21195=CARTESIAN_POINT('',(1.925E0,0.E0,1.4E-1));
#21196=DIRECTION('',(1.E0,0.E0,0.E0));
#21197=DIRECTION('',(0.E0,1.E0,0.E0));
#21198=AXIS2_PLACEMENT_3D('',#21195,#21196,#21197);
#21199=PLANE('',#21198);
#21200=ORIENTED_EDGE('',*,*,#20045,.T.);
#21202=ORIENTED_EDGE('',*,*,#21201,.F.);
#21204=ORIENTED_EDGE('',*,*,#21203,.F.);
#21206=ORIENTED_EDGE('',*,*,#21205,.F.);
#21208=ORIENTED_EDGE('',*,*,#21207,.F.);
#21209=ORIENTED_EDGE('',*,*,#21187,.F.);
#21210=EDGE_LOOP('',(#21200,#21202,#21204,#21206,#21208,#21209));
#21211=FACE_OUTER_BOUND('',#21210,.F.);
#21212=ADVANCED_FACE('',(#21211),#21199,.T.);
#21213=CARTESIAN_POINT('',(1.9E0,6.25E-2,-3.525E-1));
#21214=DIRECTION('',(0.E0,1.E0,0.E0));
#21215=DIRECTION('',(0.E0,0.E0,1.E0));
#21216=AXIS2_PLACEMENT_3D('',#21213,#21214,#21215);
#21217=PLANE('',#21216);
#21218=ORIENTED_EDGE('',*,*,#20043,.F.);
#21219=ORIENTED_EDGE('',*,*,#21176,.F.);
#21221=ORIENTED_EDGE('',*,*,#21220,.T.);
#21222=ORIENTED_EDGE('',*,*,#21201,.T.);
#21223=EDGE_LOOP('',(#21218,#21219,#21221,#21222));
#21224=FACE_OUTER_BOUND('',#21223,.F.);
#21225=ADVANCED_FACE('',(#21224),#21217,.T.);
#21226=CARTESIAN_POINT('',(1.9E0,-3.43E-1,-3.525E-1));
#21227=DIRECTION('',(0.E0,0.E0,-1.E0));
#21228=DIRECTION('',(0.E0,1.E0,0.E0));
#21229=AXIS2_PLACEMENT_3D('',#21226,#21227,#21228);
#21230=PLANE('',#21229);
#21231=ORIENTED_EDGE('',*,*,#21174,.F.);
#21233=ORIENTED_EDGE('',*,*,#21232,.T.);
#21234=ORIENTED_EDGE('',*,*,#21203,.T.);
#21235=ORIENTED_EDGE('',*,*,#21220,.F.);
#21236=EDGE_LOOP('',(#21231,#21233,#21234,#21235));
#21237=FACE_OUTER_BOUND('',#21236,.F.);
#21238=ADVANCED_FACE('',(#21237),#21230,.T.);
#21239=CARTESIAN_POINT('',(1.9E0,-3.43E-1,-3.275E-1));
#21240=DIRECTION('',(0.E0,-1.E0,0.E0));
#21241=DIRECTION('',(0.E0,0.E0,-1.E0));
#21242=AXIS2_PLACEMENT_3D('',#21239,#21240,#21241);
#21243=PLANE('',#21242);
#21244=ORIENTED_EDGE('',*,*,#21172,.F.);
#21246=ORIENTED_EDGE('',*,*,#21245,.T.);
#21247=ORIENTED_EDGE('',*,*,#21205,.T.);
#21248=ORIENTED_EDGE('',*,*,#21232,.F.);
#21249=EDGE_LOOP('',(#21244,#21246,#21247,#21248));
#21250=FACE_OUTER_BOUND('',#21249,.F.);
#21251=ADVANCED_FACE('',(#21250),#21243,.T.);
#21252=CARTESIAN_POINT('',(1.9E0,3.75E-2,-3.275E-1));
#21253=DIRECTION('',(0.E0,0.E0,1.E0));
#21254=DIRECTION('',(0.E0,-1.E0,0.E0));
#21255=AXIS2_PLACEMENT_3D('',#21252,#21253,#21254);
#21256=PLANE('',#21255);
#21257=ORIENTED_EDGE('',*,*,#21170,.F.);
#21258=ORIENTED_EDGE('',*,*,#21189,.T.);
#21259=ORIENTED_EDGE('',*,*,#21207,.T.);
#21260=ORIENTED_EDGE('',*,*,#21245,.F.);
#21261=EDGE_LOOP('',(#21257,#21258,#21259,#21260));
#21262=FACE_OUTER_BOUND('',#21261,.F.);
#21263=ADVANCED_FACE('',(#21262),#21256,.T.);
#21264=CARTESIAN_POINT('',(1.9E0,0.E0,1.4E-1));
#21265=DIRECTION('',(1.E0,0.E0,0.E0));
#21266=DIRECTION('',(0.E0,1.E0,0.E0));
#21267=AXIS2_PLACEMENT_3D('',#21264,#21265,#21266);
#21268=PLANE('',#21267);
#21269=ORIENTED_EDGE('',*,*,#20051,.F.);
#21271=ORIENTED_EDGE('',*,*,#21270,.T.);
#21273=ORIENTED_EDGE('',*,*,#21272,.T.);
#21275=ORIENTED_EDGE('',*,*,#21274,.T.);
#21277=ORIENTED_EDGE('',*,*,#21276,.T.);
#21279=ORIENTED_EDGE('',*,*,#21278,.T.);
#21280=EDGE_LOOP('',(#21269,#21271,#21273,#21275,#21277,#21279));
#21281=FACE_OUTER_BOUND('',#21280,.F.);
#21282=ADVANCED_FACE('',(#21281),#21268,.F.);
#21283=CARTESIAN_POINT('',(1.9E0,1.375E-1,4.1E-1));
#21284=DIRECTION('',(0.E0,-1.E0,0.E0));
#21285=DIRECTION('',(0.E0,0.E0,-1.E0));
#21286=AXIS2_PLACEMENT_3D('',#21283,#21284,#21285);
#21287=PLANE('',#21286);
#21288=ORIENTED_EDGE('',*,*,#20057,.T.);
#21290=ORIENTED_EDGE('',*,*,#21289,.T.);
#21292=ORIENTED_EDGE('',*,*,#21291,.F.);
#21293=ORIENTED_EDGE('',*,*,#21270,.F.);
#21294=EDGE_LOOP('',(#21288,#21290,#21292,#21293));
#21295=FACE_OUTER_BOUND('',#21294,.F.);
#21296=ADVANCED_FACE('',(#21295),#21287,.T.);
#21297=CARTESIAN_POINT('',(1.925E0,0.E0,1.4E-1));
#21298=DIRECTION('',(1.E0,0.E0,0.E0));
#21299=DIRECTION('',(0.E0,1.E0,0.E0));
#21300=AXIS2_PLACEMENT_3D('',#21297,#21298,#21299);
#21301=PLANE('',#21300);
#21302=ORIENTED_EDGE('',*,*,#20055,.T.);
#21304=ORIENTED_EDGE('',*,*,#21303,.F.);
#21306=ORIENTED_EDGE('',*,*,#21305,.F.);
#21308=ORIENTED_EDGE('',*,*,#21307,.F.);
#21310=ORIENTED_EDGE('',*,*,#21309,.F.);
#21311=ORIENTED_EDGE('',*,*,#21289,.F.);
#21312=EDGE_LOOP('',(#21302,#21304,#21306,#21308,#21310,#21311));
#21313=FACE_OUTER_BOUND('',#21312,.F.);
#21314=ADVANCED_FACE('',(#21313),#21301,.T.);
#21315=CARTESIAN_POINT('',(1.9E0,1.625E-1,-4.525E-1));
#21316=DIRECTION('',(0.E0,1.E0,0.E0));
#21317=DIRECTION('',(0.E0,0.E0,1.E0));
#21318=AXIS2_PLACEMENT_3D('',#21315,#21316,#21317);
#21319=PLANE('',#21318);
#21320=ORIENTED_EDGE('',*,*,#20053,.F.);
#21321=ORIENTED_EDGE('',*,*,#21278,.F.);
#21323=ORIENTED_EDGE('',*,*,#21322,.T.);
#21324=ORIENTED_EDGE('',*,*,#21303,.T.);
#21325=EDGE_LOOP('',(#21320,#21321,#21323,#21324));
#21326=FACE_OUTER_BOUND('',#21325,.F.);
#21327=ADVANCED_FACE('',(#21326),#21319,.T.);
#21328=CARTESIAN_POINT('',(1.9E0,-3.43E-1,-4.525E-1));
#21329=DIRECTION('',(0.E0,0.E0,-1.E0));
#21330=DIRECTION('',(0.E0,1.E0,0.E0));
#21331=AXIS2_PLACEMENT_3D('',#21328,#21329,#21330);
#21332=PLANE('',#21331);
#21333=ORIENTED_EDGE('',*,*,#21276,.F.);
#21335=ORIENTED_EDGE('',*,*,#21334,.T.);
#21336=ORIENTED_EDGE('',*,*,#21305,.T.);
#21337=ORIENTED_EDGE('',*,*,#21322,.F.);
#21338=EDGE_LOOP('',(#21333,#21335,#21336,#21337));
#21339=FACE_OUTER_BOUND('',#21338,.F.);
#21340=ADVANCED_FACE('',(#21339),#21332,.T.);
#21341=CARTESIAN_POINT('',(1.9E0,-3.43E-1,-4.275E-1));
#21342=DIRECTION('',(0.E0,-1.E0,0.E0));
#21343=DIRECTION('',(0.E0,0.E0,-1.E0));
#21344=AXIS2_PLACEMENT_3D('',#21341,#21342,#21343);
#21345=PLANE('',#21344);
#21346=ORIENTED_EDGE('',*,*,#21274,.F.);
#21348=ORIENTED_EDGE('',*,*,#21347,.T.);
#21349=ORIENTED_EDGE('',*,*,#21307,.T.);
#21350=ORIENTED_EDGE('',*,*,#21334,.F.);
#21351=EDGE_LOOP('',(#21346,#21348,#21349,#21350));
#21352=FACE_OUTER_BOUND('',#21351,.F.);
#21353=ADVANCED_FACE('',(#21352),#21345,.T.);
#21354=CARTESIAN_POINT('',(1.9E0,1.375E-1,-4.275E-1));
#21355=DIRECTION('',(0.E0,0.E0,1.E0));
#21356=DIRECTION('',(0.E0,-1.E0,0.E0));
#21357=AXIS2_PLACEMENT_3D('',#21354,#21355,#21356);
#21358=PLANE('',#21357);
#21359=ORIENTED_EDGE('',*,*,#21272,.F.);
#21360=ORIENTED_EDGE('',*,*,#21291,.T.);
#21361=ORIENTED_EDGE('',*,*,#21309,.T.);
#21362=ORIENTED_EDGE('',*,*,#21347,.F.);
#21363=EDGE_LOOP('',(#21359,#21360,#21361,#21362));
#21364=FACE_OUTER_BOUND('',#21363,.F.);
#21365=ADVANCED_FACE('',(#21364),#21358,.T.);
#21366=CARTESIAN_POINT('',(2.E0,0.E0,1.4E-1));
#21367=DIRECTION('',(1.E0,0.E0,0.E0));
#21368=DIRECTION('',(0.E0,1.E0,0.E0));
#21369=AXIS2_PLACEMENT_3D('',#21366,#21367,#21368);
#21370=PLANE('',#21369);
#21371=ORIENTED_EDGE('',*,*,#20061,.F.);
#21373=ORIENTED_EDGE('',*,*,#21372,.T.);
#21375=ORIENTED_EDGE('',*,*,#21374,.T.);
#21377=ORIENTED_EDGE('',*,*,#21376,.T.);
#21379=ORIENTED_EDGE('',*,*,#21378,.T.);
#21381=ORIENTED_EDGE('',*,*,#21380,.T.);
#21382=EDGE_LOOP('',(#21371,#21373,#21375,#21377,#21379,#21381));
#21383=FACE_OUTER_BOUND('',#21382,.F.);
#21384=ADVANCED_FACE('',(#21383),#21370,.F.);
#21385=CARTESIAN_POINT('',(2.E0,-1.625E-1,4.1E-1));
#21386=DIRECTION('',(0.E0,-1.E0,0.E0));
#21387=DIRECTION('',(0.E0,0.E0,-1.E0));
#21388=AXIS2_PLACEMENT_3D('',#21385,#21386,#21387);
#21389=PLANE('',#21388);
#21390=ORIENTED_EDGE('',*,*,#20067,.T.);
#21392=ORIENTED_EDGE('',*,*,#21391,.T.);
#21394=ORIENTED_EDGE('',*,*,#21393,.F.);
#21395=ORIENTED_EDGE('',*,*,#21372,.F.);
#21396=EDGE_LOOP('',(#21390,#21392,#21394,#21395));
#21397=FACE_OUTER_BOUND('',#21396,.F.);
#21398=ADVANCED_FACE('',(#21397),#21389,.T.);
#21399=CARTESIAN_POINT('',(2.025E0,0.E0,1.4E-1));
#21400=DIRECTION('',(1.E0,0.E0,0.E0));
#21401=DIRECTION('',(0.E0,1.E0,0.E0));
#21402=AXIS2_PLACEMENT_3D('',#21399,#21400,#21401);
#21403=PLANE('',#21402);
#21404=ORIENTED_EDGE('',*,*,#20065,.T.);
#21406=ORIENTED_EDGE('',*,*,#21405,.F.);
#21408=ORIENTED_EDGE('',*,*,#21407,.F.);
#21410=ORIENTED_EDGE('',*,*,#21409,.F.);
#21412=ORIENTED_EDGE('',*,*,#21411,.F.);
#21413=ORIENTED_EDGE('',*,*,#21391,.F.);
#21414=EDGE_LOOP('',(#21404,#21406,#21408,#21410,#21412,#21413));
#21415=FACE_OUTER_BOUND('',#21414,.F.);
#21416=ADVANCED_FACE('',(#21415),#21403,.T.);
#21417=CARTESIAN_POINT('',(2.E0,-1.375E-1,-1.525E-1));
#21418=DIRECTION('',(0.E0,1.E0,0.E0));
#21419=DIRECTION('',(0.E0,0.E0,1.E0));
#21420=AXIS2_PLACEMENT_3D('',#21417,#21418,#21419);
#21421=PLANE('',#21420);
#21422=ORIENTED_EDGE('',*,*,#20063,.F.);
#21423=ORIENTED_EDGE('',*,*,#21380,.F.);
#21425=ORIENTED_EDGE('',*,*,#21424,.T.);
#21426=ORIENTED_EDGE('',*,*,#21405,.T.);
#21427=EDGE_LOOP('',(#21422,#21423,#21425,#21426));
#21428=FACE_OUTER_BOUND('',#21427,.F.);
#21429=ADVANCED_FACE('',(#21428),#21421,.T.);
#21430=CARTESIAN_POINT('',(2.E0,-3.43E-1,-1.525E-1));
#21431=DIRECTION('',(0.E0,0.E0,-1.E0));
#21432=DIRECTION('',(0.E0,1.E0,0.E0));
#21433=AXIS2_PLACEMENT_3D('',#21430,#21431,#21432);
#21434=PLANE('',#21433);
#21435=ORIENTED_EDGE('',*,*,#21378,.F.);
#21437=ORIENTED_EDGE('',*,*,#21436,.T.);
#21438=ORIENTED_EDGE('',*,*,#21407,.T.);
#21439=ORIENTED_EDGE('',*,*,#21424,.F.);
#21440=EDGE_LOOP('',(#21435,#21437,#21438,#21439));
#21441=FACE_OUTER_BOUND('',#21440,.F.);
#21442=ADVANCED_FACE('',(#21441),#21434,.T.);
#21443=CARTESIAN_POINT('',(2.E0,-3.43E-1,-1.275E-1));
#21444=DIRECTION('',(0.E0,-1.E0,0.E0));
#21445=DIRECTION('',(0.E0,0.E0,-1.E0));
#21446=AXIS2_PLACEMENT_3D('',#21443,#21444,#21445);
#21447=PLANE('',#21446);
#21448=ORIENTED_EDGE('',*,*,#21376,.F.);
#21450=ORIENTED_EDGE('',*,*,#21449,.T.);
#21451=ORIENTED_EDGE('',*,*,#21409,.T.);
#21452=ORIENTED_EDGE('',*,*,#21436,.F.);
#21453=EDGE_LOOP('',(#21448,#21450,#21451,#21452));
#21454=FACE_OUTER_BOUND('',#21453,.F.);
#21455=ADVANCED_FACE('',(#21454),#21447,.T.);
#21456=CARTESIAN_POINT('',(2.E0,-1.625E-1,-1.275E-1));
#21457=DIRECTION('',(0.E0,0.E0,1.E0));
#21458=DIRECTION('',(0.E0,-1.E0,0.E0));
#21459=AXIS2_PLACEMENT_3D('',#21456,#21457,#21458);
#21460=PLANE('',#21459);
#21461=ORIENTED_EDGE('',*,*,#21374,.F.);
#21462=ORIENTED_EDGE('',*,*,#21393,.T.);
#21463=ORIENTED_EDGE('',*,*,#21411,.T.);
#21464=ORIENTED_EDGE('',*,*,#21449,.F.);
#21465=EDGE_LOOP('',(#21461,#21462,#21463,#21464));
#21466=FACE_OUTER_BOUND('',#21465,.F.);
#21467=ADVANCED_FACE('',(#21466),#21460,.T.);
#21468=CARTESIAN_POINT('',(2.E0,0.E0,1.4E-1));
#21469=DIRECTION('',(1.E0,0.E0,0.E0));
#21470=DIRECTION('',(0.E0,1.E0,0.E0));
#21471=AXIS2_PLACEMENT_3D('',#21468,#21469,#21470);
#21472=PLANE('',#21471);
#21473=ORIENTED_EDGE('',*,*,#20071,.F.);
#21475=ORIENTED_EDGE('',*,*,#21474,.T.);
#21477=ORIENTED_EDGE('',*,*,#21476,.T.);
#21479=ORIENTED_EDGE('',*,*,#21478,.T.);
#21481=ORIENTED_EDGE('',*,*,#21480,.T.);
#21483=ORIENTED_EDGE('',*,*,#21482,.T.);
#21484=EDGE_LOOP('',(#21473,#21475,#21477,#21479,#21481,#21483));
#21485=FACE_OUTER_BOUND('',#21484,.F.);
#21486=ADVANCED_FACE('',(#21485),#21472,.F.);
#21487=CARTESIAN_POINT('',(2.E0,-6.25E-2,4.1E-1));
#21488=DIRECTION('',(0.E0,-1.E0,0.E0));
#21489=DIRECTION('',(0.E0,0.E0,-1.E0));
#21490=AXIS2_PLACEMENT_3D('',#21487,#21488,#21489);
#21491=PLANE('',#21490);
#21492=ORIENTED_EDGE('',*,*,#20077,.T.);
#21494=ORIENTED_EDGE('',*,*,#21493,.T.);
#21496=ORIENTED_EDGE('',*,*,#21495,.F.);
#21497=ORIENTED_EDGE('',*,*,#21474,.F.);
#21498=EDGE_LOOP('',(#21492,#21494,#21496,#21497));
#21499=FACE_OUTER_BOUND('',#21498,.F.);
#21500=ADVANCED_FACE('',(#21499),#21491,.T.);
#21501=CARTESIAN_POINT('',(2.025E0,0.E0,1.4E-1));
#21502=DIRECTION('',(1.E0,0.E0,0.E0));
#21503=DIRECTION('',(0.E0,1.E0,0.E0));
#21504=AXIS2_PLACEMENT_3D('',#21501,#21502,#21503);
#21505=PLANE('',#21504);
#21506=ORIENTED_EDGE('',*,*,#20075,.T.);
#21508=ORIENTED_EDGE('',*,*,#21507,.F.);
#21510=ORIENTED_EDGE('',*,*,#21509,.F.);
#21512=ORIENTED_EDGE('',*,*,#21511,.F.);
#21514=ORIENTED_EDGE('',*,*,#21513,.F.);
#21515=ORIENTED_EDGE('',*,*,#21493,.F.);
#21516=EDGE_LOOP('',(#21506,#21508,#21510,#21512,#21514,#21515));
#21517=FACE_OUTER_BOUND('',#21516,.F.);
#21518=ADVANCED_FACE('',(#21517),#21505,.T.);
#21519=CARTESIAN_POINT('',(2.E0,-3.75E-2,-2.525E-1));
#21520=DIRECTION('',(0.E0,1.E0,0.E0));
#21521=DIRECTION('',(0.E0,0.E0,1.E0));
#21522=AXIS2_PLACEMENT_3D('',#21519,#21520,#21521);
#21523=PLANE('',#21522);
#21524=ORIENTED_EDGE('',*,*,#20073,.F.);
#21525=ORIENTED_EDGE('',*,*,#21482,.F.);
#21527=ORIENTED_EDGE('',*,*,#21526,.T.);
#21528=ORIENTED_EDGE('',*,*,#21507,.T.);
#21529=EDGE_LOOP('',(#21524,#21525,#21527,#21528));
#21530=FACE_OUTER_BOUND('',#21529,.F.);
#21531=ADVANCED_FACE('',(#21530),#21523,.T.);
#21532=CARTESIAN_POINT('',(2.E0,-3.43E-1,-2.525E-1));
#21533=DIRECTION('',(0.E0,0.E0,-1.E0));
#21534=DIRECTION('',(0.E0,1.E0,0.E0));
#21535=AXIS2_PLACEMENT_3D('',#21532,#21533,#21534);
#21536=PLANE('',#21535);
#21537=ORIENTED_EDGE('',*,*,#21480,.F.);
#21539=ORIENTED_EDGE('',*,*,#21538,.T.);
#21540=ORIENTED_EDGE('',*,*,#21509,.T.);
#21541=ORIENTED_EDGE('',*,*,#21526,.F.);
#21542=EDGE_LOOP('',(#21537,#21539,#21540,#21541));
#21543=FACE_OUTER_BOUND('',#21542,.F.);
#21544=ADVANCED_FACE('',(#21543),#21536,.T.);
#21545=CARTESIAN_POINT('',(2.E0,-3.43E-1,-2.275E-1));
#21546=DIRECTION('',(0.E0,-1.E0,0.E0));
#21547=DIRECTION('',(0.E0,0.E0,-1.E0));
#21548=AXIS2_PLACEMENT_3D('',#21545,#21546,#21547);
#21549=PLANE('',#21548);
#21550=ORIENTED_EDGE('',*,*,#21478,.F.);
#21552=ORIENTED_EDGE('',*,*,#21551,.T.);
#21553=ORIENTED_EDGE('',*,*,#21511,.T.);
#21554=ORIENTED_EDGE('',*,*,#21538,.F.);
#21555=EDGE_LOOP('',(#21550,#21552,#21553,#21554));
#21556=FACE_OUTER_BOUND('',#21555,.F.);
#21557=ADVANCED_FACE('',(#21556),#21549,.T.);
#21558=CARTESIAN_POINT('',(2.E0,-6.25E-2,-2.275E-1));
#21559=DIRECTION('',(0.E0,0.E0,1.E0));
#21560=DIRECTION('',(0.E0,-1.E0,0.E0));
#21561=AXIS2_PLACEMENT_3D('',#21558,#21559,#21560);
#21562=PLANE('',#21561);
#21563=ORIENTED_EDGE('',*,*,#21476,.F.);
#21564=ORIENTED_EDGE('',*,*,#21495,.T.);
#21565=ORIENTED_EDGE('',*,*,#21513,.T.);
#21566=ORIENTED_EDGE('',*,*,#21551,.F.);
#21567=EDGE_LOOP('',(#21563,#21564,#21565,#21566));
#21568=FACE_OUTER_BOUND('',#21567,.F.);
#21569=ADVANCED_FACE('',(#21568),#21562,.T.);
#21570=CARTESIAN_POINT('',(2.E0,0.E0,1.4E-1));
#21571=DIRECTION('',(1.E0,0.E0,0.E0));
#21572=DIRECTION('',(0.E0,1.E0,0.E0));
#21573=AXIS2_PLACEMENT_3D('',#21570,#21571,#21572);
#21574=PLANE('',#21573);
#21575=ORIENTED_EDGE('',*,*,#20081,.F.);
#21577=ORIENTED_EDGE('',*,*,#21576,.T.);
#21579=ORIENTED_EDGE('',*,*,#21578,.T.);
#21581=ORIENTED_EDGE('',*,*,#21580,.T.);
#21583=ORIENTED_EDGE('',*,*,#21582,.T.);
#21585=ORIENTED_EDGE('',*,*,#21584,.T.);
#21586=EDGE_LOOP('',(#21575,#21577,#21579,#21581,#21583,#21585));
#21587=FACE_OUTER_BOUND('',#21586,.F.);
#21588=ADVANCED_FACE('',(#21587),#21574,.F.);
#21589=CARTESIAN_POINT('',(2.E0,3.75E-2,4.1E-1));
#21590=DIRECTION('',(0.E0,-1.E0,0.E0));
#21591=DIRECTION('',(0.E0,0.E0,-1.E0));
#21592=AXIS2_PLACEMENT_3D('',#21589,#21590,#21591);
#21593=PLANE('',#21592);
#21594=ORIENTED_EDGE('',*,*,#20087,.T.);
#21596=ORIENTED_EDGE('',*,*,#21595,.T.);
#21598=ORIENTED_EDGE('',*,*,#21597,.F.);
#21599=ORIENTED_EDGE('',*,*,#21576,.F.);
#21600=EDGE_LOOP('',(#21594,#21596,#21598,#21599));
#21601=FACE_OUTER_BOUND('',#21600,.F.);
#21602=ADVANCED_FACE('',(#21601),#21593,.T.);
#21603=CARTESIAN_POINT('',(2.025E0,0.E0,1.4E-1));
#21604=DIRECTION('',(1.E0,0.E0,0.E0));
#21605=DIRECTION('',(0.E0,1.E0,0.E0));
#21606=AXIS2_PLACEMENT_3D('',#21603,#21604,#21605);
#21607=PLANE('',#21606);
#21608=ORIENTED_EDGE('',*,*,#20085,.T.);
#21610=ORIENTED_EDGE('',*,*,#21609,.F.);
#21612=ORIENTED_EDGE('',*,*,#21611,.F.);
#21614=ORIENTED_EDGE('',*,*,#21613,.F.);
#21616=ORIENTED_EDGE('',*,*,#21615,.F.);
#21617=ORIENTED_EDGE('',*,*,#21595,.F.);
#21618=EDGE_LOOP('',(#21608,#21610,#21612,#21614,#21616,#21617));
#21619=FACE_OUTER_BOUND('',#21618,.F.);
#21620=ADVANCED_FACE('',(#21619),#21607,.T.);
#21621=CARTESIAN_POINT('',(2.E0,6.25E-2,-3.525E-1));
#21622=DIRECTION('',(0.E0,1.E0,0.E0));
#21623=DIRECTION('',(0.E0,0.E0,1.E0));
#21624=AXIS2_PLACEMENT_3D('',#21621,#21622,#21623);
#21625=PLANE('',#21624);
#21626=ORIENTED_EDGE('',*,*,#20083,.F.);
#21627=ORIENTED_EDGE('',*,*,#21584,.F.);
#21629=ORIENTED_EDGE('',*,*,#21628,.T.);
#21630=ORIENTED_EDGE('',*,*,#21609,.T.);
#21631=EDGE_LOOP('',(#21626,#21627,#21629,#21630));
#21632=FACE_OUTER_BOUND('',#21631,.F.);
#21633=ADVANCED_FACE('',(#21632),#21625,.T.);
#21634=CARTESIAN_POINT('',(2.E0,-3.43E-1,-3.525E-1));
#21635=DIRECTION('',(0.E0,0.E0,-1.E0));
#21636=DIRECTION('',(0.E0,1.E0,0.E0));
#21637=AXIS2_PLACEMENT_3D('',#21634,#21635,#21636);
#21638=PLANE('',#21637);
#21639=ORIENTED_EDGE('',*,*,#21582,.F.);
#21641=ORIENTED_EDGE('',*,*,#21640,.T.);
#21642=ORIENTED_EDGE('',*,*,#21611,.T.);
#21643=ORIENTED_EDGE('',*,*,#21628,.F.);
#21644=EDGE_LOOP('',(#21639,#21641,#21642,#21643));
#21645=FACE_OUTER_BOUND('',#21644,.F.);
#21646=ADVANCED_FACE('',(#21645),#21638,.T.);
#21647=CARTESIAN_POINT('',(2.E0,-3.43E-1,-3.275E-1));
#21648=DIRECTION('',(0.E0,-1.E0,0.E0));
#21649=DIRECTION('',(0.E0,0.E0,-1.E0));
#21650=AXIS2_PLACEMENT_3D('',#21647,#21648,#21649);
#21651=PLANE('',#21650);
#21652=ORIENTED_EDGE('',*,*,#21580,.F.);
#21654=ORIENTED_EDGE('',*,*,#21653,.T.);
#21655=ORIENTED_EDGE('',*,*,#21613,.T.);
#21656=ORIENTED_EDGE('',*,*,#21640,.F.);
#21657=EDGE_LOOP('',(#21652,#21654,#21655,#21656));
#21658=FACE_OUTER_BOUND('',#21657,.F.);
#21659=ADVANCED_FACE('',(#21658),#21651,.T.);
#21660=CARTESIAN_POINT('',(2.E0,3.75E-2,-3.275E-1));
#21661=DIRECTION('',(0.E0,0.E0,1.E0));
#21662=DIRECTION('',(0.E0,-1.E0,0.E0));
#21663=AXIS2_PLACEMENT_3D('',#21660,#21661,#21662);
#21664=PLANE('',#21663);
#21665=ORIENTED_EDGE('',*,*,#21578,.F.);
#21666=ORIENTED_EDGE('',*,*,#21597,.T.);
#21667=ORIENTED_EDGE('',*,*,#21615,.T.);
#21668=ORIENTED_EDGE('',*,*,#21653,.F.);
#21669=EDGE_LOOP('',(#21665,#21666,#21667,#21668));
#21670=FACE_OUTER_BOUND('',#21669,.F.);
#21671=ADVANCED_FACE('',(#21670),#21664,.T.);
#21672=CARTESIAN_POINT('',(2.E0,0.E0,1.4E-1));
#21673=DIRECTION('',(1.E0,0.E0,0.E0));
#21674=DIRECTION('',(0.E0,1.E0,0.E0));
#21675=AXIS2_PLACEMENT_3D('',#21672,#21673,#21674);
#21676=PLANE('',#21675);
#21677=ORIENTED_EDGE('',*,*,#20091,.F.);
#21679=ORIENTED_EDGE('',*,*,#21678,.T.);
#21681=ORIENTED_EDGE('',*,*,#21680,.T.);
#21683=ORIENTED_EDGE('',*,*,#21682,.T.);
#21685=ORIENTED_EDGE('',*,*,#21684,.T.);
#21687=ORIENTED_EDGE('',*,*,#21686,.T.);
#21688=EDGE_LOOP('',(#21677,#21679,#21681,#21683,#21685,#21687));
#21689=FACE_OUTER_BOUND('',#21688,.F.);
#21690=ADVANCED_FACE('',(#21689),#21676,.F.);
#21691=CARTESIAN_POINT('',(2.E0,1.375E-1,4.1E-1));
#21692=DIRECTION('',(0.E0,-1.E0,0.E0));
#21693=DIRECTION('',(0.E0,0.E0,-1.E0));
#21694=AXIS2_PLACEMENT_3D('',#21691,#21692,#21693);
#21695=PLANE('',#21694);
#21696=ORIENTED_EDGE('',*,*,#20097,.T.);
#21698=ORIENTED_EDGE('',*,*,#21697,.T.);
#21700=ORIENTED_EDGE('',*,*,#21699,.F.);
#21701=ORIENTED_EDGE('',*,*,#21678,.F.);
#21702=EDGE_LOOP('',(#21696,#21698,#21700,#21701));
#21703=FACE_OUTER_BOUND('',#21702,.F.);
#21704=ADVANCED_FACE('',(#21703),#21695,.T.);
#21705=CARTESIAN_POINT('',(2.025E0,0.E0,1.4E-1));
#21706=DIRECTION('',(1.E0,0.E0,0.E0));
#21707=DIRECTION('',(0.E0,1.E0,0.E0));
#21708=AXIS2_PLACEMENT_3D('',#21705,#21706,#21707);
#21709=PLANE('',#21708);
#21710=ORIENTED_EDGE('',*,*,#20095,.T.);
#21712=ORIENTED_EDGE('',*,*,#21711,.F.);
#21714=ORIENTED_EDGE('',*,*,#21713,.F.);
#21716=ORIENTED_EDGE('',*,*,#21715,.F.);
#21718=ORIENTED_EDGE('',*,*,#21717,.F.);
#21719=ORIENTED_EDGE('',*,*,#21697,.F.);
#21720=EDGE_LOOP('',(#21710,#21712,#21714,#21716,#21718,#21719));
#21721=FACE_OUTER_BOUND('',#21720,.F.);
#21722=ADVANCED_FACE('',(#21721),#21709,.T.);
#21723=CARTESIAN_POINT('',(2.E0,1.625E-1,-4.525E-1));
#21724=DIRECTION('',(0.E0,1.E0,0.E0));
#21725=DIRECTION('',(0.E0,0.E0,1.E0));
#21726=AXIS2_PLACEMENT_3D('',#21723,#21724,#21725);
#21727=PLANE('',#21726);
#21728=ORIENTED_EDGE('',*,*,#20093,.F.);
#21729=ORIENTED_EDGE('',*,*,#21686,.F.);
#21731=ORIENTED_EDGE('',*,*,#21730,.T.);
#21732=ORIENTED_EDGE('',*,*,#21711,.T.);
#21733=EDGE_LOOP('',(#21728,#21729,#21731,#21732));
#21734=FACE_OUTER_BOUND('',#21733,.F.);
#21735=ADVANCED_FACE('',(#21734),#21727,.T.);
#21736=CARTESIAN_POINT('',(2.E0,-3.43E-1,-4.525E-1));
#21737=DIRECTION('',(0.E0,0.E0,-1.E0));
#21738=DIRECTION('',(0.E0,1.E0,0.E0));
#21739=AXIS2_PLACEMENT_3D('',#21736,#21737,#21738);
#21740=PLANE('',#21739);
#21741=ORIENTED_EDGE('',*,*,#21684,.F.);
#21743=ORIENTED_EDGE('',*,*,#21742,.T.);
#21744=ORIENTED_EDGE('',*,*,#21713,.T.);
#21745=ORIENTED_EDGE('',*,*,#21730,.F.);
#21746=EDGE_LOOP('',(#21741,#21743,#21744,#21745));
#21747=FACE_OUTER_BOUND('',#21746,.F.);
#21748=ADVANCED_FACE('',(#21747),#21740,.T.);
#21749=CARTESIAN_POINT('',(2.E0,-3.43E-1,-4.275E-1));
#21750=DIRECTION('',(0.E0,-1.E0,0.E0));
#21751=DIRECTION('',(0.E0,0.E0,-1.E0));
#21752=AXIS2_PLACEMENT_3D('',#21749,#21750,#21751);
#21753=PLANE('',#21752);
#21754=ORIENTED_EDGE('',*,*,#21682,.F.);
#21756=ORIENTED_EDGE('',*,*,#21755,.T.);
#21757=ORIENTED_EDGE('',*,*,#21715,.T.);
#21758=ORIENTED_EDGE('',*,*,#21742,.F.);
#21759=EDGE_LOOP('',(#21754,#21756,#21757,#21758));
#21760=FACE_OUTER_BOUND('',#21759,.F.);
#21761=ADVANCED_FACE('',(#21760),#21753,.T.);
#21762=CARTESIAN_POINT('',(2.E0,1.375E-1,-4.275E-1));
#21763=DIRECTION('',(0.E0,0.E0,1.E0));
#21764=DIRECTION('',(0.E0,-1.E0,0.E0));
#21765=AXIS2_PLACEMENT_3D('',#21762,#21763,#21764);
#21766=PLANE('',#21765);
#21767=ORIENTED_EDGE('',*,*,#21680,.F.);
#21768=ORIENTED_EDGE('',*,*,#21699,.T.);
#21769=ORIENTED_EDGE('',*,*,#21717,.T.);
#21770=ORIENTED_EDGE('',*,*,#21755,.F.);
#21771=EDGE_LOOP('',(#21767,#21768,#21769,#21770));
#21772=FACE_OUTER_BOUND('',#21771,.F.);
#21773=ADVANCED_FACE('',(#21772),#21766,.T.);
#21774=CARTESIAN_POINT('',(2.1E0,0.E0,1.4E-1));
#21775=DIRECTION('',(1.E0,0.E0,0.E0));
#21776=DIRECTION('',(0.E0,1.E0,0.E0));
#21777=AXIS2_PLACEMENT_3D('',#21774,#21775,#21776);
#21778=PLANE('',#21777);
#21779=ORIENTED_EDGE('',*,*,#20101,.F.);
#21781=ORIENTED_EDGE('',*,*,#21780,.T.);
#21783=ORIENTED_EDGE('',*,*,#21782,.T.);
#21785=ORIENTED_EDGE('',*,*,#21784,.T.);
#21787=ORIENTED_EDGE('',*,*,#21786,.T.);
#21789=ORIENTED_EDGE('',*,*,#21788,.T.);
#21790=EDGE_LOOP('',(#21779,#21781,#21783,#21785,#21787,#21789));
#21791=FACE_OUTER_BOUND('',#21790,.F.);
#21792=ADVANCED_FACE('',(#21791),#21778,.F.);
#21793=CARTESIAN_POINT('',(2.1E0,-1.625E-1,4.1E-1));
#21794=DIRECTION('',(0.E0,-1.E0,0.E0));
#21795=DIRECTION('',(0.E0,0.E0,-1.E0));
#21796=AXIS2_PLACEMENT_3D('',#21793,#21794,#21795);
#21797=PLANE('',#21796);
#21798=ORIENTED_EDGE('',*,*,#20107,.T.);
#21800=ORIENTED_EDGE('',*,*,#21799,.T.);
#21802=ORIENTED_EDGE('',*,*,#21801,.F.);
#21803=ORIENTED_EDGE('',*,*,#21780,.F.);
#21804=EDGE_LOOP('',(#21798,#21800,#21802,#21803));
#21805=FACE_OUTER_BOUND('',#21804,.F.);
#21806=ADVANCED_FACE('',(#21805),#21797,.T.);
#21807=CARTESIAN_POINT('',(2.125E0,0.E0,1.4E-1));
#21808=DIRECTION('',(1.E0,0.E0,0.E0));
#21809=DIRECTION('',(0.E0,1.E0,0.E0));
#21810=AXIS2_PLACEMENT_3D('',#21807,#21808,#21809);
#21811=PLANE('',#21810);
#21812=ORIENTED_EDGE('',*,*,#20105,.T.);
#21814=ORIENTED_EDGE('',*,*,#21813,.F.);
#21816=ORIENTED_EDGE('',*,*,#21815,.F.);
#21818=ORIENTED_EDGE('',*,*,#21817,.F.);
#21820=ORIENTED_EDGE('',*,*,#21819,.F.);
#21821=ORIENTED_EDGE('',*,*,#21799,.F.);
#21822=EDGE_LOOP('',(#21812,#21814,#21816,#21818,#21820,#21821));
#21823=FACE_OUTER_BOUND('',#21822,.F.);
#21824=ADVANCED_FACE('',(#21823),#21811,.T.);
#21825=CARTESIAN_POINT('',(2.1E0,-1.375E-1,-1.525E-1));
#21826=DIRECTION('',(0.E0,1.E0,0.E0));
#21827=DIRECTION('',(0.E0,0.E0,1.E0));
#21828=AXIS2_PLACEMENT_3D('',#21825,#21826,#21827);
#21829=PLANE('',#21828);
#21830=ORIENTED_EDGE('',*,*,#20103,.F.);
#21831=ORIENTED_EDGE('',*,*,#21788,.F.);
#21833=ORIENTED_EDGE('',*,*,#21832,.T.);
#21834=ORIENTED_EDGE('',*,*,#21813,.T.);
#21835=EDGE_LOOP('',(#21830,#21831,#21833,#21834));
#21836=FACE_OUTER_BOUND('',#21835,.F.);
#21837=ADVANCED_FACE('',(#21836),#21829,.T.);
#21838=CARTESIAN_POINT('',(2.1E0,-3.43E-1,-1.525E-1));
#21839=DIRECTION('',(0.E0,0.E0,-1.E0));
#21840=DIRECTION('',(0.E0,1.E0,0.E0));
#21841=AXIS2_PLACEMENT_3D('',#21838,#21839,#21840);
#21842=PLANE('',#21841);
#21843=ORIENTED_EDGE('',*,*,#21786,.F.);
#21845=ORIENTED_EDGE('',*,*,#21844,.T.);
#21846=ORIENTED_EDGE('',*,*,#21815,.T.);
#21847=ORIENTED_EDGE('',*,*,#21832,.F.);
#21848=EDGE_LOOP('',(#21843,#21845,#21846,#21847));
#21849=FACE_OUTER_BOUND('',#21848,.F.);
#21850=ADVANCED_FACE('',(#21849),#21842,.T.);
#21851=CARTESIAN_POINT('',(2.1E0,-3.43E-1,-1.275E-1));
#21852=DIRECTION('',(0.E0,-1.E0,0.E0));
#21853=DIRECTION('',(0.E0,0.E0,-1.E0));
#21854=AXIS2_PLACEMENT_3D('',#21851,#21852,#21853);
#21855=PLANE('',#21854);
#21856=ORIENTED_EDGE('',*,*,#21784,.F.);
#21858=ORIENTED_EDGE('',*,*,#21857,.T.);
#21859=ORIENTED_EDGE('',*,*,#21817,.T.);
#21860=ORIENTED_EDGE('',*,*,#21844,.F.);
#21861=EDGE_LOOP('',(#21856,#21858,#21859,#21860));
#21862=FACE_OUTER_BOUND('',#21861,.F.);
#21863=ADVANCED_FACE('',(#21862),#21855,.T.);
#21864=CARTESIAN_POINT('',(2.1E0,-1.625E-1,-1.275E-1));
#21865=DIRECTION('',(0.E0,0.E0,1.E0));
#21866=DIRECTION('',(0.E0,-1.E0,0.E0));
#21867=AXIS2_PLACEMENT_3D('',#21864,#21865,#21866);
#21868=PLANE('',#21867);
#21869=ORIENTED_EDGE('',*,*,#21782,.F.);
#21870=ORIENTED_EDGE('',*,*,#21801,.T.);
#21871=ORIENTED_EDGE('',*,*,#21819,.T.);
#21872=ORIENTED_EDGE('',*,*,#21857,.F.);
#21873=EDGE_LOOP('',(#21869,#21870,#21871,#21872));
#21874=FACE_OUTER_BOUND('',#21873,.F.);
#21875=ADVANCED_FACE('',(#21874),#21868,.T.);
#21876=CARTESIAN_POINT('',(2.1E0,0.E0,1.4E-1));
#21877=DIRECTION('',(1.E0,0.E0,0.E0));
#21878=DIRECTION('',(0.E0,1.E0,0.E0));
#21879=AXIS2_PLACEMENT_3D('',#21876,#21877,#21878);
#21880=PLANE('',#21879);
#21881=ORIENTED_EDGE('',*,*,#20111,.F.);
#21883=ORIENTED_EDGE('',*,*,#21882,.T.);
#21885=ORIENTED_EDGE('',*,*,#21884,.T.);
#21887=ORIENTED_EDGE('',*,*,#21886,.T.);
#21889=ORIENTED_EDGE('',*,*,#21888,.T.);
#21891=ORIENTED_EDGE('',*,*,#21890,.T.);
#21892=EDGE_LOOP('',(#21881,#21883,#21885,#21887,#21889,#21891));
#21893=FACE_OUTER_BOUND('',#21892,.F.);
#21894=ADVANCED_FACE('',(#21893),#21880,.F.);
#21895=CARTESIAN_POINT('',(2.1E0,-6.25E-2,4.1E-1));
#21896=DIRECTION('',(0.E0,-1.E0,0.E0));
#21897=DIRECTION('',(0.E0,0.E0,-1.E0));
#21898=AXIS2_PLACEMENT_3D('',#21895,#21896,#21897);
#21899=PLANE('',#21898);
#21900=ORIENTED_EDGE('',*,*,#20117,.T.);
#21902=ORIENTED_EDGE('',*,*,#21901,.T.);
#21904=ORIENTED_EDGE('',*,*,#21903,.F.);
#21905=ORIENTED_EDGE('',*,*,#21882,.F.);
#21906=EDGE_LOOP('',(#21900,#21902,#21904,#21905));
#21907=FACE_OUTER_BOUND('',#21906,.F.);
#21908=ADVANCED_FACE('',(#21907),#21899,.T.);
#21909=CARTESIAN_POINT('',(2.125E0,0.E0,1.4E-1));
#21910=DIRECTION('',(1.E0,0.E0,0.E0));
#21911=DIRECTION('',(0.E0,1.E0,0.E0));
#21912=AXIS2_PLACEMENT_3D('',#21909,#21910,#21911);
#21913=PLANE('',#21912);
#21914=ORIENTED_EDGE('',*,*,#20115,.T.);
#21916=ORIENTED_EDGE('',*,*,#21915,.F.);
#21918=ORIENTED_EDGE('',*,*,#21917,.F.);
#21920=ORIENTED_EDGE('',*,*,#21919,.F.);
#21922=ORIENTED_EDGE('',*,*,#21921,.F.);
#21923=ORIENTED_EDGE('',*,*,#21901,.F.);
#21924=EDGE_LOOP('',(#21914,#21916,#21918,#21920,#21922,#21923));
#21925=FACE_OUTER_BOUND('',#21924,.F.);
#21926=ADVANCED_FACE('',(#21925),#21913,.T.);
#21927=CARTESIAN_POINT('',(2.1E0,-3.75E-2,-2.525E-1));
#21928=DIRECTION('',(0.E0,1.E0,0.E0));
#21929=DIRECTION('',(0.E0,0.E0,1.E0));
#21930=AXIS2_PLACEMENT_3D('',#21927,#21928,#21929);
#21931=PLANE('',#21930);
#21932=ORIENTED_EDGE('',*,*,#20113,.F.);
#21933=ORIENTED_EDGE('',*,*,#21890,.F.);
#21935=ORIENTED_EDGE('',*,*,#21934,.T.);
#21936=ORIENTED_EDGE('',*,*,#21915,.T.);
#21937=EDGE_LOOP('',(#21932,#21933,#21935,#21936));
#21938=FACE_OUTER_BOUND('',#21937,.F.);
#21939=ADVANCED_FACE('',(#21938),#21931,.T.);
#21940=CARTESIAN_POINT('',(2.1E0,-3.43E-1,-2.525E-1));
#21941=DIRECTION('',(0.E0,0.E0,-1.E0));
#21942=DIRECTION('',(0.E0,1.E0,0.E0));
#21943=AXIS2_PLACEMENT_3D('',#21940,#21941,#21942);
#21944=PLANE('',#21943);
#21945=ORIENTED_EDGE('',*,*,#21888,.F.);
#21947=ORIENTED_EDGE('',*,*,#21946,.T.);
#21948=ORIENTED_EDGE('',*,*,#21917,.T.);
#21949=ORIENTED_EDGE('',*,*,#21934,.F.);
#21950=EDGE_LOOP('',(#21945,#21947,#21948,#21949));
#21951=FACE_OUTER_BOUND('',#21950,.F.);
#21952=ADVANCED_FACE('',(#21951),#21944,.T.);
#21953=CARTESIAN_POINT('',(2.1E0,-3.43E-1,-2.275E-1));
#21954=DIRECTION('',(0.E0,-1.E0,0.E0));
#21955=DIRECTION('',(0.E0,0.E0,-1.E0));
#21956=AXIS2_PLACEMENT_3D('',#21953,#21954,#21955);
#21957=PLANE('',#21956);
#21958=ORIENTED_EDGE('',*,*,#21886,.F.);
#21960=ORIENTED_EDGE('',*,*,#21959,.T.);
#21961=ORIENTED_EDGE('',*,*,#21919,.T.);
#21962=ORIENTED_EDGE('',*,*,#21946,.F.);
#21963=EDGE_LOOP('',(#21958,#21960,#21961,#21962));
#21964=FACE_OUTER_BOUND('',#21963,.F.);
#21965=ADVANCED_FACE('',(#21964),#21957,.T.);
#21966=CARTESIAN_POINT('',(2.1E0,-6.25E-2,-2.275E-1));
#21967=DIRECTION('',(0.E0,0.E0,1.E0));
#21968=DIRECTION('',(0.E0,-1.E0,0.E0));
#21969=AXIS2_PLACEMENT_3D('',#21966,#21967,#21968);
#21970=PLANE('',#21969);
#21971=ORIENTED_EDGE('',*,*,#21884,.F.);
#21972=ORIENTED_EDGE('',*,*,#21903,.T.);
#21973=ORIENTED_EDGE('',*,*,#21921,.T.);
#21974=ORIENTED_EDGE('',*,*,#21959,.F.);
#21975=EDGE_LOOP('',(#21971,#21972,#21973,#21974));
#21976=FACE_OUTER_BOUND('',#21975,.F.);
#21977=ADVANCED_FACE('',(#21976),#21970,.T.);
#21978=CARTESIAN_POINT('',(2.1E0,0.E0,1.4E-1));
#21979=DIRECTION('',(1.E0,0.E0,0.E0));
#21980=DIRECTION('',(0.E0,1.E0,0.E0));
#21981=AXIS2_PLACEMENT_3D('',#21978,#21979,#21980);
#21982=PLANE('',#21981);
#21983=ORIENTED_EDGE('',*,*,#20121,.F.);
#21985=ORIENTED_EDGE('',*,*,#21984,.T.);
#21987=ORIENTED_EDGE('',*,*,#21986,.T.);
#21989=ORIENTED_EDGE('',*,*,#21988,.T.);
#21991=ORIENTED_EDGE('',*,*,#21990,.T.);
#21993=ORIENTED_EDGE('',*,*,#21992,.T.);
#21994=EDGE_LOOP('',(#21983,#21985,#21987,#21989,#21991,#21993));
#21995=FACE_OUTER_BOUND('',#21994,.F.);
#21996=ADVANCED_FACE('',(#21995),#21982,.F.);
#21997=CARTESIAN_POINT('',(2.1E0,3.75E-2,4.1E-1));
#21998=DIRECTION('',(0.E0,-1.E0,0.E0));
#21999=DIRECTION('',(0.E0,0.E0,-1.E0));
#22000=AXIS2_PLACEMENT_3D('',#21997,#21998,#21999);
#22001=PLANE('',#22000);
#22002=ORIENTED_EDGE('',*,*,#20127,.T.);
#22004=ORIENTED_EDGE('',*,*,#22003,.T.);
#22006=ORIENTED_EDGE('',*,*,#22005,.F.);
#22007=ORIENTED_EDGE('',*,*,#21984,.F.);
#22008=EDGE_LOOP('',(#22002,#22004,#22006,#22007));
#22009=FACE_OUTER_BOUND('',#22008,.F.);
#22010=ADVANCED_FACE('',(#22009),#22001,.T.);
#22011=CARTESIAN_POINT('',(2.125E0,0.E0,1.4E-1));
#22012=DIRECTION('',(1.E0,0.E0,0.E0));
#22013=DIRECTION('',(0.E0,1.E0,0.E0));
#22014=AXIS2_PLACEMENT_3D('',#22011,#22012,#22013);
#22015=PLANE('',#22014);
#22016=ORIENTED_EDGE('',*,*,#20125,.T.);
#22018=ORIENTED_EDGE('',*,*,#22017,.F.);
#22020=ORIENTED_EDGE('',*,*,#22019,.F.);
#22022=ORIENTED_EDGE('',*,*,#22021,.F.);
#22024=ORIENTED_EDGE('',*,*,#22023,.F.);
#22025=ORIENTED_EDGE('',*,*,#22003,.F.);
#22026=EDGE_LOOP('',(#22016,#22018,#22020,#22022,#22024,#22025));
#22027=FACE_OUTER_BOUND('',#22026,.F.);
#22028=ADVANCED_FACE('',(#22027),#22015,.T.);
#22029=CARTESIAN_POINT('',(2.1E0,6.25E-2,-3.525E-1));
#22030=DIRECTION('',(0.E0,1.E0,0.E0));
#22031=DIRECTION('',(0.E0,0.E0,1.E0));
#22032=AXIS2_PLACEMENT_3D('',#22029,#22030,#22031);
#22033=PLANE('',#22032);
#22034=ORIENTED_EDGE('',*,*,#20123,.F.);
#22035=ORIENTED_EDGE('',*,*,#21992,.F.);
#22037=ORIENTED_EDGE('',*,*,#22036,.T.);
#22038=ORIENTED_EDGE('',*,*,#22017,.T.);
#22039=EDGE_LOOP('',(#22034,#22035,#22037,#22038));
#22040=FACE_OUTER_BOUND('',#22039,.F.);
#22041=ADVANCED_FACE('',(#22040),#22033,.T.);
#22042=CARTESIAN_POINT('',(2.1E0,-3.43E-1,-3.525E-1));
#22043=DIRECTION('',(0.E0,0.E0,-1.E0));
#22044=DIRECTION('',(0.E0,1.E0,0.E0));
#22045=AXIS2_PLACEMENT_3D('',#22042,#22043,#22044);
#22046=PLANE('',#22045);
#22047=ORIENTED_EDGE('',*,*,#21990,.F.);
#22049=ORIENTED_EDGE('',*,*,#22048,.T.);
#22050=ORIENTED_EDGE('',*,*,#22019,.T.);
#22051=ORIENTED_EDGE('',*,*,#22036,.F.);
#22052=EDGE_LOOP('',(#22047,#22049,#22050,#22051));
#22053=FACE_OUTER_BOUND('',#22052,.F.);
#22054=ADVANCED_FACE('',(#22053),#22046,.T.);
#22055=CARTESIAN_POINT('',(2.1E0,-3.43E-1,-3.275E-1));
#22056=DIRECTION('',(0.E0,-1.E0,0.E0));
#22057=DIRECTION('',(0.E0,0.E0,-1.E0));
#22058=AXIS2_PLACEMENT_3D('',#22055,#22056,#22057);
#22059=PLANE('',#22058);
#22060=ORIENTED_EDGE('',*,*,#21988,.F.);
#22062=ORIENTED_EDGE('',*,*,#22061,.T.);
#22063=ORIENTED_EDGE('',*,*,#22021,.T.);
#22064=ORIENTED_EDGE('',*,*,#22048,.F.);
#22065=EDGE_LOOP('',(#22060,#22062,#22063,#22064));
#22066=FACE_OUTER_BOUND('',#22065,.F.);
#22067=ADVANCED_FACE('',(#22066),#22059,.T.);
#22068=CARTESIAN_POINT('',(2.1E0,3.75E-2,-3.275E-1));
#22069=DIRECTION('',(0.E0,0.E0,1.E0));
#22070=DIRECTION('',(0.E0,-1.E0,0.E0));
#22071=AXIS2_PLACEMENT_3D('',#22068,#22069,#22070);
#22072=PLANE('',#22071);
#22073=ORIENTED_EDGE('',*,*,#21986,.F.);
#22074=ORIENTED_EDGE('',*,*,#22005,.T.);
#22075=ORIENTED_EDGE('',*,*,#22023,.T.);
#22076=ORIENTED_EDGE('',*,*,#22061,.F.);
#22077=EDGE_LOOP('',(#22073,#22074,#22075,#22076));
#22078=FACE_OUTER_BOUND('',#22077,.F.);
#22079=ADVANCED_FACE('',(#22078),#22072,.T.);
#22080=CARTESIAN_POINT('',(2.1E0,0.E0,1.4E-1));
#22081=DIRECTION('',(1.E0,0.E0,0.E0));
#22082=DIRECTION('',(0.E0,1.E0,0.E0));
#22083=AXIS2_PLACEMENT_3D('',#22080,#22081,#22082);
#22084=PLANE('',#22083);
#22085=ORIENTED_EDGE('',*,*,#20131,.F.);
#22087=ORIENTED_EDGE('',*,*,#22086,.T.);
#22089=ORIENTED_EDGE('',*,*,#22088,.T.);
#22091=ORIENTED_EDGE('',*,*,#22090,.T.);
#22093=ORIENTED_EDGE('',*,*,#22092,.T.);
#22095=ORIENTED_EDGE('',*,*,#22094,.T.);
#22096=EDGE_LOOP('',(#22085,#22087,#22089,#22091,#22093,#22095));
#22097=FACE_OUTER_BOUND('',#22096,.F.);
#22098=ADVANCED_FACE('',(#22097),#22084,.F.);
#22099=CARTESIAN_POINT('',(2.1E0,1.375E-1,4.1E-1));
#22100=DIRECTION('',(0.E0,-1.E0,0.E0));
#22101=DIRECTION('',(0.E0,0.E0,-1.E0));
#22102=AXIS2_PLACEMENT_3D('',#22099,#22100,#22101);
#22103=PLANE('',#22102);
#22104=ORIENTED_EDGE('',*,*,#20137,.T.);
#22106=ORIENTED_EDGE('',*,*,#22105,.T.);
#22108=ORIENTED_EDGE('',*,*,#22107,.F.);
#22109=ORIENTED_EDGE('',*,*,#22086,.F.);
#22110=EDGE_LOOP('',(#22104,#22106,#22108,#22109));
#22111=FACE_OUTER_BOUND('',#22110,.F.);
#22112=ADVANCED_FACE('',(#22111),#22103,.T.);
#22113=CARTESIAN_POINT('',(2.125E0,0.E0,1.4E-1));
#22114=DIRECTION('',(1.E0,0.E0,0.E0));
#22115=DIRECTION('',(0.E0,1.E0,0.E0));
#22116=AXIS2_PLACEMENT_3D('',#22113,#22114,#22115);
#22117=PLANE('',#22116);
#22118=ORIENTED_EDGE('',*,*,#20135,.T.);
#22120=ORIENTED_EDGE('',*,*,#22119,.F.);
#22122=ORIENTED_EDGE('',*,*,#22121,.F.);
#22124=ORIENTED_EDGE('',*,*,#22123,.F.);
#22126=ORIENTED_EDGE('',*,*,#22125,.F.);
#22127=ORIENTED_EDGE('',*,*,#22105,.F.);
#22128=EDGE_LOOP('',(#22118,#22120,#22122,#22124,#22126,#22127));
#22129=FACE_OUTER_BOUND('',#22128,.F.);
#22130=ADVANCED_FACE('',(#22129),#22117,.T.);
#22131=CARTESIAN_POINT('',(2.1E0,1.625E-1,-4.525E-1));
#22132=DIRECTION('',(0.E0,1.E0,0.E0));
#22133=DIRECTION('',(0.E0,0.E0,1.E0));
#22134=AXIS2_PLACEMENT_3D('',#22131,#22132,#22133);
#22135=PLANE('',#22134);
#22136=ORIENTED_EDGE('',*,*,#20133,.F.);
#22137=ORIENTED_EDGE('',*,*,#22094,.F.);
#22139=ORIENTED_EDGE('',*,*,#22138,.T.);
#22140=ORIENTED_EDGE('',*,*,#22119,.T.);
#22141=EDGE_LOOP('',(#22136,#22137,#22139,#22140));
#22142=FACE_OUTER_BOUND('',#22141,.F.);
#22143=ADVANCED_FACE('',(#22142),#22135,.T.);
#22144=CARTESIAN_POINT('',(2.1E0,-3.43E-1,-4.525E-1));
#22145=DIRECTION('',(0.E0,0.E0,-1.E0));
#22146=DIRECTION('',(0.E0,1.E0,0.E0));
#22147=AXIS2_PLACEMENT_3D('',#22144,#22145,#22146);
#22148=PLANE('',#22147);
#22149=ORIENTED_EDGE('',*,*,#22092,.F.);
#22151=ORIENTED_EDGE('',*,*,#22150,.T.);
#22152=ORIENTED_EDGE('',*,*,#22121,.T.);
#22153=ORIENTED_EDGE('',*,*,#22138,.F.);
#22154=EDGE_LOOP('',(#22149,#22151,#22152,#22153));
#22155=FACE_OUTER_BOUND('',#22154,.F.);
#22156=ADVANCED_FACE('',(#22155),#22148,.T.);
#22157=CARTESIAN_POINT('',(2.1E0,-3.43E-1,-4.275E-1));
#22158=DIRECTION('',(0.E0,-1.E0,0.E0));
#22159=DIRECTION('',(0.E0,0.E0,-1.E0));
#22160=AXIS2_PLACEMENT_3D('',#22157,#22158,#22159);
#22161=PLANE('',#22160);
#22162=ORIENTED_EDGE('',*,*,#22090,.F.);
#22164=ORIENTED_EDGE('',*,*,#22163,.T.);
#22165=ORIENTED_EDGE('',*,*,#22123,.T.);
#22166=ORIENTED_EDGE('',*,*,#22150,.F.);
#22167=EDGE_LOOP('',(#22162,#22164,#22165,#22166));
#22168=FACE_OUTER_BOUND('',#22167,.F.);
#22169=ADVANCED_FACE('',(#22168),#22161,.T.);
#22170=CARTESIAN_POINT('',(2.1E0,1.375E-1,-4.275E-1));
#22171=DIRECTION('',(0.E0,0.E0,1.E0));
#22172=DIRECTION('',(0.E0,-1.E0,0.E0));
#22173=AXIS2_PLACEMENT_3D('',#22170,#22171,#22172);
#22174=PLANE('',#22173);
#22175=ORIENTED_EDGE('',*,*,#22088,.F.);
#22176=ORIENTED_EDGE('',*,*,#22107,.T.);
#22177=ORIENTED_EDGE('',*,*,#22125,.T.);
#22178=ORIENTED_EDGE('',*,*,#22163,.F.);
#22179=EDGE_LOOP('',(#22175,#22176,#22177,#22178));
#22180=FACE_OUTER_BOUND('',#22179,.F.);
#22181=ADVANCED_FACE('',(#22180),#22174,.T.);
#22182=CARTESIAN_POINT('',(2.3375E0,-3.63E-1,-2.525E-1));
#22183=DIRECTION('',(0.E0,0.E0,1.E0));
#22184=DIRECTION('',(1.E0,0.E0,0.E0));
#22185=AXIS2_PLACEMENT_3D('',#22182,#22183,#22184);
#22186=PLANE('',#22185);
#22187=ORIENTED_EDGE('',*,*,#10909,.F.);
#22189=ORIENTED_EDGE('',*,*,#22188,.F.);
#22191=ORIENTED_EDGE('',*,*,#22190,.T.);
#22193=ORIENTED_EDGE('',*,*,#22192,.T.);
#22194=EDGE_LOOP('',(#22187,#22189,#22191,#22193));
#22195=FACE_OUTER_BOUND('',#22194,.F.);
#22196=ADVANCED_FACE('',(#22195),#22186,.F.);
#22197=CARTESIAN_POINT('',(2.2935E0,-2.78E-1,-2.525E-1));
#22198=DIRECTION('',(-1.E0,0.E0,0.E0));
#22199=DIRECTION('',(0.E0,-1.E0,0.E0));
#22200=AXIS2_PLACEMENT_3D('',#22197,#22198,#22199);
#22201=PLANE('',#22200);
#22202=ORIENTED_EDGE('',*,*,#10915,.T.);
#22204=ORIENTED_EDGE('',*,*,#22203,.T.);
#22206=ORIENTED_EDGE('',*,*,#22205,.F.);
#22207=ORIENTED_EDGE('',*,*,#22188,.T.);
#22208=EDGE_LOOP('',(#22202,#22204,#22206,#22207));
#22209=FACE_OUTER_BOUND('',#22208,.F.);
#22210=ADVANCED_FACE('',(#22209),#22201,.T.);
#22211=CARTESIAN_POINT('',(2.3375E0,-3.63E-1,-2.275E-1));
#22212=DIRECTION('',(0.E0,0.E0,1.E0));
#22213=DIRECTION('',(1.E0,0.E0,0.E0));
#22214=AXIS2_PLACEMENT_3D('',#22211,#22212,#22213);
#22215=PLANE('',#22214);
#22216=ORIENTED_EDGE('',*,*,#10913,.T.);
#22218=ORIENTED_EDGE('',*,*,#22217,.F.);
#22220=ORIENTED_EDGE('',*,*,#22219,.F.);
#22221=ORIENTED_EDGE('',*,*,#22203,.F.);
#22222=EDGE_LOOP('',(#22216,#22218,#22220,#22221));
#22223=FACE_OUTER_BOUND('',#22222,.F.);
#22224=ADVANCED_FACE('',(#22223),#22215,.T.);
#22225=CARTESIAN_POINT('',(2.3155E0,-3.63E-1,-2.525E-1));
#22226=DIRECTION('',(9.998222632137E-1,-1.885316902152E-2,0.E0));
#22227=DIRECTION('',(1.885316902152E-2,9.998222632137E-1,0.E0));
#22228=AXIS2_PLACEMENT_3D('',#22225,#22226,#22227);
#22229=PLANE('',#22228);
#22230=ORIENTED_EDGE('',*,*,#10911,.F.);
#22231=ORIENTED_EDGE('',*,*,#22192,.F.);
#22233=ORIENTED_EDGE('',*,*,#22232,.T.);
#22234=ORIENTED_EDGE('',*,*,#22217,.T.);
#22235=EDGE_LOOP('',(#22230,#22231,#22233,#22234));
#22236=FACE_OUTER_BOUND('',#22235,.F.);
#22237=ADVANCED_FACE('',(#22236),#22229,.T.);
#22238=CARTESIAN_POINT('',(2.2935E0,-3.63E-1,-2.525E-1));
#22239=DIRECTION('',(0.E0,-1.E0,0.E0));
#22240=DIRECTION('',(1.E0,0.E0,0.E0));
#22241=AXIS2_PLACEMENT_3D('',#22238,#22239,#22240);
#22242=PLANE('',#22241);
#22243=ORIENTED_EDGE('',*,*,#22190,.F.);
#22244=ORIENTED_EDGE('',*,*,#22205,.T.);
#22245=ORIENTED_EDGE('',*,*,#22219,.T.);
#22246=ORIENTED_EDGE('',*,*,#22232,.F.);
#22247=EDGE_LOOP('',(#22243,#22244,#22245,#22246));
#22248=FACE_OUTER_BOUND('',#22247,.F.);
#22249=ADVANCED_FACE('',(#22248),#22242,.T.);
#22250=CARTESIAN_POINT('',(2.3375E0,-3.63E-1,-2.525E-1));
#22251=DIRECTION('',(0.E0,0.E0,1.E0));
#22252=DIRECTION('',(1.E0,0.E0,0.E0));
#22253=AXIS2_PLACEMENT_3D('',#22250,#22251,#22252);
#22254=PLANE('',#22253);
#22255=ORIENTED_EDGE('',*,*,#10919,.F.);
#22257=ORIENTED_EDGE('',*,*,#22256,.T.);
#22259=ORIENTED_EDGE('',*,*,#22258,.T.);
#22261=ORIENTED_EDGE('',*,*,#22260,.F.);
#22262=EDGE_LOOP('',(#22255,#22257,#22259,#22261));
#22263=FACE_OUTER_BOUND('',#22262,.F.);
#22264=ADVANCED_FACE('',(#22263),#22254,.F.);
#22265=CARTESIAN_POINT('',(2.354496978475E0,-9.767949612663E-2,-2.525E-1));
#22266=DIRECTION('',(-9.998222632137E-1,-1.885316902152E-2,0.E0));
#22267=DIRECTION('',(1.885316902152E-2,-9.998222632137E-1,0.E0));
#22268=AXIS2_PLACEMENT_3D('',#22265,#22266,#22267);
#22269=PLANE('',#22268);
#22270=ORIENTED_EDGE('',*,*,#10925,.T.);
#22272=ORIENTED_EDGE('',*,*,#22271,.T.);
#22274=ORIENTED_EDGE('',*,*,#22273,.F.);
#22275=ORIENTED_EDGE('',*,*,#22256,.F.);
#22276=EDGE_LOOP('',(#22270,#22272,#22274,#22275));
#22277=FACE_OUTER_BOUND('',#22276,.F.);
#22278=ADVANCED_FACE('',(#22277),#22269,.T.);
#22279=CARTESIAN_POINT('',(2.3375E0,-3.63E-1,-2.275E-1));
#22280=DIRECTION('',(0.E0,0.E0,1.E0));
#22281=DIRECTION('',(1.E0,0.E0,0.E0));
#22282=AXIS2_PLACEMENT_3D('',#22279,#22280,#22281);
#22283=PLANE('',#22282);
#22284=ORIENTED_EDGE('',*,*,#10923,.T.);
#22286=ORIENTED_EDGE('',*,*,#22285,.F.);
#22288=ORIENTED_EDGE('',*,*,#22287,.F.);
#22289=ORIENTED_EDGE('',*,*,#22271,.F.);
#22290=EDGE_LOOP('',(#22284,#22286,#22288,#22289));
#22291=FACE_OUTER_BOUND('',#22290,.F.);
#22292=ADVANCED_FACE('',(#22291),#22283,.T.);
#22293=CARTESIAN_POINT('',(2.3815E0,-3.63E-1,-2.525E-1));
#22294=DIRECTION('',(1.E0,0.E0,0.E0));
#22295=DIRECTION('',(0.E0,1.E0,0.E0));
#22296=AXIS2_PLACEMENT_3D('',#22293,#22294,#22295);
#22297=PLANE('',#22296);
#22298=ORIENTED_EDGE('',*,*,#10921,.F.);
#22299=ORIENTED_EDGE('',*,*,#22260,.T.);
#22301=ORIENTED_EDGE('',*,*,#22300,.T.);
#22302=ORIENTED_EDGE('',*,*,#22285,.T.);
#22303=EDGE_LOOP('',(#22298,#22299,#22301,#22302));
#22304=FACE_OUTER_BOUND('',#22303,.F.);
#22305=ADVANCED_FACE('',(#22304),#22297,.T.);
#22306=CARTESIAN_POINT('',(2.3595E0,-3.63E-1,-2.525E-1));
#22307=DIRECTION('',(0.E0,-1.E0,0.E0));
#22308=DIRECTION('',(1.E0,0.E0,0.E0));
#22309=AXIS2_PLACEMENT_3D('',#22306,#22307,#22308);
#22310=PLANE('',#22309);
#22311=ORIENTED_EDGE('',*,*,#22258,.F.);
#22312=ORIENTED_EDGE('',*,*,#22273,.T.);
#22313=ORIENTED_EDGE('',*,*,#22287,.T.);
#22314=ORIENTED_EDGE('',*,*,#22300,.F.);
#22315=EDGE_LOOP('',(#22311,#22312,#22313,#22314));
#22316=FACE_OUTER_BOUND('',#22315,.F.);
#22317=ADVANCED_FACE('',(#22316),#22310,.T.);
#22318=CARTESIAN_POINT('',(-1.25E-2,-3.63E-1,-2.525E-1));
#22319=DIRECTION('',(0.E0,0.E0,1.E0));
#22320=DIRECTION('',(1.E0,0.E0,0.E0));
#22321=AXIS2_PLACEMENT_3D('',#22318,#22319,#22320);
#22322=PLANE('',#22321);
#22323=ORIENTED_EDGE('',*,*,#10929,.F.);
#22325=ORIENTED_EDGE('',*,*,#22324,.F.);
#22327=ORIENTED_EDGE('',*,*,#22326,.T.);
#22329=ORIENTED_EDGE('',*,*,#22328,.T.);
#22330=EDGE_LOOP('',(#22323,#22325,#22327,#22329));
#22331=FACE_OUTER_BOUND('',#22330,.F.);
#22332=ADVANCED_FACE('',(#22331),#22322,.F.);
#22333=CARTESIAN_POINT('',(-5.65E-2,-2.78E-1,-2.525E-1));
#22334=DIRECTION('',(-1.E0,0.E0,0.E0));
#22335=DIRECTION('',(0.E0,-1.E0,0.E0));
#22336=AXIS2_PLACEMENT_3D('',#22333,#22334,#22335);
#22337=PLANE('',#22336);
#22338=ORIENTED_EDGE('',*,*,#10935,.T.);
#22340=ORIENTED_EDGE('',*,*,#22339,.T.);
#22342=ORIENTED_EDGE('',*,*,#22341,.F.);
#22343=ORIENTED_EDGE('',*,*,#22324,.T.);
#22344=EDGE_LOOP('',(#22338,#22340,#22342,#22343));
#22345=FACE_OUTER_BOUND('',#22344,.F.);
#22346=ADVANCED_FACE('',(#22345),#22337,.T.);
#22347=CARTESIAN_POINT('',(-1.25E-2,-3.63E-1,-2.275E-1));
#22348=DIRECTION('',(0.E0,0.E0,1.E0));
#22349=DIRECTION('',(1.E0,0.E0,0.E0));
#22350=AXIS2_PLACEMENT_3D('',#22347,#22348,#22349);
#22351=PLANE('',#22350);
#22352=ORIENTED_EDGE('',*,*,#10933,.T.);
#22354=ORIENTED_EDGE('',*,*,#22353,.F.);
#22356=ORIENTED_EDGE('',*,*,#22355,.F.);
#22357=ORIENTED_EDGE('',*,*,#22339,.F.);
#22358=EDGE_LOOP('',(#22352,#22354,#22356,#22357));
#22359=FACE_OUTER_BOUND('',#22358,.F.);
#22360=ADVANCED_FACE('',(#22359),#22351,.T.);
#22361=CARTESIAN_POINT('',(-3.45E-2,-3.63E-1,-2.525E-1));
#22362=DIRECTION('',(9.998222632137E-1,-1.885316902152E-2,0.E0));
#22363=DIRECTION('',(1.885316902152E-2,9.998222632137E-1,0.E0));
#22364=AXIS2_PLACEMENT_3D('',#22361,#22362,#22363);
#22365=PLANE('',#22364);
#22366=ORIENTED_EDGE('',*,*,#10931,.F.);
#22367=ORIENTED_EDGE('',*,*,#22328,.F.);
#22369=ORIENTED_EDGE('',*,*,#22368,.T.);
#22370=ORIENTED_EDGE('',*,*,#22353,.T.);
#22371=EDGE_LOOP('',(#22366,#22367,#22369,#22370));
#22372=FACE_OUTER_BOUND('',#22371,.F.);
#22373=ADVANCED_FACE('',(#22372),#22365,.T.);
#22374=CARTESIAN_POINT('',(-5.65E-2,-3.63E-1,-2.525E-1));
#22375=DIRECTION('',(0.E0,-1.E0,0.E0));
#22376=DIRECTION('',(1.E0,0.E0,0.E0));
#22377=AXIS2_PLACEMENT_3D('',#22374,#22375,#22376);
#22378=PLANE('',#22377);
#22379=ORIENTED_EDGE('',*,*,#22326,.F.);
#22380=ORIENTED_EDGE('',*,*,#22341,.T.);
#22381=ORIENTED_EDGE('',*,*,#22355,.T.);
#22382=ORIENTED_EDGE('',*,*,#22368,.F.);
#22383=EDGE_LOOP('',(#22379,#22380,#22381,#22382));
#22384=FACE_OUTER_BOUND('',#22383,.F.);
#22385=ADVANCED_FACE('',(#22384),#22378,.T.);
#22386=CARTESIAN_POINT('',(-1.25E-2,-3.63E-1,-2.525E-1));
#22387=DIRECTION('',(0.E0,0.E0,1.E0));
#22388=DIRECTION('',(1.E0,0.E0,0.E0));
#22389=AXIS2_PLACEMENT_3D('',#22386,#22387,#22388);
#22390=PLANE('',#22389);
#22391=ORIENTED_EDGE('',*,*,#10939,.F.);
#22393=ORIENTED_EDGE('',*,*,#22392,.T.);
#22395=ORIENTED_EDGE('',*,*,#22394,.T.);
#22397=ORIENTED_EDGE('',*,*,#22396,.F.);
#22398=EDGE_LOOP('',(#22391,#22393,#22395,#22397));
#22399=FACE_OUTER_BOUND('',#22398,.F.);
#22400=ADVANCED_FACE('',(#22399),#22390,.F.);
#22401=CARTESIAN_POINT('',(4.496978474634E-3,-9.767949612663E-2,-2.525E-1));
#22402=DIRECTION('',(-9.998222632137E-1,-1.885316902152E-2,0.E0));
#22403=DIRECTION('',(1.885316902152E-2,-9.998222632137E-1,0.E0));
#22404=AXIS2_PLACEMENT_3D('',#22401,#22402,#22403);
#22405=PLANE('',#22404);
#22406=ORIENTED_EDGE('',*,*,#10945,.T.);
#22408=ORIENTED_EDGE('',*,*,#22407,.T.);
#22410=ORIENTED_EDGE('',*,*,#22409,.F.);
#22411=ORIENTED_EDGE('',*,*,#22392,.F.);
#22412=EDGE_LOOP('',(#22406,#22408,#22410,#22411));
#22413=FACE_OUTER_BOUND('',#22412,.F.);
#22414=ADVANCED_FACE('',(#22413),#22405,.T.);
#22415=CARTESIAN_POINT('',(-1.25E-2,-3.63E-1,-2.275E-1));
#22416=DIRECTION('',(0.E0,0.E0,1.E0));
#22417=DIRECTION('',(1.E0,0.E0,0.E0));
#22418=AXIS2_PLACEMENT_3D('',#22415,#22416,#22417);
#22419=PLANE('',#22418);
#22420=ORIENTED_EDGE('',*,*,#10943,.T.);
#22422=ORIENTED_EDGE('',*,*,#22421,.F.);
#22424=ORIENTED_EDGE('',*,*,#22423,.F.);
#22425=ORIENTED_EDGE('',*,*,#22407,.F.);
#22426=EDGE_LOOP('',(#22420,#22422,#22424,#22425));
#22427=FACE_OUTER_BOUND('',#22426,.F.);
#22428=ADVANCED_FACE('',(#22427),#22419,.T.);
#22429=CARTESIAN_POINT('',(3.15E-2,-3.63E-1,-2.525E-1));
#22430=DIRECTION('',(1.E0,0.E0,0.E0));
#22431=DIRECTION('',(0.E0,1.E0,0.E0));
#22432=AXIS2_PLACEMENT_3D('',#22429,#22430,#22431);
#22433=PLANE('',#22432);
#22434=ORIENTED_EDGE('',*,*,#10941,.F.);
#22435=ORIENTED_EDGE('',*,*,#22396,.T.);
#22437=ORIENTED_EDGE('',*,*,#22436,.T.);
#22438=ORIENTED_EDGE('',*,*,#22421,.T.);
#22439=EDGE_LOOP('',(#22434,#22435,#22437,#22438));
#22440=FACE_OUTER_BOUND('',#22439,.F.);
#22441=ADVANCED_FACE('',(#22440),#22433,.T.);
#22442=CARTESIAN_POINT('',(9.500000000001E-3,-3.63E-1,-2.525E-1));
#22443=DIRECTION('',(0.E0,-1.E0,0.E0));
#22444=DIRECTION('',(1.E0,0.E0,0.E0));
#22445=AXIS2_PLACEMENT_3D('',#22442,#22443,#22444);
#22446=PLANE('',#22445);
#22447=ORIENTED_EDGE('',*,*,#22394,.F.);
#22448=ORIENTED_EDGE('',*,*,#22409,.T.);
#22449=ORIENTED_EDGE('',*,*,#22423,.T.);
#22450=ORIENTED_EDGE('',*,*,#22436,.F.);
#22451=EDGE_LOOP('',(#22447,#22448,#22449,#22450));
#22452=FACE_OUTER_BOUND('',#22451,.F.);
#22453=ADVANCED_FACE('',(#22452),#22446,.T.);
#22454=CLOSED_SHELL('',(#10730,#10745,#10759,#10773,#10786,#10949,#10964,#10979,
#11020,#11098,#11113,#11130,#11144,#11164,#11189,#11203,#11216,#11228,#11242,
#11264,#11287,#11306,#11352,#11367,#11381,#11395,#11444,#11465,#11520,#11562,
#11576,#11590,#11603,#11615,#11629,#11643,#11656,#11668,#11680,#11701,#11718,
#11731,#11744,#11761,#12145,#12160,#12174,#12188,#12207,#12221,#12239,#12255,
#12271,#12285,#12303,#12319,#12333,#12348,#12363,#12377,#12390,#12404,#12421,
#12435,#12453,#12468,#12486,#12504,#12517,#12532,#12545,#12561,#12574,#12588,
#12603,#12621,#12635,#12649,#12670,#12723,#12744,#12798,#12812,#12825,#12841,
#12855,#12872,#12893,#12911,#12951,#12965,#12979,#12992,#13004,#13018,#13032,
#13045,#13057,#13071,#13085,#13098,#13110,#13124,#13137,#13149,#13161,#13174,
#13186,#13207,#13229,#13247,#13260,#13273,#13288,#13300,#13314,#13328,#13368,
#13382,#13396,#13409,#13421,#13435,#13449,#13462,#13474,#13487,#13520,#13535,
#13548,#13561,#13573,#13587,#13609,#13664,#13707,#13721,#13735,#13748,#13760,
#13774,#13788,#13801,#13813,#13826,#13861,#13876,#13889,#13902,#13914,#13928,
#13950,#14005,#14048,#14062,#14076,#14089,#14101,#14115,#14129,#14142,#14154,
#14167,#14202,#14217,#14230,#14243,#14255,#14269,#14291,#14346,#14389,#14403,
#14417,#14430,#14442,#14456,#14470,#14483,#14495,#14508,#14543,#14558,#14571,
#14584,#14596,#14610,#14632,#14687,#14730,#14744,#14758,#14771,#14783,#14797,
#14811,#14824,#14836,#14849,#14881,#14896,#14909,#14922,#14934,#14946,#14959,
#14971,#14985,#15005,#15026,#15045,#15088,#15103,#15117,#15131,#15179,#15199,
#15213,#15226,#15242,#15256,#15269,#15285,#15299,#15317,#15334,#15346,#15360,
#15373,#15385,#15399,#15412,#15428,#15442,#15458,#15471,#15483,#15495,#15509,
#15522,#15534,#15548,#15562,#15575,#15587,#15601,#15615,#15628,#15640,#15652,
#15665,#15677,#15691,#15705,#15718,#15730,#15744,#15764,#15785,#15804,#15847,
#15862,#15876,#15890,#15938,#15958,#15972,#15985,#16001,#16015,#16028,#16044,
#16058,#16076,#16093,#16105,#16119,#16132,#16144,#16158,#16171,#16187,#16201,
#16217,#16230,#16242,#16254,#16268,#16281,#16293,#16307,#16321,#16334,#16346,
#16360,#16374,#16387,#16399,#16411,#16424,#16436,#16450,#16464,#16477,#16489,
#16503,#16523,#16544,#16563,#16606,#16621,#16635,#16649,#16697,#16717,#16731,
#16744,#16760,#16774,#16787,#16803,#16817,#16835,#16852,#16864,#16878,#16891,
#16903,#16917,#16930,#16946,#16960,#16976,#16989,#17001,#17013,#17027,#17040,
#17052,#17066,#17080,#17093,#17105,#17119,#17133,#17146,#17158,#17170,#17183,
#17195,#17209,#17223,#17236,#17248,#17262,#17282,#17303,#17322,#17365,#17380,
#17394,#17408,#17456,#17476,#17490,#17503,#17519,#17533,#17546,#17562,#17576,
#17594,#17611,#17623,#17637,#17650,#17662,#17676,#17689,#17705,#17719,#17735,
#17748,#17760,#17772,#17786,#17799,#17811,#17825,#17839,#17852,#17864,#17878,
#17892,#17905,#17917,#17929,#17942,#17954,#17968,#17982,#17995,#18007,#18020,
#18033,#18045,#18057,#18071,#18085,#18098,#18110,#18122,#18136,#18153,#18167,
#18180,#18198,#18212,#18225,#18241,#18255,#18271,#18284,#18296,#18308,#18320,
#18335,#18349,#18363,#18376,#18388,#18403,#18417,#18431,#18444,#18456,#18471,
#18485,#18499,#18512,#18524,#18539,#18553,#18567,#18580,#18592,#18607,#18621,
#18635,#18648,#18660,#18675,#18689,#18703,#18716,#18728,#18743,#18757,#18771,
#18784,#18796,#18811,#18825,#18839,#18852,#18864,#18879,#18893,#18907,#18920,
#18932,#18947,#18961,#18975,#18988,#19000,#19015,#19029,#19043,#19056,#19068,
#19083,#19097,#19111,#19124,#19136,#19151,#19165,#19179,#19192,#19204,#19219,
#19233,#19247,#19260,#19272,#19287,#19301,#19315,#19328,#19340,#19355,#19369,
#19383,#19396,#19408,#19423,#19437,#19451,#19464,#19476,#19491,#19505,#19519,
#19532,#19544,#19559,#19573,#19587,#19600,#19612,#19627,#19641,#19655,#19668,
#19680,#19694,#19707,#19719,#19733,#19747,#19760,#19772,#19786,#19799,#19811,
#19825,#19839,#19852,#19864,#19878,#19892,#19905,#19917,#19929,#20141,#20160,
#20174,#20192,#20205,#20218,#20231,#20243,#20262,#20276,#20294,#20307,#20320,
#20333,#20345,#20364,#20378,#20396,#20409,#20422,#20435,#20447,#20466,#20480,
#20498,#20511,#20524,#20537,#20549,#20568,#20582,#20600,#20613,#20626,#20639,
#20651,#20670,#20684,#20702,#20715,#20728,#20741,#20753,#20772,#20786,#20804,
#20817,#20830,#20843,#20855,#20874,#20888,#20906,#20919,#20932,#20945,#20957,
#20976,#20990,#21008,#21021,#21034,#21047,#21059,#21078,#21092,#21110,#21123,
#21136,#21149,#21161,#21180,#21194,#21212,#21225,#21238,#21251,#21263,#21282,
#21296,#21314,#21327,#21340,#21353,#21365,#21384,#21398,#21416,#21429,#21442,
#21455,#21467,#21486,#21500,#21518,#21531,#21544,#21557,#21569,#21588,#21602,
#21620,#21633,#21646,#21659,#21671,#21690,#21704,#21722,#21735,#21748,#21761,
#21773,#21792,#21806,#21824,#21837,#21850,#21863,#21875,#21894,#21908,#21926,
#21939,#21952,#21965,#21977,#21996,#22010,#22028,#22041,#22054,#22067,#22079,
#22098,#22112,#22130,#22143,#22156,#22169,#22181,#22196,#22210,#22224,#22237,
#22249,#22264,#22278,#22292,#22305,#22317,#22332,#22346,#22360,#22373,#22385,
#22400,#22414,#22428,#22441,#22453));
#22455=MANIFOLD_SOLID_BREP('',#22454);
#22456=DIMENSIONAL_EXPONENTS(1.E0,0.E0,0.E0,0.E0,0.E0,0.E0,0.E0);
#22457=(LENGTH_UNIT()NAMED_UNIT(*)SI_UNIT(.MILLI.,.METRE.));
#22458=LENGTH_MEASURE_WITH_UNIT(LENGTH_MEASURE(2.54E1),#22457);
#22459=(CONVERSION_BASED_UNIT('INCH',#22458)LENGTH_UNIT()NAMED_UNIT(#22456));
#22460=DIMENSIONAL_EXPONENTS(0.E0,0.E0,0.E0,0.E0,0.E0,0.E0,0.E0);
#22461=(NAMED_UNIT(*)PLANE_ANGLE_UNIT()SI_UNIT($,.RADIAN.));
#22462=PLANE_ANGLE_MEASURE_WITH_UNIT(PLANE_ANGLE_MEASURE(1.745329251994E-2),
#22461);
#22463=(CONVERSION_BASED_UNIT('DEGREE',#22462)NAMED_UNIT(#22460)PLANE_ANGLE_UNIT());
#22464=(NAMED_UNIT(*)SI_UNIT($,.STERADIAN.)SOLID_ANGLE_UNIT());
#22465=UNCERTAINTY_MEASURE_WITH_UNIT(LENGTH_MEASURE(1.E-3),#22459,'closure',
'Maximum model space distance between geometric entities at asserted connectivities');
#22466=(GEOMETRIC_REPRESENTATION_CONTEXT(3)GLOBAL_UNCERTAINTY_ASSIGNED_CONTEXT((
#22465))GLOBAL_UNIT_ASSIGNED_CONTEXT((#22459,#22463,#22464))REPRESENTATION_CONTEXT('ID1','3'));
#22468=APPLICATION_CONTEXT(
'CONFIGURATION CONTROLLED 3D DESIGNS OF MECHANICAL PARTS AND ASSEMBLIES');
#22469=APPLICATION_PROTOCOL_DEFINITION('international standard',
'config_control_design',1994,#22468);
#22470=DESIGN_CONTEXT('',#22468,'design');
#22471=MECHANICAL_CONTEXT('',#22468,'mechanical');
#22472=PRODUCT('51722-10602000AAC','51722-10602000AAC','NOT SPECIFIED',
(#22471));
#22473=PRODUCT_DEFINITION_FORMATION_WITH_SPECIFIED_SOURCE('3','LAST_VERSION',
#22472,.MADE.);
#22477=PRODUCT_CATEGORY('part','');
#22478=PRODUCT_RELATED_PRODUCT_CATEGORY('detail','',(#22472));
#22479=PRODUCT_CATEGORY_RELATIONSHIP('','',#22477,#22478);
#22480=SECURITY_CLASSIFICATION_LEVEL('unclassified');
#22481=SECURITY_CLASSIFICATION('','',#22480);
#22482=CC_DESIGN_SECURITY_CLASSIFICATION(#22481,(#22473));
#22483=APPROVAL_STATUS('approved');
#22484=APPROVAL(#22483,'');
#22485=CC_DESIGN_APPROVAL(#22484,(#22481,#22473,#22474));
#22486=CALENDAR_DATE(108,2,9);
#22487=COORDINATED_UNIVERSAL_TIME_OFFSET(5,30,.AHEAD.);
#22488=LOCAL_TIME(9,12,4.E0,#22487);
#22489=DATE_AND_TIME(#22486,#22488);
#22490=APPROVAL_DATE_TIME(#22489,#22484);
#22491=DATE_TIME_ROLE('creation_date');
#22492=CC_DESIGN_DATE_AND_TIME_ASSIGNMENT(#22489,#22491,(#22474));
#22493=DATE_TIME_ROLE('classification_date');
#22494=CC_DESIGN_DATE_AND_TIME_ASSIGNMENT(#22489,#22493,(#22481));
#22495=PERSON('UNSPECIFIED','UNSPECIFIED',$,$,$,$);
#22496=ORGANIZATION('UNSPECIFIED','UNSPECIFIED','UNSPECIFIED');
#22497=PERSON_AND_ORGANIZATION(#22495,#22496);
#22498=APPROVAL_ROLE('approver');
#22499=APPROVAL_PERSON_ORGANIZATION(#22497,#22484,#22498);
#22500=PERSON_AND_ORGANIZATION_ROLE('creator');
#22501=CC_DESIGN_PERSON_AND_ORGANIZATION_ASSIGNMENT(#22497,#22500,(#22473,
#22474));
#22502=PERSON_AND_ORGANIZATION_ROLE('design_supplier');
#22503=CC_DESIGN_PERSON_AND_ORGANIZATION_ASSIGNMENT(#22497,#22502,(#22473));
#22504=PERSON_AND_ORGANIZATION_ROLE('classification_officer');
#22505=CC_DESIGN_PERSON_AND_ORGANIZATION_ASSIGNMENT(#22497,#22504,(#22481));
#22506=PERSON_AND_ORGANIZATION_ROLE('design_owner');
#22507=CC_DESIGN_PERSON_AND_ORGANIZATION_ASSIGNMENT(#22497,#22506,(#22472));
#81=CIRCLE('',#80,5.2E-2);
#166=CIRCLE('',#165,5.2E-2);
#267=CIRCLE('',#266,1.32E-1);
#288=CIRCLE('',#287,1.32E-1);
#1541=CIRCLE('',#1540,2.E-2);
#1586=CIRCLE('',#1585,1.32E-1);
#1655=CIRCLE('',#1654,1.32E-1);
#1672=CIRCLE('',#1671,2.E-2);
#1697=CIRCLE('',#1696,2.E-2);
#1730=CIRCLE('',#1729,1.32E-1);
#1747=CIRCLE('',#1746,1.32E-1);
#1788=CIRCLE('',#1787,5.2E-2);
#1813=CIRCLE('',#1812,2.E-2);
#1822=CIRCLE('',#1821,5.2E-2);
#10700=EDGE_CURVE('',#8091,#8157,#4,.T.);
#10702=EDGE_CURVE('',#8150,#8157,#8,.T.);
#10704=EDGE_CURVE('',#8129,#8150,#12,.T.);
#10706=EDGE_CURVE('',#8129,#8130,#16,.T.);
#10708=EDGE_CURVE('',#8130,#8132,#20,.T.);
#10710=EDGE_CURVE('',#8118,#8132,#2038,.T.);
#10712=EDGE_CURVE('',#8117,#8118,#24,.T.);
#10714=EDGE_CURVE('',#8117,#8110,#28,.T.);
#10716=EDGE_CURVE('',#8055,#8110,#328,.T.);
#10718=EDGE_CURVE('',#8055,#8056,#32,.T.);
#10720=EDGE_CURVE('',#8081,#8056,#36,.T.);
#10722=EDGE_CURVE('',#8086,#8081,#40,.T.);
#10724=EDGE_CURVE('',#8086,#8088,#44,.T.);
#10726=EDGE_CURVE('',#8088,#8091,#48,.T.);
#10736=EDGE_CURVE('',#8157,#8158,#52,.T.);
#10739=EDGE_CURVE('',#8091,#8092,#68,.T.);
#10741=EDGE_CURVE('',#8158,#8092,#64,.T.);
#10752=EDGE_CURVE('',#8158,#8160,#60,.T.);
#10754=EDGE_CURVE('',#8150,#8160,#56,.T.);
#10767=EDGE_CURVE('',#8092,#8094,#76,.T.);
#10769=EDGE_CURVE('',#8160,#8094,#161,.T.);
#10781=EDGE_CURVE('',#8088,#8094,#72,.T.);
#10792=EDGE_CURVE('',#8516,#8034,#238,.T.);
#10794=EDGE_CURVE('',#8562,#8516,#1626,.T.);
#10796=EDGE_CURVE('',#8561,#8562,#81,.T.);
#10798=EDGE_CURVE('',#8520,#8561,#1618,.T.);
#10800=EDGE_CURVE('',#8520,#8574,#432,.T.);
#10802=EDGE_CURVE('',#8574,#8502,#85,.T.);
#10804=EDGE_CURVE('',#8486,#8502,#464,.T.);
#10806=EDGE_CURVE('',#8486,#8494,#89,.T.);
#10808=EDGE_CURVE('',#8414,#8494,#512,.T.);
#10810=EDGE_CURVE('',#8414,#8404,#504,.T.);
#10812=EDGE_CURVE('',#8404,#8408,#93,.T.);
#10814=EDGE_CURVE('',#8406,#8408,#700,.T.);
#10816=EDGE_CURVE('',#8395,#8406,#97,.T.);
#10818=EDGE_CURVE('',#8395,#8416,#3482,.T.);
#10820=EDGE_CURVE('',#8416,#8480,#3550,.T.);
#10822=EDGE_CURVE('',#8480,#8474,#101,.T.);
#10824=EDGE_CURVE('',#8362,#8474,#3530,.T.);
#10826=EDGE_CURVE('',#8362,#8352,#3518,.T.);
#10828=EDGE_CURVE('',#8352,#8356,#105,.T.);
#10830=EDGE_CURVE('',#8354,#8356,#3306,.T.);
#10832=EDGE_CURVE('',#8343,#8354,#109,.T.);
#10834=EDGE_CURVE('',#8343,#8364,#3222,.T.);
#10836=EDGE_CURVE('',#8364,#8468,#3290,.T.);
#10838=EDGE_CURVE('',#8468,#8462,#113,.T.);
#10840=EDGE_CURVE('',#8310,#8462,#3270,.T.);
#10842=EDGE_CURVE('',#8310,#8300,#3258,.T.);
#10844=EDGE_CURVE('',#8300,#8304,#117,.T.);
#10846=EDGE_CURVE('',#8302,#8304,#3046,.T.);
#10848=EDGE_CURVE('',#8291,#8302,#121,.T.);
#10850=EDGE_CURVE('',#8291,#8312,#2962,.T.);
#10852=EDGE_CURVE('',#8312,#8456,#3030,.T.);
#10854=EDGE_CURVE('',#8456,#8450,#125,.T.);
#10856=EDGE_CURVE('',#8258,#8450,#3010,.T.);
#10858=EDGE_CURVE('',#8258,#8248,#2998,.T.);
#10860=EDGE_CURVE('',#8248,#8252,#129,.T.);
#10862=EDGE_CURVE('',#8250,#8252,#2786,.T.);
#10864=EDGE_CURVE('',#8239,#8250,#133,.T.);
#10866=EDGE_CURVE('',#8239,#8260,#2702,.T.);
#10868=EDGE_CURVE('',#8260,#8444,#2770,.T.);
#10870=EDGE_CURVE('',#8444,#8438,#137,.T.);
#10872=EDGE_CURVE('',#8206,#8438,#2750,.T.);
#10874=EDGE_CURVE('',#8206,#8196,#2738,.T.);
#10876=EDGE_CURVE('',#8196,#8200,#141,.T.);
#10878=EDGE_CURVE('',#8198,#8200,#2526,.T.);
#10880=EDGE_CURVE('',#8187,#8198,#145,.T.);
#10882=EDGE_CURVE('',#8187,#8208,#2442,.T.);
#10884=EDGE_CURVE('',#8208,#8432,#2510,.T.);
#10886=EDGE_CURVE('',#8432,#8426,#149,.T.);
#10888=EDGE_CURVE('',#8148,#8426,#2490,.T.);
#10890=EDGE_CURVE('',#8148,#8138,#2478,.T.);
#10892=EDGE_CURVE('',#8138,#8142,#153,.T.);
#10894=EDGE_CURVE('',#8140,#8142,#1942,.T.);
#10896=EDGE_CURVE('',#8129,#8140,#157,.T.);
#10903=EDGE_CURVE('',#8084,#8086,#166,.T.);
#10905=EDGE_CURVE('',#8084,#8034,#1783,.T.);
#10909=EDGE_CURVE('',#10649,#10650,#170,.T.);
#10911=EDGE_CURVE('',#10650,#10658,#174,.T.);
#10913=EDGE_CURVE('',#10657,#10658,#178,.T.);
#10915=EDGE_CURVE('',#10649,#10657,#182,.T.);
#10919=EDGE_CURVE('',#10653,#10654,#186,.T.);
#10921=EDGE_CURVE('',#10654,#10662,#190,.T.);
#10923=EDGE_CURVE('',#10661,#10662,#194,.T.);
#10925=EDGE_CURVE('',#10653,#10661,#198,.T.);
#10929=EDGE_CURVE('',#10681,#10682,#202,.T.);
#10931=EDGE_CURVE('',#10682,#10690,#206,.T.);
#10933=EDGE_CURVE('',#10689,#10690,#210,.T.);
#10935=EDGE_CURVE('',#10681,#10689,#214,.T.);
#10939=EDGE_CURVE('',#10685,#10686,#218,.T.);
#10941=EDGE_CURVE('',#10686,#10694,#222,.T.);
#10943=EDGE_CURVE('',#10693,#10694,#226,.T.);
#10945=EDGE_CURVE('',#10685,#10693,#230,.T.);
#10955=EDGE_CURVE('',#8033,#8514,#234,.T.);
#10957=EDGE_CURVE('',#8514,#8516,#1630,.T.);
#10960=EDGE_CURVE('',#8033,#8034,#1779,.T.);
#10970=EDGE_CURVE('',#8030,#8505,#242,.T.);
#10972=EDGE_CURVE('',#8514,#8505,#1634,.T.);
#10975=EDGE_CURVE('',#8033,#8030,#246,.T.);
#10985=EDGE_CURVE('',#8506,#8029,#316,.T.);
#10987=EDGE_CURVE('',#8505,#8506,#250,.T.);
#10990=EDGE_CURVE('',#8029,#8030,#254,.T.);
#10994=EDGE_CURVE('',#8527,#8048,#1688,.T.);
#10996=EDGE_CURVE('',#8527,#8528,#258,.T.);
#10998=EDGE_CURVE('',#8528,#8509,#262,.T.);
#11000=EDGE_CURVE('',#8509,#8510,#267,.T.);
#11002=EDGE_CURVE('',#8523,#8510,#271,.T.);
#11004=EDGE_CURVE('',#8523,#8524,#275,.T.);
#11006=EDGE_CURVE('',#8043,#8524,#1532,.T.);
#11008=EDGE_CURVE('',#8043,#8044,#279,.T.);
#11010=EDGE_CURVE('',#8044,#8037,#283,.T.);
#11012=EDGE_CURVE('',#8037,#8038,#288,.T.);
#11014=EDGE_CURVE('',#8047,#8038,#292,.T.);
#11016=EDGE_CURVE('',#8047,#8048,#296,.T.);
#11026=EDGE_CURVE('',#8497,#8570,#300,.T.);
#11028=EDGE_CURVE('',#8519,#8570,#436,.T.);
#11030=EDGE_CURVE('',#8535,#8519,#1610,.T.);
#11032=EDGE_CURVE('',#8535,#8542,#304,.T.);
#11034=EDGE_CURVE('',#8539,#8542,#308,.T.);
#11036=EDGE_CURVE('',#8539,#8506,#312,.T.);
#11039=EDGE_CURVE('',#8059,#8029,#1775,.T.);
#11041=EDGE_CURVE('',#8059,#8062,#320,.T.);
#11043=EDGE_CURVE('',#8055,#8062,#324,.T.);
#11046=EDGE_CURVE('',#8110,#8108,#332,.T.);
#11048=EDGE_CURVE('',#8106,#8108,#336,.T.);
#11050=EDGE_CURVE('',#8105,#8106,#340,.T.);
#11052=EDGE_CURVE('',#8105,#8168,#344,.T.);
#11054=EDGE_CURVE('',#8168,#8166,#348,.T.);
#11056=EDGE_CURVE('',#8164,#8166,#352,.T.);
#11058=EDGE_CURVE('',#8163,#8164,#356,.T.);
#11060=EDGE_CURVE('',#8163,#8220,#360,.T.);
#11062=EDGE_CURVE('',#8220,#8218,#364,.T.);
#11064=EDGE_CURVE('',#8216,#8218,#368,.T.);
#11066=EDGE_CURVE('',#8215,#8216,#372,.T.);
#11068=EDGE_CURVE('',#8215,#8272,#376,.T.);
#11070=EDGE_CURVE('',#8272,#8270,#380,.T.);
#11072=EDGE_CURVE('',#8268,#8270,#384,.T.);
#11074=EDGE_CURVE('',#8267,#8268,#388,.T.);
#11076=EDGE_CURVE('',#8267,#8324,#392,.T.);
#11078=EDGE_CURVE('',#8324,#8322,#396,.T.);
#11080=EDGE_CURVE('',#8320,#8322,#400,.T.);
#11082=EDGE_CURVE('',#8319,#8320,#404,.T.);
#11084=EDGE_CURVE('',#8319,#8376,#408,.T.);
#11086=EDGE_CURVE('',#8376,#8374,#412,.T.);
#11088=EDGE_CURVE('',#8372,#8374,#416,.T.);
#11090=EDGE_CURVE('',#8371,#8372,#420,.T.);
#11092=EDGE_CURVE('',#8371,#8488,#424,.T.);
#11094=EDGE_CURVE('',#8497,#8488,#452,.T.);
#11104=EDGE_CURVE('',#8569,#8570,#428,.T.);
#11107=EDGE_CURVE('',#8497,#8498,#448,.T.);
#11109=EDGE_CURVE('',#8569,#8498,#444,.T.);
#11120=EDGE_CURVE('',#8569,#8572,#440,.T.);
#11122=EDGE_CURVE('',#8574,#8572,#6454,.T.);
#11125=EDGE_CURVE('',#8519,#8520,#1614,.T.);
#11138=EDGE_CURVE('',#8498,#8500,#472,.T.);
#11140=EDGE_CURVE('',#8572,#8500,#6458,.T.);
#11152=EDGE_CURVE('',#8488,#8483,#484,.T.);
#11154=EDGE_CURVE('',#8483,#8484,#456,.T.);
#11156=EDGE_CURVE('',#8484,#8486,#460,.T.);
#11159=EDGE_CURVE('',#8500,#8502,#468,.T.);
#11170=EDGE_CURVE('',#8491,#8414,#476,.T.);
#11172=EDGE_CURVE('',#8491,#8483,#480,.T.);
#11176=EDGE_CURVE('',#8380,#8371,#488,.T.);
#11178=EDGE_CURVE('',#8379,#8380,#492,.T.);
#11180=EDGE_CURVE('',#8401,#8379,#876,.T.);
#11182=EDGE_CURVE('',#8401,#8402,#496,.T.);
#11184=EDGE_CURVE('',#8404,#8402,#500,.T.);
#11195=EDGE_CURVE('',#8491,#8492,#508,.T.);
#11199=EDGE_CURVE('',#8492,#8494,#516,.T.);
#11210=EDGE_CURVE('',#8484,#8492,#520,.T.);
#11234=EDGE_CURVE('',#8380,#8386,#524,.T.);
#11238=EDGE_CURVE('',#8372,#8386,#528,.T.);
#11248=EDGE_CURVE('',#8384,#8391,#532,.T.);
#11250=EDGE_CURVE('',#8391,#8392,#1172,.T.);
#11252=EDGE_CURVE('',#8392,#8379,#536,.T.);
#11256=EDGE_CURVE('',#8386,#8388,#3558,.T.);
#11258=EDGE_CURVE('',#8388,#8383,#3554,.T.);
#11260=EDGE_CURVE('',#8383,#8384,#3494,.T.);
#11270=EDGE_CURVE('',#9777,#9778,#540,.T.);
#11272=EDGE_CURVE('',#9778,#9786,#544,.T.);
#11274=EDGE_CURVE('',#9785,#9786,#548,.T.);
#11276=EDGE_CURVE('',#9762,#9785,#552,.T.);
#11278=EDGE_CURVE('',#9762,#8391,#1176,.T.);
#11281=EDGE_CURVE('',#8384,#8398,#556,.T.);
#11283=EDGE_CURVE('',#8398,#9777,#560,.T.);
#11294=EDGE_CURVE('',#9777,#9830,#616,.T.);
#11296=EDGE_CURVE('',#9830,#9629,#564,.T.);
#11298=EDGE_CURVE('',#9629,#9630,#568,.T.);
#11300=EDGE_CURVE('',#9705,#9630,#572,.T.);
#11302=EDGE_CURVE('',#9705,#9778,#576,.T.);
#11312=EDGE_CURVE('',#9818,#9734,#580,.T.);
#11314=EDGE_CURVE('',#9733,#9734,#680,.T.);
#11316=EDGE_CURVE('',#9733,#9821,#584,.T.);
#11318=EDGE_CURVE('',#9821,#9822,#588,.T.);
#11320=EDGE_CURVE('',#9822,#9738,#592,.T.);
#11322=EDGE_CURVE('',#9737,#9738,#676,.T.);
#11324=EDGE_CURVE('',#9737,#9825,#596,.T.);
#11326=EDGE_CURVE('',#9825,#9826,#600,.T.);
#11328=EDGE_CURVE('',#9826,#9742,#604,.T.);
#11330=EDGE_CURVE('',#9741,#9742,#672,.T.);
#11332=EDGE_CURVE('',#9741,#9829,#608,.T.);
#11334=EDGE_CURVE('',#9829,#9830,#612,.T.);
#11338=EDGE_CURVE('',#8396,#8398,#3490,.T.);
#11340=EDGE_CURVE('',#8396,#8410,#620,.T.);
#11342=EDGE_CURVE('',#8410,#9793,#624,.T.);
#11344=EDGE_CURVE('',#9746,#9793,#684,.T.);
#11346=EDGE_CURVE('',#9746,#9817,#628,.T.);
#11348=EDGE_CURVE('',#9817,#9818,#632,.T.);
#11359=EDGE_CURVE('',#9818,#9657,#636,.T.);
#11361=EDGE_CURVE('',#9657,#9685,#640,.T.);
#11363=EDGE_CURVE('',#9685,#9734,#644,.T.);
#11374=EDGE_CURVE('',#9658,#9817,#652,.T.);
#11376=EDGE_CURVE('',#9657,#9658,#6450,.T.);
#11388=EDGE_CURVE('',#9746,#9686,#648,.T.);
#11390=EDGE_CURVE('',#9658,#9686,#6442,.T.);
#11401=EDGE_CURVE('',#9793,#9794,#692,.T.);
#11403=EDGE_CURVE('',#9798,#9794,#5606,.T.);
#11405=EDGE_CURVE('',#9713,#9798,#5630,.T.);
#11407=EDGE_CURVE('',#9713,#9714,#656,.T.);
#11409=EDGE_CURVE('',#9714,#9716,#660,.T.);
#11411=EDGE_CURVE('',#9716,#9718,#664,.T.);
#11413=EDGE_CURVE('',#9706,#9718,#5654,.T.);
#11415=EDGE_CURVE('',#9705,#9706,#668,.T.);
#11418=EDGE_CURVE('',#9630,#9674,#6362,.T.);
#11420=EDGE_CURVE('',#9741,#9674,#6370,.T.);
#11423=EDGE_CURVE('',#9677,#9742,#6386,.T.);
#11425=EDGE_CURVE('',#9677,#9678,#6402,.T.);
#11427=EDGE_CURVE('',#9737,#9678,#6390,.T.);
#11430=EDGE_CURVE('',#9681,#9738,#6418,.T.);
#11432=EDGE_CURVE('',#9681,#9682,#6434,.T.);
#11434=EDGE_CURVE('',#9733,#9682,#6422,.T.);
#11438=EDGE_CURVE('',#9685,#9686,#6446,.T.);
#11450=EDGE_CURVE('',#9789,#9790,#688,.T.);
#11452=EDGE_CURVE('',#9794,#9790,#5610,.T.);
#11456=EDGE_CURVE('',#8406,#8410,#696,.T.);
#11459=EDGE_CURVE('',#8412,#8408,#704,.T.);
#11461=EDGE_CURVE('',#9789,#8412,#772,.T.);
#11472=EDGE_CURVE('',#9744,#9789,#708,.T.);
#11474=EDGE_CURVE('',#9672,#9744,#856,.T.);
#11476=EDGE_CURVE('',#9671,#9672,#712,.T.);
#11478=EDGE_CURVE('',#9722,#9671,#836,.T.);
#11480=EDGE_CURVE('',#9721,#9722,#716,.T.);
#11482=EDGE_CURVE('',#9668,#9721,#816,.T.);
#11484=EDGE_CURVE('',#9667,#9668,#720,.T.);
#11486=EDGE_CURVE('',#9726,#9667,#824,.T.);
#11488=EDGE_CURVE('',#9725,#9726,#724,.T.);
#11490=EDGE_CURVE('',#9664,#9725,#6350,.T.);
#11492=EDGE_CURVE('',#9663,#9664,#728,.T.);
#11494=EDGE_CURVE('',#9730,#9663,#6330,.T.);
#11496=EDGE_CURVE('',#9729,#9730,#732,.T.);
#11498=EDGE_CURVE('',#9660,#9729,#6322,.T.);
#11500=EDGE_CURVE('',#9626,#9660,#736,.T.);
#11502=EDGE_CURVE('',#9626,#9701,#892,.T.);
#11504=EDGE_CURVE('',#9701,#9702,#740,.T.);
#11506=EDGE_CURVE('',#9693,#9702,#908,.T.);
#11508=EDGE_CURVE('',#9693,#9694,#744,.T.);
#11510=EDGE_CURVE('',#9694,#9696,#748,.T.);
#11512=EDGE_CURVE('',#9696,#9698,#752,.T.);
#11514=EDGE_CURVE('',#9796,#9698,#5582,.T.);
#11516=EDGE_CURVE('',#9796,#9790,#5586,.T.);
#11526=EDGE_CURVE('',#9805,#9721,#756,.T.);
#11529=EDGE_CURVE('',#9722,#9802,#760,.T.);
#11531=EDGE_CURVE('',#9801,#9802,#764,.T.);
#11533=EDGE_CURVE('',#9801,#9744,#768,.T.);
#11537=EDGE_CURVE('',#8402,#8412,#864,.T.);
#11540=EDGE_CURVE('',#8401,#9765,#872,.T.);
#11542=EDGE_CURVE('',#9765,#9814,#776,.T.);
#11544=EDGE_CURVE('',#9813,#9814,#780,.T.);
#11546=EDGE_CURVE('',#9813,#9729,#784,.T.);
#11549=EDGE_CURVE('',#9730,#9810,#788,.T.);
#11551=EDGE_CURVE('',#9809,#9810,#792,.T.);
#11553=EDGE_CURVE('',#9809,#9725,#796,.T.);
#11556=EDGE_CURVE('',#9726,#9806,#800,.T.);
#11558=EDGE_CURVE('',#9805,#9806,#804,.T.);
#11569=EDGE_CURVE('',#9805,#9640,#808,.T.);
#11571=EDGE_CURVE('',#9640,#9668,#812,.T.);
#11583=EDGE_CURVE('',#9639,#9806,#828,.T.);
#11585=EDGE_CURVE('',#9639,#9640,#820,.T.);
#11598=EDGE_CURVE('',#9639,#9667,#832,.T.);
#11623=EDGE_CURVE('',#9643,#9671,#844,.T.);
#11625=EDGE_CURVE('',#9643,#9802,#840,.T.);
#11637=EDGE_CURVE('',#9644,#9672,#852,.T.);
#11639=EDGE_CURVE('',#9643,#9644,#860,.T.);
#11650=EDGE_CURVE('',#9801,#9644,#848,.T.);
#11686=EDGE_CURVE('',#9765,#9766,#868,.T.);
#11691=EDGE_CURVE('',#8392,#9758,#1168,.T.);
#11693=EDGE_CURVE('',#9758,#9773,#880,.T.);
#11695=EDGE_CURVE('',#9773,#9774,#884,.T.);
#11697=EDGE_CURVE('',#9766,#9774,#888,.T.);
#11708=EDGE_CURVE('',#9701,#9766,#900,.T.);
#11711=EDGE_CURVE('',#9625,#9626,#6310,.T.);
#11713=EDGE_CURVE('',#9625,#9814,#896,.T.);
#11725=EDGE_CURVE('',#9702,#9774,#912,.T.);
#11738=EDGE_CURVE('',#9773,#9693,#904,.T.);
#11750=EDGE_CURVE('',#9758,#9750,#1164,.T.);
#11752=EDGE_CURVE('',#9750,#9689,#5566,.T.);
#11754=EDGE_CURVE('',#9689,#9694,#916,.T.);
#11767=EDGE_CURVE('',#8554,#8073,#1528,.T.);
#11769=EDGE_CURVE('',#8530,#8554,#920,.T.);
#11771=EDGE_CURVE('',#8580,#8530,#1545,.T.);
#11773=EDGE_CURVE('',#8580,#8582,#924,.T.);
#11775=EDGE_CURVE('',#8582,#8532,#1667,.T.);
#11777=EDGE_CURVE('',#8557,#8532,#928,.T.);
#11779=EDGE_CURVE('',#8078,#8557,#1680,.T.);
#11781=EDGE_CURVE('',#8050,#8078,#932,.T.);
#11783=EDGE_CURVE('',#8100,#8050,#1705,.T.);
#11785=EDGE_CURVE('',#8100,#8102,#1717,.T.);
#11787=EDGE_CURVE('',#8102,#8052,#1808,.T.);
#11789=EDGE_CURVE('',#8073,#8052,#936,.T.);
#11793=EDGE_CURVE('',#8709,#8710,#940,.T.);
#11795=EDGE_CURVE('',#8718,#8710,#944,.T.);
#11797=EDGE_CURVE('',#8126,#8718,#948,.T.);
#11799=EDGE_CURVE('',#8125,#8126,#952,.T.);
#11801=EDGE_CURVE('',#8722,#8125,#956,.T.);
#11803=EDGE_CURVE('',#8722,#8714,#960,.T.);
#11805=EDGE_CURVE('',#8713,#8714,#964,.T.);
#11807=EDGE_CURVE('',#8720,#8713,#968,.T.);
#11809=EDGE_CURVE('',#8154,#8720,#972,.T.);
#11811=EDGE_CURVE('',#8153,#8154,#1866,.T.);
#11813=EDGE_CURVE('',#8716,#8153,#976,.T.);
#11815=EDGE_CURVE('',#8716,#8709,#980,.T.);
#11819=EDGE_CURVE('',#8917,#8918,#984,.T.);
#11821=EDGE_CURVE('',#8926,#8918,#988,.T.);
#11823=EDGE_CURVE('',#8184,#8926,#992,.T.);
#11825=EDGE_CURVE('',#8183,#8184,#996,.T.);
#11827=EDGE_CURVE('',#8930,#8183,#1000,.T.);
#11829=EDGE_CURVE('',#8930,#8922,#1004,.T.);
#11831=EDGE_CURVE('',#8921,#8922,#1008,.T.);
#11833=EDGE_CURVE('',#8928,#8921,#1012,.T.);
#11835=EDGE_CURVE('',#8212,#8928,#1016,.T.);
#11837=EDGE_CURVE('',#8211,#8212,#5194,.T.);
#11839=EDGE_CURVE('',#8924,#8211,#1020,.T.);
#11841=EDGE_CURVE('',#8924,#8917,#1024,.T.);
#11845=EDGE_CURVE('',#9125,#9126,#1028,.T.);
#11847=EDGE_CURVE('',#9134,#9126,#1032,.T.);
#11849=EDGE_CURVE('',#8236,#9134,#1036,.T.);
#11851=EDGE_CURVE('',#8235,#8236,#1040,.T.);
#11853=EDGE_CURVE('',#9138,#8235,#1044,.T.);
#11855=EDGE_CURVE('',#9138,#9130,#1048,.T.);
#11857=EDGE_CURVE('',#9129,#9130,#1052,.T.);
#11859=EDGE_CURVE('',#9136,#9129,#1056,.T.);
#11861=EDGE_CURVE('',#8264,#9136,#1060,.T.);
#11863=EDGE_CURVE('',#8263,#8264,#4710,.T.);
#11865=EDGE_CURVE('',#9132,#8263,#1064,.T.);
#11867=EDGE_CURVE('',#9132,#9125,#1068,.T.);
#11871=EDGE_CURVE('',#9333,#9334,#1072,.T.);
#11873=EDGE_CURVE('',#9342,#9334,#1076,.T.);
#11875=EDGE_CURVE('',#8288,#9342,#1080,.T.);
#11877=EDGE_CURVE('',#8287,#8288,#1084,.T.);
#11879=EDGE_CURVE('',#9346,#8287,#1088,.T.);
#11881=EDGE_CURVE('',#9346,#9338,#1092,.T.);
#11883=EDGE_CURVE('',#9337,#9338,#1096,.T.);
#11885=EDGE_CURVE('',#9344,#9337,#1100,.T.);
#11887=EDGE_CURVE('',#8316,#9344,#1104,.T.);
#11889=EDGE_CURVE('',#8315,#8316,#4226,.T.);
#11891=EDGE_CURVE('',#9340,#8315,#1108,.T.);
#11893=EDGE_CURVE('',#9340,#9333,#1112,.T.);
#11897=EDGE_CURVE('',#9541,#9542,#1116,.T.);
#11899=EDGE_CURVE('',#9550,#9542,#1120,.T.);
#11901=EDGE_CURVE('',#8340,#9550,#1124,.T.);
#11903=EDGE_CURVE('',#8339,#8340,#1128,.T.);
#11905=EDGE_CURVE('',#9554,#8339,#1132,.T.);
#11907=EDGE_CURVE('',#9554,#9546,#1136,.T.);
#11909=EDGE_CURVE('',#9545,#9546,#1140,.T.);
#11911=EDGE_CURVE('',#9552,#9545,#1144,.T.);
#11913=EDGE_CURVE('',#8368,#9552,#1148,.T.);
#11915=EDGE_CURVE('',#8367,#8368,#3742,.T.);
#11917=EDGE_CURVE('',#9548,#8367,#1152,.T.);
#11919=EDGE_CURVE('',#9548,#9541,#1156,.T.);
#11923=EDGE_CURVE('',#9749,#9750,#1160,.T.);
#11929=EDGE_CURVE('',#9762,#9754,#1180,.T.);
#11931=EDGE_CURVE('',#9753,#9754,#1184,.T.);
#11933=EDGE_CURVE('',#9760,#9753,#1188,.T.);
#11935=EDGE_CURVE('',#8420,#9760,#1192,.T.);
#11937=EDGE_CURVE('',#8419,#8420,#5598,.T.);
#11939=EDGE_CURVE('',#9756,#8419,#1196,.T.);
#11941=EDGE_CURVE('',#9756,#9749,#1200,.T.);
#11945=EDGE_CURVE('',#9929,#9930,#1204,.T.);
#11947=EDGE_CURVE('',#9929,#9945,#1208,.T.);
#11949=EDGE_CURVE('',#9945,#9946,#1212,.T.);
#11951=EDGE_CURVE('',#9930,#9946,#1216,.T.);
#11955=EDGE_CURVE('',#9933,#9934,#1220,.T.);
#11957=EDGE_CURVE('',#9933,#9949,#1224,.T.);
#11959=EDGE_CURVE('',#9949,#9950,#1228,.T.);
#11961=EDGE_CURVE('',#9934,#9950,#1232,.T.);
#11965=EDGE_CURVE('',#9937,#9938,#1236,.T.);
#11967=EDGE_CURVE('',#9937,#9953,#1240,.T.);
#11969=EDGE_CURVE('',#9953,#9954,#1244,.T.);
#11971=EDGE_CURVE('',#9938,#9954,#1248,.T.);
#11975=EDGE_CURVE('',#9941,#9942,#1252,.T.);
#11977=EDGE_CURVE('',#9941,#9957,#1256,.T.);
#11979=EDGE_CURVE('',#9957,#9958,#1260,.T.);
#11981=EDGE_CURVE('',#9942,#9958,#1264,.T.);
#11985=EDGE_CURVE('',#10089,#10090,#1268,.T.);
#11987=EDGE_CURVE('',#10089,#10105,#1272,.T.);
#11989=EDGE_CURVE('',#10105,#10106,#1276,.T.);
#11991=EDGE_CURVE('',#10090,#10106,#1280,.T.);
#11995=EDGE_CURVE('',#10093,#10094,#1284,.T.);
#11997=EDGE_CURVE('',#10093,#10109,#1288,.T.);
#11999=EDGE_CURVE('',#10109,#10110,#1292,.T.);
#12001=EDGE_CURVE('',#10094,#10110,#1296,.T.);
#12005=EDGE_CURVE('',#10097,#10098,#1300,.T.);
#12007=EDGE_CURVE('',#10097,#10113,#1304,.T.);
#12009=EDGE_CURVE('',#10113,#10114,#1308,.T.);
#12011=EDGE_CURVE('',#10098,#10114,#1312,.T.);
#12015=EDGE_CURVE('',#10101,#10102,#1316,.T.);
#12017=EDGE_CURVE('',#10101,#10117,#1320,.T.);
#12019=EDGE_CURVE('',#10117,#10118,#1324,.T.);
#12021=EDGE_CURVE('',#10102,#10118,#1328,.T.);
#12025=EDGE_CURVE('',#10249,#10250,#1332,.T.);
#12027=EDGE_CURVE('',#10249,#10265,#1336,.T.);
#12029=EDGE_CURVE('',#10265,#10266,#1340,.T.);
#12031=EDGE_CURVE('',#10250,#10266,#1344,.T.);
#12035=EDGE_CURVE('',#10253,#10254,#1348,.T.);
#12037=EDGE_CURVE('',#10253,#10269,#1352,.T.);
#12039=EDGE_CURVE('',#10269,#10270,#1356,.T.);
#12041=EDGE_CURVE('',#10254,#10270,#1360,.T.);
#12045=EDGE_CURVE('',#10257,#10258,#1364,.T.);
#12047=EDGE_CURVE('',#10257,#10273,#1368,.T.);
#12049=EDGE_CURVE('',#10273,#10274,#1372,.T.);
#12051=EDGE_CURVE('',#10258,#10274,#1376,.T.);
#12055=EDGE_CURVE('',#10261,#10262,#1380,.T.);
#12057=EDGE_CURVE('',#10261,#10277,#1384,.T.);
#12059=EDGE_CURVE('',#10277,#10278,#1388,.T.);
#12061=EDGE_CURVE('',#10262,#10278,#1392,.T.);
#12065=EDGE_CURVE('',#10409,#10410,#1396,.T.);
#12067=EDGE_CURVE('',#10409,#10425,#1400,.T.);
#12069=EDGE_CURVE('',#10425,#10426,#1404,.T.);
#12071=EDGE_CURVE('',#10410,#10426,#1408,.T.);
#12075=EDGE_CURVE('',#10413,#10414,#1412,.T.);
#12077=EDGE_CURVE('',#10413,#10429,#1416,.T.);
#12079=EDGE_CURVE('',#10429,#10430,#1420,.T.);
#12081=EDGE_CURVE('',#10414,#10430,#1424,.T.);
#12085=EDGE_CURVE('',#10417,#10418,#1428,.T.);
#12087=EDGE_CURVE('',#10417,#10433,#1432,.T.);
#12089=EDGE_CURVE('',#10433,#10434,#1436,.T.);
#12091=EDGE_CURVE('',#10418,#10434,#1440,.T.);
#12095=EDGE_CURVE('',#10421,#10422,#1444,.T.);
#12097=EDGE_CURVE('',#10421,#10437,#1448,.T.);
#12099=EDGE_CURVE('',#10437,#10438,#1452,.T.);
#12101=EDGE_CURVE('',#10422,#10438,#1456,.T.);
#12105=EDGE_CURVE('',#10569,#10570,#1460,.T.);
#12107=EDGE_CURVE('',#10569,#10585,#1464,.T.);
#12109=EDGE_CURVE('',#10585,#10586,#1468,.T.);
#12111=EDGE_CURVE('',#10570,#10586,#1472,.T.);
#12115=EDGE_CURVE('',#10573,#10574,#1476,.T.);
#12117=EDGE_CURVE('',#10573,#10589,#1480,.T.);
#12119=EDGE_CURVE('',#10589,#10590,#1484,.T.);
#12121=EDGE_CURVE('',#10574,#10590,#1488,.T.);
#12125=EDGE_CURVE('',#10577,#10578,#1492,.T.);
#12127=EDGE_CURVE('',#10577,#10593,#1496,.T.);
#12129=EDGE_CURVE('',#10593,#10594,#1500,.T.);
#12131=EDGE_CURVE('',#10578,#10594,#1504,.T.);
#12135=EDGE_CURVE('',#10581,#10582,#1508,.T.);
#12137=EDGE_CURVE('',#10581,#10597,#1512,.T.);
#12139=EDGE_CURVE('',#10597,#10598,#1516,.T.);
#12141=EDGE_CURVE('',#10582,#10598,#1520,.T.);
#12151=EDGE_CURVE('',#8074,#8553,#1524,.T.);
#12153=EDGE_CURVE('',#8553,#8554,#1541,.T.);
#12156=EDGE_CURVE('',#8073,#8074,#1813,.T.);
#12167=EDGE_CURVE('',#8524,#8553,#1536,.T.);
#12170=EDGE_CURVE('',#8043,#8074,#1817,.T.);
#12183=EDGE_CURVE('',#8523,#8530,#1549,.T.);
#12194=EDGE_CURVE('',#8580,#8578,#1569,.T.);
#12199=EDGE_CURVE('',#8510,#8550,#1553,.T.);
#12201=EDGE_CURVE('',#8550,#8548,#1557,.T.);
#12203=EDGE_CURVE('',#8548,#8578,#1573,.T.);
#12213=EDGE_CURVE('',#8577,#8578,#1561,.T.);
#12215=EDGE_CURVE('',#8582,#8577,#1565,.T.);
#12229=EDGE_CURVE('',#8548,#8546,#1577,.T.);
#12231=EDGE_CURVE('',#8545,#8546,#1581,.T.);
#12233=EDGE_CURVE('',#8512,#8545,#1586,.T.);
#12235=EDGE_CURVE('',#8577,#8512,#1590,.T.);
#12245=EDGE_CURVE('',#8535,#8536,#1606,.T.);
#12247=EDGE_CURVE('',#8536,#8546,#1594,.T.);
#12250=EDGE_CURVE('',#8548,#8542,#1646,.T.);
#12261=EDGE_CURVE('',#8566,#8561,#1598,.T.);
#12263=EDGE_CURVE('',#8566,#8536,#1602,.T.);
#12278=EDGE_CURVE('',#8564,#8562,#1622,.T.);
#12280=EDGE_CURVE('',#8564,#8566,#1822,.T.);
#12297=EDGE_CURVE('',#8539,#8540,#1638,.T.);
#12299=EDGE_CURVE('',#8564,#8540,#1642,.T.);
#12313=EDGE_CURVE('',#8545,#8550,#1655,.T.);
#12315=EDGE_CURVE('',#8540,#8545,#1650,.T.);
#12328=EDGE_CURVE('',#8509,#8512,#1659,.T.);
#12343=EDGE_CURVE('',#8528,#8532,#1663,.T.);
#12354=EDGE_CURVE('',#8557,#8558,#1672,.T.);
#12359=EDGE_CURVE('',#8527,#8558,#1676,.T.);
#12371=EDGE_CURVE('',#8558,#8077,#1684,.T.);
#12373=EDGE_CURVE('',#8077,#8078,#1697,.T.);
#12386=EDGE_CURVE('',#8048,#8077,#1692,.T.);
#12399=EDGE_CURVE('',#8047,#8050,#1709,.T.);
#12410=EDGE_CURVE('',#8097,#8100,#1701,.T.);
#12415=EDGE_CURVE('',#8038,#8040,#1713,.T.);
#12417=EDGE_CURVE('',#8040,#8097,#1725,.T.);
#12427=EDGE_CURVE('',#8097,#8098,#1721,.T.);
#12429=EDGE_CURVE('',#8098,#8102,#1796,.T.);
#12443=EDGE_CURVE('',#8068,#8040,#1730,.T.);
#12445=EDGE_CURVE('',#8068,#8066,#1734,.T.);
#12447=EDGE_CURVE('',#8065,#8066,#1738,.T.);
#12449=EDGE_CURVE('',#8098,#8065,#1742,.T.);
#12459=EDGE_CURVE('',#8070,#8068,#1747,.T.);
#12464=EDGE_CURVE('',#8037,#8070,#1751,.T.);
#12474=EDGE_CURVE('',#8059,#8060,#1771,.T.);
#12476=EDGE_CURVE('',#8068,#8060,#1755,.T.);
#12479=EDGE_CURVE('',#8070,#8065,#1800,.T.);
#12481=EDGE_CURVE('',#8062,#8065,#1759,.T.);
#12492=EDGE_CURVE('',#8084,#8082,#1763,.T.);
#12494=EDGE_CURVE('',#8082,#8060,#1767,.T.);
#12510=EDGE_CURVE('',#8081,#8082,#1788,.T.);
#12525=EDGE_CURVE('',#8056,#8066,#1792,.T.);
#12556=EDGE_CURVE('',#8044,#8052,#1804,.T.);
#12595=EDGE_CURVE('',#8650,#8709,#1826,.T.);
#12597=EDGE_CURVE('',#8649,#8650,#1830,.T.);
#12599=EDGE_CURVE('',#8710,#8649,#1834,.T.);
#12610=EDGE_CURVE('',#8716,#8730,#1846,.T.);
#12612=EDGE_CURVE('',#8730,#8658,#1838,.T.);
#12614=EDGE_CURVE('',#8656,#8658,#1926,.T.);
#12616=EDGE_CURVE('',#8650,#8656,#2302,.T.);
#12627=EDGE_CURVE('',#8729,#8730,#1842,.T.);
#12631=EDGE_CURVE('',#8729,#8153,#1862,.T.);
#12642=EDGE_CURVE('',#8729,#8756,#1858,.T.);
#12644=EDGE_CURVE('',#8756,#8658,#1850,.T.);
#12655=EDGE_CURVE('',#8756,#8750,#1854,.T.);
#12660=EDGE_CURVE('',#8741,#8154,#1994,.T.);
#12662=EDGE_CURVE('',#8741,#8758,#1870,.T.);
#12664=EDGE_CURVE('',#8758,#8754,#1874,.T.);
#12666=EDGE_CURVE('',#8754,#8750,#1878,.T.);
#12676=EDGE_CURVE('',#8749,#8750,#1930,.T.);
#12678=EDGE_CURVE('',#8704,#8749,#1882,.T.);
#12680=EDGE_CURVE('',#8632,#8704,#2422,.T.);
#12682=EDGE_CURVE('',#8631,#8632,#1886,.T.);
#12684=EDGE_CURVE('',#8682,#8631,#2402,.T.);
#12686=EDGE_CURVE('',#8681,#8682,#1890,.T.);
#12688=EDGE_CURVE('',#8628,#8681,#2382,.T.);
#12690=EDGE_CURVE('',#8627,#8628,#1894,.T.);
#12692=EDGE_CURVE('',#8686,#8627,#2390,.T.);
#12694=EDGE_CURVE('',#8685,#8686,#1898,.T.);
#12696=EDGE_CURVE('',#8624,#8685,#5546,.T.);
#12698=EDGE_CURVE('',#8623,#8624,#1902,.T.);
#12700=EDGE_CURVE('',#8690,#8623,#5526,.T.);
#12702=EDGE_CURVE('',#8689,#8690,#1906,.T.);
#12704=EDGE_CURVE('',#8620,#8689,#2318,.T.);
#12706=EDGE_CURVE('',#8586,#8620,#1910,.T.);
#12708=EDGE_CURVE('',#8586,#8661,#2274,.T.);
#12710=EDGE_CURVE('',#8661,#8662,#1914,.T.);
#12712=EDGE_CURVE('',#8653,#8662,#2290,.T.);
#12714=EDGE_CURVE('',#8653,#8654,#1918,.T.);
#12716=EDGE_CURVE('',#8654,#8656,#1922,.T.);
#12731=EDGE_CURVE('',#8753,#8754,#1934,.T.);
#12733=EDGE_CURVE('',#8144,#8753,#2106,.T.);
#12735=EDGE_CURVE('',#8140,#8144,#1938,.T.);
#12738=EDGE_CURVE('',#8146,#8142,#1946,.T.);
#12740=EDGE_CURVE('',#8749,#8146,#2338,.T.);
#12752=EDGE_CURVE('',#8673,#8758,#1986,.T.);
#12754=EDGE_CURVE('',#8673,#8674,#1950,.T.);
#12756=EDGE_CURVE('',#8674,#8676,#1954,.T.);
#12758=EDGE_CURVE('',#8676,#8678,#1958,.T.);
#12760=EDGE_CURVE('',#8666,#8678,#2238,.T.);
#12762=EDGE_CURVE('',#8665,#8666,#1962,.T.);
#12764=EDGE_CURVE('',#8665,#8590,#2054,.T.);
#12766=EDGE_CURVE('',#8590,#8634,#2226,.T.);
#12768=EDGE_CURVE('',#8701,#8634,#2214,.T.);
#12770=EDGE_CURVE('',#8701,#8702,#1966,.T.);
#12772=EDGE_CURVE('',#8637,#8702,#2210,.T.);
#12774=EDGE_CURVE('',#8637,#8638,#2194,.T.);
#12776=EDGE_CURVE('',#8697,#8638,#2182,.T.);
#12778=EDGE_CURVE('',#8697,#8698,#1970,.T.);
#12780=EDGE_CURVE('',#8641,#8698,#2178,.T.);
#12782=EDGE_CURVE('',#8641,#8642,#2162,.T.);
#12784=EDGE_CURVE('',#8693,#8642,#2150,.T.);
#12786=EDGE_CURVE('',#8693,#8694,#1974,.T.);
#12788=EDGE_CURVE('',#8645,#8694,#2126,.T.);
#12790=EDGE_CURVE('',#8645,#8646,#2142,.T.);
#12792=EDGE_CURVE('',#8706,#8646,#2130,.T.);
#12794=EDGE_CURVE('',#8706,#8753,#1978,.T.);
#12804=EDGE_CURVE('',#8741,#8742,#1990,.T.);
#12806=EDGE_CURVE('',#8742,#8673,#1982,.T.);
#12821=EDGE_CURVE('',#8720,#8742,#1998,.T.);
#12832=EDGE_CURVE('',#8713,#8669,#2014,.T.);
#12834=EDGE_CURVE('',#8669,#8674,#2002,.T.);
#12848=EDGE_CURVE('',#8670,#8714,#2006,.T.);
#12850=EDGE_CURVE('',#8669,#8670,#2010,.T.);
#12862=EDGE_CURVE('',#8722,#8745,#2034,.T.);
#12864=EDGE_CURVE('',#8745,#8678,#2018,.T.);
#12867=EDGE_CURVE('',#8670,#8676,#5554,.T.);
#12878=EDGE_CURVE('',#8737,#8738,#2022,.T.);
#12880=EDGE_CURVE('',#8738,#8746,#2026,.T.);
#12882=EDGE_CURVE('',#8745,#8746,#2030,.T.);
#12886=EDGE_CURVE('',#8118,#8125,#2242,.T.);
#12889=EDGE_CURVE('',#8132,#8737,#2042,.T.);
#12900=EDGE_CURVE('',#8737,#8790,#2098,.T.);
#12902=EDGE_CURVE('',#8790,#8589,#2046,.T.);
#12904=EDGE_CURVE('',#8589,#8590,#2050,.T.);
#12907=EDGE_CURVE('',#8665,#8738,#2058,.T.);
#12917=EDGE_CURVE('',#8778,#8694,#2062,.T.);
#12920=EDGE_CURVE('',#8693,#8781,#2066,.T.);
#12922=EDGE_CURVE('',#8781,#8782,#2070,.T.);
#12924=EDGE_CURVE('',#8782,#8698,#2074,.T.);
#12927=EDGE_CURVE('',#8697,#8785,#2078,.T.);
#12929=EDGE_CURVE('',#8785,#8786,#2082,.T.);
#12931=EDGE_CURVE('',#8786,#8702,#2086,.T.);
#12934=EDGE_CURVE('',#8701,#8789,#2090,.T.);
#12936=EDGE_CURVE('',#8789,#8790,#2094,.T.);
#12941=EDGE_CURVE('',#8130,#8144,#2102,.T.);
#12945=EDGE_CURVE('',#8706,#8777,#2110,.T.);
#12947=EDGE_CURVE('',#8777,#8778,#2114,.T.);
#12958=EDGE_CURVE('',#8778,#8617,#2118,.T.);
#12960=EDGE_CURVE('',#8617,#8645,#2122,.T.);
#12972=EDGE_CURVE('',#8618,#8777,#2134,.T.);
#12974=EDGE_CURVE('',#8617,#8618,#2146,.T.);
#12987=EDGE_CURVE('',#8618,#8646,#2138,.T.);
#13012=EDGE_CURVE('',#8614,#8642,#2158,.T.);
#13014=EDGE_CURVE('',#8614,#8781,#2154,.T.);
#13026=EDGE_CURVE('',#8613,#8641,#2174,.T.);
#13028=EDGE_CURVE('',#8613,#8614,#2166,.T.);
#13039=EDGE_CURVE('',#8782,#8613,#2170,.T.);
#13065=EDGE_CURVE('',#8610,#8638,#2190,.T.);
#13067=EDGE_CURVE('',#8610,#8785,#2186,.T.);
#13079=EDGE_CURVE('',#8609,#8637,#2206,.T.);
#13081=EDGE_CURVE('',#8609,#8610,#2198,.T.);
#13092=EDGE_CURVE('',#8786,#8609,#2202,.T.);
#13118=EDGE_CURVE('',#8606,#8634,#2222,.T.);
#13120=EDGE_CURVE('',#8606,#8789,#2218,.T.);
#13133=EDGE_CURVE('',#8589,#8606,#2230,.T.);
#13170=EDGE_CURVE('',#8666,#8746,#2234,.T.);
#13194=EDGE_CURVE('',#8126,#8113,#2246,.T.);
#13196=EDGE_CURVE('',#8113,#8114,#2466,.T.);
#13198=EDGE_CURVE('',#8114,#8120,#5502,.T.);
#13200=EDGE_CURVE('',#8120,#8122,#5510,.T.);
#13202=EDGE_CURVE('',#8122,#8117,#5518,.T.);
#13213=EDGE_CURVE('',#8725,#8726,#2250,.T.);
#13215=EDGE_CURVE('',#8135,#8725,#2254,.T.);
#13217=EDGE_CURVE('',#8135,#8113,#2258,.T.);
#13221=EDGE_CURVE('',#8718,#8733,#2262,.T.);
#13223=EDGE_CURVE('',#8733,#8734,#2266,.T.);
#13225=EDGE_CURVE('',#8726,#8734,#2270,.T.);
#13236=EDGE_CURVE('',#8661,#8726,#2282,.T.);
#13239=EDGE_CURVE('',#8585,#8586,#2306,.T.);
#13241=EDGE_CURVE('',#8585,#8774,#2278,.T.);
#13243=EDGE_CURVE('',#8725,#8774,#2342,.T.);
#13254=EDGE_CURVE('',#8662,#8734,#2294,.T.);
#13267=EDGE_CURVE('',#8733,#8653,#2286,.T.);
#13281=EDGE_CURVE('',#8649,#8654,#2298,.T.);
#13306=EDGE_CURVE('',#8592,#8620,#2314,.T.);
#13308=EDGE_CURVE('',#8585,#8592,#5522,.T.);
#13320=EDGE_CURVE('',#8773,#8689,#2350,.T.);
#13322=EDGE_CURVE('',#8773,#8592,#2310,.T.);
#13334=EDGE_CURVE('',#8765,#8681,#2322,.T.);
#13337=EDGE_CURVE('',#8682,#8762,#2326,.T.);
#13339=EDGE_CURVE('',#8761,#8762,#2330,.T.);
#13341=EDGE_CURVE('',#8761,#8704,#2334,.T.);
#13345=EDGE_CURVE('',#8136,#8146,#2430,.T.);
#13347=EDGE_CURVE('',#8135,#8136,#2470,.T.);
#13351=EDGE_CURVE('',#8773,#8774,#2346,.T.);
#13355=EDGE_CURVE('',#8690,#8770,#2354,.T.);
#13357=EDGE_CURVE('',#8769,#8770,#2358,.T.);
#13359=EDGE_CURVE('',#8769,#8685,#2362,.T.);
#13362=EDGE_CURVE('',#8686,#8766,#2366,.T.);
#13364=EDGE_CURVE('',#8765,#8766,#2370,.T.);
#13375=EDGE_CURVE('',#8765,#8600,#2374,.T.);
#13377=EDGE_CURVE('',#8600,#8628,#2378,.T.);
#13389=EDGE_CURVE('',#8599,#8766,#2394,.T.);
#13391=EDGE_CURVE('',#8599,#8600,#2386,.T.);
#13404=EDGE_CURVE('',#8599,#8627,#2398,.T.);
#13429=EDGE_CURVE('',#8603,#8631,#2410,.T.);
#13431=EDGE_CURVE('',#8603,#8762,#2406,.T.);
#13443=EDGE_CURVE('',#8604,#8632,#2418,.T.);
#13445=EDGE_CURVE('',#8603,#8604,#2426,.T.);
#13456=EDGE_CURVE('',#8761,#8604,#2414,.T.);
#13480=EDGE_CURVE('',#8138,#8136,#2474,.T.);
#13493=EDGE_CURVE('',#8423,#8429,#2434,.T.);
#13495=EDGE_CURVE('',#8208,#8429,#2438,.T.);
#13498=EDGE_CURVE('',#8187,#8188,#2446,.T.);
#13500=EDGE_CURVE('',#8188,#8190,#2450,.T.);
#13502=EDGE_CURVE('',#8176,#8190,#5050,.T.);
#13504=EDGE_CURVE('',#8175,#8176,#2454,.T.);
#13506=EDGE_CURVE('',#8175,#8168,#2458,.T.);
#13509=EDGE_CURVE('',#8114,#8105,#2462,.T.);
#13516=EDGE_CURVE('',#8423,#8148,#2482,.T.);
#13526=EDGE_CURVE('',#8423,#8424,#2486,.T.);
#13528=EDGE_CURVE('',#8430,#8424,#2498,.T.);
#13530=EDGE_CURVE('',#8429,#8430,#2502,.T.);
#13544=EDGE_CURVE('',#8424,#8426,#2494,.T.);
#13556=EDGE_CURVE('',#8430,#8432,#2506,.T.);
#13581=EDGE_CURVE('',#8198,#8202,#2522,.T.);
#13583=EDGE_CURVE('',#8188,#8202,#5114,.T.);
#13593=EDGE_CURVE('',#8957,#8958,#2514,.T.);
#13595=EDGE_CURVE('',#8962,#8958,#5206,.T.);
#13597=EDGE_CURVE('',#8961,#8962,#2518,.T.);
#13599=EDGE_CURVE('',#8202,#8961,#5118,.T.);
#13603=EDGE_CURVE('',#8204,#8200,#2530,.T.);
#13605=EDGE_CURVE('',#8957,#8204,#2598,.T.);
#13616=EDGE_CURVE('',#8912,#8957,#2534,.T.);
#13618=EDGE_CURVE('',#8840,#8912,#2682,.T.);
#13620=EDGE_CURVE('',#8839,#8840,#2538,.T.);
#13622=EDGE_CURVE('',#8890,#8839,#2662,.T.);
#13624=EDGE_CURVE('',#8889,#8890,#2542,.T.);
#13626=EDGE_CURVE('',#8836,#8889,#2642,.T.);
#13628=EDGE_CURVE('',#8835,#8836,#2546,.T.);
#13630=EDGE_CURVE('',#8894,#8835,#2650,.T.);
#13632=EDGE_CURVE('',#8893,#8894,#2550,.T.);
#13634=EDGE_CURVE('',#8832,#8893,#5494,.T.);
#13636=EDGE_CURVE('',#8831,#8832,#2554,.T.);
#13638=EDGE_CURVE('',#8898,#8831,#5474,.T.);
#13640=EDGE_CURVE('',#8897,#8898,#2558,.T.);
#13642=EDGE_CURVE('',#8828,#8897,#5306,.T.);
#13644=EDGE_CURVE('',#8794,#8828,#2562,.T.);
#13646=EDGE_CURVE('',#8794,#8869,#5282,.T.);
#13648=EDGE_CURVE('',#8869,#8870,#2566,.T.);
#13650=EDGE_CURVE('',#8861,#8870,#5250,.T.);
#13652=EDGE_CURVE('',#8861,#8862,#2570,.T.);
#13654=EDGE_CURVE('',#8862,#8864,#2574,.T.);
#13656=EDGE_CURVE('',#8864,#8866,#2578,.T.);
#13658=EDGE_CURVE('',#8964,#8866,#5210,.T.);
#13660=EDGE_CURVE('',#8964,#8958,#5182,.T.);
#13670=EDGE_CURVE('',#8973,#8889,#2582,.T.);
#13673=EDGE_CURVE('',#8890,#8970,#2586,.T.);
#13675=EDGE_CURVE('',#8969,#8970,#2590,.T.);
#13677=EDGE_CURVE('',#8969,#8912,#2594,.T.);
#13681=EDGE_CURVE('',#8194,#8204,#2690,.T.);
#13683=EDGE_CURVE('',#8193,#8194,#2730,.T.);
#13685=EDGE_CURVE('',#8193,#8933,#5262,.T.);
#13687=EDGE_CURVE('',#8933,#8982,#2602,.T.);
#13689=EDGE_CURVE('',#8981,#8982,#2606,.T.);
#13691=EDGE_CURVE('',#8981,#8897,#2610,.T.);
#13694=EDGE_CURVE('',#8898,#8978,#2614,.T.);
#13696=EDGE_CURVE('',#8977,#8978,#2618,.T.);
#13698=EDGE_CURVE('',#8977,#8893,#2622,.T.);
#13701=EDGE_CURVE('',#8894,#8974,#2626,.T.);
#13703=EDGE_CURVE('',#8973,#8974,#2630,.T.);
#13714=EDGE_CURVE('',#8973,#8808,#2634,.T.);
#13716=EDGE_CURVE('',#8808,#8836,#2638,.T.);
#13728=EDGE_CURVE('',#8807,#8974,#2654,.T.);
#13730=EDGE_CURVE('',#8807,#8808,#2646,.T.);
#13743=EDGE_CURVE('',#8807,#8835,#2658,.T.);
#13768=EDGE_CURVE('',#8811,#8839,#2670,.T.);
#13770=EDGE_CURVE('',#8811,#8970,#2666,.T.);
#13782=EDGE_CURVE('',#8812,#8840,#2678,.T.);
#13784=EDGE_CURVE('',#8811,#8812,#2686,.T.);
#13795=EDGE_CURVE('',#8969,#8812,#2674,.T.);
#13819=EDGE_CURVE('',#8196,#8194,#2734,.T.);
#13832=EDGE_CURVE('',#8435,#8441,#2694,.T.);
#13834=EDGE_CURVE('',#8260,#8441,#2698,.T.);
#13837=EDGE_CURVE('',#8239,#8240,#2706,.T.);
#13839=EDGE_CURVE('',#8240,#8242,#2710,.T.);
#13841=EDGE_CURVE('',#8228,#8242,#4566,.T.);
#13843=EDGE_CURVE('',#8227,#8228,#2714,.T.);
#13845=EDGE_CURVE('',#8227,#8220,#2718,.T.);
#13848=EDGE_CURVE('',#8172,#8163,#2722,.T.);
#13850=EDGE_CURVE('',#8171,#8172,#2726,.T.);
#13852=EDGE_CURVE('',#8193,#8171,#5266,.T.);
#13857=EDGE_CURVE('',#8435,#8206,#2742,.T.);
#13867=EDGE_CURVE('',#8435,#8436,#2746,.T.);
#13869=EDGE_CURVE('',#8442,#8436,#2758,.T.);
#13871=EDGE_CURVE('',#8441,#8442,#2762,.T.);
#13885=EDGE_CURVE('',#8436,#8438,#2754,.T.);
#13897=EDGE_CURVE('',#8442,#8444,#2766,.T.);
#13922=EDGE_CURVE('',#8250,#8254,#2782,.T.);
#13924=EDGE_CURVE('',#8240,#8254,#4630,.T.);
#13934=EDGE_CURVE('',#9165,#9166,#2774,.T.);
#13936=EDGE_CURVE('',#9170,#9166,#4722,.T.);
#13938=EDGE_CURVE('',#9169,#9170,#2778,.T.);
#13940=EDGE_CURVE('',#8254,#9169,#4634,.T.);
#13944=EDGE_CURVE('',#8256,#8252,#2790,.T.);
#13946=EDGE_CURVE('',#9165,#8256,#2858,.T.);
#13957=EDGE_CURVE('',#9120,#9165,#2794,.T.);
#13959=EDGE_CURVE('',#9048,#9120,#2942,.T.);
#13961=EDGE_CURVE('',#9047,#9048,#2798,.T.);
#13963=EDGE_CURVE('',#9098,#9047,#2922,.T.);
#13965=EDGE_CURVE('',#9097,#9098,#2802,.T.);
#13967=EDGE_CURVE('',#9044,#9097,#2902,.T.);
#13969=EDGE_CURVE('',#9043,#9044,#2806,.T.);
#13971=EDGE_CURVE('',#9102,#9043,#2910,.T.);
#13973=EDGE_CURVE('',#9101,#9102,#2810,.T.);
#13975=EDGE_CURVE('',#9040,#9101,#5010,.T.);
#13977=EDGE_CURVE('',#9039,#9040,#2814,.T.);
#13979=EDGE_CURVE('',#9106,#9039,#4990,.T.);
#13981=EDGE_CURVE('',#9105,#9106,#2818,.T.);
#13983=EDGE_CURVE('',#9036,#9105,#4822,.T.);
#13985=EDGE_CURVE('',#9002,#9036,#2822,.T.);
#13987=EDGE_CURVE('',#9002,#9077,#4798,.T.);
#13989=EDGE_CURVE('',#9077,#9078,#2826,.T.);
#13991=EDGE_CURVE('',#9069,#9078,#4766,.T.);
#13993=EDGE_CURVE('',#9069,#9070,#2830,.T.);
#13995=EDGE_CURVE('',#9070,#9072,#2834,.T.);
#13997=EDGE_CURVE('',#9072,#9074,#2838,.T.);
#13999=EDGE_CURVE('',#9172,#9074,#4726,.T.);
#14001=EDGE_CURVE('',#9172,#9166,#4698,.T.);
#14011=EDGE_CURVE('',#9181,#9097,#2842,.T.);
#14014=EDGE_CURVE('',#9098,#9178,#2846,.T.);
#14016=EDGE_CURVE('',#9177,#9178,#2850,.T.);
#14018=EDGE_CURVE('',#9177,#9120,#2854,.T.);
#14022=EDGE_CURVE('',#8246,#8256,#2950,.T.);
#14024=EDGE_CURVE('',#8245,#8246,#2990,.T.);
#14026=EDGE_CURVE('',#8245,#9141,#4778,.T.);
#14028=EDGE_CURVE('',#9141,#9190,#2862,.T.);
#14030=EDGE_CURVE('',#9189,#9190,#2866,.T.);
#14032=EDGE_CURVE('',#9189,#9105,#2870,.T.);
#14035=EDGE_CURVE('',#9106,#9186,#2874,.T.);
#14037=EDGE_CURVE('',#9185,#9186,#2878,.T.);
#14039=EDGE_CURVE('',#9185,#9101,#2882,.T.);
#14042=EDGE_CURVE('',#9102,#9182,#2886,.T.);
#14044=EDGE_CURVE('',#9181,#9182,#2890,.T.);
#14055=EDGE_CURVE('',#9181,#9016,#2894,.T.);
#14057=EDGE_CURVE('',#9016,#9044,#2898,.T.);
#14069=EDGE_CURVE('',#9015,#9182,#2914,.T.);
#14071=EDGE_CURVE('',#9015,#9016,#2906,.T.);
#14084=EDGE_CURVE('',#9015,#9043,#2918,.T.);
#14109=EDGE_CURVE('',#9019,#9047,#2930,.T.);
#14111=EDGE_CURVE('',#9019,#9178,#2926,.T.);
#14123=EDGE_CURVE('',#9020,#9048,#2938,.T.);
#14125=EDGE_CURVE('',#9019,#9020,#2946,.T.);
#14136=EDGE_CURVE('',#9177,#9020,#2934,.T.);
#14160=EDGE_CURVE('',#8248,#8246,#2994,.T.);
#14173=EDGE_CURVE('',#8447,#8453,#2954,.T.);
#14175=EDGE_CURVE('',#8312,#8453,#2958,.T.);
#14178=EDGE_CURVE('',#8291,#8292,#2966,.T.);
#14180=EDGE_CURVE('',#8292,#8294,#2970,.T.);
#14182=EDGE_CURVE('',#8280,#8294,#4082,.T.);
#14184=EDGE_CURVE('',#8279,#8280,#2974,.T.);
#14186=EDGE_CURVE('',#8279,#8272,#2978,.T.);
#14189=EDGE_CURVE('',#8224,#8215,#2982,.T.);
#14191=EDGE_CURVE('',#8223,#8224,#2986,.T.);
#14193=EDGE_CURVE('',#8245,#8223,#4782,.T.);
#14198=EDGE_CURVE('',#8447,#8258,#3002,.T.);
#14208=EDGE_CURVE('',#8447,#8448,#3006,.T.);
#14210=EDGE_CURVE('',#8454,#8448,#3018,.T.);
#14212=EDGE_CURVE('',#8453,#8454,#3022,.T.);
#14226=EDGE_CURVE('',#8448,#8450,#3014,.T.);
#14238=EDGE_CURVE('',#8454,#8456,#3026,.T.);
#14263=EDGE_CURVE('',#8302,#8306,#3042,.T.);
#14265=EDGE_CURVE('',#8292,#8306,#4146,.T.);
#14275=EDGE_CURVE('',#9373,#9374,#3034,.T.);
#14277=EDGE_CURVE('',#9378,#9374,#4238,.T.);
#14279=EDGE_CURVE('',#9377,#9378,#3038,.T.);
#14281=EDGE_CURVE('',#8306,#9377,#4150,.T.);
#14285=EDGE_CURVE('',#8308,#8304,#3050,.T.);
#14287=EDGE_CURVE('',#9373,#8308,#3118,.T.);
#14298=EDGE_CURVE('',#9328,#9373,#3054,.T.);
#14300=EDGE_CURVE('',#9256,#9328,#3202,.T.);
#14302=EDGE_CURVE('',#9255,#9256,#3058,.T.);
#14304=EDGE_CURVE('',#9306,#9255,#3182,.T.);
#14306=EDGE_CURVE('',#9305,#9306,#3062,.T.);
#14308=EDGE_CURVE('',#9252,#9305,#3162,.T.);
#14310=EDGE_CURVE('',#9251,#9252,#3066,.T.);
#14312=EDGE_CURVE('',#9310,#9251,#3170,.T.);
#14314=EDGE_CURVE('',#9309,#9310,#3070,.T.);
#14316=EDGE_CURVE('',#9248,#9309,#4526,.T.);
#14318=EDGE_CURVE('',#9247,#9248,#3074,.T.);
#14320=EDGE_CURVE('',#9314,#9247,#4506,.T.);
#14322=EDGE_CURVE('',#9313,#9314,#3078,.T.);
#14324=EDGE_CURVE('',#9244,#9313,#4338,.T.);
#14326=EDGE_CURVE('',#9210,#9244,#3082,.T.);
#14328=EDGE_CURVE('',#9210,#9285,#4314,.T.);
#14330=EDGE_CURVE('',#9285,#9286,#3086,.T.);
#14332=EDGE_CURVE('',#9277,#9286,#4282,.T.);
#14334=EDGE_CURVE('',#9277,#9278,#3090,.T.);
#14336=EDGE_CURVE('',#9278,#9280,#3094,.T.);
#14338=EDGE_CURVE('',#9280,#9282,#3098,.T.);
#14340=EDGE_CURVE('',#9380,#9282,#4242,.T.);
#14342=EDGE_CURVE('',#9380,#9374,#4214,.T.);
#14352=EDGE_CURVE('',#9389,#9305,#3102,.T.);
#14355=EDGE_CURVE('',#9306,#9386,#3106,.T.);
#14357=EDGE_CURVE('',#9385,#9386,#3110,.T.);
#14359=EDGE_CURVE('',#9385,#9328,#3114,.T.);
#14363=EDGE_CURVE('',#8298,#8308,#3210,.T.);
#14365=EDGE_CURVE('',#8297,#8298,#3250,.T.);
#14367=EDGE_CURVE('',#8297,#9349,#4294,.T.);
#14369=EDGE_CURVE('',#9349,#9398,#3122,.T.);
#14371=EDGE_CURVE('',#9397,#9398,#3126,.T.);
#14373=EDGE_CURVE('',#9397,#9313,#3130,.T.);
#14376=EDGE_CURVE('',#9314,#9394,#3134,.T.);
#14378=EDGE_CURVE('',#9393,#9394,#3138,.T.);
#14380=EDGE_CURVE('',#9393,#9309,#3142,.T.);
#14383=EDGE_CURVE('',#9310,#9390,#3146,.T.);
#14385=EDGE_CURVE('',#9389,#9390,#3150,.T.);
#14396=EDGE_CURVE('',#9389,#9224,#3154,.T.);
#14398=EDGE_CURVE('',#9224,#9252,#3158,.T.);
#14410=EDGE_CURVE('',#9223,#9390,#3174,.T.);
#14412=EDGE_CURVE('',#9223,#9224,#3166,.T.);
#14425=EDGE_CURVE('',#9223,#9251,#3178,.T.);
#14450=EDGE_CURVE('',#9227,#9255,#3190,.T.);
#14452=EDGE_CURVE('',#9227,#9386,#3186,.T.);
#14464=EDGE_CURVE('',#9228,#9256,#3198,.T.);
#14466=EDGE_CURVE('',#9227,#9228,#3206,.T.);
#14477=EDGE_CURVE('',#9385,#9228,#3194,.T.);
#14501=EDGE_CURVE('',#8300,#8298,#3254,.T.);
#14514=EDGE_CURVE('',#8459,#8465,#3214,.T.);
#14516=EDGE_CURVE('',#8364,#8465,#3218,.T.);
#14519=EDGE_CURVE('',#8343,#8344,#3226,.T.);
#14521=EDGE_CURVE('',#8344,#8346,#3230,.T.);
#14523=EDGE_CURVE('',#8332,#8346,#3598,.T.);
#14525=EDGE_CURVE('',#8331,#8332,#3234,.T.);
#14527=EDGE_CURVE('',#8331,#8324,#3238,.T.);
#14530=EDGE_CURVE('',#8276,#8267,#3242,.T.);
#14532=EDGE_CURVE('',#8275,#8276,#3246,.T.);
#14534=EDGE_CURVE('',#8297,#8275,#4298,.T.);
#14539=EDGE_CURVE('',#8459,#8310,#3262,.T.);
#14549=EDGE_CURVE('',#8459,#8460,#3266,.T.);
#14551=EDGE_CURVE('',#8466,#8460,#3278,.T.);
#14553=EDGE_CURVE('',#8465,#8466,#3282,.T.);
#14567=EDGE_CURVE('',#8460,#8462,#3274,.T.);
#14579=EDGE_CURVE('',#8466,#8468,#3286,.T.);
#14604=EDGE_CURVE('',#8354,#8358,#3302,.T.);
#14606=EDGE_CURVE('',#8344,#8358,#3662,.T.);
#14616=EDGE_CURVE('',#9581,#9582,#3294,.T.);
#14618=EDGE_CURVE('',#9586,#9582,#3754,.T.);
#14620=EDGE_CURVE('',#9585,#9586,#3298,.T.);
#14622=EDGE_CURVE('',#8358,#9585,#3666,.T.);
#14626=EDGE_CURVE('',#8360,#8356,#3310,.T.);
#14628=EDGE_CURVE('',#9581,#8360,#3378,.T.);
#14639=EDGE_CURVE('',#9536,#9581,#3314,.T.);
#14641=EDGE_CURVE('',#9464,#9536,#3462,.T.);
#14643=EDGE_CURVE('',#9463,#9464,#3318,.T.);
#14645=EDGE_CURVE('',#9514,#9463,#3442,.T.);
#14647=EDGE_CURVE('',#9513,#9514,#3322,.T.);
#14649=EDGE_CURVE('',#9460,#9513,#3422,.T.);
#14651=EDGE_CURVE('',#9459,#9460,#3326,.T.);
#14653=EDGE_CURVE('',#9518,#9459,#3430,.T.);
#14655=EDGE_CURVE('',#9517,#9518,#3330,.T.);
#14657=EDGE_CURVE('',#9456,#9517,#4042,.T.);
#14659=EDGE_CURVE('',#9455,#9456,#3334,.T.);
#14661=EDGE_CURVE('',#9522,#9455,#4022,.T.);
#14663=EDGE_CURVE('',#9521,#9522,#3338,.T.);
#14665=EDGE_CURVE('',#9452,#9521,#3854,.T.);
#14667=EDGE_CURVE('',#9418,#9452,#3342,.T.);
#14669=EDGE_CURVE('',#9418,#9493,#3830,.T.);
#14671=EDGE_CURVE('',#9493,#9494,#3346,.T.);
#14673=EDGE_CURVE('',#9485,#9494,#3798,.T.);
#14675=EDGE_CURVE('',#9485,#9486,#3350,.T.);
#14677=EDGE_CURVE('',#9486,#9488,#3354,.T.);
#14679=EDGE_CURVE('',#9488,#9490,#3358,.T.);
#14681=EDGE_CURVE('',#9588,#9490,#3758,.T.);
#14683=EDGE_CURVE('',#9588,#9582,#3730,.T.);
#14693=EDGE_CURVE('',#9597,#9513,#3362,.T.);
#14696=EDGE_CURVE('',#9514,#9594,#3366,.T.);
#14698=EDGE_CURVE('',#9593,#9594,#3370,.T.);
#14700=EDGE_CURVE('',#9593,#9536,#3374,.T.);
#14704=EDGE_CURVE('',#8350,#8360,#3470,.T.);
#14706=EDGE_CURVE('',#8349,#8350,#3510,.T.);
#14708=EDGE_CURVE('',#8349,#9557,#3810,.T.);
#14710=EDGE_CURVE('',#9557,#9606,#3382,.T.);
#14712=EDGE_CURVE('',#9605,#9606,#3386,.T.);
#14714=EDGE_CURVE('',#9605,#9521,#3390,.T.);
#14717=EDGE_CURVE('',#9522,#9602,#3394,.T.);
#14719=EDGE_CURVE('',#9601,#9602,#3398,.T.);
#14721=EDGE_CURVE('',#9601,#9517,#3402,.T.);
#14724=EDGE_CURVE('',#9518,#9598,#3406,.T.);
#14726=EDGE_CURVE('',#9597,#9598,#3410,.T.);
#14737=EDGE_CURVE('',#9597,#9432,#3414,.T.);
#14739=EDGE_CURVE('',#9432,#9460,#3418,.T.);
#14751=EDGE_CURVE('',#9431,#9598,#3434,.T.);
#14753=EDGE_CURVE('',#9431,#9432,#3426,.T.);
#14766=EDGE_CURVE('',#9431,#9459,#3438,.T.);
#14791=EDGE_CURVE('',#9435,#9463,#3450,.T.);
#14793=EDGE_CURVE('',#9435,#9594,#3446,.T.);
#14805=EDGE_CURVE('',#9436,#9464,#3458,.T.);
#14807=EDGE_CURVE('',#9435,#9436,#3466,.T.);
#14818=EDGE_CURVE('',#9593,#9436,#3454,.T.);
#14842=EDGE_CURVE('',#8352,#8350,#3514,.T.);
#14855=EDGE_CURVE('',#8471,#8477,#3474,.T.);
#14857=EDGE_CURVE('',#8416,#8477,#3478,.T.);
#14860=EDGE_CURVE('',#8395,#8396,#3486,.T.);
#14865=EDGE_CURVE('',#8383,#8376,#3498,.T.);
#14868=EDGE_CURVE('',#8328,#8319,#3502,.T.);
#14870=EDGE_CURVE('',#8327,#8328,#3506,.T.);
#14872=EDGE_CURVE('',#8349,#8327,#3814,.T.);
#14877=EDGE_CURVE('',#8471,#8362,#3522,.T.);
#14887=EDGE_CURVE('',#8471,#8472,#3526,.T.);
#14889=EDGE_CURVE('',#8478,#8472,#3538,.T.);
#14891=EDGE_CURVE('',#8477,#8478,#3542,.T.);
#14905=EDGE_CURVE('',#8472,#8474,#3534,.T.);
#14917=EDGE_CURVE('',#8478,#8480,#3546,.T.);
#14953=EDGE_CURVE('',#8374,#8388,#3562,.T.);
#14977=EDGE_CURVE('',#8328,#8334,#3566,.T.);
#14981=EDGE_CURVE('',#8320,#8334,#3570,.T.);
#14991=EDGE_CURVE('',#8332,#8339,#3574,.T.);
#14994=EDGE_CURVE('',#8340,#8327,#3578,.T.);
#14998=EDGE_CURVE('',#8334,#8336,#4010,.T.);
#15000=EDGE_CURVE('',#8336,#8331,#4018,.T.);
#15011=EDGE_CURVE('',#9569,#9570,#3582,.T.);
#15013=EDGE_CURVE('',#9570,#9578,#3586,.T.);
#15015=EDGE_CURVE('',#9577,#9578,#3590,.T.);
#15017=EDGE_CURVE('',#9554,#9577,#3594,.T.);
#15022=EDGE_CURVE('',#8346,#9569,#3602,.T.);
#15033=EDGE_CURVE('',#9569,#9622,#3658,.T.);
#15035=EDGE_CURVE('',#9622,#9421,#3606,.T.);
#15037=EDGE_CURVE('',#9421,#9422,#3610,.T.);
#15039=EDGE_CURVE('',#9497,#9422,#3614,.T.);
#15041=EDGE_CURVE('',#9497,#9570,#3618,.T.);
#15051=EDGE_CURVE('',#9610,#9526,#3622,.T.);
#15053=EDGE_CURVE('',#9525,#9526,#3722,.T.);
#15055=EDGE_CURVE('',#9525,#9613,#3626,.T.);
#15057=EDGE_CURVE('',#9613,#9614,#3630,.T.);
#15059=EDGE_CURVE('',#9614,#9530,#3634,.T.);
#15061=EDGE_CURVE('',#9529,#9530,#3718,.T.);
#15063=EDGE_CURVE('',#9529,#9617,#3638,.T.);
#15065=EDGE_CURVE('',#9617,#9618,#3642,.T.);
#15067=EDGE_CURVE('',#9618,#9534,#3646,.T.);
#15069=EDGE_CURVE('',#9533,#9534,#3714,.T.);
#15071=EDGE_CURVE('',#9533,#9621,#3650,.T.);
#15073=EDGE_CURVE('',#9621,#9622,#3654,.T.);
#15080=EDGE_CURVE('',#9538,#9585,#3726,.T.);
#15082=EDGE_CURVE('',#9538,#9609,#3670,.T.);
#15084=EDGE_CURVE('',#9609,#9610,#3674,.T.);
#15095=EDGE_CURVE('',#9610,#9449,#3678,.T.);
#15097=EDGE_CURVE('',#9449,#9477,#3682,.T.);
#15099=EDGE_CURVE('',#9477,#9526,#3686,.T.);
#15110=EDGE_CURVE('',#9450,#9609,#3694,.T.);
#15112=EDGE_CURVE('',#9449,#9450,#4006,.T.);
#15124=EDGE_CURVE('',#9538,#9478,#3690,.T.);
#15126=EDGE_CURVE('',#9450,#9478,#3998,.T.);
#15138=EDGE_CURVE('',#9590,#9586,#3750,.T.);
#15140=EDGE_CURVE('',#9505,#9590,#3878,.T.);
#15142=EDGE_CURVE('',#9505,#9506,#3698,.T.);
#15144=EDGE_CURVE('',#9506,#9508,#3702,.T.);
#15146=EDGE_CURVE('',#9508,#9510,#3706,.T.);
#15148=EDGE_CURVE('',#9498,#9510,#3902,.T.);
#15150=EDGE_CURVE('',#9497,#9498,#3710,.T.);
#15153=EDGE_CURVE('',#9422,#9466,#3918,.T.);
#15155=EDGE_CURVE('',#9533,#9466,#3926,.T.);
#15158=EDGE_CURVE('',#9469,#9534,#3942,.T.);
#15160=EDGE_CURVE('',#9469,#9470,#3958,.T.);
#15162=EDGE_CURVE('',#9529,#9470,#3946,.T.);
#15165=EDGE_CURVE('',#9473,#9530,#3974,.T.);
#15167=EDGE_CURVE('',#9473,#9474,#3990,.T.);
#15169=EDGE_CURVE('',#9525,#9474,#3978,.T.);
#15173=EDGE_CURVE('',#9477,#9478,#4002,.T.);
#15186=EDGE_CURVE('',#9561,#9588,#3734,.T.);
#15188=EDGE_CURVE('',#9561,#8367,#3738,.T.);
#15191=EDGE_CURVE('',#9573,#8368,#3866,.T.);
#15193=EDGE_CURVE('',#9573,#9590,#3746,.T.);
#15205=EDGE_CURVE('',#9561,#9562,#3762,.T.);
#15209=EDGE_CURVE('',#9562,#9490,#3770,.T.);
#15220=EDGE_CURVE('',#9548,#9562,#3766,.T.);
#15236=EDGE_CURVE('',#9482,#9488,#3774,.T.);
#15238=EDGE_CURVE('',#9482,#9541,#3778,.T.);
#15248=EDGE_CURVE('',#9481,#9482,#3782,.T.);
#15252=EDGE_CURVE('',#9481,#9486,#3790,.T.);
#15265=EDGE_CURVE('',#9542,#9481,#3786,.T.);
#15279=EDGE_CURVE('',#9565,#9485,#3794,.T.);
#15281=EDGE_CURVE('',#9550,#9565,#3818,.T.);
#15291=EDGE_CURVE('',#9565,#9566,#3822,.T.);
#15295=EDGE_CURVE('',#9494,#9566,#3802,.T.);
#15305=EDGE_CURVE('',#9557,#9558,#3806,.T.);
#15313=EDGE_CURVE('',#9558,#9566,#3826,.T.);
#15324=EDGE_CURVE('',#9493,#9558,#3838,.T.);
#15327=EDGE_CURVE('',#9417,#9418,#3842,.T.);
#15329=EDGE_CURVE('',#9417,#9606,#3834,.T.);
#15352=EDGE_CURVE('',#9424,#9452,#3850,.T.);
#15354=EDGE_CURVE('',#9417,#9424,#3858,.T.);
#15367=EDGE_CURVE('',#9605,#9424,#3846,.T.);
#15391=EDGE_CURVE('',#9573,#9574,#3862,.T.);
#15395=EDGE_CURVE('',#9552,#9574,#3870,.T.);
#15406=EDGE_CURVE('',#9574,#9505,#3874,.T.);
#15419=EDGE_CURVE('',#9545,#9501,#3894,.T.);
#15421=EDGE_CURVE('',#9501,#9506,#3882,.T.);
#15435=EDGE_CURVE('',#9502,#9546,#3886,.T.);
#15437=EDGE_CURVE('',#9501,#9502,#3890,.T.);
#15450=EDGE_CURVE('',#9577,#9510,#3898,.T.);
#15453=EDGE_CURVE('',#9502,#9508,#3910,.T.);
#15465=EDGE_CURVE('',#9498,#9578,#3906,.T.);
#15501=EDGE_CURVE('',#9438,#9466,#3914,.T.);
#15505=EDGE_CURVE('',#9421,#9438,#3922,.T.);
#15518=EDGE_CURVE('',#9438,#9621,#3930,.T.);
#15541=EDGE_CURVE('',#9618,#9441,#3934,.T.);
#15543=EDGE_CURVE('',#9441,#9469,#3938,.T.);
#15555=EDGE_CURVE('',#9442,#9617,#3950,.T.);
#15557=EDGE_CURVE('',#9441,#9442,#3962,.T.);
#15570=EDGE_CURVE('',#9442,#9470,#3954,.T.);
#15594=EDGE_CURVE('',#9614,#9445,#3966,.T.);
#15596=EDGE_CURVE('',#9445,#9473,#3970,.T.);
#15608=EDGE_CURVE('',#9446,#9613,#3982,.T.);
#15610=EDGE_CURVE('',#9445,#9446,#3994,.T.);
#15623=EDGE_CURVE('',#9446,#9474,#3986,.T.);
#15661=EDGE_CURVE('',#8322,#8336,#4014,.T.);
#15685=EDGE_CURVE('',#9427,#9455,#4030,.T.);
#15687=EDGE_CURVE('',#9427,#9602,#4026,.T.);
#15699=EDGE_CURVE('',#9428,#9456,#4038,.T.);
#15701=EDGE_CURVE('',#9427,#9428,#4046,.T.);
#15712=EDGE_CURVE('',#9601,#9428,#4034,.T.);
#15736=EDGE_CURVE('',#8276,#8282,#4050,.T.);
#15740=EDGE_CURVE('',#8268,#8282,#4054,.T.);
#15750=EDGE_CURVE('',#8280,#8287,#4058,.T.);
#15753=EDGE_CURVE('',#8288,#8275,#4062,.T.);
#15757=EDGE_CURVE('',#8282,#8284,#4494,.T.);
#15759=EDGE_CURVE('',#8284,#8279,#4502,.T.);
#15770=EDGE_CURVE('',#9361,#9362,#4066,.T.);
#15772=EDGE_CURVE('',#9362,#9370,#4070,.T.);
#15774=EDGE_CURVE('',#9369,#9370,#4074,.T.);
#15776=EDGE_CURVE('',#9346,#9369,#4078,.T.);
#15781=EDGE_CURVE('',#8294,#9361,#4086,.T.);
#15792=EDGE_CURVE('',#9361,#9414,#4142,.T.);
#15794=EDGE_CURVE('',#9414,#9213,#4090,.T.);
#15796=EDGE_CURVE('',#9213,#9214,#4094,.T.);
#15798=EDGE_CURVE('',#9289,#9214,#4098,.T.);
#15800=EDGE_CURVE('',#9289,#9362,#4102,.T.);
#15810=EDGE_CURVE('',#9402,#9318,#4106,.T.);
#15812=EDGE_CURVE('',#9317,#9318,#4206,.T.);
#15814=EDGE_CURVE('',#9317,#9405,#4110,.T.);
#15816=EDGE_CURVE('',#9405,#9406,#4114,.T.);
#15818=EDGE_CURVE('',#9406,#9322,#4118,.T.);
#15820=EDGE_CURVE('',#9321,#9322,#4202,.T.);
#15822=EDGE_CURVE('',#9321,#9409,#4122,.T.);
#15824=EDGE_CURVE('',#9409,#9410,#4126,.T.);
#15826=EDGE_CURVE('',#9410,#9326,#4130,.T.);
#15828=EDGE_CURVE('',#9325,#9326,#4198,.T.);
#15830=EDGE_CURVE('',#9325,#9413,#4134,.T.);
#15832=EDGE_CURVE('',#9413,#9414,#4138,.T.);
#15839=EDGE_CURVE('',#9330,#9377,#4210,.T.);
#15841=EDGE_CURVE('',#9330,#9401,#4154,.T.);
#15843=EDGE_CURVE('',#9401,#9402,#4158,.T.);
#15854=EDGE_CURVE('',#9402,#9241,#4162,.T.);
#15856=EDGE_CURVE('',#9241,#9269,#4166,.T.);
#15858=EDGE_CURVE('',#9269,#9318,#4170,.T.);
#15869=EDGE_CURVE('',#9242,#9401,#4178,.T.);
#15871=EDGE_CURVE('',#9241,#9242,#4490,.T.);
#15883=EDGE_CURVE('',#9330,#9270,#4174,.T.);
#15885=EDGE_CURVE('',#9242,#9270,#4482,.T.);
#15897=EDGE_CURVE('',#9382,#9378,#4234,.T.);
#15899=EDGE_CURVE('',#9297,#9382,#4362,.T.);
#15901=EDGE_CURVE('',#9297,#9298,#4182,.T.);
#15903=EDGE_CURVE('',#9298,#9300,#4186,.T.);
#15905=EDGE_CURVE('',#9300,#9302,#4190,.T.);
#15907=EDGE_CURVE('',#9290,#9302,#4386,.T.);
#15909=EDGE_CURVE('',#9289,#9290,#4194,.T.);
#15912=EDGE_CURVE('',#9214,#9258,#4402,.T.);
#15914=EDGE_CURVE('',#9325,#9258,#4410,.T.);
#15917=EDGE_CURVE('',#9261,#9326,#4426,.T.);
#15919=EDGE_CURVE('',#9261,#9262,#4442,.T.);
#15921=EDGE_CURVE('',#9321,#9262,#4430,.T.);
#15924=EDGE_CURVE('',#9265,#9322,#4458,.T.);
#15926=EDGE_CURVE('',#9265,#9266,#4474,.T.);
#15928=EDGE_CURVE('',#9317,#9266,#4462,.T.);
#15932=EDGE_CURVE('',#9269,#9270,#4486,.T.);
#15945=EDGE_CURVE('',#9353,#9380,#4218,.T.);
#15947=EDGE_CURVE('',#9353,#8315,#4222,.T.);
#15950=EDGE_CURVE('',#9365,#8316,#4350,.T.);
#15952=EDGE_CURVE('',#9365,#9382,#4230,.T.);
#15964=EDGE_CURVE('',#9353,#9354,#4246,.T.);
#15968=EDGE_CURVE('',#9354,#9282,#4254,.T.);
#15979=EDGE_CURVE('',#9340,#9354,#4250,.T.);
#15995=EDGE_CURVE('',#9274,#9280,#4258,.T.);
#15997=EDGE_CURVE('',#9274,#9333,#4262,.T.);
#16007=EDGE_CURVE('',#9273,#9274,#4266,.T.);
#16011=EDGE_CURVE('',#9273,#9278,#4274,.T.);
#16024=EDGE_CURVE('',#9334,#9273,#4270,.T.);
#16038=EDGE_CURVE('',#9357,#9277,#4278,.T.);
#16040=EDGE_CURVE('',#9342,#9357,#4302,.T.);
#16050=EDGE_CURVE('',#9357,#9358,#4306,.T.);
#16054=EDGE_CURVE('',#9286,#9358,#4286,.T.);
#16064=EDGE_CURVE('',#9349,#9350,#4290,.T.);
#16072=EDGE_CURVE('',#9350,#9358,#4310,.T.);
#16083=EDGE_CURVE('',#9285,#9350,#4322,.T.);
#16086=EDGE_CURVE('',#9209,#9210,#4326,.T.);
#16088=EDGE_CURVE('',#9209,#9398,#4318,.T.);
#16111=EDGE_CURVE('',#9216,#9244,#4334,.T.);
#16113=EDGE_CURVE('',#9209,#9216,#4342,.T.);
#16126=EDGE_CURVE('',#9397,#9216,#4330,.T.);
#16150=EDGE_CURVE('',#9365,#9366,#4346,.T.);
#16154=EDGE_CURVE('',#9344,#9366,#4354,.T.);
#16165=EDGE_CURVE('',#9366,#9297,#4358,.T.);
#16178=EDGE_CURVE('',#9337,#9293,#4378,.T.);
#16180=EDGE_CURVE('',#9293,#9298,#4366,.T.);
#16194=EDGE_CURVE('',#9294,#9338,#4370,.T.);
#16196=EDGE_CURVE('',#9293,#9294,#4374,.T.);
#16209=EDGE_CURVE('',#9369,#9302,#4382,.T.);
#16212=EDGE_CURVE('',#9294,#9300,#4394,.T.);
#16224=EDGE_CURVE('',#9290,#9370,#4390,.T.);
#16260=EDGE_CURVE('',#9230,#9258,#4398,.T.);
#16264=EDGE_CURVE('',#9213,#9230,#4406,.T.);
#16277=EDGE_CURVE('',#9230,#9413,#4414,.T.);
#16300=EDGE_CURVE('',#9410,#9233,#4418,.T.);
#16302=EDGE_CURVE('',#9233,#9261,#4422,.T.);
#16314=EDGE_CURVE('',#9234,#9409,#4434,.T.);
#16316=EDGE_CURVE('',#9233,#9234,#4446,.T.);
#16329=EDGE_CURVE('',#9234,#9262,#4438,.T.);
#16353=EDGE_CURVE('',#9406,#9237,#4450,.T.);
#16355=EDGE_CURVE('',#9237,#9265,#4454,.T.);
#16367=EDGE_CURVE('',#9238,#9405,#4466,.T.);
#16369=EDGE_CURVE('',#9237,#9238,#4478,.T.);
#16382=EDGE_CURVE('',#9238,#9266,#4470,.T.);
#16420=EDGE_CURVE('',#8270,#8284,#4498,.T.);
#16444=EDGE_CURVE('',#9219,#9247,#4514,.T.);
#16446=EDGE_CURVE('',#9219,#9394,#4510,.T.);
#16458=EDGE_CURVE('',#9220,#9248,#4522,.T.);
#16460=EDGE_CURVE('',#9219,#9220,#4530,.T.);
#16471=EDGE_CURVE('',#9393,#9220,#4518,.T.);
#16495=EDGE_CURVE('',#8224,#8230,#4534,.T.);
#16499=EDGE_CURVE('',#8216,#8230,#4538,.T.);
#16509=EDGE_CURVE('',#8228,#8235,#4542,.T.);
#16512=EDGE_CURVE('',#8236,#8223,#4546,.T.);
#16516=EDGE_CURVE('',#8230,#8232,#4978,.T.);
#16518=EDGE_CURVE('',#8232,#8227,#4986,.T.);
#16529=EDGE_CURVE('',#9153,#9154,#4550,.T.);
#16531=EDGE_CURVE('',#9154,#9162,#4554,.T.);
#16533=EDGE_CURVE('',#9161,#9162,#4558,.T.);
#16535=EDGE_CURVE('',#9138,#9161,#4562,.T.);
#16540=EDGE_CURVE('',#8242,#9153,#4570,.T.);
#16551=EDGE_CURVE('',#9153,#9206,#4626,.T.);
#16553=EDGE_CURVE('',#9206,#9005,#4574,.T.);
#16555=EDGE_CURVE('',#9005,#9006,#4578,.T.);
#16557=EDGE_CURVE('',#9081,#9006,#4582,.T.);
#16559=EDGE_CURVE('',#9081,#9154,#4586,.T.);
#16569=EDGE_CURVE('',#9194,#9110,#4590,.T.);
#16571=EDGE_CURVE('',#9109,#9110,#4690,.T.);
#16573=EDGE_CURVE('',#9109,#9197,#4594,.T.);
#16575=EDGE_CURVE('',#9197,#9198,#4598,.T.);
#16577=EDGE_CURVE('',#9198,#9114,#4602,.T.);
#16579=EDGE_CURVE('',#9113,#9114,#4686,.T.);
#16581=EDGE_CURVE('',#9113,#9201,#4606,.T.);
#16583=EDGE_CURVE('',#9201,#9202,#4610,.T.);
#16585=EDGE_CURVE('',#9202,#9118,#4614,.T.);
#16587=EDGE_CURVE('',#9117,#9118,#4682,.T.);
#16589=EDGE_CURVE('',#9117,#9205,#4618,.T.);
#16591=EDGE_CURVE('',#9205,#9206,#4622,.T.);
#16598=EDGE_CURVE('',#9122,#9169,#4694,.T.);
#16600=EDGE_CURVE('',#9122,#9193,#4638,.T.);
#16602=EDGE_CURVE('',#9193,#9194,#4642,.T.);
#16613=EDGE_CURVE('',#9194,#9033,#4646,.T.);
#16615=EDGE_CURVE('',#9033,#9061,#4650,.T.);
#16617=EDGE_CURVE('',#9061,#9110,#4654,.T.);
#16628=EDGE_CURVE('',#9034,#9193,#4662,.T.);
#16630=EDGE_CURVE('',#9033,#9034,#4974,.T.);
#16642=EDGE_CURVE('',#9122,#9062,#4658,.T.);
#16644=EDGE_CURVE('',#9034,#9062,#4966,.T.);
#16656=EDGE_CURVE('',#9174,#9170,#4718,.T.);
#16658=EDGE_CURVE('',#9089,#9174,#4846,.T.);
#16660=EDGE_CURVE('',#9089,#9090,#4666,.T.);
#16662=EDGE_CURVE('',#9090,#9092,#4670,.T.);
#16664=EDGE_CURVE('',#9092,#9094,#4674,.T.);
#16666=EDGE_CURVE('',#9082,#9094,#4870,.T.);
#16668=EDGE_CURVE('',#9081,#9082,#4678,.T.);
#16671=EDGE_CURVE('',#9006,#9050,#4886,.T.);
#16673=EDGE_CURVE('',#9117,#9050,#4894,.T.);
#16676=EDGE_CURVE('',#9053,#9118,#4910,.T.);
#16678=EDGE_CURVE('',#9053,#9054,#4926,.T.);
#16680=EDGE_CURVE('',#9113,#9054,#4914,.T.);
#16683=EDGE_CURVE('',#9057,#9114,#4942,.T.);
#16685=EDGE_CURVE('',#9057,#9058,#4958,.T.);
#16687=EDGE_CURVE('',#9109,#9058,#4946,.T.);
#16691=EDGE_CURVE('',#9061,#9062,#4970,.T.);
#16704=EDGE_CURVE('',#9145,#9172,#4702,.T.);
#16706=EDGE_CURVE('',#9145,#8263,#4706,.T.);
#16709=EDGE_CURVE('',#9157,#8264,#4834,.T.);
#16711=EDGE_CURVE('',#9157,#9174,#4714,.T.);
#16723=EDGE_CURVE('',#9145,#9146,#4730,.T.);
#16727=EDGE_CURVE('',#9146,#9074,#4738,.T.);
#16738=EDGE_CURVE('',#9132,#9146,#4734,.T.);
#16754=EDGE_CURVE('',#9066,#9072,#4742,.T.);
#16756=EDGE_CURVE('',#9066,#9125,#4746,.T.);
#16766=EDGE_CURVE('',#9065,#9066,#4750,.T.);
#16770=EDGE_CURVE('',#9065,#9070,#4758,.T.);
#16783=EDGE_CURVE('',#9126,#9065,#4754,.T.);
#16797=EDGE_CURVE('',#9149,#9069,#4762,.T.);
#16799=EDGE_CURVE('',#9134,#9149,#4786,.T.);
#16809=EDGE_CURVE('',#9149,#9150,#4790,.T.);
#16813=EDGE_CURVE('',#9078,#9150,#4770,.T.);
#16823=EDGE_CURVE('',#9141,#9142,#4774,.T.);
#16831=EDGE_CURVE('',#9142,#9150,#4794,.T.);
#16842=EDGE_CURVE('',#9077,#9142,#4806,.T.);
#16845=EDGE_CURVE('',#9001,#9002,#4810,.T.);
#16847=EDGE_CURVE('',#9001,#9190,#4802,.T.);
#16870=EDGE_CURVE('',#9008,#9036,#4818,.T.);
#16872=EDGE_CURVE('',#9001,#9008,#4826,.T.);
#16885=EDGE_CURVE('',#9189,#9008,#4814,.T.);
#16909=EDGE_CURVE('',#9157,#9158,#4830,.T.);
#16913=EDGE_CURVE('',#9136,#9158,#4838,.T.);
#16924=EDGE_CURVE('',#9158,#9089,#4842,.T.);
#16937=EDGE_CURVE('',#9129,#9085,#4862,.T.);
#16939=EDGE_CURVE('',#9085,#9090,#4850,.T.);
#16953=EDGE_CURVE('',#9086,#9130,#4854,.T.);
#16955=EDGE_CURVE('',#9085,#9086,#4858,.T.);
#16968=EDGE_CURVE('',#9161,#9094,#4866,.T.);
#16971=EDGE_CURVE('',#9086,#9092,#4878,.T.);
#16983=EDGE_CURVE('',#9082,#9162,#4874,.T.);
#17019=EDGE_CURVE('',#9022,#9050,#4882,.T.);
#17023=EDGE_CURVE('',#9005,#9022,#4890,.T.);
#17036=EDGE_CURVE('',#9022,#9205,#4898,.T.);
#17059=EDGE_CURVE('',#9202,#9025,#4902,.T.);
#17061=EDGE_CURVE('',#9025,#9053,#4906,.T.);
#17073=EDGE_CURVE('',#9026,#9201,#4918,.T.);
#17075=EDGE_CURVE('',#9025,#9026,#4930,.T.);
#17088=EDGE_CURVE('',#9026,#9054,#4922,.T.);
#17112=EDGE_CURVE('',#9198,#9029,#4934,.T.);
#17114=EDGE_CURVE('',#9029,#9057,#4938,.T.);
#17126=EDGE_CURVE('',#9030,#9197,#4950,.T.);
#17128=EDGE_CURVE('',#9029,#9030,#4962,.T.);
#17141=EDGE_CURVE('',#9030,#9058,#4954,.T.);
#17179=EDGE_CURVE('',#8218,#8232,#4982,.T.);
#17203=EDGE_CURVE('',#9011,#9039,#4998,.T.);
#17205=EDGE_CURVE('',#9011,#9186,#4994,.T.);
#17217=EDGE_CURVE('',#9012,#9040,#5006,.T.);
#17219=EDGE_CURVE('',#9011,#9012,#5014,.T.);
#17230=EDGE_CURVE('',#9185,#9012,#5002,.T.);
#17254=EDGE_CURVE('',#8172,#8178,#5018,.T.);
#17258=EDGE_CURVE('',#8164,#8178,#5022,.T.);
#17268=EDGE_CURVE('',#8176,#8183,#5026,.T.);
#17271=EDGE_CURVE('',#8184,#8171,#5030,.T.);
#17275=EDGE_CURVE('',#8178,#8180,#5462,.T.);
#17277=EDGE_CURVE('',#8180,#8175,#5470,.T.);
#17288=EDGE_CURVE('',#8945,#8946,#5034,.T.);
#17290=EDGE_CURVE('',#8946,#8954,#5038,.T.);
#17292=EDGE_CURVE('',#8953,#8954,#5042,.T.);
#17294=EDGE_CURVE('',#8930,#8953,#5046,.T.);
#17299=EDGE_CURVE('',#8190,#8945,#5054,.T.);
#17310=EDGE_CURVE('',#8945,#8998,#5110,.T.);
#17312=EDGE_CURVE('',#8998,#8797,#5058,.T.);
#17314=EDGE_CURVE('',#8797,#8798,#5062,.T.);
#17316=EDGE_CURVE('',#8873,#8798,#5066,.T.);
#17318=EDGE_CURVE('',#8873,#8946,#5070,.T.);
#17328=EDGE_CURVE('',#8986,#8902,#5074,.T.);
#17330=EDGE_CURVE('',#8901,#8902,#5174,.T.);
#17332=EDGE_CURVE('',#8901,#8989,#5078,.T.);
#17334=EDGE_CURVE('',#8989,#8990,#5082,.T.);
#17336=EDGE_CURVE('',#8990,#8906,#5086,.T.);
#17338=EDGE_CURVE('',#8905,#8906,#5170,.T.);
#17340=EDGE_CURVE('',#8905,#8993,#5090,.T.);
#17342=EDGE_CURVE('',#8993,#8994,#5094,.T.);
#17344=EDGE_CURVE('',#8994,#8910,#5098,.T.);
#17346=EDGE_CURVE('',#8909,#8910,#5166,.T.);
#17348=EDGE_CURVE('',#8909,#8997,#5102,.T.);
#17350=EDGE_CURVE('',#8997,#8998,#5106,.T.);
#17357=EDGE_CURVE('',#8914,#8961,#5178,.T.);
#17359=EDGE_CURVE('',#8914,#8985,#5122,.T.);
#17361=EDGE_CURVE('',#8985,#8986,#5126,.T.);
#17372=EDGE_CURVE('',#8986,#8825,#5130,.T.);
#17374=EDGE_CURVE('',#8825,#8853,#5134,.T.);
#17376=EDGE_CURVE('',#8853,#8902,#5138,.T.);
#17387=EDGE_CURVE('',#8826,#8985,#5146,.T.);
#17389=EDGE_CURVE('',#8825,#8826,#5458,.T.);
#17401=EDGE_CURVE('',#8914,#8854,#5142,.T.);
#17403=EDGE_CURVE('',#8826,#8854,#5450,.T.);
#17415=EDGE_CURVE('',#8966,#8962,#5202,.T.);
#17417=EDGE_CURVE('',#8881,#8966,#5330,.T.);
#17419=EDGE_CURVE('',#8881,#8882,#5150,.T.);
#17421=EDGE_CURVE('',#8882,#8884,#5154,.T.);
#17423=EDGE_CURVE('',#8884,#8886,#5158,.T.);
#17425=EDGE_CURVE('',#8874,#8886,#5354,.T.);
#17427=EDGE_CURVE('',#8873,#8874,#5162,.T.);
#17430=EDGE_CURVE('',#8798,#8842,#5370,.T.);
#17432=EDGE_CURVE('',#8909,#8842,#5378,.T.);
#17435=EDGE_CURVE('',#8845,#8910,#5394,.T.);
#17437=EDGE_CURVE('',#8845,#8846,#5410,.T.);
#17439=EDGE_CURVE('',#8905,#8846,#5398,.T.);
#17442=EDGE_CURVE('',#8849,#8906,#5426,.T.);
#17444=EDGE_CURVE('',#8849,#8850,#5442,.T.);
#17446=EDGE_CURVE('',#8901,#8850,#5430,.T.);
#17450=EDGE_CURVE('',#8853,#8854,#5454,.T.);
#17463=EDGE_CURVE('',#8937,#8964,#5186,.T.);
#17465=EDGE_CURVE('',#8937,#8211,#5190,.T.);
#17468=EDGE_CURVE('',#8949,#8212,#5318,.T.);
#17470=EDGE_CURVE('',#8949,#8966,#5198,.T.);
#17482=EDGE_CURVE('',#8937,#8938,#5214,.T.);
#17486=EDGE_CURVE('',#8938,#8866,#5222,.T.);
#17497=EDGE_CURVE('',#8924,#8938,#5218,.T.);
#17513=EDGE_CURVE('',#8858,#8864,#5226,.T.);
#17515=EDGE_CURVE('',#8858,#8917,#5230,.T.);
#17525=EDGE_CURVE('',#8857,#8858,#5234,.T.);
#17529=EDGE_CURVE('',#8857,#8862,#5242,.T.);
#17542=EDGE_CURVE('',#8918,#8857,#5238,.T.);
#17556=EDGE_CURVE('',#8941,#8861,#5246,.T.);
#17558=EDGE_CURVE('',#8926,#8941,#5270,.T.);
#17568=EDGE_CURVE('',#8941,#8942,#5274,.T.);
#17572=EDGE_CURVE('',#8870,#8942,#5254,.T.);
#17582=EDGE_CURVE('',#8933,#8934,#5258,.T.);
#17590=EDGE_CURVE('',#8934,#8942,#5278,.T.);
#17601=EDGE_CURVE('',#8869,#8934,#5290,.T.);
#17604=EDGE_CURVE('',#8793,#8794,#5294,.T.);
#17606=EDGE_CURVE('',#8793,#8982,#5286,.T.);
#17629=EDGE_CURVE('',#8800,#8828,#5302,.T.);
#17631=EDGE_CURVE('',#8793,#8800,#5310,.T.);
#17644=EDGE_CURVE('',#8981,#8800,#5298,.T.);
#17668=EDGE_CURVE('',#8949,#8950,#5314,.T.);
#17672=EDGE_CURVE('',#8928,#8950,#5322,.T.);
#17683=EDGE_CURVE('',#8950,#8881,#5326,.T.);
#17696=EDGE_CURVE('',#8921,#8877,#5346,.T.);
#17698=EDGE_CURVE('',#8877,#8882,#5334,.T.);
#17712=EDGE_CURVE('',#8878,#8922,#5338,.T.);
#17714=EDGE_CURVE('',#8877,#8878,#5342,.T.);
#17727=EDGE_CURVE('',#8953,#8886,#5350,.T.);
#17730=EDGE_CURVE('',#8878,#8884,#5362,.T.);
#17742=EDGE_CURVE('',#8874,#8954,#5358,.T.);
#17778=EDGE_CURVE('',#8814,#8842,#5366,.T.);
#17782=EDGE_CURVE('',#8797,#8814,#5374,.T.);
#17795=EDGE_CURVE('',#8814,#8997,#5382,.T.);
#17818=EDGE_CURVE('',#8994,#8817,#5386,.T.);
#17820=EDGE_CURVE('',#8817,#8845,#5390,.T.);
#17832=EDGE_CURVE('',#8818,#8993,#5402,.T.);
#17834=EDGE_CURVE('',#8817,#8818,#5414,.T.);
#17847=EDGE_CURVE('',#8818,#8846,#5406,.T.);
#17871=EDGE_CURVE('',#8990,#8821,#5418,.T.);
#17873=EDGE_CURVE('',#8821,#8849,#5422,.T.);
#17885=EDGE_CURVE('',#8822,#8989,#5434,.T.);
#17887=EDGE_CURVE('',#8821,#8822,#5446,.T.);
#17900=EDGE_CURVE('',#8822,#8850,#5438,.T.);
#17938=EDGE_CURVE('',#8166,#8180,#5466,.T.);
#17962=EDGE_CURVE('',#8803,#8831,#5482,.T.);
#17964=EDGE_CURVE('',#8803,#8978,#5478,.T.);
#17976=EDGE_CURVE('',#8804,#8832,#5490,.T.);
#17978=EDGE_CURVE('',#8803,#8804,#5498,.T.);
#17989=EDGE_CURVE('',#8977,#8804,#5486,.T.);
#18016=EDGE_CURVE('',#8106,#8120,#5506,.T.);
#18029=EDGE_CURVE('',#8108,#8122,#5514,.T.);
#18065=EDGE_CURVE('',#8595,#8623,#5534,.T.);
#18067=EDGE_CURVE('',#8595,#8770,#5530,.T.);
#18079=EDGE_CURVE('',#8596,#8624,#5542,.T.);
#18081=EDGE_CURVE('',#8595,#8596,#5550,.T.);
#18092=EDGE_CURVE('',#8769,#8596,#5538,.T.);
#18129=EDGE_CURVE('',#9690,#9749,#5558,.T.);
#18131=EDGE_CURVE('',#9689,#9690,#5562,.T.);
#18143=EDGE_CURVE('',#9756,#9770,#5578,.T.);
#18145=EDGE_CURVE('',#9770,#9698,#5570,.T.);
#18148=EDGE_CURVE('',#9690,#9696,#5666,.T.);
#18159=EDGE_CURVE('',#9769,#9770,#5574,.T.);
#18163=EDGE_CURVE('',#9769,#8419,#5594,.T.);
#18174=EDGE_CURVE('',#9769,#9796,#5590,.T.);
#18190=EDGE_CURVE('',#9781,#8420,#5618,.T.);
#18192=EDGE_CURVE('',#9781,#9798,#5602,.T.);
#18204=EDGE_CURVE('',#9781,#9782,#5614,.T.);
#18208=EDGE_CURVE('',#9760,#9782,#5622,.T.);
#18219=EDGE_CURVE('',#9782,#9713,#5626,.T.);
#18232=EDGE_CURVE('',#9753,#9709,#5646,.T.);
#18234=EDGE_CURVE('',#9709,#9714,#5634,.T.);
#18248=EDGE_CURVE('',#9710,#9754,#5638,.T.);
#18250=EDGE_CURVE('',#9709,#9710,#5642,.T.);
#18263=EDGE_CURVE('',#9785,#9718,#5650,.T.);
#18266=EDGE_CURVE('',#9710,#9716,#5662,.T.);
#18278=EDGE_CURVE('',#9706,#9786,#5658,.T.);
#18327=EDGE_CURVE('',#9930,#9841,#5670,.T.);
#18329=EDGE_CURVE('',#9841,#9842,#5674,.T.);
#18331=EDGE_CURVE('',#9842,#9929,#5678,.T.);
#18342=EDGE_CURVE('',#9946,#9853,#5690,.T.);
#18344=EDGE_CURVE('',#9841,#9853,#5698,.T.);
#18356=EDGE_CURVE('',#9854,#9945,#5682,.T.);
#18358=EDGE_CURVE('',#9853,#9854,#5686,.T.);
#18371=EDGE_CURVE('',#9842,#9854,#5694,.T.);
#18395=EDGE_CURVE('',#9934,#9865,#5702,.T.);
#18397=EDGE_CURVE('',#9865,#9866,#5706,.T.);
#18399=EDGE_CURVE('',#9866,#9933,#5710,.T.);
#18410=EDGE_CURVE('',#9950,#9901,#5722,.T.);
#18412=EDGE_CURVE('',#9865,#9901,#5730,.T.);
#18424=EDGE_CURVE('',#9902,#9949,#5714,.T.);
#18426=EDGE_CURVE('',#9901,#9902,#5718,.T.);
#18439=EDGE_CURVE('',#9866,#9902,#5726,.T.);
#18463=EDGE_CURVE('',#9938,#9877,#5734,.T.);
#18465=EDGE_CURVE('',#9877,#9878,#5738,.T.);
#18467=EDGE_CURVE('',#9878,#9937,#5742,.T.);
#18478=EDGE_CURVE('',#9954,#9913,#5754,.T.);
#18480=EDGE_CURVE('',#9877,#9913,#5762,.T.);
#18492=EDGE_CURVE('',#9914,#9953,#5746,.T.);
#18494=EDGE_CURVE('',#9913,#9914,#5750,.T.);
#18507=EDGE_CURVE('',#9878,#9914,#5758,.T.);
#18531=EDGE_CURVE('',#9942,#9889,#5766,.T.);
#18533=EDGE_CURVE('',#9889,#9890,#5770,.T.);
#18535=EDGE_CURVE('',#9890,#9941,#5774,.T.);
#18546=EDGE_CURVE('',#9958,#9925,#5786,.T.);
#18548=EDGE_CURVE('',#9889,#9925,#5794,.T.);
#18560=EDGE_CURVE('',#9926,#9957,#5778,.T.);
#18562=EDGE_CURVE('',#9925,#9926,#5782,.T.);
#18575=EDGE_CURVE('',#9890,#9926,#5790,.T.);
#18599=EDGE_CURVE('',#10090,#10001,#5798,.T.);
#18601=EDGE_CURVE('',#10001,#10002,#5802,.T.);
#18603=EDGE_CURVE('',#10002,#10089,#5806,.T.);
#18614=EDGE_CURVE('',#10106,#10013,#5818,.T.);
#18616=EDGE_CURVE('',#10001,#10013,#5826,.T.);
#18628=EDGE_CURVE('',#10014,#10105,#5810,.T.);
#18630=EDGE_CURVE('',#10013,#10014,#5814,.T.);
#18643=EDGE_CURVE('',#10002,#10014,#5822,.T.);
#18667=EDGE_CURVE('',#10094,#10025,#5830,.T.);
#18669=EDGE_CURVE('',#10025,#10026,#5834,.T.);
#18671=EDGE_CURVE('',#10026,#10093,#5838,.T.);
#18682=EDGE_CURVE('',#10110,#10061,#5850,.T.);
#18684=EDGE_CURVE('',#10025,#10061,#5858,.T.);
#18696=EDGE_CURVE('',#10062,#10109,#5842,.T.);
#18698=EDGE_CURVE('',#10061,#10062,#5846,.T.);
#18711=EDGE_CURVE('',#10026,#10062,#5854,.T.);
#18735=EDGE_CURVE('',#10098,#10037,#5862,.T.);
#18737=EDGE_CURVE('',#10037,#10038,#5866,.T.);
#18739=EDGE_CURVE('',#10038,#10097,#5870,.T.);
#18750=EDGE_CURVE('',#10114,#10073,#5882,.T.);
#18752=EDGE_CURVE('',#10037,#10073,#5890,.T.);
#18764=EDGE_CURVE('',#10074,#10113,#5874,.T.);
#18766=EDGE_CURVE('',#10073,#10074,#5878,.T.);
#18779=EDGE_CURVE('',#10038,#10074,#5886,.T.);
#18803=EDGE_CURVE('',#10102,#10049,#5894,.T.);
#18805=EDGE_CURVE('',#10049,#10050,#5898,.T.);
#18807=EDGE_CURVE('',#10050,#10101,#5902,.T.);
#18818=EDGE_CURVE('',#10118,#10085,#5914,.T.);
#18820=EDGE_CURVE('',#10049,#10085,#5922,.T.);
#18832=EDGE_CURVE('',#10086,#10117,#5906,.T.);
#18834=EDGE_CURVE('',#10085,#10086,#5910,.T.);
#18847=EDGE_CURVE('',#10050,#10086,#5918,.T.);
#18871=EDGE_CURVE('',#10250,#10161,#5926,.T.);
#18873=EDGE_CURVE('',#10161,#10162,#5930,.T.);
#18875=EDGE_CURVE('',#10162,#10249,#5934,.T.);
#18886=EDGE_CURVE('',#10266,#10173,#5946,.T.);
#18888=EDGE_CURVE('',#10161,#10173,#5954,.T.);
#18900=EDGE_CURVE('',#10174,#10265,#5938,.T.);
#18902=EDGE_CURVE('',#10173,#10174,#5942,.T.);
#18915=EDGE_CURVE('',#10162,#10174,#5950,.T.);
#18939=EDGE_CURVE('',#10254,#10185,#5958,.T.);
#18941=EDGE_CURVE('',#10185,#10186,#5962,.T.);
#18943=EDGE_CURVE('',#10186,#10253,#5966,.T.);
#18954=EDGE_CURVE('',#10270,#10221,#5978,.T.);
#18956=EDGE_CURVE('',#10185,#10221,#5986,.T.);
#18968=EDGE_CURVE('',#10222,#10269,#5970,.T.);
#18970=EDGE_CURVE('',#10221,#10222,#5974,.T.);
#18983=EDGE_CURVE('',#10186,#10222,#5982,.T.);
#19007=EDGE_CURVE('',#10258,#10197,#5990,.T.);
#19009=EDGE_CURVE('',#10197,#10198,#5994,.T.);
#19011=EDGE_CURVE('',#10198,#10257,#5998,.T.);
#19022=EDGE_CURVE('',#10274,#10233,#6010,.T.);
#19024=EDGE_CURVE('',#10197,#10233,#6018,.T.);
#19036=EDGE_CURVE('',#10234,#10273,#6002,.T.);
#19038=EDGE_CURVE('',#10233,#10234,#6006,.T.);
#19051=EDGE_CURVE('',#10198,#10234,#6014,.T.);
#19075=EDGE_CURVE('',#10262,#10209,#6022,.T.);
#19077=EDGE_CURVE('',#10209,#10210,#6026,.T.);
#19079=EDGE_CURVE('',#10210,#10261,#6030,.T.);
#19090=EDGE_CURVE('',#10278,#10245,#6042,.T.);
#19092=EDGE_CURVE('',#10209,#10245,#6050,.T.);
#19104=EDGE_CURVE('',#10246,#10277,#6034,.T.);
#19106=EDGE_CURVE('',#10245,#10246,#6038,.T.);
#19119=EDGE_CURVE('',#10210,#10246,#6046,.T.);
#19143=EDGE_CURVE('',#10410,#10321,#6054,.T.);
#19145=EDGE_CURVE('',#10321,#10322,#6058,.T.);
#19147=EDGE_CURVE('',#10322,#10409,#6062,.T.);
#19158=EDGE_CURVE('',#10426,#10333,#6074,.T.);
#19160=EDGE_CURVE('',#10321,#10333,#6082,.T.);
#19172=EDGE_CURVE('',#10334,#10425,#6066,.T.);
#19174=EDGE_CURVE('',#10333,#10334,#6070,.T.);
#19187=EDGE_CURVE('',#10322,#10334,#6078,.T.);
#19211=EDGE_CURVE('',#10414,#10345,#6086,.T.);
#19213=EDGE_CURVE('',#10345,#10346,#6090,.T.);
#19215=EDGE_CURVE('',#10346,#10413,#6094,.T.);
#19226=EDGE_CURVE('',#10430,#10381,#6106,.T.);
#19228=EDGE_CURVE('',#10345,#10381,#6114,.T.);
#19240=EDGE_CURVE('',#10382,#10429,#6098,.T.);
#19242=EDGE_CURVE('',#10381,#10382,#6102,.T.);
#19255=EDGE_CURVE('',#10346,#10382,#6110,.T.);
#19279=EDGE_CURVE('',#10418,#10357,#6118,.T.);
#19281=EDGE_CURVE('',#10357,#10358,#6122,.T.);
#19283=EDGE_CURVE('',#10358,#10417,#6126,.T.);
#19294=EDGE_CURVE('',#10434,#10393,#6138,.T.);
#19296=EDGE_CURVE('',#10357,#10393,#6146,.T.);
#19308=EDGE_CURVE('',#10394,#10433,#6130,.T.);
#19310=EDGE_CURVE('',#10393,#10394,#6134,.T.);
#19323=EDGE_CURVE('',#10358,#10394,#6142,.T.);
#19347=EDGE_CURVE('',#10422,#10369,#6150,.T.);
#19349=EDGE_CURVE('',#10369,#10370,#6154,.T.);
#19351=EDGE_CURVE('',#10370,#10421,#6158,.T.);
#19362=EDGE_CURVE('',#10438,#10405,#6170,.T.);
#19364=EDGE_CURVE('',#10369,#10405,#6178,.T.);
#19376=EDGE_CURVE('',#10406,#10437,#6162,.T.);
#19378=EDGE_CURVE('',#10405,#10406,#6166,.T.);
#19391=EDGE_CURVE('',#10370,#10406,#6174,.T.);
#19415=EDGE_CURVE('',#10570,#10481,#6182,.T.);
#19417=EDGE_CURVE('',#10481,#10482,#6186,.T.);
#19419=EDGE_CURVE('',#10482,#10569,#6190,.T.);
#19430=EDGE_CURVE('',#10586,#10493,#6202,.T.);
#19432=EDGE_CURVE('',#10481,#10493,#6210,.T.);
#19444=EDGE_CURVE('',#10494,#10585,#6194,.T.);
#19446=EDGE_CURVE('',#10493,#10494,#6198,.T.);
#19459=EDGE_CURVE('',#10482,#10494,#6206,.T.);
#19483=EDGE_CURVE('',#10574,#10505,#6214,.T.);
#19485=EDGE_CURVE('',#10505,#10506,#6218,.T.);
#19487=EDGE_CURVE('',#10506,#10573,#6222,.T.);
#19498=EDGE_CURVE('',#10590,#10541,#6234,.T.);
#19500=EDGE_CURVE('',#10505,#10541,#6242,.T.);
#19512=EDGE_CURVE('',#10542,#10589,#6226,.T.);
#19514=EDGE_CURVE('',#10541,#10542,#6230,.T.);
#19527=EDGE_CURVE('',#10506,#10542,#6238,.T.);
#19551=EDGE_CURVE('',#10578,#10517,#6246,.T.);
#19553=EDGE_CURVE('',#10517,#10518,#6250,.T.);
#19555=EDGE_CURVE('',#10518,#10577,#6254,.T.);
#19566=EDGE_CURVE('',#10594,#10553,#6266,.T.);
#19568=EDGE_CURVE('',#10517,#10553,#6274,.T.);
#19580=EDGE_CURVE('',#10554,#10593,#6258,.T.);
#19582=EDGE_CURVE('',#10553,#10554,#6262,.T.);
#19595=EDGE_CURVE('',#10518,#10554,#6270,.T.);
#19619=EDGE_CURVE('',#10582,#10529,#6278,.T.);
#19621=EDGE_CURVE('',#10529,#10530,#6282,.T.);
#19623=EDGE_CURVE('',#10530,#10581,#6286,.T.);
#19634=EDGE_CURVE('',#10598,#10565,#6298,.T.);
#19636=EDGE_CURVE('',#10529,#10565,#6306,.T.);
#19648=EDGE_CURVE('',#10566,#10597,#6290,.T.);
#19650=EDGE_CURVE('',#10565,#10566,#6294,.T.);
#19663=EDGE_CURVE('',#10530,#10566,#6302,.T.);
#19686=EDGE_CURVE('',#9632,#9660,#6318,.T.);
#19688=EDGE_CURVE('',#9625,#9632,#6326,.T.);
#19701=EDGE_CURVE('',#9813,#9632,#6314,.T.);
#19727=EDGE_CURVE('',#9635,#9663,#6338,.T.);
#19729=EDGE_CURVE('',#9635,#9810,#6334,.T.);
#19741=EDGE_CURVE('',#9636,#9664,#6346,.T.);
#19743=EDGE_CURVE('',#9635,#9636,#6354,.T.);
#19754=EDGE_CURVE('',#9809,#9636,#6342,.T.);
#19778=EDGE_CURVE('',#9646,#9674,#6358,.T.);
#19782=EDGE_CURVE('',#9629,#9646,#6366,.T.);
#19795=EDGE_CURVE('',#9646,#9829,#6374,.T.);
#19818=EDGE_CURVE('',#9826,#9649,#6378,.T.);
#19820=EDGE_CURVE('',#9649,#9677,#6382,.T.);
#19832=EDGE_CURVE('',#9650,#9825,#6394,.T.);
#19834=EDGE_CURVE('',#9649,#9650,#6406,.T.);
#19847=EDGE_CURVE('',#9650,#9678,#6398,.T.);
#19871=EDGE_CURVE('',#9822,#9653,#6410,.T.);
#19873=EDGE_CURVE('',#9653,#9681,#6414,.T.);
#19885=EDGE_CURVE('',#9654,#9821,#6426,.T.);
#19887=EDGE_CURVE('',#9653,#9654,#6438,.T.);
#19900=EDGE_CURVE('',#9654,#9682,#6430,.T.);
#19941=EDGE_CURVE('',#9961,#9962,#6462,.T.);
#19943=EDGE_CURVE('',#9962,#9978,#6466,.T.);
#19945=EDGE_CURVE('',#9977,#9978,#6470,.T.);
#19947=EDGE_CURVE('',#9961,#9977,#6474,.T.);
#19951=EDGE_CURVE('',#9965,#9966,#6478,.T.);
#19953=EDGE_CURVE('',#9966,#9982,#6482,.T.);
#19955=EDGE_CURVE('',#9981,#9982,#6486,.T.);
#19957=EDGE_CURVE('',#9965,#9981,#6490,.T.);
#19961=EDGE_CURVE('',#9969,#9970,#6494,.T.);
#19963=EDGE_CURVE('',#9970,#9986,#6498,.T.);
#19965=EDGE_CURVE('',#9985,#9986,#6502,.T.);
#19967=EDGE_CURVE('',#9969,#9985,#6506,.T.);
#19971=EDGE_CURVE('',#9973,#9974,#6510,.T.);
#19973=EDGE_CURVE('',#9974,#9990,#6514,.T.);
#19975=EDGE_CURVE('',#9989,#9990,#6518,.T.);
#19977=EDGE_CURVE('',#9973,#9989,#6522,.T.);
#19981=EDGE_CURVE('',#10121,#10122,#6526,.T.);
#19983=EDGE_CURVE('',#10122,#10138,#6530,.T.);
#19985=EDGE_CURVE('',#10137,#10138,#6534,.T.);
#19987=EDGE_CURVE('',#10121,#10137,#6538,.T.);
#19991=EDGE_CURVE('',#10125,#10126,#6542,.T.);
#19993=EDGE_CURVE('',#10126,#10142,#6546,.T.);
#19995=EDGE_CURVE('',#10141,#10142,#6550,.T.);
#19997=EDGE_CURVE('',#10125,#10141,#6554,.T.);
#20001=EDGE_CURVE('',#10129,#10130,#6558,.T.);
#20003=EDGE_CURVE('',#10130,#10146,#6562,.T.);
#20005=EDGE_CURVE('',#10145,#10146,#6566,.T.);
#20007=EDGE_CURVE('',#10129,#10145,#6570,.T.);
#20011=EDGE_CURVE('',#10133,#10134,#6574,.T.);
#20013=EDGE_CURVE('',#10134,#10150,#6578,.T.);
#20015=EDGE_CURVE('',#10149,#10150,#6582,.T.);
#20017=EDGE_CURVE('',#10133,#10149,#6586,.T.);
#20021=EDGE_CURVE('',#10281,#10282,#6590,.T.);
#20023=EDGE_CURVE('',#10282,#10298,#6594,.T.);
#20025=EDGE_CURVE('',#10297,#10298,#6598,.T.);
#20027=EDGE_CURVE('',#10281,#10297,#6602,.T.);
#20031=EDGE_CURVE('',#10285,#10286,#6606,.T.);
#20033=EDGE_CURVE('',#10286,#10302,#6610,.T.);
#20035=EDGE_CURVE('',#10301,#10302,#6614,.T.);
#20037=EDGE_CURVE('',#10285,#10301,#6618,.T.);
#20041=EDGE_CURVE('',#10289,#10290,#6622,.T.);
#20043=EDGE_CURVE('',#10290,#10306,#6626,.T.);
#20045=EDGE_CURVE('',#10305,#10306,#6630,.T.);
#20047=EDGE_CURVE('',#10289,#10305,#6634,.T.);
#20051=EDGE_CURVE('',#10293,#10294,#6638,.T.);
#20053=EDGE_CURVE('',#10294,#10310,#6642,.T.);
#20055=EDGE_CURVE('',#10309,#10310,#6646,.T.);
#20057=EDGE_CURVE('',#10293,#10309,#6650,.T.);
#20061=EDGE_CURVE('',#10441,#10442,#6654,.T.);
#20063=EDGE_CURVE('',#10442,#10458,#6658,.T.);
#20065=EDGE_CURVE('',#10457,#10458,#6662,.T.);
#20067=EDGE_CURVE('',#10441,#10457,#6666,.T.);
#20071=EDGE_CURVE('',#10445,#10446,#6670,.T.);
#20073=EDGE_CURVE('',#10446,#10462,#6674,.T.);
#20075=EDGE_CURVE('',#10461,#10462,#6678,.T.);
#20077=EDGE_CURVE('',#10445,#10461,#6682,.T.);
#20081=EDGE_CURVE('',#10449,#10450,#6686,.T.);
#20083=EDGE_CURVE('',#10450,#10466,#6690,.T.);
#20085=EDGE_CURVE('',#10465,#10466,#6694,.T.);
#20087=EDGE_CURVE('',#10449,#10465,#6698,.T.);
#20091=EDGE_CURVE('',#10453,#10454,#6702,.T.);
#20093=EDGE_CURVE('',#10454,#10470,#6706,.T.);
#20095=EDGE_CURVE('',#10469,#10470,#6710,.T.);
#20097=EDGE_CURVE('',#10453,#10469,#6714,.T.);
#20101=EDGE_CURVE('',#10601,#10602,#6718,.T.);
#20103=EDGE_CURVE('',#10602,#10618,#6722,.T.);
#20105=EDGE_CURVE('',#10617,#10618,#6726,.T.);
#20107=EDGE_CURVE('',#10601,#10617,#6730,.T.);
#20111=EDGE_CURVE('',#10605,#10606,#6734,.T.);
#20113=EDGE_CURVE('',#10606,#10622,#6738,.T.);
#20115=EDGE_CURVE('',#10621,#10622,#6742,.T.);
#20117=EDGE_CURVE('',#10605,#10621,#6746,.T.);
#20121=EDGE_CURVE('',#10609,#10610,#6750,.T.);
#20123=EDGE_CURVE('',#10610,#10626,#6754,.T.);
#20125=EDGE_CURVE('',#10625,#10626,#6758,.T.);
#20127=EDGE_CURVE('',#10609,#10625,#6762,.T.);
#20131=EDGE_CURVE('',#10613,#10614,#6766,.T.);
#20133=EDGE_CURVE('',#10614,#10630,#6770,.T.);
#20135=EDGE_CURVE('',#10629,#10630,#6774,.T.);
#20137=EDGE_CURVE('',#10613,#10629,#6778,.T.);
#20148=EDGE_CURVE('',#9961,#9833,#6782,.T.);
#20150=EDGE_CURVE('',#9833,#9834,#6786,.T.);
#20152=EDGE_CURVE('',#9834,#9836,#6790,.T.);
#20154=EDGE_CURVE('',#9836,#9838,#6794,.T.);
#20156=EDGE_CURVE('',#9838,#9962,#6798,.T.);
#20167=EDGE_CURVE('',#9977,#9845,#6818,.T.);
#20169=EDGE_CURVE('',#9833,#9845,#6834,.T.);
#20181=EDGE_CURVE('',#9850,#9978,#6802,.T.);
#20183=EDGE_CURVE('',#9848,#9850,#6806,.T.);
#20185=EDGE_CURVE('',#9846,#9848,#6810,.T.);
#20187=EDGE_CURVE('',#9845,#9846,#6814,.T.);
#20200=EDGE_CURVE('',#9838,#9850,#6822,.T.);
#20212=EDGE_CURVE('',#9836,#9848,#6826,.T.);
#20225=EDGE_CURVE('',#9834,#9846,#6830,.T.);
#20250=EDGE_CURVE('',#9965,#9857,#6838,.T.);
#20252=EDGE_CURVE('',#9857,#9858,#6842,.T.);
#20254=EDGE_CURVE('',#9858,#9860,#6846,.T.);
#20256=EDGE_CURVE('',#9860,#9862,#6850,.T.);
#20258=EDGE_CURVE('',#9862,#9966,#6854,.T.);
#20269=EDGE_CURVE('',#9981,#9893,#6874,.T.);
#20271=EDGE_CURVE('',#9857,#9893,#6890,.T.);
#20283=EDGE_CURVE('',#9898,#9982,#6858,.T.);
#20285=EDGE_CURVE('',#9896,#9898,#6862,.T.);
#20287=EDGE_CURVE('',#9894,#9896,#6866,.T.);
#20289=EDGE_CURVE('',#9893,#9894,#6870,.T.);
#20302=EDGE_CURVE('',#9862,#9898,#6878,.T.);
#20314=EDGE_CURVE('',#9860,#9896,#6882,.T.);
#20327=EDGE_CURVE('',#9858,#9894,#6886,.T.);
#20352=EDGE_CURVE('',#9969,#9869,#6894,.T.);
#20354=EDGE_CURVE('',#9869,#9870,#6898,.T.);
#20356=EDGE_CURVE('',#9870,#9872,#6902,.T.);
#20358=EDGE_CURVE('',#9872,#9874,#6906,.T.);
#20360=EDGE_CURVE('',#9874,#9970,#6910,.T.);
#20371=EDGE_CURVE('',#9985,#9905,#6930,.T.);
#20373=EDGE_CURVE('',#9869,#9905,#6946,.T.);
#20385=EDGE_CURVE('',#9910,#9986,#6914,.T.);
#20387=EDGE_CURVE('',#9908,#9910,#6918,.T.);
#20389=EDGE_CURVE('',#9906,#9908,#6922,.T.);
#20391=EDGE_CURVE('',#9905,#9906,#6926,.T.);
#20404=EDGE_CURVE('',#9874,#9910,#6934,.T.);
#20416=EDGE_CURVE('',#9872,#9908,#6938,.T.);
#20429=EDGE_CURVE('',#9870,#9906,#6942,.T.);
#20454=EDGE_CURVE('',#9973,#9881,#6950,.T.);
#20456=EDGE_CURVE('',#9881,#9882,#6954,.T.);
#20458=EDGE_CURVE('',#9882,#9884,#6958,.T.);
#20460=EDGE_CURVE('',#9884,#9886,#6962,.T.);
#20462=EDGE_CURVE('',#9886,#9974,#6966,.T.);
#20473=EDGE_CURVE('',#9989,#9917,#6986,.T.);
#20475=EDGE_CURVE('',#9881,#9917,#7002,.T.);
#20487=EDGE_CURVE('',#9922,#9990,#6970,.T.);
#20489=EDGE_CURVE('',#9920,#9922,#6974,.T.);
#20491=EDGE_CURVE('',#9918,#9920,#6978,.T.);
#20493=EDGE_CURVE('',#9917,#9918,#6982,.T.);
#20506=EDGE_CURVE('',#9886,#9922,#6990,.T.);
#20518=EDGE_CURVE('',#9884,#9920,#6994,.T.);
#20531=EDGE_CURVE('',#9882,#9918,#6998,.T.);
#20556=EDGE_CURVE('',#10121,#9993,#7006,.T.);
#20558=EDGE_CURVE('',#9993,#9994,#7010,.T.);
#20560=EDGE_CURVE('',#9994,#9996,#7014,.T.);
#20562=EDGE_CURVE('',#9996,#9998,#7018,.T.);
#20564=EDGE_CURVE('',#9998,#10122,#7022,.T.);
#20575=EDGE_CURVE('',#10137,#10005,#7042,.T.);
#20577=EDGE_CURVE('',#9993,#10005,#7058,.T.);
#20589=EDGE_CURVE('',#10010,#10138,#7026,.T.);
#20591=EDGE_CURVE('',#10008,#10010,#7030,.T.);
#20593=EDGE_CURVE('',#10006,#10008,#7034,.T.);
#20595=EDGE_CURVE('',#10005,#10006,#7038,.T.);
#20608=EDGE_CURVE('',#9998,#10010,#7046,.T.);
#20620=EDGE_CURVE('',#9996,#10008,#7050,.T.);
#20633=EDGE_CURVE('',#9994,#10006,#7054,.T.);
#20658=EDGE_CURVE('',#10125,#10017,#7062,.T.);
#20660=EDGE_CURVE('',#10017,#10018,#7066,.T.);
#20662=EDGE_CURVE('',#10018,#10020,#7070,.T.);
#20664=EDGE_CURVE('',#10020,#10022,#7074,.T.);
#20666=EDGE_CURVE('',#10022,#10126,#7078,.T.);
#20677=EDGE_CURVE('',#10141,#10053,#7098,.T.);
#20679=EDGE_CURVE('',#10017,#10053,#7114,.T.);
#20691=EDGE_CURVE('',#10058,#10142,#7082,.T.);
#20693=EDGE_CURVE('',#10056,#10058,#7086,.T.);
#20695=EDGE_CURVE('',#10054,#10056,#7090,.T.);
#20697=EDGE_CURVE('',#10053,#10054,#7094,.T.);
#20710=EDGE_CURVE('',#10022,#10058,#7102,.T.);
#20722=EDGE_CURVE('',#10020,#10056,#7106,.T.);
#20735=EDGE_CURVE('',#10018,#10054,#7110,.T.);
#20760=EDGE_CURVE('',#10129,#10029,#7118,.T.);
#20762=EDGE_CURVE('',#10029,#10030,#7122,.T.);
#20764=EDGE_CURVE('',#10030,#10032,#7126,.T.);
#20766=EDGE_CURVE('',#10032,#10034,#7130,.T.);
#20768=EDGE_CURVE('',#10034,#10130,#7134,.T.);
#20779=EDGE_CURVE('',#10145,#10065,#7154,.T.);
#20781=EDGE_CURVE('',#10029,#10065,#7170,.T.);
#20793=EDGE_CURVE('',#10070,#10146,#7138,.T.);
#20795=EDGE_CURVE('',#10068,#10070,#7142,.T.);
#20797=EDGE_CURVE('',#10066,#10068,#7146,.T.);
#20799=EDGE_CURVE('',#10065,#10066,#7150,.T.);
#20812=EDGE_CURVE('',#10034,#10070,#7158,.T.);
#20824=EDGE_CURVE('',#10032,#10068,#7162,.T.);
#20837=EDGE_CURVE('',#10030,#10066,#7166,.T.);
#20862=EDGE_CURVE('',#10133,#10041,#7174,.T.);
#20864=EDGE_CURVE('',#10041,#10042,#7178,.T.);
#20866=EDGE_CURVE('',#10042,#10044,#7182,.T.);
#20868=EDGE_CURVE('',#10044,#10046,#7186,.T.);
#20870=EDGE_CURVE('',#10046,#10134,#7190,.T.);
#20881=EDGE_CURVE('',#10149,#10077,#7210,.T.);
#20883=EDGE_CURVE('',#10041,#10077,#7226,.T.);
#20895=EDGE_CURVE('',#10082,#10150,#7194,.T.);
#20897=EDGE_CURVE('',#10080,#10082,#7198,.T.);
#20899=EDGE_CURVE('',#10078,#10080,#7202,.T.);
#20901=EDGE_CURVE('',#10077,#10078,#7206,.T.);
#20914=EDGE_CURVE('',#10046,#10082,#7214,.T.);
#20926=EDGE_CURVE('',#10044,#10080,#7218,.T.);
#20939=EDGE_CURVE('',#10042,#10078,#7222,.T.);
#20964=EDGE_CURVE('',#10281,#10153,#7230,.T.);
#20966=EDGE_CURVE('',#10153,#10154,#7234,.T.);
#20968=EDGE_CURVE('',#10154,#10156,#7238,.T.);
#20970=EDGE_CURVE('',#10156,#10158,#7242,.T.);
#20972=EDGE_CURVE('',#10158,#10282,#7246,.T.);
#20983=EDGE_CURVE('',#10297,#10165,#7266,.T.);
#20985=EDGE_CURVE('',#10153,#10165,#7282,.T.);
#20997=EDGE_CURVE('',#10170,#10298,#7250,.T.);
#20999=EDGE_CURVE('',#10168,#10170,#7254,.T.);
#21001=EDGE_CURVE('',#10166,#10168,#7258,.T.);
#21003=EDGE_CURVE('',#10165,#10166,#7262,.T.);
#21016=EDGE_CURVE('',#10158,#10170,#7270,.T.);
#21028=EDGE_CURVE('',#10156,#10168,#7274,.T.);
#21041=EDGE_CURVE('',#10154,#10166,#7278,.T.);
#21066=EDGE_CURVE('',#10285,#10177,#7286,.T.);
#21068=EDGE_CURVE('',#10177,#10178,#7290,.T.);
#21070=EDGE_CURVE('',#10178,#10180,#7294,.T.);
#21072=EDGE_CURVE('',#10180,#10182,#7298,.T.);
#21074=EDGE_CURVE('',#10182,#10286,#7302,.T.);
#21085=EDGE_CURVE('',#10301,#10213,#7322,.T.);
#21087=EDGE_CURVE('',#10177,#10213,#7338,.T.);
#21099=EDGE_CURVE('',#10218,#10302,#7306,.T.);
#21101=EDGE_CURVE('',#10216,#10218,#7310,.T.);
#21103=EDGE_CURVE('',#10214,#10216,#7314,.T.);
#21105=EDGE_CURVE('',#10213,#10214,#7318,.T.);
#21118=EDGE_CURVE('',#10182,#10218,#7326,.T.);
#21130=EDGE_CURVE('',#10180,#10216,#7330,.T.);
#21143=EDGE_CURVE('',#10178,#10214,#7334,.T.);
#21168=EDGE_CURVE('',#10289,#10189,#7342,.T.);
#21170=EDGE_CURVE('',#10189,#10190,#7346,.T.);
#21172=EDGE_CURVE('',#10190,#10192,#7350,.T.);
#21174=EDGE_CURVE('',#10192,#10194,#7354,.T.);
#21176=EDGE_CURVE('',#10194,#10290,#7358,.T.);
#21187=EDGE_CURVE('',#10305,#10225,#7378,.T.);
#21189=EDGE_CURVE('',#10189,#10225,#7394,.T.);
#21201=EDGE_CURVE('',#10230,#10306,#7362,.T.);
#21203=EDGE_CURVE('',#10228,#10230,#7366,.T.);
#21205=EDGE_CURVE('',#10226,#10228,#7370,.T.);
#21207=EDGE_CURVE('',#10225,#10226,#7374,.T.);
#21220=EDGE_CURVE('',#10194,#10230,#7382,.T.);
#21232=EDGE_CURVE('',#10192,#10228,#7386,.T.);
#21245=EDGE_CURVE('',#10190,#10226,#7390,.T.);
#21270=EDGE_CURVE('',#10293,#10201,#7398,.T.);
#21272=EDGE_CURVE('',#10201,#10202,#7402,.T.);
#21274=EDGE_CURVE('',#10202,#10204,#7406,.T.);
#21276=EDGE_CURVE('',#10204,#10206,#7410,.T.);
#21278=EDGE_CURVE('',#10206,#10294,#7414,.T.);
#21289=EDGE_CURVE('',#10309,#10237,#7434,.T.);
#21291=EDGE_CURVE('',#10201,#10237,#7450,.T.);
#21303=EDGE_CURVE('',#10242,#10310,#7418,.T.);
#21305=EDGE_CURVE('',#10240,#10242,#7422,.T.);
#21307=EDGE_CURVE('',#10238,#10240,#7426,.T.);
#21309=EDGE_CURVE('',#10237,#10238,#7430,.T.);
#21322=EDGE_CURVE('',#10206,#10242,#7438,.T.);
#21334=EDGE_CURVE('',#10204,#10240,#7442,.T.);
#21347=EDGE_CURVE('',#10202,#10238,#7446,.T.);
#21372=EDGE_CURVE('',#10441,#10313,#7454,.T.);
#21374=EDGE_CURVE('',#10313,#10314,#7458,.T.);
#21376=EDGE_CURVE('',#10314,#10316,#7462,.T.);
#21378=EDGE_CURVE('',#10316,#10318,#7466,.T.);
#21380=EDGE_CURVE('',#10318,#10442,#7470,.T.);
#21391=EDGE_CURVE('',#10457,#10325,#7490,.T.);
#21393=EDGE_CURVE('',#10313,#10325,#7506,.T.);
#21405=EDGE_CURVE('',#10330,#10458,#7474,.T.);
#21407=EDGE_CURVE('',#10328,#10330,#7478,.T.);
#21409=EDGE_CURVE('',#10326,#10328,#7482,.T.);
#21411=EDGE_CURVE('',#10325,#10326,#7486,.T.);
#21424=EDGE_CURVE('',#10318,#10330,#7494,.T.);
#21436=EDGE_CURVE('',#10316,#10328,#7498,.T.);
#21449=EDGE_CURVE('',#10314,#10326,#7502,.T.);
#21474=EDGE_CURVE('',#10445,#10337,#7510,.T.);
#21476=EDGE_CURVE('',#10337,#10338,#7514,.T.);
#21478=EDGE_CURVE('',#10338,#10340,#7518,.T.);
#21480=EDGE_CURVE('',#10340,#10342,#7522,.T.);
#21482=EDGE_CURVE('',#10342,#10446,#7526,.T.);
#21493=EDGE_CURVE('',#10461,#10373,#7546,.T.);
#21495=EDGE_CURVE('',#10337,#10373,#7562,.T.);
#21507=EDGE_CURVE('',#10378,#10462,#7530,.T.);
#21509=EDGE_CURVE('',#10376,#10378,#7534,.T.);
#21511=EDGE_CURVE('',#10374,#10376,#7538,.T.);
#21513=EDGE_CURVE('',#10373,#10374,#7542,.T.);
#21526=EDGE_CURVE('',#10342,#10378,#7550,.T.);
#21538=EDGE_CURVE('',#10340,#10376,#7554,.T.);
#21551=EDGE_CURVE('',#10338,#10374,#7558,.T.);
#21576=EDGE_CURVE('',#10449,#10349,#7566,.T.);
#21578=EDGE_CURVE('',#10349,#10350,#7570,.T.);
#21580=EDGE_CURVE('',#10350,#10352,#7574,.T.);
#21582=EDGE_CURVE('',#10352,#10354,#7578,.T.);
#21584=EDGE_CURVE('',#10354,#10450,#7582,.T.);
#21595=EDGE_CURVE('',#10465,#10385,#7602,.T.);
#21597=EDGE_CURVE('',#10349,#10385,#7618,.T.);
#21609=EDGE_CURVE('',#10390,#10466,#7586,.T.);
#21611=EDGE_CURVE('',#10388,#10390,#7590,.T.);
#21613=EDGE_CURVE('',#10386,#10388,#7594,.T.);
#21615=EDGE_CURVE('',#10385,#10386,#7598,.T.);
#21628=EDGE_CURVE('',#10354,#10390,#7606,.T.);
#21640=EDGE_CURVE('',#10352,#10388,#7610,.T.);
#21653=EDGE_CURVE('',#10350,#10386,#7614,.T.);
#21678=EDGE_CURVE('',#10453,#10361,#7622,.T.);
#21680=EDGE_CURVE('',#10361,#10362,#7626,.T.);
#21682=EDGE_CURVE('',#10362,#10364,#7630,.T.);
#21684=EDGE_CURVE('',#10364,#10366,#7634,.T.);
#21686=EDGE_CURVE('',#10366,#10454,#7638,.T.);
#21697=EDGE_CURVE('',#10469,#10397,#7658,.T.);
#21699=EDGE_CURVE('',#10361,#10397,#7674,.T.);
#21711=EDGE_CURVE('',#10402,#10470,#7642,.T.);
#21713=EDGE_CURVE('',#10400,#10402,#7646,.T.);
#21715=EDGE_CURVE('',#10398,#10400,#7650,.T.);
#21717=EDGE_CURVE('',#10397,#10398,#7654,.T.);
#21730=EDGE_CURVE('',#10366,#10402,#7662,.T.);
#21742=EDGE_CURVE('',#10364,#10400,#7666,.T.);
#21755=EDGE_CURVE('',#10362,#10398,#7670,.T.);
#21780=EDGE_CURVE('',#10601,#10473,#7678,.T.);
#21782=EDGE_CURVE('',#10473,#10474,#7682,.T.);
#21784=EDGE_CURVE('',#10474,#10476,#7686,.T.);
#21786=EDGE_CURVE('',#10476,#10478,#7690,.T.);
#21788=EDGE_CURVE('',#10478,#10602,#7694,.T.);
#21799=EDGE_CURVE('',#10617,#10485,#7714,.T.);
#21801=EDGE_CURVE('',#10473,#10485,#7730,.T.);
#21813=EDGE_CURVE('',#10490,#10618,#7698,.T.);
#21815=EDGE_CURVE('',#10488,#10490,#7702,.T.);
#21817=EDGE_CURVE('',#10486,#10488,#7706,.T.);
#21819=EDGE_CURVE('',#10485,#10486,#7710,.T.);
#21832=EDGE_CURVE('',#10478,#10490,#7718,.T.);
#21844=EDGE_CURVE('',#10476,#10488,#7722,.T.);
#21857=EDGE_CURVE('',#10474,#10486,#7726,.T.);
#21882=EDGE_CURVE('',#10605,#10497,#7734,.T.);
#21884=EDGE_CURVE('',#10497,#10498,#7738,.T.);
#21886=EDGE_CURVE('',#10498,#10500,#7742,.T.);
#21888=EDGE_CURVE('',#10500,#10502,#7746,.T.);
#21890=EDGE_CURVE('',#10502,#10606,#7750,.T.);
#21901=EDGE_CURVE('',#10621,#10533,#7770,.T.);
#21903=EDGE_CURVE('',#10497,#10533,#7786,.T.);
#21915=EDGE_CURVE('',#10538,#10622,#7754,.T.);
#21917=EDGE_CURVE('',#10536,#10538,#7758,.T.);
#21919=EDGE_CURVE('',#10534,#10536,#7762,.T.);
#21921=EDGE_CURVE('',#10533,#10534,#7766,.T.);
#21934=EDGE_CURVE('',#10502,#10538,#7774,.T.);
#21946=EDGE_CURVE('',#10500,#10536,#7778,.T.);
#21959=EDGE_CURVE('',#10498,#10534,#7782,.T.);
#21984=EDGE_CURVE('',#10609,#10509,#7790,.T.);
#21986=EDGE_CURVE('',#10509,#10510,#7794,.T.);
#21988=EDGE_CURVE('',#10510,#10512,#7798,.T.);
#21990=EDGE_CURVE('',#10512,#10514,#7802,.T.);
#21992=EDGE_CURVE('',#10514,#10610,#7806,.T.);
#22003=EDGE_CURVE('',#10625,#10545,#7826,.T.);
#22005=EDGE_CURVE('',#10509,#10545,#7842,.T.);
#22017=EDGE_CURVE('',#10550,#10626,#7810,.T.);
#22019=EDGE_CURVE('',#10548,#10550,#7814,.T.);
#22021=EDGE_CURVE('',#10546,#10548,#7818,.T.);
#22023=EDGE_CURVE('',#10545,#10546,#7822,.T.);
#22036=EDGE_CURVE('',#10514,#10550,#7830,.T.);
#22048=EDGE_CURVE('',#10512,#10548,#7834,.T.);
#22061=EDGE_CURVE('',#10510,#10546,#7838,.T.);
#22086=EDGE_CURVE('',#10613,#10521,#7846,.T.);
#22088=EDGE_CURVE('',#10521,#10522,#7850,.T.);
#22090=EDGE_CURVE('',#10522,#10524,#7854,.T.);
#22092=EDGE_CURVE('',#10524,#10526,#7858,.T.);
#22094=EDGE_CURVE('',#10526,#10614,#7862,.T.);
#22105=EDGE_CURVE('',#10629,#10557,#7882,.T.);
#22107=EDGE_CURVE('',#10521,#10557,#7898,.T.);
#22119=EDGE_CURVE('',#10562,#10630,#7866,.T.);
#22121=EDGE_CURVE('',#10560,#10562,#7870,.T.);
#22123=EDGE_CURVE('',#10558,#10560,#7874,.T.);
#22125=EDGE_CURVE('',#10557,#10558,#7878,.T.);
#22138=EDGE_CURVE('',#10526,#10562,#7886,.T.);
#22150=EDGE_CURVE('',#10524,#10560,#7890,.T.);
#22163=EDGE_CURVE('',#10522,#10558,#7894,.T.);
#22188=EDGE_CURVE('',#10637,#10649,#7914,.T.);
#22190=EDGE_CURVE('',#10637,#10638,#7902,.T.);
#22192=EDGE_CURVE('',#10638,#10650,#7906,.T.);
#22203=EDGE_CURVE('',#10657,#10645,#7910,.T.);
#22205=EDGE_CURVE('',#10637,#10645,#7930,.T.);
#22217=EDGE_CURVE('',#10646,#10658,#7918,.T.);
#22219=EDGE_CURVE('',#10645,#10646,#7922,.T.);
#22232=EDGE_CURVE('',#10638,#10646,#7926,.T.);
#22256=EDGE_CURVE('',#10653,#10633,#7934,.T.);
#22258=EDGE_CURVE('',#10633,#10634,#7938,.T.);
#22260=EDGE_CURVE('',#10654,#10634,#7950,.T.);
#22271=EDGE_CURVE('',#10661,#10641,#7946,.T.);
#22273=EDGE_CURVE('',#10633,#10641,#7962,.T.);
#22285=EDGE_CURVE('',#10642,#10662,#7958,.T.);
#22287=EDGE_CURVE('',#10641,#10642,#7942,.T.);
#22300=EDGE_CURVE('',#10634,#10642,#7954,.T.);
#22324=EDGE_CURVE('',#10669,#10681,#7978,.T.);
#22326=EDGE_CURVE('',#10669,#10670,#7966,.T.);
#22328=EDGE_CURVE('',#10670,#10682,#7970,.T.);
#22339=EDGE_CURVE('',#10689,#10677,#7974,.T.);
#22341=EDGE_CURVE('',#10669,#10677,#7994,.T.);
#22353=EDGE_CURVE('',#10678,#10690,#7982,.T.);
#22355=EDGE_CURVE('',#10677,#10678,#7986,.T.);
#22368=EDGE_CURVE('',#10670,#10678,#7990,.T.);
#22392=EDGE_CURVE('',#10685,#10665,#7998,.T.);
#22394=EDGE_CURVE('',#10665,#10666,#8002,.T.);
#22396=EDGE_CURVE('',#10686,#10666,#8014,.T.);
#22407=EDGE_CURVE('',#10693,#10673,#8010,.T.);
#22409=EDGE_CURVE('',#10665,#10673,#8026,.T.);
#22421=EDGE_CURVE('',#10674,#10694,#8022,.T.);
#22423=EDGE_CURVE('',#10673,#10674,#8006,.T.);
#22436=EDGE_CURVE('',#10666,#10674,#8018,.T.);
#22467=ADVANCED_BREP_SHAPE_REPRESENTATION('',(#22455),#22466);
#22474=PRODUCT_DEFINITION('design','',#22473,#22470);
#22475=PRODUCT_DEFINITION_SHAPE('','SHAPE FOR 51722-10602000AAC.',#22474);
#22476=SHAPE_DEFINITION_REPRESENTATION(#22475,#22467);
ENDSEC;
END-ISO-10303-21;
