ISO-10303-21;
HEADER;
FILE_DESCRIPTION(('FreeCAD Model'),'2;1');
FILE_NAME('Open CASCADE Shape Model','2026-07-21T14:28:55',('Author'),(
    ''),'Open CASCADE STEP processor 7.8','FreeCAD','Unknown');
FILE_SCHEMA(('AUTOMOTIVE_DESIGN { 1 0 10303 214 1 1 1 1 }'));
ENDSEC;
DATA;
#1 = APPLICATION_PROTOCOL_DEFINITION('international standard',
  'automotive_design',2000,#2);
#2 = APPLICATION_CONTEXT(
  'core data for automotive mechanical design processes');
#3 = SHAPE_DEFINITION_REPRESENTATION(#4,#10);
#4 = PRODUCT_DEFINITION_SHAPE('','',#5);
#5 = PRODUCT_DEFINITION('design','',#6,#9);
#6 = PRODUCT_DEFINITION_FORMATION('','',#7);
#7 = PRODUCT('Shell','Shell','',(#8));
#8 = PRODUCT_CONTEXT('',#2,'mechanical');
#9 = PRODUCT_DEFINITION_CONTEXT('part definition',#2,'design');
#10 = MANIFOLD_SURFACE_SHAPE_REPRESENTATION('',(#11,#15),#4599);
#11 = AXIS2_PLACEMENT_3D('',#12,#13,#14);
#12 = CARTESIAN_POINT('',(0.,0.,0.));
#13 = DIRECTION('',(0.,0.,1.));
#14 = DIRECTION('',(1.,0.,-0.));
#15 = SHELL_BASED_SURFACE_MODEL('',(#16));
#16 = OPEN_SHELL('',(#17,#223,#279,#476,#498,#545,#608,#814,#861,#1058,
    #1080,#1127,#1145,#1178,#1220,#1261,#1279,#1296,#1313,#1338,#1356,
    #1374,#1399,#1416,#1433,#1450,#1490,#1530,#1542,#1573,#1590,#1607,
    #1624,#1641,#1653,#1675,#1687,#1699,#1716,#1733,#1745,#1767,#1779,
    #1791,#1808,#1825,#1837,#1868,#1899,#1921,#1933,#1945,#1976,#2007,
    #2083,#2159,#2181,#2198,#2215,#2232,#2249,#2261,#2278,#2290,#2321,
    #2352,#2374,#2386,#2398,#2429,#2460,#2536,#2612,#2634,#2651,#2663,
    #2680,#2697,#2714,#2731,#2743,#2774,#2805,#2827,#2839,#2851,#2882,
    #2913,#2989,#3065,#3087,#3104,#3116,#3133,#3150,#3167,#3184,#3196,
    #3227,#3258,#3280,#3292,#3304,#3335,#3366,#3442,#3518,#3540,#3557,
    #3569,#3586,#3603,#3620,#3637,#3649,#3680,#3711,#3733,#3745,#3757,
    #3788,#3819,#3895,#3971,#3993,#4010,#4027,#4044,#4061,#4073,#4090,
    #4102,#4133,#4164,#4186,#4198,#4210,#4241,#4272,#4348,#4424,#4446,
    #4463,#4480,#4497,#4514,#4526,#4543,#4555,#4573,#4583));
#17 = ADVANCED_FACE('',(#18,#52,#150,#184),#218,.F.);
#18 = FACE_BOUND('',#19,.T.);
#19 = EDGE_LOOP('',(#20,#30,#38,#46));
#20 = ORIENTED_EDGE('',*,*,#21,.F.);
#21 = EDGE_CURVE('',#22,#24,#26,.T.);
#22 = VERTEX_POINT('',#23);
#23 = CARTESIAN_POINT('',(3.57,2.87,0.51698389596));
#24 = VERTEX_POINT('',#25);
#25 = CARTESIAN_POINT('',(3.57,2.87,0.83698389596));
#26 = LINE('',#27,#28);
#27 = CARTESIAN_POINT('',(3.57,2.87,4.));
#28 = VECTOR('',#29,1.);
#29 = DIRECTION('',(0.,0.,1.));
#30 = ORIENTED_EDGE('',*,*,#31,.T.);
#31 = EDGE_CURVE('',#22,#32,#34,.T.);
#32 = VERTEX_POINT('',#33);
#33 = CARTESIAN_POINT('',(3.57,2.209999999999,0.51698389596));
#34 = LINE('',#35,#36);
#35 = CARTESIAN_POINT('',(3.57,3.569999999999,0.51698389596));
#36 = VECTOR('',#37,1.);
#37 = DIRECTION('',(0.,-1.,0.));
#38 = ORIENTED_EDGE('',*,*,#39,.T.);
#39 = EDGE_CURVE('',#32,#40,#42,.T.);
#40 = VERTEX_POINT('',#41);
#41 = CARTESIAN_POINT('',(3.57,2.209999999999,0.83698389596));
#42 = LINE('',#43,#44);
#43 = CARTESIAN_POINT('',(3.57,2.209999999999,4.));
#44 = VECTOR('',#45,1.);
#45 = DIRECTION('',(0.,0.,1.));
#46 = ORIENTED_EDGE('',*,*,#47,.F.);
#47 = EDGE_CURVE('',#24,#40,#48,.T.);
#48 = LINE('',#49,#50);
#49 = CARTESIAN_POINT('',(3.57,3.569999999999,0.83698389596));
#50 = VECTOR('',#51,1.);
#51 = DIRECTION('',(0.,-1.,0.));
#52 = FACE_BOUND('',#53,.T.);
#53 = EDGE_LOOP('',(#54,#64,#72,#80,#88,#96,#104,#112,#120,#128,#136,
    #144));
#54 = ORIENTED_EDGE('',*,*,#55,.F.);
#55 = EDGE_CURVE('',#56,#58,#60,.T.);
#56 = VERTEX_POINT('',#57);
#57 = CARTESIAN_POINT('',(3.57,1.769999999999,0.4));
#58 = VERTEX_POINT('',#59);
#59 = CARTESIAN_POINT('',(3.57,0.769999999999,0.4));
#60 = LINE('',#61,#62);
#61 = CARTESIAN_POINT('',(3.57,0.769999999999,0.4));
#62 = VECTOR('',#63,1.);
#63 = DIRECTION('',(0.,-1.,0.));
#64 = ORIENTED_EDGE('',*,*,#65,.T.);
#65 = EDGE_CURVE('',#56,#66,#68,.T.);
#66 = VERTEX_POINT('',#67);
#67 = CARTESIAN_POINT('',(3.57,1.769999999999,0.));
#68 = LINE('',#69,#70);
#69 = CARTESIAN_POINT('',(3.57,1.769999999999,0.4));
#70 = VECTOR('',#71,1.);
#71 = DIRECTION('',(0.,0.,-1.));
#72 = ORIENTED_EDGE('',*,*,#73,.T.);
#73 = EDGE_CURVE('',#66,#74,#76,.T.);
#74 = VERTEX_POINT('',#75);
#75 = CARTESIAN_POINT('',(3.57,3.27,0.));
#76 = LINE('',#77,#78);
#77 = CARTESIAN_POINT('',(3.57,3.569999999999,0.));
#78 = VECTOR('',#79,1.);
#79 = DIRECTION('',(0.,1.,0.));
#80 = ORIENTED_EDGE('',*,*,#81,.T.);
#81 = EDGE_CURVE('',#74,#82,#84,.T.);
#82 = VERTEX_POINT('',#83);
#83 = CARTESIAN_POINT('',(3.57,3.27,3.7));
#84 = LINE('',#85,#86);
#85 = CARTESIAN_POINT('',(3.57,3.27,4.));
#86 = VECTOR('',#87,1.);
#87 = DIRECTION('',(0.,0.,1.));
#88 = ORIENTED_EDGE('',*,*,#89,.T.);
#89 = EDGE_CURVE('',#82,#90,#92,.T.);
#90 = VERTEX_POINT('',#91);
#91 = CARTESIAN_POINT('',(3.57,-3.27,3.7));
#92 = LINE('',#93,#94);
#93 = CARTESIAN_POINT('',(3.57,-3.569999999999,3.7));
#94 = VECTOR('',#95,1.);
#95 = DIRECTION('',(0.,-1.,0.));
#96 = ORIENTED_EDGE('',*,*,#97,.T.);
#97 = EDGE_CURVE('',#90,#98,#100,.T.);
#98 = VERTEX_POINT('',#99);
#99 = CARTESIAN_POINT('',(3.57,-3.27,0.));
#100 = LINE('',#101,#102);
#101 = CARTESIAN_POINT('',(3.57,-3.27,4.));
#102 = VECTOR('',#103,1.);
#103 = DIRECTION('',(0.,0.,-1.));
#104 = ORIENTED_EDGE('',*,*,#105,.T.);
#105 = EDGE_CURVE('',#98,#106,#108,.T.);
#106 = VERTEX_POINT('',#107);
#107 = CARTESIAN_POINT('',(3.57,-1.77,0.));
#108 = LINE('',#109,#110);
#109 = CARTESIAN_POINT('',(3.57,3.569999999999,0.));
#110 = VECTOR('',#111,1.);
#111 = DIRECTION('',(0.,1.,0.));
#112 = ORIENTED_EDGE('',*,*,#113,.F.);
#113 = EDGE_CURVE('',#114,#106,#116,.T.);
#114 = VERTEX_POINT('',#115);
#115 = CARTESIAN_POINT('',(3.57,-1.77,0.4));
#116 = LINE('',#117,#118);
#117 = CARTESIAN_POINT('',(3.57,-1.77,0.4));
#118 = VECTOR('',#119,1.);
#119 = DIRECTION('',(0.,0.,-1.));
#120 = ORIENTED_EDGE('',*,*,#121,.F.);
#121 = EDGE_CURVE('',#122,#114,#124,.T.);
#122 = VERTEX_POINT('',#123);
#123 = CARTESIAN_POINT('',(3.57,-0.77,0.4));
#124 = LINE('',#125,#126);
#125 = CARTESIAN_POINT('',(3.57,-1.77,0.4));
#126 = VECTOR('',#127,1.);
#127 = DIRECTION('',(0.,-1.,0.));
#128 = ORIENTED_EDGE('',*,*,#129,.T.);
#129 = EDGE_CURVE('',#122,#130,#132,.T.);
#130 = VERTEX_POINT('',#131);
#131 = CARTESIAN_POINT('',(3.57,-0.77,0.));
#132 = LINE('',#133,#134);
#133 = CARTESIAN_POINT('',(3.57,-0.77,0.4));
#134 = VECTOR('',#135,1.);
#135 = DIRECTION('',(0.,0.,-1.));
#136 = ORIENTED_EDGE('',*,*,#137,.T.);
#137 = EDGE_CURVE('',#130,#138,#140,.T.);
#138 = VERTEX_POINT('',#139);
#139 = CARTESIAN_POINT('',(3.57,0.769999999999,0.));
#140 = LINE('',#141,#142);
#141 = CARTESIAN_POINT('',(3.57,3.569999999999,0.));
#142 = VECTOR('',#143,1.);
#143 = DIRECTION('',(0.,1.,0.));
#144 = ORIENTED_EDGE('',*,*,#145,.F.);
#145 = EDGE_CURVE('',#58,#138,#146,.T.);
#146 = LINE('',#147,#148);
#147 = CARTESIAN_POINT('',(3.57,0.769999999999,0.4));
#148 = VECTOR('',#149,1.);
#149 = DIRECTION('',(0.,0.,-1.));
#150 = FACE_BOUND('',#151,.T.);
#151 = EDGE_LOOP('',(#152,#162,#170,#178));
#152 = ORIENTED_EDGE('',*,*,#153,.F.);
#153 = EDGE_CURVE('',#154,#156,#158,.T.);
#154 = VERTEX_POINT('',#155);
#155 = CARTESIAN_POINT('',(3.57,0.33,0.51698389596));
#156 = VERTEX_POINT('',#157);
#157 = CARTESIAN_POINT('',(3.57,0.33,0.83698389596));
#158 = LINE('',#159,#160);
#159 = CARTESIAN_POINT('',(3.57,0.33,4.));
#160 = VECTOR('',#161,1.);
#161 = DIRECTION('',(0.,0.,1.));
#162 = ORIENTED_EDGE('',*,*,#163,.T.);
#163 = EDGE_CURVE('',#154,#164,#166,.T.);
#164 = VERTEX_POINT('',#165);
#165 = CARTESIAN_POINT('',(3.57,-0.33,0.51698389596));
#166 = LINE('',#167,#168);
#167 = CARTESIAN_POINT('',(3.57,3.569999999999,0.51698389596));
#168 = VECTOR('',#169,1.);
#169 = DIRECTION('',(0.,-1.,0.));
#170 = ORIENTED_EDGE('',*,*,#171,.T.);
#171 = EDGE_CURVE('',#164,#172,#174,.T.);
#172 = VERTEX_POINT('',#173);
#173 = CARTESIAN_POINT('',(3.57,-0.33,0.83698389596));
#174 = LINE('',#175,#176);
#175 = CARTESIAN_POINT('',(3.57,-0.33,4.));
#176 = VECTOR('',#177,1.);
#177 = DIRECTION('',(0.,0.,1.));
#178 = ORIENTED_EDGE('',*,*,#179,.F.);
#179 = EDGE_CURVE('',#156,#172,#180,.T.);
#180 = LINE('',#181,#182);
#181 = CARTESIAN_POINT('',(3.57,3.569999999999,0.83698389596));
#182 = VECTOR('',#183,1.);
#183 = DIRECTION('',(0.,-1.,0.));
#184 = FACE_BOUND('',#185,.T.);
#185 = EDGE_LOOP('',(#186,#196,#204,#212));
#186 = ORIENTED_EDGE('',*,*,#187,.F.);
#187 = EDGE_CURVE('',#188,#190,#192,.T.);
#188 = VERTEX_POINT('',#189);
#189 = CARTESIAN_POINT('',(3.57,-2.209999999999,0.51698389596));
#190 = VERTEX_POINT('',#191);
#191 = CARTESIAN_POINT('',(3.57,-2.209999999999,0.83698389596));
#192 = LINE('',#193,#194);
#193 = CARTESIAN_POINT('',(3.57,-2.21,4.));
#194 = VECTOR('',#195,1.);
#195 = DIRECTION('',(0.,0.,1.));
#196 = ORIENTED_EDGE('',*,*,#197,.T.);
#197 = EDGE_CURVE('',#188,#198,#200,.T.);
#198 = VERTEX_POINT('',#199);
#199 = CARTESIAN_POINT('',(3.57,-2.87,0.51698389596));
#200 = LINE('',#201,#202);
#201 = CARTESIAN_POINT('',(3.57,3.569999999999,0.51698389596));
#202 = VECTOR('',#203,1.);
#203 = DIRECTION('',(0.,-1.,0.));
#204 = ORIENTED_EDGE('',*,*,#205,.T.);
#205 = EDGE_CURVE('',#198,#206,#208,.T.);
#206 = VERTEX_POINT('',#207);
#207 = CARTESIAN_POINT('',(3.57,-2.869999999999,0.83698389596));
#208 = LINE('',#209,#210);
#209 = CARTESIAN_POINT('',(3.57,-2.869999999999,4.));
#210 = VECTOR('',#211,1.);
#211 = DIRECTION('',(0.,0.,1.));
#212 = ORIENTED_EDGE('',*,*,#213,.F.);
#213 = EDGE_CURVE('',#190,#206,#214,.T.);
#214 = LINE('',#215,#216);
#215 = CARTESIAN_POINT('',(3.57,3.569999999999,0.83698389596));
#216 = VECTOR('',#217,1.);
#217 = DIRECTION('',(0.,-1.,0.));
#218 = PLANE('',#219);
#219 = AXIS2_PLACEMENT_3D('',#220,#221,#222);
#220 = CARTESIAN_POINT('',(3.57,3.569999999999,4.));
#221 = DIRECTION('',(-1.,0.,0.));
#222 = DIRECTION('',(0.,0.,1.));
#223 = ADVANCED_FACE('',(#224),#274,.F.);
#224 = FACE_BOUND('',#225,.T.);
#225 = EDGE_LOOP('',(#226,#227,#235,#243,#251,#259,#267));
#226 = ORIENTED_EDGE('',*,*,#73,.F.);
#227 = ORIENTED_EDGE('',*,*,#228,.F.);
#228 = EDGE_CURVE('',#229,#66,#231,.T.);
#229 = VERTEX_POINT('',#230);
#230 = CARTESIAN_POINT('',(3.169999999999,1.769999999999,0.));
#231 = LINE('',#232,#233);
#232 = CARTESIAN_POINT('',(-3.57,1.77,0.));
#233 = VECTOR('',#234,1.);
#234 = DIRECTION('',(1.,-1.214792350123E-16,0.));
#235 = ORIENTED_EDGE('',*,*,#236,.F.);
#236 = EDGE_CURVE('',#237,#229,#239,.T.);
#237 = VERTEX_POINT('',#238);
#238 = CARTESIAN_POINT('',(3.169999999999,3.169999999999,0.));
#239 = LINE('',#240,#241);
#240 = CARTESIAN_POINT('',(3.169999999999,3.169999999999,0.));
#241 = VECTOR('',#242,1.);
#242 = DIRECTION('',(0.,-1.,0.));
#243 = ORIENTED_EDGE('',*,*,#244,.F.);
#244 = EDGE_CURVE('',#245,#237,#247,.T.);
#245 = VERTEX_POINT('',#246);
#246 = CARTESIAN_POINT('',(2.649999999999,3.169999999999,0.));
#247 = LINE('',#248,#249);
#248 = CARTESIAN_POINT('',(-3.169999999999,3.169999999999,0.));
#249 = VECTOR('',#250,1.);
#250 = DIRECTION('',(1.,0.,0.));
#251 = ORIENTED_EDGE('',*,*,#252,.F.);
#252 = EDGE_CURVE('',#253,#245,#255,.T.);
#253 = VERTEX_POINT('',#254);
#254 = CARTESIAN_POINT('',(2.649999999999,3.569999999999,0.));
#255 = LINE('',#256,#257);
#256 = CARTESIAN_POINT('',(2.649999999999,3.569999999999,0.));
#257 = VECTOR('',#258,1.);
#258 = DIRECTION('',(0.,-1.,0.));
#259 = ORIENTED_EDGE('',*,*,#260,.F.);
#260 = EDGE_CURVE('',#261,#253,#263,.T.);
#261 = VERTEX_POINT('',#262);
#262 = CARTESIAN_POINT('',(3.27,3.569999999999,0.));
#263 = LINE('',#264,#265);
#264 = CARTESIAN_POINT('',(-3.57,3.569999999999,0.));
#265 = VECTOR('',#266,1.);
#266 = DIRECTION('',(-1.,0.,0.));
#267 = ORIENTED_EDGE('',*,*,#268,.T.);
#268 = EDGE_CURVE('',#261,#74,#269,.T.);
#269 = CIRCLE('',#270,0.299999999999);
#270 = AXIS2_PLACEMENT_3D('',#271,#272,#273);
#271 = CARTESIAN_POINT('',(3.27,3.27,0.));
#272 = DIRECTION('',(0.,0.,-1.));
#273 = DIRECTION('',(1.,0.,0.));
#274 = PLANE('',#275);
#275 = AXIS2_PLACEMENT_3D('',#276,#277,#278);
#276 = CARTESIAN_POINT('',(0.,0.,0.));
#277 = DIRECTION('',(0.,0.,1.));
#278 = DIRECTION('',(1.,0.,0.));
#279 = ADVANCED_FACE('',(#280,#314,#403,#437),#471,.F.);
#280 = FACE_BOUND('',#281,.T.);
#281 = EDGE_LOOP('',(#282,#292,#300,#308));
#282 = ORIENTED_EDGE('',*,*,#283,.F.);
#283 = EDGE_CURVE('',#284,#286,#288,.T.);
#284 = VERTEX_POINT('',#285);
#285 = CARTESIAN_POINT('',(3.169999999999,2.87,0.83698389596));
#286 = VERTEX_POINT('',#287);
#287 = CARTESIAN_POINT('',(3.169999999999,2.87,0.51698389596));
#288 = LINE('',#289,#290);
#289 = CARTESIAN_POINT('',(3.169999999999,2.87,1.5));
#290 = VECTOR('',#291,1.);
#291 = DIRECTION('',(0.,0.,-1.));
#292 = ORIENTED_EDGE('',*,*,#293,.F.);
#293 = EDGE_CURVE('',#294,#284,#296,.T.);
#294 = VERTEX_POINT('',#295);
#295 = CARTESIAN_POINT('',(3.169999999999,2.209999999999,0.83698389596)
  );
#296 = LINE('',#297,#298);
#297 = CARTESIAN_POINT('',(3.169999999999,3.169999999999,0.83698389596)
  );
#298 = VECTOR('',#299,1.);
#299 = DIRECTION('',(0.,1.,0.));
#300 = ORIENTED_EDGE('',*,*,#301,.T.);
#301 = EDGE_CURVE('',#294,#302,#304,.T.);
#302 = VERTEX_POINT('',#303);
#303 = CARTESIAN_POINT('',(3.169999999999,2.209999999999,0.51698389596)
  );
#304 = LINE('',#305,#306);
#305 = CARTESIAN_POINT('',(3.169999999999,2.209999999999,1.5));
#306 = VECTOR('',#307,1.);
#307 = DIRECTION('',(0.,0.,-1.));
#308 = ORIENTED_EDGE('',*,*,#309,.T.);
#309 = EDGE_CURVE('',#302,#286,#310,.T.);
#310 = LINE('',#311,#312);
#311 = CARTESIAN_POINT('',(3.169999999999,3.169999999999,0.51698389596)
  );
#312 = VECTOR('',#313,1.);
#313 = DIRECTION('',(0.,1.,0.));
#314 = FACE_BOUND('',#315,.T.);
#315 = EDGE_LOOP('',(#316,#317,#325,#333,#341,#349,#357,#365,#373,#381,
    #389,#397));
#316 = ORIENTED_EDGE('',*,*,#236,.T.);
#317 = ORIENTED_EDGE('',*,*,#318,.T.);
#318 = EDGE_CURVE('',#229,#319,#321,.T.);
#319 = VERTEX_POINT('',#320);
#320 = CARTESIAN_POINT('',(3.169999999999,1.769999999999,0.4));
#321 = LINE('',#322,#323);
#322 = CARTESIAN_POINT('',(3.169999999999,1.769999999999,1.5));
#323 = VECTOR('',#324,1.);
#324 = DIRECTION('',(0.,0.,1.));
#325 = ORIENTED_EDGE('',*,*,#326,.F.);
#326 = EDGE_CURVE('',#327,#319,#329,.T.);
#327 = VERTEX_POINT('',#328);
#328 = CARTESIAN_POINT('',(3.169999999999,0.769999999999,0.399999999999)
  );
#329 = LINE('',#330,#331);
#330 = CARTESIAN_POINT('',(3.169999999999,3.169999999999,0.399999999999)
  );
#331 = VECTOR('',#332,1.);
#332 = DIRECTION('',(0.,1.,0.));
#333 = ORIENTED_EDGE('',*,*,#334,.T.);
#334 = EDGE_CURVE('',#327,#335,#337,.T.);
#335 = VERTEX_POINT('',#336);
#336 = CARTESIAN_POINT('',(3.169999999999,0.769999999999,0.));
#337 = LINE('',#338,#339);
#338 = CARTESIAN_POINT('',(3.169999999999,0.769999999999,1.5));
#339 = VECTOR('',#340,1.);
#340 = DIRECTION('',(0.,0.,-1.));
#341 = ORIENTED_EDGE('',*,*,#342,.T.);
#342 = EDGE_CURVE('',#335,#343,#345,.T.);
#343 = VERTEX_POINT('',#344);
#344 = CARTESIAN_POINT('',(3.169999999999,-0.77,0.));
#345 = LINE('',#346,#347);
#346 = CARTESIAN_POINT('',(3.169999999999,3.169999999999,0.));
#347 = VECTOR('',#348,1.);
#348 = DIRECTION('',(0.,-1.,0.));
#349 = ORIENTED_EDGE('',*,*,#350,.T.);
#350 = EDGE_CURVE('',#343,#351,#353,.T.);
#351 = VERTEX_POINT('',#352);
#352 = CARTESIAN_POINT('',(3.169999999999,-0.77,0.4));
#353 = LINE('',#354,#355);
#354 = CARTESIAN_POINT('',(3.169999999999,-0.77,1.5));
#355 = VECTOR('',#356,1.);
#356 = DIRECTION('',(0.,0.,1.));
#357 = ORIENTED_EDGE('',*,*,#358,.F.);
#358 = EDGE_CURVE('',#359,#351,#361,.T.);
#359 = VERTEX_POINT('',#360);
#360 = CARTESIAN_POINT('',(3.169999999999,-1.77,0.399999999999));
#361 = LINE('',#362,#363);
#362 = CARTESIAN_POINT('',(3.169999999999,3.169999999999,0.399999999999)
  );
#363 = VECTOR('',#364,1.);
#364 = DIRECTION('',(0.,1.,0.));
#365 = ORIENTED_EDGE('',*,*,#366,.T.);
#366 = EDGE_CURVE('',#359,#367,#369,.T.);
#367 = VERTEX_POINT('',#368);
#368 = CARTESIAN_POINT('',(3.169999999999,-1.77,0.));
#369 = LINE('',#370,#371);
#370 = CARTESIAN_POINT('',(3.169999999999,-1.77,1.5));
#371 = VECTOR('',#372,1.);
#372 = DIRECTION('',(0.,0.,-1.));
#373 = ORIENTED_EDGE('',*,*,#374,.T.);
#374 = EDGE_CURVE('',#367,#375,#377,.T.);
#375 = VERTEX_POINT('',#376);
#376 = CARTESIAN_POINT('',(3.169999999999,-3.169999999999,0.));
#377 = LINE('',#378,#379);
#378 = CARTESIAN_POINT('',(3.169999999999,3.169999999999,0.));
#379 = VECTOR('',#380,1.);
#380 = DIRECTION('',(0.,-1.,0.));
#381 = ORIENTED_EDGE('',*,*,#382,.F.);
#382 = EDGE_CURVE('',#383,#375,#385,.T.);
#383 = VERTEX_POINT('',#384);
#384 = CARTESIAN_POINT('',(3.169999999999,-3.169999999999,1.5));
#385 = LINE('',#386,#387);
#386 = CARTESIAN_POINT('',(3.169999999999,-3.169999999999,1.5));
#387 = VECTOR('',#388,1.);
#388 = DIRECTION('',(0.,0.,-1.));
#389 = ORIENTED_EDGE('',*,*,#390,.F.);
#390 = EDGE_CURVE('',#391,#383,#393,.T.);
#391 = VERTEX_POINT('',#392);
#392 = CARTESIAN_POINT('',(3.169999999999,3.169999999999,1.5));
#393 = LINE('',#394,#395);
#394 = CARTESIAN_POINT('',(3.169999999999,3.169999999999,1.5));
#395 = VECTOR('',#396,1.);
#396 = DIRECTION('',(0.,-1.,0.));
#397 = ORIENTED_EDGE('',*,*,#398,.T.);
#398 = EDGE_CURVE('',#391,#237,#399,.T.);
#399 = LINE('',#400,#401);
#400 = CARTESIAN_POINT('',(3.169999999999,3.169999999999,1.5));
#401 = VECTOR('',#402,1.);
#402 = DIRECTION('',(0.,0.,-1.));
#403 = FACE_BOUND('',#404,.T.);
#404 = EDGE_LOOP('',(#405,#415,#423,#431));
#405 = ORIENTED_EDGE('',*,*,#406,.F.);
#406 = EDGE_CURVE('',#407,#409,#411,.T.);
#407 = VERTEX_POINT('',#408);
#408 = CARTESIAN_POINT('',(3.169999999999,0.33,0.83698389596));
#409 = VERTEX_POINT('',#410);
#410 = CARTESIAN_POINT('',(3.169999999999,0.33,0.51698389596));
#411 = LINE('',#412,#413);
#412 = CARTESIAN_POINT('',(3.169999999999,0.33,1.5));
#413 = VECTOR('',#414,1.);
#414 = DIRECTION('',(0.,0.,-1.));
#415 = ORIENTED_EDGE('',*,*,#416,.F.);
#416 = EDGE_CURVE('',#417,#407,#419,.T.);
#417 = VERTEX_POINT('',#418);
#418 = CARTESIAN_POINT('',(3.169999999999,-0.33,0.83698389596));
#419 = LINE('',#420,#421);
#420 = CARTESIAN_POINT('',(3.169999999999,3.169999999999,0.83698389596)
  );
#421 = VECTOR('',#422,1.);
#422 = DIRECTION('',(0.,1.,0.));
#423 = ORIENTED_EDGE('',*,*,#424,.T.);
#424 = EDGE_CURVE('',#417,#425,#427,.T.);
#425 = VERTEX_POINT('',#426);
#426 = CARTESIAN_POINT('',(3.169999999999,-0.33,0.51698389596));
#427 = LINE('',#428,#429);
#428 = CARTESIAN_POINT('',(3.169999999999,-0.33,1.5));
#429 = VECTOR('',#430,1.);
#430 = DIRECTION('',(0.,0.,-1.));
#431 = ORIENTED_EDGE('',*,*,#432,.T.);
#432 = EDGE_CURVE('',#425,#409,#433,.T.);
#433 = LINE('',#434,#435);
#434 = CARTESIAN_POINT('',(3.169999999999,3.169999999999,0.51698389596)
  );
#435 = VECTOR('',#436,1.);
#436 = DIRECTION('',(0.,1.,0.));
#437 = FACE_BOUND('',#438,.T.);
#438 = EDGE_LOOP('',(#439,#449,#457,#465));
#439 = ORIENTED_EDGE('',*,*,#440,.F.);
#440 = EDGE_CURVE('',#441,#443,#445,.T.);
#441 = VERTEX_POINT('',#442);
#442 = CARTESIAN_POINT('',(3.169999999999,-2.209999999999,0.83698389596)
  );
#443 = VERTEX_POINT('',#444);
#444 = CARTESIAN_POINT('',(3.169999999999,-2.209999999999,0.51698389596)
  );
#445 = LINE('',#446,#447);
#446 = CARTESIAN_POINT('',(3.169999999999,-2.209999999999,1.5));
#447 = VECTOR('',#448,1.);
#448 = DIRECTION('',(0.,0.,-1.));
#449 = ORIENTED_EDGE('',*,*,#450,.F.);
#450 = EDGE_CURVE('',#451,#441,#453,.T.);
#451 = VERTEX_POINT('',#452);
#452 = CARTESIAN_POINT('',(3.169999999999,-2.87,0.83698389596));
#453 = LINE('',#454,#455);
#454 = CARTESIAN_POINT('',(3.169999999999,3.169999999999,0.83698389596)
  );
#455 = VECTOR('',#456,1.);
#456 = DIRECTION('',(0.,1.,0.));
#457 = ORIENTED_EDGE('',*,*,#458,.T.);
#458 = EDGE_CURVE('',#451,#459,#461,.T.);
#459 = VERTEX_POINT('',#460);
#460 = CARTESIAN_POINT('',(3.169999999999,-2.87,0.51698389596));
#461 = LINE('',#462,#463);
#462 = CARTESIAN_POINT('',(3.169999999999,-2.87,1.5));
#463 = VECTOR('',#464,1.);
#464 = DIRECTION('',(0.,0.,-1.));
#465 = ORIENTED_EDGE('',*,*,#466,.T.);
#466 = EDGE_CURVE('',#459,#443,#467,.T.);
#467 = LINE('',#468,#469);
#468 = CARTESIAN_POINT('',(3.169999999999,3.169999999999,0.51698389596)
  );
#469 = VECTOR('',#470,1.);
#470 = DIRECTION('',(0.,1.,0.));
#471 = PLANE('',#472);
#472 = AXIS2_PLACEMENT_3D('',#473,#474,#475);
#473 = CARTESIAN_POINT('',(3.169999999999,3.169999999999,1.5));
#474 = DIRECTION('',(1.,0.,0.));
#475 = DIRECTION('',(0.,0.,-1.));
#476 = ADVANCED_FACE('',(#477),#493,.F.);
#477 = FACE_BOUND('',#478,.T.);
#478 = EDGE_LOOP('',(#479,#480,#486,#487));
#479 = ORIENTED_EDGE('',*,*,#342,.F.);
#480 = ORIENTED_EDGE('',*,*,#481,.F.);
#481 = EDGE_CURVE('',#138,#335,#482,.T.);
#482 = LINE('',#483,#484);
#483 = CARTESIAN_POINT('',(-3.57,0.77,0.));
#484 = VECTOR('',#485,1.);
#485 = DIRECTION('',(-1.,1.214792350123E-16,0.));
#486 = ORIENTED_EDGE('',*,*,#137,.F.);
#487 = ORIENTED_EDGE('',*,*,#488,.F.);
#488 = EDGE_CURVE('',#343,#130,#489,.T.);
#489 = LINE('',#490,#491);
#490 = CARTESIAN_POINT('',(-3.57,-0.769999999999,0.));
#491 = VECTOR('',#492,1.);
#492 = DIRECTION('',(1.,-1.214792350123E-16,0.));
#493 = PLANE('',#494);
#494 = AXIS2_PLACEMENT_3D('',#495,#496,#497);
#495 = CARTESIAN_POINT('',(0.,0.,0.));
#496 = DIRECTION('',(0.,0.,1.));
#497 = DIRECTION('',(1.,0.,0.));
#498 = ADVANCED_FACE('',(#499),#540,.F.);
#499 = FACE_BOUND('',#500,.T.);
#500 = EDGE_LOOP('',(#501,#502,#508,#509,#518,#526,#534));
#501 = ORIENTED_EDGE('',*,*,#374,.F.);
#502 = ORIENTED_EDGE('',*,*,#503,.F.);
#503 = EDGE_CURVE('',#106,#367,#504,.T.);
#504 = LINE('',#505,#506);
#505 = CARTESIAN_POINT('',(-3.57,-1.769999999999,0.));
#506 = VECTOR('',#507,1.);
#507 = DIRECTION('',(-1.,1.214792350123E-16,0.));
#508 = ORIENTED_EDGE('',*,*,#105,.F.);
#509 = ORIENTED_EDGE('',*,*,#510,.T.);
#510 = EDGE_CURVE('',#98,#511,#513,.T.);
#511 = VERTEX_POINT('',#512);
#512 = CARTESIAN_POINT('',(3.27,-3.569999999999,0.));
#513 = CIRCLE('',#514,0.299999999999);
#514 = AXIS2_PLACEMENT_3D('',#515,#516,#517);
#515 = CARTESIAN_POINT('',(3.27,-3.27,0.));
#516 = DIRECTION('',(0.,0.,-1.));
#517 = DIRECTION('',(1.,0.,0.));
#518 = ORIENTED_EDGE('',*,*,#519,.F.);
#519 = EDGE_CURVE('',#520,#511,#522,.T.);
#520 = VERTEX_POINT('',#521);
#521 = CARTESIAN_POINT('',(2.649999999999,-3.569999999999,0.));
#522 = LINE('',#523,#524);
#523 = CARTESIAN_POINT('',(-3.57,-3.569999999999,0.));
#524 = VECTOR('',#525,1.);
#525 = DIRECTION('',(1.,0.,0.));
#526 = ORIENTED_EDGE('',*,*,#527,.F.);
#527 = EDGE_CURVE('',#528,#520,#530,.T.);
#528 = VERTEX_POINT('',#529);
#529 = CARTESIAN_POINT('',(2.649999999999,-3.169999999999,0.));
#530 = LINE('',#531,#532);
#531 = CARTESIAN_POINT('',(2.649999999999,3.569999999999,0.));
#532 = VECTOR('',#533,1.);
#533 = DIRECTION('',(0.,-1.,0.));
#534 = ORIENTED_EDGE('',*,*,#535,.F.);
#535 = EDGE_CURVE('',#375,#528,#536,.T.);
#536 = LINE('',#537,#538);
#537 = CARTESIAN_POINT('',(3.169999999999,-3.169999999999,0.));
#538 = VECTOR('',#539,1.);
#539 = DIRECTION('',(-1.,0.,0.));
#540 = PLANE('',#541);
#541 = AXIS2_PLACEMENT_3D('',#542,#543,#544);
#542 = CARTESIAN_POINT('',(0.,0.,0.));
#543 = DIRECTION('',(0.,0.,1.));
#544 = DIRECTION('',(1.,0.,0.));
#545 = ADVANCED_FACE('',(#546),#603,.F.);
#546 = FACE_BOUND('',#547,.T.);
#547 = EDGE_LOOP('',(#548,#549,#557,#565,#573,#581,#589,#597));
#548 = ORIENTED_EDGE('',*,*,#260,.T.);
#549 = ORIENTED_EDGE('',*,*,#550,.F.);
#550 = EDGE_CURVE('',#551,#253,#553,.T.);
#551 = VERTEX_POINT('',#552);
#552 = CARTESIAN_POINT('',(2.649999999999,3.569999999999,0.149999999999)
  );
#553 = LINE('',#554,#555);
#554 = CARTESIAN_POINT('',(2.649999999999,3.569999999999,0.149999999999)
  );
#555 = VECTOR('',#556,1.);
#556 = DIRECTION('',(0.,0.,-1.));
#557 = ORIENTED_EDGE('',*,*,#558,.F.);
#558 = EDGE_CURVE('',#559,#551,#561,.T.);
#559 = VERTEX_POINT('',#560);
#560 = CARTESIAN_POINT('',(-2.649999999999,3.569999999999,0.149999999999
    ));
#561 = LINE('',#562,#563);
#562 = CARTESIAN_POINT('',(-2.649999999999,3.569999999999,0.149999999999
    ));
#563 = VECTOR('',#564,1.);
#564 = DIRECTION('',(1.,0.,0.));
#565 = ORIENTED_EDGE('',*,*,#566,.T.);
#566 = EDGE_CURVE('',#559,#567,#569,.T.);
#567 = VERTEX_POINT('',#568);
#568 = CARTESIAN_POINT('',(-2.649999999999,3.569999999999,0.));
#569 = LINE('',#570,#571);
#570 = CARTESIAN_POINT('',(-2.649999999999,3.569999999999,0.149999999999
    ));
#571 = VECTOR('',#572,1.);
#572 = DIRECTION('',(0.,0.,-1.));
#573 = ORIENTED_EDGE('',*,*,#574,.T.);
#574 = EDGE_CURVE('',#567,#575,#577,.T.);
#575 = VERTEX_POINT('',#576);
#576 = CARTESIAN_POINT('',(-3.27,3.569999999999,0.));
#577 = LINE('',#578,#579);
#578 = CARTESIAN_POINT('',(-3.57,3.569999999999,0.));
#579 = VECTOR('',#580,1.);
#580 = DIRECTION('',(-1.,0.,0.));
#581 = ORIENTED_EDGE('',*,*,#582,.T.);
#582 = EDGE_CURVE('',#575,#583,#585,.T.);
#583 = VERTEX_POINT('',#584);
#584 = CARTESIAN_POINT('',(-3.27,3.569999999999,3.7));
#585 = LINE('',#586,#587);
#586 = CARTESIAN_POINT('',(-3.27,3.569999999999,4.));
#587 = VECTOR('',#588,1.);
#588 = DIRECTION('',(0.,0.,1.));
#589 = ORIENTED_EDGE('',*,*,#590,.T.);
#590 = EDGE_CURVE('',#583,#591,#593,.T.);
#591 = VERTEX_POINT('',#592);
#592 = CARTESIAN_POINT('',(3.27,3.569999999999,3.7));
#593 = LINE('',#594,#595);
#594 = CARTESIAN_POINT('',(3.57,3.569999999999,3.7));
#595 = VECTOR('',#596,1.);
#596 = DIRECTION('',(1.,0.,0.));
#597 = ORIENTED_EDGE('',*,*,#598,.T.);
#598 = EDGE_CURVE('',#591,#261,#599,.T.);
#599 = LINE('',#600,#601);
#600 = CARTESIAN_POINT('',(3.27,3.569999999999,4.));
#601 = VECTOR('',#602,1.);
#602 = DIRECTION('',(0.,0.,-1.));
#603 = PLANE('',#604);
#604 = AXIS2_PLACEMENT_3D('',#605,#606,#607);
#605 = CARTESIAN_POINT('',(-3.57,3.569999999999,4.));
#606 = DIRECTION('',(0.,-1.,0.));
#607 = DIRECTION('',(0.,0.,-1.));
#608 = ADVANCED_FACE('',(#609,#643,#741,#775),#809,.F.);
#609 = FACE_BOUND('',#610,.T.);
#610 = EDGE_LOOP('',(#611,#621,#629,#637));
#611 = ORIENTED_EDGE('',*,*,#612,.F.);
#612 = EDGE_CURVE('',#613,#615,#617,.T.);
#613 = VERTEX_POINT('',#614);
#614 = CARTESIAN_POINT('',(-3.169999999999,2.87,0.51698389596));
#615 = VERTEX_POINT('',#616);
#616 = CARTESIAN_POINT('',(-3.169999999999,2.87,0.83698389596));
#617 = LINE('',#618,#619);
#618 = CARTESIAN_POINT('',(-3.169999999999,2.87,1.5));
#619 = VECTOR('',#620,1.);
#620 = DIRECTION('',(0.,0.,1.));
#621 = ORIENTED_EDGE('',*,*,#622,.F.);
#622 = EDGE_CURVE('',#623,#613,#625,.T.);
#623 = VERTEX_POINT('',#624);
#624 = CARTESIAN_POINT('',(-3.169999999999,2.209999999999,0.51698389596)
  );
#625 = LINE('',#626,#627);
#626 = CARTESIAN_POINT('',(-3.169999999999,-3.169999999999,0.51698389596
    ));
#627 = VECTOR('',#628,1.);
#628 = DIRECTION('',(0.,1.,0.));
#629 = ORIENTED_EDGE('',*,*,#630,.T.);
#630 = EDGE_CURVE('',#623,#631,#633,.T.);
#631 = VERTEX_POINT('',#632);
#632 = CARTESIAN_POINT('',(-3.169999999999,2.209999999999,0.83698389596)
  );
#633 = LINE('',#634,#635);
#634 = CARTESIAN_POINT('',(-3.169999999999,2.209999999999,1.5));
#635 = VECTOR('',#636,1.);
#636 = DIRECTION('',(0.,0.,1.));
#637 = ORIENTED_EDGE('',*,*,#638,.T.);
#638 = EDGE_CURVE('',#631,#615,#639,.T.);
#639 = LINE('',#640,#641);
#640 = CARTESIAN_POINT('',(-3.169999999999,-3.169999999999,0.83698389596
    ));
#641 = VECTOR('',#642,1.);
#642 = DIRECTION('',(0.,1.,0.));
#643 = FACE_BOUND('',#644,.T.);
#644 = EDGE_LOOP('',(#645,#655,#663,#671,#679,#687,#695,#703,#711,#719,
    #727,#735));
#645 = ORIENTED_EDGE('',*,*,#646,.F.);
#646 = EDGE_CURVE('',#647,#649,#651,.T.);
#647 = VERTEX_POINT('',#648);
#648 = CARTESIAN_POINT('',(-3.169999999999,1.77,0.399999999999));
#649 = VERTEX_POINT('',#650);
#650 = CARTESIAN_POINT('',(-3.169999999999,0.77,0.4));
#651 = LINE('',#652,#653);
#652 = CARTESIAN_POINT('',(-3.169999999999,-3.169999999999,
    0.399999999999));
#653 = VECTOR('',#654,1.);
#654 = DIRECTION('',(0.,-1.,0.));
#655 = ORIENTED_EDGE('',*,*,#656,.T.);
#656 = EDGE_CURVE('',#647,#657,#659,.T.);
#657 = VERTEX_POINT('',#658);
#658 = CARTESIAN_POINT('',(-3.169999999999,1.77,0.));
#659 = LINE('',#660,#661);
#660 = CARTESIAN_POINT('',(-3.169999999999,1.77,1.5));
#661 = VECTOR('',#662,1.);
#662 = DIRECTION('',(0.,0.,-1.));
#663 = ORIENTED_EDGE('',*,*,#664,.T.);
#664 = EDGE_CURVE('',#657,#665,#667,.T.);
#665 = VERTEX_POINT('',#666);
#666 = CARTESIAN_POINT('',(-3.169999999999,3.169999999999,0.));
#667 = LINE('',#668,#669);
#668 = CARTESIAN_POINT('',(-3.169999999999,-3.169999999999,0.));
#669 = VECTOR('',#670,1.);
#670 = DIRECTION('',(0.,1.,0.));
#671 = ORIENTED_EDGE('',*,*,#672,.F.);
#672 = EDGE_CURVE('',#673,#665,#675,.T.);
#673 = VERTEX_POINT('',#674);
#674 = CARTESIAN_POINT('',(-3.169999999999,3.169999999999,1.5));
#675 = LINE('',#676,#677);
#676 = CARTESIAN_POINT('',(-3.169999999999,3.169999999999,1.5));
#677 = VECTOR('',#678,1.);
#678 = DIRECTION('',(0.,0.,-1.));
#679 = ORIENTED_EDGE('',*,*,#680,.F.);
#680 = EDGE_CURVE('',#681,#673,#683,.T.);
#681 = VERTEX_POINT('',#682);
#682 = CARTESIAN_POINT('',(-3.169999999999,-3.169999999999,1.5));
#683 = LINE('',#684,#685);
#684 = CARTESIAN_POINT('',(-3.169999999999,-3.169999999999,1.5));
#685 = VECTOR('',#686,1.);
#686 = DIRECTION('',(0.,1.,0.));
#687 = ORIENTED_EDGE('',*,*,#688,.T.);
#688 = EDGE_CURVE('',#681,#689,#691,.T.);
#689 = VERTEX_POINT('',#690);
#690 = CARTESIAN_POINT('',(-3.169999999999,-3.169999999999,0.));
#691 = LINE('',#692,#693);
#692 = CARTESIAN_POINT('',(-3.169999999999,-3.169999999999,1.5));
#693 = VECTOR('',#694,1.);
#694 = DIRECTION('',(0.,0.,-1.));
#695 = ORIENTED_EDGE('',*,*,#696,.T.);
#696 = EDGE_CURVE('',#689,#697,#699,.T.);
#697 = VERTEX_POINT('',#698);
#698 = CARTESIAN_POINT('',(-3.169999999999,-1.769999999999,0.));
#699 = LINE('',#700,#701);
#700 = CARTESIAN_POINT('',(-3.169999999999,-3.169999999999,0.));
#701 = VECTOR('',#702,1.);
#702 = DIRECTION('',(0.,1.,0.));
#703 = ORIENTED_EDGE('',*,*,#704,.T.);
#704 = EDGE_CURVE('',#697,#705,#707,.T.);
#705 = VERTEX_POINT('',#706);
#706 = CARTESIAN_POINT('',(-3.169999999999,-1.769999999999,0.4));
#707 = LINE('',#708,#709);
#708 = CARTESIAN_POINT('',(-3.169999999999,-1.769999999999,1.5));
#709 = VECTOR('',#710,1.);
#710 = DIRECTION('',(0.,0.,1.));
#711 = ORIENTED_EDGE('',*,*,#712,.F.);
#712 = EDGE_CURVE('',#713,#705,#715,.T.);
#713 = VERTEX_POINT('',#714);
#714 = CARTESIAN_POINT('',(-3.169999999999,-0.769999999999,
    0.399999999999));
#715 = LINE('',#716,#717);
#716 = CARTESIAN_POINT('',(-3.169999999999,-3.169999999999,
    0.399999999999));
#717 = VECTOR('',#718,1.);
#718 = DIRECTION('',(0.,-1.,0.));
#719 = ORIENTED_EDGE('',*,*,#720,.T.);
#720 = EDGE_CURVE('',#713,#721,#723,.T.);
#721 = VERTEX_POINT('',#722);
#722 = CARTESIAN_POINT('',(-3.169999999999,-0.769999999999,0.));
#723 = LINE('',#724,#725);
#724 = CARTESIAN_POINT('',(-3.169999999999,-0.769999999999,1.5));
#725 = VECTOR('',#726,1.);
#726 = DIRECTION('',(0.,0.,-1.));
#727 = ORIENTED_EDGE('',*,*,#728,.T.);
#728 = EDGE_CURVE('',#721,#729,#731,.T.);
#729 = VERTEX_POINT('',#730);
#730 = CARTESIAN_POINT('',(-3.169999999999,0.77,0.));
#731 = LINE('',#732,#733);
#732 = CARTESIAN_POINT('',(-3.169999999999,-3.169999999999,0.));
#733 = VECTOR('',#734,1.);
#734 = DIRECTION('',(0.,1.,0.));
#735 = ORIENTED_EDGE('',*,*,#736,.T.);
#736 = EDGE_CURVE('',#729,#649,#737,.T.);
#737 = LINE('',#738,#739);
#738 = CARTESIAN_POINT('',(-3.169999999999,0.77,1.5));
#739 = VECTOR('',#740,1.);
#740 = DIRECTION('',(0.,0.,1.));
#741 = FACE_BOUND('',#742,.T.);
#742 = EDGE_LOOP('',(#743,#753,#761,#769));
#743 = ORIENTED_EDGE('',*,*,#744,.F.);
#744 = EDGE_CURVE('',#745,#747,#749,.T.);
#745 = VERTEX_POINT('',#746);
#746 = CARTESIAN_POINT('',(-3.169999999999,0.33,0.51698389596));
#747 = VERTEX_POINT('',#748);
#748 = CARTESIAN_POINT('',(-3.169999999999,0.33,0.83698389596));
#749 = LINE('',#750,#751);
#750 = CARTESIAN_POINT('',(-3.169999999999,0.33,1.5));
#751 = VECTOR('',#752,1.);
#752 = DIRECTION('',(0.,0.,1.));
#753 = ORIENTED_EDGE('',*,*,#754,.F.);
#754 = EDGE_CURVE('',#755,#745,#757,.T.);
#755 = VERTEX_POINT('',#756);
#756 = CARTESIAN_POINT('',(-3.169999999999,-0.33,0.51698389596));
#757 = LINE('',#758,#759);
#758 = CARTESIAN_POINT('',(-3.169999999999,-3.169999999999,0.51698389596
    ));
#759 = VECTOR('',#760,1.);
#760 = DIRECTION('',(0.,1.,0.));
#761 = ORIENTED_EDGE('',*,*,#762,.T.);
#762 = EDGE_CURVE('',#755,#763,#765,.T.);
#763 = VERTEX_POINT('',#764);
#764 = CARTESIAN_POINT('',(-3.169999999999,-0.33,0.83698389596));
#765 = LINE('',#766,#767);
#766 = CARTESIAN_POINT('',(-3.169999999999,-0.33,1.5));
#767 = VECTOR('',#768,1.);
#768 = DIRECTION('',(0.,0.,1.));
#769 = ORIENTED_EDGE('',*,*,#770,.T.);
#770 = EDGE_CURVE('',#763,#747,#771,.T.);
#771 = LINE('',#772,#773);
#772 = CARTESIAN_POINT('',(-3.169999999999,-3.169999999999,0.83698389596
    ));
#773 = VECTOR('',#774,1.);
#774 = DIRECTION('',(0.,1.,0.));
#775 = FACE_BOUND('',#776,.T.);
#776 = EDGE_LOOP('',(#777,#787,#795,#803));
#777 = ORIENTED_EDGE('',*,*,#778,.F.);
#778 = EDGE_CURVE('',#779,#781,#783,.T.);
#779 = VERTEX_POINT('',#780);
#780 = CARTESIAN_POINT('',(-3.169999999999,-2.209999999999,0.51698389596
    ));
#781 = VERTEX_POINT('',#782);
#782 = CARTESIAN_POINT('',(-3.169999999999,-2.209999999999,0.83698389596
    ));
#783 = LINE('',#784,#785);
#784 = CARTESIAN_POINT('',(-3.169999999999,-2.209999999999,1.5));
#785 = VECTOR('',#786,1.);
#786 = DIRECTION('',(0.,0.,1.));
#787 = ORIENTED_EDGE('',*,*,#788,.F.);
#788 = EDGE_CURVE('',#789,#779,#791,.T.);
#789 = VERTEX_POINT('',#790);
#790 = CARTESIAN_POINT('',(-3.169999999999,-2.87,0.51698389596));
#791 = LINE('',#792,#793);
#792 = CARTESIAN_POINT('',(-3.169999999999,-3.169999999999,0.51698389596
    ));
#793 = VECTOR('',#794,1.);
#794 = DIRECTION('',(0.,1.,0.));
#795 = ORIENTED_EDGE('',*,*,#796,.T.);
#796 = EDGE_CURVE('',#789,#797,#799,.T.);
#797 = VERTEX_POINT('',#798);
#798 = CARTESIAN_POINT('',(-3.169999999999,-2.87,0.83698389596));
#799 = LINE('',#800,#801);
#800 = CARTESIAN_POINT('',(-3.169999999999,-2.87,1.5));
#801 = VECTOR('',#802,1.);
#802 = DIRECTION('',(0.,0.,1.));
#803 = ORIENTED_EDGE('',*,*,#804,.T.);
#804 = EDGE_CURVE('',#797,#781,#805,.T.);
#805 = LINE('',#806,#807);
#806 = CARTESIAN_POINT('',(-3.169999999999,-3.169999999999,0.83698389596
    ));
#807 = VECTOR('',#808,1.);
#808 = DIRECTION('',(0.,1.,0.));
#809 = PLANE('',#810);
#810 = AXIS2_PLACEMENT_3D('',#811,#812,#813);
#811 = CARTESIAN_POINT('',(-3.169999999999,-3.169999999999,1.5));
#812 = DIRECTION('',(-1.,0.,0.));
#813 = DIRECTION('',(0.,0.,1.));
#814 = ADVANCED_FACE('',(#815),#856,.F.);
#815 = FACE_BOUND('',#816,.T.);
#816 = EDGE_LOOP('',(#817,#818,#826,#834,#841,#842,#850));
#817 = ORIENTED_EDGE('',*,*,#664,.F.);
#818 = ORIENTED_EDGE('',*,*,#819,.F.);
#819 = EDGE_CURVE('',#820,#657,#822,.T.);
#820 = VERTEX_POINT('',#821);
#821 = CARTESIAN_POINT('',(-3.57,1.77,0.));
#822 = LINE('',#823,#824);
#823 = CARTESIAN_POINT('',(-3.57,1.77,0.));
#824 = VECTOR('',#825,1.);
#825 = DIRECTION('',(1.,-1.214792350123E-16,0.));
#826 = ORIENTED_EDGE('',*,*,#827,.F.);
#827 = EDGE_CURVE('',#828,#820,#830,.T.);
#828 = VERTEX_POINT('',#829);
#829 = CARTESIAN_POINT('',(-3.57,3.27,0.));
#830 = LINE('',#831,#832);
#831 = CARTESIAN_POINT('',(-3.57,3.569999999999,0.));
#832 = VECTOR('',#833,1.);
#833 = DIRECTION('',(0.,-1.,0.));
#834 = ORIENTED_EDGE('',*,*,#835,.T.);
#835 = EDGE_CURVE('',#828,#575,#836,.T.);
#836 = CIRCLE('',#837,0.299999999999);
#837 = AXIS2_PLACEMENT_3D('',#838,#839,#840);
#838 = CARTESIAN_POINT('',(-3.27,3.27,0.));
#839 = DIRECTION('',(0.,0.,-1.));
#840 = DIRECTION('',(1.,0.,0.));
#841 = ORIENTED_EDGE('',*,*,#574,.F.);
#842 = ORIENTED_EDGE('',*,*,#843,.F.);
#843 = EDGE_CURVE('',#844,#567,#846,.T.);
#844 = VERTEX_POINT('',#845);
#845 = CARTESIAN_POINT('',(-2.649999999999,3.169999999999,0.));
#846 = LINE('',#847,#848);
#847 = CARTESIAN_POINT('',(-2.649999999999,3.569999999999,0.));
#848 = VECTOR('',#849,1.);
#849 = DIRECTION('',(0.,1.,0.));
#850 = ORIENTED_EDGE('',*,*,#851,.F.);
#851 = EDGE_CURVE('',#665,#844,#852,.T.);
#852 = LINE('',#853,#854);
#853 = CARTESIAN_POINT('',(-3.169999999999,3.169999999999,0.));
#854 = VECTOR('',#855,1.);
#855 = DIRECTION('',(1.,0.,0.));
#856 = PLANE('',#857);
#857 = AXIS2_PLACEMENT_3D('',#858,#859,#860);
#858 = CARTESIAN_POINT('',(0.,0.,0.));
#859 = DIRECTION('',(0.,0.,1.));
#860 = DIRECTION('',(1.,0.,0.));
#861 = ADVANCED_FACE('',(#862,#896,#985,#1019),#1053,.F.);
#862 = FACE_BOUND('',#863,.T.);
#863 = EDGE_LOOP('',(#864,#874,#882,#890));
#864 = ORIENTED_EDGE('',*,*,#865,.F.);
#865 = EDGE_CURVE('',#866,#868,#870,.T.);
#866 = VERTEX_POINT('',#867);
#867 = CARTESIAN_POINT('',(-3.57,2.87,0.83698389596));
#868 = VERTEX_POINT('',#869);
#869 = CARTESIAN_POINT('',(-3.57,2.87,0.51698389596));
#870 = LINE('',#871,#872);
#871 = CARTESIAN_POINT('',(-3.57,2.87,4.));
#872 = VECTOR('',#873,1.);
#873 = DIRECTION('',(0.,0.,-1.));
#874 = ORIENTED_EDGE('',*,*,#875,.T.);
#875 = EDGE_CURVE('',#866,#876,#878,.T.);
#876 = VERTEX_POINT('',#877);
#877 = CARTESIAN_POINT('',(-3.57,2.209999999999,0.83698389596));
#878 = LINE('',#879,#880);
#879 = CARTESIAN_POINT('',(-3.57,3.569999999999,0.83698389596));
#880 = VECTOR('',#881,1.);
#881 = DIRECTION('',(0.,-1.,0.));
#882 = ORIENTED_EDGE('',*,*,#883,.T.);
#883 = EDGE_CURVE('',#876,#884,#886,.T.);
#884 = VERTEX_POINT('',#885);
#885 = CARTESIAN_POINT('',(-3.57,2.209999999999,0.51698389596));
#886 = LINE('',#887,#888);
#887 = CARTESIAN_POINT('',(-3.57,2.209999999999,4.));
#888 = VECTOR('',#889,1.);
#889 = DIRECTION('',(0.,0.,-1.));
#890 = ORIENTED_EDGE('',*,*,#891,.F.);
#891 = EDGE_CURVE('',#868,#884,#892,.T.);
#892 = LINE('',#893,#894);
#893 = CARTESIAN_POINT('',(-3.57,3.569999999999,0.51698389596));
#894 = VECTOR('',#895,1.);
#895 = DIRECTION('',(0.,-1.,0.));
#896 = FACE_BOUND('',#897,.T.);
#897 = EDGE_LOOP('',(#898,#899,#907,#915,#923,#931,#939,#947,#955,#963,
    #971,#979));
#898 = ORIENTED_EDGE('',*,*,#827,.T.);
#899 = ORIENTED_EDGE('',*,*,#900,.F.);
#900 = EDGE_CURVE('',#901,#820,#903,.T.);
#901 = VERTEX_POINT('',#902);
#902 = CARTESIAN_POINT('',(-3.57,1.77,0.4));
#903 = LINE('',#904,#905);
#904 = CARTESIAN_POINT('',(-3.57,1.77,0.4));
#905 = VECTOR('',#906,1.);
#906 = DIRECTION('',(0.,0.,-1.));
#907 = ORIENTED_EDGE('',*,*,#908,.F.);
#908 = EDGE_CURVE('',#909,#901,#911,.T.);
#909 = VERTEX_POINT('',#910);
#910 = CARTESIAN_POINT('',(-3.57,0.77,0.4));
#911 = LINE('',#912,#913);
#912 = CARTESIAN_POINT('',(-3.57,0.77,0.4));
#913 = VECTOR('',#914,1.);
#914 = DIRECTION('',(0.,1.,0.));
#915 = ORIENTED_EDGE('',*,*,#916,.T.);
#916 = EDGE_CURVE('',#909,#917,#919,.T.);
#917 = VERTEX_POINT('',#918);
#918 = CARTESIAN_POINT('',(-3.57,0.77,0.));
#919 = LINE('',#920,#921);
#920 = CARTESIAN_POINT('',(-3.57,0.77,0.4));
#921 = VECTOR('',#922,1.);
#922 = DIRECTION('',(0.,0.,-1.));
#923 = ORIENTED_EDGE('',*,*,#924,.T.);
#924 = EDGE_CURVE('',#917,#925,#927,.T.);
#925 = VERTEX_POINT('',#926);
#926 = CARTESIAN_POINT('',(-3.57,-0.769999999999,0.));
#927 = LINE('',#928,#929);
#928 = CARTESIAN_POINT('',(-3.57,3.569999999999,0.));
#929 = VECTOR('',#930,1.);
#930 = DIRECTION('',(0.,-1.,0.));
#931 = ORIENTED_EDGE('',*,*,#932,.F.);
#932 = EDGE_CURVE('',#933,#925,#935,.T.);
#933 = VERTEX_POINT('',#934);
#934 = CARTESIAN_POINT('',(-3.57,-0.769999999999,0.4));
#935 = LINE('',#936,#937);
#936 = CARTESIAN_POINT('',(-3.57,-0.769999999999,0.4));
#937 = VECTOR('',#938,1.);
#938 = DIRECTION('',(0.,0.,-1.));
#939 = ORIENTED_EDGE('',*,*,#940,.F.);
#940 = EDGE_CURVE('',#941,#933,#943,.T.);
#941 = VERTEX_POINT('',#942);
#942 = CARTESIAN_POINT('',(-3.57,-1.769999999999,0.4));
#943 = LINE('',#944,#945);
#944 = CARTESIAN_POINT('',(-3.57,-1.769999999999,0.4));
#945 = VECTOR('',#946,1.);
#946 = DIRECTION('',(0.,1.,0.));
#947 = ORIENTED_EDGE('',*,*,#948,.T.);
#948 = EDGE_CURVE('',#941,#949,#951,.T.);
#949 = VERTEX_POINT('',#950);
#950 = CARTESIAN_POINT('',(-3.57,-1.769999999999,0.));
#951 = LINE('',#952,#953);
#952 = CARTESIAN_POINT('',(-3.57,-1.769999999999,0.4));
#953 = VECTOR('',#954,1.);
#954 = DIRECTION('',(0.,0.,-1.));
#955 = ORIENTED_EDGE('',*,*,#956,.T.);
#956 = EDGE_CURVE('',#949,#957,#959,.T.);
#957 = VERTEX_POINT('',#958);
#958 = CARTESIAN_POINT('',(-3.57,-3.27,0.));
#959 = LINE('',#960,#961);
#960 = CARTESIAN_POINT('',(-3.57,3.569999999999,0.));
#961 = VECTOR('',#962,1.);
#962 = DIRECTION('',(0.,-1.,0.));
#963 = ORIENTED_EDGE('',*,*,#964,.T.);
#964 = EDGE_CURVE('',#957,#965,#967,.T.);
#965 = VERTEX_POINT('',#966);
#966 = CARTESIAN_POINT('',(-3.57,-3.27,3.7));
#967 = LINE('',#968,#969);
#968 = CARTESIAN_POINT('',(-3.57,-3.27,4.));
#969 = VECTOR('',#970,1.);
#970 = DIRECTION('',(0.,0.,1.));
#971 = ORIENTED_EDGE('',*,*,#972,.T.);
#972 = EDGE_CURVE('',#965,#973,#975,.T.);
#973 = VERTEX_POINT('',#974);
#974 = CARTESIAN_POINT('',(-3.57,3.27,3.7));
#975 = LINE('',#976,#977);
#976 = CARTESIAN_POINT('',(-3.57,3.569999999999,3.7));
#977 = VECTOR('',#978,1.);
#978 = DIRECTION('',(0.,1.,0.));
#979 = ORIENTED_EDGE('',*,*,#980,.T.);
#980 = EDGE_CURVE('',#973,#828,#981,.T.);
#981 = LINE('',#982,#983);
#982 = CARTESIAN_POINT('',(-3.57,3.27,4.));
#983 = VECTOR('',#984,1.);
#984 = DIRECTION('',(0.,0.,-1.));
#985 = FACE_BOUND('',#986,.T.);
#986 = EDGE_LOOP('',(#987,#997,#1005,#1013));
#987 = ORIENTED_EDGE('',*,*,#988,.F.);
#988 = EDGE_CURVE('',#989,#991,#993,.T.);
#989 = VERTEX_POINT('',#990);
#990 = CARTESIAN_POINT('',(-3.57,0.33,0.83698389596));
#991 = VERTEX_POINT('',#992);
#992 = CARTESIAN_POINT('',(-3.57,0.33,0.51698389596));
#993 = LINE('',#994,#995);
#994 = CARTESIAN_POINT('',(-3.57,0.33,4.));
#995 = VECTOR('',#996,1.);
#996 = DIRECTION('',(0.,0.,-1.));
#997 = ORIENTED_EDGE('',*,*,#998,.T.);
#998 = EDGE_CURVE('',#989,#999,#1001,.T.);
#999 = VERTEX_POINT('',#1000);
#1000 = CARTESIAN_POINT('',(-3.57,-0.33,0.83698389596));
#1001 = LINE('',#1002,#1003);
#1002 = CARTESIAN_POINT('',(-3.57,3.569999999999,0.83698389596));
#1003 = VECTOR('',#1004,1.);
#1004 = DIRECTION('',(0.,-1.,0.));
#1005 = ORIENTED_EDGE('',*,*,#1006,.T.);
#1006 = EDGE_CURVE('',#999,#1007,#1009,.T.);
#1007 = VERTEX_POINT('',#1008);
#1008 = CARTESIAN_POINT('',(-3.57,-0.33,0.51698389596));
#1009 = LINE('',#1010,#1011);
#1010 = CARTESIAN_POINT('',(-3.57,-0.33,4.));
#1011 = VECTOR('',#1012,1.);
#1012 = DIRECTION('',(0.,0.,-1.));
#1013 = ORIENTED_EDGE('',*,*,#1014,.F.);
#1014 = EDGE_CURVE('',#991,#1007,#1015,.T.);
#1015 = LINE('',#1016,#1017);
#1016 = CARTESIAN_POINT('',(-3.57,3.569999999999,0.51698389596));
#1017 = VECTOR('',#1018,1.);
#1018 = DIRECTION('',(0.,-1.,0.));
#1019 = FACE_BOUND('',#1020,.T.);
#1020 = EDGE_LOOP('',(#1021,#1031,#1039,#1047));
#1021 = ORIENTED_EDGE('',*,*,#1022,.F.);
#1022 = EDGE_CURVE('',#1023,#1025,#1027,.T.);
#1023 = VERTEX_POINT('',#1024);
#1024 = CARTESIAN_POINT('',(-3.57,-2.209999999999,0.83698389596));
#1025 = VERTEX_POINT('',#1026);
#1026 = CARTESIAN_POINT('',(-3.57,-2.209999999999,0.51698389596));
#1027 = LINE('',#1028,#1029);
#1028 = CARTESIAN_POINT('',(-3.57,-2.21,4.));
#1029 = VECTOR('',#1030,1.);
#1030 = DIRECTION('',(0.,0.,-1.));
#1031 = ORIENTED_EDGE('',*,*,#1032,.T.);
#1032 = EDGE_CURVE('',#1023,#1033,#1035,.T.);
#1033 = VERTEX_POINT('',#1034);
#1034 = CARTESIAN_POINT('',(-3.57,-2.87,0.83698389596));
#1035 = LINE('',#1036,#1037);
#1036 = CARTESIAN_POINT('',(-3.57,3.569999999999,0.83698389596));
#1037 = VECTOR('',#1038,1.);
#1038 = DIRECTION('',(0.,-1.,0.));
#1039 = ORIENTED_EDGE('',*,*,#1040,.T.);
#1040 = EDGE_CURVE('',#1033,#1041,#1043,.T.);
#1041 = VERTEX_POINT('',#1042);
#1042 = CARTESIAN_POINT('',(-3.57,-2.869999999999,0.51698389596));
#1043 = LINE('',#1044,#1045);
#1044 = CARTESIAN_POINT('',(-3.57,-2.869999999999,4.));
#1045 = VECTOR('',#1046,1.);
#1046 = DIRECTION('',(0.,0.,-1.));
#1047 = ORIENTED_EDGE('',*,*,#1048,.F.);
#1048 = EDGE_CURVE('',#1025,#1041,#1049,.T.);
#1049 = LINE('',#1050,#1051);
#1050 = CARTESIAN_POINT('',(-3.57,3.569999999999,0.51698389596));
#1051 = VECTOR('',#1052,1.);
#1052 = DIRECTION('',(0.,-1.,0.));
#1053 = PLANE('',#1054);
#1054 = AXIS2_PLACEMENT_3D('',#1055,#1056,#1057);
#1055 = CARTESIAN_POINT('',(-3.57,3.569999999999,4.));
#1056 = DIRECTION('',(1.,0.,0.));
#1057 = DIRECTION('',(0.,0.,-1.));
#1058 = ADVANCED_FACE('',(#1059),#1075,.F.);
#1059 = FACE_BOUND('',#1060,.T.);
#1060 = EDGE_LOOP('',(#1061,#1062,#1068,#1069));
#1061 = ORIENTED_EDGE('',*,*,#924,.F.);
#1062 = ORIENTED_EDGE('',*,*,#1063,.F.);
#1063 = EDGE_CURVE('',#729,#917,#1064,.T.);
#1064 = LINE('',#1065,#1066);
#1065 = CARTESIAN_POINT('',(-3.57,0.77,0.));
#1066 = VECTOR('',#1067,1.);
#1067 = DIRECTION('',(-1.,1.214792350123E-16,0.));
#1068 = ORIENTED_EDGE('',*,*,#728,.F.);
#1069 = ORIENTED_EDGE('',*,*,#1070,.F.);
#1070 = EDGE_CURVE('',#925,#721,#1071,.T.);
#1071 = LINE('',#1072,#1073);
#1072 = CARTESIAN_POINT('',(-3.57,-0.769999999999,0.));
#1073 = VECTOR('',#1074,1.);
#1074 = DIRECTION('',(1.,-1.214792350123E-16,0.));
#1075 = PLANE('',#1076);
#1076 = AXIS2_PLACEMENT_3D('',#1077,#1078,#1079);
#1077 = CARTESIAN_POINT('',(0.,0.,0.));
#1078 = DIRECTION('',(0.,0.,1.));
#1079 = DIRECTION('',(1.,0.,0.));
#1080 = ADVANCED_FACE('',(#1081),#1122,.F.);
#1081 = FACE_BOUND('',#1082,.T.);
#1082 = EDGE_LOOP('',(#1083,#1084,#1090,#1091,#1099,#1107,#1115));
#1083 = ORIENTED_EDGE('',*,*,#956,.F.);
#1084 = ORIENTED_EDGE('',*,*,#1085,.F.);
#1085 = EDGE_CURVE('',#697,#949,#1086,.T.);
#1086 = LINE('',#1087,#1088);
#1087 = CARTESIAN_POINT('',(-3.57,-1.769999999999,0.));
#1088 = VECTOR('',#1089,1.);
#1089 = DIRECTION('',(-1.,1.214792350123E-16,0.));
#1090 = ORIENTED_EDGE('',*,*,#696,.F.);
#1091 = ORIENTED_EDGE('',*,*,#1092,.F.);
#1092 = EDGE_CURVE('',#1093,#689,#1095,.T.);
#1093 = VERTEX_POINT('',#1094);
#1094 = CARTESIAN_POINT('',(-2.649999999999,-3.169999999999,0.));
#1095 = LINE('',#1096,#1097);
#1096 = CARTESIAN_POINT('',(3.169999999999,-3.169999999999,0.));
#1097 = VECTOR('',#1098,1.);
#1098 = DIRECTION('',(-1.,0.,0.));
#1099 = ORIENTED_EDGE('',*,*,#1100,.F.);
#1100 = EDGE_CURVE('',#1101,#1093,#1103,.T.);
#1101 = VERTEX_POINT('',#1102);
#1102 = CARTESIAN_POINT('',(-2.649999999999,-3.569999999999,0.));
#1103 = LINE('',#1104,#1105);
#1104 = CARTESIAN_POINT('',(-2.649999999999,3.569999999999,0.));
#1105 = VECTOR('',#1106,1.);
#1106 = DIRECTION('',(0.,1.,0.));
#1107 = ORIENTED_EDGE('',*,*,#1108,.F.);
#1108 = EDGE_CURVE('',#1109,#1101,#1111,.T.);
#1109 = VERTEX_POINT('',#1110);
#1110 = CARTESIAN_POINT('',(-3.27,-3.569999999999,0.));
#1111 = LINE('',#1112,#1113);
#1112 = CARTESIAN_POINT('',(-3.57,-3.569999999999,0.));
#1113 = VECTOR('',#1114,1.);
#1114 = DIRECTION('',(1.,0.,0.));
#1115 = ORIENTED_EDGE('',*,*,#1116,.T.);
#1116 = EDGE_CURVE('',#1109,#957,#1117,.T.);
#1117 = CIRCLE('',#1118,0.299999999999);
#1118 = AXIS2_PLACEMENT_3D('',#1119,#1120,#1121);
#1119 = CARTESIAN_POINT('',(-3.27,-3.27,0.));
#1120 = DIRECTION('',(0.,0.,-1.));
#1121 = DIRECTION('',(1.,0.,0.));
#1122 = PLANE('',#1123);
#1123 = AXIS2_PLACEMENT_3D('',#1124,#1125,#1126);
#1124 = CARTESIAN_POINT('',(0.,0.,0.));
#1125 = DIRECTION('',(0.,0.,1.));
#1126 = DIRECTION('',(1.,0.,0.));
#1127 = ADVANCED_FACE('',(#1128),#1140,.T.);
#1128 = FACE_BOUND('',#1129,.T.);
#1129 = EDGE_LOOP('',(#1130,#1131,#1132,#1139));
#1130 = ORIENTED_EDGE('',*,*,#835,.F.);
#1131 = ORIENTED_EDGE('',*,*,#980,.F.);
#1132 = ORIENTED_EDGE('',*,*,#1133,.F.);
#1133 = EDGE_CURVE('',#583,#973,#1134,.T.);
#1134 = CIRCLE('',#1135,0.299999999999);
#1135 = AXIS2_PLACEMENT_3D('',#1136,#1137,#1138);
#1136 = CARTESIAN_POINT('',(-3.27,3.27,3.7));
#1137 = DIRECTION('',(0.,0.,1.));
#1138 = DIRECTION('',(1.,0.,0.));
#1139 = ORIENTED_EDGE('',*,*,#582,.F.);
#1140 = CYLINDRICAL_SURFACE('',#1141,0.299999999999);
#1141 = AXIS2_PLACEMENT_3D('',#1142,#1143,#1144);
#1142 = CARTESIAN_POINT('',(-3.27,3.27,4.));
#1143 = DIRECTION('',(0.,0.,-1.));
#1144 = DIRECTION('',(-1.,0.,0.));
#1145 = ADVANCED_FACE('',(#1146),#1173,.T.);
#1146 = FACE_BOUND('',#1147,.T.);
#1147 = EDGE_LOOP('',(#1148,#1157,#1158,#1167));
#1148 = ORIENTED_EDGE('',*,*,#1149,.F.);
#1149 = EDGE_CURVE('',#591,#1150,#1152,.T.);
#1150 = VERTEX_POINT('',#1151);
#1151 = CARTESIAN_POINT('',(3.27,3.27,4.));
#1152 = CIRCLE('',#1153,0.299999999999);
#1153 = AXIS2_PLACEMENT_3D('',#1154,#1155,#1156);
#1154 = CARTESIAN_POINT('',(3.27,3.27,3.7));
#1155 = DIRECTION('',(1.,-0.,0.));
#1156 = DIRECTION('',(0.,0.,-1.));
#1157 = ORIENTED_EDGE('',*,*,#590,.F.);
#1158 = ORIENTED_EDGE('',*,*,#1159,.F.);
#1159 = EDGE_CURVE('',#1160,#583,#1162,.T.);
#1160 = VERTEX_POINT('',#1161);
#1161 = CARTESIAN_POINT('',(-3.27,3.27,4.));
#1162 = CIRCLE('',#1163,0.299999999999);
#1163 = AXIS2_PLACEMENT_3D('',#1164,#1165,#1166);
#1164 = CARTESIAN_POINT('',(-3.27,3.27,3.7));
#1165 = DIRECTION('',(-1.,0.,0.));
#1166 = DIRECTION('',(0.,0.,1.));
#1167 = ORIENTED_EDGE('',*,*,#1168,.F.);
#1168 = EDGE_CURVE('',#1150,#1160,#1169,.T.);
#1169 = LINE('',#1170,#1171);
#1170 = CARTESIAN_POINT('',(-3.57,3.27,4.));
#1171 = VECTOR('',#1172,1.);
#1172 = DIRECTION('',(-1.,0.,0.));
#1173 = CYLINDRICAL_SURFACE('',#1174,0.299999999999);
#1174 = AXIS2_PLACEMENT_3D('',#1175,#1176,#1177);
#1175 = CARTESIAN_POINT('',(0.,3.27,3.7));
#1176 = DIRECTION('',(1.,0.,0.));
#1177 = DIRECTION('',(0.,0.,-1.));
#1178 = ADVANCED_FACE('',(#1179),#1215,.F.);
#1179 = FACE_BOUND('',#1180,.F.);
#1180 = EDGE_LOOP('',(#1181,#1191,#1200,#1208));
#1181 = ORIENTED_EDGE('',*,*,#1182,.T.);
#1182 = EDGE_CURVE('',#1183,#1185,#1187,.T.);
#1183 = VERTEX_POINT('',#1184);
#1184 = CARTESIAN_POINT('',(-2.16845083684,2.435727440147,3.99));
#1185 = VERTEX_POINT('',#1186);
#1186 = CARTESIAN_POINT('',(-2.16845083684,2.435727440147,4.));
#1187 = LINE('',#1188,#1189);
#1188 = CARTESIAN_POINT('',(-2.16845083684,2.435727440147,3.99));
#1189 = VECTOR('',#1190,1.);
#1190 = DIRECTION('',(0.,0.,1.));
#1191 = ORIENTED_EDGE('',*,*,#1192,.F.);
#1192 = EDGE_CURVE('',#1193,#1185,#1195,.T.);
#1193 = VERTEX_POINT('',#1194);
#1194 = CARTESIAN_POINT('',(-2.709265553582,2.435727440147,4.));
#1195 = CIRCLE('',#1196,0.270407358371);
#1196 = AXIS2_PLACEMENT_3D('',#1197,#1198,#1199);
#1197 = CARTESIAN_POINT('',(-2.438858195211,2.435727440147,4.));
#1198 = DIRECTION('',(0.,0.,1.));
#1199 = DIRECTION('',(1.,0.,0.));
#1200 = ORIENTED_EDGE('',*,*,#1201,.F.);
#1201 = EDGE_CURVE('',#1202,#1193,#1204,.T.);
#1202 = VERTEX_POINT('',#1203);
#1203 = CARTESIAN_POINT('',(-2.709265553582,2.435727440147,3.99));
#1204 = LINE('',#1205,#1206);
#1205 = CARTESIAN_POINT('',(-2.709265553582,2.435727440147,3.99));
#1206 = VECTOR('',#1207,1.);
#1207 = DIRECTION('',(0.,0.,1.));
#1208 = ORIENTED_EDGE('',*,*,#1209,.T.);
#1209 = EDGE_CURVE('',#1202,#1183,#1210,.T.);
#1210 = CIRCLE('',#1211,0.270407358371);
#1211 = AXIS2_PLACEMENT_3D('',#1212,#1213,#1214);
#1212 = CARTESIAN_POINT('',(-2.438858195211,2.435727440147,3.99));
#1213 = DIRECTION('',(0.,0.,1.));
#1214 = DIRECTION('',(1.,0.,0.));
#1215 = CYLINDRICAL_SURFACE('',#1216,0.270407358371);
#1216 = AXIS2_PLACEMENT_3D('',#1217,#1218,#1219);
#1217 = CARTESIAN_POINT('',(-2.438858195211,2.435727440147,3.99));
#1218 = DIRECTION('',(0.,0.,1.));
#1219 = DIRECTION('',(1.,0.,0.));
#1220 = ADVANCED_FACE('',(#1221,#1231),#1256,.T.);
#1221 = FACE_BOUND('',#1222,.T.);
#1222 = EDGE_LOOP('',(#1223,#1230));
#1223 = ORIENTED_EDGE('',*,*,#1224,.F.);
#1224 = EDGE_CURVE('',#1185,#1193,#1225,.T.);
#1225 = CIRCLE('',#1226,0.270407358371);
#1226 = AXIS2_PLACEMENT_3D('',#1227,#1228,#1229);
#1227 = CARTESIAN_POINT('',(-2.438858195211,2.435727440147,4.));
#1228 = DIRECTION('',(0.,0.,1.));
#1229 = DIRECTION('',(1.,0.,0.));
#1230 = ORIENTED_EDGE('',*,*,#1192,.F.);
#1231 = FACE_BOUND('',#1232,.T.);
#1232 = EDGE_LOOP('',(#1233,#1241,#1249,#1255));
#1233 = ORIENTED_EDGE('',*,*,#1234,.T.);
#1234 = EDGE_CURVE('',#1160,#1235,#1237,.T.);
#1235 = VERTEX_POINT('',#1236);
#1236 = CARTESIAN_POINT('',(-3.27,-3.27,4.));
#1237 = LINE('',#1238,#1239);
#1238 = CARTESIAN_POINT('',(-3.27,-3.569999999999,4.));
#1239 = VECTOR('',#1240,1.);
#1240 = DIRECTION('',(0.,-1.,0.));
#1241 = ORIENTED_EDGE('',*,*,#1242,.T.);
#1242 = EDGE_CURVE('',#1235,#1243,#1245,.T.);
#1243 = VERTEX_POINT('',#1244);
#1244 = CARTESIAN_POINT('',(3.27,-3.27,4.));
#1245 = LINE('',#1246,#1247);
#1246 = CARTESIAN_POINT('',(3.57,-3.27,4.));
#1247 = VECTOR('',#1248,1.);
#1248 = DIRECTION('',(1.,0.,0.));
#1249 = ORIENTED_EDGE('',*,*,#1250,.T.);
#1250 = EDGE_CURVE('',#1243,#1150,#1251,.T.);
#1251 = LINE('',#1252,#1253);
#1252 = CARTESIAN_POINT('',(3.27,3.569999999999,4.));
#1253 = VECTOR('',#1254,1.);
#1254 = DIRECTION('',(0.,1.,0.));
#1255 = ORIENTED_EDGE('',*,*,#1168,.T.);
#1256 = PLANE('',#1257);
#1257 = AXIS2_PLACEMENT_3D('',#1258,#1259,#1260);
#1258 = CARTESIAN_POINT('',(0.,0.,4.));
#1259 = DIRECTION('',(0.,0.,1.));
#1260 = DIRECTION('',(1.,0.,0.));
#1261 = ADVANCED_FACE('',(#1262),#1274,.T.);
#1262 = FACE_BOUND('',#1263,.T.);
#1263 = EDGE_LOOP('',(#1264,#1265,#1266,#1273));
#1264 = ORIENTED_EDGE('',*,*,#268,.F.);
#1265 = ORIENTED_EDGE('',*,*,#598,.F.);
#1266 = ORIENTED_EDGE('',*,*,#1267,.F.);
#1267 = EDGE_CURVE('',#82,#591,#1268,.T.);
#1268 = CIRCLE('',#1269,0.299999999999);
#1269 = AXIS2_PLACEMENT_3D('',#1270,#1271,#1272);
#1270 = CARTESIAN_POINT('',(3.27,3.27,3.7));
#1271 = DIRECTION('',(0.,0.,1.));
#1272 = DIRECTION('',(1.,0.,0.));
#1273 = ORIENTED_EDGE('',*,*,#81,.F.);
#1274 = CYLINDRICAL_SURFACE('',#1275,0.299999999999);
#1275 = AXIS2_PLACEMENT_3D('',#1276,#1277,#1278);
#1276 = CARTESIAN_POINT('',(3.27,3.27,4.));
#1277 = DIRECTION('',(0.,0.,-1.));
#1278 = DIRECTION('',(-1.,0.,0.));
#1279 = ADVANCED_FACE('',(#1280),#1291,.T.);
#1280 = FACE_BOUND('',#1281,.T.);
#1281 = EDGE_LOOP('',(#1282,#1283,#1284));
#1282 = ORIENTED_EDGE('',*,*,#1159,.T.);
#1283 = ORIENTED_EDGE('',*,*,#1133,.T.);
#1284 = ORIENTED_EDGE('',*,*,#1285,.F.);
#1285 = EDGE_CURVE('',#1160,#973,#1286,.T.);
#1286 = CIRCLE('',#1287,0.299999999999);
#1287 = AXIS2_PLACEMENT_3D('',#1288,#1289,#1290);
#1288 = CARTESIAN_POINT('',(-3.27,3.27,3.7));
#1289 = DIRECTION('',(0.,-1.,0.));
#1290 = DIRECTION('',(0.,0.,1.));
#1291 = SPHERICAL_SURFACE('',#1292,0.299999999999);
#1292 = AXIS2_PLACEMENT_3D('',#1293,#1294,#1295);
#1293 = CARTESIAN_POINT('',(-3.27,3.27,3.7));
#1294 = DIRECTION('',(0.,1.,0.));
#1295 = DIRECTION('',(1.,0.,0.));
#1296 = ADVANCED_FACE('',(#1297),#1308,.T.);
#1297 = FACE_BOUND('',#1298,.T.);
#1298 = EDGE_LOOP('',(#1299,#1300,#1301));
#1299 = ORIENTED_EDGE('',*,*,#1267,.T.);
#1300 = ORIENTED_EDGE('',*,*,#1149,.T.);
#1301 = ORIENTED_EDGE('',*,*,#1302,.F.);
#1302 = EDGE_CURVE('',#82,#1150,#1303,.T.);
#1303 = CIRCLE('',#1304,0.299999999999);
#1304 = AXIS2_PLACEMENT_3D('',#1305,#1306,#1307);
#1305 = CARTESIAN_POINT('',(3.27,3.27,3.7));
#1306 = DIRECTION('',(0.,-1.,0.));
#1307 = DIRECTION('',(0.,0.,1.));
#1308 = SPHERICAL_SURFACE('',#1309,0.299999999999);
#1309 = AXIS2_PLACEMENT_3D('',#1310,#1311,#1312);
#1310 = CARTESIAN_POINT('',(3.27,3.27,3.7));
#1311 = DIRECTION('',(0.,1.,0.));
#1312 = DIRECTION('',(1.,0.,0.));
#1313 = ADVANCED_FACE('',(#1314),#1333,.T.);
#1314 = FACE_BOUND('',#1315,.T.);
#1315 = EDGE_LOOP('',(#1316,#1317,#1325,#1332));
#1316 = ORIENTED_EDGE('',*,*,#1116,.F.);
#1317 = ORIENTED_EDGE('',*,*,#1318,.F.);
#1318 = EDGE_CURVE('',#1319,#1109,#1321,.T.);
#1319 = VERTEX_POINT('',#1320);
#1320 = CARTESIAN_POINT('',(-3.27,-3.569999999999,3.7));
#1321 = LINE('',#1322,#1323);
#1322 = CARTESIAN_POINT('',(-3.27,-3.569999999999,4.));
#1323 = VECTOR('',#1324,1.);
#1324 = DIRECTION('',(0.,0.,-1.));
#1325 = ORIENTED_EDGE('',*,*,#1326,.F.);
#1326 = EDGE_CURVE('',#965,#1319,#1327,.T.);
#1327 = CIRCLE('',#1328,0.299999999999);
#1328 = AXIS2_PLACEMENT_3D('',#1329,#1330,#1331);
#1329 = CARTESIAN_POINT('',(-3.27,-3.27,3.7));
#1330 = DIRECTION('',(0.,0.,1.));
#1331 = DIRECTION('',(1.,0.,0.));
#1332 = ORIENTED_EDGE('',*,*,#964,.F.);
#1333 = CYLINDRICAL_SURFACE('',#1334,0.299999999999);
#1334 = AXIS2_PLACEMENT_3D('',#1335,#1336,#1337);
#1335 = CARTESIAN_POINT('',(-3.27,-3.27,4.));
#1336 = DIRECTION('',(0.,0.,-1.));
#1337 = DIRECTION('',(-1.,0.,0.));
#1338 = ADVANCED_FACE('',(#1339),#1351,.T.);
#1339 = FACE_BOUND('',#1340,.T.);
#1340 = EDGE_LOOP('',(#1341,#1342,#1343,#1350));
#1341 = ORIENTED_EDGE('',*,*,#1285,.T.);
#1342 = ORIENTED_EDGE('',*,*,#972,.F.);
#1343 = ORIENTED_EDGE('',*,*,#1344,.F.);
#1344 = EDGE_CURVE('',#1235,#965,#1345,.T.);
#1345 = CIRCLE('',#1346,0.299999999999);
#1346 = AXIS2_PLACEMENT_3D('',#1347,#1348,#1349);
#1347 = CARTESIAN_POINT('',(-3.27,-3.27,3.7));
#1348 = DIRECTION('',(0.,-1.,0.));
#1349 = DIRECTION('',(0.,0.,-1.));
#1350 = ORIENTED_EDGE('',*,*,#1234,.F.);
#1351 = CYLINDRICAL_SURFACE('',#1352,0.299999999999);
#1352 = AXIS2_PLACEMENT_3D('',#1353,#1354,#1355);
#1353 = CARTESIAN_POINT('',(-3.27,0.,3.7));
#1354 = DIRECTION('',(0.,1.,0.));
#1355 = DIRECTION('',(0.,0.,1.));
#1356 = ADVANCED_FACE('',(#1357),#1369,.T.);
#1357 = FACE_BOUND('',#1358,.T.);
#1358 = EDGE_LOOP('',(#1359,#1360,#1361,#1368));
#1359 = ORIENTED_EDGE('',*,*,#1302,.T.);
#1360 = ORIENTED_EDGE('',*,*,#1250,.F.);
#1361 = ORIENTED_EDGE('',*,*,#1362,.F.);
#1362 = EDGE_CURVE('',#90,#1243,#1363,.T.);
#1363 = CIRCLE('',#1364,0.299999999999);
#1364 = AXIS2_PLACEMENT_3D('',#1365,#1366,#1367);
#1365 = CARTESIAN_POINT('',(3.27,-3.27,3.7));
#1366 = DIRECTION('',(0.,-1.,0.));
#1367 = DIRECTION('',(0.,0.,-1.));
#1368 = ORIENTED_EDGE('',*,*,#89,.F.);
#1369 = CYLINDRICAL_SURFACE('',#1370,0.299999999999);
#1370 = AXIS2_PLACEMENT_3D('',#1371,#1372,#1373);
#1371 = CARTESIAN_POINT('',(3.27,0.,3.7));
#1372 = DIRECTION('',(0.,-1.,0.));
#1373 = DIRECTION('',(0.,0.,-1.));
#1374 = ADVANCED_FACE('',(#1375),#1394,.T.);
#1375 = FACE_BOUND('',#1376,.T.);
#1376 = EDGE_LOOP('',(#1377,#1378,#1379,#1388));
#1377 = ORIENTED_EDGE('',*,*,#510,.F.);
#1378 = ORIENTED_EDGE('',*,*,#97,.F.);
#1379 = ORIENTED_EDGE('',*,*,#1380,.F.);
#1380 = EDGE_CURVE('',#1381,#90,#1383,.T.);
#1381 = VERTEX_POINT('',#1382);
#1382 = CARTESIAN_POINT('',(3.27,-3.569999999999,3.7));
#1383 = CIRCLE('',#1384,0.299999999999);
#1384 = AXIS2_PLACEMENT_3D('',#1385,#1386,#1387);
#1385 = CARTESIAN_POINT('',(3.27,-3.27,3.7));
#1386 = DIRECTION('',(0.,0.,1.));
#1387 = DIRECTION('',(1.,0.,0.));
#1388 = ORIENTED_EDGE('',*,*,#1389,.F.);
#1389 = EDGE_CURVE('',#511,#1381,#1390,.T.);
#1390 = LINE('',#1391,#1392);
#1391 = CARTESIAN_POINT('',(3.27,-3.569999999999,4.));
#1392 = VECTOR('',#1393,1.);
#1393 = DIRECTION('',(0.,0.,1.));
#1394 = CYLINDRICAL_SURFACE('',#1395,0.299999999999);
#1395 = AXIS2_PLACEMENT_3D('',#1396,#1397,#1398);
#1396 = CARTESIAN_POINT('',(3.27,-3.27,4.));
#1397 = DIRECTION('',(0.,0.,-1.));
#1398 = DIRECTION('',(-1.,0.,0.));
#1399 = ADVANCED_FACE('',(#1400),#1411,.T.);
#1400 = FACE_BOUND('',#1401,.T.);
#1401 = EDGE_LOOP('',(#1402,#1403,#1404));
#1402 = ORIENTED_EDGE('',*,*,#1344,.T.);
#1403 = ORIENTED_EDGE('',*,*,#1326,.T.);
#1404 = ORIENTED_EDGE('',*,*,#1405,.F.);
#1405 = EDGE_CURVE('',#1235,#1319,#1406,.T.);
#1406 = CIRCLE('',#1407,0.299999999999);
#1407 = AXIS2_PLACEMENT_3D('',#1408,#1409,#1410);
#1408 = CARTESIAN_POINT('',(-3.27,-3.27,3.7));
#1409 = DIRECTION('',(1.,0.,-0.));
#1410 = DIRECTION('',(0.,0.,1.));
#1411 = SPHERICAL_SURFACE('',#1412,0.299999999999);
#1412 = AXIS2_PLACEMENT_3D('',#1413,#1414,#1415);
#1413 = CARTESIAN_POINT('',(-3.27,-3.27,3.7));
#1414 = DIRECTION('',(0.,1.,0.));
#1415 = DIRECTION('',(1.,0.,0.));
#1416 = ADVANCED_FACE('',(#1417),#1428,.T.);
#1417 = FACE_BOUND('',#1418,.T.);
#1418 = EDGE_LOOP('',(#1419,#1420,#1421));
#1419 = ORIENTED_EDGE('',*,*,#1380,.T.);
#1420 = ORIENTED_EDGE('',*,*,#1362,.T.);
#1421 = ORIENTED_EDGE('',*,*,#1422,.F.);
#1422 = EDGE_CURVE('',#1381,#1243,#1423,.T.);
#1423 = CIRCLE('',#1424,0.299999999999);
#1424 = AXIS2_PLACEMENT_3D('',#1425,#1426,#1427);
#1425 = CARTESIAN_POINT('',(3.27,-3.27,3.7));
#1426 = DIRECTION('',(-1.,0.,0.));
#1427 = DIRECTION('',(0.,0.,-1.));
#1428 = SPHERICAL_SURFACE('',#1429,0.299999999999);
#1429 = AXIS2_PLACEMENT_3D('',#1430,#1431,#1432);
#1430 = CARTESIAN_POINT('',(3.27,-3.27,3.7));
#1431 = DIRECTION('',(0.,1.,0.));
#1432 = DIRECTION('',(1.,0.,0.));
#1433 = ADVANCED_FACE('',(#1434),#1445,.T.);
#1434 = FACE_BOUND('',#1435,.T.);
#1435 = EDGE_LOOP('',(#1436,#1437,#1443,#1444));
#1436 = ORIENTED_EDGE('',*,*,#1405,.T.);
#1437 = ORIENTED_EDGE('',*,*,#1438,.F.);
#1438 = EDGE_CURVE('',#1381,#1319,#1439,.T.);
#1439 = LINE('',#1440,#1441);
#1440 = CARTESIAN_POINT('',(-3.57,-3.569999999999,3.7));
#1441 = VECTOR('',#1442,1.);
#1442 = DIRECTION('',(-1.,0.,0.));
#1443 = ORIENTED_EDGE('',*,*,#1422,.T.);
#1444 = ORIENTED_EDGE('',*,*,#1242,.F.);
#1445 = CYLINDRICAL_SURFACE('',#1446,0.299999999999);
#1446 = AXIS2_PLACEMENT_3D('',#1447,#1448,#1449);
#1447 = CARTESIAN_POINT('',(0.,-3.27,3.7));
#1448 = DIRECTION('',(-1.,0.,0.));
#1449 = DIRECTION('',(0.,0.,1.));
#1450 = ADVANCED_FACE('',(#1451),#1485,.F.);
#1451 = FACE_BOUND('',#1452,.T.);
#1452 = EDGE_LOOP('',(#1453,#1463,#1469,#1470,#1471,#1477,#1478,#1479));
#1453 = ORIENTED_EDGE('',*,*,#1454,.T.);
#1454 = EDGE_CURVE('',#1455,#1457,#1459,.T.);
#1455 = VERTEX_POINT('',#1456);
#1456 = CARTESIAN_POINT('',(-2.649999999999,3.169999999999,
    0.149999999999));
#1457 = VERTEX_POINT('',#1458);
#1458 = CARTESIAN_POINT('',(2.65,3.169999999999,0.149999999999));
#1459 = LINE('',#1460,#1461);
#1460 = CARTESIAN_POINT('',(-3.169999999999,3.169999999999,
    0.149999999999));
#1461 = VECTOR('',#1462,1.);
#1462 = DIRECTION('',(1.,0.,0.));
#1463 = ORIENTED_EDGE('',*,*,#1464,.T.);
#1464 = EDGE_CURVE('',#1457,#245,#1465,.T.);
#1465 = LINE('',#1466,#1467);
#1466 = CARTESIAN_POINT('',(2.65,3.169999999999,1.5));
#1467 = VECTOR('',#1468,1.);
#1468 = DIRECTION('',(0.,0.,-1.));
#1469 = ORIENTED_EDGE('',*,*,#244,.T.);
#1470 = ORIENTED_EDGE('',*,*,#398,.F.);
#1471 = ORIENTED_EDGE('',*,*,#1472,.F.);
#1472 = EDGE_CURVE('',#673,#391,#1473,.T.);
#1473 = LINE('',#1474,#1475);
#1474 = CARTESIAN_POINT('',(-3.169999999999,3.169999999999,1.5));
#1475 = VECTOR('',#1476,1.);
#1476 = DIRECTION('',(1.,0.,0.));
#1477 = ORIENTED_EDGE('',*,*,#672,.T.);
#1478 = ORIENTED_EDGE('',*,*,#851,.T.);
#1479 = ORIENTED_EDGE('',*,*,#1480,.T.);
#1480 = EDGE_CURVE('',#844,#1455,#1481,.T.);
#1481 = LINE('',#1482,#1483);
#1482 = CARTESIAN_POINT('',(-2.649999999999,3.169999999999,1.5));
#1483 = VECTOR('',#1484,1.);
#1484 = DIRECTION('',(0.,0.,1.));
#1485 = PLANE('',#1486);
#1486 = AXIS2_PLACEMENT_3D('',#1487,#1488,#1489);
#1487 = CARTESIAN_POINT('',(-3.169999999999,3.169999999999,1.5));
#1488 = DIRECTION('',(0.,1.,0.));
#1489 = DIRECTION('',(0.,0.,1.));
#1490 = ADVANCED_FACE('',(#1491),#1525,.F.);
#1491 = FACE_BOUND('',#1492,.T.);
#1492 = EDGE_LOOP('',(#1493,#1494,#1502,#1510,#1516,#1517,#1518,#1524));
#1493 = ORIENTED_EDGE('',*,*,#535,.T.);
#1494 = ORIENTED_EDGE('',*,*,#1495,.T.);
#1495 = EDGE_CURVE('',#528,#1496,#1498,.T.);
#1496 = VERTEX_POINT('',#1497);
#1497 = CARTESIAN_POINT('',(2.649999999999,-3.169999999999,
    0.149999999999));
#1498 = LINE('',#1499,#1500);
#1499 = CARTESIAN_POINT('',(2.649999999999,-3.169999999999,1.5));
#1500 = VECTOR('',#1501,1.);
#1501 = DIRECTION('',(0.,0.,1.));
#1502 = ORIENTED_EDGE('',*,*,#1503,.T.);
#1503 = EDGE_CURVE('',#1496,#1504,#1506,.T.);
#1504 = VERTEX_POINT('',#1505);
#1505 = CARTESIAN_POINT('',(-2.65,-3.169999999999,0.149999999999));
#1506 = LINE('',#1507,#1508);
#1507 = CARTESIAN_POINT('',(3.169999999999,-3.169999999999,
    0.149999999999));
#1508 = VECTOR('',#1509,1.);
#1509 = DIRECTION('',(-1.,0.,0.));
#1510 = ORIENTED_EDGE('',*,*,#1511,.T.);
#1511 = EDGE_CURVE('',#1504,#1093,#1512,.T.);
#1512 = LINE('',#1513,#1514);
#1513 = CARTESIAN_POINT('',(-2.65,-3.169999999999,1.5));
#1514 = VECTOR('',#1515,1.);
#1515 = DIRECTION('',(0.,0.,-1.));
#1516 = ORIENTED_EDGE('',*,*,#1092,.T.);
#1517 = ORIENTED_EDGE('',*,*,#688,.F.);
#1518 = ORIENTED_EDGE('',*,*,#1519,.F.);
#1519 = EDGE_CURVE('',#383,#681,#1520,.T.);
#1520 = LINE('',#1521,#1522);
#1521 = CARTESIAN_POINT('',(3.169999999999,-3.169999999999,1.5));
#1522 = VECTOR('',#1523,1.);
#1523 = DIRECTION('',(-1.,0.,0.));
#1524 = ORIENTED_EDGE('',*,*,#382,.T.);
#1525 = PLANE('',#1526);
#1526 = AXIS2_PLACEMENT_3D('',#1527,#1528,#1529);
#1527 = CARTESIAN_POINT('',(3.169999999999,-3.169999999999,1.5));
#1528 = DIRECTION('',(0.,-1.,0.));
#1529 = DIRECTION('',(0.,0.,-1.));
#1530 = ADVANCED_FACE('',(#1531),#1537,.T.);
#1531 = FACE_BOUND('',#1532,.T.);
#1532 = EDGE_LOOP('',(#1533,#1534,#1535,#1536));
#1533 = ORIENTED_EDGE('',*,*,#390,.T.);
#1534 = ORIENTED_EDGE('',*,*,#1519,.T.);
#1535 = ORIENTED_EDGE('',*,*,#680,.T.);
#1536 = ORIENTED_EDGE('',*,*,#1472,.T.);
#1537 = PLANE('',#1538);
#1538 = AXIS2_PLACEMENT_3D('',#1539,#1540,#1541);
#1539 = CARTESIAN_POINT('',(0.,0.,1.5));
#1540 = DIRECTION('',(0.,0.,-1.));
#1541 = DIRECTION('',(-1.,0.,0.));
#1542 = ADVANCED_FACE('',(#1543),#1568,.F.);
#1543 = FACE_BOUND('',#1544,.T.);
#1544 = EDGE_LOOP('',(#1545,#1553,#1561,#1567));
#1545 = ORIENTED_EDGE('',*,*,#1546,.T.);
#1546 = EDGE_CURVE('',#1496,#1547,#1549,.T.);
#1547 = VERTEX_POINT('',#1548);
#1548 = CARTESIAN_POINT('',(2.649999999999,-3.569999999999,
    0.149999999999));
#1549 = LINE('',#1550,#1551);
#1550 = CARTESIAN_POINT('',(2.649999999999,3.569999999999,0.149999999999
    ));
#1551 = VECTOR('',#1552,1.);
#1552 = DIRECTION('',(0.,-1.,0.));
#1553 = ORIENTED_EDGE('',*,*,#1554,.T.);
#1554 = EDGE_CURVE('',#1547,#1555,#1557,.T.);
#1555 = VERTEX_POINT('',#1556);
#1556 = CARTESIAN_POINT('',(-2.649999999999,-3.569999999999,
    0.149999999999));
#1557 = LINE('',#1558,#1559);
#1558 = CARTESIAN_POINT('',(-2.649999999999,-3.569999999999,
    0.149999999999));
#1559 = VECTOR('',#1560,1.);
#1560 = DIRECTION('',(-1.,0.,0.));
#1561 = ORIENTED_EDGE('',*,*,#1562,.T.);
#1562 = EDGE_CURVE('',#1555,#1504,#1563,.T.);
#1563 = LINE('',#1564,#1565);
#1564 = CARTESIAN_POINT('',(-2.649999999999,3.569999999999,
    0.149999999999));
#1565 = VECTOR('',#1566,1.);
#1566 = DIRECTION('',(0.,1.,0.));
#1567 = ORIENTED_EDGE('',*,*,#1503,.F.);
#1568 = PLANE('',#1569);
#1569 = AXIS2_PLACEMENT_3D('',#1570,#1571,#1572);
#1570 = CARTESIAN_POINT('',(0.,0.,0.149999999999));
#1571 = DIRECTION('',(0.,0.,1.));
#1572 = DIRECTION('',(1.,0.,0.));
#1573 = ADVANCED_FACE('',(#1574),#1585,.F.);
#1574 = FACE_BOUND('',#1575,.T.);
#1575 = EDGE_LOOP('',(#1576,#1577,#1583,#1584));
#1576 = ORIENTED_EDGE('',*,*,#1562,.F.);
#1577 = ORIENTED_EDGE('',*,*,#1578,.T.);
#1578 = EDGE_CURVE('',#1555,#1101,#1579,.T.);
#1579 = LINE('',#1580,#1581);
#1580 = CARTESIAN_POINT('',(-2.649999999999,-3.569999999999,
    0.149999999999));
#1581 = VECTOR('',#1582,1.);
#1582 = DIRECTION('',(0.,0.,-1.));
#1583 = ORIENTED_EDGE('',*,*,#1100,.T.);
#1584 = ORIENTED_EDGE('',*,*,#1511,.F.);
#1585 = PLANE('',#1586);
#1586 = AXIS2_PLACEMENT_3D('',#1587,#1588,#1589);
#1587 = CARTESIAN_POINT('',(-2.649999999999,3.569999999999,
    0.149999999999));
#1588 = DIRECTION('',(-1.,0.,0.));
#1589 = DIRECTION('',(0.,0.,1.));
#1590 = ADVANCED_FACE('',(#1591),#1602,.F.);
#1591 = FACE_BOUND('',#1592,.T.);
#1592 = EDGE_LOOP('',(#1593,#1594,#1600,#1601));
#1593 = ORIENTED_EDGE('',*,*,#527,.T.);
#1594 = ORIENTED_EDGE('',*,*,#1595,.F.);
#1595 = EDGE_CURVE('',#1547,#520,#1596,.T.);
#1596 = LINE('',#1597,#1598);
#1597 = CARTESIAN_POINT('',(2.649999999999,-3.569999999999,
    0.149999999999));
#1598 = VECTOR('',#1599,1.);
#1599 = DIRECTION('',(0.,0.,-1.));
#1600 = ORIENTED_EDGE('',*,*,#1546,.F.);
#1601 = ORIENTED_EDGE('',*,*,#1495,.F.);
#1602 = PLANE('',#1603);
#1603 = AXIS2_PLACEMENT_3D('',#1604,#1605,#1606);
#1604 = CARTESIAN_POINT('',(2.649999999999,3.569999999999,0.149999999999
    ));
#1605 = DIRECTION('',(1.,0.,0.));
#1606 = DIRECTION('',(0.,0.,-1.));
#1607 = ADVANCED_FACE('',(#1608),#1619,.F.);
#1608 = FACE_BOUND('',#1609,.T.);
#1609 = EDGE_LOOP('',(#1610,#1616,#1617,#1618));
#1610 = ORIENTED_EDGE('',*,*,#1611,.F.);
#1611 = EDGE_CURVE('',#551,#1457,#1612,.T.);
#1612 = LINE('',#1613,#1614);
#1613 = CARTESIAN_POINT('',(2.649999999999,3.569999999999,0.149999999999
    ));
#1614 = VECTOR('',#1615,1.);
#1615 = DIRECTION('',(0.,-1.,0.));
#1616 = ORIENTED_EDGE('',*,*,#550,.T.);
#1617 = ORIENTED_EDGE('',*,*,#252,.T.);
#1618 = ORIENTED_EDGE('',*,*,#1464,.F.);
#1619 = PLANE('',#1620);
#1620 = AXIS2_PLACEMENT_3D('',#1621,#1622,#1623);
#1621 = CARTESIAN_POINT('',(2.649999999999,3.569999999999,0.149999999999
    ));
#1622 = DIRECTION('',(1.,0.,0.));
#1623 = DIRECTION('',(0.,0.,-1.));
#1624 = ADVANCED_FACE('',(#1625),#1636,.F.);
#1625 = FACE_BOUND('',#1626,.T.);
#1626 = EDGE_LOOP('',(#1627,#1628,#1629,#1635));
#1627 = ORIENTED_EDGE('',*,*,#843,.T.);
#1628 = ORIENTED_EDGE('',*,*,#566,.F.);
#1629 = ORIENTED_EDGE('',*,*,#1630,.F.);
#1630 = EDGE_CURVE('',#1455,#559,#1631,.T.);
#1631 = LINE('',#1632,#1633);
#1632 = CARTESIAN_POINT('',(-2.649999999999,3.569999999999,
    0.149999999999));
#1633 = VECTOR('',#1634,1.);
#1634 = DIRECTION('',(0.,1.,0.));
#1635 = ORIENTED_EDGE('',*,*,#1480,.F.);
#1636 = PLANE('',#1637);
#1637 = AXIS2_PLACEMENT_3D('',#1638,#1639,#1640);
#1638 = CARTESIAN_POINT('',(-2.649999999999,3.569999999999,
    0.149999999999));
#1639 = DIRECTION('',(-1.,0.,0.));
#1640 = DIRECTION('',(0.,0.,1.));
#1641 = ADVANCED_FACE('',(#1642),#1648,.F.);
#1642 = FACE_BOUND('',#1643,.T.);
#1643 = EDGE_LOOP('',(#1644,#1645,#1646,#1647));
#1644 = ORIENTED_EDGE('',*,*,#1630,.T.);
#1645 = ORIENTED_EDGE('',*,*,#558,.T.);
#1646 = ORIENTED_EDGE('',*,*,#1611,.T.);
#1647 = ORIENTED_EDGE('',*,*,#1454,.F.);
#1648 = PLANE('',#1649);
#1649 = AXIS2_PLACEMENT_3D('',#1650,#1651,#1652);
#1650 = CARTESIAN_POINT('',(0.,0.,0.149999999999));
#1651 = DIRECTION('',(0.,0.,1.));
#1652 = DIRECTION('',(1.,0.,0.));
#1653 = ADVANCED_FACE('',(#1654),#1670,.T.);
#1654 = FACE_BOUND('',#1655,.T.);
#1655 = EDGE_LOOP('',(#1656,#1657,#1663,#1664));
#1656 = ORIENTED_EDGE('',*,*,#712,.T.);
#1657 = ORIENTED_EDGE('',*,*,#1658,.T.);
#1658 = EDGE_CURVE('',#705,#941,#1659,.T.);
#1659 = LINE('',#1660,#1661);
#1660 = CARTESIAN_POINT('',(-3.57,-1.769999999999,0.4));
#1661 = VECTOR('',#1662,1.);
#1662 = DIRECTION('',(-1.,1.214792350123E-16,0.));
#1663 = ORIENTED_EDGE('',*,*,#940,.T.);
#1664 = ORIENTED_EDGE('',*,*,#1665,.T.);
#1665 = EDGE_CURVE('',#933,#713,#1666,.T.);
#1666 = LINE('',#1667,#1668);
#1667 = CARTESIAN_POINT('',(-3.57,-0.769999999999,0.4));
#1668 = VECTOR('',#1669,1.);
#1669 = DIRECTION('',(1.,-1.214792350123E-16,0.));
#1670 = PLANE('',#1671);
#1671 = AXIS2_PLACEMENT_3D('',#1672,#1673,#1674);
#1672 = CARTESIAN_POINT('',(0.,0.,0.4));
#1673 = DIRECTION('',(0.,0.,-1.));
#1674 = DIRECTION('',(-1.,0.,0.));
#1675 = ADVANCED_FACE('',(#1676),#1682,.F.);
#1676 = FACE_BOUND('',#1677,.T.);
#1677 = EDGE_LOOP('',(#1678,#1679,#1680,#1681));
#1678 = ORIENTED_EDGE('',*,*,#1085,.T.);
#1679 = ORIENTED_EDGE('',*,*,#948,.F.);
#1680 = ORIENTED_EDGE('',*,*,#1658,.F.);
#1681 = ORIENTED_EDGE('',*,*,#704,.F.);
#1682 = PLANE('',#1683);
#1683 = AXIS2_PLACEMENT_3D('',#1684,#1685,#1686);
#1684 = CARTESIAN_POINT('',(-3.57,-1.769999999999,0.4));
#1685 = DIRECTION('',(-1.214792350123E-16,-1.,0.));
#1686 = DIRECTION('',(1.,-1.214792350123E-16,0.));
#1687 = ADVANCED_FACE('',(#1688),#1694,.F.);
#1688 = FACE_BOUND('',#1689,.T.);
#1689 = EDGE_LOOP('',(#1690,#1691,#1692,#1693));
#1690 = ORIENTED_EDGE('',*,*,#1665,.F.);
#1691 = ORIENTED_EDGE('',*,*,#932,.T.);
#1692 = ORIENTED_EDGE('',*,*,#1070,.T.);
#1693 = ORIENTED_EDGE('',*,*,#720,.F.);
#1694 = PLANE('',#1695);
#1695 = AXIS2_PLACEMENT_3D('',#1696,#1697,#1698);
#1696 = CARTESIAN_POINT('',(-3.57,-0.769999999999,0.4));
#1697 = DIRECTION('',(1.214792350123E-16,1.,0.));
#1698 = DIRECTION('',(-1.,1.214792350123E-16,0.));
#1699 = ADVANCED_FACE('',(#1700),#1711,.F.);
#1700 = FACE_BOUND('',#1701,.T.);
#1701 = EDGE_LOOP('',(#1702,#1703,#1704,#1710));
#1702 = ORIENTED_EDGE('',*,*,#488,.T.);
#1703 = ORIENTED_EDGE('',*,*,#129,.F.);
#1704 = ORIENTED_EDGE('',*,*,#1705,.F.);
#1705 = EDGE_CURVE('',#351,#122,#1706,.T.);
#1706 = LINE('',#1707,#1708);
#1707 = CARTESIAN_POINT('',(-3.57,-0.769999999999,0.4));
#1708 = VECTOR('',#1709,1.);
#1709 = DIRECTION('',(1.,-1.214792350123E-16,0.));
#1710 = ORIENTED_EDGE('',*,*,#350,.F.);
#1711 = PLANE('',#1712);
#1712 = AXIS2_PLACEMENT_3D('',#1713,#1714,#1715);
#1713 = CARTESIAN_POINT('',(-3.57,-0.769999999999,0.4));
#1714 = DIRECTION('',(1.214792350123E-16,1.,0.));
#1715 = DIRECTION('',(-1.,1.214792350123E-16,0.));
#1716 = ADVANCED_FACE('',(#1717),#1728,.F.);
#1717 = FACE_BOUND('',#1718,.T.);
#1718 = EDGE_LOOP('',(#1719,#1725,#1726,#1727));
#1719 = ORIENTED_EDGE('',*,*,#1720,.F.);
#1720 = EDGE_CURVE('',#114,#359,#1721,.T.);
#1721 = LINE('',#1722,#1723);
#1722 = CARTESIAN_POINT('',(-3.57,-1.769999999999,0.4));
#1723 = VECTOR('',#1724,1.);
#1724 = DIRECTION('',(-1.,1.214792350123E-16,0.));
#1725 = ORIENTED_EDGE('',*,*,#113,.T.);
#1726 = ORIENTED_EDGE('',*,*,#503,.T.);
#1727 = ORIENTED_EDGE('',*,*,#366,.F.);
#1728 = PLANE('',#1729);
#1729 = AXIS2_PLACEMENT_3D('',#1730,#1731,#1732);
#1730 = CARTESIAN_POINT('',(-3.57,-1.769999999999,0.4));
#1731 = DIRECTION('',(-1.214792350123E-16,-1.,0.));
#1732 = DIRECTION('',(1.,-1.214792350123E-16,0.));
#1733 = ADVANCED_FACE('',(#1734),#1740,.T.);
#1734 = FACE_BOUND('',#1735,.T.);
#1735 = EDGE_LOOP('',(#1736,#1737,#1738,#1739));
#1736 = ORIENTED_EDGE('',*,*,#358,.T.);
#1737 = ORIENTED_EDGE('',*,*,#1705,.T.);
#1738 = ORIENTED_EDGE('',*,*,#121,.T.);
#1739 = ORIENTED_EDGE('',*,*,#1720,.T.);
#1740 = PLANE('',#1741);
#1741 = AXIS2_PLACEMENT_3D('',#1742,#1743,#1744);
#1742 = CARTESIAN_POINT('',(0.,0.,0.4));
#1743 = DIRECTION('',(0.,0.,-1.));
#1744 = DIRECTION('',(-1.,0.,0.));
#1745 = ADVANCED_FACE('',(#1746),#1762,.T.);
#1746 = FACE_BOUND('',#1747,.T.);
#1747 = EDGE_LOOP('',(#1748,#1749,#1755,#1756));
#1748 = ORIENTED_EDGE('',*,*,#646,.T.);
#1749 = ORIENTED_EDGE('',*,*,#1750,.T.);
#1750 = EDGE_CURVE('',#649,#909,#1751,.T.);
#1751 = LINE('',#1752,#1753);
#1752 = CARTESIAN_POINT('',(-3.57,0.77,0.4));
#1753 = VECTOR('',#1754,1.);
#1754 = DIRECTION('',(-1.,1.214792350123E-16,0.));
#1755 = ORIENTED_EDGE('',*,*,#908,.T.);
#1756 = ORIENTED_EDGE('',*,*,#1757,.T.);
#1757 = EDGE_CURVE('',#901,#647,#1758,.T.);
#1758 = LINE('',#1759,#1760);
#1759 = CARTESIAN_POINT('',(-3.57,1.77,0.4));
#1760 = VECTOR('',#1761,1.);
#1761 = DIRECTION('',(1.,-1.214792350123E-16,0.));
#1762 = PLANE('',#1763);
#1763 = AXIS2_PLACEMENT_3D('',#1764,#1765,#1766);
#1764 = CARTESIAN_POINT('',(0.,2.54,0.4));
#1765 = DIRECTION('',(0.,0.,-1.));
#1766 = DIRECTION('',(-1.,0.,0.));
#1767 = ADVANCED_FACE('',(#1768),#1774,.F.);
#1768 = FACE_BOUND('',#1769,.T.);
#1769 = EDGE_LOOP('',(#1770,#1771,#1772,#1773));
#1770 = ORIENTED_EDGE('',*,*,#1063,.T.);
#1771 = ORIENTED_EDGE('',*,*,#916,.F.);
#1772 = ORIENTED_EDGE('',*,*,#1750,.F.);
#1773 = ORIENTED_EDGE('',*,*,#736,.F.);
#1774 = PLANE('',#1775);
#1775 = AXIS2_PLACEMENT_3D('',#1776,#1777,#1778);
#1776 = CARTESIAN_POINT('',(-3.57,0.77,0.4));
#1777 = DIRECTION('',(-1.214792350123E-16,-1.,0.));
#1778 = DIRECTION('',(1.,-1.214792350123E-16,0.));
#1779 = ADVANCED_FACE('',(#1780),#1786,.F.);
#1780 = FACE_BOUND('',#1781,.T.);
#1781 = EDGE_LOOP('',(#1782,#1783,#1784,#1785));
#1782 = ORIENTED_EDGE('',*,*,#1757,.F.);
#1783 = ORIENTED_EDGE('',*,*,#900,.T.);
#1784 = ORIENTED_EDGE('',*,*,#819,.T.);
#1785 = ORIENTED_EDGE('',*,*,#656,.F.);
#1786 = PLANE('',#1787);
#1787 = AXIS2_PLACEMENT_3D('',#1788,#1789,#1790);
#1788 = CARTESIAN_POINT('',(-3.57,1.77,0.4));
#1789 = DIRECTION('',(1.214792350123E-16,1.,0.));
#1790 = DIRECTION('',(-1.,1.214792350123E-16,0.));
#1791 = ADVANCED_FACE('',(#1792),#1803,.F.);
#1792 = FACE_BOUND('',#1793,.T.);
#1793 = EDGE_LOOP('',(#1794,#1795,#1796,#1802));
#1794 = ORIENTED_EDGE('',*,*,#228,.T.);
#1795 = ORIENTED_EDGE('',*,*,#65,.F.);
#1796 = ORIENTED_EDGE('',*,*,#1797,.F.);
#1797 = EDGE_CURVE('',#319,#56,#1798,.T.);
#1798 = LINE('',#1799,#1800);
#1799 = CARTESIAN_POINT('',(-3.57,1.77,0.4));
#1800 = VECTOR('',#1801,1.);
#1801 = DIRECTION('',(1.,-1.214792350123E-16,0.));
#1802 = ORIENTED_EDGE('',*,*,#318,.F.);
#1803 = PLANE('',#1804);
#1804 = AXIS2_PLACEMENT_3D('',#1805,#1806,#1807);
#1805 = CARTESIAN_POINT('',(-3.57,1.77,0.4));
#1806 = DIRECTION('',(1.214792350123E-16,1.,0.));
#1807 = DIRECTION('',(-1.,1.214792350123E-16,0.));
#1808 = ADVANCED_FACE('',(#1809),#1820,.F.);
#1809 = FACE_BOUND('',#1810,.T.);
#1810 = EDGE_LOOP('',(#1811,#1817,#1818,#1819));
#1811 = ORIENTED_EDGE('',*,*,#1812,.F.);
#1812 = EDGE_CURVE('',#58,#327,#1813,.T.);
#1813 = LINE('',#1814,#1815);
#1814 = CARTESIAN_POINT('',(-3.57,0.77,0.4));
#1815 = VECTOR('',#1816,1.);
#1816 = DIRECTION('',(-1.,1.214792350123E-16,0.));
#1817 = ORIENTED_EDGE('',*,*,#145,.T.);
#1818 = ORIENTED_EDGE('',*,*,#481,.T.);
#1819 = ORIENTED_EDGE('',*,*,#334,.F.);
#1820 = PLANE('',#1821);
#1821 = AXIS2_PLACEMENT_3D('',#1822,#1823,#1824);
#1822 = CARTESIAN_POINT('',(-3.57,0.77,0.4));
#1823 = DIRECTION('',(-1.214792350123E-16,-1.,0.));
#1824 = DIRECTION('',(1.,-1.214792350123E-16,0.));
#1825 = ADVANCED_FACE('',(#1826),#1832,.T.);
#1826 = FACE_BOUND('',#1827,.T.);
#1827 = EDGE_LOOP('',(#1828,#1829,#1830,#1831));
#1828 = ORIENTED_EDGE('',*,*,#326,.T.);
#1829 = ORIENTED_EDGE('',*,*,#1797,.T.);
#1830 = ORIENTED_EDGE('',*,*,#55,.T.);
#1831 = ORIENTED_EDGE('',*,*,#1812,.T.);
#1832 = PLANE('',#1833);
#1833 = AXIS2_PLACEMENT_3D('',#1834,#1835,#1836);
#1834 = CARTESIAN_POINT('',(0.,2.54,0.4));
#1835 = DIRECTION('',(0.,0.,-1.));
#1836 = DIRECTION('',(-1.,0.,0.));
#1837 = ADVANCED_FACE('',(#1838),#1863,.F.);
#1838 = FACE_BOUND('',#1839,.T.);
#1839 = EDGE_LOOP('',(#1840,#1848,#1849,#1857));
#1840 = ORIENTED_EDGE('',*,*,#1841,.T.);
#1841 = EDGE_CURVE('',#1842,#407,#1844,.T.);
#1842 = VERTEX_POINT('',#1843);
#1843 = CARTESIAN_POINT('',(2.891967353872,0.33,0.83698389596));
#1844 = LINE('',#1845,#1846);
#1845 = CARTESIAN_POINT('',(2.891967353872,0.33,0.83698389596));
#1846 = VECTOR('',#1847,1.);
#1847 = DIRECTION('',(1.,0.,7.888962638667E-16));
#1848 = ORIENTED_EDGE('',*,*,#406,.T.);
#1849 = ORIENTED_EDGE('',*,*,#1850,.F.);
#1850 = EDGE_CURVE('',#1851,#409,#1853,.T.);
#1851 = VERTEX_POINT('',#1852);
#1852 = CARTESIAN_POINT('',(2.891967353872,0.33,0.51698389596));
#1853 = LINE('',#1854,#1855);
#1854 = CARTESIAN_POINT('',(2.891967353872,0.33,0.51698389596));
#1855 = VECTOR('',#1856,1.);
#1856 = DIRECTION('',(1.,0.,7.888962638667E-16));
#1857 = ORIENTED_EDGE('',*,*,#1858,.F.);
#1858 = EDGE_CURVE('',#1842,#1851,#1859,.T.);
#1859 = LINE('',#1860,#1861);
#1860 = CARTESIAN_POINT('',(2.891967353872,0.33,0.83698389596));
#1861 = VECTOR('',#1862,1.);
#1862 = DIRECTION('',(1.355252715606E-15,0.,-1.));
#1863 = PLANE('',#1864);
#1864 = AXIS2_PLACEMENT_3D('',#1865,#1866,#1867);
#1865 = CARTESIAN_POINT('',(4.451729889353,0.33,0.109999999999));
#1866 = DIRECTION('',(0.,-1.,0.));
#1867 = DIRECTION('',(-1.,0.,0.));
#1868 = ADVANCED_FACE('',(#1869),#1894,.T.);
#1869 = FACE_BOUND('',#1870,.T.);
#1870 = EDGE_LOOP('',(#1871,#1881,#1887,#1888));
#1871 = ORIENTED_EDGE('',*,*,#1872,.F.);
#1872 = EDGE_CURVE('',#1873,#1875,#1877,.T.);
#1873 = VERTEX_POINT('',#1874);
#1874 = CARTESIAN_POINT('',(2.891967353872,-0.33,0.83698389596));
#1875 = VERTEX_POINT('',#1876);
#1876 = CARTESIAN_POINT('',(2.891967353872,-0.33,0.51698389596));
#1877 = LINE('',#1878,#1879);
#1878 = CARTESIAN_POINT('',(2.891967353872,-0.33,0.83698389596));
#1879 = VECTOR('',#1880,1.);
#1880 = DIRECTION('',(1.355252715606E-15,0.,-1.));
#1881 = ORIENTED_EDGE('',*,*,#1882,.F.);
#1882 = EDGE_CURVE('',#1842,#1873,#1883,.T.);
#1883 = LINE('',#1884,#1885);
#1884 = CARTESIAN_POINT('',(2.891967353872,0.33,0.83698389596));
#1885 = VECTOR('',#1886,1.);
#1886 = DIRECTION('',(0.,-1.,0.));
#1887 = ORIENTED_EDGE('',*,*,#1858,.T.);
#1888 = ORIENTED_EDGE('',*,*,#1889,.T.);
#1889 = EDGE_CURVE('',#1851,#1875,#1890,.T.);
#1890 = LINE('',#1891,#1892);
#1891 = CARTESIAN_POINT('',(2.891967353872,0.33,0.51698389596));
#1892 = VECTOR('',#1893,1.);
#1893 = DIRECTION('',(0.,-1.,0.));
#1894 = PLANE('',#1895);
#1895 = AXIS2_PLACEMENT_3D('',#1896,#1897,#1898);
#1896 = CARTESIAN_POINT('',(2.891967353872,0.33,0.83698389596));
#1897 = DIRECTION('',(-1.,0.,-1.355252715606E-15));
#1898 = DIRECTION('',(-1.355252715606E-15,0.,1.));
#1899 = ADVANCED_FACE('',(#1900),#1916,.T.);
#1900 = FACE_BOUND('',#1901,.T.);
#1901 = EDGE_LOOP('',(#1902,#1903,#1909,#1910));
#1902 = ORIENTED_EDGE('',*,*,#424,.F.);
#1903 = ORIENTED_EDGE('',*,*,#1904,.F.);
#1904 = EDGE_CURVE('',#1873,#417,#1905,.T.);
#1905 = LINE('',#1906,#1907);
#1906 = CARTESIAN_POINT('',(2.891967353872,-0.33,0.83698389596));
#1907 = VECTOR('',#1908,1.);
#1908 = DIRECTION('',(1.,0.,7.888962638667E-16));
#1909 = ORIENTED_EDGE('',*,*,#1872,.T.);
#1910 = ORIENTED_EDGE('',*,*,#1911,.T.);
#1911 = EDGE_CURVE('',#1875,#425,#1912,.T.);
#1912 = LINE('',#1913,#1914);
#1913 = CARTESIAN_POINT('',(2.891967353872,-0.33,0.51698389596));
#1914 = VECTOR('',#1915,1.);
#1915 = DIRECTION('',(1.,0.,7.888962638667E-16));
#1916 = PLANE('',#1917);
#1917 = AXIS2_PLACEMENT_3D('',#1918,#1919,#1920);
#1918 = CARTESIAN_POINT('',(4.451729889353,-0.33,0.109999999999));
#1919 = DIRECTION('',(0.,-1.,0.));
#1920 = DIRECTION('',(-1.,0.,0.));
#1921 = ADVANCED_FACE('',(#1922),#1928,.F.);
#1922 = FACE_BOUND('',#1923,.T.);
#1923 = EDGE_LOOP('',(#1924,#1925,#1926,#1927));
#1924 = ORIENTED_EDGE('',*,*,#1904,.T.);
#1925 = ORIENTED_EDGE('',*,*,#416,.T.);
#1926 = ORIENTED_EDGE('',*,*,#1841,.F.);
#1927 = ORIENTED_EDGE('',*,*,#1882,.T.);
#1928 = PLANE('',#1929);
#1929 = AXIS2_PLACEMENT_3D('',#1930,#1931,#1932);
#1930 = CARTESIAN_POINT('',(2.891967353872,0.33,0.83698389596));
#1931 = DIRECTION('',(7.888962638667E-16,0.,-1.));
#1932 = DIRECTION('',(-1.,0.,-7.888962638667E-16));
#1933 = ADVANCED_FACE('',(#1934),#1940,.T.);
#1934 = FACE_BOUND('',#1935,.T.);
#1935 = EDGE_LOOP('',(#1936,#1937,#1938,#1939));
#1936 = ORIENTED_EDGE('',*,*,#432,.F.);
#1937 = ORIENTED_EDGE('',*,*,#1911,.F.);
#1938 = ORIENTED_EDGE('',*,*,#1889,.F.);
#1939 = ORIENTED_EDGE('',*,*,#1850,.T.);
#1940 = PLANE('',#1941);
#1941 = AXIS2_PLACEMENT_3D('',#1942,#1943,#1944);
#1942 = CARTESIAN_POINT('',(2.891967353872,0.33,0.51698389596));
#1943 = DIRECTION('',(7.888962638667E-16,0.,-1.));
#1944 = DIRECTION('',(-1.,0.,-7.888962638667E-16));
#1945 = ADVANCED_FACE('',(#1946),#1971,.T.);
#1946 = FACE_BOUND('',#1947,.T.);
#1947 = EDGE_LOOP('',(#1948,#1949,#1957,#1965));
#1948 = ORIENTED_EDGE('',*,*,#163,.F.);
#1949 = ORIENTED_EDGE('',*,*,#1950,.T.);
#1950 = EDGE_CURVE('',#154,#1951,#1953,.T.);
#1951 = VERTEX_POINT('',#1952);
#1952 = CARTESIAN_POINT('',(3.991429701098,0.33,0.51698389596));
#1953 = LINE('',#1954,#1955);
#1954 = CARTESIAN_POINT('',(2.891967353872,0.33,0.51698389596));
#1955 = VECTOR('',#1956,1.);
#1956 = DIRECTION('',(1.,0.,7.888962638667E-16));
#1957 = ORIENTED_EDGE('',*,*,#1958,.T.);
#1958 = EDGE_CURVE('',#1951,#1959,#1961,.T.);
#1959 = VERTEX_POINT('',#1960);
#1960 = CARTESIAN_POINT('',(3.991429701098,-0.33,0.51698389596));
#1961 = LINE('',#1962,#1963);
#1962 = CARTESIAN_POINT('',(3.991429701098,0.33,0.51698389596));
#1963 = VECTOR('',#1964,1.);
#1964 = DIRECTION('',(0.,-1.,0.));
#1965 = ORIENTED_EDGE('',*,*,#1966,.F.);
#1966 = EDGE_CURVE('',#164,#1959,#1967,.T.);
#1967 = LINE('',#1968,#1969);
#1968 = CARTESIAN_POINT('',(2.891967353872,-0.33,0.51698389596));
#1969 = VECTOR('',#1970,1.);
#1970 = DIRECTION('',(1.,0.,7.888962638667E-16));
#1971 = PLANE('',#1972);
#1972 = AXIS2_PLACEMENT_3D('',#1973,#1974,#1975);
#1973 = CARTESIAN_POINT('',(2.891967353872,0.33,0.51698389596));
#1974 = DIRECTION('',(7.888962638667E-16,0.,-1.));
#1975 = DIRECTION('',(-1.,0.,-7.888962638667E-16));
#1976 = ADVANCED_FACE('',(#1977),#2002,.F.);
#1977 = FACE_BOUND('',#1978,.T.);
#1978 = EDGE_LOOP('',(#1979,#1987,#1988,#1996));
#1979 = ORIENTED_EDGE('',*,*,#1980,.F.);
#1980 = EDGE_CURVE('',#156,#1981,#1983,.T.);
#1981 = VERTEX_POINT('',#1982);
#1982 = CARTESIAN_POINT('',(3.991429701098,0.33,0.83698389596));
#1983 = LINE('',#1984,#1985);
#1984 = CARTESIAN_POINT('',(2.891967353872,0.33,0.83698389596));
#1985 = VECTOR('',#1986,1.);
#1986 = DIRECTION('',(1.,0.,7.888962638667E-16));
#1987 = ORIENTED_EDGE('',*,*,#179,.T.);
#1988 = ORIENTED_EDGE('',*,*,#1989,.T.);
#1989 = EDGE_CURVE('',#172,#1990,#1992,.T.);
#1990 = VERTEX_POINT('',#1991);
#1991 = CARTESIAN_POINT('',(3.991429701098,-0.33,0.83698389596));
#1992 = LINE('',#1993,#1994);
#1993 = CARTESIAN_POINT('',(2.891967353872,-0.33,0.83698389596));
#1994 = VECTOR('',#1995,1.);
#1995 = DIRECTION('',(1.,0.,7.888962638667E-16));
#1996 = ORIENTED_EDGE('',*,*,#1997,.F.);
#1997 = EDGE_CURVE('',#1981,#1990,#1998,.T.);
#1998 = LINE('',#1999,#2000);
#1999 = CARTESIAN_POINT('',(3.991429701098,0.33,0.83698389596));
#2000 = VECTOR('',#2001,1.);
#2001 = DIRECTION('',(0.,-1.,0.));
#2002 = PLANE('',#2003);
#2003 = AXIS2_PLACEMENT_3D('',#2004,#2005,#2006);
#2004 = CARTESIAN_POINT('',(2.891967353872,0.33,0.83698389596));
#2005 = DIRECTION('',(7.888962638667E-16,0.,-1.));
#2006 = DIRECTION('',(-1.,0.,-7.888962638667E-16));
#2007 = ADVANCED_FACE('',(#2008),#2078,.F.);
#2008 = FACE_BOUND('',#2009,.T.);
#2009 = EDGE_LOOP('',(#2010,#2011,#2012,#2013,#2022,#2030,#2038,#2046,
    #2054,#2063,#2071));
#2010 = ORIENTED_EDGE('',*,*,#1950,.F.);
#2011 = ORIENTED_EDGE('',*,*,#153,.T.);
#2012 = ORIENTED_EDGE('',*,*,#1980,.T.);
#2013 = ORIENTED_EDGE('',*,*,#2014,.T.);
#2014 = EDGE_CURVE('',#1981,#2015,#2017,.T.);
#2015 = VERTEX_POINT('',#2016);
#2016 = CARTESIAN_POINT('',(4.405048957363,0.33,0.48991613058));
#2017 = CIRCLE('',#2018,0.419999999999);
#2018 = AXIS2_PLACEMENT_3D('',#2019,#2020,#2021);
#2019 = CARTESIAN_POINT('',(3.991429701098,0.33,0.41698389596));
#2020 = DIRECTION('',(-0.,1.,0.));
#2021 = DIRECTION('',(1.,0.,0.));
#2022 = ORIENTED_EDGE('',*,*,#2023,.T.);
#2023 = EDGE_CURVE('',#2015,#2024,#2026,.T.);
#2024 = VERTEX_POINT('',#2025);
#2025 = CARTESIAN_POINT('',(4.468511881976,0.33,0.13));
#2026 = LINE('',#2027,#2028);
#2027 = CARTESIAN_POINT('',(4.405048957363,0.33,0.48991613058));
#2028 = VECTOR('',#2029,1.);
#2029 = DIRECTION('',(0.173648177666,0.,-0.984807753012));
#2030 = ORIENTED_EDGE('',*,*,#2031,.T.);
#2031 = EDGE_CURVE('',#2024,#2032,#2034,.T.);
#2032 = VERTEX_POINT('',#2033);
#2033 = CARTESIAN_POINT('',(5.1,0.33,0.13));
#2034 = LINE('',#2035,#2036);
#2035 = CARTESIAN_POINT('',(4.451729889353,0.33,0.129999999999));
#2036 = VECTOR('',#2037,1.);
#2037 = DIRECTION('',(1.,0.,6.68981743677E-15));
#2038 = ORIENTED_EDGE('',*,*,#2039,.F.);
#2039 = EDGE_CURVE('',#2040,#2032,#2042,.T.);
#2040 = VERTEX_POINT('',#2041);
#2041 = CARTESIAN_POINT('',(5.1,0.33,-0.189999999999));
#2042 = LINE('',#2043,#2044);
#2043 = CARTESIAN_POINT('',(5.1,0.33,-0.189999999999));
#2044 = VECTOR('',#2045,1.);
#2045 = DIRECTION('',(-5.421010862427E-15,0.,1.));
#2046 = ORIENTED_EDGE('',*,*,#2047,.F.);
#2047 = EDGE_CURVE('',#2048,#2040,#2050,.T.);
#2048 = VERTEX_POINT('',#2049);
#2049 = CARTESIAN_POINT('',(4.451729889353,0.33,-0.19));
#2050 = LINE('',#2051,#2052);
#2051 = CARTESIAN_POINT('',(4.451729889353,0.33,-0.19));
#2052 = VECTOR('',#2053,1.);
#2053 = DIRECTION('',(1.,0.,6.68981743677E-15));
#2054 = ORIENTED_EDGE('',*,*,#2055,.F.);
#2055 = EDGE_CURVE('',#2056,#2048,#2058,.T.);
#2056 = VERTEX_POINT('',#2057);
#2057 = CARTESIAN_POINT('',(4.156287563449,0.33,5.7905546699E-02));
#2058 = CIRCLE('',#2059,0.299999999999);
#2059 = AXIS2_PLACEMENT_3D('',#2060,#2061,#2062);
#2060 = CARTESIAN_POINT('',(4.451729889353,0.33,0.109999999999));
#2061 = DIRECTION('',(0.,-1.,0.));
#2062 = DIRECTION('',(0.,0.,-1.));
#2063 = ORIENTED_EDGE('',*,*,#2064,.F.);
#2064 = EDGE_CURVE('',#2065,#2056,#2067,.T.);
#2065 = VERTEX_POINT('',#2066);
#2066 = CARTESIAN_POINT('',(4.089910476399,0.33,0.434348713727));
#2067 = LINE('',#2068,#2069);
#2068 = CARTESIAN_POINT('',(4.089910476399,0.33,0.434348713727));
#2069 = VECTOR('',#2070,1.);
#2070 = DIRECTION('',(0.173648177666,0.,-0.984807753012));
#2071 = ORIENTED_EDGE('',*,*,#2072,.F.);
#2072 = EDGE_CURVE('',#1951,#2065,#2073,.T.);
#2073 = CIRCLE('',#2074,9.9999999999E-02);
#2074 = AXIS2_PLACEMENT_3D('',#2075,#2076,#2077);
#2075 = CARTESIAN_POINT('',(3.991429701098,0.33,0.41698389596));
#2076 = DIRECTION('',(0.,1.,0.));
#2077 = DIRECTION('',(0.,0.,1.));
#2078 = PLANE('',#2079);
#2079 = AXIS2_PLACEMENT_3D('',#2080,#2081,#2082);
#2080 = CARTESIAN_POINT('',(4.451729889353,0.33,0.109999999999));
#2081 = DIRECTION('',(0.,-1.,0.));
#2082 = DIRECTION('',(-1.,0.,0.));
#2083 = ADVANCED_FACE('',(#2084),#2154,.T.);
#2084 = FACE_BOUND('',#2085,.T.);
#2085 = EDGE_LOOP('',(#2086,#2087,#2088,#2097,#2105,#2114,#2122,#2130,
    #2138,#2146,#2153));
#2086 = ORIENTED_EDGE('',*,*,#171,.F.);
#2087 = ORIENTED_EDGE('',*,*,#1966,.T.);
#2088 = ORIENTED_EDGE('',*,*,#2089,.T.);
#2089 = EDGE_CURVE('',#1959,#2090,#2092,.T.);
#2090 = VERTEX_POINT('',#2091);
#2091 = CARTESIAN_POINT('',(4.089910476399,-0.33,0.434348713727));
#2092 = CIRCLE('',#2093,9.9999999999E-02);
#2093 = AXIS2_PLACEMENT_3D('',#2094,#2095,#2096);
#2094 = CARTESIAN_POINT('',(3.991429701098,-0.33,0.41698389596));
#2095 = DIRECTION('',(0.,1.,0.));
#2096 = DIRECTION('',(0.,0.,1.));
#2097 = ORIENTED_EDGE('',*,*,#2098,.T.);
#2098 = EDGE_CURVE('',#2090,#2099,#2101,.T.);
#2099 = VERTEX_POINT('',#2100);
#2100 = CARTESIAN_POINT('',(4.156287563449,-0.33,5.7905546699E-02));
#2101 = LINE('',#2102,#2103);
#2102 = CARTESIAN_POINT('',(4.089910476399,-0.33,0.434348713727));
#2103 = VECTOR('',#2104,1.);
#2104 = DIRECTION('',(0.173648177666,0.,-0.984807753012));
#2105 = ORIENTED_EDGE('',*,*,#2106,.T.);
#2106 = EDGE_CURVE('',#2099,#2107,#2109,.T.);
#2107 = VERTEX_POINT('',#2108);
#2108 = CARTESIAN_POINT('',(4.451729889353,-0.33,-0.19));
#2109 = CIRCLE('',#2110,0.299999999999);
#2110 = AXIS2_PLACEMENT_3D('',#2111,#2112,#2113);
#2111 = CARTESIAN_POINT('',(4.451729889353,-0.33,0.109999999999));
#2112 = DIRECTION('',(0.,-1.,0.));
#2113 = DIRECTION('',(0.,0.,-1.));
#2114 = ORIENTED_EDGE('',*,*,#2115,.T.);
#2115 = EDGE_CURVE('',#2107,#2116,#2118,.T.);
#2116 = VERTEX_POINT('',#2117);
#2117 = CARTESIAN_POINT('',(5.1,-0.33,-0.189999999999));
#2118 = LINE('',#2119,#2120);
#2119 = CARTESIAN_POINT('',(4.451729889353,-0.33,-0.19));
#2120 = VECTOR('',#2121,1.);
#2121 = DIRECTION('',(1.,0.,6.68981743677E-15));
#2122 = ORIENTED_EDGE('',*,*,#2123,.T.);
#2123 = EDGE_CURVE('',#2116,#2124,#2126,.T.);
#2124 = VERTEX_POINT('',#2125);
#2125 = CARTESIAN_POINT('',(5.1,-0.33,0.13));
#2126 = LINE('',#2127,#2128);
#2127 = CARTESIAN_POINT('',(5.1,-0.33,-0.189999999999));
#2128 = VECTOR('',#2129,1.);
#2129 = DIRECTION('',(-5.421010862427E-15,0.,1.));
#2130 = ORIENTED_EDGE('',*,*,#2131,.F.);
#2131 = EDGE_CURVE('',#2132,#2124,#2134,.T.);
#2132 = VERTEX_POINT('',#2133);
#2133 = CARTESIAN_POINT('',(4.468511881976,-0.33,0.13));
#2134 = LINE('',#2135,#2136);
#2135 = CARTESIAN_POINT('',(4.451729889353,-0.33,0.129999999999));
#2136 = VECTOR('',#2137,1.);
#2137 = DIRECTION('',(1.,0.,6.68981743677E-15));
#2138 = ORIENTED_EDGE('',*,*,#2139,.F.);
#2139 = EDGE_CURVE('',#2140,#2132,#2142,.T.);
#2140 = VERTEX_POINT('',#2141);
#2141 = CARTESIAN_POINT('',(4.405048957363,-0.33,0.48991613058));
#2142 = LINE('',#2143,#2144);
#2143 = CARTESIAN_POINT('',(4.405048957363,-0.33,0.48991613058));
#2144 = VECTOR('',#2145,1.);
#2145 = DIRECTION('',(0.173648177666,0.,-0.984807753012));
#2146 = ORIENTED_EDGE('',*,*,#2147,.F.);
#2147 = EDGE_CURVE('',#1990,#2140,#2148,.T.);
#2148 = CIRCLE('',#2149,0.419999999999);
#2149 = AXIS2_PLACEMENT_3D('',#2150,#2151,#2152);
#2150 = CARTESIAN_POINT('',(3.991429701098,-0.33,0.41698389596));
#2151 = DIRECTION('',(-0.,1.,0.));
#2152 = DIRECTION('',(1.,0.,0.));
#2153 = ORIENTED_EDGE('',*,*,#1989,.F.);
#2154 = PLANE('',#2155);
#2155 = AXIS2_PLACEMENT_3D('',#2156,#2157,#2158);
#2156 = CARTESIAN_POINT('',(4.451729889353,-0.33,0.109999999999));
#2157 = DIRECTION('',(0.,-1.,0.));
#2158 = DIRECTION('',(-1.,0.,0.));
#2159 = ADVANCED_FACE('',(#2160),#2176,.F.);
#2160 = FACE_BOUND('',#2161,.T.);
#2161 = EDGE_LOOP('',(#2162,#2163,#2169,#2170));
#2162 = ORIENTED_EDGE('',*,*,#2131,.T.);
#2163 = ORIENTED_EDGE('',*,*,#2164,.F.);
#2164 = EDGE_CURVE('',#2032,#2124,#2165,.T.);
#2165 = LINE('',#2166,#2167);
#2166 = CARTESIAN_POINT('',(5.1,0.33,0.13));
#2167 = VECTOR('',#2168,1.);
#2168 = DIRECTION('',(0.,-1.,0.));
#2169 = ORIENTED_EDGE('',*,*,#2031,.F.);
#2170 = ORIENTED_EDGE('',*,*,#2171,.T.);
#2171 = EDGE_CURVE('',#2024,#2132,#2172,.T.);
#2172 = LINE('',#2173,#2174);
#2173 = CARTESIAN_POINT('',(4.468511881976,0.33,0.13));
#2174 = VECTOR('',#2175,1.);
#2175 = DIRECTION('',(0.,-1.,0.));
#2176 = PLANE('',#2177);
#2177 = AXIS2_PLACEMENT_3D('',#2178,#2179,#2180);
#2178 = CARTESIAN_POINT('',(4.451729889353,0.33,0.129999999999));
#2179 = DIRECTION('',(6.68981743677E-15,0.,-1.));
#2180 = DIRECTION('',(-1.,0.,-6.68981743677E-15));
#2181 = ADVANCED_FACE('',(#2182),#2193,.T.);
#2182 = FACE_BOUND('',#2183,.T.);
#2183 = EDGE_LOOP('',(#2184,#2185,#2191,#2192));
#2184 = ORIENTED_EDGE('',*,*,#2123,.F.);
#2185 = ORIENTED_EDGE('',*,*,#2186,.F.);
#2186 = EDGE_CURVE('',#2040,#2116,#2187,.T.);
#2187 = LINE('',#2188,#2189);
#2188 = CARTESIAN_POINT('',(5.1,0.33,-0.189999999999));
#2189 = VECTOR('',#2190,1.);
#2190 = DIRECTION('',(0.,-1.,0.));
#2191 = ORIENTED_EDGE('',*,*,#2039,.T.);
#2192 = ORIENTED_EDGE('',*,*,#2164,.T.);
#2193 = PLANE('',#2194);
#2194 = AXIS2_PLACEMENT_3D('',#2195,#2196,#2197);
#2195 = CARTESIAN_POINT('',(5.1,0.33,-0.189999999999));
#2196 = DIRECTION('',(1.,0.,5.421010862427E-15));
#2197 = DIRECTION('',(5.421010862427E-15,0.,-1.));
#2198 = ADVANCED_FACE('',(#2199),#2210,.T.);
#2199 = FACE_BOUND('',#2200,.T.);
#2200 = EDGE_LOOP('',(#2201,#2202,#2208,#2209));
#2201 = ORIENTED_EDGE('',*,*,#2115,.F.);
#2202 = ORIENTED_EDGE('',*,*,#2203,.F.);
#2203 = EDGE_CURVE('',#2048,#2107,#2204,.T.);
#2204 = LINE('',#2205,#2206);
#2205 = CARTESIAN_POINT('',(4.451729889353,0.33,-0.19));
#2206 = VECTOR('',#2207,1.);
#2207 = DIRECTION('',(0.,-1.,0.));
#2208 = ORIENTED_EDGE('',*,*,#2047,.T.);
#2209 = ORIENTED_EDGE('',*,*,#2186,.T.);
#2210 = PLANE('',#2211);
#2211 = AXIS2_PLACEMENT_3D('',#2212,#2213,#2214);
#2212 = CARTESIAN_POINT('',(4.451729889353,0.33,-0.19));
#2213 = DIRECTION('',(6.68981743677E-15,0.,-1.));
#2214 = DIRECTION('',(-1.,0.,-6.68981743677E-15));
#2215 = ADVANCED_FACE('',(#2216),#2227,.T.);
#2216 = FACE_BOUND('',#2217,.T.);
#2217 = EDGE_LOOP('',(#2218,#2219,#2225,#2226));
#2218 = ORIENTED_EDGE('',*,*,#2106,.F.);
#2219 = ORIENTED_EDGE('',*,*,#2220,.F.);
#2220 = EDGE_CURVE('',#2056,#2099,#2221,.T.);
#2221 = LINE('',#2222,#2223);
#2222 = CARTESIAN_POINT('',(4.156287563449,0.33,5.7905546699E-02));
#2223 = VECTOR('',#2224,1.);
#2224 = DIRECTION('',(0.,-1.,0.));
#2225 = ORIENTED_EDGE('',*,*,#2055,.T.);
#2226 = ORIENTED_EDGE('',*,*,#2203,.T.);
#2227 = CYLINDRICAL_SURFACE('',#2228,0.299999999999);
#2228 = AXIS2_PLACEMENT_3D('',#2229,#2230,#2231);
#2229 = CARTESIAN_POINT('',(4.451729889353,0.33,0.109999999999));
#2230 = DIRECTION('',(0.,-1.,0.));
#2231 = DIRECTION('',(0.,0.,-1.));
#2232 = ADVANCED_FACE('',(#2233),#2244,.T.);
#2233 = FACE_BOUND('',#2234,.T.);
#2234 = EDGE_LOOP('',(#2235,#2236,#2242,#2243));
#2235 = ORIENTED_EDGE('',*,*,#2098,.F.);
#2236 = ORIENTED_EDGE('',*,*,#2237,.F.);
#2237 = EDGE_CURVE('',#2065,#2090,#2238,.T.);
#2238 = LINE('',#2239,#2240);
#2239 = CARTESIAN_POINT('',(4.089910476399,0.33,0.434348713727));
#2240 = VECTOR('',#2241,1.);
#2241 = DIRECTION('',(0.,-1.,0.));
#2242 = ORIENTED_EDGE('',*,*,#2064,.T.);
#2243 = ORIENTED_EDGE('',*,*,#2220,.T.);
#2244 = PLANE('',#2245);
#2245 = AXIS2_PLACEMENT_3D('',#2246,#2247,#2248);
#2246 = CARTESIAN_POINT('',(4.089910476399,0.33,0.434348713727));
#2247 = DIRECTION('',(-0.984807753012,0.,-0.173648177666));
#2248 = DIRECTION('',(-0.173648177666,0.,0.984807753012));
#2249 = ADVANCED_FACE('',(#2250),#2256,.F.);
#2250 = FACE_BOUND('',#2251,.F.);
#2251 = EDGE_LOOP('',(#2252,#2253,#2254,#2255));
#2252 = ORIENTED_EDGE('',*,*,#2237,.F.);
#2253 = ORIENTED_EDGE('',*,*,#2072,.F.);
#2254 = ORIENTED_EDGE('',*,*,#1958,.T.);
#2255 = ORIENTED_EDGE('',*,*,#2089,.T.);
#2256 = CYLINDRICAL_SURFACE('',#2257,9.9999999999E-02);
#2257 = AXIS2_PLACEMENT_3D('',#2258,#2259,#2260);
#2258 = CARTESIAN_POINT('',(3.991429701098,0.33,0.41698389596));
#2259 = DIRECTION('',(0.,-1.,0.));
#2260 = DIRECTION('',(0.,0.,-1.));
#2261 = ADVANCED_FACE('',(#2262),#2273,.T.);
#2262 = FACE_BOUND('',#2263,.T.);
#2263 = EDGE_LOOP('',(#2264,#2265,#2271,#2272));
#2264 = ORIENTED_EDGE('',*,*,#2147,.T.);
#2265 = ORIENTED_EDGE('',*,*,#2266,.F.);
#2266 = EDGE_CURVE('',#2015,#2140,#2267,.T.);
#2267 = LINE('',#2268,#2269);
#2268 = CARTESIAN_POINT('',(4.405048957363,0.33,0.48991613058));
#2269 = VECTOR('',#2270,1.);
#2270 = DIRECTION('',(0.,-1.,0.));
#2271 = ORIENTED_EDGE('',*,*,#2014,.F.);
#2272 = ORIENTED_EDGE('',*,*,#1997,.T.);
#2273 = CYLINDRICAL_SURFACE('',#2274,0.419999999999);
#2274 = AXIS2_PLACEMENT_3D('',#2275,#2276,#2277);
#2275 = CARTESIAN_POINT('',(3.991429701098,0.33,0.41698389596));
#2276 = DIRECTION('',(0.,-1.,0.));
#2277 = DIRECTION('',(0.,0.,-1.));
#2278 = ADVANCED_FACE('',(#2279),#2285,.F.);
#2279 = FACE_BOUND('',#2280,.T.);
#2280 = EDGE_LOOP('',(#2281,#2282,#2283,#2284));
#2281 = ORIENTED_EDGE('',*,*,#2139,.T.);
#2282 = ORIENTED_EDGE('',*,*,#2171,.F.);
#2283 = ORIENTED_EDGE('',*,*,#2023,.F.);
#2284 = ORIENTED_EDGE('',*,*,#2266,.T.);
#2285 = PLANE('',#2286);
#2286 = AXIS2_PLACEMENT_3D('',#2287,#2288,#2289);
#2287 = CARTESIAN_POINT('',(4.405048957363,0.33,0.48991613058));
#2288 = DIRECTION('',(-0.984807753012,0.,-0.173648177666));
#2289 = DIRECTION('',(-0.173648177666,0.,0.984807753012));
#2290 = ADVANCED_FACE('',(#2291),#2316,.F.);
#2291 = FACE_BOUND('',#2292,.T.);
#2292 = EDGE_LOOP('',(#2293,#2301,#2302,#2310));
#2293 = ORIENTED_EDGE('',*,*,#2294,.T.);
#2294 = EDGE_CURVE('',#2295,#745,#2297,.T.);
#2295 = VERTEX_POINT('',#2296);
#2296 = CARTESIAN_POINT('',(-2.891967353872,0.33,0.51698389596));
#2297 = LINE('',#2298,#2299);
#2298 = CARTESIAN_POINT('',(-2.891967353872,0.33,0.51698389596));
#2299 = VECTOR('',#2300,1.);
#2300 = DIRECTION('',(-1.,0.,7.888962638667E-16));
#2301 = ORIENTED_EDGE('',*,*,#744,.T.);
#2302 = ORIENTED_EDGE('',*,*,#2303,.F.);
#2303 = EDGE_CURVE('',#2304,#747,#2306,.T.);
#2304 = VERTEX_POINT('',#2305);
#2305 = CARTESIAN_POINT('',(-2.891967353872,0.33,0.83698389596));
#2306 = LINE('',#2307,#2308);
#2307 = CARTESIAN_POINT('',(-2.891967353872,0.33,0.83698389596));
#2308 = VECTOR('',#2309,1.);
#2309 = DIRECTION('',(-1.,0.,7.888962638667E-16));
#2310 = ORIENTED_EDGE('',*,*,#2311,.T.);
#2311 = EDGE_CURVE('',#2304,#2295,#2312,.T.);
#2312 = LINE('',#2313,#2314);
#2313 = CARTESIAN_POINT('',(-2.891967353872,0.33,0.83698389596));
#2314 = VECTOR('',#2315,1.);
#2315 = DIRECTION('',(-1.355252715606E-15,0.,-1.));
#2316 = PLANE('',#2317);
#2317 = AXIS2_PLACEMENT_3D('',#2318,#2319,#2320);
#2318 = CARTESIAN_POINT('',(-4.451729889353,0.33,0.109999999999));
#2319 = DIRECTION('',(0.,-1.,0.));
#2320 = DIRECTION('',(1.,0.,0.));
#2321 = ADVANCED_FACE('',(#2322),#2347,.F.);
#2322 = FACE_BOUND('',#2323,.T.);
#2323 = EDGE_LOOP('',(#2324,#2334,#2340,#2341));
#2324 = ORIENTED_EDGE('',*,*,#2325,.T.);
#2325 = EDGE_CURVE('',#2326,#2328,#2330,.T.);
#2326 = VERTEX_POINT('',#2327);
#2327 = CARTESIAN_POINT('',(-2.891967353872,-0.33,0.83698389596));
#2328 = VERTEX_POINT('',#2329);
#2329 = CARTESIAN_POINT('',(-2.891967353872,-0.33,0.51698389596));
#2330 = LINE('',#2331,#2332);
#2331 = CARTESIAN_POINT('',(-2.891967353872,-0.33,0.83698389596));
#2332 = VECTOR('',#2333,1.);
#2333 = DIRECTION('',(-1.355252715606E-15,0.,-1.));
#2334 = ORIENTED_EDGE('',*,*,#2335,.F.);
#2335 = EDGE_CURVE('',#2295,#2328,#2336,.T.);
#2336 = LINE('',#2337,#2338);
#2337 = CARTESIAN_POINT('',(-2.891967353872,0.33,0.51698389596));
#2338 = VECTOR('',#2339,1.);
#2339 = DIRECTION('',(0.,-1.,0.));
#2340 = ORIENTED_EDGE('',*,*,#2311,.F.);
#2341 = ORIENTED_EDGE('',*,*,#2342,.T.);
#2342 = EDGE_CURVE('',#2304,#2326,#2343,.T.);
#2343 = LINE('',#2344,#2345);
#2344 = CARTESIAN_POINT('',(-2.891967353872,0.33,0.83698389596));
#2345 = VECTOR('',#2346,1.);
#2346 = DIRECTION('',(0.,-1.,0.));
#2347 = PLANE('',#2348);
#2348 = AXIS2_PLACEMENT_3D('',#2349,#2350,#2351);
#2349 = CARTESIAN_POINT('',(-2.891967353872,0.33,0.83698389596));
#2350 = DIRECTION('',(-1.,0.,1.355252715606E-15));
#2351 = DIRECTION('',(1.355252715606E-15,0.,1.));
#2352 = ADVANCED_FACE('',(#2353),#2369,.T.);
#2353 = FACE_BOUND('',#2354,.T.);
#2354 = EDGE_LOOP('',(#2355,#2356,#2362,#2363));
#2355 = ORIENTED_EDGE('',*,*,#762,.F.);
#2356 = ORIENTED_EDGE('',*,*,#2357,.F.);
#2357 = EDGE_CURVE('',#2328,#755,#2358,.T.);
#2358 = LINE('',#2359,#2360);
#2359 = CARTESIAN_POINT('',(-2.891967353872,-0.33,0.51698389596));
#2360 = VECTOR('',#2361,1.);
#2361 = DIRECTION('',(-1.,0.,7.888962638667E-16));
#2362 = ORIENTED_EDGE('',*,*,#2325,.F.);
#2363 = ORIENTED_EDGE('',*,*,#2364,.T.);
#2364 = EDGE_CURVE('',#2326,#763,#2365,.T.);
#2365 = LINE('',#2366,#2367);
#2366 = CARTESIAN_POINT('',(-2.891967353872,-0.33,0.83698389596));
#2367 = VECTOR('',#2368,1.);
#2368 = DIRECTION('',(-1.,0.,7.888962638667E-16));
#2369 = PLANE('',#2370);
#2370 = AXIS2_PLACEMENT_3D('',#2371,#2372,#2373);
#2371 = CARTESIAN_POINT('',(-4.451729889353,-0.33,0.109999999999));
#2372 = DIRECTION('',(0.,-1.,0.));
#2373 = DIRECTION('',(1.,0.,0.));
#2374 = ADVANCED_FACE('',(#2375),#2381,.F.);
#2375 = FACE_BOUND('',#2376,.T.);
#2376 = EDGE_LOOP('',(#2377,#2378,#2379,#2380));
#2377 = ORIENTED_EDGE('',*,*,#2357,.T.);
#2378 = ORIENTED_EDGE('',*,*,#754,.T.);
#2379 = ORIENTED_EDGE('',*,*,#2294,.F.);
#2380 = ORIENTED_EDGE('',*,*,#2335,.T.);
#2381 = PLANE('',#2382);
#2382 = AXIS2_PLACEMENT_3D('',#2383,#2384,#2385);
#2383 = CARTESIAN_POINT('',(-2.891967353872,0.33,0.51698389596));
#2384 = DIRECTION('',(7.888962638667E-16,0.,1.));
#2385 = DIRECTION('',(1.,0.,-7.888962638667E-16));
#2386 = ADVANCED_FACE('',(#2387),#2393,.T.);
#2387 = FACE_BOUND('',#2388,.T.);
#2388 = EDGE_LOOP('',(#2389,#2390,#2391,#2392));
#2389 = ORIENTED_EDGE('',*,*,#770,.F.);
#2390 = ORIENTED_EDGE('',*,*,#2364,.F.);
#2391 = ORIENTED_EDGE('',*,*,#2342,.F.);
#2392 = ORIENTED_EDGE('',*,*,#2303,.T.);
#2393 = PLANE('',#2394);
#2394 = AXIS2_PLACEMENT_3D('',#2395,#2396,#2397);
#2395 = CARTESIAN_POINT('',(-2.891967353872,0.33,0.83698389596));
#2396 = DIRECTION('',(7.888962638667E-16,0.,1.));
#2397 = DIRECTION('',(1.,0.,-7.888962638667E-16));
#2398 = ADVANCED_FACE('',(#2399),#2424,.T.);
#2399 = FACE_BOUND('',#2400,.T.);
#2400 = EDGE_LOOP('',(#2401,#2402,#2410,#2418));
#2401 = ORIENTED_EDGE('',*,*,#998,.F.);
#2402 = ORIENTED_EDGE('',*,*,#2403,.T.);
#2403 = EDGE_CURVE('',#989,#2404,#2406,.T.);
#2404 = VERTEX_POINT('',#2405);
#2405 = CARTESIAN_POINT('',(-3.991429701098,0.33,0.83698389596));
#2406 = LINE('',#2407,#2408);
#2407 = CARTESIAN_POINT('',(-2.891967353872,0.33,0.83698389596));
#2408 = VECTOR('',#2409,1.);
#2409 = DIRECTION('',(-1.,0.,7.888962638667E-16));
#2410 = ORIENTED_EDGE('',*,*,#2411,.T.);
#2411 = EDGE_CURVE('',#2404,#2412,#2414,.T.);
#2412 = VERTEX_POINT('',#2413);
#2413 = CARTESIAN_POINT('',(-3.991429701098,-0.33,0.83698389596));
#2414 = LINE('',#2415,#2416);
#2415 = CARTESIAN_POINT('',(-3.991429701098,0.33,0.83698389596));
#2416 = VECTOR('',#2417,1.);
#2417 = DIRECTION('',(0.,-1.,0.));
#2418 = ORIENTED_EDGE('',*,*,#2419,.F.);
#2419 = EDGE_CURVE('',#999,#2412,#2420,.T.);
#2420 = LINE('',#2421,#2422);
#2421 = CARTESIAN_POINT('',(-2.891967353872,-0.33,0.83698389596));
#2422 = VECTOR('',#2423,1.);
#2423 = DIRECTION('',(-1.,0.,7.888962638667E-16));
#2424 = PLANE('',#2425);
#2425 = AXIS2_PLACEMENT_3D('',#2426,#2427,#2428);
#2426 = CARTESIAN_POINT('',(-2.891967353872,0.33,0.83698389596));
#2427 = DIRECTION('',(7.888962638667E-16,0.,1.));
#2428 = DIRECTION('',(1.,0.,-7.888962638667E-16));
#2429 = ADVANCED_FACE('',(#2430),#2455,.F.);
#2430 = FACE_BOUND('',#2431,.T.);
#2431 = EDGE_LOOP('',(#2432,#2440,#2441,#2449));
#2432 = ORIENTED_EDGE('',*,*,#2433,.F.);
#2433 = EDGE_CURVE('',#991,#2434,#2436,.T.);
#2434 = VERTEX_POINT('',#2435);
#2435 = CARTESIAN_POINT('',(-3.991429701098,0.33,0.51698389596));
#2436 = LINE('',#2437,#2438);
#2437 = CARTESIAN_POINT('',(-2.891967353872,0.33,0.51698389596));
#2438 = VECTOR('',#2439,1.);
#2439 = DIRECTION('',(-1.,0.,7.888962638667E-16));
#2440 = ORIENTED_EDGE('',*,*,#1014,.T.);
#2441 = ORIENTED_EDGE('',*,*,#2442,.T.);
#2442 = EDGE_CURVE('',#1007,#2443,#2445,.T.);
#2443 = VERTEX_POINT('',#2444);
#2444 = CARTESIAN_POINT('',(-3.991429701098,-0.33,0.51698389596));
#2445 = LINE('',#2446,#2447);
#2446 = CARTESIAN_POINT('',(-2.891967353872,-0.33,0.51698389596));
#2447 = VECTOR('',#2448,1.);
#2448 = DIRECTION('',(-1.,0.,7.888962638667E-16));
#2449 = ORIENTED_EDGE('',*,*,#2450,.F.);
#2450 = EDGE_CURVE('',#2434,#2443,#2451,.T.);
#2451 = LINE('',#2452,#2453);
#2452 = CARTESIAN_POINT('',(-3.991429701098,0.33,0.51698389596));
#2453 = VECTOR('',#2454,1.);
#2454 = DIRECTION('',(0.,-1.,0.));
#2455 = PLANE('',#2456);
#2456 = AXIS2_PLACEMENT_3D('',#2457,#2458,#2459);
#2457 = CARTESIAN_POINT('',(-2.891967353872,0.33,0.51698389596));
#2458 = DIRECTION('',(7.888962638667E-16,0.,1.));
#2459 = DIRECTION('',(1.,0.,-7.888962638667E-16));
#2460 = ADVANCED_FACE('',(#2461),#2531,.F.);
#2461 = FACE_BOUND('',#2462,.T.);
#2462 = EDGE_LOOP('',(#2463,#2464,#2465,#2466,#2475,#2483,#2492,#2500,
    #2508,#2516,#2524));
#2463 = ORIENTED_EDGE('',*,*,#2403,.F.);
#2464 = ORIENTED_EDGE('',*,*,#988,.T.);
#2465 = ORIENTED_EDGE('',*,*,#2433,.T.);
#2466 = ORIENTED_EDGE('',*,*,#2467,.T.);
#2467 = EDGE_CURVE('',#2434,#2468,#2470,.T.);
#2468 = VERTEX_POINT('',#2469);
#2469 = CARTESIAN_POINT('',(-4.089910476399,0.33,0.434348713727));
#2470 = CIRCLE('',#2471,9.9999999999E-02);
#2471 = AXIS2_PLACEMENT_3D('',#2472,#2473,#2474);
#2472 = CARTESIAN_POINT('',(-3.991429701098,0.33,0.41698389596));
#2473 = DIRECTION('',(0.,-1.,0.));
#2474 = DIRECTION('',(0.,0.,1.));
#2475 = ORIENTED_EDGE('',*,*,#2476,.T.);
#2476 = EDGE_CURVE('',#2468,#2477,#2479,.T.);
#2477 = VERTEX_POINT('',#2478);
#2478 = CARTESIAN_POINT('',(-4.156287563449,0.33,5.7905546699E-02));
#2479 = LINE('',#2480,#2481);
#2480 = CARTESIAN_POINT('',(-4.089910476399,0.33,0.434348713727));
#2481 = VECTOR('',#2482,1.);
#2482 = DIRECTION('',(-0.173648177666,0.,-0.984807753012));
#2483 = ORIENTED_EDGE('',*,*,#2484,.T.);
#2484 = EDGE_CURVE('',#2477,#2485,#2487,.T.);
#2485 = VERTEX_POINT('',#2486);
#2486 = CARTESIAN_POINT('',(-4.451729889353,0.33,-0.19));
#2487 = CIRCLE('',#2488,0.299999999999);
#2488 = AXIS2_PLACEMENT_3D('',#2489,#2490,#2491);
#2489 = CARTESIAN_POINT('',(-4.451729889353,0.33,0.109999999999));
#2490 = DIRECTION('',(0.,1.,0.));
#2491 = DIRECTION('',(0.,0.,-1.));
#2492 = ORIENTED_EDGE('',*,*,#2493,.T.);
#2493 = EDGE_CURVE('',#2485,#2494,#2496,.T.);
#2494 = VERTEX_POINT('',#2495);
#2495 = CARTESIAN_POINT('',(-5.1,0.33,-0.189999999999));
#2496 = LINE('',#2497,#2498);
#2497 = CARTESIAN_POINT('',(-4.451729889353,0.33,-0.19));
#2498 = VECTOR('',#2499,1.);
#2499 = DIRECTION('',(-1.,0.,6.68981743677E-15));
#2500 = ORIENTED_EDGE('',*,*,#2501,.T.);
#2501 = EDGE_CURVE('',#2494,#2502,#2504,.T.);
#2502 = VERTEX_POINT('',#2503);
#2503 = CARTESIAN_POINT('',(-5.1,0.33,0.13));
#2504 = LINE('',#2505,#2506);
#2505 = CARTESIAN_POINT('',(-5.1,0.33,-0.189999999999));
#2506 = VECTOR('',#2507,1.);
#2507 = DIRECTION('',(5.421010862427E-15,0.,1.));
#2508 = ORIENTED_EDGE('',*,*,#2509,.F.);
#2509 = EDGE_CURVE('',#2510,#2502,#2512,.T.);
#2510 = VERTEX_POINT('',#2511);
#2511 = CARTESIAN_POINT('',(-4.468511881976,0.33,0.13));
#2512 = LINE('',#2513,#2514);
#2513 = CARTESIAN_POINT('',(-4.451729889353,0.33,0.129999999999));
#2514 = VECTOR('',#2515,1.);
#2515 = DIRECTION('',(-1.,0.,6.68981743677E-15));
#2516 = ORIENTED_EDGE('',*,*,#2517,.F.);
#2517 = EDGE_CURVE('',#2518,#2510,#2520,.T.);
#2518 = VERTEX_POINT('',#2519);
#2519 = CARTESIAN_POINT('',(-4.405048957363,0.33,0.48991613058));
#2520 = LINE('',#2521,#2522);
#2521 = CARTESIAN_POINT('',(-4.405048957363,0.33,0.48991613058));
#2522 = VECTOR('',#2523,1.);
#2523 = DIRECTION('',(-0.173648177666,0.,-0.984807753012));
#2524 = ORIENTED_EDGE('',*,*,#2525,.F.);
#2525 = EDGE_CURVE('',#2404,#2518,#2526,.T.);
#2526 = CIRCLE('',#2527,0.419999999999);
#2527 = AXIS2_PLACEMENT_3D('',#2528,#2529,#2530);
#2528 = CARTESIAN_POINT('',(-3.991429701098,0.33,0.41698389596));
#2529 = DIRECTION('',(0.,-1.,0.));
#2530 = DIRECTION('',(-1.,0.,0.));
#2531 = PLANE('',#2532);
#2532 = AXIS2_PLACEMENT_3D('',#2533,#2534,#2535);
#2533 = CARTESIAN_POINT('',(-4.451729889353,0.33,0.109999999999));
#2534 = DIRECTION('',(0.,-1.,0.));
#2535 = DIRECTION('',(1.,0.,0.));
#2536 = ADVANCED_FACE('',(#2537),#2607,.T.);
#2537 = FACE_BOUND('',#2538,.T.);
#2538 = EDGE_LOOP('',(#2539,#2540,#2541,#2550,#2558,#2566,#2574,#2582,
    #2591,#2599,#2606));
#2539 = ORIENTED_EDGE('',*,*,#1006,.F.);
#2540 = ORIENTED_EDGE('',*,*,#2419,.T.);
#2541 = ORIENTED_EDGE('',*,*,#2542,.T.);
#2542 = EDGE_CURVE('',#2412,#2543,#2545,.T.);
#2543 = VERTEX_POINT('',#2544);
#2544 = CARTESIAN_POINT('',(-4.405048957363,-0.33,0.48991613058));
#2545 = CIRCLE('',#2546,0.419999999999);
#2546 = AXIS2_PLACEMENT_3D('',#2547,#2548,#2549);
#2547 = CARTESIAN_POINT('',(-3.991429701098,-0.33,0.41698389596));
#2548 = DIRECTION('',(0.,-1.,0.));
#2549 = DIRECTION('',(-1.,0.,0.));
#2550 = ORIENTED_EDGE('',*,*,#2551,.T.);
#2551 = EDGE_CURVE('',#2543,#2552,#2554,.T.);
#2552 = VERTEX_POINT('',#2553);
#2553 = CARTESIAN_POINT('',(-4.468511881976,-0.33,0.13));
#2554 = LINE('',#2555,#2556);
#2555 = CARTESIAN_POINT('',(-4.405048957363,-0.33,0.48991613058));
#2556 = VECTOR('',#2557,1.);
#2557 = DIRECTION('',(-0.173648177666,0.,-0.984807753012));
#2558 = ORIENTED_EDGE('',*,*,#2559,.T.);
#2559 = EDGE_CURVE('',#2552,#2560,#2562,.T.);
#2560 = VERTEX_POINT('',#2561);
#2561 = CARTESIAN_POINT('',(-5.1,-0.33,0.13));
#2562 = LINE('',#2563,#2564);
#2563 = CARTESIAN_POINT('',(-4.451729889353,-0.33,0.129999999999));
#2564 = VECTOR('',#2565,1.);
#2565 = DIRECTION('',(-1.,0.,6.68981743677E-15));
#2566 = ORIENTED_EDGE('',*,*,#2567,.F.);
#2567 = EDGE_CURVE('',#2568,#2560,#2570,.T.);
#2568 = VERTEX_POINT('',#2569);
#2569 = CARTESIAN_POINT('',(-5.1,-0.33,-0.189999999999));
#2570 = LINE('',#2571,#2572);
#2571 = CARTESIAN_POINT('',(-5.1,-0.33,-0.189999999999));
#2572 = VECTOR('',#2573,1.);
#2573 = DIRECTION('',(5.421010862427E-15,0.,1.));
#2574 = ORIENTED_EDGE('',*,*,#2575,.F.);
#2575 = EDGE_CURVE('',#2576,#2568,#2578,.T.);
#2576 = VERTEX_POINT('',#2577);
#2577 = CARTESIAN_POINT('',(-4.451729889353,-0.33,-0.19));
#2578 = LINE('',#2579,#2580);
#2579 = CARTESIAN_POINT('',(-4.451729889353,-0.33,-0.19));
#2580 = VECTOR('',#2581,1.);
#2581 = DIRECTION('',(-1.,0.,6.68981743677E-15));
#2582 = ORIENTED_EDGE('',*,*,#2583,.F.);
#2583 = EDGE_CURVE('',#2584,#2576,#2586,.T.);
#2584 = VERTEX_POINT('',#2585);
#2585 = CARTESIAN_POINT('',(-4.156287563449,-0.33,5.7905546699E-02));
#2586 = CIRCLE('',#2587,0.299999999999);
#2587 = AXIS2_PLACEMENT_3D('',#2588,#2589,#2590);
#2588 = CARTESIAN_POINT('',(-4.451729889353,-0.33,0.109999999999));
#2589 = DIRECTION('',(0.,1.,0.));
#2590 = DIRECTION('',(0.,0.,-1.));
#2591 = ORIENTED_EDGE('',*,*,#2592,.F.);
#2592 = EDGE_CURVE('',#2593,#2584,#2595,.T.);
#2593 = VERTEX_POINT('',#2594);
#2594 = CARTESIAN_POINT('',(-4.089910476399,-0.33,0.434348713727));
#2595 = LINE('',#2596,#2597);
#2596 = CARTESIAN_POINT('',(-4.089910476399,-0.33,0.434348713727));
#2597 = VECTOR('',#2598,1.);
#2598 = DIRECTION('',(-0.173648177666,0.,-0.984807753012));
#2599 = ORIENTED_EDGE('',*,*,#2600,.F.);
#2600 = EDGE_CURVE('',#2443,#2593,#2601,.T.);
#2601 = CIRCLE('',#2602,9.9999999999E-02);
#2602 = AXIS2_PLACEMENT_3D('',#2603,#2604,#2605);
#2603 = CARTESIAN_POINT('',(-3.991429701098,-0.33,0.41698389596));
#2604 = DIRECTION('',(0.,-1.,0.));
#2605 = DIRECTION('',(0.,0.,1.));
#2606 = ORIENTED_EDGE('',*,*,#2442,.F.);
#2607 = PLANE('',#2608);
#2608 = AXIS2_PLACEMENT_3D('',#2609,#2610,#2611);
#2609 = CARTESIAN_POINT('',(-4.451729889353,-0.33,0.109999999999));
#2610 = DIRECTION('',(0.,-1.,0.));
#2611 = DIRECTION('',(1.,0.,0.));
#2612 = ADVANCED_FACE('',(#2613),#2629,.T.);
#2613 = FACE_BOUND('',#2614,.T.);
#2614 = EDGE_LOOP('',(#2615,#2616,#2622,#2623));
#2615 = ORIENTED_EDGE('',*,*,#2559,.F.);
#2616 = ORIENTED_EDGE('',*,*,#2617,.F.);
#2617 = EDGE_CURVE('',#2510,#2552,#2618,.T.);
#2618 = LINE('',#2619,#2620);
#2619 = CARTESIAN_POINT('',(-4.468511881976,0.33,0.13));
#2620 = VECTOR('',#2621,1.);
#2621 = DIRECTION('',(0.,-1.,0.));
#2622 = ORIENTED_EDGE('',*,*,#2509,.T.);
#2623 = ORIENTED_EDGE('',*,*,#2624,.T.);
#2624 = EDGE_CURVE('',#2502,#2560,#2625,.T.);
#2625 = LINE('',#2626,#2627);
#2626 = CARTESIAN_POINT('',(-5.1,0.33,0.13));
#2627 = VECTOR('',#2628,1.);
#2628 = DIRECTION('',(0.,-1.,0.));
#2629 = PLANE('',#2630);
#2630 = AXIS2_PLACEMENT_3D('',#2631,#2632,#2633);
#2631 = CARTESIAN_POINT('',(-4.451729889353,0.33,0.129999999999));
#2632 = DIRECTION('',(6.68981743677E-15,0.,1.));
#2633 = DIRECTION('',(1.,0.,-6.68981743677E-15));
#2634 = ADVANCED_FACE('',(#2635),#2646,.T.);
#2635 = FACE_BOUND('',#2636,.T.);
#2636 = EDGE_LOOP('',(#2637,#2638,#2644,#2645));
#2637 = ORIENTED_EDGE('',*,*,#2551,.F.);
#2638 = ORIENTED_EDGE('',*,*,#2639,.F.);
#2639 = EDGE_CURVE('',#2518,#2543,#2640,.T.);
#2640 = LINE('',#2641,#2642);
#2641 = CARTESIAN_POINT('',(-4.405048957363,0.33,0.48991613058));
#2642 = VECTOR('',#2643,1.);
#2643 = DIRECTION('',(0.,-1.,0.));
#2644 = ORIENTED_EDGE('',*,*,#2517,.T.);
#2645 = ORIENTED_EDGE('',*,*,#2617,.T.);
#2646 = PLANE('',#2647);
#2647 = AXIS2_PLACEMENT_3D('',#2648,#2649,#2650);
#2648 = CARTESIAN_POINT('',(-4.405048957363,0.33,0.48991613058));
#2649 = DIRECTION('',(-0.984807753012,0.,0.173648177666));
#2650 = DIRECTION('',(0.173648177666,0.,0.984807753012));
#2651 = ADVANCED_FACE('',(#2652),#2658,.T.);
#2652 = FACE_BOUND('',#2653,.T.);
#2653 = EDGE_LOOP('',(#2654,#2655,#2656,#2657));
#2654 = ORIENTED_EDGE('',*,*,#2542,.F.);
#2655 = ORIENTED_EDGE('',*,*,#2411,.F.);
#2656 = ORIENTED_EDGE('',*,*,#2525,.T.);
#2657 = ORIENTED_EDGE('',*,*,#2639,.T.);
#2658 = CYLINDRICAL_SURFACE('',#2659,0.419999999999);
#2659 = AXIS2_PLACEMENT_3D('',#2660,#2661,#2662);
#2660 = CARTESIAN_POINT('',(-3.991429701098,0.33,0.41698389596));
#2661 = DIRECTION('',(0.,-1.,0.));
#2662 = DIRECTION('',(0.,0.,-1.));
#2663 = ADVANCED_FACE('',(#2664),#2675,.F.);
#2664 = FACE_BOUND('',#2665,.F.);
#2665 = EDGE_LOOP('',(#2666,#2667,#2668,#2674));
#2666 = ORIENTED_EDGE('',*,*,#2450,.F.);
#2667 = ORIENTED_EDGE('',*,*,#2467,.T.);
#2668 = ORIENTED_EDGE('',*,*,#2669,.T.);
#2669 = EDGE_CURVE('',#2468,#2593,#2670,.T.);
#2670 = LINE('',#2671,#2672);
#2671 = CARTESIAN_POINT('',(-4.089910476399,0.33,0.434348713727));
#2672 = VECTOR('',#2673,1.);
#2673 = DIRECTION('',(0.,-1.,0.));
#2674 = ORIENTED_EDGE('',*,*,#2600,.F.);
#2675 = CYLINDRICAL_SURFACE('',#2676,9.9999999999E-02);
#2676 = AXIS2_PLACEMENT_3D('',#2677,#2678,#2679);
#2677 = CARTESIAN_POINT('',(-3.991429701098,0.33,0.41698389596));
#2678 = DIRECTION('',(0.,-1.,0.));
#2679 = DIRECTION('',(0.,0.,-1.));
#2680 = ADVANCED_FACE('',(#2681),#2692,.F.);
#2681 = FACE_BOUND('',#2682,.T.);
#2682 = EDGE_LOOP('',(#2683,#2684,#2690,#2691));
#2683 = ORIENTED_EDGE('',*,*,#2592,.T.);
#2684 = ORIENTED_EDGE('',*,*,#2685,.F.);
#2685 = EDGE_CURVE('',#2477,#2584,#2686,.T.);
#2686 = LINE('',#2687,#2688);
#2687 = CARTESIAN_POINT('',(-4.156287563449,0.33,5.7905546699E-02));
#2688 = VECTOR('',#2689,1.);
#2689 = DIRECTION('',(0.,-1.,0.));
#2690 = ORIENTED_EDGE('',*,*,#2476,.F.);
#2691 = ORIENTED_EDGE('',*,*,#2669,.T.);
#2692 = PLANE('',#2693);
#2693 = AXIS2_PLACEMENT_3D('',#2694,#2695,#2696);
#2694 = CARTESIAN_POINT('',(-4.089910476399,0.33,0.434348713727));
#2695 = DIRECTION('',(-0.984807753012,0.,0.173648177666));
#2696 = DIRECTION('',(0.173648177666,0.,0.984807753012));
#2697 = ADVANCED_FACE('',(#2698),#2709,.T.);
#2698 = FACE_BOUND('',#2699,.T.);
#2699 = EDGE_LOOP('',(#2700,#2701,#2707,#2708));
#2700 = ORIENTED_EDGE('',*,*,#2583,.T.);
#2701 = ORIENTED_EDGE('',*,*,#2702,.F.);
#2702 = EDGE_CURVE('',#2485,#2576,#2703,.T.);
#2703 = LINE('',#2704,#2705);
#2704 = CARTESIAN_POINT('',(-4.451729889353,0.33,-0.19));
#2705 = VECTOR('',#2706,1.);
#2706 = DIRECTION('',(0.,-1.,0.));
#2707 = ORIENTED_EDGE('',*,*,#2484,.F.);
#2708 = ORIENTED_EDGE('',*,*,#2685,.T.);
#2709 = CYLINDRICAL_SURFACE('',#2710,0.299999999999);
#2710 = AXIS2_PLACEMENT_3D('',#2711,#2712,#2713);
#2711 = CARTESIAN_POINT('',(-4.451729889353,0.33,0.109999999999));
#2712 = DIRECTION('',(0.,-1.,0.));
#2713 = DIRECTION('',(0.,0.,-1.));
#2714 = ADVANCED_FACE('',(#2715),#2726,.F.);
#2715 = FACE_BOUND('',#2716,.T.);
#2716 = EDGE_LOOP('',(#2717,#2718,#2724,#2725));
#2717 = ORIENTED_EDGE('',*,*,#2575,.T.);
#2718 = ORIENTED_EDGE('',*,*,#2719,.F.);
#2719 = EDGE_CURVE('',#2494,#2568,#2720,.T.);
#2720 = LINE('',#2721,#2722);
#2721 = CARTESIAN_POINT('',(-5.1,0.33,-0.189999999999));
#2722 = VECTOR('',#2723,1.);
#2723 = DIRECTION('',(0.,-1.,0.));
#2724 = ORIENTED_EDGE('',*,*,#2493,.F.);
#2725 = ORIENTED_EDGE('',*,*,#2702,.T.);
#2726 = PLANE('',#2727);
#2727 = AXIS2_PLACEMENT_3D('',#2728,#2729,#2730);
#2728 = CARTESIAN_POINT('',(-4.451729889353,0.33,-0.19));
#2729 = DIRECTION('',(6.68981743677E-15,0.,1.));
#2730 = DIRECTION('',(1.,0.,-6.68981743677E-15));
#2731 = ADVANCED_FACE('',(#2732),#2738,.F.);
#2732 = FACE_BOUND('',#2733,.T.);
#2733 = EDGE_LOOP('',(#2734,#2735,#2736,#2737));
#2734 = ORIENTED_EDGE('',*,*,#2567,.T.);
#2735 = ORIENTED_EDGE('',*,*,#2624,.F.);
#2736 = ORIENTED_EDGE('',*,*,#2501,.F.);
#2737 = ORIENTED_EDGE('',*,*,#2719,.T.);
#2738 = PLANE('',#2739);
#2739 = AXIS2_PLACEMENT_3D('',#2740,#2741,#2742);
#2740 = CARTESIAN_POINT('',(-5.1,0.33,-0.189999999999));
#2741 = DIRECTION('',(1.,0.,-5.421010862427E-15));
#2742 = DIRECTION('',(-5.421010862427E-15,0.,-1.));
#2743 = ADVANCED_FACE('',(#2744),#2769,.F.);
#2744 = FACE_BOUND('',#2745,.T.);
#2745 = EDGE_LOOP('',(#2746,#2754,#2755,#2763));
#2746 = ORIENTED_EDGE('',*,*,#2747,.T.);
#2747 = EDGE_CURVE('',#2748,#613,#2750,.T.);
#2748 = VERTEX_POINT('',#2749);
#2749 = CARTESIAN_POINT('',(-2.891967353872,2.87,0.51698389596));
#2750 = LINE('',#2751,#2752);
#2751 = CARTESIAN_POINT('',(-2.891967353872,2.87,0.51698389596));
#2752 = VECTOR('',#2753,1.);
#2753 = DIRECTION('',(-1.,0.,7.888962638667E-16));
#2754 = ORIENTED_EDGE('',*,*,#612,.T.);
#2755 = ORIENTED_EDGE('',*,*,#2756,.F.);
#2756 = EDGE_CURVE('',#2757,#615,#2759,.T.);
#2757 = VERTEX_POINT('',#2758);
#2758 = CARTESIAN_POINT('',(-2.891967353872,2.87,0.83698389596));
#2759 = LINE('',#2760,#2761);
#2760 = CARTESIAN_POINT('',(-2.891967353872,2.87,0.83698389596));
#2761 = VECTOR('',#2762,1.);
#2762 = DIRECTION('',(-1.,0.,7.888962638667E-16));
#2763 = ORIENTED_EDGE('',*,*,#2764,.T.);
#2764 = EDGE_CURVE('',#2757,#2748,#2765,.T.);
#2765 = LINE('',#2766,#2767);
#2766 = CARTESIAN_POINT('',(-2.891967353872,2.87,0.83698389596));
#2767 = VECTOR('',#2768,1.);
#2768 = DIRECTION('',(-1.355252715606E-15,0.,-1.));
#2769 = PLANE('',#2770);
#2770 = AXIS2_PLACEMENT_3D('',#2771,#2772,#2773);
#2771 = CARTESIAN_POINT('',(-4.451729889353,2.87,0.109999999999));
#2772 = DIRECTION('',(0.,-1.,0.));
#2773 = DIRECTION('',(1.,0.,0.));
#2774 = ADVANCED_FACE('',(#2775),#2800,.F.);
#2775 = FACE_BOUND('',#2776,.T.);
#2776 = EDGE_LOOP('',(#2777,#2787,#2793,#2794));
#2777 = ORIENTED_EDGE('',*,*,#2778,.T.);
#2778 = EDGE_CURVE('',#2779,#2781,#2783,.T.);
#2779 = VERTEX_POINT('',#2780);
#2780 = CARTESIAN_POINT('',(-2.891967353872,2.209999999999,0.83698389596
    ));
#2781 = VERTEX_POINT('',#2782);
#2782 = CARTESIAN_POINT('',(-2.891967353872,2.209999999999,0.51698389596
    ));
#2783 = LINE('',#2784,#2785);
#2784 = CARTESIAN_POINT('',(-2.891967353872,2.209999999999,0.83698389596
    ));
#2785 = VECTOR('',#2786,1.);
#2786 = DIRECTION('',(-1.355252715606E-15,0.,-1.));
#2787 = ORIENTED_EDGE('',*,*,#2788,.F.);
#2788 = EDGE_CURVE('',#2748,#2781,#2789,.T.);
#2789 = LINE('',#2790,#2791);
#2790 = CARTESIAN_POINT('',(-2.891967353872,2.87,0.51698389596));
#2791 = VECTOR('',#2792,1.);
#2792 = DIRECTION('',(0.,-1.,0.));
#2793 = ORIENTED_EDGE('',*,*,#2764,.F.);
#2794 = ORIENTED_EDGE('',*,*,#2795,.T.);
#2795 = EDGE_CURVE('',#2757,#2779,#2796,.T.);
#2796 = LINE('',#2797,#2798);
#2797 = CARTESIAN_POINT('',(-2.891967353872,2.87,0.83698389596));
#2798 = VECTOR('',#2799,1.);
#2799 = DIRECTION('',(0.,-1.,0.));
#2800 = PLANE('',#2801);
#2801 = AXIS2_PLACEMENT_3D('',#2802,#2803,#2804);
#2802 = CARTESIAN_POINT('',(-2.891967353872,2.87,0.83698389596));
#2803 = DIRECTION('',(-1.,0.,1.355252715606E-15));
#2804 = DIRECTION('',(1.355252715606E-15,0.,1.));
#2805 = ADVANCED_FACE('',(#2806),#2822,.T.);
#2806 = FACE_BOUND('',#2807,.T.);
#2807 = EDGE_LOOP('',(#2808,#2809,#2815,#2816));
#2808 = ORIENTED_EDGE('',*,*,#630,.F.);
#2809 = ORIENTED_EDGE('',*,*,#2810,.F.);
#2810 = EDGE_CURVE('',#2781,#623,#2811,.T.);
#2811 = LINE('',#2812,#2813);
#2812 = CARTESIAN_POINT('',(-2.891967353872,2.209999999999,0.51698389596
    ));
#2813 = VECTOR('',#2814,1.);
#2814 = DIRECTION('',(-1.,0.,7.888962638667E-16));
#2815 = ORIENTED_EDGE('',*,*,#2778,.F.);
#2816 = ORIENTED_EDGE('',*,*,#2817,.T.);
#2817 = EDGE_CURVE('',#2779,#631,#2818,.T.);
#2818 = LINE('',#2819,#2820);
#2819 = CARTESIAN_POINT('',(-2.891967353872,2.209999999999,0.83698389596
    ));
#2820 = VECTOR('',#2821,1.);
#2821 = DIRECTION('',(-1.,0.,7.888962638667E-16));
#2822 = PLANE('',#2823);
#2823 = AXIS2_PLACEMENT_3D('',#2824,#2825,#2826);
#2824 = CARTESIAN_POINT('',(-4.451729889353,2.209999999999,
    0.109999999999));
#2825 = DIRECTION('',(0.,-1.,0.));
#2826 = DIRECTION('',(1.,0.,0.));
#2827 = ADVANCED_FACE('',(#2828),#2834,.F.);
#2828 = FACE_BOUND('',#2829,.T.);
#2829 = EDGE_LOOP('',(#2830,#2831,#2832,#2833));
#2830 = ORIENTED_EDGE('',*,*,#2810,.T.);
#2831 = ORIENTED_EDGE('',*,*,#622,.T.);
#2832 = ORIENTED_EDGE('',*,*,#2747,.F.);
#2833 = ORIENTED_EDGE('',*,*,#2788,.T.);
#2834 = PLANE('',#2835);
#2835 = AXIS2_PLACEMENT_3D('',#2836,#2837,#2838);
#2836 = CARTESIAN_POINT('',(-2.891967353872,2.87,0.51698389596));
#2837 = DIRECTION('',(7.888962638667E-16,0.,1.));
#2838 = DIRECTION('',(1.,0.,-7.888962638667E-16));
#2839 = ADVANCED_FACE('',(#2840),#2846,.T.);
#2840 = FACE_BOUND('',#2841,.T.);
#2841 = EDGE_LOOP('',(#2842,#2843,#2844,#2845));
#2842 = ORIENTED_EDGE('',*,*,#638,.F.);
#2843 = ORIENTED_EDGE('',*,*,#2817,.F.);
#2844 = ORIENTED_EDGE('',*,*,#2795,.F.);
#2845 = ORIENTED_EDGE('',*,*,#2756,.T.);
#2846 = PLANE('',#2847);
#2847 = AXIS2_PLACEMENT_3D('',#2848,#2849,#2850);
#2848 = CARTESIAN_POINT('',(-2.891967353872,2.87,0.83698389596));
#2849 = DIRECTION('',(7.888962638667E-16,0.,1.));
#2850 = DIRECTION('',(1.,0.,-7.888962638667E-16));
#2851 = ADVANCED_FACE('',(#2852),#2877,.T.);
#2852 = FACE_BOUND('',#2853,.T.);
#2853 = EDGE_LOOP('',(#2854,#2855,#2863,#2871));
#2854 = ORIENTED_EDGE('',*,*,#875,.F.);
#2855 = ORIENTED_EDGE('',*,*,#2856,.T.);
#2856 = EDGE_CURVE('',#866,#2857,#2859,.T.);
#2857 = VERTEX_POINT('',#2858);
#2858 = CARTESIAN_POINT('',(-3.991429701098,2.87,0.83698389596));
#2859 = LINE('',#2860,#2861);
#2860 = CARTESIAN_POINT('',(-2.891967353872,2.87,0.83698389596));
#2861 = VECTOR('',#2862,1.);
#2862 = DIRECTION('',(-1.,0.,7.888962638667E-16));
#2863 = ORIENTED_EDGE('',*,*,#2864,.T.);
#2864 = EDGE_CURVE('',#2857,#2865,#2867,.T.);
#2865 = VERTEX_POINT('',#2866);
#2866 = CARTESIAN_POINT('',(-3.991429701098,2.209999999999,0.83698389596
    ));
#2867 = LINE('',#2868,#2869);
#2868 = CARTESIAN_POINT('',(-3.991429701098,2.87,0.83698389596));
#2869 = VECTOR('',#2870,1.);
#2870 = DIRECTION('',(0.,-1.,0.));
#2871 = ORIENTED_EDGE('',*,*,#2872,.F.);
#2872 = EDGE_CURVE('',#876,#2865,#2873,.T.);
#2873 = LINE('',#2874,#2875);
#2874 = CARTESIAN_POINT('',(-2.891967353872,2.209999999999,0.83698389596
    ));
#2875 = VECTOR('',#2876,1.);
#2876 = DIRECTION('',(-1.,0.,7.888962638667E-16));
#2877 = PLANE('',#2878);
#2878 = AXIS2_PLACEMENT_3D('',#2879,#2880,#2881);
#2879 = CARTESIAN_POINT('',(-2.891967353872,2.87,0.83698389596));
#2880 = DIRECTION('',(7.888962638667E-16,0.,1.));
#2881 = DIRECTION('',(1.,0.,-7.888962638667E-16));
#2882 = ADVANCED_FACE('',(#2883),#2908,.F.);
#2883 = FACE_BOUND('',#2884,.T.);
#2884 = EDGE_LOOP('',(#2885,#2893,#2894,#2902));
#2885 = ORIENTED_EDGE('',*,*,#2886,.F.);
#2886 = EDGE_CURVE('',#868,#2887,#2889,.T.);
#2887 = VERTEX_POINT('',#2888);
#2888 = CARTESIAN_POINT('',(-3.991429701098,2.87,0.51698389596));
#2889 = LINE('',#2890,#2891);
#2890 = CARTESIAN_POINT('',(-2.891967353872,2.87,0.51698389596));
#2891 = VECTOR('',#2892,1.);
#2892 = DIRECTION('',(-1.,0.,7.888962638667E-16));
#2893 = ORIENTED_EDGE('',*,*,#891,.T.);
#2894 = ORIENTED_EDGE('',*,*,#2895,.T.);
#2895 = EDGE_CURVE('',#884,#2896,#2898,.T.);
#2896 = VERTEX_POINT('',#2897);
#2897 = CARTESIAN_POINT('',(-3.991429701098,2.209999999999,0.51698389596
    ));
#2898 = LINE('',#2899,#2900);
#2899 = CARTESIAN_POINT('',(-2.891967353872,2.209999999999,0.51698389596
    ));
#2900 = VECTOR('',#2901,1.);
#2901 = DIRECTION('',(-1.,0.,7.888962638667E-16));
#2902 = ORIENTED_EDGE('',*,*,#2903,.F.);
#2903 = EDGE_CURVE('',#2887,#2896,#2904,.T.);
#2904 = LINE('',#2905,#2906);
#2905 = CARTESIAN_POINT('',(-3.991429701098,2.87,0.51698389596));
#2906 = VECTOR('',#2907,1.);
#2907 = DIRECTION('',(0.,-1.,0.));
#2908 = PLANE('',#2909);
#2909 = AXIS2_PLACEMENT_3D('',#2910,#2911,#2912);
#2910 = CARTESIAN_POINT('',(-2.891967353872,2.87,0.51698389596));
#2911 = DIRECTION('',(7.888962638667E-16,0.,1.));
#2912 = DIRECTION('',(1.,0.,-7.888962638667E-16));
#2913 = ADVANCED_FACE('',(#2914),#2984,.F.);
#2914 = FACE_BOUND('',#2915,.T.);
#2915 = EDGE_LOOP('',(#2916,#2917,#2918,#2919,#2928,#2936,#2945,#2953,
    #2961,#2969,#2977));
#2916 = ORIENTED_EDGE('',*,*,#2856,.F.);
#2917 = ORIENTED_EDGE('',*,*,#865,.T.);
#2918 = ORIENTED_EDGE('',*,*,#2886,.T.);
#2919 = ORIENTED_EDGE('',*,*,#2920,.T.);
#2920 = EDGE_CURVE('',#2887,#2921,#2923,.T.);
#2921 = VERTEX_POINT('',#2922);
#2922 = CARTESIAN_POINT('',(-4.089910476399,2.87,0.434348713727));
#2923 = CIRCLE('',#2924,9.9999999999E-02);
#2924 = AXIS2_PLACEMENT_3D('',#2925,#2926,#2927);
#2925 = CARTESIAN_POINT('',(-3.991429701098,2.87,0.41698389596));
#2926 = DIRECTION('',(0.,-1.,0.));
#2927 = DIRECTION('',(0.,0.,1.));
#2928 = ORIENTED_EDGE('',*,*,#2929,.T.);
#2929 = EDGE_CURVE('',#2921,#2930,#2932,.T.);
#2930 = VERTEX_POINT('',#2931);
#2931 = CARTESIAN_POINT('',(-4.156287563449,2.87,5.7905546699E-02));
#2932 = LINE('',#2933,#2934);
#2933 = CARTESIAN_POINT('',(-4.089910476399,2.87,0.434348713727));
#2934 = VECTOR('',#2935,1.);
#2935 = DIRECTION('',(-0.173648177666,0.,-0.984807753012));
#2936 = ORIENTED_EDGE('',*,*,#2937,.T.);
#2937 = EDGE_CURVE('',#2930,#2938,#2940,.T.);
#2938 = VERTEX_POINT('',#2939);
#2939 = CARTESIAN_POINT('',(-4.451729889353,2.87,-0.19));
#2940 = CIRCLE('',#2941,0.299999999999);
#2941 = AXIS2_PLACEMENT_3D('',#2942,#2943,#2944);
#2942 = CARTESIAN_POINT('',(-4.451729889353,2.87,0.109999999999));
#2943 = DIRECTION('',(0.,1.,0.));
#2944 = DIRECTION('',(0.,0.,-1.));
#2945 = ORIENTED_EDGE('',*,*,#2946,.T.);
#2946 = EDGE_CURVE('',#2938,#2947,#2949,.T.);
#2947 = VERTEX_POINT('',#2948);
#2948 = CARTESIAN_POINT('',(-5.1,2.87,-0.189999999999));
#2949 = LINE('',#2950,#2951);
#2950 = CARTESIAN_POINT('',(-4.451729889353,2.87,-0.19));
#2951 = VECTOR('',#2952,1.);
#2952 = DIRECTION('',(-1.,0.,6.68981743677E-15));
#2953 = ORIENTED_EDGE('',*,*,#2954,.T.);
#2954 = EDGE_CURVE('',#2947,#2955,#2957,.T.);
#2955 = VERTEX_POINT('',#2956);
#2956 = CARTESIAN_POINT('',(-5.1,2.87,0.13));
#2957 = LINE('',#2958,#2959);
#2958 = CARTESIAN_POINT('',(-5.1,2.87,-0.189999999999));
#2959 = VECTOR('',#2960,1.);
#2960 = DIRECTION('',(5.421010862427E-15,0.,1.));
#2961 = ORIENTED_EDGE('',*,*,#2962,.F.);
#2962 = EDGE_CURVE('',#2963,#2955,#2965,.T.);
#2963 = VERTEX_POINT('',#2964);
#2964 = CARTESIAN_POINT('',(-4.468511881976,2.87,0.13));
#2965 = LINE('',#2966,#2967);
#2966 = CARTESIAN_POINT('',(-4.451729889353,2.87,0.129999999999));
#2967 = VECTOR('',#2968,1.);
#2968 = DIRECTION('',(-1.,0.,6.68981743677E-15));
#2969 = ORIENTED_EDGE('',*,*,#2970,.F.);
#2970 = EDGE_CURVE('',#2971,#2963,#2973,.T.);
#2971 = VERTEX_POINT('',#2972);
#2972 = CARTESIAN_POINT('',(-4.405048957363,2.87,0.48991613058));
#2973 = LINE('',#2974,#2975);
#2974 = CARTESIAN_POINT('',(-4.405048957363,2.87,0.48991613058));
#2975 = VECTOR('',#2976,1.);
#2976 = DIRECTION('',(-0.173648177666,0.,-0.984807753012));
#2977 = ORIENTED_EDGE('',*,*,#2978,.F.);
#2978 = EDGE_CURVE('',#2857,#2971,#2979,.T.);
#2979 = CIRCLE('',#2980,0.419999999999);
#2980 = AXIS2_PLACEMENT_3D('',#2981,#2982,#2983);
#2981 = CARTESIAN_POINT('',(-3.991429701098,2.87,0.41698389596));
#2982 = DIRECTION('',(0.,-1.,0.));
#2983 = DIRECTION('',(-1.,0.,0.));
#2984 = PLANE('',#2985);
#2985 = AXIS2_PLACEMENT_3D('',#2986,#2987,#2988);
#2986 = CARTESIAN_POINT('',(-4.451729889353,2.87,0.109999999999));
#2987 = DIRECTION('',(0.,-1.,0.));
#2988 = DIRECTION('',(1.,0.,0.));
#2989 = ADVANCED_FACE('',(#2990),#3060,.T.);
#2990 = FACE_BOUND('',#2991,.T.);
#2991 = EDGE_LOOP('',(#2992,#2993,#2994,#3003,#3011,#3019,#3027,#3035,
    #3044,#3052,#3059));
#2992 = ORIENTED_EDGE('',*,*,#883,.F.);
#2993 = ORIENTED_EDGE('',*,*,#2872,.T.);
#2994 = ORIENTED_EDGE('',*,*,#2995,.T.);
#2995 = EDGE_CURVE('',#2865,#2996,#2998,.T.);
#2996 = VERTEX_POINT('',#2997);
#2997 = CARTESIAN_POINT('',(-4.405048957363,2.209999999999,0.48991613058
    ));
#2998 = CIRCLE('',#2999,0.419999999999);
#2999 = AXIS2_PLACEMENT_3D('',#3000,#3001,#3002);
#3000 = CARTESIAN_POINT('',(-3.991429701098,2.209999999999,0.41698389596
    ));
#3001 = DIRECTION('',(0.,-1.,0.));
#3002 = DIRECTION('',(-1.,0.,0.));
#3003 = ORIENTED_EDGE('',*,*,#3004,.T.);
#3004 = EDGE_CURVE('',#2996,#3005,#3007,.T.);
#3005 = VERTEX_POINT('',#3006);
#3006 = CARTESIAN_POINT('',(-4.468511881976,2.209999999999,0.13));
#3007 = LINE('',#3008,#3009);
#3008 = CARTESIAN_POINT('',(-4.405048957363,2.209999999999,0.48991613058
    ));
#3009 = VECTOR('',#3010,1.);
#3010 = DIRECTION('',(-0.173648177666,0.,-0.984807753012));
#3011 = ORIENTED_EDGE('',*,*,#3012,.T.);
#3012 = EDGE_CURVE('',#3005,#3013,#3015,.T.);
#3013 = VERTEX_POINT('',#3014);
#3014 = CARTESIAN_POINT('',(-5.1,2.209999999999,0.13));
#3015 = LINE('',#3016,#3017);
#3016 = CARTESIAN_POINT('',(-4.451729889353,2.209999999999,
    0.129999999999));
#3017 = VECTOR('',#3018,1.);
#3018 = DIRECTION('',(-1.,0.,6.68981743677E-15));
#3019 = ORIENTED_EDGE('',*,*,#3020,.F.);
#3020 = EDGE_CURVE('',#3021,#3013,#3023,.T.);
#3021 = VERTEX_POINT('',#3022);
#3022 = CARTESIAN_POINT('',(-5.1,2.209999999999,-0.189999999999));
#3023 = LINE('',#3024,#3025);
#3024 = CARTESIAN_POINT('',(-5.1,2.209999999999,-0.189999999999));
#3025 = VECTOR('',#3026,1.);
#3026 = DIRECTION('',(5.421010862427E-15,0.,1.));
#3027 = ORIENTED_EDGE('',*,*,#3028,.F.);
#3028 = EDGE_CURVE('',#3029,#3021,#3031,.T.);
#3029 = VERTEX_POINT('',#3030);
#3030 = CARTESIAN_POINT('',(-4.451729889353,2.209999999999,-0.19));
#3031 = LINE('',#3032,#3033);
#3032 = CARTESIAN_POINT('',(-4.451729889353,2.209999999999,-0.19));
#3033 = VECTOR('',#3034,1.);
#3034 = DIRECTION('',(-1.,0.,6.68981743677E-15));
#3035 = ORIENTED_EDGE('',*,*,#3036,.F.);
#3036 = EDGE_CURVE('',#3037,#3029,#3039,.T.);
#3037 = VERTEX_POINT('',#3038);
#3038 = CARTESIAN_POINT('',(-4.156287563449,2.209999999999,
    5.7905546699E-02));
#3039 = CIRCLE('',#3040,0.299999999999);
#3040 = AXIS2_PLACEMENT_3D('',#3041,#3042,#3043);
#3041 = CARTESIAN_POINT('',(-4.451729889353,2.209999999999,
    0.109999999999));
#3042 = DIRECTION('',(0.,1.,0.));
#3043 = DIRECTION('',(0.,0.,-1.));
#3044 = ORIENTED_EDGE('',*,*,#3045,.F.);
#3045 = EDGE_CURVE('',#3046,#3037,#3048,.T.);
#3046 = VERTEX_POINT('',#3047);
#3047 = CARTESIAN_POINT('',(-4.089910476399,2.209999999999,
    0.434348713727));
#3048 = LINE('',#3049,#3050);
#3049 = CARTESIAN_POINT('',(-4.089910476399,2.209999999999,
    0.434348713727));
#3050 = VECTOR('',#3051,1.);
#3051 = DIRECTION('',(-0.173648177666,0.,-0.984807753012));
#3052 = ORIENTED_EDGE('',*,*,#3053,.F.);
#3053 = EDGE_CURVE('',#2896,#3046,#3054,.T.);
#3054 = CIRCLE('',#3055,9.9999999999E-02);
#3055 = AXIS2_PLACEMENT_3D('',#3056,#3057,#3058);
#3056 = CARTESIAN_POINT('',(-3.991429701098,2.209999999999,0.41698389596
    ));
#3057 = DIRECTION('',(0.,-1.,0.));
#3058 = DIRECTION('',(0.,0.,1.));
#3059 = ORIENTED_EDGE('',*,*,#2895,.F.);
#3060 = PLANE('',#3061);
#3061 = AXIS2_PLACEMENT_3D('',#3062,#3063,#3064);
#3062 = CARTESIAN_POINT('',(-4.451729889353,2.209999999999,
    0.109999999999));
#3063 = DIRECTION('',(0.,-1.,0.));
#3064 = DIRECTION('',(1.,0.,0.));
#3065 = ADVANCED_FACE('',(#3066),#3082,.T.);
#3066 = FACE_BOUND('',#3067,.T.);
#3067 = EDGE_LOOP('',(#3068,#3069,#3075,#3076));
#3068 = ORIENTED_EDGE('',*,*,#3012,.F.);
#3069 = ORIENTED_EDGE('',*,*,#3070,.F.);
#3070 = EDGE_CURVE('',#2963,#3005,#3071,.T.);
#3071 = LINE('',#3072,#3073);
#3072 = CARTESIAN_POINT('',(-4.468511881976,2.87,0.13));
#3073 = VECTOR('',#3074,1.);
#3074 = DIRECTION('',(0.,-1.,0.));
#3075 = ORIENTED_EDGE('',*,*,#2962,.T.);
#3076 = ORIENTED_EDGE('',*,*,#3077,.T.);
#3077 = EDGE_CURVE('',#2955,#3013,#3078,.T.);
#3078 = LINE('',#3079,#3080);
#3079 = CARTESIAN_POINT('',(-5.1,2.87,0.13));
#3080 = VECTOR('',#3081,1.);
#3081 = DIRECTION('',(0.,-1.,0.));
#3082 = PLANE('',#3083);
#3083 = AXIS2_PLACEMENT_3D('',#3084,#3085,#3086);
#3084 = CARTESIAN_POINT('',(-4.451729889353,2.87,0.129999999999));
#3085 = DIRECTION('',(6.68981743677E-15,0.,1.));
#3086 = DIRECTION('',(1.,0.,-6.68981743677E-15));
#3087 = ADVANCED_FACE('',(#3088),#3099,.T.);
#3088 = FACE_BOUND('',#3089,.T.);
#3089 = EDGE_LOOP('',(#3090,#3091,#3097,#3098));
#3090 = ORIENTED_EDGE('',*,*,#3004,.F.);
#3091 = ORIENTED_EDGE('',*,*,#3092,.F.);
#3092 = EDGE_CURVE('',#2971,#2996,#3093,.T.);
#3093 = LINE('',#3094,#3095);
#3094 = CARTESIAN_POINT('',(-4.405048957363,2.87,0.48991613058));
#3095 = VECTOR('',#3096,1.);
#3096 = DIRECTION('',(0.,-1.,0.));
#3097 = ORIENTED_EDGE('',*,*,#2970,.T.);
#3098 = ORIENTED_EDGE('',*,*,#3070,.T.);
#3099 = PLANE('',#3100);
#3100 = AXIS2_PLACEMENT_3D('',#3101,#3102,#3103);
#3101 = CARTESIAN_POINT('',(-4.405048957363,2.87,0.48991613058));
#3102 = DIRECTION('',(-0.984807753012,0.,0.173648177666));
#3103 = DIRECTION('',(0.173648177666,0.,0.984807753012));
#3104 = ADVANCED_FACE('',(#3105),#3111,.T.);
#3105 = FACE_BOUND('',#3106,.T.);
#3106 = EDGE_LOOP('',(#3107,#3108,#3109,#3110));
#3107 = ORIENTED_EDGE('',*,*,#2995,.F.);
#3108 = ORIENTED_EDGE('',*,*,#2864,.F.);
#3109 = ORIENTED_EDGE('',*,*,#2978,.T.);
#3110 = ORIENTED_EDGE('',*,*,#3092,.T.);
#3111 = CYLINDRICAL_SURFACE('',#3112,0.419999999999);
#3112 = AXIS2_PLACEMENT_3D('',#3113,#3114,#3115);
#3113 = CARTESIAN_POINT('',(-3.991429701098,2.87,0.41698389596));
#3114 = DIRECTION('',(0.,-1.,0.));
#3115 = DIRECTION('',(0.,0.,-1.));
#3116 = ADVANCED_FACE('',(#3117),#3128,.F.);
#3117 = FACE_BOUND('',#3118,.F.);
#3118 = EDGE_LOOP('',(#3119,#3120,#3121,#3127));
#3119 = ORIENTED_EDGE('',*,*,#2903,.F.);
#3120 = ORIENTED_EDGE('',*,*,#2920,.T.);
#3121 = ORIENTED_EDGE('',*,*,#3122,.T.);
#3122 = EDGE_CURVE('',#2921,#3046,#3123,.T.);
#3123 = LINE('',#3124,#3125);
#3124 = CARTESIAN_POINT('',(-4.089910476399,2.87,0.434348713727));
#3125 = VECTOR('',#3126,1.);
#3126 = DIRECTION('',(0.,-1.,0.));
#3127 = ORIENTED_EDGE('',*,*,#3053,.F.);
#3128 = CYLINDRICAL_SURFACE('',#3129,9.9999999999E-02);
#3129 = AXIS2_PLACEMENT_3D('',#3130,#3131,#3132);
#3130 = CARTESIAN_POINT('',(-3.991429701098,2.87,0.41698389596));
#3131 = DIRECTION('',(0.,-1.,0.));
#3132 = DIRECTION('',(0.,0.,-1.));
#3133 = ADVANCED_FACE('',(#3134),#3145,.F.);
#3134 = FACE_BOUND('',#3135,.T.);
#3135 = EDGE_LOOP('',(#3136,#3137,#3143,#3144));
#3136 = ORIENTED_EDGE('',*,*,#3045,.T.);
#3137 = ORIENTED_EDGE('',*,*,#3138,.F.);
#3138 = EDGE_CURVE('',#2930,#3037,#3139,.T.);
#3139 = LINE('',#3140,#3141);
#3140 = CARTESIAN_POINT('',(-4.156287563449,2.87,5.7905546699E-02));
#3141 = VECTOR('',#3142,1.);
#3142 = DIRECTION('',(0.,-1.,0.));
#3143 = ORIENTED_EDGE('',*,*,#2929,.F.);
#3144 = ORIENTED_EDGE('',*,*,#3122,.T.);
#3145 = PLANE('',#3146);
#3146 = AXIS2_PLACEMENT_3D('',#3147,#3148,#3149);
#3147 = CARTESIAN_POINT('',(-4.089910476399,2.87,0.434348713727));
#3148 = DIRECTION('',(-0.984807753012,0.,0.173648177666));
#3149 = DIRECTION('',(0.173648177666,0.,0.984807753012));
#3150 = ADVANCED_FACE('',(#3151),#3162,.T.);
#3151 = FACE_BOUND('',#3152,.T.);
#3152 = EDGE_LOOP('',(#3153,#3154,#3160,#3161));
#3153 = ORIENTED_EDGE('',*,*,#3036,.T.);
#3154 = ORIENTED_EDGE('',*,*,#3155,.F.);
#3155 = EDGE_CURVE('',#2938,#3029,#3156,.T.);
#3156 = LINE('',#3157,#3158);
#3157 = CARTESIAN_POINT('',(-4.451729889353,2.87,-0.19));
#3158 = VECTOR('',#3159,1.);
#3159 = DIRECTION('',(0.,-1.,0.));
#3160 = ORIENTED_EDGE('',*,*,#2937,.F.);
#3161 = ORIENTED_EDGE('',*,*,#3138,.T.);
#3162 = CYLINDRICAL_SURFACE('',#3163,0.299999999999);
#3163 = AXIS2_PLACEMENT_3D('',#3164,#3165,#3166);
#3164 = CARTESIAN_POINT('',(-4.451729889353,2.87,0.109999999999));
#3165 = DIRECTION('',(0.,-1.,0.));
#3166 = DIRECTION('',(0.,0.,-1.));
#3167 = ADVANCED_FACE('',(#3168),#3179,.F.);
#3168 = FACE_BOUND('',#3169,.T.);
#3169 = EDGE_LOOP('',(#3170,#3171,#3177,#3178));
#3170 = ORIENTED_EDGE('',*,*,#3028,.T.);
#3171 = ORIENTED_EDGE('',*,*,#3172,.F.);
#3172 = EDGE_CURVE('',#2947,#3021,#3173,.T.);
#3173 = LINE('',#3174,#3175);
#3174 = CARTESIAN_POINT('',(-5.1,2.87,-0.189999999999));
#3175 = VECTOR('',#3176,1.);
#3176 = DIRECTION('',(0.,-1.,0.));
#3177 = ORIENTED_EDGE('',*,*,#2946,.F.);
#3178 = ORIENTED_EDGE('',*,*,#3155,.T.);
#3179 = PLANE('',#3180);
#3180 = AXIS2_PLACEMENT_3D('',#3181,#3182,#3183);
#3181 = CARTESIAN_POINT('',(-4.451729889353,2.87,-0.19));
#3182 = DIRECTION('',(6.68981743677E-15,0.,1.));
#3183 = DIRECTION('',(1.,0.,-6.68981743677E-15));
#3184 = ADVANCED_FACE('',(#3185),#3191,.F.);
#3185 = FACE_BOUND('',#3186,.T.);
#3186 = EDGE_LOOP('',(#3187,#3188,#3189,#3190));
#3187 = ORIENTED_EDGE('',*,*,#3020,.T.);
#3188 = ORIENTED_EDGE('',*,*,#3077,.F.);
#3189 = ORIENTED_EDGE('',*,*,#2954,.F.);
#3190 = ORIENTED_EDGE('',*,*,#3172,.T.);
#3191 = PLANE('',#3192);
#3192 = AXIS2_PLACEMENT_3D('',#3193,#3194,#3195);
#3193 = CARTESIAN_POINT('',(-5.1,2.87,-0.189999999999));
#3194 = DIRECTION('',(1.,0.,-5.421010862427E-15));
#3195 = DIRECTION('',(-5.421010862427E-15,0.,-1.));
#3196 = ADVANCED_FACE('',(#3197),#3222,.F.);
#3197 = FACE_BOUND('',#3198,.T.);
#3198 = EDGE_LOOP('',(#3199,#3207,#3208,#3216));
#3199 = ORIENTED_EDGE('',*,*,#3200,.T.);
#3200 = EDGE_CURVE('',#3201,#779,#3203,.T.);
#3201 = VERTEX_POINT('',#3202);
#3202 = CARTESIAN_POINT('',(-2.891967353872,-2.209999999999,
    0.51698389596));
#3203 = LINE('',#3204,#3205);
#3204 = CARTESIAN_POINT('',(-2.891967353872,-2.209999999999,
    0.51698389596));
#3205 = VECTOR('',#3206,1.);
#3206 = DIRECTION('',(-1.,0.,7.888962638667E-16));
#3207 = ORIENTED_EDGE('',*,*,#778,.T.);
#3208 = ORIENTED_EDGE('',*,*,#3209,.F.);
#3209 = EDGE_CURVE('',#3210,#781,#3212,.T.);
#3210 = VERTEX_POINT('',#3211);
#3211 = CARTESIAN_POINT('',(-2.891967353872,-2.209999999999,
    0.83698389596));
#3212 = LINE('',#3213,#3214);
#3213 = CARTESIAN_POINT('',(-2.891967353872,-2.209999999999,
    0.83698389596));
#3214 = VECTOR('',#3215,1.);
#3215 = DIRECTION('',(-1.,0.,7.888962638667E-16));
#3216 = ORIENTED_EDGE('',*,*,#3217,.T.);
#3217 = EDGE_CURVE('',#3210,#3201,#3218,.T.);
#3218 = LINE('',#3219,#3220);
#3219 = CARTESIAN_POINT('',(-2.891967353872,-2.209999999999,
    0.83698389596));
#3220 = VECTOR('',#3221,1.);
#3221 = DIRECTION('',(-1.355252715606E-15,0.,-1.));
#3222 = PLANE('',#3223);
#3223 = AXIS2_PLACEMENT_3D('',#3224,#3225,#3226);
#3224 = CARTESIAN_POINT('',(-4.451729889353,-2.209999999999,
    0.109999999999));
#3225 = DIRECTION('',(0.,-1.,0.));
#3226 = DIRECTION('',(1.,0.,0.));
#3227 = ADVANCED_FACE('',(#3228),#3253,.F.);
#3228 = FACE_BOUND('',#3229,.T.);
#3229 = EDGE_LOOP('',(#3230,#3240,#3246,#3247));
#3230 = ORIENTED_EDGE('',*,*,#3231,.T.);
#3231 = EDGE_CURVE('',#3232,#3234,#3236,.T.);
#3232 = VERTEX_POINT('',#3233);
#3233 = CARTESIAN_POINT('',(-2.891967353872,-2.87,0.83698389596));
#3234 = VERTEX_POINT('',#3235);
#3235 = CARTESIAN_POINT('',(-2.891967353872,-2.87,0.51698389596));
#3236 = LINE('',#3237,#3238);
#3237 = CARTESIAN_POINT('',(-2.891967353872,-2.87,0.83698389596));
#3238 = VECTOR('',#3239,1.);
#3239 = DIRECTION('',(-1.355252715606E-15,0.,-1.));
#3240 = ORIENTED_EDGE('',*,*,#3241,.F.);
#3241 = EDGE_CURVE('',#3201,#3234,#3242,.T.);
#3242 = LINE('',#3243,#3244);
#3243 = CARTESIAN_POINT('',(-2.891967353872,-2.209999999999,
    0.51698389596));
#3244 = VECTOR('',#3245,1.);
#3245 = DIRECTION('',(0.,-1.,0.));
#3246 = ORIENTED_EDGE('',*,*,#3217,.F.);
#3247 = ORIENTED_EDGE('',*,*,#3248,.T.);
#3248 = EDGE_CURVE('',#3210,#3232,#3249,.T.);
#3249 = LINE('',#3250,#3251);
#3250 = CARTESIAN_POINT('',(-2.891967353872,-2.209999999999,
    0.83698389596));
#3251 = VECTOR('',#3252,1.);
#3252 = DIRECTION('',(0.,-1.,0.));
#3253 = PLANE('',#3254);
#3254 = AXIS2_PLACEMENT_3D('',#3255,#3256,#3257);
#3255 = CARTESIAN_POINT('',(-2.891967353872,-2.209999999999,
    0.83698389596));
#3256 = DIRECTION('',(-1.,0.,1.355252715606E-15));
#3257 = DIRECTION('',(1.355252715606E-15,0.,1.));
#3258 = ADVANCED_FACE('',(#3259),#3275,.T.);
#3259 = FACE_BOUND('',#3260,.T.);
#3260 = EDGE_LOOP('',(#3261,#3262,#3268,#3269));
#3261 = ORIENTED_EDGE('',*,*,#796,.F.);
#3262 = ORIENTED_EDGE('',*,*,#3263,.F.);
#3263 = EDGE_CURVE('',#3234,#789,#3264,.T.);
#3264 = LINE('',#3265,#3266);
#3265 = CARTESIAN_POINT('',(-2.891967353872,-2.87,0.51698389596));
#3266 = VECTOR('',#3267,1.);
#3267 = DIRECTION('',(-1.,0.,7.888962638667E-16));
#3268 = ORIENTED_EDGE('',*,*,#3231,.F.);
#3269 = ORIENTED_EDGE('',*,*,#3270,.T.);
#3270 = EDGE_CURVE('',#3232,#797,#3271,.T.);
#3271 = LINE('',#3272,#3273);
#3272 = CARTESIAN_POINT('',(-2.891967353872,-2.87,0.83698389596));
#3273 = VECTOR('',#3274,1.);
#3274 = DIRECTION('',(-1.,0.,7.888962638667E-16));
#3275 = PLANE('',#3276);
#3276 = AXIS2_PLACEMENT_3D('',#3277,#3278,#3279);
#3277 = CARTESIAN_POINT('',(-4.451729889353,-2.87,0.109999999999));
#3278 = DIRECTION('',(0.,-1.,0.));
#3279 = DIRECTION('',(1.,0.,0.));
#3280 = ADVANCED_FACE('',(#3281),#3287,.F.);
#3281 = FACE_BOUND('',#3282,.T.);
#3282 = EDGE_LOOP('',(#3283,#3284,#3285,#3286));
#3283 = ORIENTED_EDGE('',*,*,#3263,.T.);
#3284 = ORIENTED_EDGE('',*,*,#788,.T.);
#3285 = ORIENTED_EDGE('',*,*,#3200,.F.);
#3286 = ORIENTED_EDGE('',*,*,#3241,.T.);
#3287 = PLANE('',#3288);
#3288 = AXIS2_PLACEMENT_3D('',#3289,#3290,#3291);
#3289 = CARTESIAN_POINT('',(-2.891967353872,-2.209999999999,
    0.51698389596));
#3290 = DIRECTION('',(7.888962638667E-16,0.,1.));
#3291 = DIRECTION('',(1.,0.,-7.888962638667E-16));
#3292 = ADVANCED_FACE('',(#3293),#3299,.T.);
#3293 = FACE_BOUND('',#3294,.T.);
#3294 = EDGE_LOOP('',(#3295,#3296,#3297,#3298));
#3295 = ORIENTED_EDGE('',*,*,#804,.F.);
#3296 = ORIENTED_EDGE('',*,*,#3270,.F.);
#3297 = ORIENTED_EDGE('',*,*,#3248,.F.);
#3298 = ORIENTED_EDGE('',*,*,#3209,.T.);
#3299 = PLANE('',#3300);
#3300 = AXIS2_PLACEMENT_3D('',#3301,#3302,#3303);
#3301 = CARTESIAN_POINT('',(-2.891967353872,-2.209999999999,
    0.83698389596));
#3302 = DIRECTION('',(7.888962638667E-16,0.,1.));
#3303 = DIRECTION('',(1.,0.,-7.888962638667E-16));
#3304 = ADVANCED_FACE('',(#3305),#3330,.T.);
#3305 = FACE_BOUND('',#3306,.T.);
#3306 = EDGE_LOOP('',(#3307,#3308,#3316,#3324));
#3307 = ORIENTED_EDGE('',*,*,#1032,.F.);
#3308 = ORIENTED_EDGE('',*,*,#3309,.T.);
#3309 = EDGE_CURVE('',#1023,#3310,#3312,.T.);
#3310 = VERTEX_POINT('',#3311);
#3311 = CARTESIAN_POINT('',(-3.991429701098,-2.209999999999,
    0.83698389596));
#3312 = LINE('',#3313,#3314);
#3313 = CARTESIAN_POINT('',(-2.891967353872,-2.209999999999,
    0.83698389596));
#3314 = VECTOR('',#3315,1.);
#3315 = DIRECTION('',(-1.,0.,7.888962638667E-16));
#3316 = ORIENTED_EDGE('',*,*,#3317,.T.);
#3317 = EDGE_CURVE('',#3310,#3318,#3320,.T.);
#3318 = VERTEX_POINT('',#3319);
#3319 = CARTESIAN_POINT('',(-3.991429701098,-2.87,0.83698389596));
#3320 = LINE('',#3321,#3322);
#3321 = CARTESIAN_POINT('',(-3.991429701098,-2.209999999999,
    0.83698389596));
#3322 = VECTOR('',#3323,1.);
#3323 = DIRECTION('',(0.,-1.,0.));
#3324 = ORIENTED_EDGE('',*,*,#3325,.F.);
#3325 = EDGE_CURVE('',#1033,#3318,#3326,.T.);
#3326 = LINE('',#3327,#3328);
#3327 = CARTESIAN_POINT('',(-2.891967353872,-2.87,0.83698389596));
#3328 = VECTOR('',#3329,1.);
#3329 = DIRECTION('',(-1.,0.,7.888962638667E-16));
#3330 = PLANE('',#3331);
#3331 = AXIS2_PLACEMENT_3D('',#3332,#3333,#3334);
#3332 = CARTESIAN_POINT('',(-2.891967353872,-2.209999999999,
    0.83698389596));
#3333 = DIRECTION('',(7.888962638667E-16,0.,1.));
#3334 = DIRECTION('',(1.,0.,-7.888962638667E-16));
#3335 = ADVANCED_FACE('',(#3336),#3361,.F.);
#3336 = FACE_BOUND('',#3337,.T.);
#3337 = EDGE_LOOP('',(#3338,#3346,#3347,#3355));
#3338 = ORIENTED_EDGE('',*,*,#3339,.F.);
#3339 = EDGE_CURVE('',#1025,#3340,#3342,.T.);
#3340 = VERTEX_POINT('',#3341);
#3341 = CARTESIAN_POINT('',(-3.991429701098,-2.209999999999,
    0.51698389596));
#3342 = LINE('',#3343,#3344);
#3343 = CARTESIAN_POINT('',(-2.891967353872,-2.209999999999,
    0.51698389596));
#3344 = VECTOR('',#3345,1.);
#3345 = DIRECTION('',(-1.,0.,7.888962638667E-16));
#3346 = ORIENTED_EDGE('',*,*,#1048,.T.);
#3347 = ORIENTED_EDGE('',*,*,#3348,.T.);
#3348 = EDGE_CURVE('',#1041,#3349,#3351,.T.);
#3349 = VERTEX_POINT('',#3350);
#3350 = CARTESIAN_POINT('',(-3.991429701098,-2.87,0.51698389596));
#3351 = LINE('',#3352,#3353);
#3352 = CARTESIAN_POINT('',(-2.891967353872,-2.87,0.51698389596));
#3353 = VECTOR('',#3354,1.);
#3354 = DIRECTION('',(-1.,0.,7.888962638667E-16));
#3355 = ORIENTED_EDGE('',*,*,#3356,.F.);
#3356 = EDGE_CURVE('',#3340,#3349,#3357,.T.);
#3357 = LINE('',#3358,#3359);
#3358 = CARTESIAN_POINT('',(-3.991429701098,-2.209999999999,
    0.51698389596));
#3359 = VECTOR('',#3360,1.);
#3360 = DIRECTION('',(0.,-1.,0.));
#3361 = PLANE('',#3362);
#3362 = AXIS2_PLACEMENT_3D('',#3363,#3364,#3365);
#3363 = CARTESIAN_POINT('',(-2.891967353872,-2.209999999999,
    0.51698389596));
#3364 = DIRECTION('',(7.888962638667E-16,0.,1.));
#3365 = DIRECTION('',(1.,0.,-7.888962638667E-16));
#3366 = ADVANCED_FACE('',(#3367),#3437,.F.);
#3367 = FACE_BOUND('',#3368,.T.);
#3368 = EDGE_LOOP('',(#3369,#3370,#3371,#3372,#3381,#3389,#3398,#3406,
    #3414,#3422,#3430));
#3369 = ORIENTED_EDGE('',*,*,#3309,.F.);
#3370 = ORIENTED_EDGE('',*,*,#1022,.T.);
#3371 = ORIENTED_EDGE('',*,*,#3339,.T.);
#3372 = ORIENTED_EDGE('',*,*,#3373,.T.);
#3373 = EDGE_CURVE('',#3340,#3374,#3376,.T.);
#3374 = VERTEX_POINT('',#3375);
#3375 = CARTESIAN_POINT('',(-4.089910476399,-2.209999999999,
    0.434348713727));
#3376 = CIRCLE('',#3377,9.9999999999E-02);
#3377 = AXIS2_PLACEMENT_3D('',#3378,#3379,#3380);
#3378 = CARTESIAN_POINT('',(-3.991429701098,-2.209999999999,
    0.41698389596));
#3379 = DIRECTION('',(0.,-1.,0.));
#3380 = DIRECTION('',(0.,0.,1.));
#3381 = ORIENTED_EDGE('',*,*,#3382,.T.);
#3382 = EDGE_CURVE('',#3374,#3383,#3385,.T.);
#3383 = VERTEX_POINT('',#3384);
#3384 = CARTESIAN_POINT('',(-4.156287563449,-2.209999999999,
    5.7905546699E-02));
#3385 = LINE('',#3386,#3387);
#3386 = CARTESIAN_POINT('',(-4.089910476399,-2.209999999999,
    0.434348713727));
#3387 = VECTOR('',#3388,1.);
#3388 = DIRECTION('',(-0.173648177666,0.,-0.984807753012));
#3389 = ORIENTED_EDGE('',*,*,#3390,.T.);
#3390 = EDGE_CURVE('',#3383,#3391,#3393,.T.);
#3391 = VERTEX_POINT('',#3392);
#3392 = CARTESIAN_POINT('',(-4.451729889353,-2.209999999999,-0.19));
#3393 = CIRCLE('',#3394,0.299999999999);
#3394 = AXIS2_PLACEMENT_3D('',#3395,#3396,#3397);
#3395 = CARTESIAN_POINT('',(-4.451729889353,-2.209999999999,
    0.109999999999));
#3396 = DIRECTION('',(0.,1.,0.));
#3397 = DIRECTION('',(0.,0.,-1.));
#3398 = ORIENTED_EDGE('',*,*,#3399,.T.);
#3399 = EDGE_CURVE('',#3391,#3400,#3402,.T.);
#3400 = VERTEX_POINT('',#3401);
#3401 = CARTESIAN_POINT('',(-5.1,-2.209999999999,-0.189999999999));
#3402 = LINE('',#3403,#3404);
#3403 = CARTESIAN_POINT('',(-4.451729889353,-2.209999999999,-0.19));
#3404 = VECTOR('',#3405,1.);
#3405 = DIRECTION('',(-1.,0.,6.68981743677E-15));
#3406 = ORIENTED_EDGE('',*,*,#3407,.T.);
#3407 = EDGE_CURVE('',#3400,#3408,#3410,.T.);
#3408 = VERTEX_POINT('',#3409);
#3409 = CARTESIAN_POINT('',(-5.1,-2.209999999999,0.13));
#3410 = LINE('',#3411,#3412);
#3411 = CARTESIAN_POINT('',(-5.1,-2.209999999999,-0.189999999999));
#3412 = VECTOR('',#3413,1.);
#3413 = DIRECTION('',(5.421010862427E-15,0.,1.));
#3414 = ORIENTED_EDGE('',*,*,#3415,.F.);
#3415 = EDGE_CURVE('',#3416,#3408,#3418,.T.);
#3416 = VERTEX_POINT('',#3417);
#3417 = CARTESIAN_POINT('',(-4.468511881976,-2.209999999999,0.13));
#3418 = LINE('',#3419,#3420);
#3419 = CARTESIAN_POINT('',(-4.451729889353,-2.209999999999,
    0.129999999999));
#3420 = VECTOR('',#3421,1.);
#3421 = DIRECTION('',(-1.,0.,6.68981743677E-15));
#3422 = ORIENTED_EDGE('',*,*,#3423,.F.);
#3423 = EDGE_CURVE('',#3424,#3416,#3426,.T.);
#3424 = VERTEX_POINT('',#3425);
#3425 = CARTESIAN_POINT('',(-4.405048957363,-2.209999999999,
    0.48991613058));
#3426 = LINE('',#3427,#3428);
#3427 = CARTESIAN_POINT('',(-4.405048957363,-2.209999999999,
    0.48991613058));
#3428 = VECTOR('',#3429,1.);
#3429 = DIRECTION('',(-0.173648177666,0.,-0.984807753012));
#3430 = ORIENTED_EDGE('',*,*,#3431,.F.);
#3431 = EDGE_CURVE('',#3310,#3424,#3432,.T.);
#3432 = CIRCLE('',#3433,0.419999999999);
#3433 = AXIS2_PLACEMENT_3D('',#3434,#3435,#3436);
#3434 = CARTESIAN_POINT('',(-3.991429701098,-2.209999999999,
    0.41698389596));
#3435 = DIRECTION('',(0.,-1.,0.));
#3436 = DIRECTION('',(-1.,0.,0.));
#3437 = PLANE('',#3438);
#3438 = AXIS2_PLACEMENT_3D('',#3439,#3440,#3441);
#3439 = CARTESIAN_POINT('',(-4.451729889353,-2.209999999999,
    0.109999999999));
#3440 = DIRECTION('',(0.,-1.,0.));
#3441 = DIRECTION('',(1.,0.,0.));
#3442 = ADVANCED_FACE('',(#3443),#3513,.T.);
#3443 = FACE_BOUND('',#3444,.T.);
#3444 = EDGE_LOOP('',(#3445,#3446,#3447,#3456,#3464,#3472,#3480,#3488,
    #3497,#3505,#3512));
#3445 = ORIENTED_EDGE('',*,*,#1040,.F.);
#3446 = ORIENTED_EDGE('',*,*,#3325,.T.);
#3447 = ORIENTED_EDGE('',*,*,#3448,.T.);
#3448 = EDGE_CURVE('',#3318,#3449,#3451,.T.);
#3449 = VERTEX_POINT('',#3450);
#3450 = CARTESIAN_POINT('',(-4.405048957363,-2.87,0.48991613058));
#3451 = CIRCLE('',#3452,0.419999999999);
#3452 = AXIS2_PLACEMENT_3D('',#3453,#3454,#3455);
#3453 = CARTESIAN_POINT('',(-3.991429701098,-2.87,0.41698389596));
#3454 = DIRECTION('',(0.,-1.,0.));
#3455 = DIRECTION('',(-1.,0.,0.));
#3456 = ORIENTED_EDGE('',*,*,#3457,.T.);
#3457 = EDGE_CURVE('',#3449,#3458,#3460,.T.);
#3458 = VERTEX_POINT('',#3459);
#3459 = CARTESIAN_POINT('',(-4.468511881976,-2.87,0.13));
#3460 = LINE('',#3461,#3462);
#3461 = CARTESIAN_POINT('',(-4.405048957363,-2.87,0.48991613058));
#3462 = VECTOR('',#3463,1.);
#3463 = DIRECTION('',(-0.173648177666,0.,-0.984807753012));
#3464 = ORIENTED_EDGE('',*,*,#3465,.T.);
#3465 = EDGE_CURVE('',#3458,#3466,#3468,.T.);
#3466 = VERTEX_POINT('',#3467);
#3467 = CARTESIAN_POINT('',(-5.1,-2.87,0.13));
#3468 = LINE('',#3469,#3470);
#3469 = CARTESIAN_POINT('',(-4.451729889353,-2.87,0.129999999999));
#3470 = VECTOR('',#3471,1.);
#3471 = DIRECTION('',(-1.,0.,6.68981743677E-15));
#3472 = ORIENTED_EDGE('',*,*,#3473,.F.);
#3473 = EDGE_CURVE('',#3474,#3466,#3476,.T.);
#3474 = VERTEX_POINT('',#3475);
#3475 = CARTESIAN_POINT('',(-5.1,-2.87,-0.189999999999));
#3476 = LINE('',#3477,#3478);
#3477 = CARTESIAN_POINT('',(-5.1,-2.87,-0.189999999999));
#3478 = VECTOR('',#3479,1.);
#3479 = DIRECTION('',(5.421010862427E-15,0.,1.));
#3480 = ORIENTED_EDGE('',*,*,#3481,.F.);
#3481 = EDGE_CURVE('',#3482,#3474,#3484,.T.);
#3482 = VERTEX_POINT('',#3483);
#3483 = CARTESIAN_POINT('',(-4.451729889353,-2.87,-0.19));
#3484 = LINE('',#3485,#3486);
#3485 = CARTESIAN_POINT('',(-4.451729889353,-2.87,-0.19));
#3486 = VECTOR('',#3487,1.);
#3487 = DIRECTION('',(-1.,0.,6.68981743677E-15));
#3488 = ORIENTED_EDGE('',*,*,#3489,.F.);
#3489 = EDGE_CURVE('',#3490,#3482,#3492,.T.);
#3490 = VERTEX_POINT('',#3491);
#3491 = CARTESIAN_POINT('',(-4.156287563449,-2.87,5.7905546699E-02));
#3492 = CIRCLE('',#3493,0.299999999999);
#3493 = AXIS2_PLACEMENT_3D('',#3494,#3495,#3496);
#3494 = CARTESIAN_POINT('',(-4.451729889353,-2.87,0.109999999999));
#3495 = DIRECTION('',(0.,1.,0.));
#3496 = DIRECTION('',(0.,0.,-1.));
#3497 = ORIENTED_EDGE('',*,*,#3498,.F.);
#3498 = EDGE_CURVE('',#3499,#3490,#3501,.T.);
#3499 = VERTEX_POINT('',#3500);
#3500 = CARTESIAN_POINT('',(-4.089910476399,-2.87,0.434348713727));
#3501 = LINE('',#3502,#3503);
#3502 = CARTESIAN_POINT('',(-4.089910476399,-2.87,0.434348713727));
#3503 = VECTOR('',#3504,1.);
#3504 = DIRECTION('',(-0.173648177666,0.,-0.984807753012));
#3505 = ORIENTED_EDGE('',*,*,#3506,.F.);
#3506 = EDGE_CURVE('',#3349,#3499,#3507,.T.);
#3507 = CIRCLE('',#3508,9.9999999999E-02);
#3508 = AXIS2_PLACEMENT_3D('',#3509,#3510,#3511);
#3509 = CARTESIAN_POINT('',(-3.991429701098,-2.87,0.41698389596));
#3510 = DIRECTION('',(0.,-1.,0.));
#3511 = DIRECTION('',(0.,0.,1.));
#3512 = ORIENTED_EDGE('',*,*,#3348,.F.);
#3513 = PLANE('',#3514);
#3514 = AXIS2_PLACEMENT_3D('',#3515,#3516,#3517);
#3515 = CARTESIAN_POINT('',(-4.451729889353,-2.87,0.109999999999));
#3516 = DIRECTION('',(0.,-1.,0.));
#3517 = DIRECTION('',(1.,0.,0.));
#3518 = ADVANCED_FACE('',(#3519),#3535,.T.);
#3519 = FACE_BOUND('',#3520,.T.);
#3520 = EDGE_LOOP('',(#3521,#3522,#3528,#3529));
#3521 = ORIENTED_EDGE('',*,*,#3465,.F.);
#3522 = ORIENTED_EDGE('',*,*,#3523,.F.);
#3523 = EDGE_CURVE('',#3416,#3458,#3524,.T.);
#3524 = LINE('',#3525,#3526);
#3525 = CARTESIAN_POINT('',(-4.468511881976,-2.209999999999,0.13));
#3526 = VECTOR('',#3527,1.);
#3527 = DIRECTION('',(0.,-1.,0.));
#3528 = ORIENTED_EDGE('',*,*,#3415,.T.);
#3529 = ORIENTED_EDGE('',*,*,#3530,.T.);
#3530 = EDGE_CURVE('',#3408,#3466,#3531,.T.);
#3531 = LINE('',#3532,#3533);
#3532 = CARTESIAN_POINT('',(-5.1,-2.209999999999,0.13));
#3533 = VECTOR('',#3534,1.);
#3534 = DIRECTION('',(0.,-1.,0.));
#3535 = PLANE('',#3536);
#3536 = AXIS2_PLACEMENT_3D('',#3537,#3538,#3539);
#3537 = CARTESIAN_POINT('',(-4.451729889353,-2.209999999999,
    0.129999999999));
#3538 = DIRECTION('',(6.68981743677E-15,0.,1.));
#3539 = DIRECTION('',(1.,0.,-6.68981743677E-15));
#3540 = ADVANCED_FACE('',(#3541),#3552,.T.);
#3541 = FACE_BOUND('',#3542,.T.);
#3542 = EDGE_LOOP('',(#3543,#3544,#3550,#3551));
#3543 = ORIENTED_EDGE('',*,*,#3457,.F.);
#3544 = ORIENTED_EDGE('',*,*,#3545,.F.);
#3545 = EDGE_CURVE('',#3424,#3449,#3546,.T.);
#3546 = LINE('',#3547,#3548);
#3547 = CARTESIAN_POINT('',(-4.405048957363,-2.209999999999,
    0.48991613058));
#3548 = VECTOR('',#3549,1.);
#3549 = DIRECTION('',(0.,-1.,0.));
#3550 = ORIENTED_EDGE('',*,*,#3423,.T.);
#3551 = ORIENTED_EDGE('',*,*,#3523,.T.);
#3552 = PLANE('',#3553);
#3553 = AXIS2_PLACEMENT_3D('',#3554,#3555,#3556);
#3554 = CARTESIAN_POINT('',(-4.405048957363,-2.209999999999,
    0.48991613058));
#3555 = DIRECTION('',(-0.984807753012,0.,0.173648177666));
#3556 = DIRECTION('',(0.173648177666,0.,0.984807753012));
#3557 = ADVANCED_FACE('',(#3558),#3564,.T.);
#3558 = FACE_BOUND('',#3559,.T.);
#3559 = EDGE_LOOP('',(#3560,#3561,#3562,#3563));
#3560 = ORIENTED_EDGE('',*,*,#3448,.F.);
#3561 = ORIENTED_EDGE('',*,*,#3317,.F.);
#3562 = ORIENTED_EDGE('',*,*,#3431,.T.);
#3563 = ORIENTED_EDGE('',*,*,#3545,.T.);
#3564 = CYLINDRICAL_SURFACE('',#3565,0.419999999999);
#3565 = AXIS2_PLACEMENT_3D('',#3566,#3567,#3568);
#3566 = CARTESIAN_POINT('',(-3.991429701098,-2.209999999999,
    0.41698389596));
#3567 = DIRECTION('',(0.,-1.,0.));
#3568 = DIRECTION('',(0.,0.,-1.));
#3569 = ADVANCED_FACE('',(#3570),#3581,.F.);
#3570 = FACE_BOUND('',#3571,.F.);
#3571 = EDGE_LOOP('',(#3572,#3573,#3574,#3580));
#3572 = ORIENTED_EDGE('',*,*,#3356,.F.);
#3573 = ORIENTED_EDGE('',*,*,#3373,.T.);
#3574 = ORIENTED_EDGE('',*,*,#3575,.T.);
#3575 = EDGE_CURVE('',#3374,#3499,#3576,.T.);
#3576 = LINE('',#3577,#3578);
#3577 = CARTESIAN_POINT('',(-4.089910476399,-2.209999999999,
    0.434348713727));
#3578 = VECTOR('',#3579,1.);
#3579 = DIRECTION('',(0.,-1.,0.));
#3580 = ORIENTED_EDGE('',*,*,#3506,.F.);
#3581 = CYLINDRICAL_SURFACE('',#3582,9.9999999999E-02);
#3582 = AXIS2_PLACEMENT_3D('',#3583,#3584,#3585);
#3583 = CARTESIAN_POINT('',(-3.991429701098,-2.209999999999,
    0.41698389596));
#3584 = DIRECTION('',(0.,-1.,0.));
#3585 = DIRECTION('',(0.,0.,-1.));
#3586 = ADVANCED_FACE('',(#3587),#3598,.F.);
#3587 = FACE_BOUND('',#3588,.T.);
#3588 = EDGE_LOOP('',(#3589,#3590,#3596,#3597));
#3589 = ORIENTED_EDGE('',*,*,#3498,.T.);
#3590 = ORIENTED_EDGE('',*,*,#3591,.F.);
#3591 = EDGE_CURVE('',#3383,#3490,#3592,.T.);
#3592 = LINE('',#3593,#3594);
#3593 = CARTESIAN_POINT('',(-4.156287563449,-2.209999999999,
    5.7905546699E-02));
#3594 = VECTOR('',#3595,1.);
#3595 = DIRECTION('',(0.,-1.,0.));
#3596 = ORIENTED_EDGE('',*,*,#3382,.F.);
#3597 = ORIENTED_EDGE('',*,*,#3575,.T.);
#3598 = PLANE('',#3599);
#3599 = AXIS2_PLACEMENT_3D('',#3600,#3601,#3602);
#3600 = CARTESIAN_POINT('',(-4.089910476399,-2.209999999999,
    0.434348713727));
#3601 = DIRECTION('',(-0.984807753012,0.,0.173648177666));
#3602 = DIRECTION('',(0.173648177666,0.,0.984807753012));
#3603 = ADVANCED_FACE('',(#3604),#3615,.T.);
#3604 = FACE_BOUND('',#3605,.T.);
#3605 = EDGE_LOOP('',(#3606,#3607,#3613,#3614));
#3606 = ORIENTED_EDGE('',*,*,#3489,.T.);
#3607 = ORIENTED_EDGE('',*,*,#3608,.F.);
#3608 = EDGE_CURVE('',#3391,#3482,#3609,.T.);
#3609 = LINE('',#3610,#3611);
#3610 = CARTESIAN_POINT('',(-4.451729889353,-2.209999999999,-0.19));
#3611 = VECTOR('',#3612,1.);
#3612 = DIRECTION('',(0.,-1.,0.));
#3613 = ORIENTED_EDGE('',*,*,#3390,.F.);
#3614 = ORIENTED_EDGE('',*,*,#3591,.T.);
#3615 = CYLINDRICAL_SURFACE('',#3616,0.299999999999);
#3616 = AXIS2_PLACEMENT_3D('',#3617,#3618,#3619);
#3617 = CARTESIAN_POINT('',(-4.451729889353,-2.209999999999,
    0.109999999999));
#3618 = DIRECTION('',(0.,-1.,0.));
#3619 = DIRECTION('',(0.,0.,-1.));
#3620 = ADVANCED_FACE('',(#3621),#3632,.F.);
#3621 = FACE_BOUND('',#3622,.T.);
#3622 = EDGE_LOOP('',(#3623,#3624,#3630,#3631));
#3623 = ORIENTED_EDGE('',*,*,#3481,.T.);
#3624 = ORIENTED_EDGE('',*,*,#3625,.F.);
#3625 = EDGE_CURVE('',#3400,#3474,#3626,.T.);
#3626 = LINE('',#3627,#3628);
#3627 = CARTESIAN_POINT('',(-5.1,-2.209999999999,-0.189999999999));
#3628 = VECTOR('',#3629,1.);
#3629 = DIRECTION('',(0.,-1.,0.));
#3630 = ORIENTED_EDGE('',*,*,#3399,.F.);
#3631 = ORIENTED_EDGE('',*,*,#3608,.T.);
#3632 = PLANE('',#3633);
#3633 = AXIS2_PLACEMENT_3D('',#3634,#3635,#3636);
#3634 = CARTESIAN_POINT('',(-4.451729889353,-2.209999999999,-0.19));
#3635 = DIRECTION('',(6.68981743677E-15,0.,1.));
#3636 = DIRECTION('',(1.,0.,-6.68981743677E-15));
#3637 = ADVANCED_FACE('',(#3638),#3644,.F.);
#3638 = FACE_BOUND('',#3639,.T.);
#3639 = EDGE_LOOP('',(#3640,#3641,#3642,#3643));
#3640 = ORIENTED_EDGE('',*,*,#3473,.T.);
#3641 = ORIENTED_EDGE('',*,*,#3530,.F.);
#3642 = ORIENTED_EDGE('',*,*,#3407,.F.);
#3643 = ORIENTED_EDGE('',*,*,#3625,.T.);
#3644 = PLANE('',#3645);
#3645 = AXIS2_PLACEMENT_3D('',#3646,#3647,#3648);
#3646 = CARTESIAN_POINT('',(-5.1,-2.209999999999,-0.189999999999));
#3647 = DIRECTION('',(1.,0.,-5.421010862427E-15));
#3648 = DIRECTION('',(-5.421010862427E-15,0.,-1.));
#3649 = ADVANCED_FACE('',(#3650),#3675,.F.);
#3650 = FACE_BOUND('',#3651,.T.);
#3651 = EDGE_LOOP('',(#3652,#3660,#3661,#3669));
#3652 = ORIENTED_EDGE('',*,*,#3653,.T.);
#3653 = EDGE_CURVE('',#3654,#284,#3656,.T.);
#3654 = VERTEX_POINT('',#3655);
#3655 = CARTESIAN_POINT('',(2.891967353872,2.87,0.83698389596));
#3656 = LINE('',#3657,#3658);
#3657 = CARTESIAN_POINT('',(2.891967353872,2.87,0.83698389596));
#3658 = VECTOR('',#3659,1.);
#3659 = DIRECTION('',(1.,0.,7.888962638667E-16));
#3660 = ORIENTED_EDGE('',*,*,#283,.T.);
#3661 = ORIENTED_EDGE('',*,*,#3662,.F.);
#3662 = EDGE_CURVE('',#3663,#286,#3665,.T.);
#3663 = VERTEX_POINT('',#3664);
#3664 = CARTESIAN_POINT('',(2.891967353872,2.87,0.51698389596));
#3665 = LINE('',#3666,#3667);
#3666 = CARTESIAN_POINT('',(2.891967353872,2.87,0.51698389596));
#3667 = VECTOR('',#3668,1.);
#3668 = DIRECTION('',(1.,0.,7.888962638667E-16));
#3669 = ORIENTED_EDGE('',*,*,#3670,.F.);
#3670 = EDGE_CURVE('',#3654,#3663,#3671,.T.);
#3671 = LINE('',#3672,#3673);
#3672 = CARTESIAN_POINT('',(2.891967353872,2.87,0.83698389596));
#3673 = VECTOR('',#3674,1.);
#3674 = DIRECTION('',(1.355252715606E-15,0.,-1.));
#3675 = PLANE('',#3676);
#3676 = AXIS2_PLACEMENT_3D('',#3677,#3678,#3679);
#3677 = CARTESIAN_POINT('',(4.451729889353,2.87,0.109999999999));
#3678 = DIRECTION('',(0.,-1.,0.));
#3679 = DIRECTION('',(-1.,0.,0.));
#3680 = ADVANCED_FACE('',(#3681),#3706,.T.);
#3681 = FACE_BOUND('',#3682,.T.);
#3682 = EDGE_LOOP('',(#3683,#3693,#3699,#3700));
#3683 = ORIENTED_EDGE('',*,*,#3684,.F.);
#3684 = EDGE_CURVE('',#3685,#3687,#3689,.T.);
#3685 = VERTEX_POINT('',#3686);
#3686 = CARTESIAN_POINT('',(2.891967353872,2.209999999999,0.83698389596)
  );
#3687 = VERTEX_POINT('',#3688);
#3688 = CARTESIAN_POINT('',(2.891967353872,2.209999999999,0.51698389596)
  );
#3689 = LINE('',#3690,#3691);
#3690 = CARTESIAN_POINT('',(2.891967353872,2.209999999999,0.83698389596)
  );
#3691 = VECTOR('',#3692,1.);
#3692 = DIRECTION('',(1.355252715606E-15,0.,-1.));
#3693 = ORIENTED_EDGE('',*,*,#3694,.F.);
#3694 = EDGE_CURVE('',#3654,#3685,#3695,.T.);
#3695 = LINE('',#3696,#3697);
#3696 = CARTESIAN_POINT('',(2.891967353872,2.87,0.83698389596));
#3697 = VECTOR('',#3698,1.);
#3698 = DIRECTION('',(0.,-1.,0.));
#3699 = ORIENTED_EDGE('',*,*,#3670,.T.);
#3700 = ORIENTED_EDGE('',*,*,#3701,.T.);
#3701 = EDGE_CURVE('',#3663,#3687,#3702,.T.);
#3702 = LINE('',#3703,#3704);
#3703 = CARTESIAN_POINT('',(2.891967353872,2.87,0.51698389596));
#3704 = VECTOR('',#3705,1.);
#3705 = DIRECTION('',(0.,-1.,0.));
#3706 = PLANE('',#3707);
#3707 = AXIS2_PLACEMENT_3D('',#3708,#3709,#3710);
#3708 = CARTESIAN_POINT('',(2.891967353872,2.87,0.83698389596));
#3709 = DIRECTION('',(-1.,0.,-1.355252715606E-15));
#3710 = DIRECTION('',(-1.355252715606E-15,0.,1.));
#3711 = ADVANCED_FACE('',(#3712),#3728,.T.);
#3712 = FACE_BOUND('',#3713,.T.);
#3713 = EDGE_LOOP('',(#3714,#3715,#3721,#3722));
#3714 = ORIENTED_EDGE('',*,*,#301,.F.);
#3715 = ORIENTED_EDGE('',*,*,#3716,.F.);
#3716 = EDGE_CURVE('',#3685,#294,#3717,.T.);
#3717 = LINE('',#3718,#3719);
#3718 = CARTESIAN_POINT('',(2.891967353872,2.209999999999,0.83698389596)
  );
#3719 = VECTOR('',#3720,1.);
#3720 = DIRECTION('',(1.,0.,7.888962638667E-16));
#3721 = ORIENTED_EDGE('',*,*,#3684,.T.);
#3722 = ORIENTED_EDGE('',*,*,#3723,.T.);
#3723 = EDGE_CURVE('',#3687,#302,#3724,.T.);
#3724 = LINE('',#3725,#3726);
#3725 = CARTESIAN_POINT('',(2.891967353872,2.209999999999,0.51698389596)
  );
#3726 = VECTOR('',#3727,1.);
#3727 = DIRECTION('',(1.,0.,7.888962638667E-16));
#3728 = PLANE('',#3729);
#3729 = AXIS2_PLACEMENT_3D('',#3730,#3731,#3732);
#3730 = CARTESIAN_POINT('',(4.451729889353,2.209999999999,0.109999999999
    ));
#3731 = DIRECTION('',(0.,-1.,0.));
#3732 = DIRECTION('',(-1.,0.,0.));
#3733 = ADVANCED_FACE('',(#3734),#3740,.F.);
#3734 = FACE_BOUND('',#3735,.T.);
#3735 = EDGE_LOOP('',(#3736,#3737,#3738,#3739));
#3736 = ORIENTED_EDGE('',*,*,#3716,.T.);
#3737 = ORIENTED_EDGE('',*,*,#293,.T.);
#3738 = ORIENTED_EDGE('',*,*,#3653,.F.);
#3739 = ORIENTED_EDGE('',*,*,#3694,.T.);
#3740 = PLANE('',#3741);
#3741 = AXIS2_PLACEMENT_3D('',#3742,#3743,#3744);
#3742 = CARTESIAN_POINT('',(2.891967353872,2.87,0.83698389596));
#3743 = DIRECTION('',(7.888962638667E-16,0.,-1.));
#3744 = DIRECTION('',(-1.,0.,-7.888962638667E-16));
#3745 = ADVANCED_FACE('',(#3746),#3752,.T.);
#3746 = FACE_BOUND('',#3747,.T.);
#3747 = EDGE_LOOP('',(#3748,#3749,#3750,#3751));
#3748 = ORIENTED_EDGE('',*,*,#309,.F.);
#3749 = ORIENTED_EDGE('',*,*,#3723,.F.);
#3750 = ORIENTED_EDGE('',*,*,#3701,.F.);
#3751 = ORIENTED_EDGE('',*,*,#3662,.T.);
#3752 = PLANE('',#3753);
#3753 = AXIS2_PLACEMENT_3D('',#3754,#3755,#3756);
#3754 = CARTESIAN_POINT('',(2.891967353872,2.87,0.51698389596));
#3755 = DIRECTION('',(7.888962638667E-16,0.,-1.));
#3756 = DIRECTION('',(-1.,0.,-7.888962638667E-16));
#3757 = ADVANCED_FACE('',(#3758),#3783,.T.);
#3758 = FACE_BOUND('',#3759,.T.);
#3759 = EDGE_LOOP('',(#3760,#3761,#3769,#3777));
#3760 = ORIENTED_EDGE('',*,*,#31,.F.);
#3761 = ORIENTED_EDGE('',*,*,#3762,.T.);
#3762 = EDGE_CURVE('',#22,#3763,#3765,.T.);
#3763 = VERTEX_POINT('',#3764);
#3764 = CARTESIAN_POINT('',(3.991429701098,2.87,0.51698389596));
#3765 = LINE('',#3766,#3767);
#3766 = CARTESIAN_POINT('',(2.891967353872,2.87,0.51698389596));
#3767 = VECTOR('',#3768,1.);
#3768 = DIRECTION('',(1.,0.,7.888962638667E-16));
#3769 = ORIENTED_EDGE('',*,*,#3770,.T.);
#3770 = EDGE_CURVE('',#3763,#3771,#3773,.T.);
#3771 = VERTEX_POINT('',#3772);
#3772 = CARTESIAN_POINT('',(3.991429701098,2.209999999999,0.51698389596)
  );
#3773 = LINE('',#3774,#3775);
#3774 = CARTESIAN_POINT('',(3.991429701098,2.87,0.51698389596));
#3775 = VECTOR('',#3776,1.);
#3776 = DIRECTION('',(0.,-1.,0.));
#3777 = ORIENTED_EDGE('',*,*,#3778,.F.);
#3778 = EDGE_CURVE('',#32,#3771,#3779,.T.);
#3779 = LINE('',#3780,#3781);
#3780 = CARTESIAN_POINT('',(2.891967353872,2.209999999999,0.51698389596)
  );
#3781 = VECTOR('',#3782,1.);
#3782 = DIRECTION('',(1.,0.,7.888962638667E-16));
#3783 = PLANE('',#3784);
#3784 = AXIS2_PLACEMENT_3D('',#3785,#3786,#3787);
#3785 = CARTESIAN_POINT('',(2.891967353872,2.87,0.51698389596));
#3786 = DIRECTION('',(7.888962638667E-16,0.,-1.));
#3787 = DIRECTION('',(-1.,0.,-7.888962638667E-16));
#3788 = ADVANCED_FACE('',(#3789),#3814,.F.);
#3789 = FACE_BOUND('',#3790,.T.);
#3790 = EDGE_LOOP('',(#3791,#3799,#3800,#3808));
#3791 = ORIENTED_EDGE('',*,*,#3792,.F.);
#3792 = EDGE_CURVE('',#24,#3793,#3795,.T.);
#3793 = VERTEX_POINT('',#3794);
#3794 = CARTESIAN_POINT('',(3.991429701098,2.87,0.83698389596));
#3795 = LINE('',#3796,#3797);
#3796 = CARTESIAN_POINT('',(2.891967353872,2.87,0.83698389596));
#3797 = VECTOR('',#3798,1.);
#3798 = DIRECTION('',(1.,0.,7.888962638667E-16));
#3799 = ORIENTED_EDGE('',*,*,#47,.T.);
#3800 = ORIENTED_EDGE('',*,*,#3801,.T.);
#3801 = EDGE_CURVE('',#40,#3802,#3804,.T.);
#3802 = VERTEX_POINT('',#3803);
#3803 = CARTESIAN_POINT('',(3.991429701098,2.209999999999,0.83698389596)
  );
#3804 = LINE('',#3805,#3806);
#3805 = CARTESIAN_POINT('',(2.891967353872,2.209999999999,0.83698389596)
  );
#3806 = VECTOR('',#3807,1.);
#3807 = DIRECTION('',(1.,0.,7.888962638667E-16));
#3808 = ORIENTED_EDGE('',*,*,#3809,.F.);
#3809 = EDGE_CURVE('',#3793,#3802,#3810,.T.);
#3810 = LINE('',#3811,#3812);
#3811 = CARTESIAN_POINT('',(3.991429701098,2.87,0.83698389596));
#3812 = VECTOR('',#3813,1.);
#3813 = DIRECTION('',(0.,-1.,0.));
#3814 = PLANE('',#3815);
#3815 = AXIS2_PLACEMENT_3D('',#3816,#3817,#3818);
#3816 = CARTESIAN_POINT('',(2.891967353872,2.87,0.83698389596));
#3817 = DIRECTION('',(7.888962638667E-16,0.,-1.));
#3818 = DIRECTION('',(-1.,0.,-7.888962638667E-16));
#3819 = ADVANCED_FACE('',(#3820),#3890,.F.);
#3820 = FACE_BOUND('',#3821,.T.);
#3821 = EDGE_LOOP('',(#3822,#3823,#3824,#3825,#3834,#3842,#3850,#3858,
    #3866,#3875,#3883));
#3822 = ORIENTED_EDGE('',*,*,#3762,.F.);
#3823 = ORIENTED_EDGE('',*,*,#21,.T.);
#3824 = ORIENTED_EDGE('',*,*,#3792,.T.);
#3825 = ORIENTED_EDGE('',*,*,#3826,.T.);
#3826 = EDGE_CURVE('',#3793,#3827,#3829,.T.);
#3827 = VERTEX_POINT('',#3828);
#3828 = CARTESIAN_POINT('',(4.405048957363,2.87,0.48991613058));
#3829 = CIRCLE('',#3830,0.419999999999);
#3830 = AXIS2_PLACEMENT_3D('',#3831,#3832,#3833);
#3831 = CARTESIAN_POINT('',(3.991429701098,2.87,0.41698389596));
#3832 = DIRECTION('',(-0.,1.,0.));
#3833 = DIRECTION('',(1.,0.,0.));
#3834 = ORIENTED_EDGE('',*,*,#3835,.T.);
#3835 = EDGE_CURVE('',#3827,#3836,#3838,.T.);
#3836 = VERTEX_POINT('',#3837);
#3837 = CARTESIAN_POINT('',(4.468511881976,2.87,0.13));
#3838 = LINE('',#3839,#3840);
#3839 = CARTESIAN_POINT('',(4.405048957363,2.87,0.48991613058));
#3840 = VECTOR('',#3841,1.);
#3841 = DIRECTION('',(0.173648177666,0.,-0.984807753012));
#3842 = ORIENTED_EDGE('',*,*,#3843,.T.);
#3843 = EDGE_CURVE('',#3836,#3844,#3846,.T.);
#3844 = VERTEX_POINT('',#3845);
#3845 = CARTESIAN_POINT('',(5.1,2.87,0.13));
#3846 = LINE('',#3847,#3848);
#3847 = CARTESIAN_POINT('',(4.451729889353,2.87,0.129999999999));
#3848 = VECTOR('',#3849,1.);
#3849 = DIRECTION('',(1.,0.,6.68981743677E-15));
#3850 = ORIENTED_EDGE('',*,*,#3851,.F.);
#3851 = EDGE_CURVE('',#3852,#3844,#3854,.T.);
#3852 = VERTEX_POINT('',#3853);
#3853 = CARTESIAN_POINT('',(5.1,2.87,-0.189999999999));
#3854 = LINE('',#3855,#3856);
#3855 = CARTESIAN_POINT('',(5.1,2.87,-0.189999999999));
#3856 = VECTOR('',#3857,1.);
#3857 = DIRECTION('',(-5.421010862427E-15,0.,1.));
#3858 = ORIENTED_EDGE('',*,*,#3859,.F.);
#3859 = EDGE_CURVE('',#3860,#3852,#3862,.T.);
#3860 = VERTEX_POINT('',#3861);
#3861 = CARTESIAN_POINT('',(4.451729889353,2.87,-0.19));
#3862 = LINE('',#3863,#3864);
#3863 = CARTESIAN_POINT('',(4.451729889353,2.87,-0.19));
#3864 = VECTOR('',#3865,1.);
#3865 = DIRECTION('',(1.,0.,6.68981743677E-15));
#3866 = ORIENTED_EDGE('',*,*,#3867,.F.);
#3867 = EDGE_CURVE('',#3868,#3860,#3870,.T.);
#3868 = VERTEX_POINT('',#3869);
#3869 = CARTESIAN_POINT('',(4.156287563449,2.87,5.7905546699E-02));
#3870 = CIRCLE('',#3871,0.299999999999);
#3871 = AXIS2_PLACEMENT_3D('',#3872,#3873,#3874);
#3872 = CARTESIAN_POINT('',(4.451729889353,2.87,0.109999999999));
#3873 = DIRECTION('',(0.,-1.,0.));
#3874 = DIRECTION('',(0.,0.,-1.));
#3875 = ORIENTED_EDGE('',*,*,#3876,.F.);
#3876 = EDGE_CURVE('',#3877,#3868,#3879,.T.);
#3877 = VERTEX_POINT('',#3878);
#3878 = CARTESIAN_POINT('',(4.089910476399,2.87,0.434348713727));
#3879 = LINE('',#3880,#3881);
#3880 = CARTESIAN_POINT('',(4.089910476399,2.87,0.434348713727));
#3881 = VECTOR('',#3882,1.);
#3882 = DIRECTION('',(0.173648177666,0.,-0.984807753012));
#3883 = ORIENTED_EDGE('',*,*,#3884,.F.);
#3884 = EDGE_CURVE('',#3763,#3877,#3885,.T.);
#3885 = CIRCLE('',#3886,9.9999999999E-02);
#3886 = AXIS2_PLACEMENT_3D('',#3887,#3888,#3889);
#3887 = CARTESIAN_POINT('',(3.991429701098,2.87,0.41698389596));
#3888 = DIRECTION('',(0.,1.,0.));
#3889 = DIRECTION('',(0.,0.,1.));
#3890 = PLANE('',#3891);
#3891 = AXIS2_PLACEMENT_3D('',#3892,#3893,#3894);
#3892 = CARTESIAN_POINT('',(4.451729889353,2.87,0.109999999999));
#3893 = DIRECTION('',(0.,-1.,0.));
#3894 = DIRECTION('',(-1.,0.,0.));
#3895 = ADVANCED_FACE('',(#3896),#3966,.T.);
#3896 = FACE_BOUND('',#3897,.T.);
#3897 = EDGE_LOOP('',(#3898,#3899,#3900,#3909,#3917,#3926,#3934,#3942,
    #3950,#3958,#3965));
#3898 = ORIENTED_EDGE('',*,*,#39,.F.);
#3899 = ORIENTED_EDGE('',*,*,#3778,.T.);
#3900 = ORIENTED_EDGE('',*,*,#3901,.T.);
#3901 = EDGE_CURVE('',#3771,#3902,#3904,.T.);
#3902 = VERTEX_POINT('',#3903);
#3903 = CARTESIAN_POINT('',(4.089910476399,2.209999999999,0.434348713727
    ));
#3904 = CIRCLE('',#3905,9.9999999999E-02);
#3905 = AXIS2_PLACEMENT_3D('',#3906,#3907,#3908);
#3906 = CARTESIAN_POINT('',(3.991429701098,2.209999999999,0.41698389596)
  );
#3907 = DIRECTION('',(0.,1.,0.));
#3908 = DIRECTION('',(0.,0.,1.));
#3909 = ORIENTED_EDGE('',*,*,#3910,.T.);
#3910 = EDGE_CURVE('',#3902,#3911,#3913,.T.);
#3911 = VERTEX_POINT('',#3912);
#3912 = CARTESIAN_POINT('',(4.156287563449,2.209999999999,
    5.7905546699E-02));
#3913 = LINE('',#3914,#3915);
#3914 = CARTESIAN_POINT('',(4.089910476399,2.209999999999,0.434348713727
    ));
#3915 = VECTOR('',#3916,1.);
#3916 = DIRECTION('',(0.173648177666,0.,-0.984807753012));
#3917 = ORIENTED_EDGE('',*,*,#3918,.T.);
#3918 = EDGE_CURVE('',#3911,#3919,#3921,.T.);
#3919 = VERTEX_POINT('',#3920);
#3920 = CARTESIAN_POINT('',(4.451729889353,2.209999999999,-0.19));
#3921 = CIRCLE('',#3922,0.299999999999);
#3922 = AXIS2_PLACEMENT_3D('',#3923,#3924,#3925);
#3923 = CARTESIAN_POINT('',(4.451729889353,2.209999999999,0.109999999999
    ));
#3924 = DIRECTION('',(0.,-1.,0.));
#3925 = DIRECTION('',(0.,0.,-1.));
#3926 = ORIENTED_EDGE('',*,*,#3927,.T.);
#3927 = EDGE_CURVE('',#3919,#3928,#3930,.T.);
#3928 = VERTEX_POINT('',#3929);
#3929 = CARTESIAN_POINT('',(5.1,2.209999999999,-0.189999999999));
#3930 = LINE('',#3931,#3932);
#3931 = CARTESIAN_POINT('',(4.451729889353,2.209999999999,-0.19));
#3932 = VECTOR('',#3933,1.);
#3933 = DIRECTION('',(1.,0.,6.68981743677E-15));
#3934 = ORIENTED_EDGE('',*,*,#3935,.T.);
#3935 = EDGE_CURVE('',#3928,#3936,#3938,.T.);
#3936 = VERTEX_POINT('',#3937);
#3937 = CARTESIAN_POINT('',(5.1,2.209999999999,0.13));
#3938 = LINE('',#3939,#3940);
#3939 = CARTESIAN_POINT('',(5.1,2.209999999999,-0.189999999999));
#3940 = VECTOR('',#3941,1.);
#3941 = DIRECTION('',(-5.421010862427E-15,0.,1.));
#3942 = ORIENTED_EDGE('',*,*,#3943,.F.);
#3943 = EDGE_CURVE('',#3944,#3936,#3946,.T.);
#3944 = VERTEX_POINT('',#3945);
#3945 = CARTESIAN_POINT('',(4.468511881976,2.209999999999,0.13));
#3946 = LINE('',#3947,#3948);
#3947 = CARTESIAN_POINT('',(4.451729889353,2.209999999999,0.129999999999
    ));
#3948 = VECTOR('',#3949,1.);
#3949 = DIRECTION('',(1.,0.,6.68981743677E-15));
#3950 = ORIENTED_EDGE('',*,*,#3951,.F.);
#3951 = EDGE_CURVE('',#3952,#3944,#3954,.T.);
#3952 = VERTEX_POINT('',#3953);
#3953 = CARTESIAN_POINT('',(4.405048957363,2.209999999999,0.48991613058)
  );
#3954 = LINE('',#3955,#3956);
#3955 = CARTESIAN_POINT('',(4.405048957363,2.209999999999,0.48991613058)
  );
#3956 = VECTOR('',#3957,1.);
#3957 = DIRECTION('',(0.173648177666,0.,-0.984807753012));
#3958 = ORIENTED_EDGE('',*,*,#3959,.F.);
#3959 = EDGE_CURVE('',#3802,#3952,#3960,.T.);
#3960 = CIRCLE('',#3961,0.419999999999);
#3961 = AXIS2_PLACEMENT_3D('',#3962,#3963,#3964);
#3962 = CARTESIAN_POINT('',(3.991429701098,2.209999999999,0.41698389596)
  );
#3963 = DIRECTION('',(-0.,1.,0.));
#3964 = DIRECTION('',(1.,0.,0.));
#3965 = ORIENTED_EDGE('',*,*,#3801,.F.);
#3966 = PLANE('',#3967);
#3967 = AXIS2_PLACEMENT_3D('',#3968,#3969,#3970);
#3968 = CARTESIAN_POINT('',(4.451729889353,2.209999999999,0.109999999999
    ));
#3969 = DIRECTION('',(0.,-1.,0.));
#3970 = DIRECTION('',(-1.,0.,0.));
#3971 = ADVANCED_FACE('',(#3972),#3988,.F.);
#3972 = FACE_BOUND('',#3973,.T.);
#3973 = EDGE_LOOP('',(#3974,#3975,#3981,#3982));
#3974 = ORIENTED_EDGE('',*,*,#3943,.T.);
#3975 = ORIENTED_EDGE('',*,*,#3976,.F.);
#3976 = EDGE_CURVE('',#3844,#3936,#3977,.T.);
#3977 = LINE('',#3978,#3979);
#3978 = CARTESIAN_POINT('',(5.1,2.87,0.13));
#3979 = VECTOR('',#3980,1.);
#3980 = DIRECTION('',(0.,-1.,0.));
#3981 = ORIENTED_EDGE('',*,*,#3843,.F.);
#3982 = ORIENTED_EDGE('',*,*,#3983,.T.);
#3983 = EDGE_CURVE('',#3836,#3944,#3984,.T.);
#3984 = LINE('',#3985,#3986);
#3985 = CARTESIAN_POINT('',(4.468511881976,2.87,0.13));
#3986 = VECTOR('',#3987,1.);
#3987 = DIRECTION('',(0.,-1.,0.));
#3988 = PLANE('',#3989);
#3989 = AXIS2_PLACEMENT_3D('',#3990,#3991,#3992);
#3990 = CARTESIAN_POINT('',(4.451729889353,2.87,0.129999999999));
#3991 = DIRECTION('',(6.68981743677E-15,0.,-1.));
#3992 = DIRECTION('',(-1.,0.,-6.68981743677E-15));
#3993 = ADVANCED_FACE('',(#3994),#4005,.T.);
#3994 = FACE_BOUND('',#3995,.T.);
#3995 = EDGE_LOOP('',(#3996,#3997,#4003,#4004));
#3996 = ORIENTED_EDGE('',*,*,#3935,.F.);
#3997 = ORIENTED_EDGE('',*,*,#3998,.F.);
#3998 = EDGE_CURVE('',#3852,#3928,#3999,.T.);
#3999 = LINE('',#4000,#4001);
#4000 = CARTESIAN_POINT('',(5.1,2.87,-0.189999999999));
#4001 = VECTOR('',#4002,1.);
#4002 = DIRECTION('',(0.,-1.,0.));
#4003 = ORIENTED_EDGE('',*,*,#3851,.T.);
#4004 = ORIENTED_EDGE('',*,*,#3976,.T.);
#4005 = PLANE('',#4006);
#4006 = AXIS2_PLACEMENT_3D('',#4007,#4008,#4009);
#4007 = CARTESIAN_POINT('',(5.1,2.87,-0.189999999999));
#4008 = DIRECTION('',(1.,0.,5.421010862427E-15));
#4009 = DIRECTION('',(5.421010862427E-15,0.,-1.));
#4010 = ADVANCED_FACE('',(#4011),#4022,.T.);
#4011 = FACE_BOUND('',#4012,.T.);
#4012 = EDGE_LOOP('',(#4013,#4014,#4020,#4021));
#4013 = ORIENTED_EDGE('',*,*,#3927,.F.);
#4014 = ORIENTED_EDGE('',*,*,#4015,.F.);
#4015 = EDGE_CURVE('',#3860,#3919,#4016,.T.);
#4016 = LINE('',#4017,#4018);
#4017 = CARTESIAN_POINT('',(4.451729889353,2.87,-0.19));
#4018 = VECTOR('',#4019,1.);
#4019 = DIRECTION('',(0.,-1.,0.));
#4020 = ORIENTED_EDGE('',*,*,#3859,.T.);
#4021 = ORIENTED_EDGE('',*,*,#3998,.T.);
#4022 = PLANE('',#4023);
#4023 = AXIS2_PLACEMENT_3D('',#4024,#4025,#4026);
#4024 = CARTESIAN_POINT('',(4.451729889353,2.87,-0.19));
#4025 = DIRECTION('',(6.68981743677E-15,0.,-1.));
#4026 = DIRECTION('',(-1.,0.,-6.68981743677E-15));
#4027 = ADVANCED_FACE('',(#4028),#4039,.T.);
#4028 = FACE_BOUND('',#4029,.T.);
#4029 = EDGE_LOOP('',(#4030,#4031,#4037,#4038));
#4030 = ORIENTED_EDGE('',*,*,#3918,.F.);
#4031 = ORIENTED_EDGE('',*,*,#4032,.F.);
#4032 = EDGE_CURVE('',#3868,#3911,#4033,.T.);
#4033 = LINE('',#4034,#4035);
#4034 = CARTESIAN_POINT('',(4.156287563449,2.87,5.7905546699E-02));
#4035 = VECTOR('',#4036,1.);
#4036 = DIRECTION('',(0.,-1.,0.));
#4037 = ORIENTED_EDGE('',*,*,#3867,.T.);
#4038 = ORIENTED_EDGE('',*,*,#4015,.T.);
#4039 = CYLINDRICAL_SURFACE('',#4040,0.299999999999);
#4040 = AXIS2_PLACEMENT_3D('',#4041,#4042,#4043);
#4041 = CARTESIAN_POINT('',(4.451729889353,2.87,0.109999999999));
#4042 = DIRECTION('',(0.,-1.,0.));
#4043 = DIRECTION('',(0.,0.,-1.));
#4044 = ADVANCED_FACE('',(#4045),#4056,.T.);
#4045 = FACE_BOUND('',#4046,.T.);
#4046 = EDGE_LOOP('',(#4047,#4048,#4054,#4055));
#4047 = ORIENTED_EDGE('',*,*,#3910,.F.);
#4048 = ORIENTED_EDGE('',*,*,#4049,.F.);
#4049 = EDGE_CURVE('',#3877,#3902,#4050,.T.);
#4050 = LINE('',#4051,#4052);
#4051 = CARTESIAN_POINT('',(4.089910476399,2.87,0.434348713727));
#4052 = VECTOR('',#4053,1.);
#4053 = DIRECTION('',(0.,-1.,0.));
#4054 = ORIENTED_EDGE('',*,*,#3876,.T.);
#4055 = ORIENTED_EDGE('',*,*,#4032,.T.);
#4056 = PLANE('',#4057);
#4057 = AXIS2_PLACEMENT_3D('',#4058,#4059,#4060);
#4058 = CARTESIAN_POINT('',(4.089910476399,2.87,0.434348713727));
#4059 = DIRECTION('',(-0.984807753012,0.,-0.173648177666));
#4060 = DIRECTION('',(-0.173648177666,0.,0.984807753012));
#4061 = ADVANCED_FACE('',(#4062),#4068,.F.);
#4062 = FACE_BOUND('',#4063,.F.);
#4063 = EDGE_LOOP('',(#4064,#4065,#4066,#4067));
#4064 = ORIENTED_EDGE('',*,*,#4049,.F.);
#4065 = ORIENTED_EDGE('',*,*,#3884,.F.);
#4066 = ORIENTED_EDGE('',*,*,#3770,.T.);
#4067 = ORIENTED_EDGE('',*,*,#3901,.T.);
#4068 = CYLINDRICAL_SURFACE('',#4069,9.9999999999E-02);
#4069 = AXIS2_PLACEMENT_3D('',#4070,#4071,#4072);
#4070 = CARTESIAN_POINT('',(3.991429701098,2.87,0.41698389596));
#4071 = DIRECTION('',(0.,-1.,0.));
#4072 = DIRECTION('',(0.,0.,-1.));
#4073 = ADVANCED_FACE('',(#4074),#4085,.T.);
#4074 = FACE_BOUND('',#4075,.T.);
#4075 = EDGE_LOOP('',(#4076,#4077,#4083,#4084));
#4076 = ORIENTED_EDGE('',*,*,#3959,.T.);
#4077 = ORIENTED_EDGE('',*,*,#4078,.F.);
#4078 = EDGE_CURVE('',#3827,#3952,#4079,.T.);
#4079 = LINE('',#4080,#4081);
#4080 = CARTESIAN_POINT('',(4.405048957363,2.87,0.48991613058));
#4081 = VECTOR('',#4082,1.);
#4082 = DIRECTION('',(0.,-1.,0.));
#4083 = ORIENTED_EDGE('',*,*,#3826,.F.);
#4084 = ORIENTED_EDGE('',*,*,#3809,.T.);
#4085 = CYLINDRICAL_SURFACE('',#4086,0.419999999999);
#4086 = AXIS2_PLACEMENT_3D('',#4087,#4088,#4089);
#4087 = CARTESIAN_POINT('',(3.991429701098,2.87,0.41698389596));
#4088 = DIRECTION('',(0.,-1.,0.));
#4089 = DIRECTION('',(0.,0.,-1.));
#4090 = ADVANCED_FACE('',(#4091),#4097,.F.);
#4091 = FACE_BOUND('',#4092,.T.);
#4092 = EDGE_LOOP('',(#4093,#4094,#4095,#4096));
#4093 = ORIENTED_EDGE('',*,*,#3951,.T.);
#4094 = ORIENTED_EDGE('',*,*,#3983,.F.);
#4095 = ORIENTED_EDGE('',*,*,#3835,.F.);
#4096 = ORIENTED_EDGE('',*,*,#4078,.T.);
#4097 = PLANE('',#4098);
#4098 = AXIS2_PLACEMENT_3D('',#4099,#4100,#4101);
#4099 = CARTESIAN_POINT('',(4.405048957363,2.87,0.48991613058));
#4100 = DIRECTION('',(-0.984807753012,0.,-0.173648177666));
#4101 = DIRECTION('',(-0.173648177666,0.,0.984807753012));
#4102 = ADVANCED_FACE('',(#4103),#4128,.F.);
#4103 = FACE_BOUND('',#4104,.T.);
#4104 = EDGE_LOOP('',(#4105,#4113,#4114,#4122));
#4105 = ORIENTED_EDGE('',*,*,#4106,.T.);
#4106 = EDGE_CURVE('',#4107,#441,#4109,.T.);
#4107 = VERTEX_POINT('',#4108);
#4108 = CARTESIAN_POINT('',(2.891967353872,-2.209999999999,0.83698389596
    ));
#4109 = LINE('',#4110,#4111);
#4110 = CARTESIAN_POINT('',(2.891967353872,-2.209999999999,0.83698389596
    ));
#4111 = VECTOR('',#4112,1.);
#4112 = DIRECTION('',(1.,0.,7.888962638667E-16));
#4113 = ORIENTED_EDGE('',*,*,#440,.T.);
#4114 = ORIENTED_EDGE('',*,*,#4115,.F.);
#4115 = EDGE_CURVE('',#4116,#443,#4118,.T.);
#4116 = VERTEX_POINT('',#4117);
#4117 = CARTESIAN_POINT('',(2.891967353872,-2.209999999999,0.51698389596
    ));
#4118 = LINE('',#4119,#4120);
#4119 = CARTESIAN_POINT('',(2.891967353872,-2.209999999999,0.51698389596
    ));
#4120 = VECTOR('',#4121,1.);
#4121 = DIRECTION('',(1.,0.,7.888962638667E-16));
#4122 = ORIENTED_EDGE('',*,*,#4123,.F.);
#4123 = EDGE_CURVE('',#4107,#4116,#4124,.T.);
#4124 = LINE('',#4125,#4126);
#4125 = CARTESIAN_POINT('',(2.891967353872,-2.209999999999,0.83698389596
    ));
#4126 = VECTOR('',#4127,1.);
#4127 = DIRECTION('',(1.355252715606E-15,0.,-1.));
#4128 = PLANE('',#4129);
#4129 = AXIS2_PLACEMENT_3D('',#4130,#4131,#4132);
#4130 = CARTESIAN_POINT('',(4.451729889353,-2.209999999999,
    0.109999999999));
#4131 = DIRECTION('',(0.,-1.,0.));
#4132 = DIRECTION('',(-1.,0.,0.));
#4133 = ADVANCED_FACE('',(#4134),#4159,.T.);
#4134 = FACE_BOUND('',#4135,.T.);
#4135 = EDGE_LOOP('',(#4136,#4146,#4152,#4153));
#4136 = ORIENTED_EDGE('',*,*,#4137,.F.);
#4137 = EDGE_CURVE('',#4138,#4140,#4142,.T.);
#4138 = VERTEX_POINT('',#4139);
#4139 = CARTESIAN_POINT('',(2.891967353872,-2.87,0.83698389596));
#4140 = VERTEX_POINT('',#4141);
#4141 = CARTESIAN_POINT('',(2.891967353872,-2.87,0.51698389596));
#4142 = LINE('',#4143,#4144);
#4143 = CARTESIAN_POINT('',(2.891967353872,-2.87,0.83698389596));
#4144 = VECTOR('',#4145,1.);
#4145 = DIRECTION('',(1.355252715606E-15,0.,-1.));
#4146 = ORIENTED_EDGE('',*,*,#4147,.F.);
#4147 = EDGE_CURVE('',#4107,#4138,#4148,.T.);
#4148 = LINE('',#4149,#4150);
#4149 = CARTESIAN_POINT('',(2.891967353872,-2.209999999999,0.83698389596
    ));
#4150 = VECTOR('',#4151,1.);
#4151 = DIRECTION('',(0.,-1.,0.));
#4152 = ORIENTED_EDGE('',*,*,#4123,.T.);
#4153 = ORIENTED_EDGE('',*,*,#4154,.T.);
#4154 = EDGE_CURVE('',#4116,#4140,#4155,.T.);
#4155 = LINE('',#4156,#4157);
#4156 = CARTESIAN_POINT('',(2.891967353872,-2.209999999999,0.51698389596
    ));
#4157 = VECTOR('',#4158,1.);
#4158 = DIRECTION('',(0.,-1.,0.));
#4159 = PLANE('',#4160);
#4160 = AXIS2_PLACEMENT_3D('',#4161,#4162,#4163);
#4161 = CARTESIAN_POINT('',(2.891967353872,-2.209999999999,0.83698389596
    ));
#4162 = DIRECTION('',(-1.,0.,-1.355252715606E-15));
#4163 = DIRECTION('',(-1.355252715606E-15,0.,1.));
#4164 = ADVANCED_FACE('',(#4165),#4181,.T.);
#4165 = FACE_BOUND('',#4166,.T.);
#4166 = EDGE_LOOP('',(#4167,#4168,#4174,#4175));
#4167 = ORIENTED_EDGE('',*,*,#458,.F.);
#4168 = ORIENTED_EDGE('',*,*,#4169,.F.);
#4169 = EDGE_CURVE('',#4138,#451,#4170,.T.);
#4170 = LINE('',#4171,#4172);
#4171 = CARTESIAN_POINT('',(2.891967353872,-2.87,0.83698389596));
#4172 = VECTOR('',#4173,1.);
#4173 = DIRECTION('',(1.,0.,7.888962638667E-16));
#4174 = ORIENTED_EDGE('',*,*,#4137,.T.);
#4175 = ORIENTED_EDGE('',*,*,#4176,.T.);
#4176 = EDGE_CURVE('',#4140,#459,#4177,.T.);
#4177 = LINE('',#4178,#4179);
#4178 = CARTESIAN_POINT('',(2.891967353872,-2.87,0.51698389596));
#4179 = VECTOR('',#4180,1.);
#4180 = DIRECTION('',(1.,0.,7.888962638667E-16));
#4181 = PLANE('',#4182);
#4182 = AXIS2_PLACEMENT_3D('',#4183,#4184,#4185);
#4183 = CARTESIAN_POINT('',(4.451729889353,-2.87,0.109999999999));
#4184 = DIRECTION('',(0.,-1.,0.));
#4185 = DIRECTION('',(-1.,0.,0.));
#4186 = ADVANCED_FACE('',(#4187),#4193,.F.);
#4187 = FACE_BOUND('',#4188,.T.);
#4188 = EDGE_LOOP('',(#4189,#4190,#4191,#4192));
#4189 = ORIENTED_EDGE('',*,*,#4169,.T.);
#4190 = ORIENTED_EDGE('',*,*,#450,.T.);
#4191 = ORIENTED_EDGE('',*,*,#4106,.F.);
#4192 = ORIENTED_EDGE('',*,*,#4147,.T.);
#4193 = PLANE('',#4194);
#4194 = AXIS2_PLACEMENT_3D('',#4195,#4196,#4197);
#4195 = CARTESIAN_POINT('',(2.891967353872,-2.209999999999,0.83698389596
    ));
#4196 = DIRECTION('',(7.888962638667E-16,0.,-1.));
#4197 = DIRECTION('',(-1.,0.,-7.888962638667E-16));
#4198 = ADVANCED_FACE('',(#4199),#4205,.T.);
#4199 = FACE_BOUND('',#4200,.T.);
#4200 = EDGE_LOOP('',(#4201,#4202,#4203,#4204));
#4201 = ORIENTED_EDGE('',*,*,#466,.F.);
#4202 = ORIENTED_EDGE('',*,*,#4176,.F.);
#4203 = ORIENTED_EDGE('',*,*,#4154,.F.);
#4204 = ORIENTED_EDGE('',*,*,#4115,.T.);
#4205 = PLANE('',#4206);
#4206 = AXIS2_PLACEMENT_3D('',#4207,#4208,#4209);
#4207 = CARTESIAN_POINT('',(2.891967353872,-2.209999999999,0.51698389596
    ));
#4208 = DIRECTION('',(7.888962638667E-16,0.,-1.));
#4209 = DIRECTION('',(-1.,0.,-7.888962638667E-16));
#4210 = ADVANCED_FACE('',(#4211),#4236,.T.);
#4211 = FACE_BOUND('',#4212,.T.);
#4212 = EDGE_LOOP('',(#4213,#4214,#4222,#4230));
#4213 = ORIENTED_EDGE('',*,*,#197,.F.);
#4214 = ORIENTED_EDGE('',*,*,#4215,.T.);
#4215 = EDGE_CURVE('',#188,#4216,#4218,.T.);
#4216 = VERTEX_POINT('',#4217);
#4217 = CARTESIAN_POINT('',(3.991429701098,-2.209999999999,0.51698389596
    ));
#4218 = LINE('',#4219,#4220);
#4219 = CARTESIAN_POINT('',(2.891967353872,-2.209999999999,0.51698389596
    ));
#4220 = VECTOR('',#4221,1.);
#4221 = DIRECTION('',(1.,0.,7.888962638667E-16));
#4222 = ORIENTED_EDGE('',*,*,#4223,.T.);
#4223 = EDGE_CURVE('',#4216,#4224,#4226,.T.);
#4224 = VERTEX_POINT('',#4225);
#4225 = CARTESIAN_POINT('',(3.991429701098,-2.87,0.51698389596));
#4226 = LINE('',#4227,#4228);
#4227 = CARTESIAN_POINT('',(3.991429701098,-2.209999999999,0.51698389596
    ));
#4228 = VECTOR('',#4229,1.);
#4229 = DIRECTION('',(0.,-1.,0.));
#4230 = ORIENTED_EDGE('',*,*,#4231,.F.);
#4231 = EDGE_CURVE('',#198,#4224,#4232,.T.);
#4232 = LINE('',#4233,#4234);
#4233 = CARTESIAN_POINT('',(2.891967353872,-2.87,0.51698389596));
#4234 = VECTOR('',#4235,1.);
#4235 = DIRECTION('',(1.,0.,7.888962638667E-16));
#4236 = PLANE('',#4237);
#4237 = AXIS2_PLACEMENT_3D('',#4238,#4239,#4240);
#4238 = CARTESIAN_POINT('',(2.891967353872,-2.209999999999,0.51698389596
    ));
#4239 = DIRECTION('',(7.888962638667E-16,0.,-1.));
#4240 = DIRECTION('',(-1.,0.,-7.888962638667E-16));
#4241 = ADVANCED_FACE('',(#4242),#4267,.F.);
#4242 = FACE_BOUND('',#4243,.T.);
#4243 = EDGE_LOOP('',(#4244,#4252,#4253,#4261));
#4244 = ORIENTED_EDGE('',*,*,#4245,.F.);
#4245 = EDGE_CURVE('',#190,#4246,#4248,.T.);
#4246 = VERTEX_POINT('',#4247);
#4247 = CARTESIAN_POINT('',(3.991429701098,-2.209999999999,0.83698389596
    ));
#4248 = LINE('',#4249,#4250);
#4249 = CARTESIAN_POINT('',(2.891967353872,-2.209999999999,0.83698389596
    ));
#4250 = VECTOR('',#4251,1.);
#4251 = DIRECTION('',(1.,0.,7.888962638667E-16));
#4252 = ORIENTED_EDGE('',*,*,#213,.T.);
#4253 = ORIENTED_EDGE('',*,*,#4254,.T.);
#4254 = EDGE_CURVE('',#206,#4255,#4257,.T.);
#4255 = VERTEX_POINT('',#4256);
#4256 = CARTESIAN_POINT('',(3.991429701098,-2.87,0.83698389596));
#4257 = LINE('',#4258,#4259);
#4258 = CARTESIAN_POINT('',(2.891967353872,-2.87,0.83698389596));
#4259 = VECTOR('',#4260,1.);
#4260 = DIRECTION('',(1.,0.,7.888962638667E-16));
#4261 = ORIENTED_EDGE('',*,*,#4262,.F.);
#4262 = EDGE_CURVE('',#4246,#4255,#4263,.T.);
#4263 = LINE('',#4264,#4265);
#4264 = CARTESIAN_POINT('',(3.991429701098,-2.209999999999,0.83698389596
    ));
#4265 = VECTOR('',#4266,1.);
#4266 = DIRECTION('',(0.,-1.,0.));
#4267 = PLANE('',#4268);
#4268 = AXIS2_PLACEMENT_3D('',#4269,#4270,#4271);
#4269 = CARTESIAN_POINT('',(2.891967353872,-2.209999999999,0.83698389596
    ));
#4270 = DIRECTION('',(7.888962638667E-16,0.,-1.));
#4271 = DIRECTION('',(-1.,0.,-7.888962638667E-16));
#4272 = ADVANCED_FACE('',(#4273),#4343,.F.);
#4273 = FACE_BOUND('',#4274,.T.);
#4274 = EDGE_LOOP('',(#4275,#4276,#4277,#4278,#4287,#4295,#4303,#4311,
    #4319,#4328,#4336));
#4275 = ORIENTED_EDGE('',*,*,#4215,.F.);
#4276 = ORIENTED_EDGE('',*,*,#187,.T.);
#4277 = ORIENTED_EDGE('',*,*,#4245,.T.);
#4278 = ORIENTED_EDGE('',*,*,#4279,.T.);
#4279 = EDGE_CURVE('',#4246,#4280,#4282,.T.);
#4280 = VERTEX_POINT('',#4281);
#4281 = CARTESIAN_POINT('',(4.405048957363,-2.209999999999,0.48991613058
    ));
#4282 = CIRCLE('',#4283,0.419999999999);
#4283 = AXIS2_PLACEMENT_3D('',#4284,#4285,#4286);
#4284 = CARTESIAN_POINT('',(3.991429701098,-2.209999999999,0.41698389596
    ));
#4285 = DIRECTION('',(-0.,1.,0.));
#4286 = DIRECTION('',(1.,0.,0.));
#4287 = ORIENTED_EDGE('',*,*,#4288,.T.);
#4288 = EDGE_CURVE('',#4280,#4289,#4291,.T.);
#4289 = VERTEX_POINT('',#4290);
#4290 = CARTESIAN_POINT('',(4.468511881976,-2.209999999999,0.13));
#4291 = LINE('',#4292,#4293);
#4292 = CARTESIAN_POINT('',(4.405048957363,-2.209999999999,0.48991613058
    ));
#4293 = VECTOR('',#4294,1.);
#4294 = DIRECTION('',(0.173648177666,0.,-0.984807753012));
#4295 = ORIENTED_EDGE('',*,*,#4296,.T.);
#4296 = EDGE_CURVE('',#4289,#4297,#4299,.T.);
#4297 = VERTEX_POINT('',#4298);
#4298 = CARTESIAN_POINT('',(5.1,-2.209999999999,0.13));
#4299 = LINE('',#4300,#4301);
#4300 = CARTESIAN_POINT('',(4.451729889353,-2.209999999999,
    0.129999999999));
#4301 = VECTOR('',#4302,1.);
#4302 = DIRECTION('',(1.,0.,6.68981743677E-15));
#4303 = ORIENTED_EDGE('',*,*,#4304,.F.);
#4304 = EDGE_CURVE('',#4305,#4297,#4307,.T.);
#4305 = VERTEX_POINT('',#4306);
#4306 = CARTESIAN_POINT('',(5.1,-2.209999999999,-0.189999999999));
#4307 = LINE('',#4308,#4309);
#4308 = CARTESIAN_POINT('',(5.1,-2.209999999999,-0.189999999999));
#4309 = VECTOR('',#4310,1.);
#4310 = DIRECTION('',(-5.421010862427E-15,0.,1.));
#4311 = ORIENTED_EDGE('',*,*,#4312,.F.);
#4312 = EDGE_CURVE('',#4313,#4305,#4315,.T.);
#4313 = VERTEX_POINT('',#4314);
#4314 = CARTESIAN_POINT('',(4.451729889353,-2.209999999999,-0.19));
#4315 = LINE('',#4316,#4317);
#4316 = CARTESIAN_POINT('',(4.451729889353,-2.209999999999,-0.19));
#4317 = VECTOR('',#4318,1.);
#4318 = DIRECTION('',(1.,0.,6.68981743677E-15));
#4319 = ORIENTED_EDGE('',*,*,#4320,.F.);
#4320 = EDGE_CURVE('',#4321,#4313,#4323,.T.);
#4321 = VERTEX_POINT('',#4322);
#4322 = CARTESIAN_POINT('',(4.156287563449,-2.209999999999,
    5.7905546699E-02));
#4323 = CIRCLE('',#4324,0.299999999999);
#4324 = AXIS2_PLACEMENT_3D('',#4325,#4326,#4327);
#4325 = CARTESIAN_POINT('',(4.451729889353,-2.209999999999,
    0.109999999999));
#4326 = DIRECTION('',(0.,-1.,0.));
#4327 = DIRECTION('',(0.,0.,-1.));
#4328 = ORIENTED_EDGE('',*,*,#4329,.F.);
#4329 = EDGE_CURVE('',#4330,#4321,#4332,.T.);
#4330 = VERTEX_POINT('',#4331);
#4331 = CARTESIAN_POINT('',(4.089910476399,-2.209999999999,
    0.434348713727));
#4332 = LINE('',#4333,#4334);
#4333 = CARTESIAN_POINT('',(4.089910476399,-2.209999999999,
    0.434348713727));
#4334 = VECTOR('',#4335,1.);
#4335 = DIRECTION('',(0.173648177666,0.,-0.984807753012));
#4336 = ORIENTED_EDGE('',*,*,#4337,.F.);
#4337 = EDGE_CURVE('',#4216,#4330,#4338,.T.);
#4338 = CIRCLE('',#4339,9.9999999999E-02);
#4339 = AXIS2_PLACEMENT_3D('',#4340,#4341,#4342);
#4340 = CARTESIAN_POINT('',(3.991429701098,-2.209999999999,0.41698389596
    ));
#4341 = DIRECTION('',(0.,1.,0.));
#4342 = DIRECTION('',(0.,0.,1.));
#4343 = PLANE('',#4344);
#4344 = AXIS2_PLACEMENT_3D('',#4345,#4346,#4347);
#4345 = CARTESIAN_POINT('',(4.451729889353,-2.209999999999,
    0.109999999999));
#4346 = DIRECTION('',(0.,-1.,0.));
#4347 = DIRECTION('',(-1.,0.,0.));
#4348 = ADVANCED_FACE('',(#4349),#4419,.T.);
#4349 = FACE_BOUND('',#4350,.T.);
#4350 = EDGE_LOOP('',(#4351,#4352,#4353,#4362,#4370,#4379,#4387,#4395,
    #4403,#4411,#4418));
#4351 = ORIENTED_EDGE('',*,*,#205,.F.);
#4352 = ORIENTED_EDGE('',*,*,#4231,.T.);
#4353 = ORIENTED_EDGE('',*,*,#4354,.T.);
#4354 = EDGE_CURVE('',#4224,#4355,#4357,.T.);
#4355 = VERTEX_POINT('',#4356);
#4356 = CARTESIAN_POINT('',(4.089910476399,-2.87,0.434348713727));
#4357 = CIRCLE('',#4358,9.9999999999E-02);
#4358 = AXIS2_PLACEMENT_3D('',#4359,#4360,#4361);
#4359 = CARTESIAN_POINT('',(3.991429701098,-2.87,0.41698389596));
#4360 = DIRECTION('',(0.,1.,0.));
#4361 = DIRECTION('',(0.,0.,1.));
#4362 = ORIENTED_EDGE('',*,*,#4363,.T.);
#4363 = EDGE_CURVE('',#4355,#4364,#4366,.T.);
#4364 = VERTEX_POINT('',#4365);
#4365 = CARTESIAN_POINT('',(4.156287563449,-2.87,5.7905546699E-02));
#4366 = LINE('',#4367,#4368);
#4367 = CARTESIAN_POINT('',(4.089910476399,-2.87,0.434348713727));
#4368 = VECTOR('',#4369,1.);
#4369 = DIRECTION('',(0.173648177666,0.,-0.984807753012));
#4370 = ORIENTED_EDGE('',*,*,#4371,.T.);
#4371 = EDGE_CURVE('',#4364,#4372,#4374,.T.);
#4372 = VERTEX_POINT('',#4373);
#4373 = CARTESIAN_POINT('',(4.451729889353,-2.87,-0.19));
#4374 = CIRCLE('',#4375,0.299999999999);
#4375 = AXIS2_PLACEMENT_3D('',#4376,#4377,#4378);
#4376 = CARTESIAN_POINT('',(4.451729889353,-2.87,0.109999999999));
#4377 = DIRECTION('',(0.,-1.,0.));
#4378 = DIRECTION('',(0.,0.,-1.));
#4379 = ORIENTED_EDGE('',*,*,#4380,.T.);
#4380 = EDGE_CURVE('',#4372,#4381,#4383,.T.);
#4381 = VERTEX_POINT('',#4382);
#4382 = CARTESIAN_POINT('',(5.1,-2.87,-0.189999999999));
#4383 = LINE('',#4384,#4385);
#4384 = CARTESIAN_POINT('',(4.451729889353,-2.87,-0.19));
#4385 = VECTOR('',#4386,1.);
#4386 = DIRECTION('',(1.,0.,6.68981743677E-15));
#4387 = ORIENTED_EDGE('',*,*,#4388,.T.);
#4388 = EDGE_CURVE('',#4381,#4389,#4391,.T.);
#4389 = VERTEX_POINT('',#4390);
#4390 = CARTESIAN_POINT('',(5.1,-2.87,0.13));
#4391 = LINE('',#4392,#4393);
#4392 = CARTESIAN_POINT('',(5.1,-2.87,-0.189999999999));
#4393 = VECTOR('',#4394,1.);
#4394 = DIRECTION('',(-5.421010862427E-15,0.,1.));
#4395 = ORIENTED_EDGE('',*,*,#4396,.F.);
#4396 = EDGE_CURVE('',#4397,#4389,#4399,.T.);
#4397 = VERTEX_POINT('',#4398);
#4398 = CARTESIAN_POINT('',(4.468511881976,-2.87,0.13));
#4399 = LINE('',#4400,#4401);
#4400 = CARTESIAN_POINT('',(4.451729889353,-2.87,0.129999999999));
#4401 = VECTOR('',#4402,1.);
#4402 = DIRECTION('',(1.,0.,6.68981743677E-15));
#4403 = ORIENTED_EDGE('',*,*,#4404,.F.);
#4404 = EDGE_CURVE('',#4405,#4397,#4407,.T.);
#4405 = VERTEX_POINT('',#4406);
#4406 = CARTESIAN_POINT('',(4.405048957363,-2.87,0.48991613058));
#4407 = LINE('',#4408,#4409);
#4408 = CARTESIAN_POINT('',(4.405048957363,-2.87,0.48991613058));
#4409 = VECTOR('',#4410,1.);
#4410 = DIRECTION('',(0.173648177666,0.,-0.984807753012));
#4411 = ORIENTED_EDGE('',*,*,#4412,.F.);
#4412 = EDGE_CURVE('',#4255,#4405,#4413,.T.);
#4413 = CIRCLE('',#4414,0.419999999999);
#4414 = AXIS2_PLACEMENT_3D('',#4415,#4416,#4417);
#4415 = CARTESIAN_POINT('',(3.991429701098,-2.87,0.41698389596));
#4416 = DIRECTION('',(-0.,1.,0.));
#4417 = DIRECTION('',(1.,0.,0.));
#4418 = ORIENTED_EDGE('',*,*,#4254,.F.);
#4419 = PLANE('',#4420);
#4420 = AXIS2_PLACEMENT_3D('',#4421,#4422,#4423);
#4421 = CARTESIAN_POINT('',(4.451729889353,-2.87,0.109999999999));
#4422 = DIRECTION('',(0.,-1.,0.));
#4423 = DIRECTION('',(-1.,0.,0.));
#4424 = ADVANCED_FACE('',(#4425),#4441,.F.);
#4425 = FACE_BOUND('',#4426,.T.);
#4426 = EDGE_LOOP('',(#4427,#4428,#4434,#4435));
#4427 = ORIENTED_EDGE('',*,*,#4396,.T.);
#4428 = ORIENTED_EDGE('',*,*,#4429,.F.);
#4429 = EDGE_CURVE('',#4297,#4389,#4430,.T.);
#4430 = LINE('',#4431,#4432);
#4431 = CARTESIAN_POINT('',(5.1,-2.209999999999,0.13));
#4432 = VECTOR('',#4433,1.);
#4433 = DIRECTION('',(0.,-1.,0.));
#4434 = ORIENTED_EDGE('',*,*,#4296,.F.);
#4435 = ORIENTED_EDGE('',*,*,#4436,.T.);
#4436 = EDGE_CURVE('',#4289,#4397,#4437,.T.);
#4437 = LINE('',#4438,#4439);
#4438 = CARTESIAN_POINT('',(4.468511881976,-2.209999999999,0.13));
#4439 = VECTOR('',#4440,1.);
#4440 = DIRECTION('',(0.,-1.,0.));
#4441 = PLANE('',#4442);
#4442 = AXIS2_PLACEMENT_3D('',#4443,#4444,#4445);
#4443 = CARTESIAN_POINT('',(4.451729889353,-2.209999999999,
    0.129999999999));
#4444 = DIRECTION('',(6.68981743677E-15,0.,-1.));
#4445 = DIRECTION('',(-1.,0.,-6.68981743677E-15));
#4446 = ADVANCED_FACE('',(#4447),#4458,.T.);
#4447 = FACE_BOUND('',#4448,.T.);
#4448 = EDGE_LOOP('',(#4449,#4450,#4456,#4457));
#4449 = ORIENTED_EDGE('',*,*,#4388,.F.);
#4450 = ORIENTED_EDGE('',*,*,#4451,.F.);
#4451 = EDGE_CURVE('',#4305,#4381,#4452,.T.);
#4452 = LINE('',#4453,#4454);
#4453 = CARTESIAN_POINT('',(5.1,-2.209999999999,-0.189999999999));
#4454 = VECTOR('',#4455,1.);
#4455 = DIRECTION('',(0.,-1.,0.));
#4456 = ORIENTED_EDGE('',*,*,#4304,.T.);
#4457 = ORIENTED_EDGE('',*,*,#4429,.T.);
#4458 = PLANE('',#4459);
#4459 = AXIS2_PLACEMENT_3D('',#4460,#4461,#4462);
#4460 = CARTESIAN_POINT('',(5.1,-2.209999999999,-0.189999999999));
#4461 = DIRECTION('',(1.,0.,5.421010862427E-15));
#4462 = DIRECTION('',(5.421010862427E-15,0.,-1.));
#4463 = ADVANCED_FACE('',(#4464),#4475,.T.);
#4464 = FACE_BOUND('',#4465,.T.);
#4465 = EDGE_LOOP('',(#4466,#4467,#4473,#4474));
#4466 = ORIENTED_EDGE('',*,*,#4380,.F.);
#4467 = ORIENTED_EDGE('',*,*,#4468,.F.);
#4468 = EDGE_CURVE('',#4313,#4372,#4469,.T.);
#4469 = LINE('',#4470,#4471);
#4470 = CARTESIAN_POINT('',(4.451729889353,-2.209999999999,-0.19));
#4471 = VECTOR('',#4472,1.);
#4472 = DIRECTION('',(0.,-1.,0.));
#4473 = ORIENTED_EDGE('',*,*,#4312,.T.);
#4474 = ORIENTED_EDGE('',*,*,#4451,.T.);
#4475 = PLANE('',#4476);
#4476 = AXIS2_PLACEMENT_3D('',#4477,#4478,#4479);
#4477 = CARTESIAN_POINT('',(4.451729889353,-2.209999999999,-0.19));
#4478 = DIRECTION('',(6.68981743677E-15,0.,-1.));
#4479 = DIRECTION('',(-1.,0.,-6.68981743677E-15));
#4480 = ADVANCED_FACE('',(#4481),#4492,.T.);
#4481 = FACE_BOUND('',#4482,.T.);
#4482 = EDGE_LOOP('',(#4483,#4484,#4490,#4491));
#4483 = ORIENTED_EDGE('',*,*,#4371,.F.);
#4484 = ORIENTED_EDGE('',*,*,#4485,.F.);
#4485 = EDGE_CURVE('',#4321,#4364,#4486,.T.);
#4486 = LINE('',#4487,#4488);
#4487 = CARTESIAN_POINT('',(4.156287563449,-2.209999999999,
    5.7905546699E-02));
#4488 = VECTOR('',#4489,1.);
#4489 = DIRECTION('',(0.,-1.,0.));
#4490 = ORIENTED_EDGE('',*,*,#4320,.T.);
#4491 = ORIENTED_EDGE('',*,*,#4468,.T.);
#4492 = CYLINDRICAL_SURFACE('',#4493,0.299999999999);
#4493 = AXIS2_PLACEMENT_3D('',#4494,#4495,#4496);
#4494 = CARTESIAN_POINT('',(4.451729889353,-2.209999999999,
    0.109999999999));
#4495 = DIRECTION('',(0.,-1.,0.));
#4496 = DIRECTION('',(0.,0.,-1.));
#4497 = ADVANCED_FACE('',(#4498),#4509,.T.);
#4498 = FACE_BOUND('',#4499,.T.);
#4499 = EDGE_LOOP('',(#4500,#4501,#4507,#4508));
#4500 = ORIENTED_EDGE('',*,*,#4363,.F.);
#4501 = ORIENTED_EDGE('',*,*,#4502,.F.);
#4502 = EDGE_CURVE('',#4330,#4355,#4503,.T.);
#4503 = LINE('',#4504,#4505);
#4504 = CARTESIAN_POINT('',(4.089910476399,-2.209999999999,
    0.434348713727));
#4505 = VECTOR('',#4506,1.);
#4506 = DIRECTION('',(0.,-1.,0.));
#4507 = ORIENTED_EDGE('',*,*,#4329,.T.);
#4508 = ORIENTED_EDGE('',*,*,#4485,.T.);
#4509 = PLANE('',#4510);
#4510 = AXIS2_PLACEMENT_3D('',#4511,#4512,#4513);
#4511 = CARTESIAN_POINT('',(4.089910476399,-2.209999999999,
    0.434348713727));
#4512 = DIRECTION('',(-0.984807753012,0.,-0.173648177666));
#4513 = DIRECTION('',(-0.173648177666,0.,0.984807753012));
#4514 = ADVANCED_FACE('',(#4515),#4521,.F.);
#4515 = FACE_BOUND('',#4516,.F.);
#4516 = EDGE_LOOP('',(#4517,#4518,#4519,#4520));
#4517 = ORIENTED_EDGE('',*,*,#4502,.F.);
#4518 = ORIENTED_EDGE('',*,*,#4337,.F.);
#4519 = ORIENTED_EDGE('',*,*,#4223,.T.);
#4520 = ORIENTED_EDGE('',*,*,#4354,.T.);
#4521 = CYLINDRICAL_SURFACE('',#4522,9.9999999999E-02);
#4522 = AXIS2_PLACEMENT_3D('',#4523,#4524,#4525);
#4523 = CARTESIAN_POINT('',(3.991429701098,-2.209999999999,0.41698389596
    ));
#4524 = DIRECTION('',(0.,-1.,0.));
#4525 = DIRECTION('',(0.,0.,-1.));
#4526 = ADVANCED_FACE('',(#4527),#4538,.T.);
#4527 = FACE_BOUND('',#4528,.T.);
#4528 = EDGE_LOOP('',(#4529,#4530,#4536,#4537));
#4529 = ORIENTED_EDGE('',*,*,#4412,.T.);
#4530 = ORIENTED_EDGE('',*,*,#4531,.F.);
#4531 = EDGE_CURVE('',#4280,#4405,#4532,.T.);
#4532 = LINE('',#4533,#4534);
#4533 = CARTESIAN_POINT('',(4.405048957363,-2.209999999999,0.48991613058
    ));
#4534 = VECTOR('',#4535,1.);
#4535 = DIRECTION('',(0.,-1.,0.));
#4536 = ORIENTED_EDGE('',*,*,#4279,.F.);
#4537 = ORIENTED_EDGE('',*,*,#4262,.T.);
#4538 = CYLINDRICAL_SURFACE('',#4539,0.419999999999);
#4539 = AXIS2_PLACEMENT_3D('',#4540,#4541,#4542);
#4540 = CARTESIAN_POINT('',(3.991429701098,-2.209999999999,0.41698389596
    ));
#4541 = DIRECTION('',(0.,-1.,0.));
#4542 = DIRECTION('',(0.,0.,-1.));
#4543 = ADVANCED_FACE('',(#4544),#4550,.F.);
#4544 = FACE_BOUND('',#4545,.T.);
#4545 = EDGE_LOOP('',(#4546,#4547,#4548,#4549));
#4546 = ORIENTED_EDGE('',*,*,#4404,.T.);
#4547 = ORIENTED_EDGE('',*,*,#4436,.F.);
#4548 = ORIENTED_EDGE('',*,*,#4288,.F.);
#4549 = ORIENTED_EDGE('',*,*,#4531,.T.);
#4550 = PLANE('',#4551);
#4551 = AXIS2_PLACEMENT_3D('',#4552,#4553,#4554);
#4552 = CARTESIAN_POINT('',(4.405048957363,-2.209999999999,0.48991613058
    ));
#4553 = DIRECTION('',(-0.984807753012,0.,-0.173648177666));
#4554 = DIRECTION('',(-0.173648177666,0.,0.984807753012));
#4555 = ADVANCED_FACE('',(#4556),#4568,.F.);
#4556 = FACE_BOUND('',#4557,.F.);
#4557 = EDGE_LOOP('',(#4558,#4559,#4560,#4567));
#4558 = ORIENTED_EDGE('',*,*,#1224,.F.);
#4559 = ORIENTED_EDGE('',*,*,#1182,.F.);
#4560 = ORIENTED_EDGE('',*,*,#4561,.T.);
#4561 = EDGE_CURVE('',#1183,#1202,#4562,.T.);
#4562 = CIRCLE('',#4563,0.270407358371);
#4563 = AXIS2_PLACEMENT_3D('',#4564,#4565,#4566);
#4564 = CARTESIAN_POINT('',(-2.438858195211,2.435727440147,3.99));
#4565 = DIRECTION('',(0.,0.,1.));
#4566 = DIRECTION('',(1.,0.,0.));
#4567 = ORIENTED_EDGE('',*,*,#1201,.T.);
#4568 = CYLINDRICAL_SURFACE('',#4569,0.270407358371);
#4569 = AXIS2_PLACEMENT_3D('',#4570,#4571,#4572);
#4570 = CARTESIAN_POINT('',(-2.438858195211,2.435727440147,3.99));
#4571 = DIRECTION('',(0.,0.,1.));
#4572 = DIRECTION('',(1.,0.,0.));
#4573 = ADVANCED_FACE('',(#4574),#4578,.T.);
#4574 = FACE_BOUND('',#4575,.T.);
#4575 = EDGE_LOOP('',(#4576,#4577));
#4576 = ORIENTED_EDGE('',*,*,#4561,.T.);
#4577 = ORIENTED_EDGE('',*,*,#1209,.T.);
#4578 = PLANE('',#4579);
#4579 = AXIS2_PLACEMENT_3D('',#4580,#4581,#4582);
#4580 = CARTESIAN_POINT('',(-2.438858195211,2.435727440147,3.99));
#4581 = DIRECTION('',(0.,0.,1.));
#4582 = DIRECTION('',(1.,0.,0.));
#4583 = ADVANCED_FACE('',(#4584),#4594,.T.);
#4584 = FACE_BOUND('',#4585,.T.);
#4585 = EDGE_LOOP('',(#4586,#4587,#4588,#4589,#4590,#4591,#4592,#4593));
#4586 = ORIENTED_EDGE('',*,*,#1554,.F.);
#4587 = ORIENTED_EDGE('',*,*,#1595,.T.);
#4588 = ORIENTED_EDGE('',*,*,#519,.T.);
#4589 = ORIENTED_EDGE('',*,*,#1389,.T.);
#4590 = ORIENTED_EDGE('',*,*,#1438,.T.);
#4591 = ORIENTED_EDGE('',*,*,#1318,.T.);
#4592 = ORIENTED_EDGE('',*,*,#1108,.T.);
#4593 = ORIENTED_EDGE('',*,*,#1578,.F.);
#4594 = PLANE('',#4595);
#4595 = AXIS2_PLACEMENT_3D('',#4596,#4597,#4598);
#4596 = CARTESIAN_POINT('',(-1.33568698824E-17,-3.569999999999,
    1.862632338787));
#4597 = DIRECTION('',(-0.,-1.,-0.));
#4598 = DIRECTION('',(0.,0.,-1.));
#4599 = ( GEOMETRIC_REPRESENTATION_CONTEXT(3) 
GLOBAL_UNCERTAINTY_ASSIGNED_CONTEXT((#4603)) 
GLOBAL_UNIT_ASSIGNED_CONTEXT((#4600,#4601,#4602)) REPRESENTATION_CONTEXT
('Context #1','3D Context with UNIT and UNCERTAINTY') );
#4600 = ( LENGTH_UNIT() NAMED_UNIT(*) SI_UNIT(.MILLI.,.METRE.) );
#4601 = ( NAMED_UNIT(*) PLANE_ANGLE_UNIT() SI_UNIT($,.RADIAN.) );
#4602 = ( NAMED_UNIT(*) SI_UNIT($,.STERADIAN.) SOLID_ANGLE_UNIT() );
#4603 = UNCERTAINTY_MEASURE_WITH_UNIT(LENGTH_MEASURE(1.E-07),#4600,
  'distance_accuracy_value','confusion accuracy');
#4604 = PRODUCT_RELATED_PRODUCT_CATEGORY('part',$,(#7));
#4605 = MECHANICAL_DESIGN_GEOMETRIC_PRESENTATION_REPRESENTATION('',(
    #4606),#4599);
#4606 = STYLED_ITEM('color',(#4607),#15);
#4607 = PRESENTATION_STYLE_ASSIGNMENT((#4608,#4614));
#4608 = SURFACE_STYLE_USAGE(.BOTH.,#4609);
#4609 = SURFACE_SIDE_STYLE('',(#4610));
#4610 = SURFACE_STYLE_FILL_AREA(#4611);
#4611 = FILL_AREA_STYLE('',(#4612));
#4612 = FILL_AREA_STYLE_COLOUR('',#4613);
#4613 = DRAUGHTING_PRE_DEFINED_COLOUR('white');
#4614 = CURVE_STYLE('',#4615,POSITIVE_LENGTH_MEASURE(0.1),#4616);
#4615 = DRAUGHTING_PRE_DEFINED_CURVE_FONT('continuous');
#4616 = COLOUR_RGB('',9.803921802644E-02,9.803921802644E-02,
  9.803921802644E-02);
ENDSEC;
END-ISO-10303-21;
