ISO-10303-21;
HEADER;
FILE_DESCRIPTION(('FreeCAD Model'),'2;1');
FILE_NAME('Open CASCADE Shape Model','2026-07-01T15:04:55',('Author'),(
    ''),'Open CASCADE STEP processor 7.8','FreeCAD','Unknown');
FILE_SCHEMA(('AUTOMOTIVE_DESIGN { 1 0 10303 214 1 1 1 1 }'));
ENDSEC;
DATA;
#1 = APPLICATION_PROTOCOL_DEFINITION('international standard',
  'automotive_design',2000,#2);
#2 = APPLICATION_CONTEXT(
  'core data for automotive mechanical design processes');
#3 = SHAPE_DEFINITION_REPRESENTATION(#4,#10);
#4 = PRODUCT_DEFINITION_SHAPE('','',#5);
#5 = PRODUCT_DEFINITION('design','',#6,#9);
#6 = PRODUCT_DEFINITION_FORMATION('','',#7);
#7 = PRODUCT('Pad003','Pad003','',(#8));
#8 = PRODUCT_CONTEXT('',#2,'mechanical');
#9 = PRODUCT_DEFINITION_CONTEXT('part definition',#2,'design');
#10 = ADVANCED_BREP_SHAPE_REPRESENTATION('',(#11,#15),#12059);
#11 = AXIS2_PLACEMENT_3D('',#12,#13,#14);
#12 = CARTESIAN_POINT('',(0.,0.,0.));
#13 = DIRECTION('',(0.,0.,1.));
#14 = DIRECTION('',(1.,0.,-0.));
#15 = MANIFOLD_SOLID_BREP('',#16);
#16 = CLOSED_SHELL('',(#17,#217,#248,#279,#868,#899,#930,#961,#992,#1023
    ,#1054,#1085,#1116,#1147,#1178,#2543,#2625,#2664,#2696,#2720,#2744,
    #2776,#2801,#2840,#2872,#2896,#2920,#2952,#2977,#3016,#3048,#3072,
    #3096,#3128,#3153,#3192,#3224,#3248,#3272,#3304,#3329,#3368,#3400,
    #3424,#3448,#3480,#3505,#3544,#3576,#3600,#3624,#3656,#3681,#3720,
    #3752,#3776,#3800,#3832,#3857,#3896,#3928,#3952,#3976,#4008,#4033,
    #4072,#4104,#4128,#4152,#4184,#4209,#4248,#4280,#4304,#4328,#4360,
    #4385,#4410,#4435,#4452,#4469,#4486,#4503,#4520,#4537,#4554,#4571,
    #4588,#4605,#4636,#4660,#4700,#4724,#4764,#4788,#4828,#4852,#4892,
    #4916,#4956,#4980,#5020,#5044,#5084,#5108,#5148,#5172,#5212,#5236,
    #5276,#5300,#5340,#5364,#5404,#5428,#5468,#5492,#5532,#5556,#5596,
    #5620,#5660,#5684,#5724,#5748,#5788,#5812,#5852,#5876,#5916,#5940,
    #5964,#5988,#6028,#6052,#6092,#6116,#6156,#6180,#6220,#6244,#6284,
    #6308,#6348,#6372,#6412,#6436,#6476,#6500,#6540,#6564,#6604,#6628,
    #6668,#6692,#6732,#6756,#6796,#6820,#6860,#6884,#6924,#6948,#6988,
    #7012,#7052,#7076,#7116,#7140,#7180,#7204,#7244,#7261,#7292,#7316,
    #7356,#7380,#7420,#7444,#7484,#7508,#7548,#7572,#7612,#7636,#7676,
    #7700,#7740,#7764,#7804,#7828,#7868,#7892,#7932,#7956,#7996,#8020,
    #8060,#8084,#8124,#8148,#8188,#8212,#8252,#8276,#8316,#8340,#8380,
    #8404,#8444,#8468,#8508,#8532,#8572,#8596,#8620,#8644,#8684,#8708,
    #8748,#8772,#8812,#8836,#8876,#8900,#8940,#8964,#9004,#9028,#9068,
    #9092,#9132,#9156,#9196,#9220,#9260,#9284,#9324,#9348,#9388,#9412,
    #9452,#9476,#9516,#9540,#9580,#9604,#9644,#9668,#9708,#9732,#9772,
    #9796,#9836,#9860,#9900,#9917,#9934,#9951,#9968,#9985,#10002,#10019,
    #10036,#10053,#10070,#10087,#10104,#10116,#10128,#10145,#10157,
    #10169,#10186,#10198,#10210,#10227,#10239,#10251,#10268,#10280,
    #10292,#10309,#10321,#10333,#10350,#10362,#10374,#10391,#10403,
    #10415,#10432,#10444,#10456,#10473,#10485,#10497,#10506,#10515,
    #10707,#10724,#10736,#10753,#10765,#10782,#10794,#10811,#10823,
    #10840,#10852,#10869,#10881,#10898,#10910,#10927,#10939,#10956,
    #10968,#10985,#10997,#11014,#11026,#11043,#11055,#11072,#11084,
    #11101,#11113,#11130,#11142,#11159,#11171,#11188,#11200,#11217,
    #11229,#11246,#11258,#11275,#11287,#11479,#11496,#11508,#11525,
    #11537,#11554,#11566,#11583,#11595,#11612,#11624,#11641,#11653,
    #11670,#11682,#11699,#11711,#11728,#11740,#11757,#11769,#11786,
    #11798,#11815,#11827,#11844,#11856,#11873,#11885,#11902,#11914,
    #11931,#11943,#11960,#11972,#11989,#12001,#12018,#12030,#12047));
#17 = ADVANCED_FACE('',(#18),#212,.F.);
#18 = FACE_BOUND('',#19,.F.);
#19 = EDGE_LOOP('',(#20,#30,#38,#46,#54,#62,#70,#78,#86,#94,#102,#110,
    #118,#126,#134,#142,#150,#158,#166,#174,#182,#190,#198,#206));
#20 = ORIENTED_EDGE('',*,*,#21,.T.);
#21 = EDGE_CURVE('',#22,#24,#26,.T.);
#22 = VERTEX_POINT('',#23);
#23 = CARTESIAN_POINT('',(0.,0.,0.));
#24 = VERTEX_POINT('',#25);
#25 = CARTESIAN_POINT('',(0.,0.,3.));
#26 = LINE('',#27,#28);
#27 = CARTESIAN_POINT('',(0.,0.,0.));
#28 = VECTOR('',#29,1.);
#29 = DIRECTION('',(0.,0.,1.));
#30 = ORIENTED_EDGE('',*,*,#31,.T.);
#31 = EDGE_CURVE('',#24,#32,#34,.T.);
#32 = VERTEX_POINT('',#33);
#33 = CARTESIAN_POINT('',(9.9,0.,3.));
#34 = LINE('',#35,#36);
#35 = CARTESIAN_POINT('',(0.,0.,3.));
#36 = VECTOR('',#37,1.);
#37 = DIRECTION('',(1.,0.,0.));
#38 = ORIENTED_EDGE('',*,*,#39,.F.);
#39 = EDGE_CURVE('',#40,#32,#42,.T.);
#40 = VERTEX_POINT('',#41);
#41 = CARTESIAN_POINT('',(9.9,0.,0.));
#42 = LINE('',#43,#44);
#43 = CARTESIAN_POINT('',(9.9,0.,0.));
#44 = VECTOR('',#45,1.);
#45 = DIRECTION('',(0.,0.,1.));
#46 = ORIENTED_EDGE('',*,*,#47,.F.);
#47 = EDGE_CURVE('',#48,#40,#50,.T.);
#48 = VERTEX_POINT('',#49);
#49 = CARTESIAN_POINT('',(8.65,0.,0.));
#50 = LINE('',#51,#52);
#51 = CARTESIAN_POINT('',(0.,0.,0.));
#52 = VECTOR('',#53,1.);
#53 = DIRECTION('',(1.,0.,0.));
#54 = ORIENTED_EDGE('',*,*,#55,.F.);
#55 = EDGE_CURVE('',#56,#48,#58,.T.);
#56 = VERTEX_POINT('',#57);
#57 = CARTESIAN_POINT('',(8.4,0.,0.));
#58 = LINE('',#59,#60);
#59 = CARTESIAN_POINT('',(0.,0.,0.));
#60 = VECTOR('',#61,1.);
#61 = DIRECTION('',(1.,0.,0.));
#62 = ORIENTED_EDGE('',*,*,#63,.F.);
#63 = EDGE_CURVE('',#64,#56,#66,.T.);
#64 = VERTEX_POINT('',#65);
#65 = CARTESIAN_POINT('',(7.85,0.,0.));
#66 = LINE('',#67,#68);
#67 = CARTESIAN_POINT('',(0.,0.,0.));
#68 = VECTOR('',#69,1.);
#69 = DIRECTION('',(1.,0.,0.));
#70 = ORIENTED_EDGE('',*,*,#71,.F.);
#71 = EDGE_CURVE('',#72,#64,#74,.T.);
#72 = VERTEX_POINT('',#73);
#73 = CARTESIAN_POINT('',(7.6,0.,0.));
#74 = LINE('',#75,#76);
#75 = CARTESIAN_POINT('',(0.,0.,0.));
#76 = VECTOR('',#77,1.);
#77 = DIRECTION('',(1.,0.,0.));
#78 = ORIENTED_EDGE('',*,*,#79,.F.);
#79 = EDGE_CURVE('',#80,#72,#82,.T.);
#80 = VERTEX_POINT('',#81);
#81 = CARTESIAN_POINT('',(7.05,0.,0.));
#82 = LINE('',#83,#84);
#83 = CARTESIAN_POINT('',(0.,0.,0.));
#84 = VECTOR('',#85,1.);
#85 = DIRECTION('',(1.,0.,0.));
#86 = ORIENTED_EDGE('',*,*,#87,.F.);
#87 = EDGE_CURVE('',#88,#80,#90,.T.);
#88 = VERTEX_POINT('',#89);
#89 = CARTESIAN_POINT('',(6.8,0.,0.));
#90 = LINE('',#91,#92);
#91 = CARTESIAN_POINT('',(0.,0.,0.));
#92 = VECTOR('',#93,1.);
#93 = DIRECTION('',(1.,0.,0.));
#94 = ORIENTED_EDGE('',*,*,#95,.F.);
#95 = EDGE_CURVE('',#96,#88,#98,.T.);
#96 = VERTEX_POINT('',#97);
#97 = CARTESIAN_POINT('',(6.25,0.,0.));
#98 = LINE('',#99,#100);
#99 = CARTESIAN_POINT('',(0.,0.,0.));
#100 = VECTOR('',#101,1.);
#101 = DIRECTION('',(1.,0.,0.));
#102 = ORIENTED_EDGE('',*,*,#103,.F.);
#103 = EDGE_CURVE('',#104,#96,#106,.T.);
#104 = VERTEX_POINT('',#105);
#105 = CARTESIAN_POINT('',(6.,0.,0.));
#106 = LINE('',#107,#108);
#107 = CARTESIAN_POINT('',(0.,0.,0.));
#108 = VECTOR('',#109,1.);
#109 = DIRECTION('',(1.,0.,0.));
#110 = ORIENTED_EDGE('',*,*,#111,.F.);
#111 = EDGE_CURVE('',#112,#104,#114,.T.);
#112 = VERTEX_POINT('',#113);
#113 = CARTESIAN_POINT('',(5.45,0.,0.));
#114 = LINE('',#115,#116);
#115 = CARTESIAN_POINT('',(0.,0.,0.));
#116 = VECTOR('',#117,1.);
#117 = DIRECTION('',(1.,0.,0.));
#118 = ORIENTED_EDGE('',*,*,#119,.F.);
#119 = EDGE_CURVE('',#120,#112,#122,.T.);
#120 = VERTEX_POINT('',#121);
#121 = CARTESIAN_POINT('',(5.2,0.,0.));
#122 = LINE('',#123,#124);
#123 = CARTESIAN_POINT('',(0.,0.,0.));
#124 = VECTOR('',#125,1.);
#125 = DIRECTION('',(1.,0.,0.));
#126 = ORIENTED_EDGE('',*,*,#127,.F.);
#127 = EDGE_CURVE('',#128,#120,#130,.T.);
#128 = VERTEX_POINT('',#129);
#129 = CARTESIAN_POINT('',(4.65,0.,0.));
#130 = LINE('',#131,#132);
#131 = CARTESIAN_POINT('',(0.,0.,0.));
#132 = VECTOR('',#133,1.);
#133 = DIRECTION('',(1.,0.,0.));
#134 = ORIENTED_EDGE('',*,*,#135,.F.);
#135 = EDGE_CURVE('',#136,#128,#138,.T.);
#136 = VERTEX_POINT('',#137);
#137 = CARTESIAN_POINT('',(4.4,0.,0.));
#138 = LINE('',#139,#140);
#139 = CARTESIAN_POINT('',(0.,0.,0.));
#140 = VECTOR('',#141,1.);
#141 = DIRECTION('',(1.,0.,0.));
#142 = ORIENTED_EDGE('',*,*,#143,.F.);
#143 = EDGE_CURVE('',#144,#136,#146,.T.);
#144 = VERTEX_POINT('',#145);
#145 = CARTESIAN_POINT('',(3.85,0.,0.));
#146 = LINE('',#147,#148);
#147 = CARTESIAN_POINT('',(0.,0.,0.));
#148 = VECTOR('',#149,1.);
#149 = DIRECTION('',(1.,0.,0.));
#150 = ORIENTED_EDGE('',*,*,#151,.F.);
#151 = EDGE_CURVE('',#152,#144,#154,.T.);
#152 = VERTEX_POINT('',#153);
#153 = CARTESIAN_POINT('',(3.6,0.,0.));
#154 = LINE('',#155,#156);
#155 = CARTESIAN_POINT('',(0.,0.,0.));
#156 = VECTOR('',#157,1.);
#157 = DIRECTION('',(1.,0.,0.));
#158 = ORIENTED_EDGE('',*,*,#159,.F.);
#159 = EDGE_CURVE('',#160,#152,#162,.T.);
#160 = VERTEX_POINT('',#161);
#161 = CARTESIAN_POINT('',(3.05,0.,0.));
#162 = LINE('',#163,#164);
#163 = CARTESIAN_POINT('',(0.,0.,0.));
#164 = VECTOR('',#165,1.);
#165 = DIRECTION('',(1.,0.,0.));
#166 = ORIENTED_EDGE('',*,*,#167,.F.);
#167 = EDGE_CURVE('',#168,#160,#170,.T.);
#168 = VERTEX_POINT('',#169);
#169 = CARTESIAN_POINT('',(2.8,0.,0.));
#170 = LINE('',#171,#172);
#171 = CARTESIAN_POINT('',(0.,0.,0.));
#172 = VECTOR('',#173,1.);
#173 = DIRECTION('',(1.,0.,0.));
#174 = ORIENTED_EDGE('',*,*,#175,.F.);
#175 = EDGE_CURVE('',#176,#168,#178,.T.);
#176 = VERTEX_POINT('',#177);
#177 = CARTESIAN_POINT('',(2.25,0.,0.));
#178 = LINE('',#179,#180);
#179 = CARTESIAN_POINT('',(0.,0.,0.));
#180 = VECTOR('',#181,1.);
#181 = DIRECTION('',(1.,0.,0.));
#182 = ORIENTED_EDGE('',*,*,#183,.F.);
#183 = EDGE_CURVE('',#184,#176,#186,.T.);
#184 = VERTEX_POINT('',#185);
#185 = CARTESIAN_POINT('',(2.,0.,0.));
#186 = LINE('',#187,#188);
#187 = CARTESIAN_POINT('',(0.,0.,0.));
#188 = VECTOR('',#189,1.);
#189 = DIRECTION('',(1.,0.,0.));
#190 = ORIENTED_EDGE('',*,*,#191,.F.);
#191 = EDGE_CURVE('',#192,#184,#194,.T.);
#192 = VERTEX_POINT('',#193);
#193 = CARTESIAN_POINT('',(1.45,0.,0.));
#194 = LINE('',#195,#196);
#195 = CARTESIAN_POINT('',(0.,0.,0.));
#196 = VECTOR('',#197,1.);
#197 = DIRECTION('',(1.,0.,0.));
#198 = ORIENTED_EDGE('',*,*,#199,.F.);
#199 = EDGE_CURVE('',#200,#192,#202,.T.);
#200 = VERTEX_POINT('',#201);
#201 = CARTESIAN_POINT('',(1.2,0.,0.));
#202 = LINE('',#203,#204);
#203 = CARTESIAN_POINT('',(0.,0.,0.));
#204 = VECTOR('',#205,1.);
#205 = DIRECTION('',(1.,0.,0.));
#206 = ORIENTED_EDGE('',*,*,#207,.F.);
#207 = EDGE_CURVE('',#22,#200,#208,.T.);
#208 = LINE('',#209,#210);
#209 = CARTESIAN_POINT('',(0.,0.,0.));
#210 = VECTOR('',#211,1.);
#211 = DIRECTION('',(1.,0.,0.));
#212 = PLANE('',#213);
#213 = AXIS2_PLACEMENT_3D('',#214,#215,#216);
#214 = CARTESIAN_POINT('',(0.,0.,0.));
#215 = DIRECTION('',(0.,1.,0.));
#216 = DIRECTION('',(1.,0.,0.));
#217 = ADVANCED_FACE('',(#218),#243,.F.);
#218 = FACE_BOUND('',#219,.F.);
#219 = EDGE_LOOP('',(#220,#230,#236,#237));
#220 = ORIENTED_EDGE('',*,*,#221,.T.);
#221 = EDGE_CURVE('',#222,#224,#226,.T.);
#222 = VERTEX_POINT('',#223);
#223 = CARTESIAN_POINT('',(0.,4.4,0.));
#224 = VERTEX_POINT('',#225);
#225 = CARTESIAN_POINT('',(0.,4.4,3.));
#226 = LINE('',#227,#228);
#227 = CARTESIAN_POINT('',(0.,4.4,0.));
#228 = VECTOR('',#229,1.);
#229 = DIRECTION('',(0.,0.,1.));
#230 = ORIENTED_EDGE('',*,*,#231,.T.);
#231 = EDGE_CURVE('',#224,#24,#232,.T.);
#232 = LINE('',#233,#234);
#233 = CARTESIAN_POINT('',(0.,4.4,3.));
#234 = VECTOR('',#235,1.);
#235 = DIRECTION('',(0.,-1.,0.));
#236 = ORIENTED_EDGE('',*,*,#21,.F.);
#237 = ORIENTED_EDGE('',*,*,#238,.F.);
#238 = EDGE_CURVE('',#222,#22,#239,.T.);
#239 = LINE('',#240,#241);
#240 = CARTESIAN_POINT('',(0.,4.4,0.));
#241 = VECTOR('',#242,1.);
#242 = DIRECTION('',(0.,-1.,0.));
#243 = PLANE('',#244);
#244 = AXIS2_PLACEMENT_3D('',#245,#246,#247);
#245 = CARTESIAN_POINT('',(0.,4.4,0.));
#246 = DIRECTION('',(1.,0.,0.));
#247 = DIRECTION('',(0.,-1.,0.));
#248 = ADVANCED_FACE('',(#249),#274,.F.);
#249 = FACE_BOUND('',#250,.F.);
#250 = EDGE_LOOP('',(#251,#252,#260,#268));
#251 = ORIENTED_EDGE('',*,*,#39,.T.);
#252 = ORIENTED_EDGE('',*,*,#253,.T.);
#253 = EDGE_CURVE('',#32,#254,#256,.T.);
#254 = VERTEX_POINT('',#255);
#255 = CARTESIAN_POINT('',(9.9,4.4,3.));
#256 = LINE('',#257,#258);
#257 = CARTESIAN_POINT('',(9.9,0.,3.));
#258 = VECTOR('',#259,1.);
#259 = DIRECTION('',(0.,1.,0.));
#260 = ORIENTED_EDGE('',*,*,#261,.F.);
#261 = EDGE_CURVE('',#262,#254,#264,.T.);
#262 = VERTEX_POINT('',#263);
#263 = CARTESIAN_POINT('',(9.9,4.4,0.));
#264 = LINE('',#265,#266);
#265 = CARTESIAN_POINT('',(9.9,4.4,0.));
#266 = VECTOR('',#267,1.);
#267 = DIRECTION('',(0.,0.,1.));
#268 = ORIENTED_EDGE('',*,*,#269,.F.);
#269 = EDGE_CURVE('',#40,#262,#270,.T.);
#270 = LINE('',#271,#272);
#271 = CARTESIAN_POINT('',(9.9,0.,0.));
#272 = VECTOR('',#273,1.);
#273 = DIRECTION('',(0.,1.,0.));
#274 = PLANE('',#275);
#275 = AXIS2_PLACEMENT_3D('',#276,#277,#278);
#276 = CARTESIAN_POINT('',(9.9,0.,0.));
#277 = DIRECTION('',(-1.,0.,0.));
#278 = DIRECTION('',(0.,1.,0.));
#279 = ADVANCED_FACE('',(#280,#841,#852),#863,.F.);
#280 = FACE_BOUND('',#281,.F.);
#281 = EDGE_LOOP('',(#282,#283,#284,#292,#300,#306,#307,#315,#323,#329,
    #330,#338,#346,#352,#353,#361,#369,#375,#376,#384,#392,#398,#399,
    #407,#415,#421,#422,#430,#438,#444,#445,#453,#461,#467,#468,#476,
    #484,#490,#491,#499,#507,#513,#514,#515,#523,#531,#539,#547,#555,
    #563,#571,#579,#587,#595,#603,#611,#619,#627,#635,#643,#651,#659,
    #667,#675,#683,#691,#699,#707,#715,#723,#731,#739,#747,#755,#763,
    #771,#779,#787,#795,#803,#811,#819,#827,#835));
#282 = ORIENTED_EDGE('',*,*,#238,.T.);
#283 = ORIENTED_EDGE('',*,*,#207,.T.);
#284 = ORIENTED_EDGE('',*,*,#285,.F.);
#285 = EDGE_CURVE('',#286,#200,#288,.T.);
#286 = VERTEX_POINT('',#287);
#287 = CARTESIAN_POINT('',(1.2,1.2,0.));
#288 = LINE('',#289,#290);
#289 = CARTESIAN_POINT('',(1.2,1.2,0.));
#290 = VECTOR('',#291,1.);
#291 = DIRECTION('',(0.,-1.,0.));
#292 = ORIENTED_EDGE('',*,*,#293,.F.);
#293 = EDGE_CURVE('',#294,#286,#296,.T.);
#294 = VERTEX_POINT('',#295);
#295 = CARTESIAN_POINT('',(1.45,1.2,0.));
#296 = LINE('',#297,#298);
#297 = CARTESIAN_POINT('',(1.45,1.2,0.));
#298 = VECTOR('',#299,1.);
#299 = DIRECTION('',(-1.,0.,0.));
#300 = ORIENTED_EDGE('',*,*,#301,.F.);
#301 = EDGE_CURVE('',#192,#294,#302,.T.);
#302 = LINE('',#303,#304);
#303 = CARTESIAN_POINT('',(1.45,-0.6,0.));
#304 = VECTOR('',#305,1.);
#305 = DIRECTION('',(0.,1.,0.));
#306 = ORIENTED_EDGE('',*,*,#191,.T.);
#307 = ORIENTED_EDGE('',*,*,#308,.F.);
#308 = EDGE_CURVE('',#309,#184,#311,.T.);
#309 = VERTEX_POINT('',#310);
#310 = CARTESIAN_POINT('',(2.,1.2,0.));
#311 = LINE('',#312,#313);
#312 = CARTESIAN_POINT('',(2.,1.2,0.));
#313 = VECTOR('',#314,1.);
#314 = DIRECTION('',(0.,-1.,0.));
#315 = ORIENTED_EDGE('',*,*,#316,.F.);
#316 = EDGE_CURVE('',#317,#309,#319,.T.);
#317 = VERTEX_POINT('',#318);
#318 = CARTESIAN_POINT('',(2.25,1.2,0.));
#319 = LINE('',#320,#321);
#320 = CARTESIAN_POINT('',(2.25,1.2,0.));
#321 = VECTOR('',#322,1.);
#322 = DIRECTION('',(-1.,0.,0.));
#323 = ORIENTED_EDGE('',*,*,#324,.F.);
#324 = EDGE_CURVE('',#176,#317,#325,.T.);
#325 = LINE('',#326,#327);
#326 = CARTESIAN_POINT('',(2.25,-0.6,0.));
#327 = VECTOR('',#328,1.);
#328 = DIRECTION('',(0.,1.,0.));
#329 = ORIENTED_EDGE('',*,*,#175,.T.);
#330 = ORIENTED_EDGE('',*,*,#331,.F.);
#331 = EDGE_CURVE('',#332,#168,#334,.T.);
#332 = VERTEX_POINT('',#333);
#333 = CARTESIAN_POINT('',(2.8,1.2,0.));
#334 = LINE('',#335,#336);
#335 = CARTESIAN_POINT('',(2.8,1.2,0.));
#336 = VECTOR('',#337,1.);
#337 = DIRECTION('',(0.,-1.,0.));
#338 = ORIENTED_EDGE('',*,*,#339,.F.);
#339 = EDGE_CURVE('',#340,#332,#342,.T.);
#340 = VERTEX_POINT('',#341);
#341 = CARTESIAN_POINT('',(3.05,1.2,0.));
#342 = LINE('',#343,#344);
#343 = CARTESIAN_POINT('',(3.05,1.2,0.));
#344 = VECTOR('',#345,1.);
#345 = DIRECTION('',(-1.,0.,0.));
#346 = ORIENTED_EDGE('',*,*,#347,.F.);
#347 = EDGE_CURVE('',#160,#340,#348,.T.);
#348 = LINE('',#349,#350);
#349 = CARTESIAN_POINT('',(3.05,-0.6,0.));
#350 = VECTOR('',#351,1.);
#351 = DIRECTION('',(0.,1.,0.));
#352 = ORIENTED_EDGE('',*,*,#159,.T.);
#353 = ORIENTED_EDGE('',*,*,#354,.F.);
#354 = EDGE_CURVE('',#355,#152,#357,.T.);
#355 = VERTEX_POINT('',#356);
#356 = CARTESIAN_POINT('',(3.6,1.2,0.));
#357 = LINE('',#358,#359);
#358 = CARTESIAN_POINT('',(3.6,1.2,0.));
#359 = VECTOR('',#360,1.);
#360 = DIRECTION('',(0.,-1.,0.));
#361 = ORIENTED_EDGE('',*,*,#362,.F.);
#362 = EDGE_CURVE('',#363,#355,#365,.T.);
#363 = VERTEX_POINT('',#364);
#364 = CARTESIAN_POINT('',(3.85,1.2,0.));
#365 = LINE('',#366,#367);
#366 = CARTESIAN_POINT('',(3.85,1.2,0.));
#367 = VECTOR('',#368,1.);
#368 = DIRECTION('',(-1.,0.,0.));
#369 = ORIENTED_EDGE('',*,*,#370,.F.);
#370 = EDGE_CURVE('',#144,#363,#371,.T.);
#371 = LINE('',#372,#373);
#372 = CARTESIAN_POINT('',(3.85,-0.6,0.));
#373 = VECTOR('',#374,1.);
#374 = DIRECTION('',(0.,1.,0.));
#375 = ORIENTED_EDGE('',*,*,#143,.T.);
#376 = ORIENTED_EDGE('',*,*,#377,.F.);
#377 = EDGE_CURVE('',#378,#136,#380,.T.);
#378 = VERTEX_POINT('',#379);
#379 = CARTESIAN_POINT('',(4.4,1.2,0.));
#380 = LINE('',#381,#382);
#381 = CARTESIAN_POINT('',(4.4,1.2,0.));
#382 = VECTOR('',#383,1.);
#383 = DIRECTION('',(0.,-1.,0.));
#384 = ORIENTED_EDGE('',*,*,#385,.F.);
#385 = EDGE_CURVE('',#386,#378,#388,.T.);
#386 = VERTEX_POINT('',#387);
#387 = CARTESIAN_POINT('',(4.65,1.2,0.));
#388 = LINE('',#389,#390);
#389 = CARTESIAN_POINT('',(4.65,1.2,0.));
#390 = VECTOR('',#391,1.);
#391 = DIRECTION('',(-1.,0.,0.));
#392 = ORIENTED_EDGE('',*,*,#393,.F.);
#393 = EDGE_CURVE('',#128,#386,#394,.T.);
#394 = LINE('',#395,#396);
#395 = CARTESIAN_POINT('',(4.65,-0.6,0.));
#396 = VECTOR('',#397,1.);
#397 = DIRECTION('',(0.,1.,0.));
#398 = ORIENTED_EDGE('',*,*,#127,.T.);
#399 = ORIENTED_EDGE('',*,*,#400,.F.);
#400 = EDGE_CURVE('',#401,#120,#403,.T.);
#401 = VERTEX_POINT('',#402);
#402 = CARTESIAN_POINT('',(5.2,1.2,0.));
#403 = LINE('',#404,#405);
#404 = CARTESIAN_POINT('',(5.2,1.2,0.));
#405 = VECTOR('',#406,1.);
#406 = DIRECTION('',(0.,-1.,0.));
#407 = ORIENTED_EDGE('',*,*,#408,.F.);
#408 = EDGE_CURVE('',#409,#401,#411,.T.);
#409 = VERTEX_POINT('',#410);
#410 = CARTESIAN_POINT('',(5.45,1.2,0.));
#411 = LINE('',#412,#413);
#412 = CARTESIAN_POINT('',(5.45,1.2,0.));
#413 = VECTOR('',#414,1.);
#414 = DIRECTION('',(-1.,0.,0.));
#415 = ORIENTED_EDGE('',*,*,#416,.F.);
#416 = EDGE_CURVE('',#112,#409,#417,.T.);
#417 = LINE('',#418,#419);
#418 = CARTESIAN_POINT('',(5.45,-0.6,0.));
#419 = VECTOR('',#420,1.);
#420 = DIRECTION('',(0.,1.,0.));
#421 = ORIENTED_EDGE('',*,*,#111,.T.);
#422 = ORIENTED_EDGE('',*,*,#423,.F.);
#423 = EDGE_CURVE('',#424,#104,#426,.T.);
#424 = VERTEX_POINT('',#425);
#425 = CARTESIAN_POINT('',(6.,1.2,0.));
#426 = LINE('',#427,#428);
#427 = CARTESIAN_POINT('',(6.,1.2,0.));
#428 = VECTOR('',#429,1.);
#429 = DIRECTION('',(0.,-1.,0.));
#430 = ORIENTED_EDGE('',*,*,#431,.F.);
#431 = EDGE_CURVE('',#432,#424,#434,.T.);
#432 = VERTEX_POINT('',#433);
#433 = CARTESIAN_POINT('',(6.25,1.2,0.));
#434 = LINE('',#435,#436);
#435 = CARTESIAN_POINT('',(6.25,1.2,0.));
#436 = VECTOR('',#437,1.);
#437 = DIRECTION('',(-1.,0.,0.));
#438 = ORIENTED_EDGE('',*,*,#439,.F.);
#439 = EDGE_CURVE('',#96,#432,#440,.T.);
#440 = LINE('',#441,#442);
#441 = CARTESIAN_POINT('',(6.25,-0.6,0.));
#442 = VECTOR('',#443,1.);
#443 = DIRECTION('',(0.,1.,0.));
#444 = ORIENTED_EDGE('',*,*,#95,.T.);
#445 = ORIENTED_EDGE('',*,*,#446,.F.);
#446 = EDGE_CURVE('',#447,#88,#449,.T.);
#447 = VERTEX_POINT('',#448);
#448 = CARTESIAN_POINT('',(6.8,1.2,0.));
#449 = LINE('',#450,#451);
#450 = CARTESIAN_POINT('',(6.8,1.2,0.));
#451 = VECTOR('',#452,1.);
#452 = DIRECTION('',(0.,-1.,0.));
#453 = ORIENTED_EDGE('',*,*,#454,.F.);
#454 = EDGE_CURVE('',#455,#447,#457,.T.);
#455 = VERTEX_POINT('',#456);
#456 = CARTESIAN_POINT('',(7.05,1.2,0.));
#457 = LINE('',#458,#459);
#458 = CARTESIAN_POINT('',(7.05,1.2,0.));
#459 = VECTOR('',#460,1.);
#460 = DIRECTION('',(-1.,0.,0.));
#461 = ORIENTED_EDGE('',*,*,#462,.F.);
#462 = EDGE_CURVE('',#80,#455,#463,.T.);
#463 = LINE('',#464,#465);
#464 = CARTESIAN_POINT('',(7.05,-0.6,0.));
#465 = VECTOR('',#466,1.);
#466 = DIRECTION('',(0.,1.,0.));
#467 = ORIENTED_EDGE('',*,*,#79,.T.);
#468 = ORIENTED_EDGE('',*,*,#469,.F.);
#469 = EDGE_CURVE('',#470,#72,#472,.T.);
#470 = VERTEX_POINT('',#471);
#471 = CARTESIAN_POINT('',(7.6,1.2,0.));
#472 = LINE('',#473,#474);
#473 = CARTESIAN_POINT('',(7.6,1.2,0.));
#474 = VECTOR('',#475,1.);
#475 = DIRECTION('',(0.,-1.,0.));
#476 = ORIENTED_EDGE('',*,*,#477,.F.);
#477 = EDGE_CURVE('',#478,#470,#480,.T.);
#478 = VERTEX_POINT('',#479);
#479 = CARTESIAN_POINT('',(7.85,1.2,0.));
#480 = LINE('',#481,#482);
#481 = CARTESIAN_POINT('',(7.85,1.2,0.));
#482 = VECTOR('',#483,1.);
#483 = DIRECTION('',(-1.,0.,0.));
#484 = ORIENTED_EDGE('',*,*,#485,.F.);
#485 = EDGE_CURVE('',#64,#478,#486,.T.);
#486 = LINE('',#487,#488);
#487 = CARTESIAN_POINT('',(7.85,-0.6,0.));
#488 = VECTOR('',#489,1.);
#489 = DIRECTION('',(0.,1.,0.));
#490 = ORIENTED_EDGE('',*,*,#63,.T.);
#491 = ORIENTED_EDGE('',*,*,#492,.F.);
#492 = EDGE_CURVE('',#493,#56,#495,.T.);
#493 = VERTEX_POINT('',#494);
#494 = CARTESIAN_POINT('',(8.4,1.2,0.));
#495 = LINE('',#496,#497);
#496 = CARTESIAN_POINT('',(8.4,1.2,0.));
#497 = VECTOR('',#498,1.);
#498 = DIRECTION('',(0.,-1.,0.));
#499 = ORIENTED_EDGE('',*,*,#500,.F.);
#500 = EDGE_CURVE('',#501,#493,#503,.T.);
#501 = VERTEX_POINT('',#502);
#502 = CARTESIAN_POINT('',(8.65,1.2,0.));
#503 = LINE('',#504,#505);
#504 = CARTESIAN_POINT('',(8.65,1.2,0.));
#505 = VECTOR('',#506,1.);
#506 = DIRECTION('',(-1.,0.,0.));
#507 = ORIENTED_EDGE('',*,*,#508,.F.);
#508 = EDGE_CURVE('',#48,#501,#509,.T.);
#509 = LINE('',#510,#511);
#510 = CARTESIAN_POINT('',(8.65,-0.6,0.));
#511 = VECTOR('',#512,1.);
#512 = DIRECTION('',(0.,1.,0.));
#513 = ORIENTED_EDGE('',*,*,#47,.T.);
#514 = ORIENTED_EDGE('',*,*,#269,.T.);
#515 = ORIENTED_EDGE('',*,*,#516,.T.);
#516 = EDGE_CURVE('',#262,#517,#519,.T.);
#517 = VERTEX_POINT('',#518);
#518 = CARTESIAN_POINT('',(8.65,4.4,0.));
#519 = LINE('',#520,#521);
#520 = CARTESIAN_POINT('',(9.9,4.4,0.));
#521 = VECTOR('',#522,1.);
#522 = DIRECTION('',(-1.,0.,0.));
#523 = ORIENTED_EDGE('',*,*,#524,.F.);
#524 = EDGE_CURVE('',#525,#517,#527,.T.);
#525 = VERTEX_POINT('',#526);
#526 = CARTESIAN_POINT('',(8.65,3.2,0.));
#527 = LINE('',#528,#529);
#528 = CARTESIAN_POINT('',(8.65,3.2,0.));
#529 = VECTOR('',#530,1.);
#530 = DIRECTION('',(0.,1.,0.));
#531 = ORIENTED_EDGE('',*,*,#532,.F.);
#532 = EDGE_CURVE('',#533,#525,#535,.T.);
#533 = VERTEX_POINT('',#534);
#534 = CARTESIAN_POINT('',(8.4,3.2,0.));
#535 = LINE('',#536,#537);
#536 = CARTESIAN_POINT('',(8.4,3.2,0.));
#537 = VECTOR('',#538,1.);
#538 = DIRECTION('',(1.,0.,0.));
#539 = ORIENTED_EDGE('',*,*,#540,.F.);
#540 = EDGE_CURVE('',#541,#533,#543,.T.);
#541 = VERTEX_POINT('',#542);
#542 = CARTESIAN_POINT('',(8.4,4.4,0.));
#543 = LINE('',#544,#545);
#544 = CARTESIAN_POINT('',(8.4,5.,0.));
#545 = VECTOR('',#546,1.);
#546 = DIRECTION('',(0.,-1.,0.));
#547 = ORIENTED_EDGE('',*,*,#548,.T.);
#548 = EDGE_CURVE('',#541,#549,#551,.T.);
#549 = VERTEX_POINT('',#550);
#550 = CARTESIAN_POINT('',(7.85,4.4,0.));
#551 = LINE('',#552,#553);
#552 = CARTESIAN_POINT('',(9.9,4.4,0.));
#553 = VECTOR('',#554,1.);
#554 = DIRECTION('',(-1.,0.,0.));
#555 = ORIENTED_EDGE('',*,*,#556,.F.);
#556 = EDGE_CURVE('',#557,#549,#559,.T.);
#557 = VERTEX_POINT('',#558);
#558 = CARTESIAN_POINT('',(7.85,3.2,0.));
#559 = LINE('',#560,#561);
#560 = CARTESIAN_POINT('',(7.85,3.2,0.));
#561 = VECTOR('',#562,1.);
#562 = DIRECTION('',(0.,1.,0.));
#563 = ORIENTED_EDGE('',*,*,#564,.F.);
#564 = EDGE_CURVE('',#565,#557,#567,.T.);
#565 = VERTEX_POINT('',#566);
#566 = CARTESIAN_POINT('',(7.6,3.2,0.));
#567 = LINE('',#568,#569);
#568 = CARTESIAN_POINT('',(7.6,3.2,0.));
#569 = VECTOR('',#570,1.);
#570 = DIRECTION('',(1.,0.,0.));
#571 = ORIENTED_EDGE('',*,*,#572,.F.);
#572 = EDGE_CURVE('',#573,#565,#575,.T.);
#573 = VERTEX_POINT('',#574);
#574 = CARTESIAN_POINT('',(7.6,4.4,0.));
#575 = LINE('',#576,#577);
#576 = CARTESIAN_POINT('',(7.6,5.,0.));
#577 = VECTOR('',#578,1.);
#578 = DIRECTION('',(0.,-1.,0.));
#579 = ORIENTED_EDGE('',*,*,#580,.T.);
#580 = EDGE_CURVE('',#573,#581,#583,.T.);
#581 = VERTEX_POINT('',#582);
#582 = CARTESIAN_POINT('',(7.05,4.4,0.));
#583 = LINE('',#584,#585);
#584 = CARTESIAN_POINT('',(9.9,4.4,0.));
#585 = VECTOR('',#586,1.);
#586 = DIRECTION('',(-1.,0.,0.));
#587 = ORIENTED_EDGE('',*,*,#588,.F.);
#588 = EDGE_CURVE('',#589,#581,#591,.T.);
#589 = VERTEX_POINT('',#590);
#590 = CARTESIAN_POINT('',(7.05,3.2,0.));
#591 = LINE('',#592,#593);
#592 = CARTESIAN_POINT('',(7.05,3.2,0.));
#593 = VECTOR('',#594,1.);
#594 = DIRECTION('',(0.,1.,0.));
#595 = ORIENTED_EDGE('',*,*,#596,.F.);
#596 = EDGE_CURVE('',#597,#589,#599,.T.);
#597 = VERTEX_POINT('',#598);
#598 = CARTESIAN_POINT('',(6.8,3.2,0.));
#599 = LINE('',#600,#601);
#600 = CARTESIAN_POINT('',(6.8,3.2,0.));
#601 = VECTOR('',#602,1.);
#602 = DIRECTION('',(1.,0.,0.));
#603 = ORIENTED_EDGE('',*,*,#604,.F.);
#604 = EDGE_CURVE('',#605,#597,#607,.T.);
#605 = VERTEX_POINT('',#606);
#606 = CARTESIAN_POINT('',(6.8,4.4,0.));
#607 = LINE('',#608,#609);
#608 = CARTESIAN_POINT('',(6.8,5.,0.));
#609 = VECTOR('',#610,1.);
#610 = DIRECTION('',(0.,-1.,0.));
#611 = ORIENTED_EDGE('',*,*,#612,.T.);
#612 = EDGE_CURVE('',#605,#613,#615,.T.);
#613 = VERTEX_POINT('',#614);
#614 = CARTESIAN_POINT('',(6.25,4.4,0.));
#615 = LINE('',#616,#617);
#616 = CARTESIAN_POINT('',(9.9,4.4,0.));
#617 = VECTOR('',#618,1.);
#618 = DIRECTION('',(-1.,0.,0.));
#619 = ORIENTED_EDGE('',*,*,#620,.F.);
#620 = EDGE_CURVE('',#621,#613,#623,.T.);
#621 = VERTEX_POINT('',#622);
#622 = CARTESIAN_POINT('',(6.25,3.2,0.));
#623 = LINE('',#624,#625);
#624 = CARTESIAN_POINT('',(6.25,3.2,0.));
#625 = VECTOR('',#626,1.);
#626 = DIRECTION('',(0.,1.,0.));
#627 = ORIENTED_EDGE('',*,*,#628,.F.);
#628 = EDGE_CURVE('',#629,#621,#631,.T.);
#629 = VERTEX_POINT('',#630);
#630 = CARTESIAN_POINT('',(6.,3.2,0.));
#631 = LINE('',#632,#633);
#632 = CARTESIAN_POINT('',(6.,3.2,0.));
#633 = VECTOR('',#634,1.);
#634 = DIRECTION('',(1.,0.,0.));
#635 = ORIENTED_EDGE('',*,*,#636,.F.);
#636 = EDGE_CURVE('',#637,#629,#639,.T.);
#637 = VERTEX_POINT('',#638);
#638 = CARTESIAN_POINT('',(6.,4.4,0.));
#639 = LINE('',#640,#641);
#640 = CARTESIAN_POINT('',(6.,5.,0.));
#641 = VECTOR('',#642,1.);
#642 = DIRECTION('',(0.,-1.,0.));
#643 = ORIENTED_EDGE('',*,*,#644,.T.);
#644 = EDGE_CURVE('',#637,#645,#647,.T.);
#645 = VERTEX_POINT('',#646);
#646 = CARTESIAN_POINT('',(5.45,4.4,0.));
#647 = LINE('',#648,#649);
#648 = CARTESIAN_POINT('',(9.9,4.4,0.));
#649 = VECTOR('',#650,1.);
#650 = DIRECTION('',(-1.,0.,0.));
#651 = ORIENTED_EDGE('',*,*,#652,.F.);
#652 = EDGE_CURVE('',#653,#645,#655,.T.);
#653 = VERTEX_POINT('',#654);
#654 = CARTESIAN_POINT('',(5.45,3.2,0.));
#655 = LINE('',#656,#657);
#656 = CARTESIAN_POINT('',(5.45,3.2,0.));
#657 = VECTOR('',#658,1.);
#658 = DIRECTION('',(0.,1.,0.));
#659 = ORIENTED_EDGE('',*,*,#660,.F.);
#660 = EDGE_CURVE('',#661,#653,#663,.T.);
#661 = VERTEX_POINT('',#662);
#662 = CARTESIAN_POINT('',(5.2,3.2,0.));
#663 = LINE('',#664,#665);
#664 = CARTESIAN_POINT('',(5.2,3.2,0.));
#665 = VECTOR('',#666,1.);
#666 = DIRECTION('',(1.,0.,0.));
#667 = ORIENTED_EDGE('',*,*,#668,.F.);
#668 = EDGE_CURVE('',#669,#661,#671,.T.);
#669 = VERTEX_POINT('',#670);
#670 = CARTESIAN_POINT('',(5.2,4.4,0.));
#671 = LINE('',#672,#673);
#672 = CARTESIAN_POINT('',(5.2,5.,0.));
#673 = VECTOR('',#674,1.);
#674 = DIRECTION('',(0.,-1.,0.));
#675 = ORIENTED_EDGE('',*,*,#676,.T.);
#676 = EDGE_CURVE('',#669,#677,#679,.T.);
#677 = VERTEX_POINT('',#678);
#678 = CARTESIAN_POINT('',(4.65,4.4,0.));
#679 = LINE('',#680,#681);
#680 = CARTESIAN_POINT('',(9.9,4.4,0.));
#681 = VECTOR('',#682,1.);
#682 = DIRECTION('',(-1.,0.,0.));
#683 = ORIENTED_EDGE('',*,*,#684,.F.);
#684 = EDGE_CURVE('',#685,#677,#687,.T.);
#685 = VERTEX_POINT('',#686);
#686 = CARTESIAN_POINT('',(4.65,3.2,0.));
#687 = LINE('',#688,#689);
#688 = CARTESIAN_POINT('',(4.65,3.2,0.));
#689 = VECTOR('',#690,1.);
#690 = DIRECTION('',(0.,1.,0.));
#691 = ORIENTED_EDGE('',*,*,#692,.F.);
#692 = EDGE_CURVE('',#693,#685,#695,.T.);
#693 = VERTEX_POINT('',#694);
#694 = CARTESIAN_POINT('',(4.4,3.2,0.));
#695 = LINE('',#696,#697);
#696 = CARTESIAN_POINT('',(4.4,3.2,0.));
#697 = VECTOR('',#698,1.);
#698 = DIRECTION('',(1.,0.,0.));
#699 = ORIENTED_EDGE('',*,*,#700,.F.);
#700 = EDGE_CURVE('',#701,#693,#703,.T.);
#701 = VERTEX_POINT('',#702);
#702 = CARTESIAN_POINT('',(4.4,4.4,0.));
#703 = LINE('',#704,#705);
#704 = CARTESIAN_POINT('',(4.4,5.,0.));
#705 = VECTOR('',#706,1.);
#706 = DIRECTION('',(0.,-1.,0.));
#707 = ORIENTED_EDGE('',*,*,#708,.T.);
#708 = EDGE_CURVE('',#701,#709,#711,.T.);
#709 = VERTEX_POINT('',#710);
#710 = CARTESIAN_POINT('',(3.85,4.4,0.));
#711 = LINE('',#712,#713);
#712 = CARTESIAN_POINT('',(9.9,4.4,0.));
#713 = VECTOR('',#714,1.);
#714 = DIRECTION('',(-1.,0.,0.));
#715 = ORIENTED_EDGE('',*,*,#716,.F.);
#716 = EDGE_CURVE('',#717,#709,#719,.T.);
#717 = VERTEX_POINT('',#718);
#718 = CARTESIAN_POINT('',(3.85,3.2,0.));
#719 = LINE('',#720,#721);
#720 = CARTESIAN_POINT('',(3.85,3.2,0.));
#721 = VECTOR('',#722,1.);
#722 = DIRECTION('',(0.,1.,0.));
#723 = ORIENTED_EDGE('',*,*,#724,.F.);
#724 = EDGE_CURVE('',#725,#717,#727,.T.);
#725 = VERTEX_POINT('',#726);
#726 = CARTESIAN_POINT('',(3.6,3.2,0.));
#727 = LINE('',#728,#729);
#728 = CARTESIAN_POINT('',(3.6,3.2,0.));
#729 = VECTOR('',#730,1.);
#730 = DIRECTION('',(1.,0.,0.));
#731 = ORIENTED_EDGE('',*,*,#732,.F.);
#732 = EDGE_CURVE('',#733,#725,#735,.T.);
#733 = VERTEX_POINT('',#734);
#734 = CARTESIAN_POINT('',(3.6,4.4,0.));
#735 = LINE('',#736,#737);
#736 = CARTESIAN_POINT('',(3.6,5.,0.));
#737 = VECTOR('',#738,1.);
#738 = DIRECTION('',(0.,-1.,0.));
#739 = ORIENTED_EDGE('',*,*,#740,.T.);
#740 = EDGE_CURVE('',#733,#741,#743,.T.);
#741 = VERTEX_POINT('',#742);
#742 = CARTESIAN_POINT('',(3.05,4.4,0.));
#743 = LINE('',#744,#745);
#744 = CARTESIAN_POINT('',(9.9,4.4,0.));
#745 = VECTOR('',#746,1.);
#746 = DIRECTION('',(-1.,0.,0.));
#747 = ORIENTED_EDGE('',*,*,#748,.F.);
#748 = EDGE_CURVE('',#749,#741,#751,.T.);
#749 = VERTEX_POINT('',#750);
#750 = CARTESIAN_POINT('',(3.05,3.2,0.));
#751 = LINE('',#752,#753);
#752 = CARTESIAN_POINT('',(3.05,3.2,0.));
#753 = VECTOR('',#754,1.);
#754 = DIRECTION('',(0.,1.,0.));
#755 = ORIENTED_EDGE('',*,*,#756,.F.);
#756 = EDGE_CURVE('',#757,#749,#759,.T.);
#757 = VERTEX_POINT('',#758);
#758 = CARTESIAN_POINT('',(2.8,3.2,0.));
#759 = LINE('',#760,#761);
#760 = CARTESIAN_POINT('',(2.8,3.2,0.));
#761 = VECTOR('',#762,1.);
#762 = DIRECTION('',(1.,0.,0.));
#763 = ORIENTED_EDGE('',*,*,#764,.F.);
#764 = EDGE_CURVE('',#765,#757,#767,.T.);
#765 = VERTEX_POINT('',#766);
#766 = CARTESIAN_POINT('',(2.8,4.4,0.));
#767 = LINE('',#768,#769);
#768 = CARTESIAN_POINT('',(2.8,5.,0.));
#769 = VECTOR('',#770,1.);
#770 = DIRECTION('',(0.,-1.,0.));
#771 = ORIENTED_EDGE('',*,*,#772,.T.);
#772 = EDGE_CURVE('',#765,#773,#775,.T.);
#773 = VERTEX_POINT('',#774);
#774 = CARTESIAN_POINT('',(2.25,4.4,0.));
#775 = LINE('',#776,#777);
#776 = CARTESIAN_POINT('',(9.9,4.4,0.));
#777 = VECTOR('',#778,1.);
#778 = DIRECTION('',(-1.,0.,0.));
#779 = ORIENTED_EDGE('',*,*,#780,.F.);
#780 = EDGE_CURVE('',#781,#773,#783,.T.);
#781 = VERTEX_POINT('',#782);
#782 = CARTESIAN_POINT('',(2.25,3.2,0.));
#783 = LINE('',#784,#785);
#784 = CARTESIAN_POINT('',(2.25,3.2,0.));
#785 = VECTOR('',#786,1.);
#786 = DIRECTION('',(0.,1.,0.));
#787 = ORIENTED_EDGE('',*,*,#788,.F.);
#788 = EDGE_CURVE('',#789,#781,#791,.T.);
#789 = VERTEX_POINT('',#790);
#790 = CARTESIAN_POINT('',(2.,3.2,0.));
#791 = LINE('',#792,#793);
#792 = CARTESIAN_POINT('',(2.,3.2,0.));
#793 = VECTOR('',#794,1.);
#794 = DIRECTION('',(1.,0.,0.));
#795 = ORIENTED_EDGE('',*,*,#796,.F.);
#796 = EDGE_CURVE('',#797,#789,#799,.T.);
#797 = VERTEX_POINT('',#798);
#798 = CARTESIAN_POINT('',(2.,4.4,0.));
#799 = LINE('',#800,#801);
#800 = CARTESIAN_POINT('',(2.,5.,0.));
#801 = VECTOR('',#802,1.);
#802 = DIRECTION('',(0.,-1.,0.));
#803 = ORIENTED_EDGE('',*,*,#804,.T.);
#804 = EDGE_CURVE('',#797,#805,#807,.T.);
#805 = VERTEX_POINT('',#806);
#806 = CARTESIAN_POINT('',(1.45,4.4,0.));
#807 = LINE('',#808,#809);
#808 = CARTESIAN_POINT('',(9.9,4.4,0.));
#809 = VECTOR('',#810,1.);
#810 = DIRECTION('',(-1.,0.,0.));
#811 = ORIENTED_EDGE('',*,*,#812,.F.);
#812 = EDGE_CURVE('',#813,#805,#815,.T.);
#813 = VERTEX_POINT('',#814);
#814 = CARTESIAN_POINT('',(1.45,3.2,0.));
#815 = LINE('',#816,#817);
#816 = CARTESIAN_POINT('',(1.45,3.2,0.));
#817 = VECTOR('',#818,1.);
#818 = DIRECTION('',(0.,1.,0.));
#819 = ORIENTED_EDGE('',*,*,#820,.F.);
#820 = EDGE_CURVE('',#821,#813,#823,.T.);
#821 = VERTEX_POINT('',#822);
#822 = CARTESIAN_POINT('',(1.2,3.2,0.));
#823 = LINE('',#824,#825);
#824 = CARTESIAN_POINT('',(1.2,3.2,0.));
#825 = VECTOR('',#826,1.);
#826 = DIRECTION('',(1.,0.,0.));
#827 = ORIENTED_EDGE('',*,*,#828,.F.);
#828 = EDGE_CURVE('',#829,#821,#831,.T.);
#829 = VERTEX_POINT('',#830);
#830 = CARTESIAN_POINT('',(1.2,4.4,0.));
#831 = LINE('',#832,#833);
#832 = CARTESIAN_POINT('',(1.2,5.,0.));
#833 = VECTOR('',#834,1.);
#834 = DIRECTION('',(0.,-1.,0.));
#835 = ORIENTED_EDGE('',*,*,#836,.T.);
#836 = EDGE_CURVE('',#829,#222,#837,.T.);
#837 = LINE('',#838,#839);
#838 = CARTESIAN_POINT('',(9.9,4.4,0.));
#839 = VECTOR('',#840,1.);
#840 = DIRECTION('',(-1.,0.,0.));
#841 = FACE_BOUND('',#842,.F.);
#842 = EDGE_LOOP('',(#843));
#843 = ORIENTED_EDGE('',*,*,#844,.T.);
#844 = EDGE_CURVE('',#845,#845,#847,.T.);
#845 = VERTEX_POINT('',#846);
#846 = CARTESIAN_POINT('',(0.75,0.95,0.));
#847 = CIRCLE('',#848,0.3);
#848 = AXIS2_PLACEMENT_3D('',#849,#850,#851);
#849 = CARTESIAN_POINT('',(0.45,0.95,0.));
#850 = DIRECTION('',(0.,0.,-1.));
#851 = DIRECTION('',(1.,0.,0.));
#852 = FACE_BOUND('',#853,.F.);
#853 = EDGE_LOOP('',(#854));
#854 = ORIENTED_EDGE('',*,*,#855,.T.);
#855 = EDGE_CURVE('',#856,#856,#858,.T.);
#856 = VERTEX_POINT('',#857);
#857 = CARTESIAN_POINT('',(9.75,0.95,0.));
#858 = CIRCLE('',#859,0.3);
#859 = AXIS2_PLACEMENT_3D('',#860,#861,#862);
#860 = CARTESIAN_POINT('',(9.45,0.95,0.));
#861 = DIRECTION('',(0.,0.,-1.));
#862 = DIRECTION('',(1.,0.,0.));
#863 = PLANE('',#864);
#864 = AXIS2_PLACEMENT_3D('',#865,#866,#867);
#865 = CARTESIAN_POINT('',(4.95,2.2,0.));
#866 = DIRECTION('',(0.,0.,1.));
#867 = DIRECTION('',(1.,0.,0.));
#868 = ADVANCED_FACE('',(#869),#894,.T.);
#869 = FACE_BOUND('',#870,.T.);
#870 = EDGE_LOOP('',(#871,#872,#880,#888));
#871 = ORIENTED_EDGE('',*,*,#199,.F.);
#872 = ORIENTED_EDGE('',*,*,#873,.T.);
#873 = EDGE_CURVE('',#200,#874,#876,.T.);
#874 = VERTEX_POINT('',#875);
#875 = CARTESIAN_POINT('',(1.2,-0.6,0.));
#876 = LINE('',#877,#878);
#877 = CARTESIAN_POINT('',(1.2,1.2,0.));
#878 = VECTOR('',#879,1.);
#879 = DIRECTION('',(0.,-1.,0.));
#880 = ORIENTED_EDGE('',*,*,#881,.T.);
#881 = EDGE_CURVE('',#874,#882,#884,.T.);
#882 = VERTEX_POINT('',#883);
#883 = CARTESIAN_POINT('',(1.45,-0.6,0.));
#884 = LINE('',#885,#886);
#885 = CARTESIAN_POINT('',(1.2,-0.6,0.));
#886 = VECTOR('',#887,1.);
#887 = DIRECTION('',(1.,0.,0.));
#888 = ORIENTED_EDGE('',*,*,#889,.T.);
#889 = EDGE_CURVE('',#882,#192,#890,.T.);
#890 = LINE('',#891,#892);
#891 = CARTESIAN_POINT('',(1.45,-0.6,0.));
#892 = VECTOR('',#893,1.);
#893 = DIRECTION('',(0.,1.,0.));
#894 = PLANE('',#895);
#895 = AXIS2_PLACEMENT_3D('',#896,#897,#898);
#896 = CARTESIAN_POINT('',(4.925,2.2,0.));
#897 = DIRECTION('',(0.,0.,1.));
#898 = DIRECTION('',(1.,0.,0.));
#899 = ADVANCED_FACE('',(#900),#925,.T.);
#900 = FACE_BOUND('',#901,.T.);
#901 = EDGE_LOOP('',(#902,#903,#911,#919));
#902 = ORIENTED_EDGE('',*,*,#183,.F.);
#903 = ORIENTED_EDGE('',*,*,#904,.T.);
#904 = EDGE_CURVE('',#184,#905,#907,.T.);
#905 = VERTEX_POINT('',#906);
#906 = CARTESIAN_POINT('',(2.,-0.6,0.));
#907 = LINE('',#908,#909);
#908 = CARTESIAN_POINT('',(2.,1.2,0.));
#909 = VECTOR('',#910,1.);
#910 = DIRECTION('',(0.,-1.,0.));
#911 = ORIENTED_EDGE('',*,*,#912,.T.);
#912 = EDGE_CURVE('',#905,#913,#915,.T.);
#913 = VERTEX_POINT('',#914);
#914 = CARTESIAN_POINT('',(2.25,-0.6,0.));
#915 = LINE('',#916,#917);
#916 = CARTESIAN_POINT('',(2.,-0.6,0.));
#917 = VECTOR('',#918,1.);
#918 = DIRECTION('',(1.,0.,0.));
#919 = ORIENTED_EDGE('',*,*,#920,.T.);
#920 = EDGE_CURVE('',#913,#176,#921,.T.);
#921 = LINE('',#922,#923);
#922 = CARTESIAN_POINT('',(2.25,-0.6,0.));
#923 = VECTOR('',#924,1.);
#924 = DIRECTION('',(0.,1.,0.));
#925 = PLANE('',#926);
#926 = AXIS2_PLACEMENT_3D('',#927,#928,#929);
#927 = CARTESIAN_POINT('',(4.925,2.2,0.));
#928 = DIRECTION('',(0.,0.,1.));
#929 = DIRECTION('',(1.,0.,0.));
#930 = ADVANCED_FACE('',(#931),#956,.T.);
#931 = FACE_BOUND('',#932,.T.);
#932 = EDGE_LOOP('',(#933,#934,#942,#950));
#933 = ORIENTED_EDGE('',*,*,#167,.F.);
#934 = ORIENTED_EDGE('',*,*,#935,.T.);
#935 = EDGE_CURVE('',#168,#936,#938,.T.);
#936 = VERTEX_POINT('',#937);
#937 = CARTESIAN_POINT('',(2.8,-0.6,0.));
#938 = LINE('',#939,#940);
#939 = CARTESIAN_POINT('',(2.8,1.2,0.));
#940 = VECTOR('',#941,1.);
#941 = DIRECTION('',(0.,-1.,0.));
#942 = ORIENTED_EDGE('',*,*,#943,.T.);
#943 = EDGE_CURVE('',#936,#944,#946,.T.);
#944 = VERTEX_POINT('',#945);
#945 = CARTESIAN_POINT('',(3.05,-0.6,0.));
#946 = LINE('',#947,#948);
#947 = CARTESIAN_POINT('',(2.8,-0.6,0.));
#948 = VECTOR('',#949,1.);
#949 = DIRECTION('',(1.,0.,0.));
#950 = ORIENTED_EDGE('',*,*,#951,.T.);
#951 = EDGE_CURVE('',#944,#160,#952,.T.);
#952 = LINE('',#953,#954);
#953 = CARTESIAN_POINT('',(3.05,-0.6,0.));
#954 = VECTOR('',#955,1.);
#955 = DIRECTION('',(0.,1.,0.));
#956 = PLANE('',#957);
#957 = AXIS2_PLACEMENT_3D('',#958,#959,#960);
#958 = CARTESIAN_POINT('',(4.925,2.2,0.));
#959 = DIRECTION('',(0.,0.,1.));
#960 = DIRECTION('',(1.,0.,0.));
#961 = ADVANCED_FACE('',(#962),#987,.T.);
#962 = FACE_BOUND('',#963,.T.);
#963 = EDGE_LOOP('',(#964,#965,#973,#981));
#964 = ORIENTED_EDGE('',*,*,#151,.F.);
#965 = ORIENTED_EDGE('',*,*,#966,.T.);
#966 = EDGE_CURVE('',#152,#967,#969,.T.);
#967 = VERTEX_POINT('',#968);
#968 = CARTESIAN_POINT('',(3.6,-0.6,0.));
#969 = LINE('',#970,#971);
#970 = CARTESIAN_POINT('',(3.6,1.2,0.));
#971 = VECTOR('',#972,1.);
#972 = DIRECTION('',(0.,-1.,0.));
#973 = ORIENTED_EDGE('',*,*,#974,.T.);
#974 = EDGE_CURVE('',#967,#975,#977,.T.);
#975 = VERTEX_POINT('',#976);
#976 = CARTESIAN_POINT('',(3.85,-0.6,0.));
#977 = LINE('',#978,#979);
#978 = CARTESIAN_POINT('',(3.6,-0.6,0.));
#979 = VECTOR('',#980,1.);
#980 = DIRECTION('',(1.,0.,0.));
#981 = ORIENTED_EDGE('',*,*,#982,.T.);
#982 = EDGE_CURVE('',#975,#144,#983,.T.);
#983 = LINE('',#984,#985);
#984 = CARTESIAN_POINT('',(3.85,-0.6,0.));
#985 = VECTOR('',#986,1.);
#986 = DIRECTION('',(0.,1.,0.));
#987 = PLANE('',#988);
#988 = AXIS2_PLACEMENT_3D('',#989,#990,#991);
#989 = CARTESIAN_POINT('',(4.925,2.2,0.));
#990 = DIRECTION('',(0.,0.,1.));
#991 = DIRECTION('',(1.,0.,0.));
#992 = ADVANCED_FACE('',(#993),#1018,.T.);
#993 = FACE_BOUND('',#994,.T.);
#994 = EDGE_LOOP('',(#995,#996,#1004,#1012));
#995 = ORIENTED_EDGE('',*,*,#135,.F.);
#996 = ORIENTED_EDGE('',*,*,#997,.T.);
#997 = EDGE_CURVE('',#136,#998,#1000,.T.);
#998 = VERTEX_POINT('',#999);
#999 = CARTESIAN_POINT('',(4.4,-0.6,0.));
#1000 = LINE('',#1001,#1002);
#1001 = CARTESIAN_POINT('',(4.4,1.2,0.));
#1002 = VECTOR('',#1003,1.);
#1003 = DIRECTION('',(0.,-1.,0.));
#1004 = ORIENTED_EDGE('',*,*,#1005,.T.);
#1005 = EDGE_CURVE('',#998,#1006,#1008,.T.);
#1006 = VERTEX_POINT('',#1007);
#1007 = CARTESIAN_POINT('',(4.65,-0.6,0.));
#1008 = LINE('',#1009,#1010);
#1009 = CARTESIAN_POINT('',(4.4,-0.6,0.));
#1010 = VECTOR('',#1011,1.);
#1011 = DIRECTION('',(1.,0.,0.));
#1012 = ORIENTED_EDGE('',*,*,#1013,.T.);
#1013 = EDGE_CURVE('',#1006,#128,#1014,.T.);
#1014 = LINE('',#1015,#1016);
#1015 = CARTESIAN_POINT('',(4.65,-0.6,0.));
#1016 = VECTOR('',#1017,1.);
#1017 = DIRECTION('',(0.,1.,0.));
#1018 = PLANE('',#1019);
#1019 = AXIS2_PLACEMENT_3D('',#1020,#1021,#1022);
#1020 = CARTESIAN_POINT('',(4.925,2.2,0.));
#1021 = DIRECTION('',(0.,0.,1.));
#1022 = DIRECTION('',(1.,0.,0.));
#1023 = ADVANCED_FACE('',(#1024),#1049,.T.);
#1024 = FACE_BOUND('',#1025,.T.);
#1025 = EDGE_LOOP('',(#1026,#1027,#1035,#1043));
#1026 = ORIENTED_EDGE('',*,*,#119,.F.);
#1027 = ORIENTED_EDGE('',*,*,#1028,.T.);
#1028 = EDGE_CURVE('',#120,#1029,#1031,.T.);
#1029 = VERTEX_POINT('',#1030);
#1030 = CARTESIAN_POINT('',(5.2,-0.6,0.));
#1031 = LINE('',#1032,#1033);
#1032 = CARTESIAN_POINT('',(5.2,1.2,0.));
#1033 = VECTOR('',#1034,1.);
#1034 = DIRECTION('',(0.,-1.,0.));
#1035 = ORIENTED_EDGE('',*,*,#1036,.T.);
#1036 = EDGE_CURVE('',#1029,#1037,#1039,.T.);
#1037 = VERTEX_POINT('',#1038);
#1038 = CARTESIAN_POINT('',(5.45,-0.6,0.));
#1039 = LINE('',#1040,#1041);
#1040 = CARTESIAN_POINT('',(5.2,-0.6,0.));
#1041 = VECTOR('',#1042,1.);
#1042 = DIRECTION('',(1.,0.,0.));
#1043 = ORIENTED_EDGE('',*,*,#1044,.T.);
#1044 = EDGE_CURVE('',#1037,#112,#1045,.T.);
#1045 = LINE('',#1046,#1047);
#1046 = CARTESIAN_POINT('',(5.45,-0.6,0.));
#1047 = VECTOR('',#1048,1.);
#1048 = DIRECTION('',(0.,1.,0.));
#1049 = PLANE('',#1050);
#1050 = AXIS2_PLACEMENT_3D('',#1051,#1052,#1053);
#1051 = CARTESIAN_POINT('',(4.925,2.2,0.));
#1052 = DIRECTION('',(0.,0.,1.));
#1053 = DIRECTION('',(1.,0.,0.));
#1054 = ADVANCED_FACE('',(#1055),#1080,.T.);
#1055 = FACE_BOUND('',#1056,.T.);
#1056 = EDGE_LOOP('',(#1057,#1058,#1066,#1074));
#1057 = ORIENTED_EDGE('',*,*,#103,.F.);
#1058 = ORIENTED_EDGE('',*,*,#1059,.T.);
#1059 = EDGE_CURVE('',#104,#1060,#1062,.T.);
#1060 = VERTEX_POINT('',#1061);
#1061 = CARTESIAN_POINT('',(6.,-0.6,0.));
#1062 = LINE('',#1063,#1064);
#1063 = CARTESIAN_POINT('',(6.,1.2,0.));
#1064 = VECTOR('',#1065,1.);
#1065 = DIRECTION('',(0.,-1.,0.));
#1066 = ORIENTED_EDGE('',*,*,#1067,.T.);
#1067 = EDGE_CURVE('',#1060,#1068,#1070,.T.);
#1068 = VERTEX_POINT('',#1069);
#1069 = CARTESIAN_POINT('',(6.25,-0.6,0.));
#1070 = LINE('',#1071,#1072);
#1071 = CARTESIAN_POINT('',(6.,-0.6,0.));
#1072 = VECTOR('',#1073,1.);
#1073 = DIRECTION('',(1.,0.,0.));
#1074 = ORIENTED_EDGE('',*,*,#1075,.T.);
#1075 = EDGE_CURVE('',#1068,#96,#1076,.T.);
#1076 = LINE('',#1077,#1078);
#1077 = CARTESIAN_POINT('',(6.25,-0.6,0.));
#1078 = VECTOR('',#1079,1.);
#1079 = DIRECTION('',(0.,1.,0.));
#1080 = PLANE('',#1081);
#1081 = AXIS2_PLACEMENT_3D('',#1082,#1083,#1084);
#1082 = CARTESIAN_POINT('',(4.925,2.2,0.));
#1083 = DIRECTION('',(0.,0.,1.));
#1084 = DIRECTION('',(1.,0.,0.));
#1085 = ADVANCED_FACE('',(#1086),#1111,.T.);
#1086 = FACE_BOUND('',#1087,.T.);
#1087 = EDGE_LOOP('',(#1088,#1089,#1097,#1105));
#1088 = ORIENTED_EDGE('',*,*,#87,.F.);
#1089 = ORIENTED_EDGE('',*,*,#1090,.T.);
#1090 = EDGE_CURVE('',#88,#1091,#1093,.T.);
#1091 = VERTEX_POINT('',#1092);
#1092 = CARTESIAN_POINT('',(6.8,-0.6,0.));
#1093 = LINE('',#1094,#1095);
#1094 = CARTESIAN_POINT('',(6.8,1.2,0.));
#1095 = VECTOR('',#1096,1.);
#1096 = DIRECTION('',(0.,-1.,0.));
#1097 = ORIENTED_EDGE('',*,*,#1098,.T.);
#1098 = EDGE_CURVE('',#1091,#1099,#1101,.T.);
#1099 = VERTEX_POINT('',#1100);
#1100 = CARTESIAN_POINT('',(7.05,-0.6,0.));
#1101 = LINE('',#1102,#1103);
#1102 = CARTESIAN_POINT('',(6.8,-0.6,0.));
#1103 = VECTOR('',#1104,1.);
#1104 = DIRECTION('',(1.,0.,0.));
#1105 = ORIENTED_EDGE('',*,*,#1106,.T.);
#1106 = EDGE_CURVE('',#1099,#80,#1107,.T.);
#1107 = LINE('',#1108,#1109);
#1108 = CARTESIAN_POINT('',(7.05,-0.6,0.));
#1109 = VECTOR('',#1110,1.);
#1110 = DIRECTION('',(0.,1.,0.));
#1111 = PLANE('',#1112);
#1112 = AXIS2_PLACEMENT_3D('',#1113,#1114,#1115);
#1113 = CARTESIAN_POINT('',(4.925,2.2,0.));
#1114 = DIRECTION('',(0.,0.,1.));
#1115 = DIRECTION('',(1.,0.,0.));
#1116 = ADVANCED_FACE('',(#1117),#1142,.T.);
#1117 = FACE_BOUND('',#1118,.T.);
#1118 = EDGE_LOOP('',(#1119,#1120,#1128,#1136));
#1119 = ORIENTED_EDGE('',*,*,#71,.F.);
#1120 = ORIENTED_EDGE('',*,*,#1121,.T.);
#1121 = EDGE_CURVE('',#72,#1122,#1124,.T.);
#1122 = VERTEX_POINT('',#1123);
#1123 = CARTESIAN_POINT('',(7.6,-0.6,0.));
#1124 = LINE('',#1125,#1126);
#1125 = CARTESIAN_POINT('',(7.6,1.2,0.));
#1126 = VECTOR('',#1127,1.);
#1127 = DIRECTION('',(0.,-1.,0.));
#1128 = ORIENTED_EDGE('',*,*,#1129,.T.);
#1129 = EDGE_CURVE('',#1122,#1130,#1132,.T.);
#1130 = VERTEX_POINT('',#1131);
#1131 = CARTESIAN_POINT('',(7.85,-0.6,0.));
#1132 = LINE('',#1133,#1134);
#1133 = CARTESIAN_POINT('',(7.6,-0.6,0.));
#1134 = VECTOR('',#1135,1.);
#1135 = DIRECTION('',(1.,0.,0.));
#1136 = ORIENTED_EDGE('',*,*,#1137,.T.);
#1137 = EDGE_CURVE('',#1130,#64,#1138,.T.);
#1138 = LINE('',#1139,#1140);
#1139 = CARTESIAN_POINT('',(7.85,-0.6,0.));
#1140 = VECTOR('',#1141,1.);
#1141 = DIRECTION('',(0.,1.,0.));
#1142 = PLANE('',#1143);
#1143 = AXIS2_PLACEMENT_3D('',#1144,#1145,#1146);
#1144 = CARTESIAN_POINT('',(4.925,2.2,0.));
#1145 = DIRECTION('',(0.,0.,1.));
#1146 = DIRECTION('',(1.,0.,0.));
#1147 = ADVANCED_FACE('',(#1148),#1173,.T.);
#1148 = FACE_BOUND('',#1149,.T.);
#1149 = EDGE_LOOP('',(#1150,#1151,#1159,#1167));
#1150 = ORIENTED_EDGE('',*,*,#55,.F.);
#1151 = ORIENTED_EDGE('',*,*,#1152,.T.);
#1152 = EDGE_CURVE('',#56,#1153,#1155,.T.);
#1153 = VERTEX_POINT('',#1154);
#1154 = CARTESIAN_POINT('',(8.4,-0.6,0.));
#1155 = LINE('',#1156,#1157);
#1156 = CARTESIAN_POINT('',(8.4,1.2,0.));
#1157 = VECTOR('',#1158,1.);
#1158 = DIRECTION('',(0.,-1.,0.));
#1159 = ORIENTED_EDGE('',*,*,#1160,.T.);
#1160 = EDGE_CURVE('',#1153,#1161,#1163,.T.);
#1161 = VERTEX_POINT('',#1162);
#1162 = CARTESIAN_POINT('',(8.65,-0.6,0.));
#1163 = LINE('',#1164,#1165);
#1164 = CARTESIAN_POINT('',(8.4,-0.6,0.));
#1165 = VECTOR('',#1166,1.);
#1166 = DIRECTION('',(1.,0.,0.));
#1167 = ORIENTED_EDGE('',*,*,#1168,.T.);
#1168 = EDGE_CURVE('',#1161,#48,#1169,.T.);
#1169 = LINE('',#1170,#1171);
#1170 = CARTESIAN_POINT('',(8.65,-0.6,0.));
#1171 = VECTOR('',#1172,1.);
#1172 = DIRECTION('',(0.,1.,0.));
#1173 = PLANE('',#1174);
#1174 = AXIS2_PLACEMENT_3D('',#1175,#1176,#1177);
#1175 = CARTESIAN_POINT('',(4.925,2.2,0.));
#1176 = DIRECTION('',(0.,0.,1.));
#1177 = DIRECTION('',(1.,0.,0.));
#1178 = ADVANCED_FACE('',(#1179,#1190,#1864),#2538,.T.);
#1179 = FACE_BOUND('',#1180,.T.);
#1180 = EDGE_LOOP('',(#1181,#1182,#1183,#1189));
#1181 = ORIENTED_EDGE('',*,*,#31,.T.);
#1182 = ORIENTED_EDGE('',*,*,#253,.T.);
#1183 = ORIENTED_EDGE('',*,*,#1184,.T.);
#1184 = EDGE_CURVE('',#254,#224,#1185,.T.);
#1185 = LINE('',#1186,#1187);
#1186 = CARTESIAN_POINT('',(9.9,4.4,3.));
#1187 = VECTOR('',#1188,1.);
#1188 = DIRECTION('',(-1.,0.,0.));
#1189 = ORIENTED_EDGE('',*,*,#231,.T.);
#1190 = FACE_BOUND('',#1191,.T.);
#1191 = EDGE_LOOP('',(#1192,#1202,#1210,#1218,#1226,#1234,#1242,#1250,
    #1258,#1266,#1274,#1282,#1290,#1298,#1306,#1314,#1322,#1330,#1338,
    #1346,#1354,#1362,#1370,#1378,#1386,#1394,#1402,#1410,#1418,#1426,
    #1434,#1442,#1450,#1458,#1466,#1474,#1482,#1490,#1498,#1506,#1514,
    #1522,#1530,#1538,#1546,#1554,#1562,#1570,#1578,#1586,#1594,#1602,
    #1610,#1618,#1626,#1634,#1642,#1650,#1658,#1666,#1674,#1682,#1690,
    #1698,#1706,#1714,#1722,#1730,#1738,#1746,#1754,#1762,#1770,#1778,
    #1786,#1794,#1802,#1810,#1818,#1826,#1834,#1842,#1850,#1858));
#1192 = ORIENTED_EDGE('',*,*,#1193,.F.);
#1193 = EDGE_CURVE('',#1194,#1196,#1198,.T.);
#1194 = VERTEX_POINT('',#1195);
#1195 = CARTESIAN_POINT('',(0.801929,1.649653,3.));
#1196 = VERTEX_POINT('',#1197);
#1197 = CARTESIAN_POINT('',(0.801929,0.849653,3.));
#1198 = LINE('',#1199,#1200);
#1199 = CARTESIAN_POINT('',(0.801929,1.649653,3.));
#1200 = VECTOR('',#1201,1.);
#1201 = DIRECTION('',(0.,-1.,0.));
#1202 = ORIENTED_EDGE('',*,*,#1203,.F.);
#1203 = EDGE_CURVE('',#1204,#1194,#1206,.T.);
#1204 = VERTEX_POINT('',#1205);
#1205 = CARTESIAN_POINT('',(1.2,1.649653,3.));
#1206 = LINE('',#1207,#1208);
#1207 = CARTESIAN_POINT('',(9.101929,1.649653,3.));
#1208 = VECTOR('',#1209,1.);
#1209 = DIRECTION('',(-1.,0.,0.));
#1210 = ORIENTED_EDGE('',*,*,#1211,.T.);
#1211 = EDGE_CURVE('',#1204,#1212,#1214,.T.);
#1212 = VERTEX_POINT('',#1213);
#1213 = CARTESIAN_POINT('',(1.2,1.747161,3.));
#1214 = LINE('',#1215,#1216);
#1215 = CARTESIAN_POINT('',(1.2,1.9735805,3.));
#1216 = VECTOR('',#1217,1.);
#1217 = DIRECTION('',(-0.,1.,0.));
#1218 = ORIENTED_EDGE('',*,*,#1219,.T.);
#1219 = EDGE_CURVE('',#1212,#1220,#1222,.T.);
#1220 = VERTEX_POINT('',#1221);
#1221 = CARTESIAN_POINT('',(1.45,1.747161,3.));
#1222 = LINE('',#1223,#1224);
#1223 = CARTESIAN_POINT('',(3.2,1.747161,3.));
#1224 = VECTOR('',#1225,1.);
#1225 = DIRECTION('',(1.,0.,-0.));
#1226 = ORIENTED_EDGE('',*,*,#1227,.T.);
#1227 = EDGE_CURVE('',#1220,#1228,#1230,.T.);
#1228 = VERTEX_POINT('',#1229);
#1229 = CARTESIAN_POINT('',(1.45,1.649653,3.));
#1230 = LINE('',#1231,#1232);
#1231 = CARTESIAN_POINT('',(1.45,1.873581,3.));
#1232 = VECTOR('',#1233,1.);
#1233 = DIRECTION('',(0.,-1.,0.));
#1234 = ORIENTED_EDGE('',*,*,#1235,.F.);
#1235 = EDGE_CURVE('',#1236,#1228,#1238,.T.);
#1236 = VERTEX_POINT('',#1237);
#1237 = CARTESIAN_POINT('',(2.,1.649653,3.));
#1238 = LINE('',#1239,#1240);
#1239 = CARTESIAN_POINT('',(9.101929,1.649653,3.));
#1240 = VECTOR('',#1241,1.);
#1241 = DIRECTION('',(-1.,0.,0.));
#1242 = ORIENTED_EDGE('',*,*,#1243,.T.);
#1243 = EDGE_CURVE('',#1236,#1244,#1246,.T.);
#1244 = VERTEX_POINT('',#1245);
#1245 = CARTESIAN_POINT('',(2.,1.747161,3.));
#1246 = LINE('',#1247,#1248);
#1247 = CARTESIAN_POINT('',(2.,1.9735805,3.));
#1248 = VECTOR('',#1249,1.);
#1249 = DIRECTION('',(-0.,1.,0.));
#1250 = ORIENTED_EDGE('',*,*,#1251,.T.);
#1251 = EDGE_CURVE('',#1244,#1252,#1254,.T.);
#1252 = VERTEX_POINT('',#1253);
#1253 = CARTESIAN_POINT('',(2.25,1.747161,3.));
#1254 = LINE('',#1255,#1256);
#1255 = CARTESIAN_POINT('',(3.6,1.747161,3.));
#1256 = VECTOR('',#1257,1.);
#1257 = DIRECTION('',(1.,0.,-0.));
#1258 = ORIENTED_EDGE('',*,*,#1259,.T.);
#1259 = EDGE_CURVE('',#1252,#1260,#1262,.T.);
#1260 = VERTEX_POINT('',#1261);
#1261 = CARTESIAN_POINT('',(2.25,1.649653,3.));
#1262 = LINE('',#1263,#1264);
#1263 = CARTESIAN_POINT('',(2.25,1.8735805,3.));
#1264 = VECTOR('',#1265,1.);
#1265 = DIRECTION('',(0.,-1.,0.));
#1266 = ORIENTED_EDGE('',*,*,#1267,.F.);
#1267 = EDGE_CURVE('',#1268,#1260,#1270,.T.);
#1268 = VERTEX_POINT('',#1269);
#1269 = CARTESIAN_POINT('',(2.8,1.649653,3.));
#1270 = LINE('',#1271,#1272);
#1271 = CARTESIAN_POINT('',(9.101929,1.649653,3.));
#1272 = VECTOR('',#1273,1.);
#1273 = DIRECTION('',(-1.,0.,0.));
#1274 = ORIENTED_EDGE('',*,*,#1275,.T.);
#1275 = EDGE_CURVE('',#1268,#1276,#1278,.T.);
#1276 = VERTEX_POINT('',#1277);
#1277 = CARTESIAN_POINT('',(2.8,1.747161,3.));
#1278 = LINE('',#1279,#1280);
#1279 = CARTESIAN_POINT('',(2.8,1.9735805,3.));
#1280 = VECTOR('',#1281,1.);
#1281 = DIRECTION('',(-0.,1.,0.));
#1282 = ORIENTED_EDGE('',*,*,#1283,.T.);
#1283 = EDGE_CURVE('',#1276,#1284,#1286,.T.);
#1284 = VERTEX_POINT('',#1285);
#1285 = CARTESIAN_POINT('',(3.05,1.747161,3.));
#1286 = LINE('',#1287,#1288);
#1287 = CARTESIAN_POINT('',(4.,1.747161,3.));
#1288 = VECTOR('',#1289,1.);
#1289 = DIRECTION('',(1.,0.,-0.));
#1290 = ORIENTED_EDGE('',*,*,#1291,.T.);
#1291 = EDGE_CURVE('',#1284,#1292,#1294,.T.);
#1292 = VERTEX_POINT('',#1293);
#1293 = CARTESIAN_POINT('',(3.05,1.649653,3.));
#1294 = LINE('',#1295,#1296);
#1295 = CARTESIAN_POINT('',(3.05,1.8735805,3.));
#1296 = VECTOR('',#1297,1.);
#1297 = DIRECTION('',(0.,-1.,0.));
#1298 = ORIENTED_EDGE('',*,*,#1299,.F.);
#1299 = EDGE_CURVE('',#1300,#1292,#1302,.T.);
#1300 = VERTEX_POINT('',#1301);
#1301 = CARTESIAN_POINT('',(3.6,1.649653,3.));
#1302 = LINE('',#1303,#1304);
#1303 = CARTESIAN_POINT('',(9.101929,1.649653,3.));
#1304 = VECTOR('',#1305,1.);
#1305 = DIRECTION('',(-1.,0.,0.));
#1306 = ORIENTED_EDGE('',*,*,#1307,.T.);
#1307 = EDGE_CURVE('',#1300,#1308,#1310,.T.);
#1308 = VERTEX_POINT('',#1309);
#1309 = CARTESIAN_POINT('',(3.6,1.747161,3.));
#1310 = LINE('',#1311,#1312);
#1311 = CARTESIAN_POINT('',(3.6,1.9735805,3.));
#1312 = VECTOR('',#1313,1.);
#1313 = DIRECTION('',(-0.,1.,0.));
#1314 = ORIENTED_EDGE('',*,*,#1315,.T.);
#1315 = EDGE_CURVE('',#1308,#1316,#1318,.T.);
#1316 = VERTEX_POINT('',#1317);
#1317 = CARTESIAN_POINT('',(3.85,1.747161,3.));
#1318 = LINE('',#1319,#1320);
#1319 = CARTESIAN_POINT('',(4.4,1.747161,3.));
#1320 = VECTOR('',#1321,1.);
#1321 = DIRECTION('',(1.,0.,-0.));
#1322 = ORIENTED_EDGE('',*,*,#1323,.T.);
#1323 = EDGE_CURVE('',#1316,#1324,#1326,.T.);
#1324 = VERTEX_POINT('',#1325);
#1325 = CARTESIAN_POINT('',(3.85,1.649653,3.));
#1326 = LINE('',#1327,#1328);
#1327 = CARTESIAN_POINT('',(3.85,1.8735805,3.));
#1328 = VECTOR('',#1329,1.);
#1329 = DIRECTION('',(0.,-1.,0.));
#1330 = ORIENTED_EDGE('',*,*,#1331,.F.);
#1331 = EDGE_CURVE('',#1332,#1324,#1334,.T.);
#1332 = VERTEX_POINT('',#1333);
#1333 = CARTESIAN_POINT('',(4.4,1.649653,3.));
#1334 = LINE('',#1335,#1336);
#1335 = CARTESIAN_POINT('',(9.101929,1.649653,3.));
#1336 = VECTOR('',#1337,1.);
#1337 = DIRECTION('',(-1.,0.,0.));
#1338 = ORIENTED_EDGE('',*,*,#1339,.T.);
#1339 = EDGE_CURVE('',#1332,#1340,#1342,.T.);
#1340 = VERTEX_POINT('',#1341);
#1341 = CARTESIAN_POINT('',(4.4,1.747161,3.));
#1342 = LINE('',#1343,#1344);
#1343 = CARTESIAN_POINT('',(4.4,1.9735805,3.));
#1344 = VECTOR('',#1345,1.);
#1345 = DIRECTION('',(-0.,1.,0.));
#1346 = ORIENTED_EDGE('',*,*,#1347,.T.);
#1347 = EDGE_CURVE('',#1340,#1348,#1350,.T.);
#1348 = VERTEX_POINT('',#1349);
#1349 = CARTESIAN_POINT('',(4.65,1.747161,3.));
#1350 = LINE('',#1351,#1352);
#1351 = CARTESIAN_POINT('',(4.8,1.747161,3.));
#1352 = VECTOR('',#1353,1.);
#1353 = DIRECTION('',(1.,0.,-0.));
#1354 = ORIENTED_EDGE('',*,*,#1355,.T.);
#1355 = EDGE_CURVE('',#1348,#1356,#1358,.T.);
#1356 = VERTEX_POINT('',#1357);
#1357 = CARTESIAN_POINT('',(4.65,1.649653,3.));
#1358 = LINE('',#1359,#1360);
#1359 = CARTESIAN_POINT('',(4.65,1.8735805,3.));
#1360 = VECTOR('',#1361,1.);
#1361 = DIRECTION('',(0.,-1.,0.));
#1362 = ORIENTED_EDGE('',*,*,#1363,.F.);
#1363 = EDGE_CURVE('',#1364,#1356,#1366,.T.);
#1364 = VERTEX_POINT('',#1365);
#1365 = CARTESIAN_POINT('',(5.2,1.649653,3.));
#1366 = LINE('',#1367,#1368);
#1367 = CARTESIAN_POINT('',(9.101929,1.649653,3.));
#1368 = VECTOR('',#1369,1.);
#1369 = DIRECTION('',(-1.,0.,0.));
#1370 = ORIENTED_EDGE('',*,*,#1371,.T.);
#1371 = EDGE_CURVE('',#1364,#1372,#1374,.T.);
#1372 = VERTEX_POINT('',#1373);
#1373 = CARTESIAN_POINT('',(5.2,1.747161,3.));
#1374 = LINE('',#1375,#1376);
#1375 = CARTESIAN_POINT('',(5.2,1.9735805,3.));
#1376 = VECTOR('',#1377,1.);
#1377 = DIRECTION('',(-0.,1.,0.));
#1378 = ORIENTED_EDGE('',*,*,#1379,.T.);
#1379 = EDGE_CURVE('',#1372,#1380,#1382,.T.);
#1380 = VERTEX_POINT('',#1381);
#1381 = CARTESIAN_POINT('',(5.45,1.747161,3.));
#1382 = LINE('',#1383,#1384);
#1383 = CARTESIAN_POINT('',(5.2,1.747161,3.));
#1384 = VECTOR('',#1385,1.);
#1385 = DIRECTION('',(1.,0.,-0.));
#1386 = ORIENTED_EDGE('',*,*,#1387,.T.);
#1387 = EDGE_CURVE('',#1380,#1388,#1390,.T.);
#1388 = VERTEX_POINT('',#1389);
#1389 = CARTESIAN_POINT('',(5.45,1.649653,3.));
#1390 = LINE('',#1391,#1392);
#1391 = CARTESIAN_POINT('',(5.45,1.8735805,3.));
#1392 = VECTOR('',#1393,1.);
#1393 = DIRECTION('',(0.,-1.,0.));
#1394 = ORIENTED_EDGE('',*,*,#1395,.F.);
#1395 = EDGE_CURVE('',#1396,#1388,#1398,.T.);
#1396 = VERTEX_POINT('',#1397);
#1397 = CARTESIAN_POINT('',(6.,1.649653,3.));
#1398 = LINE('',#1399,#1400);
#1399 = CARTESIAN_POINT('',(9.101929,1.649653,3.));
#1400 = VECTOR('',#1401,1.);
#1401 = DIRECTION('',(-1.,0.,0.));
#1402 = ORIENTED_EDGE('',*,*,#1403,.T.);
#1403 = EDGE_CURVE('',#1396,#1404,#1406,.T.);
#1404 = VERTEX_POINT('',#1405);
#1405 = CARTESIAN_POINT('',(6.,1.747161,3.));
#1406 = LINE('',#1407,#1408);
#1407 = CARTESIAN_POINT('',(6.,1.9735805,3.));
#1408 = VECTOR('',#1409,1.);
#1409 = DIRECTION('',(-0.,1.,0.));
#1410 = ORIENTED_EDGE('',*,*,#1411,.T.);
#1411 = EDGE_CURVE('',#1404,#1412,#1414,.T.);
#1412 = VERTEX_POINT('',#1413);
#1413 = CARTESIAN_POINT('',(6.25,1.747161,3.));
#1414 = LINE('',#1415,#1416);
#1415 = CARTESIAN_POINT('',(5.6,1.747161,3.));
#1416 = VECTOR('',#1417,1.);
#1417 = DIRECTION('',(1.,0.,-0.));
#1418 = ORIENTED_EDGE('',*,*,#1419,.T.);
#1419 = EDGE_CURVE('',#1412,#1420,#1422,.T.);
#1420 = VERTEX_POINT('',#1421);
#1421 = CARTESIAN_POINT('',(6.25,1.649653,3.));
#1422 = LINE('',#1423,#1424);
#1423 = CARTESIAN_POINT('',(6.25,1.8735805,3.));
#1424 = VECTOR('',#1425,1.);
#1425 = DIRECTION('',(0.,-1.,0.));
#1426 = ORIENTED_EDGE('',*,*,#1427,.F.);
#1427 = EDGE_CURVE('',#1428,#1420,#1430,.T.);
#1428 = VERTEX_POINT('',#1429);
#1429 = CARTESIAN_POINT('',(6.8,1.649653,3.));
#1430 = LINE('',#1431,#1432);
#1431 = CARTESIAN_POINT('',(9.101929,1.649653,3.));
#1432 = VECTOR('',#1433,1.);
#1433 = DIRECTION('',(-1.,0.,0.));
#1434 = ORIENTED_EDGE('',*,*,#1435,.T.);
#1435 = EDGE_CURVE('',#1428,#1436,#1438,.T.);
#1436 = VERTEX_POINT('',#1437);
#1437 = CARTESIAN_POINT('',(6.8,1.747161,3.));
#1438 = LINE('',#1439,#1440);
#1439 = CARTESIAN_POINT('',(6.8,1.9735805,3.));
#1440 = VECTOR('',#1441,1.);
#1441 = DIRECTION('',(-0.,1.,0.));
#1442 = ORIENTED_EDGE('',*,*,#1443,.T.);
#1443 = EDGE_CURVE('',#1436,#1444,#1446,.T.);
#1444 = VERTEX_POINT('',#1445);
#1445 = CARTESIAN_POINT('',(7.05,1.747161,3.));
#1446 = LINE('',#1447,#1448);
#1447 = CARTESIAN_POINT('',(6.,1.747161,3.));
#1448 = VECTOR('',#1449,1.);
#1449 = DIRECTION('',(1.,0.,-0.));
#1450 = ORIENTED_EDGE('',*,*,#1451,.T.);
#1451 = EDGE_CURVE('',#1444,#1452,#1454,.T.);
#1452 = VERTEX_POINT('',#1453);
#1453 = CARTESIAN_POINT('',(7.05,1.649653,3.));
#1454 = LINE('',#1455,#1456);
#1455 = CARTESIAN_POINT('',(7.05,1.8735805,3.));
#1456 = VECTOR('',#1457,1.);
#1457 = DIRECTION('',(0.,-1.,0.));
#1458 = ORIENTED_EDGE('',*,*,#1459,.F.);
#1459 = EDGE_CURVE('',#1460,#1452,#1462,.T.);
#1460 = VERTEX_POINT('',#1461);
#1461 = CARTESIAN_POINT('',(7.6,1.649653,3.));
#1462 = LINE('',#1463,#1464);
#1463 = CARTESIAN_POINT('',(9.101929,1.649653,3.));
#1464 = VECTOR('',#1465,1.);
#1465 = DIRECTION('',(-1.,0.,0.));
#1466 = ORIENTED_EDGE('',*,*,#1467,.T.);
#1467 = EDGE_CURVE('',#1460,#1468,#1470,.T.);
#1468 = VERTEX_POINT('',#1469);
#1469 = CARTESIAN_POINT('',(7.6,1.747161,3.));
#1470 = LINE('',#1471,#1472);
#1471 = CARTESIAN_POINT('',(7.6,1.9735805,3.));
#1472 = VECTOR('',#1473,1.);
#1473 = DIRECTION('',(-0.,1.,0.));
#1474 = ORIENTED_EDGE('',*,*,#1475,.T.);
#1475 = EDGE_CURVE('',#1468,#1476,#1478,.T.);
#1476 = VERTEX_POINT('',#1477);
#1477 = CARTESIAN_POINT('',(7.85,1.747161,3.));
#1478 = LINE('',#1479,#1480);
#1479 = CARTESIAN_POINT('',(6.4,1.747161,3.));
#1480 = VECTOR('',#1481,1.);
#1481 = DIRECTION('',(1.,0.,-0.));
#1482 = ORIENTED_EDGE('',*,*,#1483,.T.);
#1483 = EDGE_CURVE('',#1476,#1484,#1486,.T.);
#1484 = VERTEX_POINT('',#1485);
#1485 = CARTESIAN_POINT('',(7.85,1.649653,3.));
#1486 = LINE('',#1487,#1488);
#1487 = CARTESIAN_POINT('',(7.85,1.8735805,3.));
#1488 = VECTOR('',#1489,1.);
#1489 = DIRECTION('',(0.,-1.,0.));
#1490 = ORIENTED_EDGE('',*,*,#1491,.F.);
#1491 = EDGE_CURVE('',#1492,#1484,#1494,.T.);
#1492 = VERTEX_POINT('',#1493);
#1493 = CARTESIAN_POINT('',(8.4,1.649653,3.));
#1494 = LINE('',#1495,#1496);
#1495 = CARTESIAN_POINT('',(9.101929,1.649653,3.));
#1496 = VECTOR('',#1497,1.);
#1497 = DIRECTION('',(-1.,0.,0.));
#1498 = ORIENTED_EDGE('',*,*,#1499,.T.);
#1499 = EDGE_CURVE('',#1492,#1500,#1502,.T.);
#1500 = VERTEX_POINT('',#1501);
#1501 = CARTESIAN_POINT('',(8.4,1.747161,3.));
#1502 = LINE('',#1503,#1504);
#1503 = CARTESIAN_POINT('',(8.4,1.9735805,3.));
#1504 = VECTOR('',#1505,1.);
#1505 = DIRECTION('',(-0.,1.,0.));
#1506 = ORIENTED_EDGE('',*,*,#1507,.T.);
#1507 = EDGE_CURVE('',#1500,#1508,#1510,.T.);
#1508 = VERTEX_POINT('',#1509);
#1509 = CARTESIAN_POINT('',(8.65,1.747161,3.));
#1510 = LINE('',#1511,#1512);
#1511 = CARTESIAN_POINT('',(6.8,1.747161,3.));
#1512 = VECTOR('',#1513,1.);
#1513 = DIRECTION('',(1.,0.,-0.));
#1514 = ORIENTED_EDGE('',*,*,#1515,.T.);
#1515 = EDGE_CURVE('',#1508,#1516,#1518,.T.);
#1516 = VERTEX_POINT('',#1517);
#1517 = CARTESIAN_POINT('',(8.65,1.649653,3.));
#1518 = LINE('',#1519,#1520);
#1519 = CARTESIAN_POINT('',(8.65,1.8735805,3.));
#1520 = VECTOR('',#1521,1.);
#1521 = DIRECTION('',(0.,-1.,0.));
#1522 = ORIENTED_EDGE('',*,*,#1523,.F.);
#1523 = EDGE_CURVE('',#1524,#1516,#1526,.T.);
#1524 = VERTEX_POINT('',#1525);
#1525 = CARTESIAN_POINT('',(9.101929,1.649653,3.));
#1526 = LINE('',#1527,#1528);
#1527 = CARTESIAN_POINT('',(9.101929,1.649653,3.));
#1528 = VECTOR('',#1529,1.);
#1529 = DIRECTION('',(-1.,0.,0.));
#1530 = ORIENTED_EDGE('',*,*,#1531,.F.);
#1531 = EDGE_CURVE('',#1532,#1524,#1534,.T.);
#1532 = VERTEX_POINT('',#1533);
#1533 = CARTESIAN_POINT('',(9.101929,0.849653,3.));
#1534 = LINE('',#1535,#1536);
#1535 = CARTESIAN_POINT('',(9.101929,0.849653,3.));
#1536 = VECTOR('',#1537,1.);
#1537 = DIRECTION('',(0.,1.,0.));
#1538 = ORIENTED_EDGE('',*,*,#1539,.F.);
#1539 = EDGE_CURVE('',#1540,#1532,#1542,.T.);
#1540 = VERTEX_POINT('',#1541);
#1541 = CARTESIAN_POINT('',(8.65,0.849653,3.));
#1542 = LINE('',#1543,#1544);
#1543 = CARTESIAN_POINT('',(0.801929,0.849653,3.));
#1544 = VECTOR('',#1545,1.);
#1545 = DIRECTION('',(1.,0.,0.));
#1546 = ORIENTED_EDGE('',*,*,#1547,.T.);
#1547 = EDGE_CURVE('',#1540,#1548,#1550,.T.);
#1548 = VERTEX_POINT('',#1549);
#1549 = CARTESIAN_POINT('',(8.65,0.747161,3.));
#1550 = LINE('',#1551,#1552);
#1551 = CARTESIAN_POINT('',(8.65,1.4735805,3.));
#1552 = VECTOR('',#1553,1.);
#1553 = DIRECTION('',(0.,-1.,0.));
#1554 = ORIENTED_EDGE('',*,*,#1555,.T.);
#1555 = EDGE_CURVE('',#1548,#1556,#1558,.T.);
#1556 = VERTEX_POINT('',#1557);
#1557 = CARTESIAN_POINT('',(8.4,0.747161,3.));
#1558 = LINE('',#1559,#1560);
#1559 = CARTESIAN_POINT('',(6.675,0.747161,3.));
#1560 = VECTOR('',#1561,1.);
#1561 = DIRECTION('',(-1.,0.,0.));
#1562 = ORIENTED_EDGE('',*,*,#1563,.T.);
#1563 = EDGE_CURVE('',#1556,#1564,#1566,.T.);
#1564 = VERTEX_POINT('',#1565);
#1565 = CARTESIAN_POINT('',(8.4,0.849653,3.));
#1566 = LINE('',#1567,#1568);
#1567 = CARTESIAN_POINT('',(8.4,1.5735805,3.));
#1568 = VECTOR('',#1569,1.);
#1569 = DIRECTION('',(-0.,1.,0.));
#1570 = ORIENTED_EDGE('',*,*,#1571,.F.);
#1571 = EDGE_CURVE('',#1572,#1564,#1574,.T.);
#1572 = VERTEX_POINT('',#1573);
#1573 = CARTESIAN_POINT('',(7.85,0.849653,3.));
#1574 = LINE('',#1575,#1576);
#1575 = CARTESIAN_POINT('',(0.801929,0.849653,3.));
#1576 = VECTOR('',#1577,1.);
#1577 = DIRECTION('',(1.,0.,0.));
#1578 = ORIENTED_EDGE('',*,*,#1579,.T.);
#1579 = EDGE_CURVE('',#1572,#1580,#1582,.T.);
#1580 = VERTEX_POINT('',#1581);
#1581 = CARTESIAN_POINT('',(7.85,0.747161,3.));
#1582 = LINE('',#1583,#1584);
#1583 = CARTESIAN_POINT('',(7.85,1.4735805,3.));
#1584 = VECTOR('',#1585,1.);
#1585 = DIRECTION('',(0.,-1.,0.));
#1586 = ORIENTED_EDGE('',*,*,#1587,.T.);
#1587 = EDGE_CURVE('',#1580,#1588,#1590,.T.);
#1588 = VERTEX_POINT('',#1589);
#1589 = CARTESIAN_POINT('',(7.6,0.747161,3.));
#1590 = LINE('',#1591,#1592);
#1591 = CARTESIAN_POINT('',(6.275,0.747161,3.));
#1592 = VECTOR('',#1593,1.);
#1593 = DIRECTION('',(-1.,0.,0.));
#1594 = ORIENTED_EDGE('',*,*,#1595,.T.);
#1595 = EDGE_CURVE('',#1588,#1596,#1598,.T.);
#1596 = VERTEX_POINT('',#1597);
#1597 = CARTESIAN_POINT('',(7.6,0.849653,3.));
#1598 = LINE('',#1599,#1600);
#1599 = CARTESIAN_POINT('',(7.6,1.5735805,3.));
#1600 = VECTOR('',#1601,1.);
#1601 = DIRECTION('',(-0.,1.,0.));
#1602 = ORIENTED_EDGE('',*,*,#1603,.F.);
#1603 = EDGE_CURVE('',#1604,#1596,#1606,.T.);
#1604 = VERTEX_POINT('',#1605);
#1605 = CARTESIAN_POINT('',(7.05,0.849653,3.));
#1606 = LINE('',#1607,#1608);
#1607 = CARTESIAN_POINT('',(0.801929,0.849653,3.));
#1608 = VECTOR('',#1609,1.);
#1609 = DIRECTION('',(1.,0.,0.));
#1610 = ORIENTED_EDGE('',*,*,#1611,.T.);
#1611 = EDGE_CURVE('',#1604,#1612,#1614,.T.);
#1612 = VERTEX_POINT('',#1613);
#1613 = CARTESIAN_POINT('',(7.05,0.747161,3.));
#1614 = LINE('',#1615,#1616);
#1615 = CARTESIAN_POINT('',(7.05,1.4735805,3.));
#1616 = VECTOR('',#1617,1.);
#1617 = DIRECTION('',(0.,-1.,0.));
#1618 = ORIENTED_EDGE('',*,*,#1619,.T.);
#1619 = EDGE_CURVE('',#1612,#1620,#1622,.T.);
#1620 = VERTEX_POINT('',#1621);
#1621 = CARTESIAN_POINT('',(6.8,0.747161,3.));
#1622 = LINE('',#1623,#1624);
#1623 = CARTESIAN_POINT('',(5.875,0.747161,3.));
#1624 = VECTOR('',#1625,1.);
#1625 = DIRECTION('',(-1.,0.,0.));
#1626 = ORIENTED_EDGE('',*,*,#1627,.T.);
#1627 = EDGE_CURVE('',#1620,#1628,#1630,.T.);
#1628 = VERTEX_POINT('',#1629);
#1629 = CARTESIAN_POINT('',(6.8,0.849653,3.));
#1630 = LINE('',#1631,#1632);
#1631 = CARTESIAN_POINT('',(6.8,1.5735805,3.));
#1632 = VECTOR('',#1633,1.);
#1633 = DIRECTION('',(-0.,1.,0.));
#1634 = ORIENTED_EDGE('',*,*,#1635,.F.);
#1635 = EDGE_CURVE('',#1636,#1628,#1638,.T.);
#1636 = VERTEX_POINT('',#1637);
#1637 = CARTESIAN_POINT('',(6.25,0.849653,3.));
#1638 = LINE('',#1639,#1640);
#1639 = CARTESIAN_POINT('',(0.801929,0.849653,3.));
#1640 = VECTOR('',#1641,1.);
#1641 = DIRECTION('',(1.,0.,0.));
#1642 = ORIENTED_EDGE('',*,*,#1643,.T.);
#1643 = EDGE_CURVE('',#1636,#1644,#1646,.T.);
#1644 = VERTEX_POINT('',#1645);
#1645 = CARTESIAN_POINT('',(6.25,0.747161,3.));
#1646 = LINE('',#1647,#1648);
#1647 = CARTESIAN_POINT('',(6.25,1.4735805,3.));
#1648 = VECTOR('',#1649,1.);
#1649 = DIRECTION('',(0.,-1.,0.));
#1650 = ORIENTED_EDGE('',*,*,#1651,.T.);
#1651 = EDGE_CURVE('',#1644,#1652,#1654,.T.);
#1652 = VERTEX_POINT('',#1653);
#1653 = CARTESIAN_POINT('',(6.,0.747161,3.));
#1654 = LINE('',#1655,#1656);
#1655 = CARTESIAN_POINT('',(5.475,0.747161,3.));
#1656 = VECTOR('',#1657,1.);
#1657 = DIRECTION('',(-1.,0.,0.));
#1658 = ORIENTED_EDGE('',*,*,#1659,.T.);
#1659 = EDGE_CURVE('',#1652,#1660,#1662,.T.);
#1660 = VERTEX_POINT('',#1661);
#1661 = CARTESIAN_POINT('',(6.,0.849653,3.));
#1662 = LINE('',#1663,#1664);
#1663 = CARTESIAN_POINT('',(6.,1.5735805,3.));
#1664 = VECTOR('',#1665,1.);
#1665 = DIRECTION('',(-0.,1.,0.));
#1666 = ORIENTED_EDGE('',*,*,#1667,.F.);
#1667 = EDGE_CURVE('',#1668,#1660,#1670,.T.);
#1668 = VERTEX_POINT('',#1669);
#1669 = CARTESIAN_POINT('',(5.45,0.849653,3.));
#1670 = LINE('',#1671,#1672);
#1671 = CARTESIAN_POINT('',(0.801929,0.849653,3.));
#1672 = VECTOR('',#1673,1.);
#1673 = DIRECTION('',(1.,0.,0.));
#1674 = ORIENTED_EDGE('',*,*,#1675,.T.);
#1675 = EDGE_CURVE('',#1668,#1676,#1678,.T.);
#1676 = VERTEX_POINT('',#1677);
#1677 = CARTESIAN_POINT('',(5.45,0.747161,3.));
#1678 = LINE('',#1679,#1680);
#1679 = CARTESIAN_POINT('',(5.45,1.4735805,3.));
#1680 = VECTOR('',#1681,1.);
#1681 = DIRECTION('',(0.,-1.,0.));
#1682 = ORIENTED_EDGE('',*,*,#1683,.T.);
#1683 = EDGE_CURVE('',#1676,#1684,#1686,.T.);
#1684 = VERTEX_POINT('',#1685);
#1685 = CARTESIAN_POINT('',(5.2,0.747161,3.));
#1686 = LINE('',#1687,#1688);
#1687 = CARTESIAN_POINT('',(5.075,0.747161,3.));
#1688 = VECTOR('',#1689,1.);
#1689 = DIRECTION('',(-1.,0.,0.));
#1690 = ORIENTED_EDGE('',*,*,#1691,.T.);
#1691 = EDGE_CURVE('',#1684,#1692,#1694,.T.);
#1692 = VERTEX_POINT('',#1693);
#1693 = CARTESIAN_POINT('',(5.2,0.849653,3.));
#1694 = LINE('',#1695,#1696);
#1695 = CARTESIAN_POINT('',(5.2,1.5735805,3.));
#1696 = VECTOR('',#1697,1.);
#1697 = DIRECTION('',(-0.,1.,0.));
#1698 = ORIENTED_EDGE('',*,*,#1699,.F.);
#1699 = EDGE_CURVE('',#1700,#1692,#1702,.T.);
#1700 = VERTEX_POINT('',#1701);
#1701 = CARTESIAN_POINT('',(4.65,0.849653,3.));
#1702 = LINE('',#1703,#1704);
#1703 = CARTESIAN_POINT('',(0.801929,0.849653,3.));
#1704 = VECTOR('',#1705,1.);
#1705 = DIRECTION('',(1.,0.,0.));
#1706 = ORIENTED_EDGE('',*,*,#1707,.T.);
#1707 = EDGE_CURVE('',#1700,#1708,#1710,.T.);
#1708 = VERTEX_POINT('',#1709);
#1709 = CARTESIAN_POINT('',(4.65,0.747161,3.));
#1710 = LINE('',#1711,#1712);
#1711 = CARTESIAN_POINT('',(4.65,1.4735805,3.));
#1712 = VECTOR('',#1713,1.);
#1713 = DIRECTION('',(0.,-1.,0.));
#1714 = ORIENTED_EDGE('',*,*,#1715,.T.);
#1715 = EDGE_CURVE('',#1708,#1716,#1718,.T.);
#1716 = VERTEX_POINT('',#1717);
#1717 = CARTESIAN_POINT('',(4.4,0.747161,3.));
#1718 = LINE('',#1719,#1720);
#1719 = CARTESIAN_POINT('',(4.675,0.747161,3.));
#1720 = VECTOR('',#1721,1.);
#1721 = DIRECTION('',(-1.,0.,0.));
#1722 = ORIENTED_EDGE('',*,*,#1723,.T.);
#1723 = EDGE_CURVE('',#1716,#1724,#1726,.T.);
#1724 = VERTEX_POINT('',#1725);
#1725 = CARTESIAN_POINT('',(4.4,0.849653,3.));
#1726 = LINE('',#1727,#1728);
#1727 = CARTESIAN_POINT('',(4.4,1.5735805,3.));
#1728 = VECTOR('',#1729,1.);
#1729 = DIRECTION('',(-0.,1.,0.));
#1730 = ORIENTED_EDGE('',*,*,#1731,.F.);
#1731 = EDGE_CURVE('',#1732,#1724,#1734,.T.);
#1732 = VERTEX_POINT('',#1733);
#1733 = CARTESIAN_POINT('',(3.85,0.849653,3.));
#1734 = LINE('',#1735,#1736);
#1735 = CARTESIAN_POINT('',(0.801929,0.849653,3.));
#1736 = VECTOR('',#1737,1.);
#1737 = DIRECTION('',(1.,0.,0.));
#1738 = ORIENTED_EDGE('',*,*,#1739,.T.);
#1739 = EDGE_CURVE('',#1732,#1740,#1742,.T.);
#1740 = VERTEX_POINT('',#1741);
#1741 = CARTESIAN_POINT('',(3.85,0.747161,3.));
#1742 = LINE('',#1743,#1744);
#1743 = CARTESIAN_POINT('',(3.85,1.4735805,3.));
#1744 = VECTOR('',#1745,1.);
#1745 = DIRECTION('',(0.,-1.,0.));
#1746 = ORIENTED_EDGE('',*,*,#1747,.T.);
#1747 = EDGE_CURVE('',#1740,#1748,#1750,.T.);
#1748 = VERTEX_POINT('',#1749);
#1749 = CARTESIAN_POINT('',(3.6,0.747161,3.));
#1750 = LINE('',#1751,#1752);
#1751 = CARTESIAN_POINT('',(4.275,0.747161,3.));
#1752 = VECTOR('',#1753,1.);
#1753 = DIRECTION('',(-1.,0.,0.));
#1754 = ORIENTED_EDGE('',*,*,#1755,.T.);
#1755 = EDGE_CURVE('',#1748,#1756,#1758,.T.);
#1756 = VERTEX_POINT('',#1757);
#1757 = CARTESIAN_POINT('',(3.6,0.849653,3.));
#1758 = LINE('',#1759,#1760);
#1759 = CARTESIAN_POINT('',(3.6,1.5735805,3.));
#1760 = VECTOR('',#1761,1.);
#1761 = DIRECTION('',(-0.,1.,0.));
#1762 = ORIENTED_EDGE('',*,*,#1763,.F.);
#1763 = EDGE_CURVE('',#1764,#1756,#1766,.T.);
#1764 = VERTEX_POINT('',#1765);
#1765 = CARTESIAN_POINT('',(3.05,0.849653,3.));
#1766 = LINE('',#1767,#1768);
#1767 = CARTESIAN_POINT('',(0.801929,0.849653,3.));
#1768 = VECTOR('',#1769,1.);
#1769 = DIRECTION('',(1.,0.,0.));
#1770 = ORIENTED_EDGE('',*,*,#1771,.T.);
#1771 = EDGE_CURVE('',#1764,#1772,#1774,.T.);
#1772 = VERTEX_POINT('',#1773);
#1773 = CARTESIAN_POINT('',(3.05,0.747161,3.));
#1774 = LINE('',#1775,#1776);
#1775 = CARTESIAN_POINT('',(3.05,1.4735805,3.));
#1776 = VECTOR('',#1777,1.);
#1777 = DIRECTION('',(0.,-1.,0.));
#1778 = ORIENTED_EDGE('',*,*,#1779,.T.);
#1779 = EDGE_CURVE('',#1772,#1780,#1782,.T.);
#1780 = VERTEX_POINT('',#1781);
#1781 = CARTESIAN_POINT('',(2.8,0.747161,3.));
#1782 = LINE('',#1783,#1784);
#1783 = CARTESIAN_POINT('',(3.875,0.747161,3.));
#1784 = VECTOR('',#1785,1.);
#1785 = DIRECTION('',(-1.,0.,0.));
#1786 = ORIENTED_EDGE('',*,*,#1787,.T.);
#1787 = EDGE_CURVE('',#1780,#1788,#1790,.T.);
#1788 = VERTEX_POINT('',#1789);
#1789 = CARTESIAN_POINT('',(2.8,0.849653,3.));
#1790 = LINE('',#1791,#1792);
#1791 = CARTESIAN_POINT('',(2.8,1.5735805,3.));
#1792 = VECTOR('',#1793,1.);
#1793 = DIRECTION('',(-0.,1.,0.));
#1794 = ORIENTED_EDGE('',*,*,#1795,.F.);
#1795 = EDGE_CURVE('',#1796,#1788,#1798,.T.);
#1796 = VERTEX_POINT('',#1797);
#1797 = CARTESIAN_POINT('',(2.25,0.849653,3.));
#1798 = LINE('',#1799,#1800);
#1799 = CARTESIAN_POINT('',(0.801929,0.849653,3.));
#1800 = VECTOR('',#1801,1.);
#1801 = DIRECTION('',(1.,0.,0.));
#1802 = ORIENTED_EDGE('',*,*,#1803,.T.);
#1803 = EDGE_CURVE('',#1796,#1804,#1806,.T.);
#1804 = VERTEX_POINT('',#1805);
#1805 = CARTESIAN_POINT('',(2.25,0.747161,3.));
#1806 = LINE('',#1807,#1808);
#1807 = CARTESIAN_POINT('',(2.25,1.4735805,3.));
#1808 = VECTOR('',#1809,1.);
#1809 = DIRECTION('',(0.,-1.,0.));
#1810 = ORIENTED_EDGE('',*,*,#1811,.T.);
#1811 = EDGE_CURVE('',#1804,#1812,#1814,.T.);
#1812 = VERTEX_POINT('',#1813);
#1813 = CARTESIAN_POINT('',(2.,0.747161,3.));
#1814 = LINE('',#1815,#1816);
#1815 = CARTESIAN_POINT('',(3.475,0.747161,3.));
#1816 = VECTOR('',#1817,1.);
#1817 = DIRECTION('',(-1.,0.,0.));
#1818 = ORIENTED_EDGE('',*,*,#1819,.T.);
#1819 = EDGE_CURVE('',#1812,#1820,#1822,.T.);
#1820 = VERTEX_POINT('',#1821);
#1821 = CARTESIAN_POINT('',(2.,0.849653,3.));
#1822 = LINE('',#1823,#1824);
#1823 = CARTESIAN_POINT('',(2.,1.5735805,3.));
#1824 = VECTOR('',#1825,1.);
#1825 = DIRECTION('',(-0.,1.,0.));
#1826 = ORIENTED_EDGE('',*,*,#1827,.F.);
#1827 = EDGE_CURVE('',#1828,#1820,#1830,.T.);
#1828 = VERTEX_POINT('',#1829);
#1829 = CARTESIAN_POINT('',(1.45,0.849653,3.));
#1830 = LINE('',#1831,#1832);
#1831 = CARTESIAN_POINT('',(0.801929,0.849653,3.));
#1832 = VECTOR('',#1833,1.);
#1833 = DIRECTION('',(1.,0.,0.));
#1834 = ORIENTED_EDGE('',*,*,#1835,.T.);
#1835 = EDGE_CURVE('',#1828,#1836,#1838,.T.);
#1836 = VERTEX_POINT('',#1837);
#1837 = CARTESIAN_POINT('',(1.45,0.747161,3.));
#1838 = LINE('',#1839,#1840);
#1839 = CARTESIAN_POINT('',(1.45,1.4735805,3.));
#1840 = VECTOR('',#1841,1.);
#1841 = DIRECTION('',(0.,-1.,0.));
#1842 = ORIENTED_EDGE('',*,*,#1843,.T.);
#1843 = EDGE_CURVE('',#1836,#1844,#1846,.T.);
#1844 = VERTEX_POINT('',#1845);
#1845 = CARTESIAN_POINT('',(1.2,0.747161,3.));
#1846 = LINE('',#1847,#1848);
#1847 = CARTESIAN_POINT('',(3.075,0.747161,3.));
#1848 = VECTOR('',#1849,1.);
#1849 = DIRECTION('',(-1.,0.,0.));
#1850 = ORIENTED_EDGE('',*,*,#1851,.T.);
#1851 = EDGE_CURVE('',#1844,#1852,#1854,.T.);
#1852 = VERTEX_POINT('',#1853);
#1853 = CARTESIAN_POINT('',(1.2,0.849653,3.));
#1854 = LINE('',#1855,#1856);
#1855 = CARTESIAN_POINT('',(1.2,1.5735805,3.));
#1856 = VECTOR('',#1857,1.);
#1857 = DIRECTION('',(-0.,1.,0.));
#1858 = ORIENTED_EDGE('',*,*,#1859,.F.);
#1859 = EDGE_CURVE('',#1196,#1852,#1860,.T.);
#1860 = LINE('',#1861,#1862);
#1861 = CARTESIAN_POINT('',(0.801929,0.849653,3.));
#1862 = VECTOR('',#1863,1.);
#1863 = DIRECTION('',(1.,0.,0.));
#1864 = FACE_BOUND('',#1865,.T.);
#1865 = EDGE_LOOP('',(#1866,#1876,#1884,#1892,#1900,#1908,#1916,#1924,
    #1932,#1940,#1948,#1956,#1964,#1972,#1980,#1988,#1996,#2004,#2012,
    #2020,#2028,#2036,#2044,#2052,#2060,#2068,#2076,#2084,#2092,#2100,
    #2108,#2116,#2124,#2132,#2140,#2148,#2156,#2164,#2172,#2180,#2188,
    #2196,#2204,#2212,#2220,#2228,#2236,#2244,#2252,#2260,#2268,#2276,
    #2284,#2292,#2300,#2308,#2316,#2324,#2332,#2340,#2348,#2356,#2364,
    #2372,#2380,#2388,#2396,#2404,#2412,#2420,#2428,#2436,#2444,#2452,
    #2460,#2468,#2476,#2484,#2492,#2500,#2508,#2516,#2524,#2532));
#1866 = ORIENTED_EDGE('',*,*,#1867,.F.);
#1867 = EDGE_CURVE('',#1868,#1870,#1872,.T.);
#1868 = VERTEX_POINT('',#1869);
#1869 = CARTESIAN_POINT('',(0.8,3.549724,3.));
#1870 = VERTEX_POINT('',#1871);
#1871 = CARTESIAN_POINT('',(0.8,2.749724,3.));
#1872 = LINE('',#1873,#1874);
#1873 = CARTESIAN_POINT('',(0.8,3.549724,3.));
#1874 = VECTOR('',#1875,1.);
#1875 = DIRECTION('',(0.,-1.,0.));
#1876 = ORIENTED_EDGE('',*,*,#1877,.F.);
#1877 = EDGE_CURVE('',#1878,#1868,#1880,.T.);
#1878 = VERTEX_POINT('',#1879);
#1879 = CARTESIAN_POINT('',(1.2,3.549724,3.));
#1880 = LINE('',#1881,#1882);
#1881 = CARTESIAN_POINT('',(9.1,3.549724,3.));
#1882 = VECTOR('',#1883,1.);
#1883 = DIRECTION('',(-1.,0.,0.));
#1884 = ORIENTED_EDGE('',*,*,#1885,.T.);
#1885 = EDGE_CURVE('',#1878,#1886,#1888,.T.);
#1886 = VERTEX_POINT('',#1887);
#1887 = CARTESIAN_POINT('',(1.2,3.6471615,3.));
#1888 = LINE('',#1889,#1890);
#1889 = CARTESIAN_POINT('',(1.2,2.92358075,3.));
#1890 = VECTOR('',#1891,1.);
#1891 = DIRECTION('',(-0.,1.,0.));
#1892 = ORIENTED_EDGE('',*,*,#1893,.T.);
#1893 = EDGE_CURVE('',#1886,#1894,#1896,.T.);
#1894 = VERTEX_POINT('',#1895);
#1895 = CARTESIAN_POINT('',(1.45,3.6471615,3.));
#1896 = LINE('',#1897,#1898);
#1897 = CARTESIAN_POINT('',(3.2,3.6471615,3.));
#1898 = VECTOR('',#1899,1.);
#1899 = DIRECTION('',(1.,0.,-0.));
#1900 = ORIENTED_EDGE('',*,*,#1901,.T.);
#1901 = EDGE_CURVE('',#1894,#1902,#1904,.T.);
#1902 = VERTEX_POINT('',#1903);
#1903 = CARTESIAN_POINT('',(1.45,3.549724,3.));
#1904 = LINE('',#1905,#1906);
#1905 = CARTESIAN_POINT('',(1.45,2.82358075,3.));
#1906 = VECTOR('',#1907,1.);
#1907 = DIRECTION('',(0.,-1.,0.));
#1908 = ORIENTED_EDGE('',*,*,#1909,.F.);
#1909 = EDGE_CURVE('',#1910,#1902,#1912,.T.);
#1910 = VERTEX_POINT('',#1911);
#1911 = CARTESIAN_POINT('',(2.,3.549724,3.));
#1912 = LINE('',#1913,#1914);
#1913 = CARTESIAN_POINT('',(9.1,3.549724,3.));
#1914 = VECTOR('',#1915,1.);
#1915 = DIRECTION('',(-1.,0.,0.));
#1916 = ORIENTED_EDGE('',*,*,#1917,.T.);
#1917 = EDGE_CURVE('',#1910,#1918,#1920,.T.);
#1918 = VERTEX_POINT('',#1919);
#1919 = CARTESIAN_POINT('',(2.,3.647161,3.));
#1920 = LINE('',#1921,#1922);
#1921 = CARTESIAN_POINT('',(2.,2.9235805,3.));
#1922 = VECTOR('',#1923,1.);
#1923 = DIRECTION('',(-0.,1.,0.));
#1924 = ORIENTED_EDGE('',*,*,#1925,.T.);
#1925 = EDGE_CURVE('',#1918,#1926,#1928,.T.);
#1926 = VERTEX_POINT('',#1927);
#1927 = CARTESIAN_POINT('',(2.25,3.647161,3.));
#1928 = LINE('',#1929,#1930);
#1929 = CARTESIAN_POINT('',(3.6,3.647161,3.));
#1930 = VECTOR('',#1931,1.);
#1931 = DIRECTION('',(1.,0.,-0.));
#1932 = ORIENTED_EDGE('',*,*,#1933,.T.);
#1933 = EDGE_CURVE('',#1926,#1934,#1936,.T.);
#1934 = VERTEX_POINT('',#1935);
#1935 = CARTESIAN_POINT('',(2.25,3.549724,3.));
#1936 = LINE('',#1937,#1938);
#1937 = CARTESIAN_POINT('',(2.25,2.8235805,3.));
#1938 = VECTOR('',#1939,1.);
#1939 = DIRECTION('',(0.,-1.,0.));
#1940 = ORIENTED_EDGE('',*,*,#1941,.F.);
#1941 = EDGE_CURVE('',#1942,#1934,#1944,.T.);
#1942 = VERTEX_POINT('',#1943);
#1943 = CARTESIAN_POINT('',(2.8,3.549724,3.));
#1944 = LINE('',#1945,#1946);
#1945 = CARTESIAN_POINT('',(9.1,3.549724,3.));
#1946 = VECTOR('',#1947,1.);
#1947 = DIRECTION('',(-1.,0.,0.));
#1948 = ORIENTED_EDGE('',*,*,#1949,.T.);
#1949 = EDGE_CURVE('',#1942,#1950,#1952,.T.);
#1950 = VERTEX_POINT('',#1951);
#1951 = CARTESIAN_POINT('',(2.8,3.647161,3.));
#1952 = LINE('',#1953,#1954);
#1953 = CARTESIAN_POINT('',(2.8,2.9235805,3.));
#1954 = VECTOR('',#1955,1.);
#1955 = DIRECTION('',(-0.,1.,0.));
#1956 = ORIENTED_EDGE('',*,*,#1957,.T.);
#1957 = EDGE_CURVE('',#1950,#1958,#1960,.T.);
#1958 = VERTEX_POINT('',#1959);
#1959 = CARTESIAN_POINT('',(3.05,3.647161,3.));
#1960 = LINE('',#1961,#1962);
#1961 = CARTESIAN_POINT('',(4.,3.647161,3.));
#1962 = VECTOR('',#1963,1.);
#1963 = DIRECTION('',(1.,0.,-0.));
#1964 = ORIENTED_EDGE('',*,*,#1965,.T.);
#1965 = EDGE_CURVE('',#1958,#1966,#1968,.T.);
#1966 = VERTEX_POINT('',#1967);
#1967 = CARTESIAN_POINT('',(3.05,3.549724,3.));
#1968 = LINE('',#1969,#1970);
#1969 = CARTESIAN_POINT('',(3.05,2.8235805,3.));
#1970 = VECTOR('',#1971,1.);
#1971 = DIRECTION('',(0.,-1.,0.));
#1972 = ORIENTED_EDGE('',*,*,#1973,.F.);
#1973 = EDGE_CURVE('',#1974,#1966,#1976,.T.);
#1974 = VERTEX_POINT('',#1975);
#1975 = CARTESIAN_POINT('',(3.6,3.549724,3.));
#1976 = LINE('',#1977,#1978);
#1977 = CARTESIAN_POINT('',(9.1,3.549724,3.));
#1978 = VECTOR('',#1979,1.);
#1979 = DIRECTION('',(-1.,0.,0.));
#1980 = ORIENTED_EDGE('',*,*,#1981,.T.);
#1981 = EDGE_CURVE('',#1974,#1982,#1984,.T.);
#1982 = VERTEX_POINT('',#1983);
#1983 = CARTESIAN_POINT('',(3.6,3.647161,3.));
#1984 = LINE('',#1985,#1986);
#1985 = CARTESIAN_POINT('',(3.6,2.9235805,3.));
#1986 = VECTOR('',#1987,1.);
#1987 = DIRECTION('',(-0.,1.,0.));
#1988 = ORIENTED_EDGE('',*,*,#1989,.T.);
#1989 = EDGE_CURVE('',#1982,#1990,#1992,.T.);
#1990 = VERTEX_POINT('',#1991);
#1991 = CARTESIAN_POINT('',(3.85,3.647161,3.));
#1992 = LINE('',#1993,#1994);
#1993 = CARTESIAN_POINT('',(4.4,3.647161,3.));
#1994 = VECTOR('',#1995,1.);
#1995 = DIRECTION('',(1.,0.,-0.));
#1996 = ORIENTED_EDGE('',*,*,#1997,.T.);
#1997 = EDGE_CURVE('',#1990,#1998,#2000,.T.);
#1998 = VERTEX_POINT('',#1999);
#1999 = CARTESIAN_POINT('',(3.85,3.549724,3.));
#2000 = LINE('',#2001,#2002);
#2001 = CARTESIAN_POINT('',(3.85,2.8235805,3.));
#2002 = VECTOR('',#2003,1.);
#2003 = DIRECTION('',(0.,-1.,0.));
#2004 = ORIENTED_EDGE('',*,*,#2005,.F.);
#2005 = EDGE_CURVE('',#2006,#1998,#2008,.T.);
#2006 = VERTEX_POINT('',#2007);
#2007 = CARTESIAN_POINT('',(4.4,3.549724,3.));
#2008 = LINE('',#2009,#2010);
#2009 = CARTESIAN_POINT('',(9.1,3.549724,3.));
#2010 = VECTOR('',#2011,1.);
#2011 = DIRECTION('',(-1.,0.,0.));
#2012 = ORIENTED_EDGE('',*,*,#2013,.T.);
#2013 = EDGE_CURVE('',#2006,#2014,#2016,.T.);
#2014 = VERTEX_POINT('',#2015);
#2015 = CARTESIAN_POINT('',(4.4,3.647161,3.));
#2016 = LINE('',#2017,#2018);
#2017 = CARTESIAN_POINT('',(4.4,2.9235805,3.));
#2018 = VECTOR('',#2019,1.);
#2019 = DIRECTION('',(-0.,1.,0.));
#2020 = ORIENTED_EDGE('',*,*,#2021,.T.);
#2021 = EDGE_CURVE('',#2014,#2022,#2024,.T.);
#2022 = VERTEX_POINT('',#2023);
#2023 = CARTESIAN_POINT('',(4.65,3.647161,3.));
#2024 = LINE('',#2025,#2026);
#2025 = CARTESIAN_POINT('',(4.8,3.647161,3.));
#2026 = VECTOR('',#2027,1.);
#2027 = DIRECTION('',(1.,0.,-0.));
#2028 = ORIENTED_EDGE('',*,*,#2029,.T.);
#2029 = EDGE_CURVE('',#2022,#2030,#2032,.T.);
#2030 = VERTEX_POINT('',#2031);
#2031 = CARTESIAN_POINT('',(4.65,3.549724,3.));
#2032 = LINE('',#2033,#2034);
#2033 = CARTESIAN_POINT('',(4.65,2.8235805,3.));
#2034 = VECTOR('',#2035,1.);
#2035 = DIRECTION('',(0.,-1.,0.));
#2036 = ORIENTED_EDGE('',*,*,#2037,.F.);
#2037 = EDGE_CURVE('',#2038,#2030,#2040,.T.);
#2038 = VERTEX_POINT('',#2039);
#2039 = CARTESIAN_POINT('',(5.2,3.549724,3.));
#2040 = LINE('',#2041,#2042);
#2041 = CARTESIAN_POINT('',(9.1,3.549724,3.));
#2042 = VECTOR('',#2043,1.);
#2043 = DIRECTION('',(-1.,0.,0.));
#2044 = ORIENTED_EDGE('',*,*,#2045,.T.);
#2045 = EDGE_CURVE('',#2038,#2046,#2048,.T.);
#2046 = VERTEX_POINT('',#2047);
#2047 = CARTESIAN_POINT('',(5.2,3.647161,3.));
#2048 = LINE('',#2049,#2050);
#2049 = CARTESIAN_POINT('',(5.2,2.9235805,3.));
#2050 = VECTOR('',#2051,1.);
#2051 = DIRECTION('',(-0.,1.,0.));
#2052 = ORIENTED_EDGE('',*,*,#2053,.T.);
#2053 = EDGE_CURVE('',#2046,#2054,#2056,.T.);
#2054 = VERTEX_POINT('',#2055);
#2055 = CARTESIAN_POINT('',(5.45,3.647161,3.));
#2056 = LINE('',#2057,#2058);
#2057 = CARTESIAN_POINT('',(5.2,3.647161,3.));
#2058 = VECTOR('',#2059,1.);
#2059 = DIRECTION('',(1.,0.,-0.));
#2060 = ORIENTED_EDGE('',*,*,#2061,.T.);
#2061 = EDGE_CURVE('',#2054,#2062,#2064,.T.);
#2062 = VERTEX_POINT('',#2063);
#2063 = CARTESIAN_POINT('',(5.45,3.549724,3.));
#2064 = LINE('',#2065,#2066);
#2065 = CARTESIAN_POINT('',(5.45,2.8235805,3.));
#2066 = VECTOR('',#2067,1.);
#2067 = DIRECTION('',(0.,-1.,0.));
#2068 = ORIENTED_EDGE('',*,*,#2069,.F.);
#2069 = EDGE_CURVE('',#2070,#2062,#2072,.T.);
#2070 = VERTEX_POINT('',#2071);
#2071 = CARTESIAN_POINT('',(6.,3.549724,3.));
#2072 = LINE('',#2073,#2074);
#2073 = CARTESIAN_POINT('',(9.1,3.549724,3.));
#2074 = VECTOR('',#2075,1.);
#2075 = DIRECTION('',(-1.,0.,0.));
#2076 = ORIENTED_EDGE('',*,*,#2077,.T.);
#2077 = EDGE_CURVE('',#2070,#2078,#2080,.T.);
#2078 = VERTEX_POINT('',#2079);
#2079 = CARTESIAN_POINT('',(6.,3.647161,3.));
#2080 = LINE('',#2081,#2082);
#2081 = CARTESIAN_POINT('',(6.,2.9235805,3.));
#2082 = VECTOR('',#2083,1.);
#2083 = DIRECTION('',(-0.,1.,0.));
#2084 = ORIENTED_EDGE('',*,*,#2085,.T.);
#2085 = EDGE_CURVE('',#2078,#2086,#2088,.T.);
#2086 = VERTEX_POINT('',#2087);
#2087 = CARTESIAN_POINT('',(6.25,3.647161,3.));
#2088 = LINE('',#2089,#2090);
#2089 = CARTESIAN_POINT('',(5.6,3.647161,3.));
#2090 = VECTOR('',#2091,1.);
#2091 = DIRECTION('',(1.,0.,-0.));
#2092 = ORIENTED_EDGE('',*,*,#2093,.T.);
#2093 = EDGE_CURVE('',#2086,#2094,#2096,.T.);
#2094 = VERTEX_POINT('',#2095);
#2095 = CARTESIAN_POINT('',(6.25,3.549724,3.));
#2096 = LINE('',#2097,#2098);
#2097 = CARTESIAN_POINT('',(6.25,2.8235805,3.));
#2098 = VECTOR('',#2099,1.);
#2099 = DIRECTION('',(0.,-1.,0.));
#2100 = ORIENTED_EDGE('',*,*,#2101,.F.);
#2101 = EDGE_CURVE('',#2102,#2094,#2104,.T.);
#2102 = VERTEX_POINT('',#2103);
#2103 = CARTESIAN_POINT('',(6.8,3.549724,3.));
#2104 = LINE('',#2105,#2106);
#2105 = CARTESIAN_POINT('',(9.1,3.549724,3.));
#2106 = VECTOR('',#2107,1.);
#2107 = DIRECTION('',(-1.,0.,0.));
#2108 = ORIENTED_EDGE('',*,*,#2109,.T.);
#2109 = EDGE_CURVE('',#2102,#2110,#2112,.T.);
#2110 = VERTEX_POINT('',#2111);
#2111 = CARTESIAN_POINT('',(6.8,3.647161,3.));
#2112 = LINE('',#2113,#2114);
#2113 = CARTESIAN_POINT('',(6.8,2.9235805,3.));
#2114 = VECTOR('',#2115,1.);
#2115 = DIRECTION('',(-0.,1.,0.));
#2116 = ORIENTED_EDGE('',*,*,#2117,.T.);
#2117 = EDGE_CURVE('',#2110,#2118,#2120,.T.);
#2118 = VERTEX_POINT('',#2119);
#2119 = CARTESIAN_POINT('',(7.05,3.647161,3.));
#2120 = LINE('',#2121,#2122);
#2121 = CARTESIAN_POINT('',(6.,3.647161,3.));
#2122 = VECTOR('',#2123,1.);
#2123 = DIRECTION('',(1.,0.,-0.));
#2124 = ORIENTED_EDGE('',*,*,#2125,.T.);
#2125 = EDGE_CURVE('',#2118,#2126,#2128,.T.);
#2126 = VERTEX_POINT('',#2127);
#2127 = CARTESIAN_POINT('',(7.05,3.549724,3.));
#2128 = LINE('',#2129,#2130);
#2129 = CARTESIAN_POINT('',(7.05,2.8235805,3.));
#2130 = VECTOR('',#2131,1.);
#2131 = DIRECTION('',(0.,-1.,0.));
#2132 = ORIENTED_EDGE('',*,*,#2133,.F.);
#2133 = EDGE_CURVE('',#2134,#2126,#2136,.T.);
#2134 = VERTEX_POINT('',#2135);
#2135 = CARTESIAN_POINT('',(7.6,3.549724,3.));
#2136 = LINE('',#2137,#2138);
#2137 = CARTESIAN_POINT('',(9.1,3.549724,3.));
#2138 = VECTOR('',#2139,1.);
#2139 = DIRECTION('',(-1.,0.,0.));
#2140 = ORIENTED_EDGE('',*,*,#2141,.T.);
#2141 = EDGE_CURVE('',#2134,#2142,#2144,.T.);
#2142 = VERTEX_POINT('',#2143);
#2143 = CARTESIAN_POINT('',(7.6,3.647161,3.));
#2144 = LINE('',#2145,#2146);
#2145 = CARTESIAN_POINT('',(7.6,2.9235805,3.));
#2146 = VECTOR('',#2147,1.);
#2147 = DIRECTION('',(-0.,1.,0.));
#2148 = ORIENTED_EDGE('',*,*,#2149,.T.);
#2149 = EDGE_CURVE('',#2142,#2150,#2152,.T.);
#2150 = VERTEX_POINT('',#2151);
#2151 = CARTESIAN_POINT('',(7.85,3.647161,3.));
#2152 = LINE('',#2153,#2154);
#2153 = CARTESIAN_POINT('',(6.4,3.647161,3.));
#2154 = VECTOR('',#2155,1.);
#2155 = DIRECTION('',(1.,0.,-0.));
#2156 = ORIENTED_EDGE('',*,*,#2157,.T.);
#2157 = EDGE_CURVE('',#2150,#2158,#2160,.T.);
#2158 = VERTEX_POINT('',#2159);
#2159 = CARTESIAN_POINT('',(7.85,3.549724,3.));
#2160 = LINE('',#2161,#2162);
#2161 = CARTESIAN_POINT('',(7.85,2.8235805,3.));
#2162 = VECTOR('',#2163,1.);
#2163 = DIRECTION('',(0.,-1.,0.));
#2164 = ORIENTED_EDGE('',*,*,#2165,.F.);
#2165 = EDGE_CURVE('',#2166,#2158,#2168,.T.);
#2166 = VERTEX_POINT('',#2167);
#2167 = CARTESIAN_POINT('',(8.4,3.549724,3.));
#2168 = LINE('',#2169,#2170);
#2169 = CARTESIAN_POINT('',(9.1,3.549724,3.));
#2170 = VECTOR('',#2171,1.);
#2171 = DIRECTION('',(-1.,0.,0.));
#2172 = ORIENTED_EDGE('',*,*,#2173,.T.);
#2173 = EDGE_CURVE('',#2166,#2174,#2176,.T.);
#2174 = VERTEX_POINT('',#2175);
#2175 = CARTESIAN_POINT('',(8.4,3.647161,3.));
#2176 = LINE('',#2177,#2178);
#2177 = CARTESIAN_POINT('',(8.4,2.9235805,3.));
#2178 = VECTOR('',#2179,1.);
#2179 = DIRECTION('',(-0.,1.,0.));
#2180 = ORIENTED_EDGE('',*,*,#2181,.T.);
#2181 = EDGE_CURVE('',#2174,#2182,#2184,.T.);
#2182 = VERTEX_POINT('',#2183);
#2183 = CARTESIAN_POINT('',(8.65,3.647161,3.));
#2184 = LINE('',#2185,#2186);
#2185 = CARTESIAN_POINT('',(6.8,3.647161,3.));
#2186 = VECTOR('',#2187,1.);
#2187 = DIRECTION('',(1.,0.,-0.));
#2188 = ORIENTED_EDGE('',*,*,#2189,.T.);
#2189 = EDGE_CURVE('',#2182,#2190,#2192,.T.);
#2190 = VERTEX_POINT('',#2191);
#2191 = CARTESIAN_POINT('',(8.65,3.549724,3.));
#2192 = LINE('',#2193,#2194);
#2193 = CARTESIAN_POINT('',(8.65,2.8235805,3.));
#2194 = VECTOR('',#2195,1.);
#2195 = DIRECTION('',(0.,-1.,0.));
#2196 = ORIENTED_EDGE('',*,*,#2197,.F.);
#2197 = EDGE_CURVE('',#2198,#2190,#2200,.T.);
#2198 = VERTEX_POINT('',#2199);
#2199 = CARTESIAN_POINT('',(9.1,3.549724,3.));
#2200 = LINE('',#2201,#2202);
#2201 = CARTESIAN_POINT('',(9.1,3.549724,3.));
#2202 = VECTOR('',#2203,1.);
#2203 = DIRECTION('',(-1.,0.,0.));
#2204 = ORIENTED_EDGE('',*,*,#2205,.F.);
#2205 = EDGE_CURVE('',#2206,#2198,#2208,.T.);
#2206 = VERTEX_POINT('',#2207);
#2207 = CARTESIAN_POINT('',(9.1,2.749724,3.));
#2208 = LINE('',#2209,#2210);
#2209 = CARTESIAN_POINT('',(9.1,2.749724,3.));
#2210 = VECTOR('',#2211,1.);
#2211 = DIRECTION('',(0.,1.,0.));
#2212 = ORIENTED_EDGE('',*,*,#2213,.F.);
#2213 = EDGE_CURVE('',#2214,#2206,#2216,.T.);
#2214 = VERTEX_POINT('',#2215);
#2215 = CARTESIAN_POINT('',(8.65,2.749724,3.));
#2216 = LINE('',#2217,#2218);
#2217 = CARTESIAN_POINT('',(0.8,2.749724,3.));
#2218 = VECTOR('',#2219,1.);
#2219 = DIRECTION('',(1.,0.,0.));
#2220 = ORIENTED_EDGE('',*,*,#2221,.T.);
#2221 = EDGE_CURVE('',#2214,#2222,#2224,.T.);
#2222 = VERTEX_POINT('',#2223);
#2223 = CARTESIAN_POINT('',(8.65,2.647161,3.));
#2224 = LINE('',#2225,#2226);
#2225 = CARTESIAN_POINT('',(8.65,2.4235805,3.));
#2226 = VECTOR('',#2227,1.);
#2227 = DIRECTION('',(0.,-1.,0.));
#2228 = ORIENTED_EDGE('',*,*,#2229,.T.);
#2229 = EDGE_CURVE('',#2222,#2230,#2232,.T.);
#2230 = VERTEX_POINT('',#2231);
#2231 = CARTESIAN_POINT('',(8.4,2.647161,3.));
#2232 = LINE('',#2233,#2234);
#2233 = CARTESIAN_POINT('',(6.675,2.647161,3.));
#2234 = VECTOR('',#2235,1.);
#2235 = DIRECTION('',(-1.,0.,0.));
#2236 = ORIENTED_EDGE('',*,*,#2237,.T.);
#2237 = EDGE_CURVE('',#2230,#2238,#2240,.T.);
#2238 = VERTEX_POINT('',#2239);
#2239 = CARTESIAN_POINT('',(8.4,2.749724,3.));
#2240 = LINE('',#2241,#2242);
#2241 = CARTESIAN_POINT('',(8.4,2.5235805,3.));
#2242 = VECTOR('',#2243,1.);
#2243 = DIRECTION('',(-0.,1.,0.));
#2244 = ORIENTED_EDGE('',*,*,#2245,.F.);
#2245 = EDGE_CURVE('',#2246,#2238,#2248,.T.);
#2246 = VERTEX_POINT('',#2247);
#2247 = CARTESIAN_POINT('',(7.85,2.749724,3.));
#2248 = LINE('',#2249,#2250);
#2249 = CARTESIAN_POINT('',(0.8,2.749724,3.));
#2250 = VECTOR('',#2251,1.);
#2251 = DIRECTION('',(1.,0.,0.));
#2252 = ORIENTED_EDGE('',*,*,#2253,.T.);
#2253 = EDGE_CURVE('',#2246,#2254,#2256,.T.);
#2254 = VERTEX_POINT('',#2255);
#2255 = CARTESIAN_POINT('',(7.85,2.647161,3.));
#2256 = LINE('',#2257,#2258);
#2257 = CARTESIAN_POINT('',(7.85,2.4235805,3.));
#2258 = VECTOR('',#2259,1.);
#2259 = DIRECTION('',(0.,-1.,0.));
#2260 = ORIENTED_EDGE('',*,*,#2261,.T.);
#2261 = EDGE_CURVE('',#2254,#2262,#2264,.T.);
#2262 = VERTEX_POINT('',#2263);
#2263 = CARTESIAN_POINT('',(7.6,2.647161,3.));
#2264 = LINE('',#2265,#2266);
#2265 = CARTESIAN_POINT('',(6.275,2.647161,3.));
#2266 = VECTOR('',#2267,1.);
#2267 = DIRECTION('',(-1.,0.,0.));
#2268 = ORIENTED_EDGE('',*,*,#2269,.T.);
#2269 = EDGE_CURVE('',#2262,#2270,#2272,.T.);
#2270 = VERTEX_POINT('',#2271);
#2271 = CARTESIAN_POINT('',(7.6,2.749724,3.));
#2272 = LINE('',#2273,#2274);
#2273 = CARTESIAN_POINT('',(7.6,2.5235805,3.));
#2274 = VECTOR('',#2275,1.);
#2275 = DIRECTION('',(-0.,1.,0.));
#2276 = ORIENTED_EDGE('',*,*,#2277,.F.);
#2277 = EDGE_CURVE('',#2278,#2270,#2280,.T.);
#2278 = VERTEX_POINT('',#2279);
#2279 = CARTESIAN_POINT('',(7.05,2.749724,3.));
#2280 = LINE('',#2281,#2282);
#2281 = CARTESIAN_POINT('',(0.8,2.749724,3.));
#2282 = VECTOR('',#2283,1.);
#2283 = DIRECTION('',(1.,0.,0.));
#2284 = ORIENTED_EDGE('',*,*,#2285,.T.);
#2285 = EDGE_CURVE('',#2278,#2286,#2288,.T.);
#2286 = VERTEX_POINT('',#2287);
#2287 = CARTESIAN_POINT('',(7.05,2.647161,3.));
#2288 = LINE('',#2289,#2290);
#2289 = CARTESIAN_POINT('',(7.05,2.4235805,3.));
#2290 = VECTOR('',#2291,1.);
#2291 = DIRECTION('',(0.,-1.,0.));
#2292 = ORIENTED_EDGE('',*,*,#2293,.T.);
#2293 = EDGE_CURVE('',#2286,#2294,#2296,.T.);
#2294 = VERTEX_POINT('',#2295);
#2295 = CARTESIAN_POINT('',(6.8,2.647161,3.));
#2296 = LINE('',#2297,#2298);
#2297 = CARTESIAN_POINT('',(5.875,2.647161,3.));
#2298 = VECTOR('',#2299,1.);
#2299 = DIRECTION('',(-1.,0.,0.));
#2300 = ORIENTED_EDGE('',*,*,#2301,.T.);
#2301 = EDGE_CURVE('',#2294,#2302,#2304,.T.);
#2302 = VERTEX_POINT('',#2303);
#2303 = CARTESIAN_POINT('',(6.8,2.749724,3.));
#2304 = LINE('',#2305,#2306);
#2305 = CARTESIAN_POINT('',(6.8,2.5235805,3.));
#2306 = VECTOR('',#2307,1.);
#2307 = DIRECTION('',(-0.,1.,0.));
#2308 = ORIENTED_EDGE('',*,*,#2309,.F.);
#2309 = EDGE_CURVE('',#2310,#2302,#2312,.T.);
#2310 = VERTEX_POINT('',#2311);
#2311 = CARTESIAN_POINT('',(6.25,2.749724,3.));
#2312 = LINE('',#2313,#2314);
#2313 = CARTESIAN_POINT('',(0.8,2.749724,3.));
#2314 = VECTOR('',#2315,1.);
#2315 = DIRECTION('',(1.,0.,0.));
#2316 = ORIENTED_EDGE('',*,*,#2317,.T.);
#2317 = EDGE_CURVE('',#2310,#2318,#2320,.T.);
#2318 = VERTEX_POINT('',#2319);
#2319 = CARTESIAN_POINT('',(6.25,2.647161,3.));
#2320 = LINE('',#2321,#2322);
#2321 = CARTESIAN_POINT('',(6.25,2.4235805,3.));
#2322 = VECTOR('',#2323,1.);
#2323 = DIRECTION('',(0.,-1.,0.));
#2324 = ORIENTED_EDGE('',*,*,#2325,.T.);
#2325 = EDGE_CURVE('',#2318,#2326,#2328,.T.);
#2326 = VERTEX_POINT('',#2327);
#2327 = CARTESIAN_POINT('',(6.,2.647161,3.));
#2328 = LINE('',#2329,#2330);
#2329 = CARTESIAN_POINT('',(5.475,2.647161,3.));
#2330 = VECTOR('',#2331,1.);
#2331 = DIRECTION('',(-1.,0.,0.));
#2332 = ORIENTED_EDGE('',*,*,#2333,.T.);
#2333 = EDGE_CURVE('',#2326,#2334,#2336,.T.);
#2334 = VERTEX_POINT('',#2335);
#2335 = CARTESIAN_POINT('',(6.,2.749724,3.));
#2336 = LINE('',#2337,#2338);
#2337 = CARTESIAN_POINT('',(6.,2.5235805,3.));
#2338 = VECTOR('',#2339,1.);
#2339 = DIRECTION('',(-0.,1.,0.));
#2340 = ORIENTED_EDGE('',*,*,#2341,.F.);
#2341 = EDGE_CURVE('',#2342,#2334,#2344,.T.);
#2342 = VERTEX_POINT('',#2343);
#2343 = CARTESIAN_POINT('',(5.45,2.749724,3.));
#2344 = LINE('',#2345,#2346);
#2345 = CARTESIAN_POINT('',(0.8,2.749724,3.));
#2346 = VECTOR('',#2347,1.);
#2347 = DIRECTION('',(1.,0.,0.));
#2348 = ORIENTED_EDGE('',*,*,#2349,.T.);
#2349 = EDGE_CURVE('',#2342,#2350,#2352,.T.);
#2350 = VERTEX_POINT('',#2351);
#2351 = CARTESIAN_POINT('',(5.45,2.647161,3.));
#2352 = LINE('',#2353,#2354);
#2353 = CARTESIAN_POINT('',(5.45,2.4235805,3.));
#2354 = VECTOR('',#2355,1.);
#2355 = DIRECTION('',(0.,-1.,0.));
#2356 = ORIENTED_EDGE('',*,*,#2357,.T.);
#2357 = EDGE_CURVE('',#2350,#2358,#2360,.T.);
#2358 = VERTEX_POINT('',#2359);
#2359 = CARTESIAN_POINT('',(5.2,2.647161,3.));
#2360 = LINE('',#2361,#2362);
#2361 = CARTESIAN_POINT('',(5.075,2.647161,3.));
#2362 = VECTOR('',#2363,1.);
#2363 = DIRECTION('',(-1.,0.,0.));
#2364 = ORIENTED_EDGE('',*,*,#2365,.T.);
#2365 = EDGE_CURVE('',#2358,#2366,#2368,.T.);
#2366 = VERTEX_POINT('',#2367);
#2367 = CARTESIAN_POINT('',(5.2,2.749724,3.));
#2368 = LINE('',#2369,#2370);
#2369 = CARTESIAN_POINT('',(5.2,2.5235805,3.));
#2370 = VECTOR('',#2371,1.);
#2371 = DIRECTION('',(-0.,1.,0.));
#2372 = ORIENTED_EDGE('',*,*,#2373,.F.);
#2373 = EDGE_CURVE('',#2374,#2366,#2376,.T.);
#2374 = VERTEX_POINT('',#2375);
#2375 = CARTESIAN_POINT('',(4.65,2.749724,3.));
#2376 = LINE('',#2377,#2378);
#2377 = CARTESIAN_POINT('',(0.8,2.749724,3.));
#2378 = VECTOR('',#2379,1.);
#2379 = DIRECTION('',(1.,0.,0.));
#2380 = ORIENTED_EDGE('',*,*,#2381,.T.);
#2381 = EDGE_CURVE('',#2374,#2382,#2384,.T.);
#2382 = VERTEX_POINT('',#2383);
#2383 = CARTESIAN_POINT('',(4.65,2.647161,3.));
#2384 = LINE('',#2385,#2386);
#2385 = CARTESIAN_POINT('',(4.65,2.4235805,3.));
#2386 = VECTOR('',#2387,1.);
#2387 = DIRECTION('',(0.,-1.,0.));
#2388 = ORIENTED_EDGE('',*,*,#2389,.T.);
#2389 = EDGE_CURVE('',#2382,#2390,#2392,.T.);
#2390 = VERTEX_POINT('',#2391);
#2391 = CARTESIAN_POINT('',(4.4,2.647161,3.));
#2392 = LINE('',#2393,#2394);
#2393 = CARTESIAN_POINT('',(4.675,2.647161,3.));
#2394 = VECTOR('',#2395,1.);
#2395 = DIRECTION('',(-1.,0.,0.));
#2396 = ORIENTED_EDGE('',*,*,#2397,.T.);
#2397 = EDGE_CURVE('',#2390,#2398,#2400,.T.);
#2398 = VERTEX_POINT('',#2399);
#2399 = CARTESIAN_POINT('',(4.4,2.749724,3.));
#2400 = LINE('',#2401,#2402);
#2401 = CARTESIAN_POINT('',(4.4,2.5235805,3.));
#2402 = VECTOR('',#2403,1.);
#2403 = DIRECTION('',(-0.,1.,0.));
#2404 = ORIENTED_EDGE('',*,*,#2405,.F.);
#2405 = EDGE_CURVE('',#2406,#2398,#2408,.T.);
#2406 = VERTEX_POINT('',#2407);
#2407 = CARTESIAN_POINT('',(3.85,2.749724,3.));
#2408 = LINE('',#2409,#2410);
#2409 = CARTESIAN_POINT('',(0.8,2.749724,3.));
#2410 = VECTOR('',#2411,1.);
#2411 = DIRECTION('',(1.,0.,0.));
#2412 = ORIENTED_EDGE('',*,*,#2413,.T.);
#2413 = EDGE_CURVE('',#2406,#2414,#2416,.T.);
#2414 = VERTEX_POINT('',#2415);
#2415 = CARTESIAN_POINT('',(3.85,2.647161,3.));
#2416 = LINE('',#2417,#2418);
#2417 = CARTESIAN_POINT('',(3.85,2.4235805,3.));
#2418 = VECTOR('',#2419,1.);
#2419 = DIRECTION('',(0.,-1.,0.));
#2420 = ORIENTED_EDGE('',*,*,#2421,.T.);
#2421 = EDGE_CURVE('',#2414,#2422,#2424,.T.);
#2422 = VERTEX_POINT('',#2423);
#2423 = CARTESIAN_POINT('',(3.6,2.647161,3.));
#2424 = LINE('',#2425,#2426);
#2425 = CARTESIAN_POINT('',(4.275,2.647161,3.));
#2426 = VECTOR('',#2427,1.);
#2427 = DIRECTION('',(-1.,0.,0.));
#2428 = ORIENTED_EDGE('',*,*,#2429,.T.);
#2429 = EDGE_CURVE('',#2422,#2430,#2432,.T.);
#2430 = VERTEX_POINT('',#2431);
#2431 = CARTESIAN_POINT('',(3.6,2.749724,3.));
#2432 = LINE('',#2433,#2434);
#2433 = CARTESIAN_POINT('',(3.6,2.5235805,3.));
#2434 = VECTOR('',#2435,1.);
#2435 = DIRECTION('',(-0.,1.,0.));
#2436 = ORIENTED_EDGE('',*,*,#2437,.F.);
#2437 = EDGE_CURVE('',#2438,#2430,#2440,.T.);
#2438 = VERTEX_POINT('',#2439);
#2439 = CARTESIAN_POINT('',(3.05,2.749724,3.));
#2440 = LINE('',#2441,#2442);
#2441 = CARTESIAN_POINT('',(0.8,2.749724,3.));
#2442 = VECTOR('',#2443,1.);
#2443 = DIRECTION('',(1.,0.,0.));
#2444 = ORIENTED_EDGE('',*,*,#2445,.T.);
#2445 = EDGE_CURVE('',#2438,#2446,#2448,.T.);
#2446 = VERTEX_POINT('',#2447);
#2447 = CARTESIAN_POINT('',(3.05,2.647161,3.));
#2448 = LINE('',#2449,#2450);
#2449 = CARTESIAN_POINT('',(3.05,2.4235805,3.));
#2450 = VECTOR('',#2451,1.);
#2451 = DIRECTION('',(0.,-1.,0.));
#2452 = ORIENTED_EDGE('',*,*,#2453,.T.);
#2453 = EDGE_CURVE('',#2446,#2454,#2456,.T.);
#2454 = VERTEX_POINT('',#2455);
#2455 = CARTESIAN_POINT('',(2.8,2.647161,3.));
#2456 = LINE('',#2457,#2458);
#2457 = CARTESIAN_POINT('',(3.875,2.647161,3.));
#2458 = VECTOR('',#2459,1.);
#2459 = DIRECTION('',(-1.,0.,0.));
#2460 = ORIENTED_EDGE('',*,*,#2461,.T.);
#2461 = EDGE_CURVE('',#2454,#2462,#2464,.T.);
#2462 = VERTEX_POINT('',#2463);
#2463 = CARTESIAN_POINT('',(2.8,2.749724,3.));
#2464 = LINE('',#2465,#2466);
#2465 = CARTESIAN_POINT('',(2.8,2.5235805,3.));
#2466 = VECTOR('',#2467,1.);
#2467 = DIRECTION('',(-0.,1.,0.));
#2468 = ORIENTED_EDGE('',*,*,#2469,.F.);
#2469 = EDGE_CURVE('',#2470,#2462,#2472,.T.);
#2470 = VERTEX_POINT('',#2471);
#2471 = CARTESIAN_POINT('',(2.25,2.749724,3.));
#2472 = LINE('',#2473,#2474);
#2473 = CARTESIAN_POINT('',(0.8,2.749724,3.));
#2474 = VECTOR('',#2475,1.);
#2475 = DIRECTION('',(1.,0.,0.));
#2476 = ORIENTED_EDGE('',*,*,#2477,.T.);
#2477 = EDGE_CURVE('',#2470,#2478,#2480,.T.);
#2478 = VERTEX_POINT('',#2479);
#2479 = CARTESIAN_POINT('',(2.25,2.647161,3.));
#2480 = LINE('',#2481,#2482);
#2481 = CARTESIAN_POINT('',(2.25,2.4235805,3.));
#2482 = VECTOR('',#2483,1.);
#2483 = DIRECTION('',(0.,-1.,0.));
#2484 = ORIENTED_EDGE('',*,*,#2485,.T.);
#2485 = EDGE_CURVE('',#2478,#2486,#2488,.T.);
#2486 = VERTEX_POINT('',#2487);
#2487 = CARTESIAN_POINT('',(2.,2.647161,3.));
#2488 = LINE('',#2489,#2490);
#2489 = CARTESIAN_POINT('',(3.475,2.647161,3.));
#2490 = VECTOR('',#2491,1.);
#2491 = DIRECTION('',(-1.,0.,0.));
#2492 = ORIENTED_EDGE('',*,*,#2493,.T.);
#2493 = EDGE_CURVE('',#2486,#2494,#2496,.T.);
#2494 = VERTEX_POINT('',#2495);
#2495 = CARTESIAN_POINT('',(2.,2.749724,3.));
#2496 = LINE('',#2497,#2498);
#2497 = CARTESIAN_POINT('',(2.,2.5235805,3.));
#2498 = VECTOR('',#2499,1.);
#2499 = DIRECTION('',(-0.,1.,0.));
#2500 = ORIENTED_EDGE('',*,*,#2501,.F.);
#2501 = EDGE_CURVE('',#2502,#2494,#2504,.T.);
#2502 = VERTEX_POINT('',#2503);
#2503 = CARTESIAN_POINT('',(1.45,2.749724,3.));
#2504 = LINE('',#2505,#2506);
#2505 = CARTESIAN_POINT('',(0.8,2.749724,3.));
#2506 = VECTOR('',#2507,1.);
#2507 = DIRECTION('',(1.,0.,0.));
#2508 = ORIENTED_EDGE('',*,*,#2509,.T.);
#2509 = EDGE_CURVE('',#2502,#2510,#2512,.T.);
#2510 = VERTEX_POINT('',#2511);
#2511 = CARTESIAN_POINT('',(1.45,2.647161,3.));
#2512 = LINE('',#2513,#2514);
#2513 = CARTESIAN_POINT('',(1.45,2.4235805,3.));
#2514 = VECTOR('',#2515,1.);
#2515 = DIRECTION('',(0.,-1.,0.));
#2516 = ORIENTED_EDGE('',*,*,#2517,.T.);
#2517 = EDGE_CURVE('',#2510,#2518,#2520,.T.);
#2518 = VERTEX_POINT('',#2519);
#2519 = CARTESIAN_POINT('',(1.2,2.647161,3.));
#2520 = LINE('',#2521,#2522);
#2521 = CARTESIAN_POINT('',(3.075,2.647161,3.));
#2522 = VECTOR('',#2523,1.);
#2523 = DIRECTION('',(-1.,0.,0.));
#2524 = ORIENTED_EDGE('',*,*,#2525,.T.);
#2525 = EDGE_CURVE('',#2518,#2526,#2528,.T.);
#2526 = VERTEX_POINT('',#2527);
#2527 = CARTESIAN_POINT('',(1.2,2.749724,3.));
#2528 = LINE('',#2529,#2530);
#2529 = CARTESIAN_POINT('',(1.2,2.5235805,3.));
#2530 = VECTOR('',#2531,1.);
#2531 = DIRECTION('',(-0.,1.,0.));
#2532 = ORIENTED_EDGE('',*,*,#2533,.F.);
#2533 = EDGE_CURVE('',#1870,#2526,#2534,.T.);
#2534 = LINE('',#2535,#2536);
#2535 = CARTESIAN_POINT('',(0.8,2.749724,3.));
#2536 = VECTOR('',#2537,1.);
#2537 = DIRECTION('',(1.,0.,0.));
#2538 = PLANE('',#2539);
#2539 = AXIS2_PLACEMENT_3D('',#2540,#2541,#2542);
#2540 = CARTESIAN_POINT('',(4.95,2.2,3.));
#2541 = DIRECTION('',(0.,0.,1.));
#2542 = DIRECTION('',(1.,0.,0.));
#2543 = ADVANCED_FACE('',(#2544),#2620,.F.);
#2544 = FACE_BOUND('',#2545,.F.);
#2545 = EDGE_LOOP('',(#2546,#2547,#2548,#2549,#2550,#2556,#2557,#2563,
    #2564,#2570,#2571,#2577,#2578,#2584,#2585,#2591,#2592,#2598,#2599,
    #2605,#2606,#2612,#2613,#2619));
#2546 = ORIENTED_EDGE('',*,*,#261,.T.);
#2547 = ORIENTED_EDGE('',*,*,#1184,.T.);
#2548 = ORIENTED_EDGE('',*,*,#221,.F.);
#2549 = ORIENTED_EDGE('',*,*,#836,.F.);
#2550 = ORIENTED_EDGE('',*,*,#2551,.F.);
#2551 = EDGE_CURVE('',#805,#829,#2552,.T.);
#2552 = LINE('',#2553,#2554);
#2553 = CARTESIAN_POINT('',(9.9,4.4,0.));
#2554 = VECTOR('',#2555,1.);
#2555 = DIRECTION('',(-1.,0.,0.));
#2556 = ORIENTED_EDGE('',*,*,#804,.F.);
#2557 = ORIENTED_EDGE('',*,*,#2558,.F.);
#2558 = EDGE_CURVE('',#773,#797,#2559,.T.);
#2559 = LINE('',#2560,#2561);
#2560 = CARTESIAN_POINT('',(9.9,4.4,0.));
#2561 = VECTOR('',#2562,1.);
#2562 = DIRECTION('',(-1.,0.,0.));
#2563 = ORIENTED_EDGE('',*,*,#772,.F.);
#2564 = ORIENTED_EDGE('',*,*,#2565,.F.);
#2565 = EDGE_CURVE('',#741,#765,#2566,.T.);
#2566 = LINE('',#2567,#2568);
#2567 = CARTESIAN_POINT('',(9.9,4.4,0.));
#2568 = VECTOR('',#2569,1.);
#2569 = DIRECTION('',(-1.,0.,0.));
#2570 = ORIENTED_EDGE('',*,*,#740,.F.);
#2571 = ORIENTED_EDGE('',*,*,#2572,.F.);
#2572 = EDGE_CURVE('',#709,#733,#2573,.T.);
#2573 = LINE('',#2574,#2575);
#2574 = CARTESIAN_POINT('',(9.9,4.4,0.));
#2575 = VECTOR('',#2576,1.);
#2576 = DIRECTION('',(-1.,0.,0.));
#2577 = ORIENTED_EDGE('',*,*,#708,.F.);
#2578 = ORIENTED_EDGE('',*,*,#2579,.F.);
#2579 = EDGE_CURVE('',#677,#701,#2580,.T.);
#2580 = LINE('',#2581,#2582);
#2581 = CARTESIAN_POINT('',(9.9,4.4,0.));
#2582 = VECTOR('',#2583,1.);
#2583 = DIRECTION('',(-1.,0.,0.));
#2584 = ORIENTED_EDGE('',*,*,#676,.F.);
#2585 = ORIENTED_EDGE('',*,*,#2586,.F.);
#2586 = EDGE_CURVE('',#645,#669,#2587,.T.);
#2587 = LINE('',#2588,#2589);
#2588 = CARTESIAN_POINT('',(9.9,4.4,0.));
#2589 = VECTOR('',#2590,1.);
#2590 = DIRECTION('',(-1.,0.,0.));
#2591 = ORIENTED_EDGE('',*,*,#644,.F.);
#2592 = ORIENTED_EDGE('',*,*,#2593,.F.);
#2593 = EDGE_CURVE('',#613,#637,#2594,.T.);
#2594 = LINE('',#2595,#2596);
#2595 = CARTESIAN_POINT('',(9.9,4.4,0.));
#2596 = VECTOR('',#2597,1.);
#2597 = DIRECTION('',(-1.,0.,0.));
#2598 = ORIENTED_EDGE('',*,*,#612,.F.);
#2599 = ORIENTED_EDGE('',*,*,#2600,.F.);
#2600 = EDGE_CURVE('',#581,#605,#2601,.T.);
#2601 = LINE('',#2602,#2603);
#2602 = CARTESIAN_POINT('',(9.9,4.4,0.));
#2603 = VECTOR('',#2604,1.);
#2604 = DIRECTION('',(-1.,0.,0.));
#2605 = ORIENTED_EDGE('',*,*,#580,.F.);
#2606 = ORIENTED_EDGE('',*,*,#2607,.F.);
#2607 = EDGE_CURVE('',#549,#573,#2608,.T.);
#2608 = LINE('',#2609,#2610);
#2609 = CARTESIAN_POINT('',(9.9,4.4,0.));
#2610 = VECTOR('',#2611,1.);
#2611 = DIRECTION('',(-1.,0.,0.));
#2612 = ORIENTED_EDGE('',*,*,#548,.F.);
#2613 = ORIENTED_EDGE('',*,*,#2614,.F.);
#2614 = EDGE_CURVE('',#517,#541,#2615,.T.);
#2615 = LINE('',#2616,#2617);
#2616 = CARTESIAN_POINT('',(9.9,4.4,0.));
#2617 = VECTOR('',#2618,1.);
#2618 = DIRECTION('',(-1.,0.,0.));
#2619 = ORIENTED_EDGE('',*,*,#516,.F.);
#2620 = PLANE('',#2621);
#2621 = AXIS2_PLACEMENT_3D('',#2622,#2623,#2624);
#2622 = CARTESIAN_POINT('',(9.9,4.4,0.));
#2623 = DIRECTION('',(0.,-1.,0.));
#2624 = DIRECTION('',(-1.,0.,0.));
#2625 = ADVANCED_FACE('',(#2626),#2659,.T.);
#2626 = FACE_BOUND('',#2627,.T.);
#2627 = EDGE_LOOP('',(#2628,#2638,#2646,#2652,#2653));
#2628 = ORIENTED_EDGE('',*,*,#2629,.T.);
#2629 = EDGE_CURVE('',#2630,#2632,#2634,.T.);
#2630 = VERTEX_POINT('',#2631);
#2631 = CARTESIAN_POINT('',(1.2,5.,0.));
#2632 = VERTEX_POINT('',#2633);
#2633 = CARTESIAN_POINT('',(1.2,5.,-0.1));
#2634 = LINE('',#2635,#2636);
#2635 = CARTESIAN_POINT('',(1.2,5.,0.));
#2636 = VECTOR('',#2637,1.);
#2637 = DIRECTION('',(-0.,-0.,-1.));
#2638 = ORIENTED_EDGE('',*,*,#2639,.T.);
#2639 = EDGE_CURVE('',#2632,#2640,#2642,.T.);
#2640 = VERTEX_POINT('',#2641);
#2641 = CARTESIAN_POINT('',(1.2,3.2,-0.1));
#2642 = LINE('',#2643,#2644);
#2643 = CARTESIAN_POINT('',(1.2,5.,-0.1));
#2644 = VECTOR('',#2645,1.);
#2645 = DIRECTION('',(0.,-1.,0.));
#2646 = ORIENTED_EDGE('',*,*,#2647,.F.);
#2647 = EDGE_CURVE('',#821,#2640,#2648,.T.);
#2648 = LINE('',#2649,#2650);
#2649 = CARTESIAN_POINT('',(1.2,3.2,0.));
#2650 = VECTOR('',#2651,1.);
#2651 = DIRECTION('',(-0.,-0.,-1.));
#2652 = ORIENTED_EDGE('',*,*,#828,.F.);
#2653 = ORIENTED_EDGE('',*,*,#2654,.F.);
#2654 = EDGE_CURVE('',#2630,#829,#2655,.T.);
#2655 = LINE('',#2656,#2657);
#2656 = CARTESIAN_POINT('',(1.2,5.,0.));
#2657 = VECTOR('',#2658,1.);
#2658 = DIRECTION('',(0.,-1.,0.));
#2659 = PLANE('',#2660);
#2660 = AXIS2_PLACEMENT_3D('',#2661,#2662,#2663);
#2661 = CARTESIAN_POINT('',(1.2,5.,0.));
#2662 = DIRECTION('',(-1.,0.,0.));
#2663 = DIRECTION('',(0.,-1.,0.));
#2664 = ADVANCED_FACE('',(#2665),#2691,.T.);
#2665 = FACE_BOUND('',#2666,.T.);
#2666 = EDGE_LOOP('',(#2667,#2675,#2683,#2689,#2690));
#2667 = ORIENTED_EDGE('',*,*,#2668,.T.);
#2668 = EDGE_CURVE('',#286,#2669,#2671,.T.);
#2669 = VERTEX_POINT('',#2670);
#2670 = CARTESIAN_POINT('',(1.2,1.2,-0.1));
#2671 = LINE('',#2672,#2673);
#2672 = CARTESIAN_POINT('',(1.2,1.2,0.));
#2673 = VECTOR('',#2674,1.);
#2674 = DIRECTION('',(-0.,-0.,-1.));
#2675 = ORIENTED_EDGE('',*,*,#2676,.T.);
#2676 = EDGE_CURVE('',#2669,#2677,#2679,.T.);
#2677 = VERTEX_POINT('',#2678);
#2678 = CARTESIAN_POINT('',(1.2,-0.6,-0.1));
#2679 = LINE('',#2680,#2681);
#2680 = CARTESIAN_POINT('',(1.2,1.2,-0.1));
#2681 = VECTOR('',#2682,1.);
#2682 = DIRECTION('',(0.,-1.,0.));
#2683 = ORIENTED_EDGE('',*,*,#2684,.F.);
#2684 = EDGE_CURVE('',#874,#2677,#2685,.T.);
#2685 = LINE('',#2686,#2687);
#2686 = CARTESIAN_POINT('',(1.2,-0.6,0.));
#2687 = VECTOR('',#2688,1.);
#2688 = DIRECTION('',(-0.,-0.,-1.));
#2689 = ORIENTED_EDGE('',*,*,#873,.F.);
#2690 = ORIENTED_EDGE('',*,*,#285,.F.);
#2691 = PLANE('',#2692);
#2692 = AXIS2_PLACEMENT_3D('',#2693,#2694,#2695);
#2693 = CARTESIAN_POINT('',(1.2,1.2,0.));
#2694 = DIRECTION('',(-1.,0.,0.));
#2695 = DIRECTION('',(0.,-1.,0.));
#2696 = ADVANCED_FACE('',(#2697),#2715,.T.);
#2697 = FACE_BOUND('',#2698,.T.);
#2698 = EDGE_LOOP('',(#2699,#2700,#2708,#2714));
#2699 = ORIENTED_EDGE('',*,*,#2647,.T.);
#2700 = ORIENTED_EDGE('',*,*,#2701,.T.);
#2701 = EDGE_CURVE('',#2640,#2702,#2704,.T.);
#2702 = VERTEX_POINT('',#2703);
#2703 = CARTESIAN_POINT('',(1.45,3.2,-0.1));
#2704 = LINE('',#2705,#2706);
#2705 = CARTESIAN_POINT('',(1.2,3.2,-0.1));
#2706 = VECTOR('',#2707,1.);
#2707 = DIRECTION('',(1.,0.,0.));
#2708 = ORIENTED_EDGE('',*,*,#2709,.F.);
#2709 = EDGE_CURVE('',#813,#2702,#2710,.T.);
#2710 = LINE('',#2711,#2712);
#2711 = CARTESIAN_POINT('',(1.45,3.2,0.));
#2712 = VECTOR('',#2713,1.);
#2713 = DIRECTION('',(-0.,-0.,-1.));
#2714 = ORIENTED_EDGE('',*,*,#820,.F.);
#2715 = PLANE('',#2716);
#2716 = AXIS2_PLACEMENT_3D('',#2717,#2718,#2719);
#2717 = CARTESIAN_POINT('',(1.2,3.2,0.));
#2718 = DIRECTION('',(0.,-1.,0.));
#2719 = DIRECTION('',(1.,0.,0.));
#2720 = ADVANCED_FACE('',(#2721),#2739,.T.);
#2721 = FACE_BOUND('',#2722,.T.);
#2722 = EDGE_LOOP('',(#2723,#2731,#2737,#2738));
#2723 = ORIENTED_EDGE('',*,*,#2724,.T.);
#2724 = EDGE_CURVE('',#294,#2725,#2727,.T.);
#2725 = VERTEX_POINT('',#2726);
#2726 = CARTESIAN_POINT('',(1.45,1.2,-0.1));
#2727 = LINE('',#2728,#2729);
#2728 = CARTESIAN_POINT('',(1.45,1.2,0.));
#2729 = VECTOR('',#2730,1.);
#2730 = DIRECTION('',(-0.,-0.,-1.));
#2731 = ORIENTED_EDGE('',*,*,#2732,.T.);
#2732 = EDGE_CURVE('',#2725,#2669,#2733,.T.);
#2733 = LINE('',#2734,#2735);
#2734 = CARTESIAN_POINT('',(1.45,1.2,-0.1));
#2735 = VECTOR('',#2736,1.);
#2736 = DIRECTION('',(-1.,0.,0.));
#2737 = ORIENTED_EDGE('',*,*,#2668,.F.);
#2738 = ORIENTED_EDGE('',*,*,#293,.F.);
#2739 = PLANE('',#2740);
#2740 = AXIS2_PLACEMENT_3D('',#2741,#2742,#2743);
#2741 = CARTESIAN_POINT('',(1.45,1.2,0.));
#2742 = DIRECTION('',(0.,1.,0.));
#2743 = DIRECTION('',(-1.,0.,0.));
#2744 = ADVANCED_FACE('',(#2745),#2771,.T.);
#2745 = FACE_BOUND('',#2746,.T.);
#2746 = EDGE_LOOP('',(#2747,#2748,#2756,#2764,#2770));
#2747 = ORIENTED_EDGE('',*,*,#2709,.T.);
#2748 = ORIENTED_EDGE('',*,*,#2749,.T.);
#2749 = EDGE_CURVE('',#2702,#2750,#2752,.T.);
#2750 = VERTEX_POINT('',#2751);
#2751 = CARTESIAN_POINT('',(1.45,5.,-0.1));
#2752 = LINE('',#2753,#2754);
#2753 = CARTESIAN_POINT('',(1.45,3.2,-0.1));
#2754 = VECTOR('',#2755,1.);
#2755 = DIRECTION('',(0.,1.,0.));
#2756 = ORIENTED_EDGE('',*,*,#2757,.F.);
#2757 = EDGE_CURVE('',#2758,#2750,#2760,.T.);
#2758 = VERTEX_POINT('',#2759);
#2759 = CARTESIAN_POINT('',(1.45,5.,0.));
#2760 = LINE('',#2761,#2762);
#2761 = CARTESIAN_POINT('',(1.45,5.,0.));
#2762 = VECTOR('',#2763,1.);
#2763 = DIRECTION('',(-0.,-0.,-1.));
#2764 = ORIENTED_EDGE('',*,*,#2765,.F.);
#2765 = EDGE_CURVE('',#805,#2758,#2766,.T.);
#2766 = LINE('',#2767,#2768);
#2767 = CARTESIAN_POINT('',(1.45,3.2,0.));
#2768 = VECTOR('',#2769,1.);
#2769 = DIRECTION('',(0.,1.,0.));
#2770 = ORIENTED_EDGE('',*,*,#812,.F.);
#2771 = PLANE('',#2772);
#2772 = AXIS2_PLACEMENT_3D('',#2773,#2774,#2775);
#2773 = CARTESIAN_POINT('',(1.45,3.2,0.));
#2774 = DIRECTION('',(1.,0.,0.));
#2775 = DIRECTION('',(0.,1.,0.));
#2776 = ADVANCED_FACE('',(#2777),#2796,.T.);
#2777 = FACE_BOUND('',#2778,.T.);
#2778 = EDGE_LOOP('',(#2779,#2787,#2793,#2794,#2795));
#2779 = ORIENTED_EDGE('',*,*,#2780,.T.);
#2780 = EDGE_CURVE('',#882,#2781,#2783,.T.);
#2781 = VERTEX_POINT('',#2782);
#2782 = CARTESIAN_POINT('',(1.45,-0.6,-0.1));
#2783 = LINE('',#2784,#2785);
#2784 = CARTESIAN_POINT('',(1.45,-0.6,0.));
#2785 = VECTOR('',#2786,1.);
#2786 = DIRECTION('',(-0.,-0.,-1.));
#2787 = ORIENTED_EDGE('',*,*,#2788,.T.);
#2788 = EDGE_CURVE('',#2781,#2725,#2789,.T.);
#2789 = LINE('',#2790,#2791);
#2790 = CARTESIAN_POINT('',(1.45,-0.6,-0.1));
#2791 = VECTOR('',#2792,1.);
#2792 = DIRECTION('',(0.,1.,0.));
#2793 = ORIENTED_EDGE('',*,*,#2724,.F.);
#2794 = ORIENTED_EDGE('',*,*,#301,.F.);
#2795 = ORIENTED_EDGE('',*,*,#889,.F.);
#2796 = PLANE('',#2797);
#2797 = AXIS2_PLACEMENT_3D('',#2798,#2799,#2800);
#2798 = CARTESIAN_POINT('',(1.45,-0.6,0.));
#2799 = DIRECTION('',(1.,0.,0.));
#2800 = DIRECTION('',(0.,1.,0.));
#2801 = ADVANCED_FACE('',(#2802),#2835,.T.);
#2802 = FACE_BOUND('',#2803,.T.);
#2803 = EDGE_LOOP('',(#2804,#2814,#2822,#2828,#2829));
#2804 = ORIENTED_EDGE('',*,*,#2805,.T.);
#2805 = EDGE_CURVE('',#2806,#2808,#2810,.T.);
#2806 = VERTEX_POINT('',#2807);
#2807 = CARTESIAN_POINT('',(2.,5.,0.));
#2808 = VERTEX_POINT('',#2809);
#2809 = CARTESIAN_POINT('',(2.,5.,-0.1));
#2810 = LINE('',#2811,#2812);
#2811 = CARTESIAN_POINT('',(2.,5.,0.));
#2812 = VECTOR('',#2813,1.);
#2813 = DIRECTION('',(-0.,-0.,-1.));
#2814 = ORIENTED_EDGE('',*,*,#2815,.T.);
#2815 = EDGE_CURVE('',#2808,#2816,#2818,.T.);
#2816 = VERTEX_POINT('',#2817);
#2817 = CARTESIAN_POINT('',(2.,3.2,-0.1));
#2818 = LINE('',#2819,#2820);
#2819 = CARTESIAN_POINT('',(2.,5.,-0.1));
#2820 = VECTOR('',#2821,1.);
#2821 = DIRECTION('',(0.,-1.,0.));
#2822 = ORIENTED_EDGE('',*,*,#2823,.F.);
#2823 = EDGE_CURVE('',#789,#2816,#2824,.T.);
#2824 = LINE('',#2825,#2826);
#2825 = CARTESIAN_POINT('',(2.,3.2,0.));
#2826 = VECTOR('',#2827,1.);
#2827 = DIRECTION('',(-0.,-0.,-1.));
#2828 = ORIENTED_EDGE('',*,*,#796,.F.);
#2829 = ORIENTED_EDGE('',*,*,#2830,.F.);
#2830 = EDGE_CURVE('',#2806,#797,#2831,.T.);
#2831 = LINE('',#2832,#2833);
#2832 = CARTESIAN_POINT('',(2.,5.,0.));
#2833 = VECTOR('',#2834,1.);
#2834 = DIRECTION('',(0.,-1.,0.));
#2835 = PLANE('',#2836);
#2836 = AXIS2_PLACEMENT_3D('',#2837,#2838,#2839);
#2837 = CARTESIAN_POINT('',(2.,5.,0.));
#2838 = DIRECTION('',(-1.,0.,0.));
#2839 = DIRECTION('',(0.,-1.,0.));
#2840 = ADVANCED_FACE('',(#2841),#2867,.T.);
#2841 = FACE_BOUND('',#2842,.T.);
#2842 = EDGE_LOOP('',(#2843,#2851,#2859,#2865,#2866));
#2843 = ORIENTED_EDGE('',*,*,#2844,.T.);
#2844 = EDGE_CURVE('',#309,#2845,#2847,.T.);
#2845 = VERTEX_POINT('',#2846);
#2846 = CARTESIAN_POINT('',(2.,1.2,-0.1));
#2847 = LINE('',#2848,#2849);
#2848 = CARTESIAN_POINT('',(2.,1.2,0.));
#2849 = VECTOR('',#2850,1.);
#2850 = DIRECTION('',(-0.,-0.,-1.));
#2851 = ORIENTED_EDGE('',*,*,#2852,.T.);
#2852 = EDGE_CURVE('',#2845,#2853,#2855,.T.);
#2853 = VERTEX_POINT('',#2854);
#2854 = CARTESIAN_POINT('',(2.,-0.6,-0.1));
#2855 = LINE('',#2856,#2857);
#2856 = CARTESIAN_POINT('',(2.,1.2,-0.1));
#2857 = VECTOR('',#2858,1.);
#2858 = DIRECTION('',(0.,-1.,0.));
#2859 = ORIENTED_EDGE('',*,*,#2860,.F.);
#2860 = EDGE_CURVE('',#905,#2853,#2861,.T.);
#2861 = LINE('',#2862,#2863);
#2862 = CARTESIAN_POINT('',(2.,-0.6,0.));
#2863 = VECTOR('',#2864,1.);
#2864 = DIRECTION('',(-0.,-0.,-1.));
#2865 = ORIENTED_EDGE('',*,*,#904,.F.);
#2866 = ORIENTED_EDGE('',*,*,#308,.F.);
#2867 = PLANE('',#2868);
#2868 = AXIS2_PLACEMENT_3D('',#2869,#2870,#2871);
#2869 = CARTESIAN_POINT('',(2.,1.2,0.));
#2870 = DIRECTION('',(-1.,0.,0.));
#2871 = DIRECTION('',(0.,-1.,0.));
#2872 = ADVANCED_FACE('',(#2873),#2891,.T.);
#2873 = FACE_BOUND('',#2874,.T.);
#2874 = EDGE_LOOP('',(#2875,#2876,#2884,#2890));
#2875 = ORIENTED_EDGE('',*,*,#2823,.T.);
#2876 = ORIENTED_EDGE('',*,*,#2877,.T.);
#2877 = EDGE_CURVE('',#2816,#2878,#2880,.T.);
#2878 = VERTEX_POINT('',#2879);
#2879 = CARTESIAN_POINT('',(2.25,3.2,-0.1));
#2880 = LINE('',#2881,#2882);
#2881 = CARTESIAN_POINT('',(2.,3.2,-0.1));
#2882 = VECTOR('',#2883,1.);
#2883 = DIRECTION('',(1.,0.,0.));
#2884 = ORIENTED_EDGE('',*,*,#2885,.F.);
#2885 = EDGE_CURVE('',#781,#2878,#2886,.T.);
#2886 = LINE('',#2887,#2888);
#2887 = CARTESIAN_POINT('',(2.25,3.2,0.));
#2888 = VECTOR('',#2889,1.);
#2889 = DIRECTION('',(-0.,-0.,-1.));
#2890 = ORIENTED_EDGE('',*,*,#788,.F.);
#2891 = PLANE('',#2892);
#2892 = AXIS2_PLACEMENT_3D('',#2893,#2894,#2895);
#2893 = CARTESIAN_POINT('',(2.,3.2,0.));
#2894 = DIRECTION('',(0.,-1.,0.));
#2895 = DIRECTION('',(1.,0.,0.));
#2896 = ADVANCED_FACE('',(#2897),#2915,.T.);
#2897 = FACE_BOUND('',#2898,.T.);
#2898 = EDGE_LOOP('',(#2899,#2907,#2913,#2914));
#2899 = ORIENTED_EDGE('',*,*,#2900,.T.);
#2900 = EDGE_CURVE('',#317,#2901,#2903,.T.);
#2901 = VERTEX_POINT('',#2902);
#2902 = CARTESIAN_POINT('',(2.25,1.2,-0.1));
#2903 = LINE('',#2904,#2905);
#2904 = CARTESIAN_POINT('',(2.25,1.2,0.));
#2905 = VECTOR('',#2906,1.);
#2906 = DIRECTION('',(-0.,-0.,-1.));
#2907 = ORIENTED_EDGE('',*,*,#2908,.T.);
#2908 = EDGE_CURVE('',#2901,#2845,#2909,.T.);
#2909 = LINE('',#2910,#2911);
#2910 = CARTESIAN_POINT('',(2.25,1.2,-0.1));
#2911 = VECTOR('',#2912,1.);
#2912 = DIRECTION('',(-1.,0.,0.));
#2913 = ORIENTED_EDGE('',*,*,#2844,.F.);
#2914 = ORIENTED_EDGE('',*,*,#316,.F.);
#2915 = PLANE('',#2916);
#2916 = AXIS2_PLACEMENT_3D('',#2917,#2918,#2919);
#2917 = CARTESIAN_POINT('',(2.25,1.2,0.));
#2918 = DIRECTION('',(0.,1.,0.));
#2919 = DIRECTION('',(-1.,0.,0.));
#2920 = ADVANCED_FACE('',(#2921),#2947,.T.);
#2921 = FACE_BOUND('',#2922,.T.);
#2922 = EDGE_LOOP('',(#2923,#2924,#2932,#2940,#2946));
#2923 = ORIENTED_EDGE('',*,*,#2885,.T.);
#2924 = ORIENTED_EDGE('',*,*,#2925,.T.);
#2925 = EDGE_CURVE('',#2878,#2926,#2928,.T.);
#2926 = VERTEX_POINT('',#2927);
#2927 = CARTESIAN_POINT('',(2.25,5.,-0.1));
#2928 = LINE('',#2929,#2930);
#2929 = CARTESIAN_POINT('',(2.25,3.2,-0.1));
#2930 = VECTOR('',#2931,1.);
#2931 = DIRECTION('',(0.,1.,0.));
#2932 = ORIENTED_EDGE('',*,*,#2933,.F.);
#2933 = EDGE_CURVE('',#2934,#2926,#2936,.T.);
#2934 = VERTEX_POINT('',#2935);
#2935 = CARTESIAN_POINT('',(2.25,5.,0.));
#2936 = LINE('',#2937,#2938);
#2937 = CARTESIAN_POINT('',(2.25,5.,0.));
#2938 = VECTOR('',#2939,1.);
#2939 = DIRECTION('',(-0.,-0.,-1.));
#2940 = ORIENTED_EDGE('',*,*,#2941,.F.);
#2941 = EDGE_CURVE('',#773,#2934,#2942,.T.);
#2942 = LINE('',#2943,#2944);
#2943 = CARTESIAN_POINT('',(2.25,3.2,0.));
#2944 = VECTOR('',#2945,1.);
#2945 = DIRECTION('',(0.,1.,0.));
#2946 = ORIENTED_EDGE('',*,*,#780,.F.);
#2947 = PLANE('',#2948);
#2948 = AXIS2_PLACEMENT_3D('',#2949,#2950,#2951);
#2949 = CARTESIAN_POINT('',(2.25,3.2,0.));
#2950 = DIRECTION('',(1.,0.,0.));
#2951 = DIRECTION('',(0.,1.,0.));
#2952 = ADVANCED_FACE('',(#2953),#2972,.T.);
#2953 = FACE_BOUND('',#2954,.T.);
#2954 = EDGE_LOOP('',(#2955,#2963,#2969,#2970,#2971));
#2955 = ORIENTED_EDGE('',*,*,#2956,.T.);
#2956 = EDGE_CURVE('',#913,#2957,#2959,.T.);
#2957 = VERTEX_POINT('',#2958);
#2958 = CARTESIAN_POINT('',(2.25,-0.6,-0.1));
#2959 = LINE('',#2960,#2961);
#2960 = CARTESIAN_POINT('',(2.25,-0.6,0.));
#2961 = VECTOR('',#2962,1.);
#2962 = DIRECTION('',(-0.,-0.,-1.));
#2963 = ORIENTED_EDGE('',*,*,#2964,.T.);
#2964 = EDGE_CURVE('',#2957,#2901,#2965,.T.);
#2965 = LINE('',#2966,#2967);
#2966 = CARTESIAN_POINT('',(2.25,-0.6,-0.1));
#2967 = VECTOR('',#2968,1.);
#2968 = DIRECTION('',(0.,1.,0.));
#2969 = ORIENTED_EDGE('',*,*,#2900,.F.);
#2970 = ORIENTED_EDGE('',*,*,#324,.F.);
#2971 = ORIENTED_EDGE('',*,*,#920,.F.);
#2972 = PLANE('',#2973);
#2973 = AXIS2_PLACEMENT_3D('',#2974,#2975,#2976);
#2974 = CARTESIAN_POINT('',(2.25,-0.6,0.));
#2975 = DIRECTION('',(1.,0.,0.));
#2976 = DIRECTION('',(0.,1.,0.));
#2977 = ADVANCED_FACE('',(#2978),#3011,.T.);
#2978 = FACE_BOUND('',#2979,.T.);
#2979 = EDGE_LOOP('',(#2980,#2990,#2998,#3004,#3005));
#2980 = ORIENTED_EDGE('',*,*,#2981,.T.);
#2981 = EDGE_CURVE('',#2982,#2984,#2986,.T.);
#2982 = VERTEX_POINT('',#2983);
#2983 = CARTESIAN_POINT('',(2.8,5.,0.));
#2984 = VERTEX_POINT('',#2985);
#2985 = CARTESIAN_POINT('',(2.8,5.,-0.1));
#2986 = LINE('',#2987,#2988);
#2987 = CARTESIAN_POINT('',(2.8,5.,0.));
#2988 = VECTOR('',#2989,1.);
#2989 = DIRECTION('',(-0.,-0.,-1.));
#2990 = ORIENTED_EDGE('',*,*,#2991,.T.);
#2991 = EDGE_CURVE('',#2984,#2992,#2994,.T.);
#2992 = VERTEX_POINT('',#2993);
#2993 = CARTESIAN_POINT('',(2.8,3.2,-0.1));
#2994 = LINE('',#2995,#2996);
#2995 = CARTESIAN_POINT('',(2.8,5.,-0.1));
#2996 = VECTOR('',#2997,1.);
#2997 = DIRECTION('',(0.,-1.,0.));
#2998 = ORIENTED_EDGE('',*,*,#2999,.F.);
#2999 = EDGE_CURVE('',#757,#2992,#3000,.T.);
#3000 = LINE('',#3001,#3002);
#3001 = CARTESIAN_POINT('',(2.8,3.2,0.));
#3002 = VECTOR('',#3003,1.);
#3003 = DIRECTION('',(-0.,-0.,-1.));
#3004 = ORIENTED_EDGE('',*,*,#764,.F.);
#3005 = ORIENTED_EDGE('',*,*,#3006,.F.);
#3006 = EDGE_CURVE('',#2982,#765,#3007,.T.);
#3007 = LINE('',#3008,#3009);
#3008 = CARTESIAN_POINT('',(2.8,5.,0.));
#3009 = VECTOR('',#3010,1.);
#3010 = DIRECTION('',(0.,-1.,0.));
#3011 = PLANE('',#3012);
#3012 = AXIS2_PLACEMENT_3D('',#3013,#3014,#3015);
#3013 = CARTESIAN_POINT('',(2.8,5.,0.));
#3014 = DIRECTION('',(-1.,0.,0.));
#3015 = DIRECTION('',(0.,-1.,0.));
#3016 = ADVANCED_FACE('',(#3017),#3043,.T.);
#3017 = FACE_BOUND('',#3018,.T.);
#3018 = EDGE_LOOP('',(#3019,#3027,#3035,#3041,#3042));
#3019 = ORIENTED_EDGE('',*,*,#3020,.T.);
#3020 = EDGE_CURVE('',#332,#3021,#3023,.T.);
#3021 = VERTEX_POINT('',#3022);
#3022 = CARTESIAN_POINT('',(2.8,1.2,-0.1));
#3023 = LINE('',#3024,#3025);
#3024 = CARTESIAN_POINT('',(2.8,1.2,0.));
#3025 = VECTOR('',#3026,1.);
#3026 = DIRECTION('',(-0.,-0.,-1.));
#3027 = ORIENTED_EDGE('',*,*,#3028,.T.);
#3028 = EDGE_CURVE('',#3021,#3029,#3031,.T.);
#3029 = VERTEX_POINT('',#3030);
#3030 = CARTESIAN_POINT('',(2.8,-0.6,-0.1));
#3031 = LINE('',#3032,#3033);
#3032 = CARTESIAN_POINT('',(2.8,1.2,-0.1));
#3033 = VECTOR('',#3034,1.);
#3034 = DIRECTION('',(0.,-1.,0.));
#3035 = ORIENTED_EDGE('',*,*,#3036,.F.);
#3036 = EDGE_CURVE('',#936,#3029,#3037,.T.);
#3037 = LINE('',#3038,#3039);
#3038 = CARTESIAN_POINT('',(2.8,-0.6,0.));
#3039 = VECTOR('',#3040,1.);
#3040 = DIRECTION('',(-0.,-0.,-1.));
#3041 = ORIENTED_EDGE('',*,*,#935,.F.);
#3042 = ORIENTED_EDGE('',*,*,#331,.F.);
#3043 = PLANE('',#3044);
#3044 = AXIS2_PLACEMENT_3D('',#3045,#3046,#3047);
#3045 = CARTESIAN_POINT('',(2.8,1.2,0.));
#3046 = DIRECTION('',(-1.,0.,0.));
#3047 = DIRECTION('',(0.,-1.,0.));
#3048 = ADVANCED_FACE('',(#3049),#3067,.T.);
#3049 = FACE_BOUND('',#3050,.T.);
#3050 = EDGE_LOOP('',(#3051,#3052,#3060,#3066));
#3051 = ORIENTED_EDGE('',*,*,#2999,.T.);
#3052 = ORIENTED_EDGE('',*,*,#3053,.T.);
#3053 = EDGE_CURVE('',#2992,#3054,#3056,.T.);
#3054 = VERTEX_POINT('',#3055);
#3055 = CARTESIAN_POINT('',(3.05,3.2,-0.1));
#3056 = LINE('',#3057,#3058);
#3057 = CARTESIAN_POINT('',(2.8,3.2,-0.1));
#3058 = VECTOR('',#3059,1.);
#3059 = DIRECTION('',(1.,0.,0.));
#3060 = ORIENTED_EDGE('',*,*,#3061,.F.);
#3061 = EDGE_CURVE('',#749,#3054,#3062,.T.);
#3062 = LINE('',#3063,#3064);
#3063 = CARTESIAN_POINT('',(3.05,3.2,0.));
#3064 = VECTOR('',#3065,1.);
#3065 = DIRECTION('',(-0.,-0.,-1.));
#3066 = ORIENTED_EDGE('',*,*,#756,.F.);
#3067 = PLANE('',#3068);
#3068 = AXIS2_PLACEMENT_3D('',#3069,#3070,#3071);
#3069 = CARTESIAN_POINT('',(2.8,3.2,0.));
#3070 = DIRECTION('',(0.,-1.,0.));
#3071 = DIRECTION('',(1.,0.,0.));
#3072 = ADVANCED_FACE('',(#3073),#3091,.T.);
#3073 = FACE_BOUND('',#3074,.T.);
#3074 = EDGE_LOOP('',(#3075,#3083,#3089,#3090));
#3075 = ORIENTED_EDGE('',*,*,#3076,.T.);
#3076 = EDGE_CURVE('',#340,#3077,#3079,.T.);
#3077 = VERTEX_POINT('',#3078);
#3078 = CARTESIAN_POINT('',(3.05,1.2,-0.1));
#3079 = LINE('',#3080,#3081);
#3080 = CARTESIAN_POINT('',(3.05,1.2,0.));
#3081 = VECTOR('',#3082,1.);
#3082 = DIRECTION('',(-0.,-0.,-1.));
#3083 = ORIENTED_EDGE('',*,*,#3084,.T.);
#3084 = EDGE_CURVE('',#3077,#3021,#3085,.T.);
#3085 = LINE('',#3086,#3087);
#3086 = CARTESIAN_POINT('',(3.05,1.2,-0.1));
#3087 = VECTOR('',#3088,1.);
#3088 = DIRECTION('',(-1.,0.,0.));
#3089 = ORIENTED_EDGE('',*,*,#3020,.F.);
#3090 = ORIENTED_EDGE('',*,*,#339,.F.);
#3091 = PLANE('',#3092);
#3092 = AXIS2_PLACEMENT_3D('',#3093,#3094,#3095);
#3093 = CARTESIAN_POINT('',(3.05,1.2,0.));
#3094 = DIRECTION('',(0.,1.,0.));
#3095 = DIRECTION('',(-1.,0.,0.));
#3096 = ADVANCED_FACE('',(#3097),#3123,.T.);
#3097 = FACE_BOUND('',#3098,.T.);
#3098 = EDGE_LOOP('',(#3099,#3100,#3108,#3116,#3122));
#3099 = ORIENTED_EDGE('',*,*,#3061,.T.);
#3100 = ORIENTED_EDGE('',*,*,#3101,.T.);
#3101 = EDGE_CURVE('',#3054,#3102,#3104,.T.);
#3102 = VERTEX_POINT('',#3103);
#3103 = CARTESIAN_POINT('',(3.05,5.,-0.1));
#3104 = LINE('',#3105,#3106);
#3105 = CARTESIAN_POINT('',(3.05,3.2,-0.1));
#3106 = VECTOR('',#3107,1.);
#3107 = DIRECTION('',(0.,1.,0.));
#3108 = ORIENTED_EDGE('',*,*,#3109,.F.);
#3109 = EDGE_CURVE('',#3110,#3102,#3112,.T.);
#3110 = VERTEX_POINT('',#3111);
#3111 = CARTESIAN_POINT('',(3.05,5.,0.));
#3112 = LINE('',#3113,#3114);
#3113 = CARTESIAN_POINT('',(3.05,5.,0.));
#3114 = VECTOR('',#3115,1.);
#3115 = DIRECTION('',(-0.,-0.,-1.));
#3116 = ORIENTED_EDGE('',*,*,#3117,.F.);
#3117 = EDGE_CURVE('',#741,#3110,#3118,.T.);
#3118 = LINE('',#3119,#3120);
#3119 = CARTESIAN_POINT('',(3.05,3.2,0.));
#3120 = VECTOR('',#3121,1.);
#3121 = DIRECTION('',(0.,1.,0.));
#3122 = ORIENTED_EDGE('',*,*,#748,.F.);
#3123 = PLANE('',#3124);
#3124 = AXIS2_PLACEMENT_3D('',#3125,#3126,#3127);
#3125 = CARTESIAN_POINT('',(3.05,3.2,0.));
#3126 = DIRECTION('',(1.,0.,0.));
#3127 = DIRECTION('',(0.,1.,0.));
#3128 = ADVANCED_FACE('',(#3129),#3148,.T.);
#3129 = FACE_BOUND('',#3130,.T.);
#3130 = EDGE_LOOP('',(#3131,#3139,#3145,#3146,#3147));
#3131 = ORIENTED_EDGE('',*,*,#3132,.T.);
#3132 = EDGE_CURVE('',#944,#3133,#3135,.T.);
#3133 = VERTEX_POINT('',#3134);
#3134 = CARTESIAN_POINT('',(3.05,-0.6,-0.1));
#3135 = LINE('',#3136,#3137);
#3136 = CARTESIAN_POINT('',(3.05,-0.6,0.));
#3137 = VECTOR('',#3138,1.);
#3138 = DIRECTION('',(-0.,-0.,-1.));
#3139 = ORIENTED_EDGE('',*,*,#3140,.T.);
#3140 = EDGE_CURVE('',#3133,#3077,#3141,.T.);
#3141 = LINE('',#3142,#3143);
#3142 = CARTESIAN_POINT('',(3.05,-0.6,-0.1));
#3143 = VECTOR('',#3144,1.);
#3144 = DIRECTION('',(0.,1.,0.));
#3145 = ORIENTED_EDGE('',*,*,#3076,.F.);
#3146 = ORIENTED_EDGE('',*,*,#347,.F.);
#3147 = ORIENTED_EDGE('',*,*,#951,.F.);
#3148 = PLANE('',#3149);
#3149 = AXIS2_PLACEMENT_3D('',#3150,#3151,#3152);
#3150 = CARTESIAN_POINT('',(3.05,-0.6,0.));
#3151 = DIRECTION('',(1.,0.,0.));
#3152 = DIRECTION('',(0.,1.,0.));
#3153 = ADVANCED_FACE('',(#3154),#3187,.T.);
#3154 = FACE_BOUND('',#3155,.T.);
#3155 = EDGE_LOOP('',(#3156,#3166,#3174,#3180,#3181));
#3156 = ORIENTED_EDGE('',*,*,#3157,.T.);
#3157 = EDGE_CURVE('',#3158,#3160,#3162,.T.);
#3158 = VERTEX_POINT('',#3159);
#3159 = CARTESIAN_POINT('',(3.6,5.,0.));
#3160 = VERTEX_POINT('',#3161);
#3161 = CARTESIAN_POINT('',(3.6,5.,-0.1));
#3162 = LINE('',#3163,#3164);
#3163 = CARTESIAN_POINT('',(3.6,5.,0.));
#3164 = VECTOR('',#3165,1.);
#3165 = DIRECTION('',(-0.,-0.,-1.));
#3166 = ORIENTED_EDGE('',*,*,#3167,.T.);
#3167 = EDGE_CURVE('',#3160,#3168,#3170,.T.);
#3168 = VERTEX_POINT('',#3169);
#3169 = CARTESIAN_POINT('',(3.6,3.2,-0.1));
#3170 = LINE('',#3171,#3172);
#3171 = CARTESIAN_POINT('',(3.6,5.,-0.1));
#3172 = VECTOR('',#3173,1.);
#3173 = DIRECTION('',(0.,-1.,0.));
#3174 = ORIENTED_EDGE('',*,*,#3175,.F.);
#3175 = EDGE_CURVE('',#725,#3168,#3176,.T.);
#3176 = LINE('',#3177,#3178);
#3177 = CARTESIAN_POINT('',(3.6,3.2,0.));
#3178 = VECTOR('',#3179,1.);
#3179 = DIRECTION('',(-0.,-0.,-1.));
#3180 = ORIENTED_EDGE('',*,*,#732,.F.);
#3181 = ORIENTED_EDGE('',*,*,#3182,.F.);
#3182 = EDGE_CURVE('',#3158,#733,#3183,.T.);
#3183 = LINE('',#3184,#3185);
#3184 = CARTESIAN_POINT('',(3.6,5.,0.));
#3185 = VECTOR('',#3186,1.);
#3186 = DIRECTION('',(0.,-1.,0.));
#3187 = PLANE('',#3188);
#3188 = AXIS2_PLACEMENT_3D('',#3189,#3190,#3191);
#3189 = CARTESIAN_POINT('',(3.6,5.,0.));
#3190 = DIRECTION('',(-1.,0.,0.));
#3191 = DIRECTION('',(0.,-1.,0.));
#3192 = ADVANCED_FACE('',(#3193),#3219,.T.);
#3193 = FACE_BOUND('',#3194,.T.);
#3194 = EDGE_LOOP('',(#3195,#3203,#3211,#3217,#3218));
#3195 = ORIENTED_EDGE('',*,*,#3196,.T.);
#3196 = EDGE_CURVE('',#355,#3197,#3199,.T.);
#3197 = VERTEX_POINT('',#3198);
#3198 = CARTESIAN_POINT('',(3.6,1.2,-0.1));
#3199 = LINE('',#3200,#3201);
#3200 = CARTESIAN_POINT('',(3.6,1.2,0.));
#3201 = VECTOR('',#3202,1.);
#3202 = DIRECTION('',(-0.,-0.,-1.));
#3203 = ORIENTED_EDGE('',*,*,#3204,.T.);
#3204 = EDGE_CURVE('',#3197,#3205,#3207,.T.);
#3205 = VERTEX_POINT('',#3206);
#3206 = CARTESIAN_POINT('',(3.6,-0.6,-0.1));
#3207 = LINE('',#3208,#3209);
#3208 = CARTESIAN_POINT('',(3.6,1.2,-0.1));
#3209 = VECTOR('',#3210,1.);
#3210 = DIRECTION('',(0.,-1.,0.));
#3211 = ORIENTED_EDGE('',*,*,#3212,.F.);
#3212 = EDGE_CURVE('',#967,#3205,#3213,.T.);
#3213 = LINE('',#3214,#3215);
#3214 = CARTESIAN_POINT('',(3.6,-0.6,0.));
#3215 = VECTOR('',#3216,1.);
#3216 = DIRECTION('',(-0.,-0.,-1.));
#3217 = ORIENTED_EDGE('',*,*,#966,.F.);
#3218 = ORIENTED_EDGE('',*,*,#354,.F.);
#3219 = PLANE('',#3220);
#3220 = AXIS2_PLACEMENT_3D('',#3221,#3222,#3223);
#3221 = CARTESIAN_POINT('',(3.6,1.2,0.));
#3222 = DIRECTION('',(-1.,0.,0.));
#3223 = DIRECTION('',(0.,-1.,0.));
#3224 = ADVANCED_FACE('',(#3225),#3243,.T.);
#3225 = FACE_BOUND('',#3226,.T.);
#3226 = EDGE_LOOP('',(#3227,#3228,#3236,#3242));
#3227 = ORIENTED_EDGE('',*,*,#3175,.T.);
#3228 = ORIENTED_EDGE('',*,*,#3229,.T.);
#3229 = EDGE_CURVE('',#3168,#3230,#3232,.T.);
#3230 = VERTEX_POINT('',#3231);
#3231 = CARTESIAN_POINT('',(3.85,3.2,-0.1));
#3232 = LINE('',#3233,#3234);
#3233 = CARTESIAN_POINT('',(3.6,3.2,-0.1));
#3234 = VECTOR('',#3235,1.);
#3235 = DIRECTION('',(1.,0.,0.));
#3236 = ORIENTED_EDGE('',*,*,#3237,.F.);
#3237 = EDGE_CURVE('',#717,#3230,#3238,.T.);
#3238 = LINE('',#3239,#3240);
#3239 = CARTESIAN_POINT('',(3.85,3.2,0.));
#3240 = VECTOR('',#3241,1.);
#3241 = DIRECTION('',(-0.,-0.,-1.));
#3242 = ORIENTED_EDGE('',*,*,#724,.F.);
#3243 = PLANE('',#3244);
#3244 = AXIS2_PLACEMENT_3D('',#3245,#3246,#3247);
#3245 = CARTESIAN_POINT('',(3.6,3.2,0.));
#3246 = DIRECTION('',(0.,-1.,0.));
#3247 = DIRECTION('',(1.,0.,0.));
#3248 = ADVANCED_FACE('',(#3249),#3267,.T.);
#3249 = FACE_BOUND('',#3250,.T.);
#3250 = EDGE_LOOP('',(#3251,#3259,#3265,#3266));
#3251 = ORIENTED_EDGE('',*,*,#3252,.T.);
#3252 = EDGE_CURVE('',#363,#3253,#3255,.T.);
#3253 = VERTEX_POINT('',#3254);
#3254 = CARTESIAN_POINT('',(3.85,1.2,-0.1));
#3255 = LINE('',#3256,#3257);
#3256 = CARTESIAN_POINT('',(3.85,1.2,0.));
#3257 = VECTOR('',#3258,1.);
#3258 = DIRECTION('',(-0.,-0.,-1.));
#3259 = ORIENTED_EDGE('',*,*,#3260,.T.);
#3260 = EDGE_CURVE('',#3253,#3197,#3261,.T.);
#3261 = LINE('',#3262,#3263);
#3262 = CARTESIAN_POINT('',(3.85,1.2,-0.1));
#3263 = VECTOR('',#3264,1.);
#3264 = DIRECTION('',(-1.,0.,0.));
#3265 = ORIENTED_EDGE('',*,*,#3196,.F.);
#3266 = ORIENTED_EDGE('',*,*,#362,.F.);
#3267 = PLANE('',#3268);
#3268 = AXIS2_PLACEMENT_3D('',#3269,#3270,#3271);
#3269 = CARTESIAN_POINT('',(3.85,1.2,0.));
#3270 = DIRECTION('',(0.,1.,0.));
#3271 = DIRECTION('',(-1.,0.,0.));
#3272 = ADVANCED_FACE('',(#3273),#3299,.T.);
#3273 = FACE_BOUND('',#3274,.T.);
#3274 = EDGE_LOOP('',(#3275,#3276,#3284,#3292,#3298));
#3275 = ORIENTED_EDGE('',*,*,#3237,.T.);
#3276 = ORIENTED_EDGE('',*,*,#3277,.T.);
#3277 = EDGE_CURVE('',#3230,#3278,#3280,.T.);
#3278 = VERTEX_POINT('',#3279);
#3279 = CARTESIAN_POINT('',(3.85,5.,-0.1));
#3280 = LINE('',#3281,#3282);
#3281 = CARTESIAN_POINT('',(3.85,3.2,-0.1));
#3282 = VECTOR('',#3283,1.);
#3283 = DIRECTION('',(0.,1.,0.));
#3284 = ORIENTED_EDGE('',*,*,#3285,.F.);
#3285 = EDGE_CURVE('',#3286,#3278,#3288,.T.);
#3286 = VERTEX_POINT('',#3287);
#3287 = CARTESIAN_POINT('',(3.85,5.,0.));
#3288 = LINE('',#3289,#3290);
#3289 = CARTESIAN_POINT('',(3.85,5.,0.));
#3290 = VECTOR('',#3291,1.);
#3291 = DIRECTION('',(-0.,-0.,-1.));
#3292 = ORIENTED_EDGE('',*,*,#3293,.F.);
#3293 = EDGE_CURVE('',#709,#3286,#3294,.T.);
#3294 = LINE('',#3295,#3296);
#3295 = CARTESIAN_POINT('',(3.85,3.2,0.));
#3296 = VECTOR('',#3297,1.);
#3297 = DIRECTION('',(0.,1.,0.));
#3298 = ORIENTED_EDGE('',*,*,#716,.F.);
#3299 = PLANE('',#3300);
#3300 = AXIS2_PLACEMENT_3D('',#3301,#3302,#3303);
#3301 = CARTESIAN_POINT('',(3.85,3.2,0.));
#3302 = DIRECTION('',(1.,0.,0.));
#3303 = DIRECTION('',(0.,1.,0.));
#3304 = ADVANCED_FACE('',(#3305),#3324,.T.);
#3305 = FACE_BOUND('',#3306,.T.);
#3306 = EDGE_LOOP('',(#3307,#3315,#3321,#3322,#3323));
#3307 = ORIENTED_EDGE('',*,*,#3308,.T.);
#3308 = EDGE_CURVE('',#975,#3309,#3311,.T.);
#3309 = VERTEX_POINT('',#3310);
#3310 = CARTESIAN_POINT('',(3.85,-0.6,-0.1));
#3311 = LINE('',#3312,#3313);
#3312 = CARTESIAN_POINT('',(3.85,-0.6,0.));
#3313 = VECTOR('',#3314,1.);
#3314 = DIRECTION('',(-0.,-0.,-1.));
#3315 = ORIENTED_EDGE('',*,*,#3316,.T.);
#3316 = EDGE_CURVE('',#3309,#3253,#3317,.T.);
#3317 = LINE('',#3318,#3319);
#3318 = CARTESIAN_POINT('',(3.85,-0.6,-0.1));
#3319 = VECTOR('',#3320,1.);
#3320 = DIRECTION('',(0.,1.,0.));
#3321 = ORIENTED_EDGE('',*,*,#3252,.F.);
#3322 = ORIENTED_EDGE('',*,*,#370,.F.);
#3323 = ORIENTED_EDGE('',*,*,#982,.F.);
#3324 = PLANE('',#3325);
#3325 = AXIS2_PLACEMENT_3D('',#3326,#3327,#3328);
#3326 = CARTESIAN_POINT('',(3.85,-0.6,0.));
#3327 = DIRECTION('',(1.,0.,0.));
#3328 = DIRECTION('',(0.,1.,0.));
#3329 = ADVANCED_FACE('',(#3330),#3363,.T.);
#3330 = FACE_BOUND('',#3331,.T.);
#3331 = EDGE_LOOP('',(#3332,#3342,#3350,#3356,#3357));
#3332 = ORIENTED_EDGE('',*,*,#3333,.T.);
#3333 = EDGE_CURVE('',#3334,#3336,#3338,.T.);
#3334 = VERTEX_POINT('',#3335);
#3335 = CARTESIAN_POINT('',(4.4,5.,0.));
#3336 = VERTEX_POINT('',#3337);
#3337 = CARTESIAN_POINT('',(4.4,5.,-0.1));
#3338 = LINE('',#3339,#3340);
#3339 = CARTESIAN_POINT('',(4.4,5.,0.));
#3340 = VECTOR('',#3341,1.);
#3341 = DIRECTION('',(-0.,-0.,-1.));
#3342 = ORIENTED_EDGE('',*,*,#3343,.T.);
#3343 = EDGE_CURVE('',#3336,#3344,#3346,.T.);
#3344 = VERTEX_POINT('',#3345);
#3345 = CARTESIAN_POINT('',(4.4,3.2,-0.1));
#3346 = LINE('',#3347,#3348);
#3347 = CARTESIAN_POINT('',(4.4,5.,-0.1));
#3348 = VECTOR('',#3349,1.);
#3349 = DIRECTION('',(0.,-1.,0.));
#3350 = ORIENTED_EDGE('',*,*,#3351,.F.);
#3351 = EDGE_CURVE('',#693,#3344,#3352,.T.);
#3352 = LINE('',#3353,#3354);
#3353 = CARTESIAN_POINT('',(4.4,3.2,0.));
#3354 = VECTOR('',#3355,1.);
#3355 = DIRECTION('',(-0.,-0.,-1.));
#3356 = ORIENTED_EDGE('',*,*,#700,.F.);
#3357 = ORIENTED_EDGE('',*,*,#3358,.F.);
#3358 = EDGE_CURVE('',#3334,#701,#3359,.T.);
#3359 = LINE('',#3360,#3361);
#3360 = CARTESIAN_POINT('',(4.4,5.,0.));
#3361 = VECTOR('',#3362,1.);
#3362 = DIRECTION('',(0.,-1.,0.));
#3363 = PLANE('',#3364);
#3364 = AXIS2_PLACEMENT_3D('',#3365,#3366,#3367);
#3365 = CARTESIAN_POINT('',(4.4,5.,0.));
#3366 = DIRECTION('',(-1.,0.,0.));
#3367 = DIRECTION('',(0.,-1.,0.));
#3368 = ADVANCED_FACE('',(#3369),#3395,.T.);
#3369 = FACE_BOUND('',#3370,.T.);
#3370 = EDGE_LOOP('',(#3371,#3379,#3387,#3393,#3394));
#3371 = ORIENTED_EDGE('',*,*,#3372,.T.);
#3372 = EDGE_CURVE('',#378,#3373,#3375,.T.);
#3373 = VERTEX_POINT('',#3374);
#3374 = CARTESIAN_POINT('',(4.4,1.2,-0.1));
#3375 = LINE('',#3376,#3377);
#3376 = CARTESIAN_POINT('',(4.4,1.2,0.));
#3377 = VECTOR('',#3378,1.);
#3378 = DIRECTION('',(-0.,-0.,-1.));
#3379 = ORIENTED_EDGE('',*,*,#3380,.T.);
#3380 = EDGE_CURVE('',#3373,#3381,#3383,.T.);
#3381 = VERTEX_POINT('',#3382);
#3382 = CARTESIAN_POINT('',(4.4,-0.6,-0.1));
#3383 = LINE('',#3384,#3385);
#3384 = CARTESIAN_POINT('',(4.4,1.2,-0.1));
#3385 = VECTOR('',#3386,1.);
#3386 = DIRECTION('',(0.,-1.,0.));
#3387 = ORIENTED_EDGE('',*,*,#3388,.F.);
#3388 = EDGE_CURVE('',#998,#3381,#3389,.T.);
#3389 = LINE('',#3390,#3391);
#3390 = CARTESIAN_POINT('',(4.4,-0.6,0.));
#3391 = VECTOR('',#3392,1.);
#3392 = DIRECTION('',(-0.,-0.,-1.));
#3393 = ORIENTED_EDGE('',*,*,#997,.F.);
#3394 = ORIENTED_EDGE('',*,*,#377,.F.);
#3395 = PLANE('',#3396);
#3396 = AXIS2_PLACEMENT_3D('',#3397,#3398,#3399);
#3397 = CARTESIAN_POINT('',(4.4,1.2,0.));
#3398 = DIRECTION('',(-1.,0.,0.));
#3399 = DIRECTION('',(0.,-1.,0.));
#3400 = ADVANCED_FACE('',(#3401),#3419,.T.);
#3401 = FACE_BOUND('',#3402,.T.);
#3402 = EDGE_LOOP('',(#3403,#3404,#3412,#3418));
#3403 = ORIENTED_EDGE('',*,*,#3351,.T.);
#3404 = ORIENTED_EDGE('',*,*,#3405,.T.);
#3405 = EDGE_CURVE('',#3344,#3406,#3408,.T.);
#3406 = VERTEX_POINT('',#3407);
#3407 = CARTESIAN_POINT('',(4.65,3.2,-0.1));
#3408 = LINE('',#3409,#3410);
#3409 = CARTESIAN_POINT('',(4.4,3.2,-0.1));
#3410 = VECTOR('',#3411,1.);
#3411 = DIRECTION('',(1.,0.,0.));
#3412 = ORIENTED_EDGE('',*,*,#3413,.F.);
#3413 = EDGE_CURVE('',#685,#3406,#3414,.T.);
#3414 = LINE('',#3415,#3416);
#3415 = CARTESIAN_POINT('',(4.65,3.2,0.));
#3416 = VECTOR('',#3417,1.);
#3417 = DIRECTION('',(-0.,-0.,-1.));
#3418 = ORIENTED_EDGE('',*,*,#692,.F.);
#3419 = PLANE('',#3420);
#3420 = AXIS2_PLACEMENT_3D('',#3421,#3422,#3423);
#3421 = CARTESIAN_POINT('',(4.4,3.2,0.));
#3422 = DIRECTION('',(0.,-1.,0.));
#3423 = DIRECTION('',(1.,0.,0.));
#3424 = ADVANCED_FACE('',(#3425),#3443,.T.);
#3425 = FACE_BOUND('',#3426,.T.);
#3426 = EDGE_LOOP('',(#3427,#3435,#3441,#3442));
#3427 = ORIENTED_EDGE('',*,*,#3428,.T.);
#3428 = EDGE_CURVE('',#386,#3429,#3431,.T.);
#3429 = VERTEX_POINT('',#3430);
#3430 = CARTESIAN_POINT('',(4.65,1.2,-0.1));
#3431 = LINE('',#3432,#3433);
#3432 = CARTESIAN_POINT('',(4.65,1.2,0.));
#3433 = VECTOR('',#3434,1.);
#3434 = DIRECTION('',(-0.,-0.,-1.));
#3435 = ORIENTED_EDGE('',*,*,#3436,.T.);
#3436 = EDGE_CURVE('',#3429,#3373,#3437,.T.);
#3437 = LINE('',#3438,#3439);
#3438 = CARTESIAN_POINT('',(4.65,1.2,-0.1));
#3439 = VECTOR('',#3440,1.);
#3440 = DIRECTION('',(-1.,0.,0.));
#3441 = ORIENTED_EDGE('',*,*,#3372,.F.);
#3442 = ORIENTED_EDGE('',*,*,#385,.F.);
#3443 = PLANE('',#3444);
#3444 = AXIS2_PLACEMENT_3D('',#3445,#3446,#3447);
#3445 = CARTESIAN_POINT('',(4.65,1.2,0.));
#3446 = DIRECTION('',(0.,1.,0.));
#3447 = DIRECTION('',(-1.,0.,0.));
#3448 = ADVANCED_FACE('',(#3449),#3475,.T.);
#3449 = FACE_BOUND('',#3450,.T.);
#3450 = EDGE_LOOP('',(#3451,#3452,#3460,#3468,#3474));
#3451 = ORIENTED_EDGE('',*,*,#3413,.T.);
#3452 = ORIENTED_EDGE('',*,*,#3453,.T.);
#3453 = EDGE_CURVE('',#3406,#3454,#3456,.T.);
#3454 = VERTEX_POINT('',#3455);
#3455 = CARTESIAN_POINT('',(4.65,5.,-0.1));
#3456 = LINE('',#3457,#3458);
#3457 = CARTESIAN_POINT('',(4.65,3.2,-0.1));
#3458 = VECTOR('',#3459,1.);
#3459 = DIRECTION('',(0.,1.,0.));
#3460 = ORIENTED_EDGE('',*,*,#3461,.F.);
#3461 = EDGE_CURVE('',#3462,#3454,#3464,.T.);
#3462 = VERTEX_POINT('',#3463);
#3463 = CARTESIAN_POINT('',(4.65,5.,0.));
#3464 = LINE('',#3465,#3466);
#3465 = CARTESIAN_POINT('',(4.65,5.,0.));
#3466 = VECTOR('',#3467,1.);
#3467 = DIRECTION('',(-0.,-0.,-1.));
#3468 = ORIENTED_EDGE('',*,*,#3469,.F.);
#3469 = EDGE_CURVE('',#677,#3462,#3470,.T.);
#3470 = LINE('',#3471,#3472);
#3471 = CARTESIAN_POINT('',(4.65,3.2,0.));
#3472 = VECTOR('',#3473,1.);
#3473 = DIRECTION('',(0.,1.,0.));
#3474 = ORIENTED_EDGE('',*,*,#684,.F.);
#3475 = PLANE('',#3476);
#3476 = AXIS2_PLACEMENT_3D('',#3477,#3478,#3479);
#3477 = CARTESIAN_POINT('',(4.65,3.2,0.));
#3478 = DIRECTION('',(1.,0.,0.));
#3479 = DIRECTION('',(0.,1.,0.));
#3480 = ADVANCED_FACE('',(#3481),#3500,.T.);
#3481 = FACE_BOUND('',#3482,.T.);
#3482 = EDGE_LOOP('',(#3483,#3491,#3497,#3498,#3499));
#3483 = ORIENTED_EDGE('',*,*,#3484,.T.);
#3484 = EDGE_CURVE('',#1006,#3485,#3487,.T.);
#3485 = VERTEX_POINT('',#3486);
#3486 = CARTESIAN_POINT('',(4.65,-0.6,-0.1));
#3487 = LINE('',#3488,#3489);
#3488 = CARTESIAN_POINT('',(4.65,-0.6,0.));
#3489 = VECTOR('',#3490,1.);
#3490 = DIRECTION('',(-0.,-0.,-1.));
#3491 = ORIENTED_EDGE('',*,*,#3492,.T.);
#3492 = EDGE_CURVE('',#3485,#3429,#3493,.T.);
#3493 = LINE('',#3494,#3495);
#3494 = CARTESIAN_POINT('',(4.65,-0.6,-0.1));
#3495 = VECTOR('',#3496,1.);
#3496 = DIRECTION('',(0.,1.,0.));
#3497 = ORIENTED_EDGE('',*,*,#3428,.F.);
#3498 = ORIENTED_EDGE('',*,*,#393,.F.);
#3499 = ORIENTED_EDGE('',*,*,#1013,.F.);
#3500 = PLANE('',#3501);
#3501 = AXIS2_PLACEMENT_3D('',#3502,#3503,#3504);
#3502 = CARTESIAN_POINT('',(4.65,-0.6,0.));
#3503 = DIRECTION('',(1.,0.,0.));
#3504 = DIRECTION('',(0.,1.,0.));
#3505 = ADVANCED_FACE('',(#3506),#3539,.T.);
#3506 = FACE_BOUND('',#3507,.T.);
#3507 = EDGE_LOOP('',(#3508,#3518,#3526,#3532,#3533));
#3508 = ORIENTED_EDGE('',*,*,#3509,.T.);
#3509 = EDGE_CURVE('',#3510,#3512,#3514,.T.);
#3510 = VERTEX_POINT('',#3511);
#3511 = CARTESIAN_POINT('',(5.2,5.,0.));
#3512 = VERTEX_POINT('',#3513);
#3513 = CARTESIAN_POINT('',(5.2,5.,-0.1));
#3514 = LINE('',#3515,#3516);
#3515 = CARTESIAN_POINT('',(5.2,5.,0.));
#3516 = VECTOR('',#3517,1.);
#3517 = DIRECTION('',(-0.,-0.,-1.));
#3518 = ORIENTED_EDGE('',*,*,#3519,.T.);
#3519 = EDGE_CURVE('',#3512,#3520,#3522,.T.);
#3520 = VERTEX_POINT('',#3521);
#3521 = CARTESIAN_POINT('',(5.2,3.2,-0.1));
#3522 = LINE('',#3523,#3524);
#3523 = CARTESIAN_POINT('',(5.2,5.,-0.1));
#3524 = VECTOR('',#3525,1.);
#3525 = DIRECTION('',(0.,-1.,0.));
#3526 = ORIENTED_EDGE('',*,*,#3527,.F.);
#3527 = EDGE_CURVE('',#661,#3520,#3528,.T.);
#3528 = LINE('',#3529,#3530);
#3529 = CARTESIAN_POINT('',(5.2,3.2,0.));
#3530 = VECTOR('',#3531,1.);
#3531 = DIRECTION('',(-0.,-0.,-1.));
#3532 = ORIENTED_EDGE('',*,*,#668,.F.);
#3533 = ORIENTED_EDGE('',*,*,#3534,.F.);
#3534 = EDGE_CURVE('',#3510,#669,#3535,.T.);
#3535 = LINE('',#3536,#3537);
#3536 = CARTESIAN_POINT('',(5.2,5.,0.));
#3537 = VECTOR('',#3538,1.);
#3538 = DIRECTION('',(0.,-1.,0.));
#3539 = PLANE('',#3540);
#3540 = AXIS2_PLACEMENT_3D('',#3541,#3542,#3543);
#3541 = CARTESIAN_POINT('',(5.2,5.,0.));
#3542 = DIRECTION('',(-1.,0.,0.));
#3543 = DIRECTION('',(0.,-1.,0.));
#3544 = ADVANCED_FACE('',(#3545),#3571,.T.);
#3545 = FACE_BOUND('',#3546,.T.);
#3546 = EDGE_LOOP('',(#3547,#3555,#3563,#3569,#3570));
#3547 = ORIENTED_EDGE('',*,*,#3548,.T.);
#3548 = EDGE_CURVE('',#401,#3549,#3551,.T.);
#3549 = VERTEX_POINT('',#3550);
#3550 = CARTESIAN_POINT('',(5.2,1.2,-0.1));
#3551 = LINE('',#3552,#3553);
#3552 = CARTESIAN_POINT('',(5.2,1.2,0.));
#3553 = VECTOR('',#3554,1.);
#3554 = DIRECTION('',(-0.,-0.,-1.));
#3555 = ORIENTED_EDGE('',*,*,#3556,.T.);
#3556 = EDGE_CURVE('',#3549,#3557,#3559,.T.);
#3557 = VERTEX_POINT('',#3558);
#3558 = CARTESIAN_POINT('',(5.2,-0.6,-0.1));
#3559 = LINE('',#3560,#3561);
#3560 = CARTESIAN_POINT('',(5.2,1.2,-0.1));
#3561 = VECTOR('',#3562,1.);
#3562 = DIRECTION('',(0.,-1.,0.));
#3563 = ORIENTED_EDGE('',*,*,#3564,.F.);
#3564 = EDGE_CURVE('',#1029,#3557,#3565,.T.);
#3565 = LINE('',#3566,#3567);
#3566 = CARTESIAN_POINT('',(5.2,-0.6,0.));
#3567 = VECTOR('',#3568,1.);
#3568 = DIRECTION('',(-0.,-0.,-1.));
#3569 = ORIENTED_EDGE('',*,*,#1028,.F.);
#3570 = ORIENTED_EDGE('',*,*,#400,.F.);
#3571 = PLANE('',#3572);
#3572 = AXIS2_PLACEMENT_3D('',#3573,#3574,#3575);
#3573 = CARTESIAN_POINT('',(5.2,1.2,0.));
#3574 = DIRECTION('',(-1.,0.,0.));
#3575 = DIRECTION('',(0.,-1.,0.));
#3576 = ADVANCED_FACE('',(#3577),#3595,.T.);
#3577 = FACE_BOUND('',#3578,.T.);
#3578 = EDGE_LOOP('',(#3579,#3580,#3588,#3594));
#3579 = ORIENTED_EDGE('',*,*,#3527,.T.);
#3580 = ORIENTED_EDGE('',*,*,#3581,.T.);
#3581 = EDGE_CURVE('',#3520,#3582,#3584,.T.);
#3582 = VERTEX_POINT('',#3583);
#3583 = CARTESIAN_POINT('',(5.45,3.2,-0.1));
#3584 = LINE('',#3585,#3586);
#3585 = CARTESIAN_POINT('',(5.2,3.2,-0.1));
#3586 = VECTOR('',#3587,1.);
#3587 = DIRECTION('',(1.,0.,0.));
#3588 = ORIENTED_EDGE('',*,*,#3589,.F.);
#3589 = EDGE_CURVE('',#653,#3582,#3590,.T.);
#3590 = LINE('',#3591,#3592);
#3591 = CARTESIAN_POINT('',(5.45,3.2,0.));
#3592 = VECTOR('',#3593,1.);
#3593 = DIRECTION('',(-0.,-0.,-1.));
#3594 = ORIENTED_EDGE('',*,*,#660,.F.);
#3595 = PLANE('',#3596);
#3596 = AXIS2_PLACEMENT_3D('',#3597,#3598,#3599);
#3597 = CARTESIAN_POINT('',(5.2,3.2,0.));
#3598 = DIRECTION('',(0.,-1.,0.));
#3599 = DIRECTION('',(1.,0.,0.));
#3600 = ADVANCED_FACE('',(#3601),#3619,.T.);
#3601 = FACE_BOUND('',#3602,.T.);
#3602 = EDGE_LOOP('',(#3603,#3611,#3617,#3618));
#3603 = ORIENTED_EDGE('',*,*,#3604,.T.);
#3604 = EDGE_CURVE('',#409,#3605,#3607,.T.);
#3605 = VERTEX_POINT('',#3606);
#3606 = CARTESIAN_POINT('',(5.45,1.2,-0.1));
#3607 = LINE('',#3608,#3609);
#3608 = CARTESIAN_POINT('',(5.45,1.2,0.));
#3609 = VECTOR('',#3610,1.);
#3610 = DIRECTION('',(-0.,-0.,-1.));
#3611 = ORIENTED_EDGE('',*,*,#3612,.T.);
#3612 = EDGE_CURVE('',#3605,#3549,#3613,.T.);
#3613 = LINE('',#3614,#3615);
#3614 = CARTESIAN_POINT('',(5.45,1.2,-0.1));
#3615 = VECTOR('',#3616,1.);
#3616 = DIRECTION('',(-1.,0.,0.));
#3617 = ORIENTED_EDGE('',*,*,#3548,.F.);
#3618 = ORIENTED_EDGE('',*,*,#408,.F.);
#3619 = PLANE('',#3620);
#3620 = AXIS2_PLACEMENT_3D('',#3621,#3622,#3623);
#3621 = CARTESIAN_POINT('',(5.45,1.2,0.));
#3622 = DIRECTION('',(0.,1.,0.));
#3623 = DIRECTION('',(-1.,0.,0.));
#3624 = ADVANCED_FACE('',(#3625),#3651,.T.);
#3625 = FACE_BOUND('',#3626,.T.);
#3626 = EDGE_LOOP('',(#3627,#3628,#3636,#3644,#3650));
#3627 = ORIENTED_EDGE('',*,*,#3589,.T.);
#3628 = ORIENTED_EDGE('',*,*,#3629,.T.);
#3629 = EDGE_CURVE('',#3582,#3630,#3632,.T.);
#3630 = VERTEX_POINT('',#3631);
#3631 = CARTESIAN_POINT('',(5.45,5.,-0.1));
#3632 = LINE('',#3633,#3634);
#3633 = CARTESIAN_POINT('',(5.45,3.2,-0.1));
#3634 = VECTOR('',#3635,1.);
#3635 = DIRECTION('',(0.,1.,0.));
#3636 = ORIENTED_EDGE('',*,*,#3637,.F.);
#3637 = EDGE_CURVE('',#3638,#3630,#3640,.T.);
#3638 = VERTEX_POINT('',#3639);
#3639 = CARTESIAN_POINT('',(5.45,5.,0.));
#3640 = LINE('',#3641,#3642);
#3641 = CARTESIAN_POINT('',(5.45,5.,0.));
#3642 = VECTOR('',#3643,1.);
#3643 = DIRECTION('',(-0.,-0.,-1.));
#3644 = ORIENTED_EDGE('',*,*,#3645,.F.);
#3645 = EDGE_CURVE('',#645,#3638,#3646,.T.);
#3646 = LINE('',#3647,#3648);
#3647 = CARTESIAN_POINT('',(5.45,3.2,0.));
#3648 = VECTOR('',#3649,1.);
#3649 = DIRECTION('',(0.,1.,0.));
#3650 = ORIENTED_EDGE('',*,*,#652,.F.);
#3651 = PLANE('',#3652);
#3652 = AXIS2_PLACEMENT_3D('',#3653,#3654,#3655);
#3653 = CARTESIAN_POINT('',(5.45,3.2,0.));
#3654 = DIRECTION('',(1.,0.,0.));
#3655 = DIRECTION('',(0.,1.,0.));
#3656 = ADVANCED_FACE('',(#3657),#3676,.T.);
#3657 = FACE_BOUND('',#3658,.T.);
#3658 = EDGE_LOOP('',(#3659,#3667,#3673,#3674,#3675));
#3659 = ORIENTED_EDGE('',*,*,#3660,.T.);
#3660 = EDGE_CURVE('',#1037,#3661,#3663,.T.);
#3661 = VERTEX_POINT('',#3662);
#3662 = CARTESIAN_POINT('',(5.45,-0.6,-0.1));
#3663 = LINE('',#3664,#3665);
#3664 = CARTESIAN_POINT('',(5.45,-0.6,0.));
#3665 = VECTOR('',#3666,1.);
#3666 = DIRECTION('',(-0.,-0.,-1.));
#3667 = ORIENTED_EDGE('',*,*,#3668,.T.);
#3668 = EDGE_CURVE('',#3661,#3605,#3669,.T.);
#3669 = LINE('',#3670,#3671);
#3670 = CARTESIAN_POINT('',(5.45,-0.6,-0.1));
#3671 = VECTOR('',#3672,1.);
#3672 = DIRECTION('',(0.,1.,0.));
#3673 = ORIENTED_EDGE('',*,*,#3604,.F.);
#3674 = ORIENTED_EDGE('',*,*,#416,.F.);
#3675 = ORIENTED_EDGE('',*,*,#1044,.F.);
#3676 = PLANE('',#3677);
#3677 = AXIS2_PLACEMENT_3D('',#3678,#3679,#3680);
#3678 = CARTESIAN_POINT('',(5.45,-0.6,0.));
#3679 = DIRECTION('',(1.,0.,0.));
#3680 = DIRECTION('',(0.,1.,0.));
#3681 = ADVANCED_FACE('',(#3682),#3715,.T.);
#3682 = FACE_BOUND('',#3683,.T.);
#3683 = EDGE_LOOP('',(#3684,#3694,#3702,#3708,#3709));
#3684 = ORIENTED_EDGE('',*,*,#3685,.T.);
#3685 = EDGE_CURVE('',#3686,#3688,#3690,.T.);
#3686 = VERTEX_POINT('',#3687);
#3687 = CARTESIAN_POINT('',(6.,5.,0.));
#3688 = VERTEX_POINT('',#3689);
#3689 = CARTESIAN_POINT('',(6.,5.,-0.1));
#3690 = LINE('',#3691,#3692);
#3691 = CARTESIAN_POINT('',(6.,5.,0.));
#3692 = VECTOR('',#3693,1.);
#3693 = DIRECTION('',(-0.,-0.,-1.));
#3694 = ORIENTED_EDGE('',*,*,#3695,.T.);
#3695 = EDGE_CURVE('',#3688,#3696,#3698,.T.);
#3696 = VERTEX_POINT('',#3697);
#3697 = CARTESIAN_POINT('',(6.,3.2,-0.1));
#3698 = LINE('',#3699,#3700);
#3699 = CARTESIAN_POINT('',(6.,5.,-0.1));
#3700 = VECTOR('',#3701,1.);
#3701 = DIRECTION('',(0.,-1.,0.));
#3702 = ORIENTED_EDGE('',*,*,#3703,.F.);
#3703 = EDGE_CURVE('',#629,#3696,#3704,.T.);
#3704 = LINE('',#3705,#3706);
#3705 = CARTESIAN_POINT('',(6.,3.2,0.));
#3706 = VECTOR('',#3707,1.);
#3707 = DIRECTION('',(-0.,-0.,-1.));
#3708 = ORIENTED_EDGE('',*,*,#636,.F.);
#3709 = ORIENTED_EDGE('',*,*,#3710,.F.);
#3710 = EDGE_CURVE('',#3686,#637,#3711,.T.);
#3711 = LINE('',#3712,#3713);
#3712 = CARTESIAN_POINT('',(6.,5.,0.));
#3713 = VECTOR('',#3714,1.);
#3714 = DIRECTION('',(0.,-1.,0.));
#3715 = PLANE('',#3716);
#3716 = AXIS2_PLACEMENT_3D('',#3717,#3718,#3719);
#3717 = CARTESIAN_POINT('',(6.,5.,0.));
#3718 = DIRECTION('',(-1.,0.,0.));
#3719 = DIRECTION('',(0.,-1.,0.));
#3720 = ADVANCED_FACE('',(#3721),#3747,.T.);
#3721 = FACE_BOUND('',#3722,.T.);
#3722 = EDGE_LOOP('',(#3723,#3731,#3739,#3745,#3746));
#3723 = ORIENTED_EDGE('',*,*,#3724,.T.);
#3724 = EDGE_CURVE('',#424,#3725,#3727,.T.);
#3725 = VERTEX_POINT('',#3726);
#3726 = CARTESIAN_POINT('',(6.,1.2,-0.1));
#3727 = LINE('',#3728,#3729);
#3728 = CARTESIAN_POINT('',(6.,1.2,0.));
#3729 = VECTOR('',#3730,1.);
#3730 = DIRECTION('',(-0.,-0.,-1.));
#3731 = ORIENTED_EDGE('',*,*,#3732,.T.);
#3732 = EDGE_CURVE('',#3725,#3733,#3735,.T.);
#3733 = VERTEX_POINT('',#3734);
#3734 = CARTESIAN_POINT('',(6.,-0.6,-0.1));
#3735 = LINE('',#3736,#3737);
#3736 = CARTESIAN_POINT('',(6.,1.2,-0.1));
#3737 = VECTOR('',#3738,1.);
#3738 = DIRECTION('',(0.,-1.,0.));
#3739 = ORIENTED_EDGE('',*,*,#3740,.F.);
#3740 = EDGE_CURVE('',#1060,#3733,#3741,.T.);
#3741 = LINE('',#3742,#3743);
#3742 = CARTESIAN_POINT('',(6.,-0.6,0.));
#3743 = VECTOR('',#3744,1.);
#3744 = DIRECTION('',(-0.,-0.,-1.));
#3745 = ORIENTED_EDGE('',*,*,#1059,.F.);
#3746 = ORIENTED_EDGE('',*,*,#423,.F.);
#3747 = PLANE('',#3748);
#3748 = AXIS2_PLACEMENT_3D('',#3749,#3750,#3751);
#3749 = CARTESIAN_POINT('',(6.,1.2,0.));
#3750 = DIRECTION('',(-1.,0.,0.));
#3751 = DIRECTION('',(0.,-1.,0.));
#3752 = ADVANCED_FACE('',(#3753),#3771,.T.);
#3753 = FACE_BOUND('',#3754,.T.);
#3754 = EDGE_LOOP('',(#3755,#3756,#3764,#3770));
#3755 = ORIENTED_EDGE('',*,*,#3703,.T.);
#3756 = ORIENTED_EDGE('',*,*,#3757,.T.);
#3757 = EDGE_CURVE('',#3696,#3758,#3760,.T.);
#3758 = VERTEX_POINT('',#3759);
#3759 = CARTESIAN_POINT('',(6.25,3.2,-0.1));
#3760 = LINE('',#3761,#3762);
#3761 = CARTESIAN_POINT('',(6.,3.2,-0.1));
#3762 = VECTOR('',#3763,1.);
#3763 = DIRECTION('',(1.,0.,0.));
#3764 = ORIENTED_EDGE('',*,*,#3765,.F.);
#3765 = EDGE_CURVE('',#621,#3758,#3766,.T.);
#3766 = LINE('',#3767,#3768);
#3767 = CARTESIAN_POINT('',(6.25,3.2,0.));
#3768 = VECTOR('',#3769,1.);
#3769 = DIRECTION('',(-0.,-0.,-1.));
#3770 = ORIENTED_EDGE('',*,*,#628,.F.);
#3771 = PLANE('',#3772);
#3772 = AXIS2_PLACEMENT_3D('',#3773,#3774,#3775);
#3773 = CARTESIAN_POINT('',(6.,3.2,0.));
#3774 = DIRECTION('',(0.,-1.,0.));
#3775 = DIRECTION('',(1.,0.,0.));
#3776 = ADVANCED_FACE('',(#3777),#3795,.T.);
#3777 = FACE_BOUND('',#3778,.T.);
#3778 = EDGE_LOOP('',(#3779,#3787,#3793,#3794));
#3779 = ORIENTED_EDGE('',*,*,#3780,.T.);
#3780 = EDGE_CURVE('',#432,#3781,#3783,.T.);
#3781 = VERTEX_POINT('',#3782);
#3782 = CARTESIAN_POINT('',(6.25,1.2,-0.1));
#3783 = LINE('',#3784,#3785);
#3784 = CARTESIAN_POINT('',(6.25,1.2,0.));
#3785 = VECTOR('',#3786,1.);
#3786 = DIRECTION('',(-0.,-0.,-1.));
#3787 = ORIENTED_EDGE('',*,*,#3788,.T.);
#3788 = EDGE_CURVE('',#3781,#3725,#3789,.T.);
#3789 = LINE('',#3790,#3791);
#3790 = CARTESIAN_POINT('',(6.25,1.2,-0.1));
#3791 = VECTOR('',#3792,1.);
#3792 = DIRECTION('',(-1.,0.,0.));
#3793 = ORIENTED_EDGE('',*,*,#3724,.F.);
#3794 = ORIENTED_EDGE('',*,*,#431,.F.);
#3795 = PLANE('',#3796);
#3796 = AXIS2_PLACEMENT_3D('',#3797,#3798,#3799);
#3797 = CARTESIAN_POINT('',(6.25,1.2,0.));
#3798 = DIRECTION('',(0.,1.,0.));
#3799 = DIRECTION('',(-1.,0.,0.));
#3800 = ADVANCED_FACE('',(#3801),#3827,.T.);
#3801 = FACE_BOUND('',#3802,.T.);
#3802 = EDGE_LOOP('',(#3803,#3804,#3812,#3820,#3826));
#3803 = ORIENTED_EDGE('',*,*,#3765,.T.);
#3804 = ORIENTED_EDGE('',*,*,#3805,.T.);
#3805 = EDGE_CURVE('',#3758,#3806,#3808,.T.);
#3806 = VERTEX_POINT('',#3807);
#3807 = CARTESIAN_POINT('',(6.25,5.,-0.1));
#3808 = LINE('',#3809,#3810);
#3809 = CARTESIAN_POINT('',(6.25,3.2,-0.1));
#3810 = VECTOR('',#3811,1.);
#3811 = DIRECTION('',(0.,1.,0.));
#3812 = ORIENTED_EDGE('',*,*,#3813,.F.);
#3813 = EDGE_CURVE('',#3814,#3806,#3816,.T.);
#3814 = VERTEX_POINT('',#3815);
#3815 = CARTESIAN_POINT('',(6.25,5.,0.));
#3816 = LINE('',#3817,#3818);
#3817 = CARTESIAN_POINT('',(6.25,5.,0.));
#3818 = VECTOR('',#3819,1.);
#3819 = DIRECTION('',(-0.,-0.,-1.));
#3820 = ORIENTED_EDGE('',*,*,#3821,.F.);
#3821 = EDGE_CURVE('',#613,#3814,#3822,.T.);
#3822 = LINE('',#3823,#3824);
#3823 = CARTESIAN_POINT('',(6.25,3.2,0.));
#3824 = VECTOR('',#3825,1.);
#3825 = DIRECTION('',(0.,1.,0.));
#3826 = ORIENTED_EDGE('',*,*,#620,.F.);
#3827 = PLANE('',#3828);
#3828 = AXIS2_PLACEMENT_3D('',#3829,#3830,#3831);
#3829 = CARTESIAN_POINT('',(6.25,3.2,0.));
#3830 = DIRECTION('',(1.,0.,0.));
#3831 = DIRECTION('',(0.,1.,0.));
#3832 = ADVANCED_FACE('',(#3833),#3852,.T.);
#3833 = FACE_BOUND('',#3834,.T.);
#3834 = EDGE_LOOP('',(#3835,#3843,#3849,#3850,#3851));
#3835 = ORIENTED_EDGE('',*,*,#3836,.T.);
#3836 = EDGE_CURVE('',#1068,#3837,#3839,.T.);
#3837 = VERTEX_POINT('',#3838);
#3838 = CARTESIAN_POINT('',(6.25,-0.6,-0.1));
#3839 = LINE('',#3840,#3841);
#3840 = CARTESIAN_POINT('',(6.25,-0.6,0.));
#3841 = VECTOR('',#3842,1.);
#3842 = DIRECTION('',(-0.,-0.,-1.));
#3843 = ORIENTED_EDGE('',*,*,#3844,.T.);
#3844 = EDGE_CURVE('',#3837,#3781,#3845,.T.);
#3845 = LINE('',#3846,#3847);
#3846 = CARTESIAN_POINT('',(6.25,-0.6,-0.1));
#3847 = VECTOR('',#3848,1.);
#3848 = DIRECTION('',(0.,1.,0.));
#3849 = ORIENTED_EDGE('',*,*,#3780,.F.);
#3850 = ORIENTED_EDGE('',*,*,#439,.F.);
#3851 = ORIENTED_EDGE('',*,*,#1075,.F.);
#3852 = PLANE('',#3853);
#3853 = AXIS2_PLACEMENT_3D('',#3854,#3855,#3856);
#3854 = CARTESIAN_POINT('',(6.25,-0.6,0.));
#3855 = DIRECTION('',(1.,0.,0.));
#3856 = DIRECTION('',(0.,1.,0.));
#3857 = ADVANCED_FACE('',(#3858),#3891,.T.);
#3858 = FACE_BOUND('',#3859,.T.);
#3859 = EDGE_LOOP('',(#3860,#3870,#3878,#3884,#3885));
#3860 = ORIENTED_EDGE('',*,*,#3861,.T.);
#3861 = EDGE_CURVE('',#3862,#3864,#3866,.T.);
#3862 = VERTEX_POINT('',#3863);
#3863 = CARTESIAN_POINT('',(6.8,5.,0.));
#3864 = VERTEX_POINT('',#3865);
#3865 = CARTESIAN_POINT('',(6.8,5.,-0.1));
#3866 = LINE('',#3867,#3868);
#3867 = CARTESIAN_POINT('',(6.8,5.,0.));
#3868 = VECTOR('',#3869,1.);
#3869 = DIRECTION('',(-0.,-0.,-1.));
#3870 = ORIENTED_EDGE('',*,*,#3871,.T.);
#3871 = EDGE_CURVE('',#3864,#3872,#3874,.T.);
#3872 = VERTEX_POINT('',#3873);
#3873 = CARTESIAN_POINT('',(6.8,3.2,-0.1));
#3874 = LINE('',#3875,#3876);
#3875 = CARTESIAN_POINT('',(6.8,5.,-0.1));
#3876 = VECTOR('',#3877,1.);
#3877 = DIRECTION('',(0.,-1.,0.));
#3878 = ORIENTED_EDGE('',*,*,#3879,.F.);
#3879 = EDGE_CURVE('',#597,#3872,#3880,.T.);
#3880 = LINE('',#3881,#3882);
#3881 = CARTESIAN_POINT('',(6.8,3.2,0.));
#3882 = VECTOR('',#3883,1.);
#3883 = DIRECTION('',(-0.,-0.,-1.));
#3884 = ORIENTED_EDGE('',*,*,#604,.F.);
#3885 = ORIENTED_EDGE('',*,*,#3886,.F.);
#3886 = EDGE_CURVE('',#3862,#605,#3887,.T.);
#3887 = LINE('',#3888,#3889);
#3888 = CARTESIAN_POINT('',(6.8,5.,0.));
#3889 = VECTOR('',#3890,1.);
#3890 = DIRECTION('',(0.,-1.,0.));
#3891 = PLANE('',#3892);
#3892 = AXIS2_PLACEMENT_3D('',#3893,#3894,#3895);
#3893 = CARTESIAN_POINT('',(6.8,5.,0.));
#3894 = DIRECTION('',(-1.,0.,0.));
#3895 = DIRECTION('',(0.,-1.,0.));
#3896 = ADVANCED_FACE('',(#3897),#3923,.T.);
#3897 = FACE_BOUND('',#3898,.T.);
#3898 = EDGE_LOOP('',(#3899,#3907,#3915,#3921,#3922));
#3899 = ORIENTED_EDGE('',*,*,#3900,.T.);
#3900 = EDGE_CURVE('',#447,#3901,#3903,.T.);
#3901 = VERTEX_POINT('',#3902);
#3902 = CARTESIAN_POINT('',(6.8,1.2,-0.1));
#3903 = LINE('',#3904,#3905);
#3904 = CARTESIAN_POINT('',(6.8,1.2,0.));
#3905 = VECTOR('',#3906,1.);
#3906 = DIRECTION('',(-0.,-0.,-1.));
#3907 = ORIENTED_EDGE('',*,*,#3908,.T.);
#3908 = EDGE_CURVE('',#3901,#3909,#3911,.T.);
#3909 = VERTEX_POINT('',#3910);
#3910 = CARTESIAN_POINT('',(6.8,-0.6,-0.1));
#3911 = LINE('',#3912,#3913);
#3912 = CARTESIAN_POINT('',(6.8,1.2,-0.1));
#3913 = VECTOR('',#3914,1.);
#3914 = DIRECTION('',(0.,-1.,0.));
#3915 = ORIENTED_EDGE('',*,*,#3916,.F.);
#3916 = EDGE_CURVE('',#1091,#3909,#3917,.T.);
#3917 = LINE('',#3918,#3919);
#3918 = CARTESIAN_POINT('',(6.8,-0.6,0.));
#3919 = VECTOR('',#3920,1.);
#3920 = DIRECTION('',(-0.,-0.,-1.));
#3921 = ORIENTED_EDGE('',*,*,#1090,.F.);
#3922 = ORIENTED_EDGE('',*,*,#446,.F.);
#3923 = PLANE('',#3924);
#3924 = AXIS2_PLACEMENT_3D('',#3925,#3926,#3927);
#3925 = CARTESIAN_POINT('',(6.8,1.2,0.));
#3926 = DIRECTION('',(-1.,0.,0.));
#3927 = DIRECTION('',(0.,-1.,0.));
#3928 = ADVANCED_FACE('',(#3929),#3947,.T.);
#3929 = FACE_BOUND('',#3930,.T.);
#3930 = EDGE_LOOP('',(#3931,#3932,#3940,#3946));
#3931 = ORIENTED_EDGE('',*,*,#3879,.T.);
#3932 = ORIENTED_EDGE('',*,*,#3933,.T.);
#3933 = EDGE_CURVE('',#3872,#3934,#3936,.T.);
#3934 = VERTEX_POINT('',#3935);
#3935 = CARTESIAN_POINT('',(7.05,3.2,-0.1));
#3936 = LINE('',#3937,#3938);
#3937 = CARTESIAN_POINT('',(6.8,3.2,-0.1));
#3938 = VECTOR('',#3939,1.);
#3939 = DIRECTION('',(1.,0.,0.));
#3940 = ORIENTED_EDGE('',*,*,#3941,.F.);
#3941 = EDGE_CURVE('',#589,#3934,#3942,.T.);
#3942 = LINE('',#3943,#3944);
#3943 = CARTESIAN_POINT('',(7.05,3.2,0.));
#3944 = VECTOR('',#3945,1.);
#3945 = DIRECTION('',(-0.,-0.,-1.));
#3946 = ORIENTED_EDGE('',*,*,#596,.F.);
#3947 = PLANE('',#3948);
#3948 = AXIS2_PLACEMENT_3D('',#3949,#3950,#3951);
#3949 = CARTESIAN_POINT('',(6.8,3.2,0.));
#3950 = DIRECTION('',(0.,-1.,0.));
#3951 = DIRECTION('',(1.,0.,0.));
#3952 = ADVANCED_FACE('',(#3953),#3971,.T.);
#3953 = FACE_BOUND('',#3954,.T.);
#3954 = EDGE_LOOP('',(#3955,#3963,#3969,#3970));
#3955 = ORIENTED_EDGE('',*,*,#3956,.T.);
#3956 = EDGE_CURVE('',#455,#3957,#3959,.T.);
#3957 = VERTEX_POINT('',#3958);
#3958 = CARTESIAN_POINT('',(7.05,1.2,-0.1));
#3959 = LINE('',#3960,#3961);
#3960 = CARTESIAN_POINT('',(7.05,1.2,0.));
#3961 = VECTOR('',#3962,1.);
#3962 = DIRECTION('',(-0.,-0.,-1.));
#3963 = ORIENTED_EDGE('',*,*,#3964,.T.);
#3964 = EDGE_CURVE('',#3957,#3901,#3965,.T.);
#3965 = LINE('',#3966,#3967);
#3966 = CARTESIAN_POINT('',(7.05,1.2,-0.1));
#3967 = VECTOR('',#3968,1.);
#3968 = DIRECTION('',(-1.,0.,0.));
#3969 = ORIENTED_EDGE('',*,*,#3900,.F.);
#3970 = ORIENTED_EDGE('',*,*,#454,.F.);
#3971 = PLANE('',#3972);
#3972 = AXIS2_PLACEMENT_3D('',#3973,#3974,#3975);
#3973 = CARTESIAN_POINT('',(7.05,1.2,0.));
#3974 = DIRECTION('',(0.,1.,0.));
#3975 = DIRECTION('',(-1.,0.,0.));
#3976 = ADVANCED_FACE('',(#3977),#4003,.T.);
#3977 = FACE_BOUND('',#3978,.T.);
#3978 = EDGE_LOOP('',(#3979,#3980,#3988,#3996,#4002));
#3979 = ORIENTED_EDGE('',*,*,#3941,.T.);
#3980 = ORIENTED_EDGE('',*,*,#3981,.T.);
#3981 = EDGE_CURVE('',#3934,#3982,#3984,.T.);
#3982 = VERTEX_POINT('',#3983);
#3983 = CARTESIAN_POINT('',(7.05,5.,-0.1));
#3984 = LINE('',#3985,#3986);
#3985 = CARTESIAN_POINT('',(7.05,3.2,-0.1));
#3986 = VECTOR('',#3987,1.);
#3987 = DIRECTION('',(0.,1.,0.));
#3988 = ORIENTED_EDGE('',*,*,#3989,.F.);
#3989 = EDGE_CURVE('',#3990,#3982,#3992,.T.);
#3990 = VERTEX_POINT('',#3991);
#3991 = CARTESIAN_POINT('',(7.05,5.,0.));
#3992 = LINE('',#3993,#3994);
#3993 = CARTESIAN_POINT('',(7.05,5.,0.));
#3994 = VECTOR('',#3995,1.);
#3995 = DIRECTION('',(-0.,-0.,-1.));
#3996 = ORIENTED_EDGE('',*,*,#3997,.F.);
#3997 = EDGE_CURVE('',#581,#3990,#3998,.T.);
#3998 = LINE('',#3999,#4000);
#3999 = CARTESIAN_POINT('',(7.05,3.2,0.));
#4000 = VECTOR('',#4001,1.);
#4001 = DIRECTION('',(0.,1.,0.));
#4002 = ORIENTED_EDGE('',*,*,#588,.F.);
#4003 = PLANE('',#4004);
#4004 = AXIS2_PLACEMENT_3D('',#4005,#4006,#4007);
#4005 = CARTESIAN_POINT('',(7.05,3.2,0.));
#4006 = DIRECTION('',(1.,0.,0.));
#4007 = DIRECTION('',(0.,1.,0.));
#4008 = ADVANCED_FACE('',(#4009),#4028,.T.);
#4009 = FACE_BOUND('',#4010,.T.);
#4010 = EDGE_LOOP('',(#4011,#4019,#4025,#4026,#4027));
#4011 = ORIENTED_EDGE('',*,*,#4012,.T.);
#4012 = EDGE_CURVE('',#1099,#4013,#4015,.T.);
#4013 = VERTEX_POINT('',#4014);
#4014 = CARTESIAN_POINT('',(7.05,-0.6,-0.1));
#4015 = LINE('',#4016,#4017);
#4016 = CARTESIAN_POINT('',(7.05,-0.6,0.));
#4017 = VECTOR('',#4018,1.);
#4018 = DIRECTION('',(-0.,-0.,-1.));
#4019 = ORIENTED_EDGE('',*,*,#4020,.T.);
#4020 = EDGE_CURVE('',#4013,#3957,#4021,.T.);
#4021 = LINE('',#4022,#4023);
#4022 = CARTESIAN_POINT('',(7.05,-0.6,-0.1));
#4023 = VECTOR('',#4024,1.);
#4024 = DIRECTION('',(0.,1.,0.));
#4025 = ORIENTED_EDGE('',*,*,#3956,.F.);
#4026 = ORIENTED_EDGE('',*,*,#462,.F.);
#4027 = ORIENTED_EDGE('',*,*,#1106,.F.);
#4028 = PLANE('',#4029);
#4029 = AXIS2_PLACEMENT_3D('',#4030,#4031,#4032);
#4030 = CARTESIAN_POINT('',(7.05,-0.6,0.));
#4031 = DIRECTION('',(1.,0.,0.));
#4032 = DIRECTION('',(0.,1.,0.));
#4033 = ADVANCED_FACE('',(#4034),#4067,.T.);
#4034 = FACE_BOUND('',#4035,.T.);
#4035 = EDGE_LOOP('',(#4036,#4046,#4054,#4060,#4061));
#4036 = ORIENTED_EDGE('',*,*,#4037,.T.);
#4037 = EDGE_CURVE('',#4038,#4040,#4042,.T.);
#4038 = VERTEX_POINT('',#4039);
#4039 = CARTESIAN_POINT('',(7.6,5.,0.));
#4040 = VERTEX_POINT('',#4041);
#4041 = CARTESIAN_POINT('',(7.6,5.,-0.1));
#4042 = LINE('',#4043,#4044);
#4043 = CARTESIAN_POINT('',(7.6,5.,0.));
#4044 = VECTOR('',#4045,1.);
#4045 = DIRECTION('',(-0.,-0.,-1.));
#4046 = ORIENTED_EDGE('',*,*,#4047,.T.);
#4047 = EDGE_CURVE('',#4040,#4048,#4050,.T.);
#4048 = VERTEX_POINT('',#4049);
#4049 = CARTESIAN_POINT('',(7.6,3.2,-0.1));
#4050 = LINE('',#4051,#4052);
#4051 = CARTESIAN_POINT('',(7.6,5.,-0.1));
#4052 = VECTOR('',#4053,1.);
#4053 = DIRECTION('',(0.,-1.,0.));
#4054 = ORIENTED_EDGE('',*,*,#4055,.F.);
#4055 = EDGE_CURVE('',#565,#4048,#4056,.T.);
#4056 = LINE('',#4057,#4058);
#4057 = CARTESIAN_POINT('',(7.6,3.2,0.));
#4058 = VECTOR('',#4059,1.);
#4059 = DIRECTION('',(-0.,-0.,-1.));
#4060 = ORIENTED_EDGE('',*,*,#572,.F.);
#4061 = ORIENTED_EDGE('',*,*,#4062,.F.);
#4062 = EDGE_CURVE('',#4038,#573,#4063,.T.);
#4063 = LINE('',#4064,#4065);
#4064 = CARTESIAN_POINT('',(7.6,5.,0.));
#4065 = VECTOR('',#4066,1.);
#4066 = DIRECTION('',(0.,-1.,0.));
#4067 = PLANE('',#4068);
#4068 = AXIS2_PLACEMENT_3D('',#4069,#4070,#4071);
#4069 = CARTESIAN_POINT('',(7.6,5.,0.));
#4070 = DIRECTION('',(-1.,0.,0.));
#4071 = DIRECTION('',(0.,-1.,0.));
#4072 = ADVANCED_FACE('',(#4073),#4099,.T.);
#4073 = FACE_BOUND('',#4074,.T.);
#4074 = EDGE_LOOP('',(#4075,#4083,#4091,#4097,#4098));
#4075 = ORIENTED_EDGE('',*,*,#4076,.T.);
#4076 = EDGE_CURVE('',#470,#4077,#4079,.T.);
#4077 = VERTEX_POINT('',#4078);
#4078 = CARTESIAN_POINT('',(7.6,1.2,-0.1));
#4079 = LINE('',#4080,#4081);
#4080 = CARTESIAN_POINT('',(7.6,1.2,0.));
#4081 = VECTOR('',#4082,1.);
#4082 = DIRECTION('',(-0.,-0.,-1.));
#4083 = ORIENTED_EDGE('',*,*,#4084,.T.);
#4084 = EDGE_CURVE('',#4077,#4085,#4087,.T.);
#4085 = VERTEX_POINT('',#4086);
#4086 = CARTESIAN_POINT('',(7.6,-0.6,-0.1));
#4087 = LINE('',#4088,#4089);
#4088 = CARTESIAN_POINT('',(7.6,1.2,-0.1));
#4089 = VECTOR('',#4090,1.);
#4090 = DIRECTION('',(0.,-1.,0.));
#4091 = ORIENTED_EDGE('',*,*,#4092,.F.);
#4092 = EDGE_CURVE('',#1122,#4085,#4093,.T.);
#4093 = LINE('',#4094,#4095);
#4094 = CARTESIAN_POINT('',(7.6,-0.6,0.));
#4095 = VECTOR('',#4096,1.);
#4096 = DIRECTION('',(-0.,-0.,-1.));
#4097 = ORIENTED_EDGE('',*,*,#1121,.F.);
#4098 = ORIENTED_EDGE('',*,*,#469,.F.);
#4099 = PLANE('',#4100);
#4100 = AXIS2_PLACEMENT_3D('',#4101,#4102,#4103);
#4101 = CARTESIAN_POINT('',(7.6,1.2,0.));
#4102 = DIRECTION('',(-1.,0.,0.));
#4103 = DIRECTION('',(0.,-1.,0.));
#4104 = ADVANCED_FACE('',(#4105),#4123,.T.);
#4105 = FACE_BOUND('',#4106,.T.);
#4106 = EDGE_LOOP('',(#4107,#4108,#4116,#4122));
#4107 = ORIENTED_EDGE('',*,*,#4055,.T.);
#4108 = ORIENTED_EDGE('',*,*,#4109,.T.);
#4109 = EDGE_CURVE('',#4048,#4110,#4112,.T.);
#4110 = VERTEX_POINT('',#4111);
#4111 = CARTESIAN_POINT('',(7.85,3.2,-0.1));
#4112 = LINE('',#4113,#4114);
#4113 = CARTESIAN_POINT('',(7.6,3.2,-0.1));
#4114 = VECTOR('',#4115,1.);
#4115 = DIRECTION('',(1.,0.,0.));
#4116 = ORIENTED_EDGE('',*,*,#4117,.F.);
#4117 = EDGE_CURVE('',#557,#4110,#4118,.T.);
#4118 = LINE('',#4119,#4120);
#4119 = CARTESIAN_POINT('',(7.85,3.2,0.));
#4120 = VECTOR('',#4121,1.);
#4121 = DIRECTION('',(-0.,-0.,-1.));
#4122 = ORIENTED_EDGE('',*,*,#564,.F.);
#4123 = PLANE('',#4124);
#4124 = AXIS2_PLACEMENT_3D('',#4125,#4126,#4127);
#4125 = CARTESIAN_POINT('',(7.6,3.2,0.));
#4126 = DIRECTION('',(0.,-1.,0.));
#4127 = DIRECTION('',(1.,0.,0.));
#4128 = ADVANCED_FACE('',(#4129),#4147,.T.);
#4129 = FACE_BOUND('',#4130,.T.);
#4130 = EDGE_LOOP('',(#4131,#4139,#4145,#4146));
#4131 = ORIENTED_EDGE('',*,*,#4132,.T.);
#4132 = EDGE_CURVE('',#478,#4133,#4135,.T.);
#4133 = VERTEX_POINT('',#4134);
#4134 = CARTESIAN_POINT('',(7.85,1.2,-0.1));
#4135 = LINE('',#4136,#4137);
#4136 = CARTESIAN_POINT('',(7.85,1.2,0.));
#4137 = VECTOR('',#4138,1.);
#4138 = DIRECTION('',(-0.,-0.,-1.));
#4139 = ORIENTED_EDGE('',*,*,#4140,.T.);
#4140 = EDGE_CURVE('',#4133,#4077,#4141,.T.);
#4141 = LINE('',#4142,#4143);
#4142 = CARTESIAN_POINT('',(7.85,1.2,-0.1));
#4143 = VECTOR('',#4144,1.);
#4144 = DIRECTION('',(-1.,0.,0.));
#4145 = ORIENTED_EDGE('',*,*,#4076,.F.);
#4146 = ORIENTED_EDGE('',*,*,#477,.F.);
#4147 = PLANE('',#4148);
#4148 = AXIS2_PLACEMENT_3D('',#4149,#4150,#4151);
#4149 = CARTESIAN_POINT('',(7.85,1.2,0.));
#4150 = DIRECTION('',(0.,1.,0.));
#4151 = DIRECTION('',(-1.,0.,0.));
#4152 = ADVANCED_FACE('',(#4153),#4179,.T.);
#4153 = FACE_BOUND('',#4154,.T.);
#4154 = EDGE_LOOP('',(#4155,#4156,#4164,#4172,#4178));
#4155 = ORIENTED_EDGE('',*,*,#4117,.T.);
#4156 = ORIENTED_EDGE('',*,*,#4157,.T.);
#4157 = EDGE_CURVE('',#4110,#4158,#4160,.T.);
#4158 = VERTEX_POINT('',#4159);
#4159 = CARTESIAN_POINT('',(7.85,5.,-0.1));
#4160 = LINE('',#4161,#4162);
#4161 = CARTESIAN_POINT('',(7.85,3.2,-0.1));
#4162 = VECTOR('',#4163,1.);
#4163 = DIRECTION('',(0.,1.,0.));
#4164 = ORIENTED_EDGE('',*,*,#4165,.F.);
#4165 = EDGE_CURVE('',#4166,#4158,#4168,.T.);
#4166 = VERTEX_POINT('',#4167);
#4167 = CARTESIAN_POINT('',(7.85,5.,0.));
#4168 = LINE('',#4169,#4170);
#4169 = CARTESIAN_POINT('',(7.85,5.,0.));
#4170 = VECTOR('',#4171,1.);
#4171 = DIRECTION('',(-0.,-0.,-1.));
#4172 = ORIENTED_EDGE('',*,*,#4173,.F.);
#4173 = EDGE_CURVE('',#549,#4166,#4174,.T.);
#4174 = LINE('',#4175,#4176);
#4175 = CARTESIAN_POINT('',(7.85,3.2,0.));
#4176 = VECTOR('',#4177,1.);
#4177 = DIRECTION('',(0.,1.,0.));
#4178 = ORIENTED_EDGE('',*,*,#556,.F.);
#4179 = PLANE('',#4180);
#4180 = AXIS2_PLACEMENT_3D('',#4181,#4182,#4183);
#4181 = CARTESIAN_POINT('',(7.85,3.2,0.));
#4182 = DIRECTION('',(1.,0.,0.));
#4183 = DIRECTION('',(0.,1.,0.));
#4184 = ADVANCED_FACE('',(#4185),#4204,.T.);
#4185 = FACE_BOUND('',#4186,.T.);
#4186 = EDGE_LOOP('',(#4187,#4195,#4201,#4202,#4203));
#4187 = ORIENTED_EDGE('',*,*,#4188,.T.);
#4188 = EDGE_CURVE('',#1130,#4189,#4191,.T.);
#4189 = VERTEX_POINT('',#4190);
#4190 = CARTESIAN_POINT('',(7.85,-0.6,-0.1));
#4191 = LINE('',#4192,#4193);
#4192 = CARTESIAN_POINT('',(7.85,-0.6,0.));
#4193 = VECTOR('',#4194,1.);
#4194 = DIRECTION('',(-0.,-0.,-1.));
#4195 = ORIENTED_EDGE('',*,*,#4196,.T.);
#4196 = EDGE_CURVE('',#4189,#4133,#4197,.T.);
#4197 = LINE('',#4198,#4199);
#4198 = CARTESIAN_POINT('',(7.85,-0.6,-0.1));
#4199 = VECTOR('',#4200,1.);
#4200 = DIRECTION('',(0.,1.,0.));
#4201 = ORIENTED_EDGE('',*,*,#4132,.F.);
#4202 = ORIENTED_EDGE('',*,*,#485,.F.);
#4203 = ORIENTED_EDGE('',*,*,#1137,.F.);
#4204 = PLANE('',#4205);
#4205 = AXIS2_PLACEMENT_3D('',#4206,#4207,#4208);
#4206 = CARTESIAN_POINT('',(7.85,-0.6,0.));
#4207 = DIRECTION('',(1.,0.,0.));
#4208 = DIRECTION('',(0.,1.,0.));
#4209 = ADVANCED_FACE('',(#4210),#4243,.T.);
#4210 = FACE_BOUND('',#4211,.T.);
#4211 = EDGE_LOOP('',(#4212,#4222,#4230,#4236,#4237));
#4212 = ORIENTED_EDGE('',*,*,#4213,.T.);
#4213 = EDGE_CURVE('',#4214,#4216,#4218,.T.);
#4214 = VERTEX_POINT('',#4215);
#4215 = CARTESIAN_POINT('',(8.4,5.,0.));
#4216 = VERTEX_POINT('',#4217);
#4217 = CARTESIAN_POINT('',(8.4,5.,-0.1));
#4218 = LINE('',#4219,#4220);
#4219 = CARTESIAN_POINT('',(8.4,5.,0.));
#4220 = VECTOR('',#4221,1.);
#4221 = DIRECTION('',(-0.,-0.,-1.));
#4222 = ORIENTED_EDGE('',*,*,#4223,.T.);
#4223 = EDGE_CURVE('',#4216,#4224,#4226,.T.);
#4224 = VERTEX_POINT('',#4225);
#4225 = CARTESIAN_POINT('',(8.4,3.2,-0.1));
#4226 = LINE('',#4227,#4228);
#4227 = CARTESIAN_POINT('',(8.4,5.,-0.1));
#4228 = VECTOR('',#4229,1.);
#4229 = DIRECTION('',(0.,-1.,0.));
#4230 = ORIENTED_EDGE('',*,*,#4231,.F.);
#4231 = EDGE_CURVE('',#533,#4224,#4232,.T.);
#4232 = LINE('',#4233,#4234);
#4233 = CARTESIAN_POINT('',(8.4,3.2,0.));
#4234 = VECTOR('',#4235,1.);
#4235 = DIRECTION('',(-0.,-0.,-1.));
#4236 = ORIENTED_EDGE('',*,*,#540,.F.);
#4237 = ORIENTED_EDGE('',*,*,#4238,.F.);
#4238 = EDGE_CURVE('',#4214,#541,#4239,.T.);
#4239 = LINE('',#4240,#4241);
#4240 = CARTESIAN_POINT('',(8.4,5.,0.));
#4241 = VECTOR('',#4242,1.);
#4242 = DIRECTION('',(0.,-1.,0.));
#4243 = PLANE('',#4244);
#4244 = AXIS2_PLACEMENT_3D('',#4245,#4246,#4247);
#4245 = CARTESIAN_POINT('',(8.4,5.,0.));
#4246 = DIRECTION('',(-1.,0.,0.));
#4247 = DIRECTION('',(0.,-1.,0.));
#4248 = ADVANCED_FACE('',(#4249),#4275,.T.);
#4249 = FACE_BOUND('',#4250,.T.);
#4250 = EDGE_LOOP('',(#4251,#4259,#4267,#4273,#4274));
#4251 = ORIENTED_EDGE('',*,*,#4252,.T.);
#4252 = EDGE_CURVE('',#493,#4253,#4255,.T.);
#4253 = VERTEX_POINT('',#4254);
#4254 = CARTESIAN_POINT('',(8.4,1.2,-0.1));
#4255 = LINE('',#4256,#4257);
#4256 = CARTESIAN_POINT('',(8.4,1.2,0.));
#4257 = VECTOR('',#4258,1.);
#4258 = DIRECTION('',(-0.,-0.,-1.));
#4259 = ORIENTED_EDGE('',*,*,#4260,.T.);
#4260 = EDGE_CURVE('',#4253,#4261,#4263,.T.);
#4261 = VERTEX_POINT('',#4262);
#4262 = CARTESIAN_POINT('',(8.4,-0.6,-0.1));
#4263 = LINE('',#4264,#4265);
#4264 = CARTESIAN_POINT('',(8.4,1.2,-0.1));
#4265 = VECTOR('',#4266,1.);
#4266 = DIRECTION('',(0.,-1.,0.));
#4267 = ORIENTED_EDGE('',*,*,#4268,.F.);
#4268 = EDGE_CURVE('',#1153,#4261,#4269,.T.);
#4269 = LINE('',#4270,#4271);
#4270 = CARTESIAN_POINT('',(8.4,-0.6,0.));
#4271 = VECTOR('',#4272,1.);
#4272 = DIRECTION('',(-0.,-0.,-1.));
#4273 = ORIENTED_EDGE('',*,*,#1152,.F.);
#4274 = ORIENTED_EDGE('',*,*,#492,.F.);
#4275 = PLANE('',#4276);
#4276 = AXIS2_PLACEMENT_3D('',#4277,#4278,#4279);
#4277 = CARTESIAN_POINT('',(8.4,1.2,0.));
#4278 = DIRECTION('',(-1.,0.,0.));
#4279 = DIRECTION('',(0.,-1.,0.));
#4280 = ADVANCED_FACE('',(#4281),#4299,.T.);
#4281 = FACE_BOUND('',#4282,.T.);
#4282 = EDGE_LOOP('',(#4283,#4284,#4292,#4298));
#4283 = ORIENTED_EDGE('',*,*,#4231,.T.);
#4284 = ORIENTED_EDGE('',*,*,#4285,.T.);
#4285 = EDGE_CURVE('',#4224,#4286,#4288,.T.);
#4286 = VERTEX_POINT('',#4287);
#4287 = CARTESIAN_POINT('',(8.65,3.2,-0.1));
#4288 = LINE('',#4289,#4290);
#4289 = CARTESIAN_POINT('',(8.4,3.2,-0.1));
#4290 = VECTOR('',#4291,1.);
#4291 = DIRECTION('',(1.,0.,0.));
#4292 = ORIENTED_EDGE('',*,*,#4293,.F.);
#4293 = EDGE_CURVE('',#525,#4286,#4294,.T.);
#4294 = LINE('',#4295,#4296);
#4295 = CARTESIAN_POINT('',(8.65,3.2,0.));
#4296 = VECTOR('',#4297,1.);
#4297 = DIRECTION('',(-0.,-0.,-1.));
#4298 = ORIENTED_EDGE('',*,*,#532,.F.);
#4299 = PLANE('',#4300);
#4300 = AXIS2_PLACEMENT_3D('',#4301,#4302,#4303);
#4301 = CARTESIAN_POINT('',(8.4,3.2,0.));
#4302 = DIRECTION('',(0.,-1.,0.));
#4303 = DIRECTION('',(1.,0.,0.));
#4304 = ADVANCED_FACE('',(#4305),#4323,.T.);
#4305 = FACE_BOUND('',#4306,.T.);
#4306 = EDGE_LOOP('',(#4307,#4315,#4321,#4322));
#4307 = ORIENTED_EDGE('',*,*,#4308,.T.);
#4308 = EDGE_CURVE('',#501,#4309,#4311,.T.);
#4309 = VERTEX_POINT('',#4310);
#4310 = CARTESIAN_POINT('',(8.65,1.2,-0.1));
#4311 = LINE('',#4312,#4313);
#4312 = CARTESIAN_POINT('',(8.65,1.2,0.));
#4313 = VECTOR('',#4314,1.);
#4314 = DIRECTION('',(-0.,-0.,-1.));
#4315 = ORIENTED_EDGE('',*,*,#4316,.T.);
#4316 = EDGE_CURVE('',#4309,#4253,#4317,.T.);
#4317 = LINE('',#4318,#4319);
#4318 = CARTESIAN_POINT('',(8.65,1.2,-0.1));
#4319 = VECTOR('',#4320,1.);
#4320 = DIRECTION('',(-1.,0.,0.));
#4321 = ORIENTED_EDGE('',*,*,#4252,.F.);
#4322 = ORIENTED_EDGE('',*,*,#500,.F.);
#4323 = PLANE('',#4324);
#4324 = AXIS2_PLACEMENT_3D('',#4325,#4326,#4327);
#4325 = CARTESIAN_POINT('',(8.65,1.2,0.));
#4326 = DIRECTION('',(0.,1.,0.));
#4327 = DIRECTION('',(-1.,0.,0.));
#4328 = ADVANCED_FACE('',(#4329),#4355,.T.);
#4329 = FACE_BOUND('',#4330,.T.);
#4330 = EDGE_LOOP('',(#4331,#4332,#4340,#4348,#4354));
#4331 = ORIENTED_EDGE('',*,*,#4293,.T.);
#4332 = ORIENTED_EDGE('',*,*,#4333,.T.);
#4333 = EDGE_CURVE('',#4286,#4334,#4336,.T.);
#4334 = VERTEX_POINT('',#4335);
#4335 = CARTESIAN_POINT('',(8.65,5.,-0.1));
#4336 = LINE('',#4337,#4338);
#4337 = CARTESIAN_POINT('',(8.65,3.2,-0.1));
#4338 = VECTOR('',#4339,1.);
#4339 = DIRECTION('',(0.,1.,0.));
#4340 = ORIENTED_EDGE('',*,*,#4341,.F.);
#4341 = EDGE_CURVE('',#4342,#4334,#4344,.T.);
#4342 = VERTEX_POINT('',#4343);
#4343 = CARTESIAN_POINT('',(8.65,5.,0.));
#4344 = LINE('',#4345,#4346);
#4345 = CARTESIAN_POINT('',(8.65,5.,0.));
#4346 = VECTOR('',#4347,1.);
#4347 = DIRECTION('',(-0.,-0.,-1.));
#4348 = ORIENTED_EDGE('',*,*,#4349,.F.);
#4349 = EDGE_CURVE('',#517,#4342,#4350,.T.);
#4350 = LINE('',#4351,#4352);
#4351 = CARTESIAN_POINT('',(8.65,3.2,0.));
#4352 = VECTOR('',#4353,1.);
#4353 = DIRECTION('',(0.,1.,0.));
#4354 = ORIENTED_EDGE('',*,*,#524,.F.);
#4355 = PLANE('',#4356);
#4356 = AXIS2_PLACEMENT_3D('',#4357,#4358,#4359);
#4357 = CARTESIAN_POINT('',(8.65,3.2,0.));
#4358 = DIRECTION('',(1.,0.,0.));
#4359 = DIRECTION('',(0.,1.,0.));
#4360 = ADVANCED_FACE('',(#4361),#4380,.T.);
#4361 = FACE_BOUND('',#4362,.T.);
#4362 = EDGE_LOOP('',(#4363,#4371,#4377,#4378,#4379));
#4363 = ORIENTED_EDGE('',*,*,#4364,.T.);
#4364 = EDGE_CURVE('',#1161,#4365,#4367,.T.);
#4365 = VERTEX_POINT('',#4366);
#4366 = CARTESIAN_POINT('',(8.65,-0.6,-0.1));
#4367 = LINE('',#4368,#4369);
#4368 = CARTESIAN_POINT('',(8.65,-0.6,0.));
#4369 = VECTOR('',#4370,1.);
#4370 = DIRECTION('',(-0.,-0.,-1.));
#4371 = ORIENTED_EDGE('',*,*,#4372,.T.);
#4372 = EDGE_CURVE('',#4365,#4309,#4373,.T.);
#4373 = LINE('',#4374,#4375);
#4374 = CARTESIAN_POINT('',(8.65,-0.6,-0.1));
#4375 = VECTOR('',#4376,1.);
#4376 = DIRECTION('',(0.,1.,0.));
#4377 = ORIENTED_EDGE('',*,*,#4308,.F.);
#4378 = ORIENTED_EDGE('',*,*,#508,.F.);
#4379 = ORIENTED_EDGE('',*,*,#1168,.F.);
#4380 = PLANE('',#4381);
#4381 = AXIS2_PLACEMENT_3D('',#4382,#4383,#4384);
#4382 = CARTESIAN_POINT('',(8.65,-0.6,0.));
#4383 = DIRECTION('',(1.,0.,0.));
#4384 = DIRECTION('',(0.,1.,0.));
#4385 = ADVANCED_FACE('',(#4386),#4405,.T.);
#4386 = FACE_BOUND('',#4387,.F.);
#4387 = EDGE_LOOP('',(#4388,#4396,#4403,#4404));
#4388 = ORIENTED_EDGE('',*,*,#4389,.T.);
#4389 = EDGE_CURVE('',#845,#4390,#4392,.T.);
#4390 = VERTEX_POINT('',#4391);
#4391 = CARTESIAN_POINT('',(0.75,0.95,-0.6));
#4392 = LINE('',#4393,#4394);
#4393 = CARTESIAN_POINT('',(0.75,0.95,0.));
#4394 = VECTOR('',#4395,1.);
#4395 = DIRECTION('',(0.,0.,-1.));
#4396 = ORIENTED_EDGE('',*,*,#4397,.T.);
#4397 = EDGE_CURVE('',#4390,#4390,#4398,.T.);
#4398 = CIRCLE('',#4399,0.3);
#4399 = AXIS2_PLACEMENT_3D('',#4400,#4401,#4402);
#4400 = CARTESIAN_POINT('',(0.45,0.95,-0.6));
#4401 = DIRECTION('',(0.,0.,-1.));
#4402 = DIRECTION('',(1.,0.,0.));
#4403 = ORIENTED_EDGE('',*,*,#4389,.F.);
#4404 = ORIENTED_EDGE('',*,*,#844,.F.);
#4405 = CYLINDRICAL_SURFACE('',#4406,0.3);
#4406 = AXIS2_PLACEMENT_3D('',#4407,#4408,#4409);
#4407 = CARTESIAN_POINT('',(0.45,0.95,0.));
#4408 = DIRECTION('',(0.,0.,1.));
#4409 = DIRECTION('',(1.,0.,0.));
#4410 = ADVANCED_FACE('',(#4411),#4430,.T.);
#4411 = FACE_BOUND('',#4412,.F.);
#4412 = EDGE_LOOP('',(#4413,#4421,#4428,#4429));
#4413 = ORIENTED_EDGE('',*,*,#4414,.T.);
#4414 = EDGE_CURVE('',#856,#4415,#4417,.T.);
#4415 = VERTEX_POINT('',#4416);
#4416 = CARTESIAN_POINT('',(9.75,0.95,-0.6));
#4417 = LINE('',#4418,#4419);
#4418 = CARTESIAN_POINT('',(9.75,0.95,0.));
#4419 = VECTOR('',#4420,1.);
#4420 = DIRECTION('',(0.,0.,-1.));
#4421 = ORIENTED_EDGE('',*,*,#4422,.T.);
#4422 = EDGE_CURVE('',#4415,#4415,#4423,.T.);
#4423 = CIRCLE('',#4424,0.3);
#4424 = AXIS2_PLACEMENT_3D('',#4425,#4426,#4427);
#4425 = CARTESIAN_POINT('',(9.45,0.95,-0.6));
#4426 = DIRECTION('',(0.,0.,-1.));
#4427 = DIRECTION('',(1.,0.,0.));
#4428 = ORIENTED_EDGE('',*,*,#4414,.F.);
#4429 = ORIENTED_EDGE('',*,*,#855,.F.);
#4430 = CYLINDRICAL_SURFACE('',#4431,0.3);
#4431 = AXIS2_PLACEMENT_3D('',#4432,#4433,#4434);
#4432 = CARTESIAN_POINT('',(9.45,0.95,0.));
#4433 = DIRECTION('',(0.,0.,1.));
#4434 = DIRECTION('',(1.,0.,0.));
#4435 = ADVANCED_FACE('',(#4436),#4447,.T.);
#4436 = FACE_BOUND('',#4437,.T.);
#4437 = EDGE_LOOP('',(#4438,#4439,#4445,#4446));
#4438 = ORIENTED_EDGE('',*,*,#2684,.T.);
#4439 = ORIENTED_EDGE('',*,*,#4440,.T.);
#4440 = EDGE_CURVE('',#2677,#2781,#4441,.T.);
#4441 = LINE('',#4442,#4443);
#4442 = CARTESIAN_POINT('',(1.2,-0.6,-0.1));
#4443 = VECTOR('',#4444,1.);
#4444 = DIRECTION('',(1.,0.,0.));
#4445 = ORIENTED_EDGE('',*,*,#2780,.F.);
#4446 = ORIENTED_EDGE('',*,*,#881,.F.);
#4447 = PLANE('',#4448);
#4448 = AXIS2_PLACEMENT_3D('',#4449,#4450,#4451);
#4449 = CARTESIAN_POINT('',(1.2,-0.6,0.));
#4450 = DIRECTION('',(0.,-1.,0.));
#4451 = DIRECTION('',(1.,0.,0.));
#4452 = ADVANCED_FACE('',(#4453),#4464,.T.);
#4453 = FACE_BOUND('',#4454,.T.);
#4454 = EDGE_LOOP('',(#4455,#4456,#4462,#4463));
#4455 = ORIENTED_EDGE('',*,*,#2860,.T.);
#4456 = ORIENTED_EDGE('',*,*,#4457,.T.);
#4457 = EDGE_CURVE('',#2853,#2957,#4458,.T.);
#4458 = LINE('',#4459,#4460);
#4459 = CARTESIAN_POINT('',(2.,-0.6,-0.1));
#4460 = VECTOR('',#4461,1.);
#4461 = DIRECTION('',(1.,0.,0.));
#4462 = ORIENTED_EDGE('',*,*,#2956,.F.);
#4463 = ORIENTED_EDGE('',*,*,#912,.F.);
#4464 = PLANE('',#4465);
#4465 = AXIS2_PLACEMENT_3D('',#4466,#4467,#4468);
#4466 = CARTESIAN_POINT('',(2.,-0.6,0.));
#4467 = DIRECTION('',(0.,-1.,0.));
#4468 = DIRECTION('',(1.,0.,0.));
#4469 = ADVANCED_FACE('',(#4470),#4481,.T.);
#4470 = FACE_BOUND('',#4471,.T.);
#4471 = EDGE_LOOP('',(#4472,#4473,#4479,#4480));
#4472 = ORIENTED_EDGE('',*,*,#3036,.T.);
#4473 = ORIENTED_EDGE('',*,*,#4474,.T.);
#4474 = EDGE_CURVE('',#3029,#3133,#4475,.T.);
#4475 = LINE('',#4476,#4477);
#4476 = CARTESIAN_POINT('',(2.8,-0.6,-0.1));
#4477 = VECTOR('',#4478,1.);
#4478 = DIRECTION('',(1.,0.,0.));
#4479 = ORIENTED_EDGE('',*,*,#3132,.F.);
#4480 = ORIENTED_EDGE('',*,*,#943,.F.);
#4481 = PLANE('',#4482);
#4482 = AXIS2_PLACEMENT_3D('',#4483,#4484,#4485);
#4483 = CARTESIAN_POINT('',(2.8,-0.6,0.));
#4484 = DIRECTION('',(0.,-1.,0.));
#4485 = DIRECTION('',(1.,0.,0.));
#4486 = ADVANCED_FACE('',(#4487),#4498,.T.);
#4487 = FACE_BOUND('',#4488,.T.);
#4488 = EDGE_LOOP('',(#4489,#4490,#4496,#4497));
#4489 = ORIENTED_EDGE('',*,*,#3212,.T.);
#4490 = ORIENTED_EDGE('',*,*,#4491,.T.);
#4491 = EDGE_CURVE('',#3205,#3309,#4492,.T.);
#4492 = LINE('',#4493,#4494);
#4493 = CARTESIAN_POINT('',(3.6,-0.6,-0.1));
#4494 = VECTOR('',#4495,1.);
#4495 = DIRECTION('',(1.,0.,0.));
#4496 = ORIENTED_EDGE('',*,*,#3308,.F.);
#4497 = ORIENTED_EDGE('',*,*,#974,.F.);
#4498 = PLANE('',#4499);
#4499 = AXIS2_PLACEMENT_3D('',#4500,#4501,#4502);
#4500 = CARTESIAN_POINT('',(3.6,-0.6,0.));
#4501 = DIRECTION('',(0.,-1.,0.));
#4502 = DIRECTION('',(1.,0.,0.));
#4503 = ADVANCED_FACE('',(#4504),#4515,.T.);
#4504 = FACE_BOUND('',#4505,.T.);
#4505 = EDGE_LOOP('',(#4506,#4507,#4513,#4514));
#4506 = ORIENTED_EDGE('',*,*,#3388,.T.);
#4507 = ORIENTED_EDGE('',*,*,#4508,.T.);
#4508 = EDGE_CURVE('',#3381,#3485,#4509,.T.);
#4509 = LINE('',#4510,#4511);
#4510 = CARTESIAN_POINT('',(4.4,-0.6,-0.1));
#4511 = VECTOR('',#4512,1.);
#4512 = DIRECTION('',(1.,0.,0.));
#4513 = ORIENTED_EDGE('',*,*,#3484,.F.);
#4514 = ORIENTED_EDGE('',*,*,#1005,.F.);
#4515 = PLANE('',#4516);
#4516 = AXIS2_PLACEMENT_3D('',#4517,#4518,#4519);
#4517 = CARTESIAN_POINT('',(4.4,-0.6,0.));
#4518 = DIRECTION('',(0.,-1.,0.));
#4519 = DIRECTION('',(1.,0.,0.));
#4520 = ADVANCED_FACE('',(#4521),#4532,.T.);
#4521 = FACE_BOUND('',#4522,.T.);
#4522 = EDGE_LOOP('',(#4523,#4524,#4530,#4531));
#4523 = ORIENTED_EDGE('',*,*,#3564,.T.);
#4524 = ORIENTED_EDGE('',*,*,#4525,.T.);
#4525 = EDGE_CURVE('',#3557,#3661,#4526,.T.);
#4526 = LINE('',#4527,#4528);
#4527 = CARTESIAN_POINT('',(5.2,-0.6,-0.1));
#4528 = VECTOR('',#4529,1.);
#4529 = DIRECTION('',(1.,0.,0.));
#4530 = ORIENTED_EDGE('',*,*,#3660,.F.);
#4531 = ORIENTED_EDGE('',*,*,#1036,.F.);
#4532 = PLANE('',#4533);
#4533 = AXIS2_PLACEMENT_3D('',#4534,#4535,#4536);
#4534 = CARTESIAN_POINT('',(5.2,-0.6,0.));
#4535 = DIRECTION('',(0.,-1.,0.));
#4536 = DIRECTION('',(1.,0.,0.));
#4537 = ADVANCED_FACE('',(#4538),#4549,.T.);
#4538 = FACE_BOUND('',#4539,.T.);
#4539 = EDGE_LOOP('',(#4540,#4541,#4547,#4548));
#4540 = ORIENTED_EDGE('',*,*,#3740,.T.);
#4541 = ORIENTED_EDGE('',*,*,#4542,.T.);
#4542 = EDGE_CURVE('',#3733,#3837,#4543,.T.);
#4543 = LINE('',#4544,#4545);
#4544 = CARTESIAN_POINT('',(6.,-0.6,-0.1));
#4545 = VECTOR('',#4546,1.);
#4546 = DIRECTION('',(1.,0.,0.));
#4547 = ORIENTED_EDGE('',*,*,#3836,.F.);
#4548 = ORIENTED_EDGE('',*,*,#1067,.F.);
#4549 = PLANE('',#4550);
#4550 = AXIS2_PLACEMENT_3D('',#4551,#4552,#4553);
#4551 = CARTESIAN_POINT('',(6.,-0.6,0.));
#4552 = DIRECTION('',(0.,-1.,0.));
#4553 = DIRECTION('',(1.,0.,0.));
#4554 = ADVANCED_FACE('',(#4555),#4566,.T.);
#4555 = FACE_BOUND('',#4556,.T.);
#4556 = EDGE_LOOP('',(#4557,#4558,#4564,#4565));
#4557 = ORIENTED_EDGE('',*,*,#3916,.T.);
#4558 = ORIENTED_EDGE('',*,*,#4559,.T.);
#4559 = EDGE_CURVE('',#3909,#4013,#4560,.T.);
#4560 = LINE('',#4561,#4562);
#4561 = CARTESIAN_POINT('',(6.8,-0.6,-0.1));
#4562 = VECTOR('',#4563,1.);
#4563 = DIRECTION('',(1.,0.,0.));
#4564 = ORIENTED_EDGE('',*,*,#4012,.F.);
#4565 = ORIENTED_EDGE('',*,*,#1098,.F.);
#4566 = PLANE('',#4567);
#4567 = AXIS2_PLACEMENT_3D('',#4568,#4569,#4570);
#4568 = CARTESIAN_POINT('',(6.8,-0.6,0.));
#4569 = DIRECTION('',(0.,-1.,0.));
#4570 = DIRECTION('',(1.,0.,0.));
#4571 = ADVANCED_FACE('',(#4572),#4583,.T.);
#4572 = FACE_BOUND('',#4573,.T.);
#4573 = EDGE_LOOP('',(#4574,#4575,#4581,#4582));
#4574 = ORIENTED_EDGE('',*,*,#4092,.T.);
#4575 = ORIENTED_EDGE('',*,*,#4576,.T.);
#4576 = EDGE_CURVE('',#4085,#4189,#4577,.T.);
#4577 = LINE('',#4578,#4579);
#4578 = CARTESIAN_POINT('',(7.6,-0.6,-0.1));
#4579 = VECTOR('',#4580,1.);
#4580 = DIRECTION('',(1.,0.,0.));
#4581 = ORIENTED_EDGE('',*,*,#4188,.F.);
#4582 = ORIENTED_EDGE('',*,*,#1129,.F.);
#4583 = PLANE('',#4584);
#4584 = AXIS2_PLACEMENT_3D('',#4585,#4586,#4587);
#4585 = CARTESIAN_POINT('',(7.6,-0.6,0.));
#4586 = DIRECTION('',(0.,-1.,0.));
#4587 = DIRECTION('',(1.,0.,0.));
#4588 = ADVANCED_FACE('',(#4589),#4600,.T.);
#4589 = FACE_BOUND('',#4590,.T.);
#4590 = EDGE_LOOP('',(#4591,#4592,#4598,#4599));
#4591 = ORIENTED_EDGE('',*,*,#4268,.T.);
#4592 = ORIENTED_EDGE('',*,*,#4593,.T.);
#4593 = EDGE_CURVE('',#4261,#4365,#4594,.T.);
#4594 = LINE('',#4595,#4596);
#4595 = CARTESIAN_POINT('',(8.4,-0.6,-0.1));
#4596 = VECTOR('',#4597,1.);
#4597 = DIRECTION('',(1.,0.,0.));
#4598 = ORIENTED_EDGE('',*,*,#4364,.F.);
#4599 = ORIENTED_EDGE('',*,*,#1160,.F.);
#4600 = PLANE('',#4601);
#4601 = AXIS2_PLACEMENT_3D('',#4602,#4603,#4604);
#4602 = CARTESIAN_POINT('',(8.4,-0.6,0.));
#4603 = DIRECTION('',(0.,-1.,0.));
#4604 = DIRECTION('',(1.,0.,0.));
#4605 = ADVANCED_FACE('',(#4606),#4631,.F.);
#4606 = FACE_BOUND('',#4607,.F.);
#4607 = EDGE_LOOP('',(#4608,#4616,#4624,#4630));
#4608 = ORIENTED_EDGE('',*,*,#4609,.T.);
#4609 = EDGE_CURVE('',#1194,#4610,#4612,.T.);
#4610 = VERTEX_POINT('',#4611);
#4611 = CARTESIAN_POINT('',(0.801929,1.649653,1.1));
#4612 = LINE('',#4613,#4614);
#4613 = CARTESIAN_POINT('',(0.801929,1.649653,3.));
#4614 = VECTOR('',#4615,1.);
#4615 = DIRECTION('',(-0.,-0.,-1.));
#4616 = ORIENTED_EDGE('',*,*,#4617,.T.);
#4617 = EDGE_CURVE('',#4610,#4618,#4620,.T.);
#4618 = VERTEX_POINT('',#4619);
#4619 = CARTESIAN_POINT('',(0.801929,0.849653,1.1));
#4620 = LINE('',#4621,#4622);
#4621 = CARTESIAN_POINT('',(0.801929,1.649653,1.1));
#4622 = VECTOR('',#4623,1.);
#4623 = DIRECTION('',(0.,-1.,0.));
#4624 = ORIENTED_EDGE('',*,*,#4625,.F.);
#4625 = EDGE_CURVE('',#1196,#4618,#4626,.T.);
#4626 = LINE('',#4627,#4628);
#4627 = CARTESIAN_POINT('',(0.801929,0.849653,3.));
#4628 = VECTOR('',#4629,1.);
#4629 = DIRECTION('',(-0.,-0.,-1.));
#4630 = ORIENTED_EDGE('',*,*,#1193,.F.);
#4631 = PLANE('',#4632);
#4632 = AXIS2_PLACEMENT_3D('',#4633,#4634,#4635);
#4633 = CARTESIAN_POINT('',(0.801929,1.649653,3.));
#4634 = DIRECTION('',(-1.,0.,0.));
#4635 = DIRECTION('',(0.,-1.,0.));
#4636 = ADVANCED_FACE('',(#4637),#4655,.F.);
#4637 = FACE_BOUND('',#4638,.F.);
#4638 = EDGE_LOOP('',(#4639,#4640,#4641,#4649));
#4639 = ORIENTED_EDGE('',*,*,#1859,.F.);
#4640 = ORIENTED_EDGE('',*,*,#4625,.T.);
#4641 = ORIENTED_EDGE('',*,*,#4642,.T.);
#4642 = EDGE_CURVE('',#4618,#4643,#4645,.T.);
#4643 = VERTEX_POINT('',#4644);
#4644 = CARTESIAN_POINT('',(1.2,0.849653,1.1));
#4645 = LINE('',#4646,#4647);
#4646 = CARTESIAN_POINT('',(0.801929,0.849653,1.1));
#4647 = VECTOR('',#4648,1.);
#4648 = DIRECTION('',(1.,0.,0.));
#4649 = ORIENTED_EDGE('',*,*,#4650,.T.);
#4650 = EDGE_CURVE('',#4643,#1852,#4651,.T.);
#4651 = LINE('',#4652,#4653);
#4652 = CARTESIAN_POINT('',(1.2,0.849653,2.05));
#4653 = VECTOR('',#4654,1.);
#4654 = DIRECTION('',(0.,0.,1.));
#4655 = PLANE('',#4656);
#4656 = AXIS2_PLACEMENT_3D('',#4657,#4658,#4659);
#4657 = CARTESIAN_POINT('',(0.801929,0.849653,3.));
#4658 = DIRECTION('',(0.,-1.,0.));
#4659 = DIRECTION('',(1.,0.,0.));
#4660 = ADVANCED_FACE('',(#4661),#4695,.F.);
#4661 = FACE_BOUND('',#4662,.F.);
#4662 = EDGE_LOOP('',(#4663,#4671,#4679,#4687,#4693,#4694));
#4663 = ORIENTED_EDGE('',*,*,#4664,.F.);
#4664 = EDGE_CURVE('',#4665,#4643,#4667,.T.);
#4665 = VERTEX_POINT('',#4666);
#4666 = CARTESIAN_POINT('',(1.2,0.947161,1.1));
#4667 = LINE('',#4668,#4669);
#4668 = CARTESIAN_POINT('',(1.2,0.947161,1.1));
#4669 = VECTOR('',#4670,1.);
#4670 = DIRECTION('',(0.,-1.,0.));
#4671 = ORIENTED_EDGE('',*,*,#4672,.T.);
#4672 = EDGE_CURVE('',#4665,#4673,#4675,.T.);
#4673 = VERTEX_POINT('',#4674);
#4674 = CARTESIAN_POINT('',(1.2,0.947161,3.1));
#4675 = LINE('',#4676,#4677);
#4676 = CARTESIAN_POINT('',(1.2,0.947161,1.1));
#4677 = VECTOR('',#4678,1.);
#4678 = DIRECTION('',(0.,0.,1.));
#4679 = ORIENTED_EDGE('',*,*,#4680,.T.);
#4680 = EDGE_CURVE('',#4673,#4681,#4683,.T.);
#4681 = VERTEX_POINT('',#4682);
#4682 = CARTESIAN_POINT('',(1.2,0.747161,3.1));
#4683 = LINE('',#4684,#4685);
#4684 = CARTESIAN_POINT('',(1.2,0.947161,3.1));
#4685 = VECTOR('',#4686,1.);
#4686 = DIRECTION('',(0.,-1.,0.));
#4687 = ORIENTED_EDGE('',*,*,#4688,.F.);
#4688 = EDGE_CURVE('',#1844,#4681,#4689,.T.);
#4689 = LINE('',#4690,#4691);
#4690 = CARTESIAN_POINT('',(1.2,0.747161,1.1));
#4691 = VECTOR('',#4692,1.);
#4692 = DIRECTION('',(0.,0.,1.));
#4693 = ORIENTED_EDGE('',*,*,#1851,.T.);
#4694 = ORIENTED_EDGE('',*,*,#4650,.F.);
#4695 = PLANE('',#4696);
#4696 = AXIS2_PLACEMENT_3D('',#4697,#4698,#4699);
#4697 = CARTESIAN_POINT('',(1.2,0.947161,1.1));
#4698 = DIRECTION('',(1.,0.,-0.));
#4699 = DIRECTION('',(0.,-1.,0.));
#4700 = ADVANCED_FACE('',(#4701),#4719,.F.);
#4701 = FACE_BOUND('',#4702,.F.);
#4702 = EDGE_LOOP('',(#4703,#4704,#4705,#4713));
#4703 = ORIENTED_EDGE('',*,*,#1843,.T.);
#4704 = ORIENTED_EDGE('',*,*,#4688,.T.);
#4705 = ORIENTED_EDGE('',*,*,#4706,.T.);
#4706 = EDGE_CURVE('',#4681,#4707,#4709,.T.);
#4707 = VERTEX_POINT('',#4708);
#4708 = CARTESIAN_POINT('',(1.45,0.747161,3.1));
#4709 = LINE('',#4710,#4711);
#4710 = CARTESIAN_POINT('',(1.2,0.747161,3.1));
#4711 = VECTOR('',#4712,1.);
#4712 = DIRECTION('',(1.,0.,0.));
#4713 = ORIENTED_EDGE('',*,*,#4714,.F.);
#4714 = EDGE_CURVE('',#1836,#4707,#4715,.T.);
#4715 = LINE('',#4716,#4717);
#4716 = CARTESIAN_POINT('',(1.45,0.747161,1.1));
#4717 = VECTOR('',#4718,1.);
#4718 = DIRECTION('',(0.,0.,1.));
#4719 = PLANE('',#4720);
#4720 = AXIS2_PLACEMENT_3D('',#4721,#4722,#4723);
#4721 = CARTESIAN_POINT('',(1.2,0.747161,1.1));
#4722 = DIRECTION('',(0.,1.,0.));
#4723 = DIRECTION('',(1.,0.,0.));
#4724 = ADVANCED_FACE('',(#4725),#4759,.F.);
#4725 = FACE_BOUND('',#4726,.F.);
#4726 = EDGE_LOOP('',(#4727,#4728,#4729,#4737,#4745,#4753));
#4727 = ORIENTED_EDGE('',*,*,#1835,.T.);
#4728 = ORIENTED_EDGE('',*,*,#4714,.T.);
#4729 = ORIENTED_EDGE('',*,*,#4730,.T.);
#4730 = EDGE_CURVE('',#4707,#4731,#4733,.T.);
#4731 = VERTEX_POINT('',#4732);
#4732 = CARTESIAN_POINT('',(1.45,0.947161,3.1));
#4733 = LINE('',#4734,#4735);
#4734 = CARTESIAN_POINT('',(1.45,0.747161,3.1));
#4735 = VECTOR('',#4736,1.);
#4736 = DIRECTION('',(0.,1.,0.));
#4737 = ORIENTED_EDGE('',*,*,#4738,.F.);
#4738 = EDGE_CURVE('',#4739,#4731,#4741,.T.);
#4739 = VERTEX_POINT('',#4740);
#4740 = CARTESIAN_POINT('',(1.45,0.947161,1.1));
#4741 = LINE('',#4742,#4743);
#4742 = CARTESIAN_POINT('',(1.45,0.947161,1.1));
#4743 = VECTOR('',#4744,1.);
#4744 = DIRECTION('',(0.,0.,1.));
#4745 = ORIENTED_EDGE('',*,*,#4746,.F.);
#4746 = EDGE_CURVE('',#4747,#4739,#4749,.T.);
#4747 = VERTEX_POINT('',#4748);
#4748 = CARTESIAN_POINT('',(1.45,0.849653,1.1));
#4749 = LINE('',#4750,#4751);
#4750 = CARTESIAN_POINT('',(1.45,0.747161,1.1));
#4751 = VECTOR('',#4752,1.);
#4752 = DIRECTION('',(0.,1.,0.));
#4753 = ORIENTED_EDGE('',*,*,#4754,.F.);
#4754 = EDGE_CURVE('',#1828,#4747,#4755,.T.);
#4755 = LINE('',#4756,#4757);
#4756 = CARTESIAN_POINT('',(1.45,0.849653,2.05));
#4757 = VECTOR('',#4758,1.);
#4758 = DIRECTION('',(-0.,-0.,-1.));
#4759 = PLANE('',#4760);
#4760 = AXIS2_PLACEMENT_3D('',#4761,#4762,#4763);
#4761 = CARTESIAN_POINT('',(1.45,0.747161,1.1));
#4762 = DIRECTION('',(-1.,0.,0.));
#4763 = DIRECTION('',(0.,1.,0.));
#4764 = ADVANCED_FACE('',(#4765),#4783,.F.);
#4765 = FACE_BOUND('',#4766,.F.);
#4766 = EDGE_LOOP('',(#4767,#4768,#4769,#4777));
#4767 = ORIENTED_EDGE('',*,*,#1827,.F.);
#4768 = ORIENTED_EDGE('',*,*,#4754,.T.);
#4769 = ORIENTED_EDGE('',*,*,#4770,.T.);
#4770 = EDGE_CURVE('',#4747,#4771,#4773,.T.);
#4771 = VERTEX_POINT('',#4772);
#4772 = CARTESIAN_POINT('',(2.,0.849653,1.1));
#4773 = LINE('',#4774,#4775);
#4774 = CARTESIAN_POINT('',(0.801929,0.849653,1.1));
#4775 = VECTOR('',#4776,1.);
#4776 = DIRECTION('',(1.,0.,0.));
#4777 = ORIENTED_EDGE('',*,*,#4778,.T.);
#4778 = EDGE_CURVE('',#4771,#1820,#4779,.T.);
#4779 = LINE('',#4780,#4781);
#4780 = CARTESIAN_POINT('',(2.,0.849653,2.05));
#4781 = VECTOR('',#4782,1.);
#4782 = DIRECTION('',(0.,0.,1.));
#4783 = PLANE('',#4784);
#4784 = AXIS2_PLACEMENT_3D('',#4785,#4786,#4787);
#4785 = CARTESIAN_POINT('',(0.801929,0.849653,3.));
#4786 = DIRECTION('',(0.,-1.,0.));
#4787 = DIRECTION('',(1.,0.,0.));
#4788 = ADVANCED_FACE('',(#4789),#4823,.F.);
#4789 = FACE_BOUND('',#4790,.F.);
#4790 = EDGE_LOOP('',(#4791,#4799,#4807,#4815,#4821,#4822));
#4791 = ORIENTED_EDGE('',*,*,#4792,.F.);
#4792 = EDGE_CURVE('',#4793,#4771,#4795,.T.);
#4793 = VERTEX_POINT('',#4794);
#4794 = CARTESIAN_POINT('',(2.,0.947161,1.1));
#4795 = LINE('',#4796,#4797);
#4796 = CARTESIAN_POINT('',(2.,0.947161,1.1));
#4797 = VECTOR('',#4798,1.);
#4798 = DIRECTION('',(0.,-1.,0.));
#4799 = ORIENTED_EDGE('',*,*,#4800,.T.);
#4800 = EDGE_CURVE('',#4793,#4801,#4803,.T.);
#4801 = VERTEX_POINT('',#4802);
#4802 = CARTESIAN_POINT('',(2.,0.947161,3.1));
#4803 = LINE('',#4804,#4805);
#4804 = CARTESIAN_POINT('',(2.,0.947161,1.1));
#4805 = VECTOR('',#4806,1.);
#4806 = DIRECTION('',(0.,0.,1.));
#4807 = ORIENTED_EDGE('',*,*,#4808,.T.);
#4808 = EDGE_CURVE('',#4801,#4809,#4811,.T.);
#4809 = VERTEX_POINT('',#4810);
#4810 = CARTESIAN_POINT('',(2.,0.747161,3.1));
#4811 = LINE('',#4812,#4813);
#4812 = CARTESIAN_POINT('',(2.,0.947161,3.1));
#4813 = VECTOR('',#4814,1.);
#4814 = DIRECTION('',(0.,-1.,0.));
#4815 = ORIENTED_EDGE('',*,*,#4816,.F.);
#4816 = EDGE_CURVE('',#1812,#4809,#4817,.T.);
#4817 = LINE('',#4818,#4819);
#4818 = CARTESIAN_POINT('',(2.,0.747161,1.1));
#4819 = VECTOR('',#4820,1.);
#4820 = DIRECTION('',(0.,0.,1.));
#4821 = ORIENTED_EDGE('',*,*,#1819,.T.);
#4822 = ORIENTED_EDGE('',*,*,#4778,.F.);
#4823 = PLANE('',#4824);
#4824 = AXIS2_PLACEMENT_3D('',#4825,#4826,#4827);
#4825 = CARTESIAN_POINT('',(2.,0.947161,1.1));
#4826 = DIRECTION('',(1.,0.,-0.));
#4827 = DIRECTION('',(0.,-1.,0.));
#4828 = ADVANCED_FACE('',(#4829),#4847,.F.);
#4829 = FACE_BOUND('',#4830,.F.);
#4830 = EDGE_LOOP('',(#4831,#4832,#4833,#4841));
#4831 = ORIENTED_EDGE('',*,*,#1811,.T.);
#4832 = ORIENTED_EDGE('',*,*,#4816,.T.);
#4833 = ORIENTED_EDGE('',*,*,#4834,.T.);
#4834 = EDGE_CURVE('',#4809,#4835,#4837,.T.);
#4835 = VERTEX_POINT('',#4836);
#4836 = CARTESIAN_POINT('',(2.25,0.747161,3.1));
#4837 = LINE('',#4838,#4839);
#4838 = CARTESIAN_POINT('',(2.,0.747161,3.1));
#4839 = VECTOR('',#4840,1.);
#4840 = DIRECTION('',(1.,0.,0.));
#4841 = ORIENTED_EDGE('',*,*,#4842,.F.);
#4842 = EDGE_CURVE('',#1804,#4835,#4843,.T.);
#4843 = LINE('',#4844,#4845);
#4844 = CARTESIAN_POINT('',(2.25,0.747161,1.1));
#4845 = VECTOR('',#4846,1.);
#4846 = DIRECTION('',(0.,0.,1.));
#4847 = PLANE('',#4848);
#4848 = AXIS2_PLACEMENT_3D('',#4849,#4850,#4851);
#4849 = CARTESIAN_POINT('',(2.,0.747161,1.1));
#4850 = DIRECTION('',(0.,1.,0.));
#4851 = DIRECTION('',(1.,0.,0.));
#4852 = ADVANCED_FACE('',(#4853),#4887,.F.);
#4853 = FACE_BOUND('',#4854,.F.);
#4854 = EDGE_LOOP('',(#4855,#4856,#4857,#4865,#4873,#4881));
#4855 = ORIENTED_EDGE('',*,*,#1803,.T.);
#4856 = ORIENTED_EDGE('',*,*,#4842,.T.);
#4857 = ORIENTED_EDGE('',*,*,#4858,.T.);
#4858 = EDGE_CURVE('',#4835,#4859,#4861,.T.);
#4859 = VERTEX_POINT('',#4860);
#4860 = CARTESIAN_POINT('',(2.25,0.947161,3.1));
#4861 = LINE('',#4862,#4863);
#4862 = CARTESIAN_POINT('',(2.25,0.747161,3.1));
#4863 = VECTOR('',#4864,1.);
#4864 = DIRECTION('',(0.,1.,0.));
#4865 = ORIENTED_EDGE('',*,*,#4866,.F.);
#4866 = EDGE_CURVE('',#4867,#4859,#4869,.T.);
#4867 = VERTEX_POINT('',#4868);
#4868 = CARTESIAN_POINT('',(2.25,0.947161,1.1));
#4869 = LINE('',#4870,#4871);
#4870 = CARTESIAN_POINT('',(2.25,0.947161,1.1));
#4871 = VECTOR('',#4872,1.);
#4872 = DIRECTION('',(0.,0.,1.));
#4873 = ORIENTED_EDGE('',*,*,#4874,.F.);
#4874 = EDGE_CURVE('',#4875,#4867,#4877,.T.);
#4875 = VERTEX_POINT('',#4876);
#4876 = CARTESIAN_POINT('',(2.25,0.849653,1.1));
#4877 = LINE('',#4878,#4879);
#4878 = CARTESIAN_POINT('',(2.25,0.747161,1.1));
#4879 = VECTOR('',#4880,1.);
#4880 = DIRECTION('',(0.,1.,0.));
#4881 = ORIENTED_EDGE('',*,*,#4882,.F.);
#4882 = EDGE_CURVE('',#1796,#4875,#4883,.T.);
#4883 = LINE('',#4884,#4885);
#4884 = CARTESIAN_POINT('',(2.25,0.849653,2.05));
#4885 = VECTOR('',#4886,1.);
#4886 = DIRECTION('',(-0.,-0.,-1.));
#4887 = PLANE('',#4888);
#4888 = AXIS2_PLACEMENT_3D('',#4889,#4890,#4891);
#4889 = CARTESIAN_POINT('',(2.25,0.747161,1.1));
#4890 = DIRECTION('',(-1.,0.,0.));
#4891 = DIRECTION('',(0.,1.,0.));
#4892 = ADVANCED_FACE('',(#4893),#4911,.F.);
#4893 = FACE_BOUND('',#4894,.F.);
#4894 = EDGE_LOOP('',(#4895,#4896,#4897,#4905));
#4895 = ORIENTED_EDGE('',*,*,#1795,.F.);
#4896 = ORIENTED_EDGE('',*,*,#4882,.T.);
#4897 = ORIENTED_EDGE('',*,*,#4898,.T.);
#4898 = EDGE_CURVE('',#4875,#4899,#4901,.T.);
#4899 = VERTEX_POINT('',#4900);
#4900 = CARTESIAN_POINT('',(2.8,0.849653,1.1));
#4901 = LINE('',#4902,#4903);
#4902 = CARTESIAN_POINT('',(0.801929,0.849653,1.1));
#4903 = VECTOR('',#4904,1.);
#4904 = DIRECTION('',(1.,0.,0.));
#4905 = ORIENTED_EDGE('',*,*,#4906,.T.);
#4906 = EDGE_CURVE('',#4899,#1788,#4907,.T.);
#4907 = LINE('',#4908,#4909);
#4908 = CARTESIAN_POINT('',(2.8,0.849653,2.05));
#4909 = VECTOR('',#4910,1.);
#4910 = DIRECTION('',(0.,0.,1.));
#4911 = PLANE('',#4912);
#4912 = AXIS2_PLACEMENT_3D('',#4913,#4914,#4915);
#4913 = CARTESIAN_POINT('',(0.801929,0.849653,3.));
#4914 = DIRECTION('',(0.,-1.,0.));
#4915 = DIRECTION('',(1.,0.,0.));
#4916 = ADVANCED_FACE('',(#4917),#4951,.F.);
#4917 = FACE_BOUND('',#4918,.F.);
#4918 = EDGE_LOOP('',(#4919,#4927,#4935,#4943,#4949,#4950));
#4919 = ORIENTED_EDGE('',*,*,#4920,.F.);
#4920 = EDGE_CURVE('',#4921,#4899,#4923,.T.);
#4921 = VERTEX_POINT('',#4922);
#4922 = CARTESIAN_POINT('',(2.8,0.947161,1.1));
#4923 = LINE('',#4924,#4925);
#4924 = CARTESIAN_POINT('',(2.8,0.947161,1.1));
#4925 = VECTOR('',#4926,1.);
#4926 = DIRECTION('',(0.,-1.,0.));
#4927 = ORIENTED_EDGE('',*,*,#4928,.T.);
#4928 = EDGE_CURVE('',#4921,#4929,#4931,.T.);
#4929 = VERTEX_POINT('',#4930);
#4930 = CARTESIAN_POINT('',(2.8,0.947161,3.1));
#4931 = LINE('',#4932,#4933);
#4932 = CARTESIAN_POINT('',(2.8,0.947161,1.1));
#4933 = VECTOR('',#4934,1.);
#4934 = DIRECTION('',(0.,0.,1.));
#4935 = ORIENTED_EDGE('',*,*,#4936,.T.);
#4936 = EDGE_CURVE('',#4929,#4937,#4939,.T.);
#4937 = VERTEX_POINT('',#4938);
#4938 = CARTESIAN_POINT('',(2.8,0.747161,3.1));
#4939 = LINE('',#4940,#4941);
#4940 = CARTESIAN_POINT('',(2.8,0.947161,3.1));
#4941 = VECTOR('',#4942,1.);
#4942 = DIRECTION('',(0.,-1.,0.));
#4943 = ORIENTED_EDGE('',*,*,#4944,.F.);
#4944 = EDGE_CURVE('',#1780,#4937,#4945,.T.);
#4945 = LINE('',#4946,#4947);
#4946 = CARTESIAN_POINT('',(2.8,0.747161,1.1));
#4947 = VECTOR('',#4948,1.);
#4948 = DIRECTION('',(0.,0.,1.));
#4949 = ORIENTED_EDGE('',*,*,#1787,.T.);
#4950 = ORIENTED_EDGE('',*,*,#4906,.F.);
#4951 = PLANE('',#4952);
#4952 = AXIS2_PLACEMENT_3D('',#4953,#4954,#4955);
#4953 = CARTESIAN_POINT('',(2.8,0.947161,1.1));
#4954 = DIRECTION('',(1.,0.,-0.));
#4955 = DIRECTION('',(0.,-1.,0.));
#4956 = ADVANCED_FACE('',(#4957),#4975,.F.);
#4957 = FACE_BOUND('',#4958,.F.);
#4958 = EDGE_LOOP('',(#4959,#4960,#4961,#4969));
#4959 = ORIENTED_EDGE('',*,*,#1779,.T.);
#4960 = ORIENTED_EDGE('',*,*,#4944,.T.);
#4961 = ORIENTED_EDGE('',*,*,#4962,.T.);
#4962 = EDGE_CURVE('',#4937,#4963,#4965,.T.);
#4963 = VERTEX_POINT('',#4964);
#4964 = CARTESIAN_POINT('',(3.05,0.747161,3.1));
#4965 = LINE('',#4966,#4967);
#4966 = CARTESIAN_POINT('',(2.8,0.747161,3.1));
#4967 = VECTOR('',#4968,1.);
#4968 = DIRECTION('',(1.,0.,0.));
#4969 = ORIENTED_EDGE('',*,*,#4970,.F.);
#4970 = EDGE_CURVE('',#1772,#4963,#4971,.T.);
#4971 = LINE('',#4972,#4973);
#4972 = CARTESIAN_POINT('',(3.05,0.747161,1.1));
#4973 = VECTOR('',#4974,1.);
#4974 = DIRECTION('',(0.,0.,1.));
#4975 = PLANE('',#4976);
#4976 = AXIS2_PLACEMENT_3D('',#4977,#4978,#4979);
#4977 = CARTESIAN_POINT('',(2.8,0.747161,1.1));
#4978 = DIRECTION('',(0.,1.,0.));
#4979 = DIRECTION('',(1.,0.,0.));
#4980 = ADVANCED_FACE('',(#4981),#5015,.F.);
#4981 = FACE_BOUND('',#4982,.F.);
#4982 = EDGE_LOOP('',(#4983,#4984,#4985,#4993,#5001,#5009));
#4983 = ORIENTED_EDGE('',*,*,#1771,.T.);
#4984 = ORIENTED_EDGE('',*,*,#4970,.T.);
#4985 = ORIENTED_EDGE('',*,*,#4986,.T.);
#4986 = EDGE_CURVE('',#4963,#4987,#4989,.T.);
#4987 = VERTEX_POINT('',#4988);
#4988 = CARTESIAN_POINT('',(3.05,0.947161,3.1));
#4989 = LINE('',#4990,#4991);
#4990 = CARTESIAN_POINT('',(3.05,0.747161,3.1));
#4991 = VECTOR('',#4992,1.);
#4992 = DIRECTION('',(0.,1.,0.));
#4993 = ORIENTED_EDGE('',*,*,#4994,.F.);
#4994 = EDGE_CURVE('',#4995,#4987,#4997,.T.);
#4995 = VERTEX_POINT('',#4996);
#4996 = CARTESIAN_POINT('',(3.05,0.947161,1.1));
#4997 = LINE('',#4998,#4999);
#4998 = CARTESIAN_POINT('',(3.05,0.947161,1.1));
#4999 = VECTOR('',#5000,1.);
#5000 = DIRECTION('',(0.,0.,1.));
#5001 = ORIENTED_EDGE('',*,*,#5002,.F.);
#5002 = EDGE_CURVE('',#5003,#4995,#5005,.T.);
#5003 = VERTEX_POINT('',#5004);
#5004 = CARTESIAN_POINT('',(3.05,0.849653,1.1));
#5005 = LINE('',#5006,#5007);
#5006 = CARTESIAN_POINT('',(3.05,0.747161,1.1));
#5007 = VECTOR('',#5008,1.);
#5008 = DIRECTION('',(0.,1.,0.));
#5009 = ORIENTED_EDGE('',*,*,#5010,.F.);
#5010 = EDGE_CURVE('',#1764,#5003,#5011,.T.);
#5011 = LINE('',#5012,#5013);
#5012 = CARTESIAN_POINT('',(3.05,0.849653,2.05));
#5013 = VECTOR('',#5014,1.);
#5014 = DIRECTION('',(-0.,-0.,-1.));
#5015 = PLANE('',#5016);
#5016 = AXIS2_PLACEMENT_3D('',#5017,#5018,#5019);
#5017 = CARTESIAN_POINT('',(3.05,0.747161,1.1));
#5018 = DIRECTION('',(-1.,0.,0.));
#5019 = DIRECTION('',(0.,1.,0.));
#5020 = ADVANCED_FACE('',(#5021),#5039,.F.);
#5021 = FACE_BOUND('',#5022,.F.);
#5022 = EDGE_LOOP('',(#5023,#5024,#5025,#5033));
#5023 = ORIENTED_EDGE('',*,*,#1763,.F.);
#5024 = ORIENTED_EDGE('',*,*,#5010,.T.);
#5025 = ORIENTED_EDGE('',*,*,#5026,.T.);
#5026 = EDGE_CURVE('',#5003,#5027,#5029,.T.);
#5027 = VERTEX_POINT('',#5028);
#5028 = CARTESIAN_POINT('',(3.6,0.849653,1.1));
#5029 = LINE('',#5030,#5031);
#5030 = CARTESIAN_POINT('',(0.801929,0.849653,1.1));
#5031 = VECTOR('',#5032,1.);
#5032 = DIRECTION('',(1.,0.,0.));
#5033 = ORIENTED_EDGE('',*,*,#5034,.T.);
#5034 = EDGE_CURVE('',#5027,#1756,#5035,.T.);
#5035 = LINE('',#5036,#5037);
#5036 = CARTESIAN_POINT('',(3.6,0.849653,2.05));
#5037 = VECTOR('',#5038,1.);
#5038 = DIRECTION('',(0.,0.,1.));
#5039 = PLANE('',#5040);
#5040 = AXIS2_PLACEMENT_3D('',#5041,#5042,#5043);
#5041 = CARTESIAN_POINT('',(0.801929,0.849653,3.));
#5042 = DIRECTION('',(0.,-1.,0.));
#5043 = DIRECTION('',(1.,0.,0.));
#5044 = ADVANCED_FACE('',(#5045),#5079,.F.);
#5045 = FACE_BOUND('',#5046,.F.);
#5046 = EDGE_LOOP('',(#5047,#5055,#5063,#5071,#5077,#5078));
#5047 = ORIENTED_EDGE('',*,*,#5048,.F.);
#5048 = EDGE_CURVE('',#5049,#5027,#5051,.T.);
#5049 = VERTEX_POINT('',#5050);
#5050 = CARTESIAN_POINT('',(3.6,0.947161,1.1));
#5051 = LINE('',#5052,#5053);
#5052 = CARTESIAN_POINT('',(3.6,0.947161,1.1));
#5053 = VECTOR('',#5054,1.);
#5054 = DIRECTION('',(0.,-1.,0.));
#5055 = ORIENTED_EDGE('',*,*,#5056,.T.);
#5056 = EDGE_CURVE('',#5049,#5057,#5059,.T.);
#5057 = VERTEX_POINT('',#5058);
#5058 = CARTESIAN_POINT('',(3.6,0.947161,3.1));
#5059 = LINE('',#5060,#5061);
#5060 = CARTESIAN_POINT('',(3.6,0.947161,1.1));
#5061 = VECTOR('',#5062,1.);
#5062 = DIRECTION('',(0.,0.,1.));
#5063 = ORIENTED_EDGE('',*,*,#5064,.T.);
#5064 = EDGE_CURVE('',#5057,#5065,#5067,.T.);
#5065 = VERTEX_POINT('',#5066);
#5066 = CARTESIAN_POINT('',(3.6,0.747161,3.1));
#5067 = LINE('',#5068,#5069);
#5068 = CARTESIAN_POINT('',(3.6,0.947161,3.1));
#5069 = VECTOR('',#5070,1.);
#5070 = DIRECTION('',(0.,-1.,0.));
#5071 = ORIENTED_EDGE('',*,*,#5072,.F.);
#5072 = EDGE_CURVE('',#1748,#5065,#5073,.T.);
#5073 = LINE('',#5074,#5075);
#5074 = CARTESIAN_POINT('',(3.6,0.747161,1.1));
#5075 = VECTOR('',#5076,1.);
#5076 = DIRECTION('',(0.,0.,1.));
#5077 = ORIENTED_EDGE('',*,*,#1755,.T.);
#5078 = ORIENTED_EDGE('',*,*,#5034,.F.);
#5079 = PLANE('',#5080);
#5080 = AXIS2_PLACEMENT_3D('',#5081,#5082,#5083);
#5081 = CARTESIAN_POINT('',(3.6,0.947161,1.1));
#5082 = DIRECTION('',(1.,0.,-0.));
#5083 = DIRECTION('',(0.,-1.,0.));
#5084 = ADVANCED_FACE('',(#5085),#5103,.F.);
#5085 = FACE_BOUND('',#5086,.F.);
#5086 = EDGE_LOOP('',(#5087,#5088,#5089,#5097));
#5087 = ORIENTED_EDGE('',*,*,#1747,.T.);
#5088 = ORIENTED_EDGE('',*,*,#5072,.T.);
#5089 = ORIENTED_EDGE('',*,*,#5090,.T.);
#5090 = EDGE_CURVE('',#5065,#5091,#5093,.T.);
#5091 = VERTEX_POINT('',#5092);
#5092 = CARTESIAN_POINT('',(3.85,0.747161,3.1));
#5093 = LINE('',#5094,#5095);
#5094 = CARTESIAN_POINT('',(3.6,0.747161,3.1));
#5095 = VECTOR('',#5096,1.);
#5096 = DIRECTION('',(1.,0.,0.));
#5097 = ORIENTED_EDGE('',*,*,#5098,.F.);
#5098 = EDGE_CURVE('',#1740,#5091,#5099,.T.);
#5099 = LINE('',#5100,#5101);
#5100 = CARTESIAN_POINT('',(3.85,0.747161,1.1));
#5101 = VECTOR('',#5102,1.);
#5102 = DIRECTION('',(0.,0.,1.));
#5103 = PLANE('',#5104);
#5104 = AXIS2_PLACEMENT_3D('',#5105,#5106,#5107);
#5105 = CARTESIAN_POINT('',(3.6,0.747161,1.1));
#5106 = DIRECTION('',(0.,1.,0.));
#5107 = DIRECTION('',(1.,0.,0.));
#5108 = ADVANCED_FACE('',(#5109),#5143,.F.);
#5109 = FACE_BOUND('',#5110,.F.);
#5110 = EDGE_LOOP('',(#5111,#5112,#5113,#5121,#5129,#5137));
#5111 = ORIENTED_EDGE('',*,*,#1739,.T.);
#5112 = ORIENTED_EDGE('',*,*,#5098,.T.);
#5113 = ORIENTED_EDGE('',*,*,#5114,.T.);
#5114 = EDGE_CURVE('',#5091,#5115,#5117,.T.);
#5115 = VERTEX_POINT('',#5116);
#5116 = CARTESIAN_POINT('',(3.85,0.947161,3.1));
#5117 = LINE('',#5118,#5119);
#5118 = CARTESIAN_POINT('',(3.85,0.747161,3.1));
#5119 = VECTOR('',#5120,1.);
#5120 = DIRECTION('',(0.,1.,0.));
#5121 = ORIENTED_EDGE('',*,*,#5122,.F.);
#5122 = EDGE_CURVE('',#5123,#5115,#5125,.T.);
#5123 = VERTEX_POINT('',#5124);
#5124 = CARTESIAN_POINT('',(3.85,0.947161,1.1));
#5125 = LINE('',#5126,#5127);
#5126 = CARTESIAN_POINT('',(3.85,0.947161,1.1));
#5127 = VECTOR('',#5128,1.);
#5128 = DIRECTION('',(0.,0.,1.));
#5129 = ORIENTED_EDGE('',*,*,#5130,.F.);
#5130 = EDGE_CURVE('',#5131,#5123,#5133,.T.);
#5131 = VERTEX_POINT('',#5132);
#5132 = CARTESIAN_POINT('',(3.85,0.849653,1.1));
#5133 = LINE('',#5134,#5135);
#5134 = CARTESIAN_POINT('',(3.85,0.747161,1.1));
#5135 = VECTOR('',#5136,1.);
#5136 = DIRECTION('',(0.,1.,0.));
#5137 = ORIENTED_EDGE('',*,*,#5138,.F.);
#5138 = EDGE_CURVE('',#1732,#5131,#5139,.T.);
#5139 = LINE('',#5140,#5141);
#5140 = CARTESIAN_POINT('',(3.85,0.849653,2.05));
#5141 = VECTOR('',#5142,1.);
#5142 = DIRECTION('',(-0.,-0.,-1.));
#5143 = PLANE('',#5144);
#5144 = AXIS2_PLACEMENT_3D('',#5145,#5146,#5147);
#5145 = CARTESIAN_POINT('',(3.85,0.747161,1.1));
#5146 = DIRECTION('',(-1.,0.,0.));
#5147 = DIRECTION('',(0.,1.,0.));
#5148 = ADVANCED_FACE('',(#5149),#5167,.F.);
#5149 = FACE_BOUND('',#5150,.F.);
#5150 = EDGE_LOOP('',(#5151,#5152,#5153,#5161));
#5151 = ORIENTED_EDGE('',*,*,#1731,.F.);
#5152 = ORIENTED_EDGE('',*,*,#5138,.T.);
#5153 = ORIENTED_EDGE('',*,*,#5154,.T.);
#5154 = EDGE_CURVE('',#5131,#5155,#5157,.T.);
#5155 = VERTEX_POINT('',#5156);
#5156 = CARTESIAN_POINT('',(4.4,0.849653,1.1));
#5157 = LINE('',#5158,#5159);
#5158 = CARTESIAN_POINT('',(0.801929,0.849653,1.1));
#5159 = VECTOR('',#5160,1.);
#5160 = DIRECTION('',(1.,0.,0.));
#5161 = ORIENTED_EDGE('',*,*,#5162,.T.);
#5162 = EDGE_CURVE('',#5155,#1724,#5163,.T.);
#5163 = LINE('',#5164,#5165);
#5164 = CARTESIAN_POINT('',(4.4,0.849653,2.05));
#5165 = VECTOR('',#5166,1.);
#5166 = DIRECTION('',(0.,0.,1.));
#5167 = PLANE('',#5168);
#5168 = AXIS2_PLACEMENT_3D('',#5169,#5170,#5171);
#5169 = CARTESIAN_POINT('',(0.801929,0.849653,3.));
#5170 = DIRECTION('',(0.,-1.,0.));
#5171 = DIRECTION('',(1.,0.,0.));
#5172 = ADVANCED_FACE('',(#5173),#5207,.F.);
#5173 = FACE_BOUND('',#5174,.F.);
#5174 = EDGE_LOOP('',(#5175,#5183,#5191,#5199,#5205,#5206));
#5175 = ORIENTED_EDGE('',*,*,#5176,.F.);
#5176 = EDGE_CURVE('',#5177,#5155,#5179,.T.);
#5177 = VERTEX_POINT('',#5178);
#5178 = CARTESIAN_POINT('',(4.4,0.947161,1.1));
#5179 = LINE('',#5180,#5181);
#5180 = CARTESIAN_POINT('',(4.4,0.947161,1.1));
#5181 = VECTOR('',#5182,1.);
#5182 = DIRECTION('',(0.,-1.,0.));
#5183 = ORIENTED_EDGE('',*,*,#5184,.T.);
#5184 = EDGE_CURVE('',#5177,#5185,#5187,.T.);
#5185 = VERTEX_POINT('',#5186);
#5186 = CARTESIAN_POINT('',(4.4,0.947161,3.1));
#5187 = LINE('',#5188,#5189);
#5188 = CARTESIAN_POINT('',(4.4,0.947161,1.1));
#5189 = VECTOR('',#5190,1.);
#5190 = DIRECTION('',(0.,0.,1.));
#5191 = ORIENTED_EDGE('',*,*,#5192,.T.);
#5192 = EDGE_CURVE('',#5185,#5193,#5195,.T.);
#5193 = VERTEX_POINT('',#5194);
#5194 = CARTESIAN_POINT('',(4.4,0.747161,3.1));
#5195 = LINE('',#5196,#5197);
#5196 = CARTESIAN_POINT('',(4.4,0.947161,3.1));
#5197 = VECTOR('',#5198,1.);
#5198 = DIRECTION('',(0.,-1.,0.));
#5199 = ORIENTED_EDGE('',*,*,#5200,.F.);
#5200 = EDGE_CURVE('',#1716,#5193,#5201,.T.);
#5201 = LINE('',#5202,#5203);
#5202 = CARTESIAN_POINT('',(4.4,0.747161,1.1));
#5203 = VECTOR('',#5204,1.);
#5204 = DIRECTION('',(0.,0.,1.));
#5205 = ORIENTED_EDGE('',*,*,#1723,.T.);
#5206 = ORIENTED_EDGE('',*,*,#5162,.F.);
#5207 = PLANE('',#5208);
#5208 = AXIS2_PLACEMENT_3D('',#5209,#5210,#5211);
#5209 = CARTESIAN_POINT('',(4.4,0.947161,1.1));
#5210 = DIRECTION('',(1.,0.,-0.));
#5211 = DIRECTION('',(0.,-1.,0.));
#5212 = ADVANCED_FACE('',(#5213),#5231,.F.);
#5213 = FACE_BOUND('',#5214,.F.);
#5214 = EDGE_LOOP('',(#5215,#5216,#5217,#5225));
#5215 = ORIENTED_EDGE('',*,*,#1715,.T.);
#5216 = ORIENTED_EDGE('',*,*,#5200,.T.);
#5217 = ORIENTED_EDGE('',*,*,#5218,.T.);
#5218 = EDGE_CURVE('',#5193,#5219,#5221,.T.);
#5219 = VERTEX_POINT('',#5220);
#5220 = CARTESIAN_POINT('',(4.65,0.747161,3.1));
#5221 = LINE('',#5222,#5223);
#5222 = CARTESIAN_POINT('',(4.4,0.747161,3.1));
#5223 = VECTOR('',#5224,1.);
#5224 = DIRECTION('',(1.,0.,0.));
#5225 = ORIENTED_EDGE('',*,*,#5226,.F.);
#5226 = EDGE_CURVE('',#1708,#5219,#5227,.T.);
#5227 = LINE('',#5228,#5229);
#5228 = CARTESIAN_POINT('',(4.65,0.747161,1.1));
#5229 = VECTOR('',#5230,1.);
#5230 = DIRECTION('',(0.,0.,1.));
#5231 = PLANE('',#5232);
#5232 = AXIS2_PLACEMENT_3D('',#5233,#5234,#5235);
#5233 = CARTESIAN_POINT('',(4.4,0.747161,1.1));
#5234 = DIRECTION('',(0.,1.,0.));
#5235 = DIRECTION('',(1.,0.,0.));
#5236 = ADVANCED_FACE('',(#5237),#5271,.F.);
#5237 = FACE_BOUND('',#5238,.F.);
#5238 = EDGE_LOOP('',(#5239,#5240,#5241,#5249,#5257,#5265));
#5239 = ORIENTED_EDGE('',*,*,#1707,.T.);
#5240 = ORIENTED_EDGE('',*,*,#5226,.T.);
#5241 = ORIENTED_EDGE('',*,*,#5242,.T.);
#5242 = EDGE_CURVE('',#5219,#5243,#5245,.T.);
#5243 = VERTEX_POINT('',#5244);
#5244 = CARTESIAN_POINT('',(4.65,0.947161,3.1));
#5245 = LINE('',#5246,#5247);
#5246 = CARTESIAN_POINT('',(4.65,0.747161,3.1));
#5247 = VECTOR('',#5248,1.);
#5248 = DIRECTION('',(0.,1.,0.));
#5249 = ORIENTED_EDGE('',*,*,#5250,.F.);
#5250 = EDGE_CURVE('',#5251,#5243,#5253,.T.);
#5251 = VERTEX_POINT('',#5252);
#5252 = CARTESIAN_POINT('',(4.65,0.947161,1.1));
#5253 = LINE('',#5254,#5255);
#5254 = CARTESIAN_POINT('',(4.65,0.947161,1.1));
#5255 = VECTOR('',#5256,1.);
#5256 = DIRECTION('',(0.,0.,1.));
#5257 = ORIENTED_EDGE('',*,*,#5258,.F.);
#5258 = EDGE_CURVE('',#5259,#5251,#5261,.T.);
#5259 = VERTEX_POINT('',#5260);
#5260 = CARTESIAN_POINT('',(4.65,0.849653,1.1));
#5261 = LINE('',#5262,#5263);
#5262 = CARTESIAN_POINT('',(4.65,0.747161,1.1));
#5263 = VECTOR('',#5264,1.);
#5264 = DIRECTION('',(0.,1.,0.));
#5265 = ORIENTED_EDGE('',*,*,#5266,.F.);
#5266 = EDGE_CURVE('',#1700,#5259,#5267,.T.);
#5267 = LINE('',#5268,#5269);
#5268 = CARTESIAN_POINT('',(4.65,0.849653,2.05));
#5269 = VECTOR('',#5270,1.);
#5270 = DIRECTION('',(-0.,-0.,-1.));
#5271 = PLANE('',#5272);
#5272 = AXIS2_PLACEMENT_3D('',#5273,#5274,#5275);
#5273 = CARTESIAN_POINT('',(4.65,0.747161,1.1));
#5274 = DIRECTION('',(-1.,0.,0.));
#5275 = DIRECTION('',(0.,1.,0.));
#5276 = ADVANCED_FACE('',(#5277),#5295,.F.);
#5277 = FACE_BOUND('',#5278,.F.);
#5278 = EDGE_LOOP('',(#5279,#5280,#5281,#5289));
#5279 = ORIENTED_EDGE('',*,*,#1699,.F.);
#5280 = ORIENTED_EDGE('',*,*,#5266,.T.);
#5281 = ORIENTED_EDGE('',*,*,#5282,.T.);
#5282 = EDGE_CURVE('',#5259,#5283,#5285,.T.);
#5283 = VERTEX_POINT('',#5284);
#5284 = CARTESIAN_POINT('',(5.2,0.849653,1.1));
#5285 = LINE('',#5286,#5287);
#5286 = CARTESIAN_POINT('',(0.801929,0.849653,1.1));
#5287 = VECTOR('',#5288,1.);
#5288 = DIRECTION('',(1.,0.,0.));
#5289 = ORIENTED_EDGE('',*,*,#5290,.T.);
#5290 = EDGE_CURVE('',#5283,#1692,#5291,.T.);
#5291 = LINE('',#5292,#5293);
#5292 = CARTESIAN_POINT('',(5.2,0.849653,2.05));
#5293 = VECTOR('',#5294,1.);
#5294 = DIRECTION('',(0.,0.,1.));
#5295 = PLANE('',#5296);
#5296 = AXIS2_PLACEMENT_3D('',#5297,#5298,#5299);
#5297 = CARTESIAN_POINT('',(0.801929,0.849653,3.));
#5298 = DIRECTION('',(0.,-1.,0.));
#5299 = DIRECTION('',(1.,0.,0.));
#5300 = ADVANCED_FACE('',(#5301),#5335,.F.);
#5301 = FACE_BOUND('',#5302,.F.);
#5302 = EDGE_LOOP('',(#5303,#5311,#5319,#5327,#5333,#5334));
#5303 = ORIENTED_EDGE('',*,*,#5304,.F.);
#5304 = EDGE_CURVE('',#5305,#5283,#5307,.T.);
#5305 = VERTEX_POINT('',#5306);
#5306 = CARTESIAN_POINT('',(5.2,0.947161,1.1));
#5307 = LINE('',#5308,#5309);
#5308 = CARTESIAN_POINT('',(5.2,0.947161,1.1));
#5309 = VECTOR('',#5310,1.);
#5310 = DIRECTION('',(0.,-1.,0.));
#5311 = ORIENTED_EDGE('',*,*,#5312,.T.);
#5312 = EDGE_CURVE('',#5305,#5313,#5315,.T.);
#5313 = VERTEX_POINT('',#5314);
#5314 = CARTESIAN_POINT('',(5.2,0.947161,3.1));
#5315 = LINE('',#5316,#5317);
#5316 = CARTESIAN_POINT('',(5.2,0.947161,1.1));
#5317 = VECTOR('',#5318,1.);
#5318 = DIRECTION('',(0.,0.,1.));
#5319 = ORIENTED_EDGE('',*,*,#5320,.T.);
#5320 = EDGE_CURVE('',#5313,#5321,#5323,.T.);
#5321 = VERTEX_POINT('',#5322);
#5322 = CARTESIAN_POINT('',(5.2,0.747161,3.1));
#5323 = LINE('',#5324,#5325);
#5324 = CARTESIAN_POINT('',(5.2,0.947161,3.1));
#5325 = VECTOR('',#5326,1.);
#5326 = DIRECTION('',(0.,-1.,0.));
#5327 = ORIENTED_EDGE('',*,*,#5328,.F.);
#5328 = EDGE_CURVE('',#1684,#5321,#5329,.T.);
#5329 = LINE('',#5330,#5331);
#5330 = CARTESIAN_POINT('',(5.2,0.747161,1.1));
#5331 = VECTOR('',#5332,1.);
#5332 = DIRECTION('',(0.,0.,1.));
#5333 = ORIENTED_EDGE('',*,*,#1691,.T.);
#5334 = ORIENTED_EDGE('',*,*,#5290,.F.);
#5335 = PLANE('',#5336);
#5336 = AXIS2_PLACEMENT_3D('',#5337,#5338,#5339);
#5337 = CARTESIAN_POINT('',(5.2,0.947161,1.1));
#5338 = DIRECTION('',(1.,0.,-0.));
#5339 = DIRECTION('',(0.,-1.,0.));
#5340 = ADVANCED_FACE('',(#5341),#5359,.F.);
#5341 = FACE_BOUND('',#5342,.F.);
#5342 = EDGE_LOOP('',(#5343,#5344,#5345,#5353));
#5343 = ORIENTED_EDGE('',*,*,#1683,.T.);
#5344 = ORIENTED_EDGE('',*,*,#5328,.T.);
#5345 = ORIENTED_EDGE('',*,*,#5346,.T.);
#5346 = EDGE_CURVE('',#5321,#5347,#5349,.T.);
#5347 = VERTEX_POINT('',#5348);
#5348 = CARTESIAN_POINT('',(5.45,0.747161,3.1));
#5349 = LINE('',#5350,#5351);
#5350 = CARTESIAN_POINT('',(5.2,0.747161,3.1));
#5351 = VECTOR('',#5352,1.);
#5352 = DIRECTION('',(1.,0.,0.));
#5353 = ORIENTED_EDGE('',*,*,#5354,.F.);
#5354 = EDGE_CURVE('',#1676,#5347,#5355,.T.);
#5355 = LINE('',#5356,#5357);
#5356 = CARTESIAN_POINT('',(5.45,0.747161,1.1));
#5357 = VECTOR('',#5358,1.);
#5358 = DIRECTION('',(0.,0.,1.));
#5359 = PLANE('',#5360);
#5360 = AXIS2_PLACEMENT_3D('',#5361,#5362,#5363);
#5361 = CARTESIAN_POINT('',(5.2,0.747161,1.1));
#5362 = DIRECTION('',(0.,1.,0.));
#5363 = DIRECTION('',(1.,0.,0.));
#5364 = ADVANCED_FACE('',(#5365),#5399,.F.);
#5365 = FACE_BOUND('',#5366,.F.);
#5366 = EDGE_LOOP('',(#5367,#5368,#5369,#5377,#5385,#5393));
#5367 = ORIENTED_EDGE('',*,*,#1675,.T.);
#5368 = ORIENTED_EDGE('',*,*,#5354,.T.);
#5369 = ORIENTED_EDGE('',*,*,#5370,.T.);
#5370 = EDGE_CURVE('',#5347,#5371,#5373,.T.);
#5371 = VERTEX_POINT('',#5372);
#5372 = CARTESIAN_POINT('',(5.45,0.947161,3.1));
#5373 = LINE('',#5374,#5375);
#5374 = CARTESIAN_POINT('',(5.45,0.747161,3.1));
#5375 = VECTOR('',#5376,1.);
#5376 = DIRECTION('',(0.,1.,0.));
#5377 = ORIENTED_EDGE('',*,*,#5378,.F.);
#5378 = EDGE_CURVE('',#5379,#5371,#5381,.T.);
#5379 = VERTEX_POINT('',#5380);
#5380 = CARTESIAN_POINT('',(5.45,0.947161,1.1));
#5381 = LINE('',#5382,#5383);
#5382 = CARTESIAN_POINT('',(5.45,0.947161,1.1));
#5383 = VECTOR('',#5384,1.);
#5384 = DIRECTION('',(0.,0.,1.));
#5385 = ORIENTED_EDGE('',*,*,#5386,.F.);
#5386 = EDGE_CURVE('',#5387,#5379,#5389,.T.);
#5387 = VERTEX_POINT('',#5388);
#5388 = CARTESIAN_POINT('',(5.45,0.849653,1.1));
#5389 = LINE('',#5390,#5391);
#5390 = CARTESIAN_POINT('',(5.45,0.747161,1.1));
#5391 = VECTOR('',#5392,1.);
#5392 = DIRECTION('',(0.,1.,0.));
#5393 = ORIENTED_EDGE('',*,*,#5394,.F.);
#5394 = EDGE_CURVE('',#1668,#5387,#5395,.T.);
#5395 = LINE('',#5396,#5397);
#5396 = CARTESIAN_POINT('',(5.45,0.849653,2.05));
#5397 = VECTOR('',#5398,1.);
#5398 = DIRECTION('',(-0.,-0.,-1.));
#5399 = PLANE('',#5400);
#5400 = AXIS2_PLACEMENT_3D('',#5401,#5402,#5403);
#5401 = CARTESIAN_POINT('',(5.45,0.747161,1.1));
#5402 = DIRECTION('',(-1.,0.,0.));
#5403 = DIRECTION('',(0.,1.,0.));
#5404 = ADVANCED_FACE('',(#5405),#5423,.F.);
#5405 = FACE_BOUND('',#5406,.F.);
#5406 = EDGE_LOOP('',(#5407,#5408,#5409,#5417));
#5407 = ORIENTED_EDGE('',*,*,#1667,.F.);
#5408 = ORIENTED_EDGE('',*,*,#5394,.T.);
#5409 = ORIENTED_EDGE('',*,*,#5410,.T.);
#5410 = EDGE_CURVE('',#5387,#5411,#5413,.T.);
#5411 = VERTEX_POINT('',#5412);
#5412 = CARTESIAN_POINT('',(6.,0.849653,1.1));
#5413 = LINE('',#5414,#5415);
#5414 = CARTESIAN_POINT('',(0.801929,0.849653,1.1));
#5415 = VECTOR('',#5416,1.);
#5416 = DIRECTION('',(1.,0.,0.));
#5417 = ORIENTED_EDGE('',*,*,#5418,.T.);
#5418 = EDGE_CURVE('',#5411,#1660,#5419,.T.);
#5419 = LINE('',#5420,#5421);
#5420 = CARTESIAN_POINT('',(6.,0.849653,2.05));
#5421 = VECTOR('',#5422,1.);
#5422 = DIRECTION('',(0.,0.,1.));
#5423 = PLANE('',#5424);
#5424 = AXIS2_PLACEMENT_3D('',#5425,#5426,#5427);
#5425 = CARTESIAN_POINT('',(0.801929,0.849653,3.));
#5426 = DIRECTION('',(0.,-1.,0.));
#5427 = DIRECTION('',(1.,0.,0.));
#5428 = ADVANCED_FACE('',(#5429),#5463,.F.);
#5429 = FACE_BOUND('',#5430,.F.);
#5430 = EDGE_LOOP('',(#5431,#5439,#5447,#5455,#5461,#5462));
#5431 = ORIENTED_EDGE('',*,*,#5432,.F.);
#5432 = EDGE_CURVE('',#5433,#5411,#5435,.T.);
#5433 = VERTEX_POINT('',#5434);
#5434 = CARTESIAN_POINT('',(6.,0.947161,1.1));
#5435 = LINE('',#5436,#5437);
#5436 = CARTESIAN_POINT('',(6.,0.947161,1.1));
#5437 = VECTOR('',#5438,1.);
#5438 = DIRECTION('',(0.,-1.,0.));
#5439 = ORIENTED_EDGE('',*,*,#5440,.T.);
#5440 = EDGE_CURVE('',#5433,#5441,#5443,.T.);
#5441 = VERTEX_POINT('',#5442);
#5442 = CARTESIAN_POINT('',(6.,0.947161,3.1));
#5443 = LINE('',#5444,#5445);
#5444 = CARTESIAN_POINT('',(6.,0.947161,1.1));
#5445 = VECTOR('',#5446,1.);
#5446 = DIRECTION('',(0.,0.,1.));
#5447 = ORIENTED_EDGE('',*,*,#5448,.T.);
#5448 = EDGE_CURVE('',#5441,#5449,#5451,.T.);
#5449 = VERTEX_POINT('',#5450);
#5450 = CARTESIAN_POINT('',(6.,0.747161,3.1));
#5451 = LINE('',#5452,#5453);
#5452 = CARTESIAN_POINT('',(6.,0.947161,3.1));
#5453 = VECTOR('',#5454,1.);
#5454 = DIRECTION('',(0.,-1.,0.));
#5455 = ORIENTED_EDGE('',*,*,#5456,.F.);
#5456 = EDGE_CURVE('',#1652,#5449,#5457,.T.);
#5457 = LINE('',#5458,#5459);
#5458 = CARTESIAN_POINT('',(6.,0.747161,1.1));
#5459 = VECTOR('',#5460,1.);
#5460 = DIRECTION('',(0.,0.,1.));
#5461 = ORIENTED_EDGE('',*,*,#1659,.T.);
#5462 = ORIENTED_EDGE('',*,*,#5418,.F.);
#5463 = PLANE('',#5464);
#5464 = AXIS2_PLACEMENT_3D('',#5465,#5466,#5467);
#5465 = CARTESIAN_POINT('',(6.,0.947161,1.1));
#5466 = DIRECTION('',(1.,0.,-0.));
#5467 = DIRECTION('',(0.,-1.,0.));
#5468 = ADVANCED_FACE('',(#5469),#5487,.F.);
#5469 = FACE_BOUND('',#5470,.F.);
#5470 = EDGE_LOOP('',(#5471,#5472,#5473,#5481));
#5471 = ORIENTED_EDGE('',*,*,#1651,.T.);
#5472 = ORIENTED_EDGE('',*,*,#5456,.T.);
#5473 = ORIENTED_EDGE('',*,*,#5474,.T.);
#5474 = EDGE_CURVE('',#5449,#5475,#5477,.T.);
#5475 = VERTEX_POINT('',#5476);
#5476 = CARTESIAN_POINT('',(6.25,0.747161,3.1));
#5477 = LINE('',#5478,#5479);
#5478 = CARTESIAN_POINT('',(6.,0.747161,3.1));
#5479 = VECTOR('',#5480,1.);
#5480 = DIRECTION('',(1.,0.,0.));
#5481 = ORIENTED_EDGE('',*,*,#5482,.F.);
#5482 = EDGE_CURVE('',#1644,#5475,#5483,.T.);
#5483 = LINE('',#5484,#5485);
#5484 = CARTESIAN_POINT('',(6.25,0.747161,1.1));
#5485 = VECTOR('',#5486,1.);
#5486 = DIRECTION('',(0.,0.,1.));
#5487 = PLANE('',#5488);
#5488 = AXIS2_PLACEMENT_3D('',#5489,#5490,#5491);
#5489 = CARTESIAN_POINT('',(6.,0.747161,1.1));
#5490 = DIRECTION('',(0.,1.,0.));
#5491 = DIRECTION('',(1.,0.,0.));
#5492 = ADVANCED_FACE('',(#5493),#5527,.F.);
#5493 = FACE_BOUND('',#5494,.F.);
#5494 = EDGE_LOOP('',(#5495,#5496,#5497,#5505,#5513,#5521));
#5495 = ORIENTED_EDGE('',*,*,#1643,.T.);
#5496 = ORIENTED_EDGE('',*,*,#5482,.T.);
#5497 = ORIENTED_EDGE('',*,*,#5498,.T.);
#5498 = EDGE_CURVE('',#5475,#5499,#5501,.T.);
#5499 = VERTEX_POINT('',#5500);
#5500 = CARTESIAN_POINT('',(6.25,0.947161,3.1));
#5501 = LINE('',#5502,#5503);
#5502 = CARTESIAN_POINT('',(6.25,0.747161,3.1));
#5503 = VECTOR('',#5504,1.);
#5504 = DIRECTION('',(0.,1.,0.));
#5505 = ORIENTED_EDGE('',*,*,#5506,.F.);
#5506 = EDGE_CURVE('',#5507,#5499,#5509,.T.);
#5507 = VERTEX_POINT('',#5508);
#5508 = CARTESIAN_POINT('',(6.25,0.947161,1.1));
#5509 = LINE('',#5510,#5511);
#5510 = CARTESIAN_POINT('',(6.25,0.947161,1.1));
#5511 = VECTOR('',#5512,1.);
#5512 = DIRECTION('',(0.,0.,1.));
#5513 = ORIENTED_EDGE('',*,*,#5514,.F.);
#5514 = EDGE_CURVE('',#5515,#5507,#5517,.T.);
#5515 = VERTEX_POINT('',#5516);
#5516 = CARTESIAN_POINT('',(6.25,0.849653,1.1));
#5517 = LINE('',#5518,#5519);
#5518 = CARTESIAN_POINT('',(6.25,0.747161,1.1));
#5519 = VECTOR('',#5520,1.);
#5520 = DIRECTION('',(0.,1.,0.));
#5521 = ORIENTED_EDGE('',*,*,#5522,.F.);
#5522 = EDGE_CURVE('',#1636,#5515,#5523,.T.);
#5523 = LINE('',#5524,#5525);
#5524 = CARTESIAN_POINT('',(6.25,0.849653,2.05));
#5525 = VECTOR('',#5526,1.);
#5526 = DIRECTION('',(-0.,-0.,-1.));
#5527 = PLANE('',#5528);
#5528 = AXIS2_PLACEMENT_3D('',#5529,#5530,#5531);
#5529 = CARTESIAN_POINT('',(6.25,0.747161,1.1));
#5530 = DIRECTION('',(-1.,0.,0.));
#5531 = DIRECTION('',(0.,1.,0.));
#5532 = ADVANCED_FACE('',(#5533),#5551,.F.);
#5533 = FACE_BOUND('',#5534,.F.);
#5534 = EDGE_LOOP('',(#5535,#5536,#5537,#5545));
#5535 = ORIENTED_EDGE('',*,*,#1635,.F.);
#5536 = ORIENTED_EDGE('',*,*,#5522,.T.);
#5537 = ORIENTED_EDGE('',*,*,#5538,.T.);
#5538 = EDGE_CURVE('',#5515,#5539,#5541,.T.);
#5539 = VERTEX_POINT('',#5540);
#5540 = CARTESIAN_POINT('',(6.8,0.849653,1.1));
#5541 = LINE('',#5542,#5543);
#5542 = CARTESIAN_POINT('',(0.801929,0.849653,1.1));
#5543 = VECTOR('',#5544,1.);
#5544 = DIRECTION('',(1.,0.,0.));
#5545 = ORIENTED_EDGE('',*,*,#5546,.T.);
#5546 = EDGE_CURVE('',#5539,#1628,#5547,.T.);
#5547 = LINE('',#5548,#5549);
#5548 = CARTESIAN_POINT('',(6.8,0.849653,2.05));
#5549 = VECTOR('',#5550,1.);
#5550 = DIRECTION('',(0.,0.,1.));
#5551 = PLANE('',#5552);
#5552 = AXIS2_PLACEMENT_3D('',#5553,#5554,#5555);
#5553 = CARTESIAN_POINT('',(0.801929,0.849653,3.));
#5554 = DIRECTION('',(0.,-1.,0.));
#5555 = DIRECTION('',(1.,0.,0.));
#5556 = ADVANCED_FACE('',(#5557),#5591,.F.);
#5557 = FACE_BOUND('',#5558,.F.);
#5558 = EDGE_LOOP('',(#5559,#5567,#5575,#5583,#5589,#5590));
#5559 = ORIENTED_EDGE('',*,*,#5560,.F.);
#5560 = EDGE_CURVE('',#5561,#5539,#5563,.T.);
#5561 = VERTEX_POINT('',#5562);
#5562 = CARTESIAN_POINT('',(6.8,0.947161,1.1));
#5563 = LINE('',#5564,#5565);
#5564 = CARTESIAN_POINT('',(6.8,0.947161,1.1));
#5565 = VECTOR('',#5566,1.);
#5566 = DIRECTION('',(0.,-1.,0.));
#5567 = ORIENTED_EDGE('',*,*,#5568,.T.);
#5568 = EDGE_CURVE('',#5561,#5569,#5571,.T.);
#5569 = VERTEX_POINT('',#5570);
#5570 = CARTESIAN_POINT('',(6.8,0.947161,3.1));
#5571 = LINE('',#5572,#5573);
#5572 = CARTESIAN_POINT('',(6.8,0.947161,1.1));
#5573 = VECTOR('',#5574,1.);
#5574 = DIRECTION('',(0.,0.,1.));
#5575 = ORIENTED_EDGE('',*,*,#5576,.T.);
#5576 = EDGE_CURVE('',#5569,#5577,#5579,.T.);
#5577 = VERTEX_POINT('',#5578);
#5578 = CARTESIAN_POINT('',(6.8,0.747161,3.1));
#5579 = LINE('',#5580,#5581);
#5580 = CARTESIAN_POINT('',(6.8,0.947161,3.1));
#5581 = VECTOR('',#5582,1.);
#5582 = DIRECTION('',(0.,-1.,0.));
#5583 = ORIENTED_EDGE('',*,*,#5584,.F.);
#5584 = EDGE_CURVE('',#1620,#5577,#5585,.T.);
#5585 = LINE('',#5586,#5587);
#5586 = CARTESIAN_POINT('',(6.8,0.747161,1.1));
#5587 = VECTOR('',#5588,1.);
#5588 = DIRECTION('',(0.,0.,1.));
#5589 = ORIENTED_EDGE('',*,*,#1627,.T.);
#5590 = ORIENTED_EDGE('',*,*,#5546,.F.);
#5591 = PLANE('',#5592);
#5592 = AXIS2_PLACEMENT_3D('',#5593,#5594,#5595);
#5593 = CARTESIAN_POINT('',(6.8,0.947161,1.1));
#5594 = DIRECTION('',(1.,0.,-0.));
#5595 = DIRECTION('',(0.,-1.,0.));
#5596 = ADVANCED_FACE('',(#5597),#5615,.F.);
#5597 = FACE_BOUND('',#5598,.F.);
#5598 = EDGE_LOOP('',(#5599,#5600,#5601,#5609));
#5599 = ORIENTED_EDGE('',*,*,#1619,.T.);
#5600 = ORIENTED_EDGE('',*,*,#5584,.T.);
#5601 = ORIENTED_EDGE('',*,*,#5602,.T.);
#5602 = EDGE_CURVE('',#5577,#5603,#5605,.T.);
#5603 = VERTEX_POINT('',#5604);
#5604 = CARTESIAN_POINT('',(7.05,0.747161,3.1));
#5605 = LINE('',#5606,#5607);
#5606 = CARTESIAN_POINT('',(6.8,0.747161,3.1));
#5607 = VECTOR('',#5608,1.);
#5608 = DIRECTION('',(1.,0.,0.));
#5609 = ORIENTED_EDGE('',*,*,#5610,.F.);
#5610 = EDGE_CURVE('',#1612,#5603,#5611,.T.);
#5611 = LINE('',#5612,#5613);
#5612 = CARTESIAN_POINT('',(7.05,0.747161,1.1));
#5613 = VECTOR('',#5614,1.);
#5614 = DIRECTION('',(0.,0.,1.));
#5615 = PLANE('',#5616);
#5616 = AXIS2_PLACEMENT_3D('',#5617,#5618,#5619);
#5617 = CARTESIAN_POINT('',(6.8,0.747161,1.1));
#5618 = DIRECTION('',(0.,1.,0.));
#5619 = DIRECTION('',(1.,0.,0.));
#5620 = ADVANCED_FACE('',(#5621),#5655,.F.);
#5621 = FACE_BOUND('',#5622,.F.);
#5622 = EDGE_LOOP('',(#5623,#5624,#5625,#5633,#5641,#5649));
#5623 = ORIENTED_EDGE('',*,*,#1611,.T.);
#5624 = ORIENTED_EDGE('',*,*,#5610,.T.);
#5625 = ORIENTED_EDGE('',*,*,#5626,.T.);
#5626 = EDGE_CURVE('',#5603,#5627,#5629,.T.);
#5627 = VERTEX_POINT('',#5628);
#5628 = CARTESIAN_POINT('',(7.05,0.947161,3.1));
#5629 = LINE('',#5630,#5631);
#5630 = CARTESIAN_POINT('',(7.05,0.747161,3.1));
#5631 = VECTOR('',#5632,1.);
#5632 = DIRECTION('',(0.,1.,0.));
#5633 = ORIENTED_EDGE('',*,*,#5634,.F.);
#5634 = EDGE_CURVE('',#5635,#5627,#5637,.T.);
#5635 = VERTEX_POINT('',#5636);
#5636 = CARTESIAN_POINT('',(7.05,0.947161,1.1));
#5637 = LINE('',#5638,#5639);
#5638 = CARTESIAN_POINT('',(7.05,0.947161,1.1));
#5639 = VECTOR('',#5640,1.);
#5640 = DIRECTION('',(0.,0.,1.));
#5641 = ORIENTED_EDGE('',*,*,#5642,.F.);
#5642 = EDGE_CURVE('',#5643,#5635,#5645,.T.);
#5643 = VERTEX_POINT('',#5644);
#5644 = CARTESIAN_POINT('',(7.05,0.849653,1.1));
#5645 = LINE('',#5646,#5647);
#5646 = CARTESIAN_POINT('',(7.05,0.747161,1.1));
#5647 = VECTOR('',#5648,1.);
#5648 = DIRECTION('',(0.,1.,0.));
#5649 = ORIENTED_EDGE('',*,*,#5650,.F.);
#5650 = EDGE_CURVE('',#1604,#5643,#5651,.T.);
#5651 = LINE('',#5652,#5653);
#5652 = CARTESIAN_POINT('',(7.05,0.849653,2.05));
#5653 = VECTOR('',#5654,1.);
#5654 = DIRECTION('',(-0.,-0.,-1.));
#5655 = PLANE('',#5656);
#5656 = AXIS2_PLACEMENT_3D('',#5657,#5658,#5659);
#5657 = CARTESIAN_POINT('',(7.05,0.747161,1.1));
#5658 = DIRECTION('',(-1.,0.,0.));
#5659 = DIRECTION('',(0.,1.,0.));
#5660 = ADVANCED_FACE('',(#5661),#5679,.F.);
#5661 = FACE_BOUND('',#5662,.F.);
#5662 = EDGE_LOOP('',(#5663,#5664,#5665,#5673));
#5663 = ORIENTED_EDGE('',*,*,#1603,.F.);
#5664 = ORIENTED_EDGE('',*,*,#5650,.T.);
#5665 = ORIENTED_EDGE('',*,*,#5666,.T.);
#5666 = EDGE_CURVE('',#5643,#5667,#5669,.T.);
#5667 = VERTEX_POINT('',#5668);
#5668 = CARTESIAN_POINT('',(7.6,0.849653,1.1));
#5669 = LINE('',#5670,#5671);
#5670 = CARTESIAN_POINT('',(0.801929,0.849653,1.1));
#5671 = VECTOR('',#5672,1.);
#5672 = DIRECTION('',(1.,0.,0.));
#5673 = ORIENTED_EDGE('',*,*,#5674,.T.);
#5674 = EDGE_CURVE('',#5667,#1596,#5675,.T.);
#5675 = LINE('',#5676,#5677);
#5676 = CARTESIAN_POINT('',(7.6,0.849653,2.05));
#5677 = VECTOR('',#5678,1.);
#5678 = DIRECTION('',(0.,0.,1.));
#5679 = PLANE('',#5680);
#5680 = AXIS2_PLACEMENT_3D('',#5681,#5682,#5683);
#5681 = CARTESIAN_POINT('',(0.801929,0.849653,3.));
#5682 = DIRECTION('',(0.,-1.,0.));
#5683 = DIRECTION('',(1.,0.,0.));
#5684 = ADVANCED_FACE('',(#5685),#5719,.F.);
#5685 = FACE_BOUND('',#5686,.F.);
#5686 = EDGE_LOOP('',(#5687,#5695,#5703,#5711,#5717,#5718));
#5687 = ORIENTED_EDGE('',*,*,#5688,.F.);
#5688 = EDGE_CURVE('',#5689,#5667,#5691,.T.);
#5689 = VERTEX_POINT('',#5690);
#5690 = CARTESIAN_POINT('',(7.6,0.947161,1.1));
#5691 = LINE('',#5692,#5693);
#5692 = CARTESIAN_POINT('',(7.6,0.947161,1.1));
#5693 = VECTOR('',#5694,1.);
#5694 = DIRECTION('',(0.,-1.,0.));
#5695 = ORIENTED_EDGE('',*,*,#5696,.T.);
#5696 = EDGE_CURVE('',#5689,#5697,#5699,.T.);
#5697 = VERTEX_POINT('',#5698);
#5698 = CARTESIAN_POINT('',(7.6,0.947161,3.1));
#5699 = LINE('',#5700,#5701);
#5700 = CARTESIAN_POINT('',(7.6,0.947161,1.1));
#5701 = VECTOR('',#5702,1.);
#5702 = DIRECTION('',(0.,0.,1.));
#5703 = ORIENTED_EDGE('',*,*,#5704,.T.);
#5704 = EDGE_CURVE('',#5697,#5705,#5707,.T.);
#5705 = VERTEX_POINT('',#5706);
#5706 = CARTESIAN_POINT('',(7.6,0.747161,3.1));
#5707 = LINE('',#5708,#5709);
#5708 = CARTESIAN_POINT('',(7.6,0.947161,3.1));
#5709 = VECTOR('',#5710,1.);
#5710 = DIRECTION('',(0.,-1.,0.));
#5711 = ORIENTED_EDGE('',*,*,#5712,.F.);
#5712 = EDGE_CURVE('',#1588,#5705,#5713,.T.);
#5713 = LINE('',#5714,#5715);
#5714 = CARTESIAN_POINT('',(7.6,0.747161,1.1));
#5715 = VECTOR('',#5716,1.);
#5716 = DIRECTION('',(0.,0.,1.));
#5717 = ORIENTED_EDGE('',*,*,#1595,.T.);
#5718 = ORIENTED_EDGE('',*,*,#5674,.F.);
#5719 = PLANE('',#5720);
#5720 = AXIS2_PLACEMENT_3D('',#5721,#5722,#5723);
#5721 = CARTESIAN_POINT('',(7.6,0.947161,1.1));
#5722 = DIRECTION('',(1.,0.,-0.));
#5723 = DIRECTION('',(0.,-1.,0.));
#5724 = ADVANCED_FACE('',(#5725),#5743,.F.);
#5725 = FACE_BOUND('',#5726,.F.);
#5726 = EDGE_LOOP('',(#5727,#5728,#5729,#5737));
#5727 = ORIENTED_EDGE('',*,*,#1587,.T.);
#5728 = ORIENTED_EDGE('',*,*,#5712,.T.);
#5729 = ORIENTED_EDGE('',*,*,#5730,.T.);
#5730 = EDGE_CURVE('',#5705,#5731,#5733,.T.);
#5731 = VERTEX_POINT('',#5732);
#5732 = CARTESIAN_POINT('',(7.85,0.747161,3.1));
#5733 = LINE('',#5734,#5735);
#5734 = CARTESIAN_POINT('',(7.6,0.747161,3.1));
#5735 = VECTOR('',#5736,1.);
#5736 = DIRECTION('',(1.,0.,0.));
#5737 = ORIENTED_EDGE('',*,*,#5738,.F.);
#5738 = EDGE_CURVE('',#1580,#5731,#5739,.T.);
#5739 = LINE('',#5740,#5741);
#5740 = CARTESIAN_POINT('',(7.85,0.747161,1.1));
#5741 = VECTOR('',#5742,1.);
#5742 = DIRECTION('',(0.,0.,1.));
#5743 = PLANE('',#5744);
#5744 = AXIS2_PLACEMENT_3D('',#5745,#5746,#5747);
#5745 = CARTESIAN_POINT('',(7.6,0.747161,1.1));
#5746 = DIRECTION('',(0.,1.,0.));
#5747 = DIRECTION('',(1.,0.,0.));
#5748 = ADVANCED_FACE('',(#5749),#5783,.F.);
#5749 = FACE_BOUND('',#5750,.F.);
#5750 = EDGE_LOOP('',(#5751,#5752,#5753,#5761,#5769,#5777));
#5751 = ORIENTED_EDGE('',*,*,#1579,.T.);
#5752 = ORIENTED_EDGE('',*,*,#5738,.T.);
#5753 = ORIENTED_EDGE('',*,*,#5754,.T.);
#5754 = EDGE_CURVE('',#5731,#5755,#5757,.T.);
#5755 = VERTEX_POINT('',#5756);
#5756 = CARTESIAN_POINT('',(7.85,0.947161,3.1));
#5757 = LINE('',#5758,#5759);
#5758 = CARTESIAN_POINT('',(7.85,0.747161,3.1));
#5759 = VECTOR('',#5760,1.);
#5760 = DIRECTION('',(0.,1.,0.));
#5761 = ORIENTED_EDGE('',*,*,#5762,.F.);
#5762 = EDGE_CURVE('',#5763,#5755,#5765,.T.);
#5763 = VERTEX_POINT('',#5764);
#5764 = CARTESIAN_POINT('',(7.85,0.947161,1.1));
#5765 = LINE('',#5766,#5767);
#5766 = CARTESIAN_POINT('',(7.85,0.947161,1.1));
#5767 = VECTOR('',#5768,1.);
#5768 = DIRECTION('',(0.,0.,1.));
#5769 = ORIENTED_EDGE('',*,*,#5770,.F.);
#5770 = EDGE_CURVE('',#5771,#5763,#5773,.T.);
#5771 = VERTEX_POINT('',#5772);
#5772 = CARTESIAN_POINT('',(7.85,0.849653,1.1));
#5773 = LINE('',#5774,#5775);
#5774 = CARTESIAN_POINT('',(7.85,0.747161,1.1));
#5775 = VECTOR('',#5776,1.);
#5776 = DIRECTION('',(0.,1.,0.));
#5777 = ORIENTED_EDGE('',*,*,#5778,.F.);
#5778 = EDGE_CURVE('',#1572,#5771,#5779,.T.);
#5779 = LINE('',#5780,#5781);
#5780 = CARTESIAN_POINT('',(7.85,0.849653,2.05));
#5781 = VECTOR('',#5782,1.);
#5782 = DIRECTION('',(-0.,-0.,-1.));
#5783 = PLANE('',#5784);
#5784 = AXIS2_PLACEMENT_3D('',#5785,#5786,#5787);
#5785 = CARTESIAN_POINT('',(7.85,0.747161,1.1));
#5786 = DIRECTION('',(-1.,0.,0.));
#5787 = DIRECTION('',(0.,1.,0.));
#5788 = ADVANCED_FACE('',(#5789),#5807,.F.);
#5789 = FACE_BOUND('',#5790,.F.);
#5790 = EDGE_LOOP('',(#5791,#5792,#5793,#5801));
#5791 = ORIENTED_EDGE('',*,*,#1571,.F.);
#5792 = ORIENTED_EDGE('',*,*,#5778,.T.);
#5793 = ORIENTED_EDGE('',*,*,#5794,.T.);
#5794 = EDGE_CURVE('',#5771,#5795,#5797,.T.);
#5795 = VERTEX_POINT('',#5796);
#5796 = CARTESIAN_POINT('',(8.4,0.849653,1.1));
#5797 = LINE('',#5798,#5799);
#5798 = CARTESIAN_POINT('',(0.801929,0.849653,1.1));
#5799 = VECTOR('',#5800,1.);
#5800 = DIRECTION('',(1.,0.,0.));
#5801 = ORIENTED_EDGE('',*,*,#5802,.T.);
#5802 = EDGE_CURVE('',#5795,#1564,#5803,.T.);
#5803 = LINE('',#5804,#5805);
#5804 = CARTESIAN_POINT('',(8.4,0.849653,2.05));
#5805 = VECTOR('',#5806,1.);
#5806 = DIRECTION('',(0.,0.,1.));
#5807 = PLANE('',#5808);
#5808 = AXIS2_PLACEMENT_3D('',#5809,#5810,#5811);
#5809 = CARTESIAN_POINT('',(0.801929,0.849653,3.));
#5810 = DIRECTION('',(0.,-1.,0.));
#5811 = DIRECTION('',(1.,0.,0.));
#5812 = ADVANCED_FACE('',(#5813),#5847,.F.);
#5813 = FACE_BOUND('',#5814,.F.);
#5814 = EDGE_LOOP('',(#5815,#5823,#5831,#5839,#5845,#5846));
#5815 = ORIENTED_EDGE('',*,*,#5816,.F.);
#5816 = EDGE_CURVE('',#5817,#5795,#5819,.T.);
#5817 = VERTEX_POINT('',#5818);
#5818 = CARTESIAN_POINT('',(8.4,0.947161,1.1));
#5819 = LINE('',#5820,#5821);
#5820 = CARTESIAN_POINT('',(8.4,0.947161,1.1));
#5821 = VECTOR('',#5822,1.);
#5822 = DIRECTION('',(0.,-1.,0.));
#5823 = ORIENTED_EDGE('',*,*,#5824,.T.);
#5824 = EDGE_CURVE('',#5817,#5825,#5827,.T.);
#5825 = VERTEX_POINT('',#5826);
#5826 = CARTESIAN_POINT('',(8.4,0.947161,3.1));
#5827 = LINE('',#5828,#5829);
#5828 = CARTESIAN_POINT('',(8.4,0.947161,1.1));
#5829 = VECTOR('',#5830,1.);
#5830 = DIRECTION('',(0.,0.,1.));
#5831 = ORIENTED_EDGE('',*,*,#5832,.T.);
#5832 = EDGE_CURVE('',#5825,#5833,#5835,.T.);
#5833 = VERTEX_POINT('',#5834);
#5834 = CARTESIAN_POINT('',(8.4,0.747161,3.1));
#5835 = LINE('',#5836,#5837);
#5836 = CARTESIAN_POINT('',(8.4,0.947161,3.1));
#5837 = VECTOR('',#5838,1.);
#5838 = DIRECTION('',(0.,-1.,0.));
#5839 = ORIENTED_EDGE('',*,*,#5840,.F.);
#5840 = EDGE_CURVE('',#1556,#5833,#5841,.T.);
#5841 = LINE('',#5842,#5843);
#5842 = CARTESIAN_POINT('',(8.4,0.747161,1.1));
#5843 = VECTOR('',#5844,1.);
#5844 = DIRECTION('',(0.,0.,1.));
#5845 = ORIENTED_EDGE('',*,*,#1563,.T.);
#5846 = ORIENTED_EDGE('',*,*,#5802,.F.);
#5847 = PLANE('',#5848);
#5848 = AXIS2_PLACEMENT_3D('',#5849,#5850,#5851);
#5849 = CARTESIAN_POINT('',(8.4,0.947161,1.1));
#5850 = DIRECTION('',(1.,0.,-0.));
#5851 = DIRECTION('',(0.,-1.,0.));
#5852 = ADVANCED_FACE('',(#5853),#5871,.F.);
#5853 = FACE_BOUND('',#5854,.F.);
#5854 = EDGE_LOOP('',(#5855,#5856,#5857,#5865));
#5855 = ORIENTED_EDGE('',*,*,#1555,.T.);
#5856 = ORIENTED_EDGE('',*,*,#5840,.T.);
#5857 = ORIENTED_EDGE('',*,*,#5858,.T.);
#5858 = EDGE_CURVE('',#5833,#5859,#5861,.T.);
#5859 = VERTEX_POINT('',#5860);
#5860 = CARTESIAN_POINT('',(8.65,0.747161,3.1));
#5861 = LINE('',#5862,#5863);
#5862 = CARTESIAN_POINT('',(8.4,0.747161,3.1));
#5863 = VECTOR('',#5864,1.);
#5864 = DIRECTION('',(1.,0.,0.));
#5865 = ORIENTED_EDGE('',*,*,#5866,.F.);
#5866 = EDGE_CURVE('',#1548,#5859,#5867,.T.);
#5867 = LINE('',#5868,#5869);
#5868 = CARTESIAN_POINT('',(8.65,0.747161,1.1));
#5869 = VECTOR('',#5870,1.);
#5870 = DIRECTION('',(0.,0.,1.));
#5871 = PLANE('',#5872);
#5872 = AXIS2_PLACEMENT_3D('',#5873,#5874,#5875);
#5873 = CARTESIAN_POINT('',(8.4,0.747161,1.1));
#5874 = DIRECTION('',(0.,1.,0.));
#5875 = DIRECTION('',(1.,0.,0.));
#5876 = ADVANCED_FACE('',(#5877),#5911,.F.);
#5877 = FACE_BOUND('',#5878,.F.);
#5878 = EDGE_LOOP('',(#5879,#5880,#5881,#5889,#5897,#5905));
#5879 = ORIENTED_EDGE('',*,*,#1547,.T.);
#5880 = ORIENTED_EDGE('',*,*,#5866,.T.);
#5881 = ORIENTED_EDGE('',*,*,#5882,.T.);
#5882 = EDGE_CURVE('',#5859,#5883,#5885,.T.);
#5883 = VERTEX_POINT('',#5884);
#5884 = CARTESIAN_POINT('',(8.65,0.947161,3.1));
#5885 = LINE('',#5886,#5887);
#5886 = CARTESIAN_POINT('',(8.65,0.747161,3.1));
#5887 = VECTOR('',#5888,1.);
#5888 = DIRECTION('',(0.,1.,0.));
#5889 = ORIENTED_EDGE('',*,*,#5890,.F.);
#5890 = EDGE_CURVE('',#5891,#5883,#5893,.T.);
#5891 = VERTEX_POINT('',#5892);
#5892 = CARTESIAN_POINT('',(8.65,0.947161,1.1));
#5893 = LINE('',#5894,#5895);
#5894 = CARTESIAN_POINT('',(8.65,0.947161,1.1));
#5895 = VECTOR('',#5896,1.);
#5896 = DIRECTION('',(0.,0.,1.));
#5897 = ORIENTED_EDGE('',*,*,#5898,.F.);
#5898 = EDGE_CURVE('',#5899,#5891,#5901,.T.);
#5899 = VERTEX_POINT('',#5900);
#5900 = CARTESIAN_POINT('',(8.65,0.849653,1.1));
#5901 = LINE('',#5902,#5903);
#5902 = CARTESIAN_POINT('',(8.65,0.747161,1.1));
#5903 = VECTOR('',#5904,1.);
#5904 = DIRECTION('',(0.,1.,0.));
#5905 = ORIENTED_EDGE('',*,*,#5906,.F.);
#5906 = EDGE_CURVE('',#1540,#5899,#5907,.T.);
#5907 = LINE('',#5908,#5909);
#5908 = CARTESIAN_POINT('',(8.65,0.849653,2.05));
#5909 = VECTOR('',#5910,1.);
#5910 = DIRECTION('',(-0.,-0.,-1.));
#5911 = PLANE('',#5912);
#5912 = AXIS2_PLACEMENT_3D('',#5913,#5914,#5915);
#5913 = CARTESIAN_POINT('',(8.65,0.747161,1.1));
#5914 = DIRECTION('',(-1.,0.,0.));
#5915 = DIRECTION('',(0.,1.,0.));
#5916 = ADVANCED_FACE('',(#5917),#5935,.F.);
#5917 = FACE_BOUND('',#5918,.F.);
#5918 = EDGE_LOOP('',(#5919,#5920,#5921,#5929));
#5919 = ORIENTED_EDGE('',*,*,#1539,.F.);
#5920 = ORIENTED_EDGE('',*,*,#5906,.T.);
#5921 = ORIENTED_EDGE('',*,*,#5922,.T.);
#5922 = EDGE_CURVE('',#5899,#5923,#5925,.T.);
#5923 = VERTEX_POINT('',#5924);
#5924 = CARTESIAN_POINT('',(9.101929,0.849653,1.1));
#5925 = LINE('',#5926,#5927);
#5926 = CARTESIAN_POINT('',(0.801929,0.849653,1.1));
#5927 = VECTOR('',#5928,1.);
#5928 = DIRECTION('',(1.,0.,0.));
#5929 = ORIENTED_EDGE('',*,*,#5930,.F.);
#5930 = EDGE_CURVE('',#1532,#5923,#5931,.T.);
#5931 = LINE('',#5932,#5933);
#5932 = CARTESIAN_POINT('',(9.101929,0.849653,3.));
#5933 = VECTOR('',#5934,1.);
#5934 = DIRECTION('',(-0.,-0.,-1.));
#5935 = PLANE('',#5936);
#5936 = AXIS2_PLACEMENT_3D('',#5937,#5938,#5939);
#5937 = CARTESIAN_POINT('',(0.801929,0.849653,3.));
#5938 = DIRECTION('',(0.,-1.,0.));
#5939 = DIRECTION('',(1.,0.,0.));
#5940 = ADVANCED_FACE('',(#5941),#5959,.F.);
#5941 = FACE_BOUND('',#5942,.F.);
#5942 = EDGE_LOOP('',(#5943,#5944,#5952,#5958));
#5943 = ORIENTED_EDGE('',*,*,#5930,.T.);
#5944 = ORIENTED_EDGE('',*,*,#5945,.T.);
#5945 = EDGE_CURVE('',#5923,#5946,#5948,.T.);
#5946 = VERTEX_POINT('',#5947);
#5947 = CARTESIAN_POINT('',(9.101929,1.649653,1.1));
#5948 = LINE('',#5949,#5950);
#5949 = CARTESIAN_POINT('',(9.101929,0.849653,1.1));
#5950 = VECTOR('',#5951,1.);
#5951 = DIRECTION('',(0.,1.,0.));
#5952 = ORIENTED_EDGE('',*,*,#5953,.F.);
#5953 = EDGE_CURVE('',#1524,#5946,#5954,.T.);
#5954 = LINE('',#5955,#5956);
#5955 = CARTESIAN_POINT('',(9.101929,1.649653,3.));
#5956 = VECTOR('',#5957,1.);
#5957 = DIRECTION('',(-0.,-0.,-1.));
#5958 = ORIENTED_EDGE('',*,*,#1531,.F.);
#5959 = PLANE('',#5960);
#5960 = AXIS2_PLACEMENT_3D('',#5961,#5962,#5963);
#5961 = CARTESIAN_POINT('',(9.101929,0.849653,3.));
#5962 = DIRECTION('',(1.,0.,0.));
#5963 = DIRECTION('',(0.,1.,0.));
#5964 = ADVANCED_FACE('',(#5965),#5983,.F.);
#5965 = FACE_BOUND('',#5966,.F.);
#5966 = EDGE_LOOP('',(#5967,#5968,#5969,#5977));
#5967 = ORIENTED_EDGE('',*,*,#1523,.F.);
#5968 = ORIENTED_EDGE('',*,*,#5953,.T.);
#5969 = ORIENTED_EDGE('',*,*,#5970,.T.);
#5970 = EDGE_CURVE('',#5946,#5971,#5973,.T.);
#5971 = VERTEX_POINT('',#5972);
#5972 = CARTESIAN_POINT('',(8.65,1.649653,1.1));
#5973 = LINE('',#5974,#5975);
#5974 = CARTESIAN_POINT('',(9.101929,1.649653,1.1));
#5975 = VECTOR('',#5976,1.);
#5976 = DIRECTION('',(-1.,0.,0.));
#5977 = ORIENTED_EDGE('',*,*,#5978,.T.);
#5978 = EDGE_CURVE('',#5971,#1516,#5979,.T.);
#5979 = LINE('',#5980,#5981);
#5980 = CARTESIAN_POINT('',(8.65,1.649653,2.05));
#5981 = VECTOR('',#5982,1.);
#5982 = DIRECTION('',(0.,-0.,1.));
#5983 = PLANE('',#5984);
#5984 = AXIS2_PLACEMENT_3D('',#5985,#5986,#5987);
#5985 = CARTESIAN_POINT('',(9.101929,1.649653,3.));
#5986 = DIRECTION('',(0.,1.,0.));
#5987 = DIRECTION('',(-1.,0.,0.));
#5988 = ADVANCED_FACE('',(#5989),#6023,.F.);
#5989 = FACE_BOUND('',#5990,.F.);
#5990 = EDGE_LOOP('',(#5991,#5999,#6007,#6015,#6021,#6022));
#5991 = ORIENTED_EDGE('',*,*,#5992,.F.);
#5992 = EDGE_CURVE('',#5993,#5971,#5995,.T.);
#5993 = VERTEX_POINT('',#5994);
#5994 = CARTESIAN_POINT('',(8.65,1.547161,1.1));
#5995 = LINE('',#5996,#5997);
#5996 = CARTESIAN_POINT('',(8.65,1.547161,1.1));
#5997 = VECTOR('',#5998,1.);
#5998 = DIRECTION('',(0.,1.,0.));
#5999 = ORIENTED_EDGE('',*,*,#6000,.T.);
#6000 = EDGE_CURVE('',#5993,#6001,#6003,.T.);
#6001 = VERTEX_POINT('',#6002);
#6002 = CARTESIAN_POINT('',(8.65,1.547161,3.1));
#6003 = LINE('',#6004,#6005);
#6004 = CARTESIAN_POINT('',(8.65,1.547161,1.1));
#6005 = VECTOR('',#6006,1.);
#6006 = DIRECTION('',(0.,0.,1.));
#6007 = ORIENTED_EDGE('',*,*,#6008,.T.);
#6008 = EDGE_CURVE('',#6001,#6009,#6011,.T.);
#6009 = VERTEX_POINT('',#6010);
#6010 = CARTESIAN_POINT('',(8.65,1.747161,3.1));
#6011 = LINE('',#6012,#6013);
#6012 = CARTESIAN_POINT('',(8.65,1.547161,3.1));
#6013 = VECTOR('',#6014,1.);
#6014 = DIRECTION('',(0.,1.,0.));
#6015 = ORIENTED_EDGE('',*,*,#6016,.F.);
#6016 = EDGE_CURVE('',#1508,#6009,#6017,.T.);
#6017 = LINE('',#6018,#6019);
#6018 = CARTESIAN_POINT('',(8.65,1.747161,1.1));
#6019 = VECTOR('',#6020,1.);
#6020 = DIRECTION('',(0.,0.,1.));
#6021 = ORIENTED_EDGE('',*,*,#1515,.T.);
#6022 = ORIENTED_EDGE('',*,*,#5978,.F.);
#6023 = PLANE('',#6024);
#6024 = AXIS2_PLACEMENT_3D('',#6025,#6026,#6027);
#6025 = CARTESIAN_POINT('',(8.65,1.547161,1.1));
#6026 = DIRECTION('',(-1.,0.,0.));
#6027 = DIRECTION('',(0.,1.,0.));
#6028 = ADVANCED_FACE('',(#6029),#6047,.F.);
#6029 = FACE_BOUND('',#6030,.F.);
#6030 = EDGE_LOOP('',(#6031,#6032,#6033,#6041));
#6031 = ORIENTED_EDGE('',*,*,#1507,.T.);
#6032 = ORIENTED_EDGE('',*,*,#6016,.T.);
#6033 = ORIENTED_EDGE('',*,*,#6034,.T.);
#6034 = EDGE_CURVE('',#6009,#6035,#6037,.T.);
#6035 = VERTEX_POINT('',#6036);
#6036 = CARTESIAN_POINT('',(8.4,1.747161,3.1));
#6037 = LINE('',#6038,#6039);
#6038 = CARTESIAN_POINT('',(8.65,1.747161,3.1));
#6039 = VECTOR('',#6040,1.);
#6040 = DIRECTION('',(-1.,0.,0.));
#6041 = ORIENTED_EDGE('',*,*,#6042,.F.);
#6042 = EDGE_CURVE('',#1500,#6035,#6043,.T.);
#6043 = LINE('',#6044,#6045);
#6044 = CARTESIAN_POINT('',(8.4,1.747161,1.1));
#6045 = VECTOR('',#6046,1.);
#6046 = DIRECTION('',(0.,0.,1.));
#6047 = PLANE('',#6048);
#6048 = AXIS2_PLACEMENT_3D('',#6049,#6050,#6051);
#6049 = CARTESIAN_POINT('',(8.65,1.747161,1.1));
#6050 = DIRECTION('',(0.,-1.,0.));
#6051 = DIRECTION('',(-1.,0.,0.));
#6052 = ADVANCED_FACE('',(#6053),#6087,.F.);
#6053 = FACE_BOUND('',#6054,.F.);
#6054 = EDGE_LOOP('',(#6055,#6056,#6057,#6065,#6073,#6081));
#6055 = ORIENTED_EDGE('',*,*,#1499,.T.);
#6056 = ORIENTED_EDGE('',*,*,#6042,.T.);
#6057 = ORIENTED_EDGE('',*,*,#6058,.T.);
#6058 = EDGE_CURVE('',#6035,#6059,#6061,.T.);
#6059 = VERTEX_POINT('',#6060);
#6060 = CARTESIAN_POINT('',(8.4,1.547161,3.1));
#6061 = LINE('',#6062,#6063);
#6062 = CARTESIAN_POINT('',(8.4,1.747161,3.1));
#6063 = VECTOR('',#6064,1.);
#6064 = DIRECTION('',(0.,-1.,0.));
#6065 = ORIENTED_EDGE('',*,*,#6066,.F.);
#6066 = EDGE_CURVE('',#6067,#6059,#6069,.T.);
#6067 = VERTEX_POINT('',#6068);
#6068 = CARTESIAN_POINT('',(8.4,1.547161,1.1));
#6069 = LINE('',#6070,#6071);
#6070 = CARTESIAN_POINT('',(8.4,1.547161,1.1));
#6071 = VECTOR('',#6072,1.);
#6072 = DIRECTION('',(0.,0.,1.));
#6073 = ORIENTED_EDGE('',*,*,#6074,.F.);
#6074 = EDGE_CURVE('',#6075,#6067,#6077,.T.);
#6075 = VERTEX_POINT('',#6076);
#6076 = CARTESIAN_POINT('',(8.4,1.649653,1.1));
#6077 = LINE('',#6078,#6079);
#6078 = CARTESIAN_POINT('',(8.4,1.747161,1.1));
#6079 = VECTOR('',#6080,1.);
#6080 = DIRECTION('',(0.,-1.,0.));
#6081 = ORIENTED_EDGE('',*,*,#6082,.F.);
#6082 = EDGE_CURVE('',#1492,#6075,#6083,.T.);
#6083 = LINE('',#6084,#6085);
#6084 = CARTESIAN_POINT('',(8.4,1.649653,2.05));
#6085 = VECTOR('',#6086,1.);
#6086 = DIRECTION('',(-0.,0.,-1.));
#6087 = PLANE('',#6088);
#6088 = AXIS2_PLACEMENT_3D('',#6089,#6090,#6091);
#6089 = CARTESIAN_POINT('',(8.4,1.747161,1.1));
#6090 = DIRECTION('',(1.,0.,-0.));
#6091 = DIRECTION('',(0.,-1.,0.));
#6092 = ADVANCED_FACE('',(#6093),#6111,.F.);
#6093 = FACE_BOUND('',#6094,.F.);
#6094 = EDGE_LOOP('',(#6095,#6096,#6097,#6105));
#6095 = ORIENTED_EDGE('',*,*,#1491,.F.);
#6096 = ORIENTED_EDGE('',*,*,#6082,.T.);
#6097 = ORIENTED_EDGE('',*,*,#6098,.T.);
#6098 = EDGE_CURVE('',#6075,#6099,#6101,.T.);
#6099 = VERTEX_POINT('',#6100);
#6100 = CARTESIAN_POINT('',(7.85,1.649653,1.1));
#6101 = LINE('',#6102,#6103);
#6102 = CARTESIAN_POINT('',(9.101929,1.649653,1.1));
#6103 = VECTOR('',#6104,1.);
#6104 = DIRECTION('',(-1.,0.,0.));
#6105 = ORIENTED_EDGE('',*,*,#6106,.T.);
#6106 = EDGE_CURVE('',#6099,#1484,#6107,.T.);
#6107 = LINE('',#6108,#6109);
#6108 = CARTESIAN_POINT('',(7.85,1.649653,2.05));
#6109 = VECTOR('',#6110,1.);
#6110 = DIRECTION('',(0.,-0.,1.));
#6111 = PLANE('',#6112);
#6112 = AXIS2_PLACEMENT_3D('',#6113,#6114,#6115);
#6113 = CARTESIAN_POINT('',(9.101929,1.649653,3.));
#6114 = DIRECTION('',(0.,1.,0.));
#6115 = DIRECTION('',(-1.,0.,0.));
#6116 = ADVANCED_FACE('',(#6117),#6151,.F.);
#6117 = FACE_BOUND('',#6118,.F.);
#6118 = EDGE_LOOP('',(#6119,#6127,#6135,#6143,#6149,#6150));
#6119 = ORIENTED_EDGE('',*,*,#6120,.F.);
#6120 = EDGE_CURVE('',#6121,#6099,#6123,.T.);
#6121 = VERTEX_POINT('',#6122);
#6122 = CARTESIAN_POINT('',(7.85,1.547161,1.1));
#6123 = LINE('',#6124,#6125);
#6124 = CARTESIAN_POINT('',(7.85,1.547161,1.1));
#6125 = VECTOR('',#6126,1.);
#6126 = DIRECTION('',(0.,1.,0.));
#6127 = ORIENTED_EDGE('',*,*,#6128,.T.);
#6128 = EDGE_CURVE('',#6121,#6129,#6131,.T.);
#6129 = VERTEX_POINT('',#6130);
#6130 = CARTESIAN_POINT('',(7.85,1.547161,3.1));
#6131 = LINE('',#6132,#6133);
#6132 = CARTESIAN_POINT('',(7.85,1.547161,1.1));
#6133 = VECTOR('',#6134,1.);
#6134 = DIRECTION('',(0.,0.,1.));
#6135 = ORIENTED_EDGE('',*,*,#6136,.T.);
#6136 = EDGE_CURVE('',#6129,#6137,#6139,.T.);
#6137 = VERTEX_POINT('',#6138);
#6138 = CARTESIAN_POINT('',(7.85,1.747161,3.1));
#6139 = LINE('',#6140,#6141);
#6140 = CARTESIAN_POINT('',(7.85,1.547161,3.1));
#6141 = VECTOR('',#6142,1.);
#6142 = DIRECTION('',(0.,1.,0.));
#6143 = ORIENTED_EDGE('',*,*,#6144,.F.);
#6144 = EDGE_CURVE('',#1476,#6137,#6145,.T.);
#6145 = LINE('',#6146,#6147);
#6146 = CARTESIAN_POINT('',(7.85,1.747161,1.1));
#6147 = VECTOR('',#6148,1.);
#6148 = DIRECTION('',(0.,0.,1.));
#6149 = ORIENTED_EDGE('',*,*,#1483,.T.);
#6150 = ORIENTED_EDGE('',*,*,#6106,.F.);
#6151 = PLANE('',#6152);
#6152 = AXIS2_PLACEMENT_3D('',#6153,#6154,#6155);
#6153 = CARTESIAN_POINT('',(7.85,1.547161,1.1));
#6154 = DIRECTION('',(-1.,0.,0.));
#6155 = DIRECTION('',(0.,1.,0.));
#6156 = ADVANCED_FACE('',(#6157),#6175,.F.);
#6157 = FACE_BOUND('',#6158,.F.);
#6158 = EDGE_LOOP('',(#6159,#6160,#6161,#6169));
#6159 = ORIENTED_EDGE('',*,*,#1475,.T.);
#6160 = ORIENTED_EDGE('',*,*,#6144,.T.);
#6161 = ORIENTED_EDGE('',*,*,#6162,.T.);
#6162 = EDGE_CURVE('',#6137,#6163,#6165,.T.);
#6163 = VERTEX_POINT('',#6164);
#6164 = CARTESIAN_POINT('',(7.6,1.747161,3.1));
#6165 = LINE('',#6166,#6167);
#6166 = CARTESIAN_POINT('',(7.85,1.747161,3.1));
#6167 = VECTOR('',#6168,1.);
#6168 = DIRECTION('',(-1.,0.,0.));
#6169 = ORIENTED_EDGE('',*,*,#6170,.F.);
#6170 = EDGE_CURVE('',#1468,#6163,#6171,.T.);
#6171 = LINE('',#6172,#6173);
#6172 = CARTESIAN_POINT('',(7.6,1.747161,1.1));
#6173 = VECTOR('',#6174,1.);
#6174 = DIRECTION('',(0.,0.,1.));
#6175 = PLANE('',#6176);
#6176 = AXIS2_PLACEMENT_3D('',#6177,#6178,#6179);
#6177 = CARTESIAN_POINT('',(7.85,1.747161,1.1));
#6178 = DIRECTION('',(0.,-1.,0.));
#6179 = DIRECTION('',(-1.,0.,0.));
#6180 = ADVANCED_FACE('',(#6181),#6215,.F.);
#6181 = FACE_BOUND('',#6182,.F.);
#6182 = EDGE_LOOP('',(#6183,#6184,#6185,#6193,#6201,#6209));
#6183 = ORIENTED_EDGE('',*,*,#1467,.T.);
#6184 = ORIENTED_EDGE('',*,*,#6170,.T.);
#6185 = ORIENTED_EDGE('',*,*,#6186,.T.);
#6186 = EDGE_CURVE('',#6163,#6187,#6189,.T.);
#6187 = VERTEX_POINT('',#6188);
#6188 = CARTESIAN_POINT('',(7.6,1.547161,3.1));
#6189 = LINE('',#6190,#6191);
#6190 = CARTESIAN_POINT('',(7.6,1.747161,3.1));
#6191 = VECTOR('',#6192,1.);
#6192 = DIRECTION('',(0.,-1.,0.));
#6193 = ORIENTED_EDGE('',*,*,#6194,.F.);
#6194 = EDGE_CURVE('',#6195,#6187,#6197,.T.);
#6195 = VERTEX_POINT('',#6196);
#6196 = CARTESIAN_POINT('',(7.6,1.547161,1.1));
#6197 = LINE('',#6198,#6199);
#6198 = CARTESIAN_POINT('',(7.6,1.547161,1.1));
#6199 = VECTOR('',#6200,1.);
#6200 = DIRECTION('',(0.,0.,1.));
#6201 = ORIENTED_EDGE('',*,*,#6202,.F.);
#6202 = EDGE_CURVE('',#6203,#6195,#6205,.T.);
#6203 = VERTEX_POINT('',#6204);
#6204 = CARTESIAN_POINT('',(7.6,1.649653,1.1));
#6205 = LINE('',#6206,#6207);
#6206 = CARTESIAN_POINT('',(7.6,1.747161,1.1));
#6207 = VECTOR('',#6208,1.);
#6208 = DIRECTION('',(0.,-1.,0.));
#6209 = ORIENTED_EDGE('',*,*,#6210,.F.);
#6210 = EDGE_CURVE('',#1460,#6203,#6211,.T.);
#6211 = LINE('',#6212,#6213);
#6212 = CARTESIAN_POINT('',(7.6,1.649653,2.05));
#6213 = VECTOR('',#6214,1.);
#6214 = DIRECTION('',(-0.,0.,-1.));
#6215 = PLANE('',#6216);
#6216 = AXIS2_PLACEMENT_3D('',#6217,#6218,#6219);
#6217 = CARTESIAN_POINT('',(7.6,1.747161,1.1));
#6218 = DIRECTION('',(1.,0.,-0.));
#6219 = DIRECTION('',(0.,-1.,0.));
#6220 = ADVANCED_FACE('',(#6221),#6239,.F.);
#6221 = FACE_BOUND('',#6222,.F.);
#6222 = EDGE_LOOP('',(#6223,#6224,#6225,#6233));
#6223 = ORIENTED_EDGE('',*,*,#1459,.F.);
#6224 = ORIENTED_EDGE('',*,*,#6210,.T.);
#6225 = ORIENTED_EDGE('',*,*,#6226,.T.);
#6226 = EDGE_CURVE('',#6203,#6227,#6229,.T.);
#6227 = VERTEX_POINT('',#6228);
#6228 = CARTESIAN_POINT('',(7.05,1.649653,1.1));
#6229 = LINE('',#6230,#6231);
#6230 = CARTESIAN_POINT('',(9.101929,1.649653,1.1));
#6231 = VECTOR('',#6232,1.);
#6232 = DIRECTION('',(-1.,0.,0.));
#6233 = ORIENTED_EDGE('',*,*,#6234,.T.);
#6234 = EDGE_CURVE('',#6227,#1452,#6235,.T.);
#6235 = LINE('',#6236,#6237);
#6236 = CARTESIAN_POINT('',(7.05,1.649653,2.05));
#6237 = VECTOR('',#6238,1.);
#6238 = DIRECTION('',(0.,-0.,1.));
#6239 = PLANE('',#6240);
#6240 = AXIS2_PLACEMENT_3D('',#6241,#6242,#6243);
#6241 = CARTESIAN_POINT('',(9.101929,1.649653,3.));
#6242 = DIRECTION('',(0.,1.,0.));
#6243 = DIRECTION('',(-1.,0.,0.));
#6244 = ADVANCED_FACE('',(#6245),#6279,.F.);
#6245 = FACE_BOUND('',#6246,.F.);
#6246 = EDGE_LOOP('',(#6247,#6255,#6263,#6271,#6277,#6278));
#6247 = ORIENTED_EDGE('',*,*,#6248,.F.);
#6248 = EDGE_CURVE('',#6249,#6227,#6251,.T.);
#6249 = VERTEX_POINT('',#6250);
#6250 = CARTESIAN_POINT('',(7.05,1.547161,1.1));
#6251 = LINE('',#6252,#6253);
#6252 = CARTESIAN_POINT('',(7.05,1.547161,1.1));
#6253 = VECTOR('',#6254,1.);
#6254 = DIRECTION('',(0.,1.,0.));
#6255 = ORIENTED_EDGE('',*,*,#6256,.T.);
#6256 = EDGE_CURVE('',#6249,#6257,#6259,.T.);
#6257 = VERTEX_POINT('',#6258);
#6258 = CARTESIAN_POINT('',(7.05,1.547161,3.1));
#6259 = LINE('',#6260,#6261);
#6260 = CARTESIAN_POINT('',(7.05,1.547161,1.1));
#6261 = VECTOR('',#6262,1.);
#6262 = DIRECTION('',(0.,0.,1.));
#6263 = ORIENTED_EDGE('',*,*,#6264,.T.);
#6264 = EDGE_CURVE('',#6257,#6265,#6267,.T.);
#6265 = VERTEX_POINT('',#6266);
#6266 = CARTESIAN_POINT('',(7.05,1.747161,3.1));
#6267 = LINE('',#6268,#6269);
#6268 = CARTESIAN_POINT('',(7.05,1.547161,3.1));
#6269 = VECTOR('',#6270,1.);
#6270 = DIRECTION('',(0.,1.,0.));
#6271 = ORIENTED_EDGE('',*,*,#6272,.F.);
#6272 = EDGE_CURVE('',#1444,#6265,#6273,.T.);
#6273 = LINE('',#6274,#6275);
#6274 = CARTESIAN_POINT('',(7.05,1.747161,1.1));
#6275 = VECTOR('',#6276,1.);
#6276 = DIRECTION('',(0.,0.,1.));
#6277 = ORIENTED_EDGE('',*,*,#1451,.T.);
#6278 = ORIENTED_EDGE('',*,*,#6234,.F.);
#6279 = PLANE('',#6280);
#6280 = AXIS2_PLACEMENT_3D('',#6281,#6282,#6283);
#6281 = CARTESIAN_POINT('',(7.05,1.547161,1.1));
#6282 = DIRECTION('',(-1.,0.,0.));
#6283 = DIRECTION('',(0.,1.,0.));
#6284 = ADVANCED_FACE('',(#6285),#6303,.F.);
#6285 = FACE_BOUND('',#6286,.F.);
#6286 = EDGE_LOOP('',(#6287,#6288,#6289,#6297));
#6287 = ORIENTED_EDGE('',*,*,#1443,.T.);
#6288 = ORIENTED_EDGE('',*,*,#6272,.T.);
#6289 = ORIENTED_EDGE('',*,*,#6290,.T.);
#6290 = EDGE_CURVE('',#6265,#6291,#6293,.T.);
#6291 = VERTEX_POINT('',#6292);
#6292 = CARTESIAN_POINT('',(6.8,1.747161,3.1));
#6293 = LINE('',#6294,#6295);
#6294 = CARTESIAN_POINT('',(7.05,1.747161,3.1));
#6295 = VECTOR('',#6296,1.);
#6296 = DIRECTION('',(-1.,0.,0.));
#6297 = ORIENTED_EDGE('',*,*,#6298,.F.);
#6298 = EDGE_CURVE('',#1436,#6291,#6299,.T.);
#6299 = LINE('',#6300,#6301);
#6300 = CARTESIAN_POINT('',(6.8,1.747161,1.1));
#6301 = VECTOR('',#6302,1.);
#6302 = DIRECTION('',(0.,0.,1.));
#6303 = PLANE('',#6304);
#6304 = AXIS2_PLACEMENT_3D('',#6305,#6306,#6307);
#6305 = CARTESIAN_POINT('',(7.05,1.747161,1.1));
#6306 = DIRECTION('',(0.,-1.,0.));
#6307 = DIRECTION('',(-1.,0.,0.));
#6308 = ADVANCED_FACE('',(#6309),#6343,.F.);
#6309 = FACE_BOUND('',#6310,.F.);
#6310 = EDGE_LOOP('',(#6311,#6312,#6313,#6321,#6329,#6337));
#6311 = ORIENTED_EDGE('',*,*,#1435,.T.);
#6312 = ORIENTED_EDGE('',*,*,#6298,.T.);
#6313 = ORIENTED_EDGE('',*,*,#6314,.T.);
#6314 = EDGE_CURVE('',#6291,#6315,#6317,.T.);
#6315 = VERTEX_POINT('',#6316);
#6316 = CARTESIAN_POINT('',(6.8,1.547161,3.1));
#6317 = LINE('',#6318,#6319);
#6318 = CARTESIAN_POINT('',(6.8,1.747161,3.1));
#6319 = VECTOR('',#6320,1.);
#6320 = DIRECTION('',(0.,-1.,0.));
#6321 = ORIENTED_EDGE('',*,*,#6322,.F.);
#6322 = EDGE_CURVE('',#6323,#6315,#6325,.T.);
#6323 = VERTEX_POINT('',#6324);
#6324 = CARTESIAN_POINT('',(6.8,1.547161,1.1));
#6325 = LINE('',#6326,#6327);
#6326 = CARTESIAN_POINT('',(6.8,1.547161,1.1));
#6327 = VECTOR('',#6328,1.);
#6328 = DIRECTION('',(0.,0.,1.));
#6329 = ORIENTED_EDGE('',*,*,#6330,.F.);
#6330 = EDGE_CURVE('',#6331,#6323,#6333,.T.);
#6331 = VERTEX_POINT('',#6332);
#6332 = CARTESIAN_POINT('',(6.8,1.649653,1.1));
#6333 = LINE('',#6334,#6335);
#6334 = CARTESIAN_POINT('',(6.8,1.747161,1.1));
#6335 = VECTOR('',#6336,1.);
#6336 = DIRECTION('',(0.,-1.,0.));
#6337 = ORIENTED_EDGE('',*,*,#6338,.F.);
#6338 = EDGE_CURVE('',#1428,#6331,#6339,.T.);
#6339 = LINE('',#6340,#6341);
#6340 = CARTESIAN_POINT('',(6.8,1.649653,2.05));
#6341 = VECTOR('',#6342,1.);
#6342 = DIRECTION('',(-0.,0.,-1.));
#6343 = PLANE('',#6344);
#6344 = AXIS2_PLACEMENT_3D('',#6345,#6346,#6347);
#6345 = CARTESIAN_POINT('',(6.8,1.747161,1.1));
#6346 = DIRECTION('',(1.,0.,-0.));
#6347 = DIRECTION('',(0.,-1.,0.));
#6348 = ADVANCED_FACE('',(#6349),#6367,.F.);
#6349 = FACE_BOUND('',#6350,.F.);
#6350 = EDGE_LOOP('',(#6351,#6352,#6353,#6361));
#6351 = ORIENTED_EDGE('',*,*,#1427,.F.);
#6352 = ORIENTED_EDGE('',*,*,#6338,.T.);
#6353 = ORIENTED_EDGE('',*,*,#6354,.T.);
#6354 = EDGE_CURVE('',#6331,#6355,#6357,.T.);
#6355 = VERTEX_POINT('',#6356);
#6356 = CARTESIAN_POINT('',(6.25,1.649653,1.1));
#6357 = LINE('',#6358,#6359);
#6358 = CARTESIAN_POINT('',(9.101929,1.649653,1.1));
#6359 = VECTOR('',#6360,1.);
#6360 = DIRECTION('',(-1.,0.,0.));
#6361 = ORIENTED_EDGE('',*,*,#6362,.T.);
#6362 = EDGE_CURVE('',#6355,#1420,#6363,.T.);
#6363 = LINE('',#6364,#6365);
#6364 = CARTESIAN_POINT('',(6.25,1.649653,2.05));
#6365 = VECTOR('',#6366,1.);
#6366 = DIRECTION('',(0.,-0.,1.));
#6367 = PLANE('',#6368);
#6368 = AXIS2_PLACEMENT_3D('',#6369,#6370,#6371);
#6369 = CARTESIAN_POINT('',(9.101929,1.649653,3.));
#6370 = DIRECTION('',(0.,1.,0.));
#6371 = DIRECTION('',(-1.,0.,0.));
#6372 = ADVANCED_FACE('',(#6373),#6407,.F.);
#6373 = FACE_BOUND('',#6374,.F.);
#6374 = EDGE_LOOP('',(#6375,#6383,#6391,#6399,#6405,#6406));
#6375 = ORIENTED_EDGE('',*,*,#6376,.F.);
#6376 = EDGE_CURVE('',#6377,#6355,#6379,.T.);
#6377 = VERTEX_POINT('',#6378);
#6378 = CARTESIAN_POINT('',(6.25,1.547161,1.1));
#6379 = LINE('',#6380,#6381);
#6380 = CARTESIAN_POINT('',(6.25,1.547161,1.1));
#6381 = VECTOR('',#6382,1.);
#6382 = DIRECTION('',(0.,1.,0.));
#6383 = ORIENTED_EDGE('',*,*,#6384,.T.);
#6384 = EDGE_CURVE('',#6377,#6385,#6387,.T.);
#6385 = VERTEX_POINT('',#6386);
#6386 = CARTESIAN_POINT('',(6.25,1.547161,3.1));
#6387 = LINE('',#6388,#6389);
#6388 = CARTESIAN_POINT('',(6.25,1.547161,1.1));
#6389 = VECTOR('',#6390,1.);
#6390 = DIRECTION('',(0.,0.,1.));
#6391 = ORIENTED_EDGE('',*,*,#6392,.T.);
#6392 = EDGE_CURVE('',#6385,#6393,#6395,.T.);
#6393 = VERTEX_POINT('',#6394);
#6394 = CARTESIAN_POINT('',(6.25,1.747161,3.1));
#6395 = LINE('',#6396,#6397);
#6396 = CARTESIAN_POINT('',(6.25,1.547161,3.1));
#6397 = VECTOR('',#6398,1.);
#6398 = DIRECTION('',(0.,1.,0.));
#6399 = ORIENTED_EDGE('',*,*,#6400,.F.);
#6400 = EDGE_CURVE('',#1412,#6393,#6401,.T.);
#6401 = LINE('',#6402,#6403);
#6402 = CARTESIAN_POINT('',(6.25,1.747161,1.1));
#6403 = VECTOR('',#6404,1.);
#6404 = DIRECTION('',(0.,0.,1.));
#6405 = ORIENTED_EDGE('',*,*,#1419,.T.);
#6406 = ORIENTED_EDGE('',*,*,#6362,.F.);
#6407 = PLANE('',#6408);
#6408 = AXIS2_PLACEMENT_3D('',#6409,#6410,#6411);
#6409 = CARTESIAN_POINT('',(6.25,1.547161,1.1));
#6410 = DIRECTION('',(-1.,0.,0.));
#6411 = DIRECTION('',(0.,1.,0.));
#6412 = ADVANCED_FACE('',(#6413),#6431,.F.);
#6413 = FACE_BOUND('',#6414,.F.);
#6414 = EDGE_LOOP('',(#6415,#6416,#6417,#6425));
#6415 = ORIENTED_EDGE('',*,*,#1411,.T.);
#6416 = ORIENTED_EDGE('',*,*,#6400,.T.);
#6417 = ORIENTED_EDGE('',*,*,#6418,.T.);
#6418 = EDGE_CURVE('',#6393,#6419,#6421,.T.);
#6419 = VERTEX_POINT('',#6420);
#6420 = CARTESIAN_POINT('',(6.,1.747161,3.1));
#6421 = LINE('',#6422,#6423);
#6422 = CARTESIAN_POINT('',(6.25,1.747161,3.1));
#6423 = VECTOR('',#6424,1.);
#6424 = DIRECTION('',(-1.,0.,0.));
#6425 = ORIENTED_EDGE('',*,*,#6426,.F.);
#6426 = EDGE_CURVE('',#1404,#6419,#6427,.T.);
#6427 = LINE('',#6428,#6429);
#6428 = CARTESIAN_POINT('',(6.,1.747161,1.1));
#6429 = VECTOR('',#6430,1.);
#6430 = DIRECTION('',(0.,0.,1.));
#6431 = PLANE('',#6432);
#6432 = AXIS2_PLACEMENT_3D('',#6433,#6434,#6435);
#6433 = CARTESIAN_POINT('',(6.25,1.747161,1.1));
#6434 = DIRECTION('',(0.,-1.,0.));
#6435 = DIRECTION('',(-1.,0.,0.));
#6436 = ADVANCED_FACE('',(#6437),#6471,.F.);
#6437 = FACE_BOUND('',#6438,.F.);
#6438 = EDGE_LOOP('',(#6439,#6440,#6441,#6449,#6457,#6465));
#6439 = ORIENTED_EDGE('',*,*,#1403,.T.);
#6440 = ORIENTED_EDGE('',*,*,#6426,.T.);
#6441 = ORIENTED_EDGE('',*,*,#6442,.T.);
#6442 = EDGE_CURVE('',#6419,#6443,#6445,.T.);
#6443 = VERTEX_POINT('',#6444);
#6444 = CARTESIAN_POINT('',(6.,1.547161,3.1));
#6445 = LINE('',#6446,#6447);
#6446 = CARTESIAN_POINT('',(6.,1.747161,3.1));
#6447 = VECTOR('',#6448,1.);
#6448 = DIRECTION('',(0.,-1.,0.));
#6449 = ORIENTED_EDGE('',*,*,#6450,.F.);
#6450 = EDGE_CURVE('',#6451,#6443,#6453,.T.);
#6451 = VERTEX_POINT('',#6452);
#6452 = CARTESIAN_POINT('',(6.,1.547161,1.1));
#6453 = LINE('',#6454,#6455);
#6454 = CARTESIAN_POINT('',(6.,1.547161,1.1));
#6455 = VECTOR('',#6456,1.);
#6456 = DIRECTION('',(0.,0.,1.));
#6457 = ORIENTED_EDGE('',*,*,#6458,.F.);
#6458 = EDGE_CURVE('',#6459,#6451,#6461,.T.);
#6459 = VERTEX_POINT('',#6460);
#6460 = CARTESIAN_POINT('',(6.,1.649653,1.1));
#6461 = LINE('',#6462,#6463);
#6462 = CARTESIAN_POINT('',(6.,1.747161,1.1));
#6463 = VECTOR('',#6464,1.);
#6464 = DIRECTION('',(0.,-1.,0.));
#6465 = ORIENTED_EDGE('',*,*,#6466,.F.);
#6466 = EDGE_CURVE('',#1396,#6459,#6467,.T.);
#6467 = LINE('',#6468,#6469);
#6468 = CARTESIAN_POINT('',(6.,1.649653,2.05));
#6469 = VECTOR('',#6470,1.);
#6470 = DIRECTION('',(-0.,0.,-1.));
#6471 = PLANE('',#6472);
#6472 = AXIS2_PLACEMENT_3D('',#6473,#6474,#6475);
#6473 = CARTESIAN_POINT('',(6.,1.747161,1.1));
#6474 = DIRECTION('',(1.,0.,-0.));
#6475 = DIRECTION('',(0.,-1.,0.));
#6476 = ADVANCED_FACE('',(#6477),#6495,.F.);
#6477 = FACE_BOUND('',#6478,.F.);
#6478 = EDGE_LOOP('',(#6479,#6480,#6481,#6489));
#6479 = ORIENTED_EDGE('',*,*,#1395,.F.);
#6480 = ORIENTED_EDGE('',*,*,#6466,.T.);
#6481 = ORIENTED_EDGE('',*,*,#6482,.T.);
#6482 = EDGE_CURVE('',#6459,#6483,#6485,.T.);
#6483 = VERTEX_POINT('',#6484);
#6484 = CARTESIAN_POINT('',(5.45,1.649653,1.1));
#6485 = LINE('',#6486,#6487);
#6486 = CARTESIAN_POINT('',(9.101929,1.649653,1.1));
#6487 = VECTOR('',#6488,1.);
#6488 = DIRECTION('',(-1.,0.,0.));
#6489 = ORIENTED_EDGE('',*,*,#6490,.T.);
#6490 = EDGE_CURVE('',#6483,#1388,#6491,.T.);
#6491 = LINE('',#6492,#6493);
#6492 = CARTESIAN_POINT('',(5.45,1.649653,2.05));
#6493 = VECTOR('',#6494,1.);
#6494 = DIRECTION('',(0.,-0.,1.));
#6495 = PLANE('',#6496);
#6496 = AXIS2_PLACEMENT_3D('',#6497,#6498,#6499);
#6497 = CARTESIAN_POINT('',(9.101929,1.649653,3.));
#6498 = DIRECTION('',(0.,1.,0.));
#6499 = DIRECTION('',(-1.,0.,0.));
#6500 = ADVANCED_FACE('',(#6501),#6535,.F.);
#6501 = FACE_BOUND('',#6502,.F.);
#6502 = EDGE_LOOP('',(#6503,#6511,#6519,#6527,#6533,#6534));
#6503 = ORIENTED_EDGE('',*,*,#6504,.F.);
#6504 = EDGE_CURVE('',#6505,#6483,#6507,.T.);
#6505 = VERTEX_POINT('',#6506);
#6506 = CARTESIAN_POINT('',(5.45,1.547161,1.1));
#6507 = LINE('',#6508,#6509);
#6508 = CARTESIAN_POINT('',(5.45,1.547161,1.1));
#6509 = VECTOR('',#6510,1.);
#6510 = DIRECTION('',(0.,1.,0.));
#6511 = ORIENTED_EDGE('',*,*,#6512,.T.);
#6512 = EDGE_CURVE('',#6505,#6513,#6515,.T.);
#6513 = VERTEX_POINT('',#6514);
#6514 = CARTESIAN_POINT('',(5.45,1.547161,3.1));
#6515 = LINE('',#6516,#6517);
#6516 = CARTESIAN_POINT('',(5.45,1.547161,1.1));
#6517 = VECTOR('',#6518,1.);
#6518 = DIRECTION('',(0.,0.,1.));
#6519 = ORIENTED_EDGE('',*,*,#6520,.T.);
#6520 = EDGE_CURVE('',#6513,#6521,#6523,.T.);
#6521 = VERTEX_POINT('',#6522);
#6522 = CARTESIAN_POINT('',(5.45,1.747161,3.1));
#6523 = LINE('',#6524,#6525);
#6524 = CARTESIAN_POINT('',(5.45,1.547161,3.1));
#6525 = VECTOR('',#6526,1.);
#6526 = DIRECTION('',(0.,1.,0.));
#6527 = ORIENTED_EDGE('',*,*,#6528,.F.);
#6528 = EDGE_CURVE('',#1380,#6521,#6529,.T.);
#6529 = LINE('',#6530,#6531);
#6530 = CARTESIAN_POINT('',(5.45,1.747161,1.1));
#6531 = VECTOR('',#6532,1.);
#6532 = DIRECTION('',(0.,0.,1.));
#6533 = ORIENTED_EDGE('',*,*,#1387,.T.);
#6534 = ORIENTED_EDGE('',*,*,#6490,.F.);
#6535 = PLANE('',#6536);
#6536 = AXIS2_PLACEMENT_3D('',#6537,#6538,#6539);
#6537 = CARTESIAN_POINT('',(5.45,1.547161,1.1));
#6538 = DIRECTION('',(-1.,0.,0.));
#6539 = DIRECTION('',(0.,1.,0.));
#6540 = ADVANCED_FACE('',(#6541),#6559,.F.);
#6541 = FACE_BOUND('',#6542,.F.);
#6542 = EDGE_LOOP('',(#6543,#6544,#6545,#6553));
#6543 = ORIENTED_EDGE('',*,*,#1379,.T.);
#6544 = ORIENTED_EDGE('',*,*,#6528,.T.);
#6545 = ORIENTED_EDGE('',*,*,#6546,.T.);
#6546 = EDGE_CURVE('',#6521,#6547,#6549,.T.);
#6547 = VERTEX_POINT('',#6548);
#6548 = CARTESIAN_POINT('',(5.2,1.747161,3.1));
#6549 = LINE('',#6550,#6551);
#6550 = CARTESIAN_POINT('',(5.45,1.747161,3.1));
#6551 = VECTOR('',#6552,1.);
#6552 = DIRECTION('',(-1.,0.,0.));
#6553 = ORIENTED_EDGE('',*,*,#6554,.F.);
#6554 = EDGE_CURVE('',#1372,#6547,#6555,.T.);
#6555 = LINE('',#6556,#6557);
#6556 = CARTESIAN_POINT('',(5.2,1.747161,1.1));
#6557 = VECTOR('',#6558,1.);
#6558 = DIRECTION('',(0.,0.,1.));
#6559 = PLANE('',#6560);
#6560 = AXIS2_PLACEMENT_3D('',#6561,#6562,#6563);
#6561 = CARTESIAN_POINT('',(5.45,1.747161,1.1));
#6562 = DIRECTION('',(0.,-1.,0.));
#6563 = DIRECTION('',(-1.,0.,0.));
#6564 = ADVANCED_FACE('',(#6565),#6599,.F.);
#6565 = FACE_BOUND('',#6566,.F.);
#6566 = EDGE_LOOP('',(#6567,#6568,#6569,#6577,#6585,#6593));
#6567 = ORIENTED_EDGE('',*,*,#1371,.T.);
#6568 = ORIENTED_EDGE('',*,*,#6554,.T.);
#6569 = ORIENTED_EDGE('',*,*,#6570,.T.);
#6570 = EDGE_CURVE('',#6547,#6571,#6573,.T.);
#6571 = VERTEX_POINT('',#6572);
#6572 = CARTESIAN_POINT('',(5.2,1.547161,3.1));
#6573 = LINE('',#6574,#6575);
#6574 = CARTESIAN_POINT('',(5.2,1.747161,3.1));
#6575 = VECTOR('',#6576,1.);
#6576 = DIRECTION('',(0.,-1.,0.));
#6577 = ORIENTED_EDGE('',*,*,#6578,.F.);
#6578 = EDGE_CURVE('',#6579,#6571,#6581,.T.);
#6579 = VERTEX_POINT('',#6580);
#6580 = CARTESIAN_POINT('',(5.2,1.547161,1.1));
#6581 = LINE('',#6582,#6583);
#6582 = CARTESIAN_POINT('',(5.2,1.547161,1.1));
#6583 = VECTOR('',#6584,1.);
#6584 = DIRECTION('',(0.,0.,1.));
#6585 = ORIENTED_EDGE('',*,*,#6586,.F.);
#6586 = EDGE_CURVE('',#6587,#6579,#6589,.T.);
#6587 = VERTEX_POINT('',#6588);
#6588 = CARTESIAN_POINT('',(5.2,1.649653,1.1));
#6589 = LINE('',#6590,#6591);
#6590 = CARTESIAN_POINT('',(5.2,1.747161,1.1));
#6591 = VECTOR('',#6592,1.);
#6592 = DIRECTION('',(0.,-1.,0.));
#6593 = ORIENTED_EDGE('',*,*,#6594,.F.);
#6594 = EDGE_CURVE('',#1364,#6587,#6595,.T.);
#6595 = LINE('',#6596,#6597);
#6596 = CARTESIAN_POINT('',(5.2,1.649653,2.05));
#6597 = VECTOR('',#6598,1.);
#6598 = DIRECTION('',(-0.,0.,-1.));
#6599 = PLANE('',#6600);
#6600 = AXIS2_PLACEMENT_3D('',#6601,#6602,#6603);
#6601 = CARTESIAN_POINT('',(5.2,1.747161,1.1));
#6602 = DIRECTION('',(1.,0.,-0.));
#6603 = DIRECTION('',(0.,-1.,0.));
#6604 = ADVANCED_FACE('',(#6605),#6623,.F.);
#6605 = FACE_BOUND('',#6606,.F.);
#6606 = EDGE_LOOP('',(#6607,#6608,#6609,#6617));
#6607 = ORIENTED_EDGE('',*,*,#1363,.F.);
#6608 = ORIENTED_EDGE('',*,*,#6594,.T.);
#6609 = ORIENTED_EDGE('',*,*,#6610,.T.);
#6610 = EDGE_CURVE('',#6587,#6611,#6613,.T.);
#6611 = VERTEX_POINT('',#6612);
#6612 = CARTESIAN_POINT('',(4.65,1.649653,1.1));
#6613 = LINE('',#6614,#6615);
#6614 = CARTESIAN_POINT('',(9.101929,1.649653,1.1));
#6615 = VECTOR('',#6616,1.);
#6616 = DIRECTION('',(-1.,0.,0.));
#6617 = ORIENTED_EDGE('',*,*,#6618,.T.);
#6618 = EDGE_CURVE('',#6611,#1356,#6619,.T.);
#6619 = LINE('',#6620,#6621);
#6620 = CARTESIAN_POINT('',(4.65,1.649653,2.05));
#6621 = VECTOR('',#6622,1.);
#6622 = DIRECTION('',(0.,-0.,1.));
#6623 = PLANE('',#6624);
#6624 = AXIS2_PLACEMENT_3D('',#6625,#6626,#6627);
#6625 = CARTESIAN_POINT('',(9.101929,1.649653,3.));
#6626 = DIRECTION('',(0.,1.,0.));
#6627 = DIRECTION('',(-1.,0.,0.));
#6628 = ADVANCED_FACE('',(#6629),#6663,.F.);
#6629 = FACE_BOUND('',#6630,.F.);
#6630 = EDGE_LOOP('',(#6631,#6639,#6647,#6655,#6661,#6662));
#6631 = ORIENTED_EDGE('',*,*,#6632,.F.);
#6632 = EDGE_CURVE('',#6633,#6611,#6635,.T.);
#6633 = VERTEX_POINT('',#6634);
#6634 = CARTESIAN_POINT('',(4.65,1.547161,1.1));
#6635 = LINE('',#6636,#6637);
#6636 = CARTESIAN_POINT('',(4.65,1.547161,1.1));
#6637 = VECTOR('',#6638,1.);
#6638 = DIRECTION('',(0.,1.,0.));
#6639 = ORIENTED_EDGE('',*,*,#6640,.T.);
#6640 = EDGE_CURVE('',#6633,#6641,#6643,.T.);
#6641 = VERTEX_POINT('',#6642);
#6642 = CARTESIAN_POINT('',(4.65,1.547161,3.1));
#6643 = LINE('',#6644,#6645);
#6644 = CARTESIAN_POINT('',(4.65,1.547161,1.1));
#6645 = VECTOR('',#6646,1.);
#6646 = DIRECTION('',(0.,0.,1.));
#6647 = ORIENTED_EDGE('',*,*,#6648,.T.);
#6648 = EDGE_CURVE('',#6641,#6649,#6651,.T.);
#6649 = VERTEX_POINT('',#6650);
#6650 = CARTESIAN_POINT('',(4.65,1.747161,3.1));
#6651 = LINE('',#6652,#6653);
#6652 = CARTESIAN_POINT('',(4.65,1.547161,3.1));
#6653 = VECTOR('',#6654,1.);
#6654 = DIRECTION('',(0.,1.,0.));
#6655 = ORIENTED_EDGE('',*,*,#6656,.F.);
#6656 = EDGE_CURVE('',#1348,#6649,#6657,.T.);
#6657 = LINE('',#6658,#6659);
#6658 = CARTESIAN_POINT('',(4.65,1.747161,1.1));
#6659 = VECTOR('',#6660,1.);
#6660 = DIRECTION('',(0.,0.,1.));
#6661 = ORIENTED_EDGE('',*,*,#1355,.T.);
#6662 = ORIENTED_EDGE('',*,*,#6618,.F.);
#6663 = PLANE('',#6664);
#6664 = AXIS2_PLACEMENT_3D('',#6665,#6666,#6667);
#6665 = CARTESIAN_POINT('',(4.65,1.547161,1.1));
#6666 = DIRECTION('',(-1.,0.,0.));
#6667 = DIRECTION('',(0.,1.,0.));
#6668 = ADVANCED_FACE('',(#6669),#6687,.F.);
#6669 = FACE_BOUND('',#6670,.F.);
#6670 = EDGE_LOOP('',(#6671,#6672,#6673,#6681));
#6671 = ORIENTED_EDGE('',*,*,#1347,.T.);
#6672 = ORIENTED_EDGE('',*,*,#6656,.T.);
#6673 = ORIENTED_EDGE('',*,*,#6674,.T.);
#6674 = EDGE_CURVE('',#6649,#6675,#6677,.T.);
#6675 = VERTEX_POINT('',#6676);
#6676 = CARTESIAN_POINT('',(4.4,1.747161,3.1));
#6677 = LINE('',#6678,#6679);
#6678 = CARTESIAN_POINT('',(4.65,1.747161,3.1));
#6679 = VECTOR('',#6680,1.);
#6680 = DIRECTION('',(-1.,0.,0.));
#6681 = ORIENTED_EDGE('',*,*,#6682,.F.);
#6682 = EDGE_CURVE('',#1340,#6675,#6683,.T.);
#6683 = LINE('',#6684,#6685);
#6684 = CARTESIAN_POINT('',(4.4,1.747161,1.1));
#6685 = VECTOR('',#6686,1.);
#6686 = DIRECTION('',(0.,0.,1.));
#6687 = PLANE('',#6688);
#6688 = AXIS2_PLACEMENT_3D('',#6689,#6690,#6691);
#6689 = CARTESIAN_POINT('',(4.65,1.747161,1.1));
#6690 = DIRECTION('',(0.,-1.,0.));
#6691 = DIRECTION('',(-1.,0.,0.));
#6692 = ADVANCED_FACE('',(#6693),#6727,.F.);
#6693 = FACE_BOUND('',#6694,.F.);
#6694 = EDGE_LOOP('',(#6695,#6696,#6697,#6705,#6713,#6721));
#6695 = ORIENTED_EDGE('',*,*,#1339,.T.);
#6696 = ORIENTED_EDGE('',*,*,#6682,.T.);
#6697 = ORIENTED_EDGE('',*,*,#6698,.T.);
#6698 = EDGE_CURVE('',#6675,#6699,#6701,.T.);
#6699 = VERTEX_POINT('',#6700);
#6700 = CARTESIAN_POINT('',(4.4,1.547161,3.1));
#6701 = LINE('',#6702,#6703);
#6702 = CARTESIAN_POINT('',(4.4,1.747161,3.1));
#6703 = VECTOR('',#6704,1.);
#6704 = DIRECTION('',(0.,-1.,0.));
#6705 = ORIENTED_EDGE('',*,*,#6706,.F.);
#6706 = EDGE_CURVE('',#6707,#6699,#6709,.T.);
#6707 = VERTEX_POINT('',#6708);
#6708 = CARTESIAN_POINT('',(4.4,1.547161,1.1));
#6709 = LINE('',#6710,#6711);
#6710 = CARTESIAN_POINT('',(4.4,1.547161,1.1));
#6711 = VECTOR('',#6712,1.);
#6712 = DIRECTION('',(0.,0.,1.));
#6713 = ORIENTED_EDGE('',*,*,#6714,.F.);
#6714 = EDGE_CURVE('',#6715,#6707,#6717,.T.);
#6715 = VERTEX_POINT('',#6716);
#6716 = CARTESIAN_POINT('',(4.4,1.649653,1.1));
#6717 = LINE('',#6718,#6719);
#6718 = CARTESIAN_POINT('',(4.4,1.747161,1.1));
#6719 = VECTOR('',#6720,1.);
#6720 = DIRECTION('',(0.,-1.,0.));
#6721 = ORIENTED_EDGE('',*,*,#6722,.F.);
#6722 = EDGE_CURVE('',#1332,#6715,#6723,.T.);
#6723 = LINE('',#6724,#6725);
#6724 = CARTESIAN_POINT('',(4.4,1.649653,2.05));
#6725 = VECTOR('',#6726,1.);
#6726 = DIRECTION('',(-0.,0.,-1.));
#6727 = PLANE('',#6728);
#6728 = AXIS2_PLACEMENT_3D('',#6729,#6730,#6731);
#6729 = CARTESIAN_POINT('',(4.4,1.747161,1.1));
#6730 = DIRECTION('',(1.,0.,-0.));
#6731 = DIRECTION('',(0.,-1.,0.));
#6732 = ADVANCED_FACE('',(#6733),#6751,.F.);
#6733 = FACE_BOUND('',#6734,.F.);
#6734 = EDGE_LOOP('',(#6735,#6736,#6737,#6745));
#6735 = ORIENTED_EDGE('',*,*,#1331,.F.);
#6736 = ORIENTED_EDGE('',*,*,#6722,.T.);
#6737 = ORIENTED_EDGE('',*,*,#6738,.T.);
#6738 = EDGE_CURVE('',#6715,#6739,#6741,.T.);
#6739 = VERTEX_POINT('',#6740);
#6740 = CARTESIAN_POINT('',(3.85,1.649653,1.1));
#6741 = LINE('',#6742,#6743);
#6742 = CARTESIAN_POINT('',(9.101929,1.649653,1.1));
#6743 = VECTOR('',#6744,1.);
#6744 = DIRECTION('',(-1.,0.,0.));
#6745 = ORIENTED_EDGE('',*,*,#6746,.T.);
#6746 = EDGE_CURVE('',#6739,#1324,#6747,.T.);
#6747 = LINE('',#6748,#6749);
#6748 = CARTESIAN_POINT('',(3.85,1.649653,2.05));
#6749 = VECTOR('',#6750,1.);
#6750 = DIRECTION('',(0.,-0.,1.));
#6751 = PLANE('',#6752);
#6752 = AXIS2_PLACEMENT_3D('',#6753,#6754,#6755);
#6753 = CARTESIAN_POINT('',(9.101929,1.649653,3.));
#6754 = DIRECTION('',(0.,1.,0.));
#6755 = DIRECTION('',(-1.,0.,0.));
#6756 = ADVANCED_FACE('',(#6757),#6791,.F.);
#6757 = FACE_BOUND('',#6758,.F.);
#6758 = EDGE_LOOP('',(#6759,#6767,#6775,#6783,#6789,#6790));
#6759 = ORIENTED_EDGE('',*,*,#6760,.F.);
#6760 = EDGE_CURVE('',#6761,#6739,#6763,.T.);
#6761 = VERTEX_POINT('',#6762);
#6762 = CARTESIAN_POINT('',(3.85,1.547161,1.1));
#6763 = LINE('',#6764,#6765);
#6764 = CARTESIAN_POINT('',(3.85,1.547161,1.1));
#6765 = VECTOR('',#6766,1.);
#6766 = DIRECTION('',(0.,1.,0.));
#6767 = ORIENTED_EDGE('',*,*,#6768,.T.);
#6768 = EDGE_CURVE('',#6761,#6769,#6771,.T.);
#6769 = VERTEX_POINT('',#6770);
#6770 = CARTESIAN_POINT('',(3.85,1.547161,3.1));
#6771 = LINE('',#6772,#6773);
#6772 = CARTESIAN_POINT('',(3.85,1.547161,1.1));
#6773 = VECTOR('',#6774,1.);
#6774 = DIRECTION('',(0.,0.,1.));
#6775 = ORIENTED_EDGE('',*,*,#6776,.T.);
#6776 = EDGE_CURVE('',#6769,#6777,#6779,.T.);
#6777 = VERTEX_POINT('',#6778);
#6778 = CARTESIAN_POINT('',(3.85,1.747161,3.1));
#6779 = LINE('',#6780,#6781);
#6780 = CARTESIAN_POINT('',(3.85,1.547161,3.1));
#6781 = VECTOR('',#6782,1.);
#6782 = DIRECTION('',(0.,1.,0.));
#6783 = ORIENTED_EDGE('',*,*,#6784,.F.);
#6784 = EDGE_CURVE('',#1316,#6777,#6785,.T.);
#6785 = LINE('',#6786,#6787);
#6786 = CARTESIAN_POINT('',(3.85,1.747161,1.1));
#6787 = VECTOR('',#6788,1.);
#6788 = DIRECTION('',(0.,0.,1.));
#6789 = ORIENTED_EDGE('',*,*,#1323,.T.);
#6790 = ORIENTED_EDGE('',*,*,#6746,.F.);
#6791 = PLANE('',#6792);
#6792 = AXIS2_PLACEMENT_3D('',#6793,#6794,#6795);
#6793 = CARTESIAN_POINT('',(3.85,1.547161,1.1));
#6794 = DIRECTION('',(-1.,0.,0.));
#6795 = DIRECTION('',(0.,1.,0.));
#6796 = ADVANCED_FACE('',(#6797),#6815,.F.);
#6797 = FACE_BOUND('',#6798,.F.);
#6798 = EDGE_LOOP('',(#6799,#6800,#6801,#6809));
#6799 = ORIENTED_EDGE('',*,*,#1315,.T.);
#6800 = ORIENTED_EDGE('',*,*,#6784,.T.);
#6801 = ORIENTED_EDGE('',*,*,#6802,.T.);
#6802 = EDGE_CURVE('',#6777,#6803,#6805,.T.);
#6803 = VERTEX_POINT('',#6804);
#6804 = CARTESIAN_POINT('',(3.6,1.747161,3.1));
#6805 = LINE('',#6806,#6807);
#6806 = CARTESIAN_POINT('',(3.85,1.747161,3.1));
#6807 = VECTOR('',#6808,1.);
#6808 = DIRECTION('',(-1.,0.,0.));
#6809 = ORIENTED_EDGE('',*,*,#6810,.F.);
#6810 = EDGE_CURVE('',#1308,#6803,#6811,.T.);
#6811 = LINE('',#6812,#6813);
#6812 = CARTESIAN_POINT('',(3.6,1.747161,1.1));
#6813 = VECTOR('',#6814,1.);
#6814 = DIRECTION('',(0.,0.,1.));
#6815 = PLANE('',#6816);
#6816 = AXIS2_PLACEMENT_3D('',#6817,#6818,#6819);
#6817 = CARTESIAN_POINT('',(3.85,1.747161,1.1));
#6818 = DIRECTION('',(0.,-1.,0.));
#6819 = DIRECTION('',(-1.,0.,0.));
#6820 = ADVANCED_FACE('',(#6821),#6855,.F.);
#6821 = FACE_BOUND('',#6822,.F.);
#6822 = EDGE_LOOP('',(#6823,#6824,#6825,#6833,#6841,#6849));
#6823 = ORIENTED_EDGE('',*,*,#1307,.T.);
#6824 = ORIENTED_EDGE('',*,*,#6810,.T.);
#6825 = ORIENTED_EDGE('',*,*,#6826,.T.);
#6826 = EDGE_CURVE('',#6803,#6827,#6829,.T.);
#6827 = VERTEX_POINT('',#6828);
#6828 = CARTESIAN_POINT('',(3.6,1.547161,3.1));
#6829 = LINE('',#6830,#6831);
#6830 = CARTESIAN_POINT('',(3.6,1.747161,3.1));
#6831 = VECTOR('',#6832,1.);
#6832 = DIRECTION('',(0.,-1.,0.));
#6833 = ORIENTED_EDGE('',*,*,#6834,.F.);
#6834 = EDGE_CURVE('',#6835,#6827,#6837,.T.);
#6835 = VERTEX_POINT('',#6836);
#6836 = CARTESIAN_POINT('',(3.6,1.547161,1.1));
#6837 = LINE('',#6838,#6839);
#6838 = CARTESIAN_POINT('',(3.6,1.547161,1.1));
#6839 = VECTOR('',#6840,1.);
#6840 = DIRECTION('',(0.,0.,1.));
#6841 = ORIENTED_EDGE('',*,*,#6842,.F.);
#6842 = EDGE_CURVE('',#6843,#6835,#6845,.T.);
#6843 = VERTEX_POINT('',#6844);
#6844 = CARTESIAN_POINT('',(3.6,1.649653,1.1));
#6845 = LINE('',#6846,#6847);
#6846 = CARTESIAN_POINT('',(3.6,1.747161,1.1));
#6847 = VECTOR('',#6848,1.);
#6848 = DIRECTION('',(0.,-1.,0.));
#6849 = ORIENTED_EDGE('',*,*,#6850,.F.);
#6850 = EDGE_CURVE('',#1300,#6843,#6851,.T.);
#6851 = LINE('',#6852,#6853);
#6852 = CARTESIAN_POINT('',(3.6,1.649653,2.05));
#6853 = VECTOR('',#6854,1.);
#6854 = DIRECTION('',(-0.,0.,-1.));
#6855 = PLANE('',#6856);
#6856 = AXIS2_PLACEMENT_3D('',#6857,#6858,#6859);
#6857 = CARTESIAN_POINT('',(3.6,1.747161,1.1));
#6858 = DIRECTION('',(1.,0.,-0.));
#6859 = DIRECTION('',(0.,-1.,0.));
#6860 = ADVANCED_FACE('',(#6861),#6879,.F.);
#6861 = FACE_BOUND('',#6862,.F.);
#6862 = EDGE_LOOP('',(#6863,#6864,#6865,#6873));
#6863 = ORIENTED_EDGE('',*,*,#1299,.F.);
#6864 = ORIENTED_EDGE('',*,*,#6850,.T.);
#6865 = ORIENTED_EDGE('',*,*,#6866,.T.);
#6866 = EDGE_CURVE('',#6843,#6867,#6869,.T.);
#6867 = VERTEX_POINT('',#6868);
#6868 = CARTESIAN_POINT('',(3.05,1.649653,1.1));
#6869 = LINE('',#6870,#6871);
#6870 = CARTESIAN_POINT('',(9.101929,1.649653,1.1));
#6871 = VECTOR('',#6872,1.);
#6872 = DIRECTION('',(-1.,0.,0.));
#6873 = ORIENTED_EDGE('',*,*,#6874,.T.);
#6874 = EDGE_CURVE('',#6867,#1292,#6875,.T.);
#6875 = LINE('',#6876,#6877);
#6876 = CARTESIAN_POINT('',(3.05,1.649653,2.05));
#6877 = VECTOR('',#6878,1.);
#6878 = DIRECTION('',(0.,-0.,1.));
#6879 = PLANE('',#6880);
#6880 = AXIS2_PLACEMENT_3D('',#6881,#6882,#6883);
#6881 = CARTESIAN_POINT('',(9.101929,1.649653,3.));
#6882 = DIRECTION('',(0.,1.,0.));
#6883 = DIRECTION('',(-1.,0.,0.));
#6884 = ADVANCED_FACE('',(#6885),#6919,.F.);
#6885 = FACE_BOUND('',#6886,.F.);
#6886 = EDGE_LOOP('',(#6887,#6895,#6903,#6911,#6917,#6918));
#6887 = ORIENTED_EDGE('',*,*,#6888,.F.);
#6888 = EDGE_CURVE('',#6889,#6867,#6891,.T.);
#6889 = VERTEX_POINT('',#6890);
#6890 = CARTESIAN_POINT('',(3.05,1.547161,1.1));
#6891 = LINE('',#6892,#6893);
#6892 = CARTESIAN_POINT('',(3.05,1.547161,1.1));
#6893 = VECTOR('',#6894,1.);
#6894 = DIRECTION('',(0.,1.,0.));
#6895 = ORIENTED_EDGE('',*,*,#6896,.T.);
#6896 = EDGE_CURVE('',#6889,#6897,#6899,.T.);
#6897 = VERTEX_POINT('',#6898);
#6898 = CARTESIAN_POINT('',(3.05,1.547161,3.1));
#6899 = LINE('',#6900,#6901);
#6900 = CARTESIAN_POINT('',(3.05,1.547161,1.1));
#6901 = VECTOR('',#6902,1.);
#6902 = DIRECTION('',(0.,0.,1.));
#6903 = ORIENTED_EDGE('',*,*,#6904,.T.);
#6904 = EDGE_CURVE('',#6897,#6905,#6907,.T.);
#6905 = VERTEX_POINT('',#6906);
#6906 = CARTESIAN_POINT('',(3.05,1.747161,3.1));
#6907 = LINE('',#6908,#6909);
#6908 = CARTESIAN_POINT('',(3.05,1.547161,3.1));
#6909 = VECTOR('',#6910,1.);
#6910 = DIRECTION('',(0.,1.,0.));
#6911 = ORIENTED_EDGE('',*,*,#6912,.F.);
#6912 = EDGE_CURVE('',#1284,#6905,#6913,.T.);
#6913 = LINE('',#6914,#6915);
#6914 = CARTESIAN_POINT('',(3.05,1.747161,1.1));
#6915 = VECTOR('',#6916,1.);
#6916 = DIRECTION('',(0.,0.,1.));
#6917 = ORIENTED_EDGE('',*,*,#1291,.T.);
#6918 = ORIENTED_EDGE('',*,*,#6874,.F.);
#6919 = PLANE('',#6920);
#6920 = AXIS2_PLACEMENT_3D('',#6921,#6922,#6923);
#6921 = CARTESIAN_POINT('',(3.05,1.547161,1.1));
#6922 = DIRECTION('',(-1.,0.,0.));
#6923 = DIRECTION('',(0.,1.,0.));
#6924 = ADVANCED_FACE('',(#6925),#6943,.F.);
#6925 = FACE_BOUND('',#6926,.F.);
#6926 = EDGE_LOOP('',(#6927,#6928,#6929,#6937));
#6927 = ORIENTED_EDGE('',*,*,#1283,.T.);
#6928 = ORIENTED_EDGE('',*,*,#6912,.T.);
#6929 = ORIENTED_EDGE('',*,*,#6930,.T.);
#6930 = EDGE_CURVE('',#6905,#6931,#6933,.T.);
#6931 = VERTEX_POINT('',#6932);
#6932 = CARTESIAN_POINT('',(2.8,1.747161,3.1));
#6933 = LINE('',#6934,#6935);
#6934 = CARTESIAN_POINT('',(3.05,1.747161,3.1));
#6935 = VECTOR('',#6936,1.);
#6936 = DIRECTION('',(-1.,0.,0.));
#6937 = ORIENTED_EDGE('',*,*,#6938,.F.);
#6938 = EDGE_CURVE('',#1276,#6931,#6939,.T.);
#6939 = LINE('',#6940,#6941);
#6940 = CARTESIAN_POINT('',(2.8,1.747161,1.1));
#6941 = VECTOR('',#6942,1.);
#6942 = DIRECTION('',(0.,0.,1.));
#6943 = PLANE('',#6944);
#6944 = AXIS2_PLACEMENT_3D('',#6945,#6946,#6947);
#6945 = CARTESIAN_POINT('',(3.05,1.747161,1.1));
#6946 = DIRECTION('',(0.,-1.,0.));
#6947 = DIRECTION('',(-1.,0.,0.));
#6948 = ADVANCED_FACE('',(#6949),#6983,.F.);
#6949 = FACE_BOUND('',#6950,.F.);
#6950 = EDGE_LOOP('',(#6951,#6952,#6953,#6961,#6969,#6977));
#6951 = ORIENTED_EDGE('',*,*,#1275,.T.);
#6952 = ORIENTED_EDGE('',*,*,#6938,.T.);
#6953 = ORIENTED_EDGE('',*,*,#6954,.T.);
#6954 = EDGE_CURVE('',#6931,#6955,#6957,.T.);
#6955 = VERTEX_POINT('',#6956);
#6956 = CARTESIAN_POINT('',(2.8,1.547161,3.1));
#6957 = LINE('',#6958,#6959);
#6958 = CARTESIAN_POINT('',(2.8,1.747161,3.1));
#6959 = VECTOR('',#6960,1.);
#6960 = DIRECTION('',(0.,-1.,0.));
#6961 = ORIENTED_EDGE('',*,*,#6962,.F.);
#6962 = EDGE_CURVE('',#6963,#6955,#6965,.T.);
#6963 = VERTEX_POINT('',#6964);
#6964 = CARTESIAN_POINT('',(2.8,1.547161,1.1));
#6965 = LINE('',#6966,#6967);
#6966 = CARTESIAN_POINT('',(2.8,1.547161,1.1));
#6967 = VECTOR('',#6968,1.);
#6968 = DIRECTION('',(0.,0.,1.));
#6969 = ORIENTED_EDGE('',*,*,#6970,.F.);
#6970 = EDGE_CURVE('',#6971,#6963,#6973,.T.);
#6971 = VERTEX_POINT('',#6972);
#6972 = CARTESIAN_POINT('',(2.8,1.649653,1.1));
#6973 = LINE('',#6974,#6975);
#6974 = CARTESIAN_POINT('',(2.8,1.747161,1.1));
#6975 = VECTOR('',#6976,1.);
#6976 = DIRECTION('',(0.,-1.,0.));
#6977 = ORIENTED_EDGE('',*,*,#6978,.F.);
#6978 = EDGE_CURVE('',#1268,#6971,#6979,.T.);
#6979 = LINE('',#6980,#6981);
#6980 = CARTESIAN_POINT('',(2.8,1.649653,2.05));
#6981 = VECTOR('',#6982,1.);
#6982 = DIRECTION('',(-0.,0.,-1.));
#6983 = PLANE('',#6984);
#6984 = AXIS2_PLACEMENT_3D('',#6985,#6986,#6987);
#6985 = CARTESIAN_POINT('',(2.8,1.747161,1.1));
#6986 = DIRECTION('',(1.,0.,-0.));
#6987 = DIRECTION('',(0.,-1.,0.));
#6988 = ADVANCED_FACE('',(#6989),#7007,.F.);
#6989 = FACE_BOUND('',#6990,.F.);
#6990 = EDGE_LOOP('',(#6991,#6992,#6993,#7001));
#6991 = ORIENTED_EDGE('',*,*,#1267,.F.);
#6992 = ORIENTED_EDGE('',*,*,#6978,.T.);
#6993 = ORIENTED_EDGE('',*,*,#6994,.T.);
#6994 = EDGE_CURVE('',#6971,#6995,#6997,.T.);
#6995 = VERTEX_POINT('',#6996);
#6996 = CARTESIAN_POINT('',(2.25,1.649653,1.1));
#6997 = LINE('',#6998,#6999);
#6998 = CARTESIAN_POINT('',(9.101929,1.649653,1.1));
#6999 = VECTOR('',#7000,1.);
#7000 = DIRECTION('',(-1.,0.,0.));
#7001 = ORIENTED_EDGE('',*,*,#7002,.T.);
#7002 = EDGE_CURVE('',#6995,#1260,#7003,.T.);
#7003 = LINE('',#7004,#7005);
#7004 = CARTESIAN_POINT('',(2.25,1.649653,2.05));
#7005 = VECTOR('',#7006,1.);
#7006 = DIRECTION('',(0.,-0.,1.));
#7007 = PLANE('',#7008);
#7008 = AXIS2_PLACEMENT_3D('',#7009,#7010,#7011);
#7009 = CARTESIAN_POINT('',(9.101929,1.649653,3.));
#7010 = DIRECTION('',(0.,1.,0.));
#7011 = DIRECTION('',(-1.,0.,0.));
#7012 = ADVANCED_FACE('',(#7013),#7047,.F.);
#7013 = FACE_BOUND('',#7014,.F.);
#7014 = EDGE_LOOP('',(#7015,#7023,#7031,#7039,#7045,#7046));
#7015 = ORIENTED_EDGE('',*,*,#7016,.F.);
#7016 = EDGE_CURVE('',#7017,#6995,#7019,.T.);
#7017 = VERTEX_POINT('',#7018);
#7018 = CARTESIAN_POINT('',(2.25,1.547161,1.1));
#7019 = LINE('',#7020,#7021);
#7020 = CARTESIAN_POINT('',(2.25,1.547161,1.1));
#7021 = VECTOR('',#7022,1.);
#7022 = DIRECTION('',(0.,1.,0.));
#7023 = ORIENTED_EDGE('',*,*,#7024,.T.);
#7024 = EDGE_CURVE('',#7017,#7025,#7027,.T.);
#7025 = VERTEX_POINT('',#7026);
#7026 = CARTESIAN_POINT('',(2.25,1.547161,3.1));
#7027 = LINE('',#7028,#7029);
#7028 = CARTESIAN_POINT('',(2.25,1.547161,1.1));
#7029 = VECTOR('',#7030,1.);
#7030 = DIRECTION('',(0.,0.,1.));
#7031 = ORIENTED_EDGE('',*,*,#7032,.T.);
#7032 = EDGE_CURVE('',#7025,#7033,#7035,.T.);
#7033 = VERTEX_POINT('',#7034);
#7034 = CARTESIAN_POINT('',(2.25,1.747161,3.1));
#7035 = LINE('',#7036,#7037);
#7036 = CARTESIAN_POINT('',(2.25,1.547161,3.1));
#7037 = VECTOR('',#7038,1.);
#7038 = DIRECTION('',(0.,1.,0.));
#7039 = ORIENTED_EDGE('',*,*,#7040,.F.);
#7040 = EDGE_CURVE('',#1252,#7033,#7041,.T.);
#7041 = LINE('',#7042,#7043);
#7042 = CARTESIAN_POINT('',(2.25,1.747161,1.1));
#7043 = VECTOR('',#7044,1.);
#7044 = DIRECTION('',(0.,0.,1.));
#7045 = ORIENTED_EDGE('',*,*,#1259,.T.);
#7046 = ORIENTED_EDGE('',*,*,#7002,.F.);
#7047 = PLANE('',#7048);
#7048 = AXIS2_PLACEMENT_3D('',#7049,#7050,#7051);
#7049 = CARTESIAN_POINT('',(2.25,1.547161,1.1));
#7050 = DIRECTION('',(-1.,0.,0.));
#7051 = DIRECTION('',(0.,1.,0.));
#7052 = ADVANCED_FACE('',(#7053),#7071,.F.);
#7053 = FACE_BOUND('',#7054,.F.);
#7054 = EDGE_LOOP('',(#7055,#7056,#7057,#7065));
#7055 = ORIENTED_EDGE('',*,*,#1251,.T.);
#7056 = ORIENTED_EDGE('',*,*,#7040,.T.);
#7057 = ORIENTED_EDGE('',*,*,#7058,.T.);
#7058 = EDGE_CURVE('',#7033,#7059,#7061,.T.);
#7059 = VERTEX_POINT('',#7060);
#7060 = CARTESIAN_POINT('',(2.,1.747161,3.1));
#7061 = LINE('',#7062,#7063);
#7062 = CARTESIAN_POINT('',(2.25,1.747161,3.1));
#7063 = VECTOR('',#7064,1.);
#7064 = DIRECTION('',(-1.,0.,0.));
#7065 = ORIENTED_EDGE('',*,*,#7066,.F.);
#7066 = EDGE_CURVE('',#1244,#7059,#7067,.T.);
#7067 = LINE('',#7068,#7069);
#7068 = CARTESIAN_POINT('',(2.,1.747161,1.1));
#7069 = VECTOR('',#7070,1.);
#7070 = DIRECTION('',(0.,0.,1.));
#7071 = PLANE('',#7072);
#7072 = AXIS2_PLACEMENT_3D('',#7073,#7074,#7075);
#7073 = CARTESIAN_POINT('',(2.25,1.747161,1.1));
#7074 = DIRECTION('',(0.,-1.,0.));
#7075 = DIRECTION('',(-1.,0.,0.));
#7076 = ADVANCED_FACE('',(#7077),#7111,.F.);
#7077 = FACE_BOUND('',#7078,.F.);
#7078 = EDGE_LOOP('',(#7079,#7080,#7081,#7089,#7097,#7105));
#7079 = ORIENTED_EDGE('',*,*,#1243,.T.);
#7080 = ORIENTED_EDGE('',*,*,#7066,.T.);
#7081 = ORIENTED_EDGE('',*,*,#7082,.T.);
#7082 = EDGE_CURVE('',#7059,#7083,#7085,.T.);
#7083 = VERTEX_POINT('',#7084);
#7084 = CARTESIAN_POINT('',(2.,1.547161,3.1));
#7085 = LINE('',#7086,#7087);
#7086 = CARTESIAN_POINT('',(2.,1.747161,3.1));
#7087 = VECTOR('',#7088,1.);
#7088 = DIRECTION('',(0.,-1.,0.));
#7089 = ORIENTED_EDGE('',*,*,#7090,.F.);
#7090 = EDGE_CURVE('',#7091,#7083,#7093,.T.);
#7091 = VERTEX_POINT('',#7092);
#7092 = CARTESIAN_POINT('',(2.,1.547161,1.1));
#7093 = LINE('',#7094,#7095);
#7094 = CARTESIAN_POINT('',(2.,1.547161,1.1));
#7095 = VECTOR('',#7096,1.);
#7096 = DIRECTION('',(0.,0.,1.));
#7097 = ORIENTED_EDGE('',*,*,#7098,.F.);
#7098 = EDGE_CURVE('',#7099,#7091,#7101,.T.);
#7099 = VERTEX_POINT('',#7100);
#7100 = CARTESIAN_POINT('',(2.,1.649653,1.1));
#7101 = LINE('',#7102,#7103);
#7102 = CARTESIAN_POINT('',(2.,1.747161,1.1));
#7103 = VECTOR('',#7104,1.);
#7104 = DIRECTION('',(0.,-1.,0.));
#7105 = ORIENTED_EDGE('',*,*,#7106,.F.);
#7106 = EDGE_CURVE('',#1236,#7099,#7107,.T.);
#7107 = LINE('',#7108,#7109);
#7108 = CARTESIAN_POINT('',(2.,1.649653,2.05));
#7109 = VECTOR('',#7110,1.);
#7110 = DIRECTION('',(-0.,0.,-1.));
#7111 = PLANE('',#7112);
#7112 = AXIS2_PLACEMENT_3D('',#7113,#7114,#7115);
#7113 = CARTESIAN_POINT('',(2.,1.747161,1.1));
#7114 = DIRECTION('',(1.,0.,-0.));
#7115 = DIRECTION('',(0.,-1.,0.));
#7116 = ADVANCED_FACE('',(#7117),#7135,.F.);
#7117 = FACE_BOUND('',#7118,.F.);
#7118 = EDGE_LOOP('',(#7119,#7120,#7121,#7129));
#7119 = ORIENTED_EDGE('',*,*,#1235,.F.);
#7120 = ORIENTED_EDGE('',*,*,#7106,.T.);
#7121 = ORIENTED_EDGE('',*,*,#7122,.T.);
#7122 = EDGE_CURVE('',#7099,#7123,#7125,.T.);
#7123 = VERTEX_POINT('',#7124);
#7124 = CARTESIAN_POINT('',(1.45,1.649653,1.1));
#7125 = LINE('',#7126,#7127);
#7126 = CARTESIAN_POINT('',(9.101929,1.649653,1.1));
#7127 = VECTOR('',#7128,1.);
#7128 = DIRECTION('',(-1.,0.,0.));
#7129 = ORIENTED_EDGE('',*,*,#7130,.T.);
#7130 = EDGE_CURVE('',#7123,#1228,#7131,.T.);
#7131 = LINE('',#7132,#7133);
#7132 = CARTESIAN_POINT('',(1.45,1.649653,2.05));
#7133 = VECTOR('',#7134,1.);
#7134 = DIRECTION('',(0.,-0.,1.));
#7135 = PLANE('',#7136);
#7136 = AXIS2_PLACEMENT_3D('',#7137,#7138,#7139);
#7137 = CARTESIAN_POINT('',(9.101929,1.649653,3.));
#7138 = DIRECTION('',(0.,1.,0.));
#7139 = DIRECTION('',(-1.,0.,0.));
#7140 = ADVANCED_FACE('',(#7141),#7175,.F.);
#7141 = FACE_BOUND('',#7142,.F.);
#7142 = EDGE_LOOP('',(#7143,#7151,#7159,#7167,#7173,#7174));
#7143 = ORIENTED_EDGE('',*,*,#7144,.F.);
#7144 = EDGE_CURVE('',#7145,#7123,#7147,.T.);
#7145 = VERTEX_POINT('',#7146);
#7146 = CARTESIAN_POINT('',(1.45,1.547162,1.1));
#7147 = LINE('',#7148,#7149);
#7148 = CARTESIAN_POINT('',(1.45,1.547162,1.1));
#7149 = VECTOR('',#7150,1.);
#7150 = DIRECTION('',(0.,1.,0.));
#7151 = ORIENTED_EDGE('',*,*,#7152,.T.);
#7152 = EDGE_CURVE('',#7145,#7153,#7155,.T.);
#7153 = VERTEX_POINT('',#7154);
#7154 = CARTESIAN_POINT('',(1.45,1.547162,3.1));
#7155 = LINE('',#7156,#7157);
#7156 = CARTESIAN_POINT('',(1.45,1.547162,1.1));
#7157 = VECTOR('',#7158,1.);
#7158 = DIRECTION('',(0.,0.,1.));
#7159 = ORIENTED_EDGE('',*,*,#7160,.T.);
#7160 = EDGE_CURVE('',#7153,#7161,#7163,.T.);
#7161 = VERTEX_POINT('',#7162);
#7162 = CARTESIAN_POINT('',(1.45,1.747161,3.1));
#7163 = LINE('',#7164,#7165);
#7164 = CARTESIAN_POINT('',(1.45,1.547162,3.1));
#7165 = VECTOR('',#7166,1.);
#7166 = DIRECTION('',(0.,1.,0.));
#7167 = ORIENTED_EDGE('',*,*,#7168,.F.);
#7168 = EDGE_CURVE('',#1220,#7161,#7169,.T.);
#7169 = LINE('',#7170,#7171);
#7170 = CARTESIAN_POINT('',(1.45,1.747161,1.1));
#7171 = VECTOR('',#7172,1.);
#7172 = DIRECTION('',(0.,0.,1.));
#7173 = ORIENTED_EDGE('',*,*,#1227,.T.);
#7174 = ORIENTED_EDGE('',*,*,#7130,.F.);
#7175 = PLANE('',#7176);
#7176 = AXIS2_PLACEMENT_3D('',#7177,#7178,#7179);
#7177 = CARTESIAN_POINT('',(1.45,1.547162,1.1));
#7178 = DIRECTION('',(-1.,0.,0.));
#7179 = DIRECTION('',(0.,1.,0.));
#7180 = ADVANCED_FACE('',(#7181),#7199,.F.);
#7181 = FACE_BOUND('',#7182,.F.);
#7182 = EDGE_LOOP('',(#7183,#7184,#7185,#7193));
#7183 = ORIENTED_EDGE('',*,*,#1219,.T.);
#7184 = ORIENTED_EDGE('',*,*,#7168,.T.);
#7185 = ORIENTED_EDGE('',*,*,#7186,.T.);
#7186 = EDGE_CURVE('',#7161,#7187,#7189,.T.);
#7187 = VERTEX_POINT('',#7188);
#7188 = CARTESIAN_POINT('',(1.2,1.747161,3.1));
#7189 = LINE('',#7190,#7191);
#7190 = CARTESIAN_POINT('',(1.45,1.747161,3.1));
#7191 = VECTOR('',#7192,1.);
#7192 = DIRECTION('',(-1.,0.,0.));
#7193 = ORIENTED_EDGE('',*,*,#7194,.F.);
#7194 = EDGE_CURVE('',#1212,#7187,#7195,.T.);
#7195 = LINE('',#7196,#7197);
#7196 = CARTESIAN_POINT('',(1.2,1.747161,1.1));
#7197 = VECTOR('',#7198,1.);
#7198 = DIRECTION('',(0.,0.,1.));
#7199 = PLANE('',#7200);
#7200 = AXIS2_PLACEMENT_3D('',#7201,#7202,#7203);
#7201 = CARTESIAN_POINT('',(1.45,1.747161,1.1));
#7202 = DIRECTION('',(0.,-1.,0.));
#7203 = DIRECTION('',(-1.,0.,0.));
#7204 = ADVANCED_FACE('',(#7205),#7239,.F.);
#7205 = FACE_BOUND('',#7206,.F.);
#7206 = EDGE_LOOP('',(#7207,#7208,#7209,#7217,#7225,#7233));
#7207 = ORIENTED_EDGE('',*,*,#1211,.T.);
#7208 = ORIENTED_EDGE('',*,*,#7194,.T.);
#7209 = ORIENTED_EDGE('',*,*,#7210,.T.);
#7210 = EDGE_CURVE('',#7187,#7211,#7213,.T.);
#7211 = VERTEX_POINT('',#7212);
#7212 = CARTESIAN_POINT('',(1.2,1.547162,3.1));
#7213 = LINE('',#7214,#7215);
#7214 = CARTESIAN_POINT('',(1.2,1.747161,3.1));
#7215 = VECTOR('',#7216,1.);
#7216 = DIRECTION('',(0.,-1.,0.));
#7217 = ORIENTED_EDGE('',*,*,#7218,.F.);
#7218 = EDGE_CURVE('',#7219,#7211,#7221,.T.);
#7219 = VERTEX_POINT('',#7220);
#7220 = CARTESIAN_POINT('',(1.2,1.547162,1.1));
#7221 = LINE('',#7222,#7223);
#7222 = CARTESIAN_POINT('',(1.2,1.547162,1.1));
#7223 = VECTOR('',#7224,1.);
#7224 = DIRECTION('',(0.,0.,1.));
#7225 = ORIENTED_EDGE('',*,*,#7226,.F.);
#7226 = EDGE_CURVE('',#7227,#7219,#7229,.T.);
#7227 = VERTEX_POINT('',#7228);
#7228 = CARTESIAN_POINT('',(1.2,1.649653,1.1));
#7229 = LINE('',#7230,#7231);
#7230 = CARTESIAN_POINT('',(1.2,1.747161,1.1));
#7231 = VECTOR('',#7232,1.);
#7232 = DIRECTION('',(0.,-1.,0.));
#7233 = ORIENTED_EDGE('',*,*,#7234,.F.);
#7234 = EDGE_CURVE('',#1204,#7227,#7235,.T.);
#7235 = LINE('',#7236,#7237);
#7236 = CARTESIAN_POINT('',(1.2,1.649653,2.05));
#7237 = VECTOR('',#7238,1.);
#7238 = DIRECTION('',(-0.,0.,-1.));
#7239 = PLANE('',#7240);
#7240 = AXIS2_PLACEMENT_3D('',#7241,#7242,#7243);
#7241 = CARTESIAN_POINT('',(1.2,1.747161,1.1));
#7242 = DIRECTION('',(1.,0.,-0.));
#7243 = DIRECTION('',(0.,-1.,0.));
#7244 = ADVANCED_FACE('',(#7245),#7256,.F.);
#7245 = FACE_BOUND('',#7246,.F.);
#7246 = EDGE_LOOP('',(#7247,#7248,#7249,#7255));
#7247 = ORIENTED_EDGE('',*,*,#1203,.F.);
#7248 = ORIENTED_EDGE('',*,*,#7234,.T.);
#7249 = ORIENTED_EDGE('',*,*,#7250,.T.);
#7250 = EDGE_CURVE('',#7227,#4610,#7251,.T.);
#7251 = LINE('',#7252,#7253);
#7252 = CARTESIAN_POINT('',(9.101929,1.649653,1.1));
#7253 = VECTOR('',#7254,1.);
#7254 = DIRECTION('',(-1.,0.,0.));
#7255 = ORIENTED_EDGE('',*,*,#4609,.F.);
#7256 = PLANE('',#7257);
#7257 = AXIS2_PLACEMENT_3D('',#7258,#7259,#7260);
#7258 = CARTESIAN_POINT('',(9.101929,1.649653,3.));
#7259 = DIRECTION('',(0.,1.,0.));
#7260 = DIRECTION('',(-1.,0.,0.));
#7261 = ADVANCED_FACE('',(#7262),#7287,.F.);
#7262 = FACE_BOUND('',#7263,.F.);
#7263 = EDGE_LOOP('',(#7264,#7272,#7280,#7286));
#7264 = ORIENTED_EDGE('',*,*,#7265,.T.);
#7265 = EDGE_CURVE('',#1868,#7266,#7268,.T.);
#7266 = VERTEX_POINT('',#7267);
#7267 = CARTESIAN_POINT('',(0.8,3.549724,1.1));
#7268 = LINE('',#7269,#7270);
#7269 = CARTESIAN_POINT('',(0.8,3.549724,3.));
#7270 = VECTOR('',#7271,1.);
#7271 = DIRECTION('',(-0.,-0.,-1.));
#7272 = ORIENTED_EDGE('',*,*,#7273,.T.);
#7273 = EDGE_CURVE('',#7266,#7274,#7276,.T.);
#7274 = VERTEX_POINT('',#7275);
#7275 = CARTESIAN_POINT('',(0.8,2.749724,1.1));
#7276 = LINE('',#7277,#7278);
#7277 = CARTESIAN_POINT('',(0.8,3.549724,1.1));
#7278 = VECTOR('',#7279,1.);
#7279 = DIRECTION('',(0.,-1.,0.));
#7280 = ORIENTED_EDGE('',*,*,#7281,.F.);
#7281 = EDGE_CURVE('',#1870,#7274,#7282,.T.);
#7282 = LINE('',#7283,#7284);
#7283 = CARTESIAN_POINT('',(0.8,2.749724,3.));
#7284 = VECTOR('',#7285,1.);
#7285 = DIRECTION('',(-0.,-0.,-1.));
#7286 = ORIENTED_EDGE('',*,*,#1867,.F.);
#7287 = PLANE('',#7288);
#7288 = AXIS2_PLACEMENT_3D('',#7289,#7290,#7291);
#7289 = CARTESIAN_POINT('',(0.8,3.549724,3.));
#7290 = DIRECTION('',(-1.,0.,0.));
#7291 = DIRECTION('',(0.,-1.,0.));
#7292 = ADVANCED_FACE('',(#7293),#7311,.F.);
#7293 = FACE_BOUND('',#7294,.F.);
#7294 = EDGE_LOOP('',(#7295,#7296,#7297,#7305));
#7295 = ORIENTED_EDGE('',*,*,#2533,.F.);
#7296 = ORIENTED_EDGE('',*,*,#7281,.T.);
#7297 = ORIENTED_EDGE('',*,*,#7298,.T.);
#7298 = EDGE_CURVE('',#7274,#7299,#7301,.T.);
#7299 = VERTEX_POINT('',#7300);
#7300 = CARTESIAN_POINT('',(1.2,2.749724,1.1));
#7301 = LINE('',#7302,#7303);
#7302 = CARTESIAN_POINT('',(0.8,2.749724,1.1));
#7303 = VECTOR('',#7304,1.);
#7304 = DIRECTION('',(1.,0.,0.));
#7305 = ORIENTED_EDGE('',*,*,#7306,.T.);
#7306 = EDGE_CURVE('',#7299,#2526,#7307,.T.);
#7307 = LINE('',#7308,#7309);
#7308 = CARTESIAN_POINT('',(1.2,2.749724,2.05));
#7309 = VECTOR('',#7310,1.);
#7310 = DIRECTION('',(0.,0.,1.));
#7311 = PLANE('',#7312);
#7312 = AXIS2_PLACEMENT_3D('',#7313,#7314,#7315);
#7313 = CARTESIAN_POINT('',(0.8,2.749724,3.));
#7314 = DIRECTION('',(0.,-1.,0.));
#7315 = DIRECTION('',(1.,0.,0.));
#7316 = ADVANCED_FACE('',(#7317),#7351,.F.);
#7317 = FACE_BOUND('',#7318,.F.);
#7318 = EDGE_LOOP('',(#7319,#7327,#7335,#7343,#7349,#7350));
#7319 = ORIENTED_EDGE('',*,*,#7320,.F.);
#7320 = EDGE_CURVE('',#7321,#7299,#7323,.T.);
#7321 = VERTEX_POINT('',#7322);
#7322 = CARTESIAN_POINT('',(1.2,2.847161,1.1));
#7323 = LINE('',#7324,#7325);
#7324 = CARTESIAN_POINT('',(1.2,2.847161,1.1));
#7325 = VECTOR('',#7326,1.);
#7326 = DIRECTION('',(0.,-1.,0.));
#7327 = ORIENTED_EDGE('',*,*,#7328,.T.);
#7328 = EDGE_CURVE('',#7321,#7329,#7331,.T.);
#7329 = VERTEX_POINT('',#7330);
#7330 = CARTESIAN_POINT('',(1.2,2.847161,3.1));
#7331 = LINE('',#7332,#7333);
#7332 = CARTESIAN_POINT('',(1.2,2.847161,1.1));
#7333 = VECTOR('',#7334,1.);
#7334 = DIRECTION('',(0.,0.,1.));
#7335 = ORIENTED_EDGE('',*,*,#7336,.T.);
#7336 = EDGE_CURVE('',#7329,#7337,#7339,.T.);
#7337 = VERTEX_POINT('',#7338);
#7338 = CARTESIAN_POINT('',(1.2,2.647161,3.1));
#7339 = LINE('',#7340,#7341);
#7340 = CARTESIAN_POINT('',(1.2,2.847161,3.1));
#7341 = VECTOR('',#7342,1.);
#7342 = DIRECTION('',(0.,-1.,0.));
#7343 = ORIENTED_EDGE('',*,*,#7344,.F.);
#7344 = EDGE_CURVE('',#2518,#7337,#7345,.T.);
#7345 = LINE('',#7346,#7347);
#7346 = CARTESIAN_POINT('',(1.2,2.647161,1.1));
#7347 = VECTOR('',#7348,1.);
#7348 = DIRECTION('',(0.,0.,1.));
#7349 = ORIENTED_EDGE('',*,*,#2525,.T.);
#7350 = ORIENTED_EDGE('',*,*,#7306,.F.);
#7351 = PLANE('',#7352);
#7352 = AXIS2_PLACEMENT_3D('',#7353,#7354,#7355);
#7353 = CARTESIAN_POINT('',(1.2,2.847161,1.1));
#7354 = DIRECTION('',(1.,0.,-0.));
#7355 = DIRECTION('',(0.,-1.,0.));
#7356 = ADVANCED_FACE('',(#7357),#7375,.F.);
#7357 = FACE_BOUND('',#7358,.F.);
#7358 = EDGE_LOOP('',(#7359,#7360,#7361,#7369));
#7359 = ORIENTED_EDGE('',*,*,#2517,.T.);
#7360 = ORIENTED_EDGE('',*,*,#7344,.T.);
#7361 = ORIENTED_EDGE('',*,*,#7362,.T.);
#7362 = EDGE_CURVE('',#7337,#7363,#7365,.T.);
#7363 = VERTEX_POINT('',#7364);
#7364 = CARTESIAN_POINT('',(1.45,2.647161,3.1));
#7365 = LINE('',#7366,#7367);
#7366 = CARTESIAN_POINT('',(1.2,2.647161,3.1));
#7367 = VECTOR('',#7368,1.);
#7368 = DIRECTION('',(1.,0.,0.));
#7369 = ORIENTED_EDGE('',*,*,#7370,.F.);
#7370 = EDGE_CURVE('',#2510,#7363,#7371,.T.);
#7371 = LINE('',#7372,#7373);
#7372 = CARTESIAN_POINT('',(1.45,2.647161,1.1));
#7373 = VECTOR('',#7374,1.);
#7374 = DIRECTION('',(0.,0.,1.));
#7375 = PLANE('',#7376);
#7376 = AXIS2_PLACEMENT_3D('',#7377,#7378,#7379);
#7377 = CARTESIAN_POINT('',(1.2,2.647161,1.1));
#7378 = DIRECTION('',(0.,1.,0.));
#7379 = DIRECTION('',(1.,0.,0.));
#7380 = ADVANCED_FACE('',(#7381),#7415,.F.);
#7381 = FACE_BOUND('',#7382,.F.);
#7382 = EDGE_LOOP('',(#7383,#7384,#7385,#7393,#7401,#7409));
#7383 = ORIENTED_EDGE('',*,*,#2509,.T.);
#7384 = ORIENTED_EDGE('',*,*,#7370,.T.);
#7385 = ORIENTED_EDGE('',*,*,#7386,.T.);
#7386 = EDGE_CURVE('',#7363,#7387,#7389,.T.);
#7387 = VERTEX_POINT('',#7388);
#7388 = CARTESIAN_POINT('',(1.45,2.847161,3.1));
#7389 = LINE('',#7390,#7391);
#7390 = CARTESIAN_POINT('',(1.45,2.647161,3.1));
#7391 = VECTOR('',#7392,1.);
#7392 = DIRECTION('',(0.,1.,0.));
#7393 = ORIENTED_EDGE('',*,*,#7394,.F.);
#7394 = EDGE_CURVE('',#7395,#7387,#7397,.T.);
#7395 = VERTEX_POINT('',#7396);
#7396 = CARTESIAN_POINT('',(1.45,2.847161,1.1));
#7397 = LINE('',#7398,#7399);
#7398 = CARTESIAN_POINT('',(1.45,2.847161,1.1));
#7399 = VECTOR('',#7400,1.);
#7400 = DIRECTION('',(0.,0.,1.));
#7401 = ORIENTED_EDGE('',*,*,#7402,.F.);
#7402 = EDGE_CURVE('',#7403,#7395,#7405,.T.);
#7403 = VERTEX_POINT('',#7404);
#7404 = CARTESIAN_POINT('',(1.45,2.749724,1.1));
#7405 = LINE('',#7406,#7407);
#7406 = CARTESIAN_POINT('',(1.45,2.647161,1.1));
#7407 = VECTOR('',#7408,1.);
#7408 = DIRECTION('',(0.,1.,0.));
#7409 = ORIENTED_EDGE('',*,*,#7410,.F.);
#7410 = EDGE_CURVE('',#2502,#7403,#7411,.T.);
#7411 = LINE('',#7412,#7413);
#7412 = CARTESIAN_POINT('',(1.45,2.749724,2.05));
#7413 = VECTOR('',#7414,1.);
#7414 = DIRECTION('',(-0.,-0.,-1.));
#7415 = PLANE('',#7416);
#7416 = AXIS2_PLACEMENT_3D('',#7417,#7418,#7419);
#7417 = CARTESIAN_POINT('',(1.45,2.647161,1.1));
#7418 = DIRECTION('',(-1.,0.,0.));
#7419 = DIRECTION('',(0.,1.,0.));
#7420 = ADVANCED_FACE('',(#7421),#7439,.F.);
#7421 = FACE_BOUND('',#7422,.F.);
#7422 = EDGE_LOOP('',(#7423,#7424,#7425,#7433));
#7423 = ORIENTED_EDGE('',*,*,#2501,.F.);
#7424 = ORIENTED_EDGE('',*,*,#7410,.T.);
#7425 = ORIENTED_EDGE('',*,*,#7426,.T.);
#7426 = EDGE_CURVE('',#7403,#7427,#7429,.T.);
#7427 = VERTEX_POINT('',#7428);
#7428 = CARTESIAN_POINT('',(2.,2.749724,1.1));
#7429 = LINE('',#7430,#7431);
#7430 = CARTESIAN_POINT('',(0.8,2.749724,1.1));
#7431 = VECTOR('',#7432,1.);
#7432 = DIRECTION('',(1.,0.,0.));
#7433 = ORIENTED_EDGE('',*,*,#7434,.T.);
#7434 = EDGE_CURVE('',#7427,#2494,#7435,.T.);
#7435 = LINE('',#7436,#7437);
#7436 = CARTESIAN_POINT('',(2.,2.749724,2.05));
#7437 = VECTOR('',#7438,1.);
#7438 = DIRECTION('',(0.,0.,1.));
#7439 = PLANE('',#7440);
#7440 = AXIS2_PLACEMENT_3D('',#7441,#7442,#7443);
#7441 = CARTESIAN_POINT('',(0.8,2.749724,3.));
#7442 = DIRECTION('',(0.,-1.,0.));
#7443 = DIRECTION('',(1.,0.,0.));
#7444 = ADVANCED_FACE('',(#7445),#7479,.F.);
#7445 = FACE_BOUND('',#7446,.F.);
#7446 = EDGE_LOOP('',(#7447,#7455,#7463,#7471,#7477,#7478));
#7447 = ORIENTED_EDGE('',*,*,#7448,.F.);
#7448 = EDGE_CURVE('',#7449,#7427,#7451,.T.);
#7449 = VERTEX_POINT('',#7450);
#7450 = CARTESIAN_POINT('',(2.,2.847161,1.1));
#7451 = LINE('',#7452,#7453);
#7452 = CARTESIAN_POINT('',(2.,2.847161,1.1));
#7453 = VECTOR('',#7454,1.);
#7454 = DIRECTION('',(0.,-1.,0.));
#7455 = ORIENTED_EDGE('',*,*,#7456,.T.);
#7456 = EDGE_CURVE('',#7449,#7457,#7459,.T.);
#7457 = VERTEX_POINT('',#7458);
#7458 = CARTESIAN_POINT('',(2.,2.847161,3.1));
#7459 = LINE('',#7460,#7461);
#7460 = CARTESIAN_POINT('',(2.,2.847161,1.1));
#7461 = VECTOR('',#7462,1.);
#7462 = DIRECTION('',(0.,0.,1.));
#7463 = ORIENTED_EDGE('',*,*,#7464,.T.);
#7464 = EDGE_CURVE('',#7457,#7465,#7467,.T.);
#7465 = VERTEX_POINT('',#7466);
#7466 = CARTESIAN_POINT('',(2.,2.647161,3.1));
#7467 = LINE('',#7468,#7469);
#7468 = CARTESIAN_POINT('',(2.,2.847161,3.1));
#7469 = VECTOR('',#7470,1.);
#7470 = DIRECTION('',(0.,-1.,0.));
#7471 = ORIENTED_EDGE('',*,*,#7472,.F.);
#7472 = EDGE_CURVE('',#2486,#7465,#7473,.T.);
#7473 = LINE('',#7474,#7475);
#7474 = CARTESIAN_POINT('',(2.,2.647161,1.1));
#7475 = VECTOR('',#7476,1.);
#7476 = DIRECTION('',(0.,0.,1.));
#7477 = ORIENTED_EDGE('',*,*,#2493,.T.);
#7478 = ORIENTED_EDGE('',*,*,#7434,.F.);
#7479 = PLANE('',#7480);
#7480 = AXIS2_PLACEMENT_3D('',#7481,#7482,#7483);
#7481 = CARTESIAN_POINT('',(2.,2.847161,1.1));
#7482 = DIRECTION('',(1.,0.,-0.));
#7483 = DIRECTION('',(0.,-1.,0.));
#7484 = ADVANCED_FACE('',(#7485),#7503,.F.);
#7485 = FACE_BOUND('',#7486,.F.);
#7486 = EDGE_LOOP('',(#7487,#7488,#7489,#7497));
#7487 = ORIENTED_EDGE('',*,*,#2485,.T.);
#7488 = ORIENTED_EDGE('',*,*,#7472,.T.);
#7489 = ORIENTED_EDGE('',*,*,#7490,.T.);
#7490 = EDGE_CURVE('',#7465,#7491,#7493,.T.);
#7491 = VERTEX_POINT('',#7492);
#7492 = CARTESIAN_POINT('',(2.25,2.647161,3.1));
#7493 = LINE('',#7494,#7495);
#7494 = CARTESIAN_POINT('',(2.,2.647161,3.1));
#7495 = VECTOR('',#7496,1.);
#7496 = DIRECTION('',(1.,0.,0.));
#7497 = ORIENTED_EDGE('',*,*,#7498,.F.);
#7498 = EDGE_CURVE('',#2478,#7491,#7499,.T.);
#7499 = LINE('',#7500,#7501);
#7500 = CARTESIAN_POINT('',(2.25,2.647161,1.1));
#7501 = VECTOR('',#7502,1.);
#7502 = DIRECTION('',(0.,0.,1.));
#7503 = PLANE('',#7504);
#7504 = AXIS2_PLACEMENT_3D('',#7505,#7506,#7507);
#7505 = CARTESIAN_POINT('',(2.,2.647161,1.1));
#7506 = DIRECTION('',(0.,1.,0.));
#7507 = DIRECTION('',(1.,0.,0.));
#7508 = ADVANCED_FACE('',(#7509),#7543,.F.);
#7509 = FACE_BOUND('',#7510,.F.);
#7510 = EDGE_LOOP('',(#7511,#7512,#7513,#7521,#7529,#7537));
#7511 = ORIENTED_EDGE('',*,*,#2477,.T.);
#7512 = ORIENTED_EDGE('',*,*,#7498,.T.);
#7513 = ORIENTED_EDGE('',*,*,#7514,.T.);
#7514 = EDGE_CURVE('',#7491,#7515,#7517,.T.);
#7515 = VERTEX_POINT('',#7516);
#7516 = CARTESIAN_POINT('',(2.25,2.847161,3.1));
#7517 = LINE('',#7518,#7519);
#7518 = CARTESIAN_POINT('',(2.25,2.647161,3.1));
#7519 = VECTOR('',#7520,1.);
#7520 = DIRECTION('',(0.,1.,0.));
#7521 = ORIENTED_EDGE('',*,*,#7522,.F.);
#7522 = EDGE_CURVE('',#7523,#7515,#7525,.T.);
#7523 = VERTEX_POINT('',#7524);
#7524 = CARTESIAN_POINT('',(2.25,2.847161,1.1));
#7525 = LINE('',#7526,#7527);
#7526 = CARTESIAN_POINT('',(2.25,2.847161,1.1));
#7527 = VECTOR('',#7528,1.);
#7528 = DIRECTION('',(0.,0.,1.));
#7529 = ORIENTED_EDGE('',*,*,#7530,.F.);
#7530 = EDGE_CURVE('',#7531,#7523,#7533,.T.);
#7531 = VERTEX_POINT('',#7532);
#7532 = CARTESIAN_POINT('',(2.25,2.749724,1.1));
#7533 = LINE('',#7534,#7535);
#7534 = CARTESIAN_POINT('',(2.25,2.647161,1.1));
#7535 = VECTOR('',#7536,1.);
#7536 = DIRECTION('',(0.,1.,0.));
#7537 = ORIENTED_EDGE('',*,*,#7538,.F.);
#7538 = EDGE_CURVE('',#2470,#7531,#7539,.T.);
#7539 = LINE('',#7540,#7541);
#7540 = CARTESIAN_POINT('',(2.25,2.749724,2.05));
#7541 = VECTOR('',#7542,1.);
#7542 = DIRECTION('',(-0.,-0.,-1.));
#7543 = PLANE('',#7544);
#7544 = AXIS2_PLACEMENT_3D('',#7545,#7546,#7547);
#7545 = CARTESIAN_POINT('',(2.25,2.647161,1.1));
#7546 = DIRECTION('',(-1.,0.,0.));
#7547 = DIRECTION('',(0.,1.,0.));
#7548 = ADVANCED_FACE('',(#7549),#7567,.F.);
#7549 = FACE_BOUND('',#7550,.F.);
#7550 = EDGE_LOOP('',(#7551,#7552,#7553,#7561));
#7551 = ORIENTED_EDGE('',*,*,#2469,.F.);
#7552 = ORIENTED_EDGE('',*,*,#7538,.T.);
#7553 = ORIENTED_EDGE('',*,*,#7554,.T.);
#7554 = EDGE_CURVE('',#7531,#7555,#7557,.T.);
#7555 = VERTEX_POINT('',#7556);
#7556 = CARTESIAN_POINT('',(2.8,2.749724,1.1));
#7557 = LINE('',#7558,#7559);
#7558 = CARTESIAN_POINT('',(0.8,2.749724,1.1));
#7559 = VECTOR('',#7560,1.);
#7560 = DIRECTION('',(1.,0.,0.));
#7561 = ORIENTED_EDGE('',*,*,#7562,.T.);
#7562 = EDGE_CURVE('',#7555,#2462,#7563,.T.);
#7563 = LINE('',#7564,#7565);
#7564 = CARTESIAN_POINT('',(2.8,2.749724,2.05));
#7565 = VECTOR('',#7566,1.);
#7566 = DIRECTION('',(0.,0.,1.));
#7567 = PLANE('',#7568);
#7568 = AXIS2_PLACEMENT_3D('',#7569,#7570,#7571);
#7569 = CARTESIAN_POINT('',(0.8,2.749724,3.));
#7570 = DIRECTION('',(0.,-1.,0.));
#7571 = DIRECTION('',(1.,0.,0.));
#7572 = ADVANCED_FACE('',(#7573),#7607,.F.);
#7573 = FACE_BOUND('',#7574,.F.);
#7574 = EDGE_LOOP('',(#7575,#7583,#7591,#7599,#7605,#7606));
#7575 = ORIENTED_EDGE('',*,*,#7576,.F.);
#7576 = EDGE_CURVE('',#7577,#7555,#7579,.T.);
#7577 = VERTEX_POINT('',#7578);
#7578 = CARTESIAN_POINT('',(2.8,2.847161,1.1));
#7579 = LINE('',#7580,#7581);
#7580 = CARTESIAN_POINT('',(2.8,2.847161,1.1));
#7581 = VECTOR('',#7582,1.);
#7582 = DIRECTION('',(0.,-1.,0.));
#7583 = ORIENTED_EDGE('',*,*,#7584,.T.);
#7584 = EDGE_CURVE('',#7577,#7585,#7587,.T.);
#7585 = VERTEX_POINT('',#7586);
#7586 = CARTESIAN_POINT('',(2.8,2.847161,3.1));
#7587 = LINE('',#7588,#7589);
#7588 = CARTESIAN_POINT('',(2.8,2.847161,1.1));
#7589 = VECTOR('',#7590,1.);
#7590 = DIRECTION('',(0.,0.,1.));
#7591 = ORIENTED_EDGE('',*,*,#7592,.T.);
#7592 = EDGE_CURVE('',#7585,#7593,#7595,.T.);
#7593 = VERTEX_POINT('',#7594);
#7594 = CARTESIAN_POINT('',(2.8,2.647161,3.1));
#7595 = LINE('',#7596,#7597);
#7596 = CARTESIAN_POINT('',(2.8,2.847161,3.1));
#7597 = VECTOR('',#7598,1.);
#7598 = DIRECTION('',(0.,-1.,0.));
#7599 = ORIENTED_EDGE('',*,*,#7600,.F.);
#7600 = EDGE_CURVE('',#2454,#7593,#7601,.T.);
#7601 = LINE('',#7602,#7603);
#7602 = CARTESIAN_POINT('',(2.8,2.647161,1.1));
#7603 = VECTOR('',#7604,1.);
#7604 = DIRECTION('',(0.,0.,1.));
#7605 = ORIENTED_EDGE('',*,*,#2461,.T.);
#7606 = ORIENTED_EDGE('',*,*,#7562,.F.);
#7607 = PLANE('',#7608);
#7608 = AXIS2_PLACEMENT_3D('',#7609,#7610,#7611);
#7609 = CARTESIAN_POINT('',(2.8,2.847161,1.1));
#7610 = DIRECTION('',(1.,0.,-0.));
#7611 = DIRECTION('',(0.,-1.,0.));
#7612 = ADVANCED_FACE('',(#7613),#7631,.F.);
#7613 = FACE_BOUND('',#7614,.F.);
#7614 = EDGE_LOOP('',(#7615,#7616,#7617,#7625));
#7615 = ORIENTED_EDGE('',*,*,#2453,.T.);
#7616 = ORIENTED_EDGE('',*,*,#7600,.T.);
#7617 = ORIENTED_EDGE('',*,*,#7618,.T.);
#7618 = EDGE_CURVE('',#7593,#7619,#7621,.T.);
#7619 = VERTEX_POINT('',#7620);
#7620 = CARTESIAN_POINT('',(3.05,2.647161,3.1));
#7621 = LINE('',#7622,#7623);
#7622 = CARTESIAN_POINT('',(2.8,2.647161,3.1));
#7623 = VECTOR('',#7624,1.);
#7624 = DIRECTION('',(1.,0.,0.));
#7625 = ORIENTED_EDGE('',*,*,#7626,.F.);
#7626 = EDGE_CURVE('',#2446,#7619,#7627,.T.);
#7627 = LINE('',#7628,#7629);
#7628 = CARTESIAN_POINT('',(3.05,2.647161,1.1));
#7629 = VECTOR('',#7630,1.);
#7630 = DIRECTION('',(0.,0.,1.));
#7631 = PLANE('',#7632);
#7632 = AXIS2_PLACEMENT_3D('',#7633,#7634,#7635);
#7633 = CARTESIAN_POINT('',(2.8,2.647161,1.1));
#7634 = DIRECTION('',(0.,1.,0.));
#7635 = DIRECTION('',(1.,0.,0.));
#7636 = ADVANCED_FACE('',(#7637),#7671,.F.);
#7637 = FACE_BOUND('',#7638,.F.);
#7638 = EDGE_LOOP('',(#7639,#7640,#7641,#7649,#7657,#7665));
#7639 = ORIENTED_EDGE('',*,*,#2445,.T.);
#7640 = ORIENTED_EDGE('',*,*,#7626,.T.);
#7641 = ORIENTED_EDGE('',*,*,#7642,.T.);
#7642 = EDGE_CURVE('',#7619,#7643,#7645,.T.);
#7643 = VERTEX_POINT('',#7644);
#7644 = CARTESIAN_POINT('',(3.05,2.847161,3.1));
#7645 = LINE('',#7646,#7647);
#7646 = CARTESIAN_POINT('',(3.05,2.647161,3.1));
#7647 = VECTOR('',#7648,1.);
#7648 = DIRECTION('',(0.,1.,0.));
#7649 = ORIENTED_EDGE('',*,*,#7650,.F.);
#7650 = EDGE_CURVE('',#7651,#7643,#7653,.T.);
#7651 = VERTEX_POINT('',#7652);
#7652 = CARTESIAN_POINT('',(3.05,2.847161,1.1));
#7653 = LINE('',#7654,#7655);
#7654 = CARTESIAN_POINT('',(3.05,2.847161,1.1));
#7655 = VECTOR('',#7656,1.);
#7656 = DIRECTION('',(0.,0.,1.));
#7657 = ORIENTED_EDGE('',*,*,#7658,.F.);
#7658 = EDGE_CURVE('',#7659,#7651,#7661,.T.);
#7659 = VERTEX_POINT('',#7660);
#7660 = CARTESIAN_POINT('',(3.05,2.749724,1.1));
#7661 = LINE('',#7662,#7663);
#7662 = CARTESIAN_POINT('',(3.05,2.647161,1.1));
#7663 = VECTOR('',#7664,1.);
#7664 = DIRECTION('',(0.,1.,0.));
#7665 = ORIENTED_EDGE('',*,*,#7666,.F.);
#7666 = EDGE_CURVE('',#2438,#7659,#7667,.T.);
#7667 = LINE('',#7668,#7669);
#7668 = CARTESIAN_POINT('',(3.05,2.749724,2.05));
#7669 = VECTOR('',#7670,1.);
#7670 = DIRECTION('',(-0.,-0.,-1.));
#7671 = PLANE('',#7672);
#7672 = AXIS2_PLACEMENT_3D('',#7673,#7674,#7675);
#7673 = CARTESIAN_POINT('',(3.05,2.647161,1.1));
#7674 = DIRECTION('',(-1.,0.,0.));
#7675 = DIRECTION('',(0.,1.,0.));
#7676 = ADVANCED_FACE('',(#7677),#7695,.F.);
#7677 = FACE_BOUND('',#7678,.F.);
#7678 = EDGE_LOOP('',(#7679,#7680,#7681,#7689));
#7679 = ORIENTED_EDGE('',*,*,#2437,.F.);
#7680 = ORIENTED_EDGE('',*,*,#7666,.T.);
#7681 = ORIENTED_EDGE('',*,*,#7682,.T.);
#7682 = EDGE_CURVE('',#7659,#7683,#7685,.T.);
#7683 = VERTEX_POINT('',#7684);
#7684 = CARTESIAN_POINT('',(3.6,2.749724,1.1));
#7685 = LINE('',#7686,#7687);
#7686 = CARTESIAN_POINT('',(0.8,2.749724,1.1));
#7687 = VECTOR('',#7688,1.);
#7688 = DIRECTION('',(1.,0.,0.));
#7689 = ORIENTED_EDGE('',*,*,#7690,.T.);
#7690 = EDGE_CURVE('',#7683,#2430,#7691,.T.);
#7691 = LINE('',#7692,#7693);
#7692 = CARTESIAN_POINT('',(3.6,2.749724,2.05));
#7693 = VECTOR('',#7694,1.);
#7694 = DIRECTION('',(0.,0.,1.));
#7695 = PLANE('',#7696);
#7696 = AXIS2_PLACEMENT_3D('',#7697,#7698,#7699);
#7697 = CARTESIAN_POINT('',(0.8,2.749724,3.));
#7698 = DIRECTION('',(0.,-1.,0.));
#7699 = DIRECTION('',(1.,0.,0.));
#7700 = ADVANCED_FACE('',(#7701),#7735,.F.);
#7701 = FACE_BOUND('',#7702,.F.);
#7702 = EDGE_LOOP('',(#7703,#7711,#7719,#7727,#7733,#7734));
#7703 = ORIENTED_EDGE('',*,*,#7704,.F.);
#7704 = EDGE_CURVE('',#7705,#7683,#7707,.T.);
#7705 = VERTEX_POINT('',#7706);
#7706 = CARTESIAN_POINT('',(3.6,2.847161,1.1));
#7707 = LINE('',#7708,#7709);
#7708 = CARTESIAN_POINT('',(3.6,2.847161,1.1));
#7709 = VECTOR('',#7710,1.);
#7710 = DIRECTION('',(0.,-1.,0.));
#7711 = ORIENTED_EDGE('',*,*,#7712,.T.);
#7712 = EDGE_CURVE('',#7705,#7713,#7715,.T.);
#7713 = VERTEX_POINT('',#7714);
#7714 = CARTESIAN_POINT('',(3.6,2.847161,3.1));
#7715 = LINE('',#7716,#7717);
#7716 = CARTESIAN_POINT('',(3.6,2.847161,1.1));
#7717 = VECTOR('',#7718,1.);
#7718 = DIRECTION('',(0.,0.,1.));
#7719 = ORIENTED_EDGE('',*,*,#7720,.T.);
#7720 = EDGE_CURVE('',#7713,#7721,#7723,.T.);
#7721 = VERTEX_POINT('',#7722);
#7722 = CARTESIAN_POINT('',(3.6,2.647161,3.1));
#7723 = LINE('',#7724,#7725);
#7724 = CARTESIAN_POINT('',(3.6,2.847161,3.1));
#7725 = VECTOR('',#7726,1.);
#7726 = DIRECTION('',(0.,-1.,0.));
#7727 = ORIENTED_EDGE('',*,*,#7728,.F.);
#7728 = EDGE_CURVE('',#2422,#7721,#7729,.T.);
#7729 = LINE('',#7730,#7731);
#7730 = CARTESIAN_POINT('',(3.6,2.647161,1.1));
#7731 = VECTOR('',#7732,1.);
#7732 = DIRECTION('',(0.,0.,1.));
#7733 = ORIENTED_EDGE('',*,*,#2429,.T.);
#7734 = ORIENTED_EDGE('',*,*,#7690,.F.);
#7735 = PLANE('',#7736);
#7736 = AXIS2_PLACEMENT_3D('',#7737,#7738,#7739);
#7737 = CARTESIAN_POINT('',(3.6,2.847161,1.1));
#7738 = DIRECTION('',(1.,0.,-0.));
#7739 = DIRECTION('',(0.,-1.,0.));
#7740 = ADVANCED_FACE('',(#7741),#7759,.F.);
#7741 = FACE_BOUND('',#7742,.F.);
#7742 = EDGE_LOOP('',(#7743,#7744,#7745,#7753));
#7743 = ORIENTED_EDGE('',*,*,#2421,.T.);
#7744 = ORIENTED_EDGE('',*,*,#7728,.T.);
#7745 = ORIENTED_EDGE('',*,*,#7746,.T.);
#7746 = EDGE_CURVE('',#7721,#7747,#7749,.T.);
#7747 = VERTEX_POINT('',#7748);
#7748 = CARTESIAN_POINT('',(3.85,2.647161,3.1));
#7749 = LINE('',#7750,#7751);
#7750 = CARTESIAN_POINT('',(3.6,2.647161,3.1));
#7751 = VECTOR('',#7752,1.);
#7752 = DIRECTION('',(1.,0.,0.));
#7753 = ORIENTED_EDGE('',*,*,#7754,.F.);
#7754 = EDGE_CURVE('',#2414,#7747,#7755,.T.);
#7755 = LINE('',#7756,#7757);
#7756 = CARTESIAN_POINT('',(3.85,2.647161,1.1));
#7757 = VECTOR('',#7758,1.);
#7758 = DIRECTION('',(0.,0.,1.));
#7759 = PLANE('',#7760);
#7760 = AXIS2_PLACEMENT_3D('',#7761,#7762,#7763);
#7761 = CARTESIAN_POINT('',(3.6,2.647161,1.1));
#7762 = DIRECTION('',(0.,1.,0.));
#7763 = DIRECTION('',(1.,0.,0.));
#7764 = ADVANCED_FACE('',(#7765),#7799,.F.);
#7765 = FACE_BOUND('',#7766,.F.);
#7766 = EDGE_LOOP('',(#7767,#7768,#7769,#7777,#7785,#7793));
#7767 = ORIENTED_EDGE('',*,*,#2413,.T.);
#7768 = ORIENTED_EDGE('',*,*,#7754,.T.);
#7769 = ORIENTED_EDGE('',*,*,#7770,.T.);
#7770 = EDGE_CURVE('',#7747,#7771,#7773,.T.);
#7771 = VERTEX_POINT('',#7772);
#7772 = CARTESIAN_POINT('',(3.85,2.847161,3.1));
#7773 = LINE('',#7774,#7775);
#7774 = CARTESIAN_POINT('',(3.85,2.647161,3.1));
#7775 = VECTOR('',#7776,1.);
#7776 = DIRECTION('',(0.,1.,0.));
#7777 = ORIENTED_EDGE('',*,*,#7778,.F.);
#7778 = EDGE_CURVE('',#7779,#7771,#7781,.T.);
#7779 = VERTEX_POINT('',#7780);
#7780 = CARTESIAN_POINT('',(3.85,2.847161,1.1));
#7781 = LINE('',#7782,#7783);
#7782 = CARTESIAN_POINT('',(3.85,2.847161,1.1));
#7783 = VECTOR('',#7784,1.);
#7784 = DIRECTION('',(0.,0.,1.));
#7785 = ORIENTED_EDGE('',*,*,#7786,.F.);
#7786 = EDGE_CURVE('',#7787,#7779,#7789,.T.);
#7787 = VERTEX_POINT('',#7788);
#7788 = CARTESIAN_POINT('',(3.85,2.749724,1.1));
#7789 = LINE('',#7790,#7791);
#7790 = CARTESIAN_POINT('',(3.85,2.647161,1.1));
#7791 = VECTOR('',#7792,1.);
#7792 = DIRECTION('',(0.,1.,0.));
#7793 = ORIENTED_EDGE('',*,*,#7794,.F.);
#7794 = EDGE_CURVE('',#2406,#7787,#7795,.T.);
#7795 = LINE('',#7796,#7797);
#7796 = CARTESIAN_POINT('',(3.85,2.749724,2.05));
#7797 = VECTOR('',#7798,1.);
#7798 = DIRECTION('',(-0.,-0.,-1.));
#7799 = PLANE('',#7800);
#7800 = AXIS2_PLACEMENT_3D('',#7801,#7802,#7803);
#7801 = CARTESIAN_POINT('',(3.85,2.647161,1.1));
#7802 = DIRECTION('',(-1.,0.,0.));
#7803 = DIRECTION('',(0.,1.,0.));
#7804 = ADVANCED_FACE('',(#7805),#7823,.F.);
#7805 = FACE_BOUND('',#7806,.F.);
#7806 = EDGE_LOOP('',(#7807,#7808,#7809,#7817));
#7807 = ORIENTED_EDGE('',*,*,#2405,.F.);
#7808 = ORIENTED_EDGE('',*,*,#7794,.T.);
#7809 = ORIENTED_EDGE('',*,*,#7810,.T.);
#7810 = EDGE_CURVE('',#7787,#7811,#7813,.T.);
#7811 = VERTEX_POINT('',#7812);
#7812 = CARTESIAN_POINT('',(4.4,2.749724,1.1));
#7813 = LINE('',#7814,#7815);
#7814 = CARTESIAN_POINT('',(0.8,2.749724,1.1));
#7815 = VECTOR('',#7816,1.);
#7816 = DIRECTION('',(1.,0.,0.));
#7817 = ORIENTED_EDGE('',*,*,#7818,.T.);
#7818 = EDGE_CURVE('',#7811,#2398,#7819,.T.);
#7819 = LINE('',#7820,#7821);
#7820 = CARTESIAN_POINT('',(4.4,2.749724,2.05));
#7821 = VECTOR('',#7822,1.);
#7822 = DIRECTION('',(0.,0.,1.));
#7823 = PLANE('',#7824);
#7824 = AXIS2_PLACEMENT_3D('',#7825,#7826,#7827);
#7825 = CARTESIAN_POINT('',(0.8,2.749724,3.));
#7826 = DIRECTION('',(0.,-1.,0.));
#7827 = DIRECTION('',(1.,0.,0.));
#7828 = ADVANCED_FACE('',(#7829),#7863,.F.);
#7829 = FACE_BOUND('',#7830,.F.);
#7830 = EDGE_LOOP('',(#7831,#7839,#7847,#7855,#7861,#7862));
#7831 = ORIENTED_EDGE('',*,*,#7832,.F.);
#7832 = EDGE_CURVE('',#7833,#7811,#7835,.T.);
#7833 = VERTEX_POINT('',#7834);
#7834 = CARTESIAN_POINT('',(4.4,2.847161,1.1));
#7835 = LINE('',#7836,#7837);
#7836 = CARTESIAN_POINT('',(4.4,2.847161,1.1));
#7837 = VECTOR('',#7838,1.);
#7838 = DIRECTION('',(0.,-1.,0.));
#7839 = ORIENTED_EDGE('',*,*,#7840,.T.);
#7840 = EDGE_CURVE('',#7833,#7841,#7843,.T.);
#7841 = VERTEX_POINT('',#7842);
#7842 = CARTESIAN_POINT('',(4.4,2.847161,3.1));
#7843 = LINE('',#7844,#7845);
#7844 = CARTESIAN_POINT('',(4.4,2.847161,1.1));
#7845 = VECTOR('',#7846,1.);
#7846 = DIRECTION('',(0.,0.,1.));
#7847 = ORIENTED_EDGE('',*,*,#7848,.T.);
#7848 = EDGE_CURVE('',#7841,#7849,#7851,.T.);
#7849 = VERTEX_POINT('',#7850);
#7850 = CARTESIAN_POINT('',(4.4,2.647161,3.1));
#7851 = LINE('',#7852,#7853);
#7852 = CARTESIAN_POINT('',(4.4,2.847161,3.1));
#7853 = VECTOR('',#7854,1.);
#7854 = DIRECTION('',(0.,-1.,0.));
#7855 = ORIENTED_EDGE('',*,*,#7856,.F.);
#7856 = EDGE_CURVE('',#2390,#7849,#7857,.T.);
#7857 = LINE('',#7858,#7859);
#7858 = CARTESIAN_POINT('',(4.4,2.647161,1.1));
#7859 = VECTOR('',#7860,1.);
#7860 = DIRECTION('',(0.,0.,1.));
#7861 = ORIENTED_EDGE('',*,*,#2397,.T.);
#7862 = ORIENTED_EDGE('',*,*,#7818,.F.);
#7863 = PLANE('',#7864);
#7864 = AXIS2_PLACEMENT_3D('',#7865,#7866,#7867);
#7865 = CARTESIAN_POINT('',(4.4,2.847161,1.1));
#7866 = DIRECTION('',(1.,0.,-0.));
#7867 = DIRECTION('',(0.,-1.,0.));
#7868 = ADVANCED_FACE('',(#7869),#7887,.F.);
#7869 = FACE_BOUND('',#7870,.F.);
#7870 = EDGE_LOOP('',(#7871,#7872,#7873,#7881));
#7871 = ORIENTED_EDGE('',*,*,#2389,.T.);
#7872 = ORIENTED_EDGE('',*,*,#7856,.T.);
#7873 = ORIENTED_EDGE('',*,*,#7874,.T.);
#7874 = EDGE_CURVE('',#7849,#7875,#7877,.T.);
#7875 = VERTEX_POINT('',#7876);
#7876 = CARTESIAN_POINT('',(4.65,2.647161,3.1));
#7877 = LINE('',#7878,#7879);
#7878 = CARTESIAN_POINT('',(4.4,2.647161,3.1));
#7879 = VECTOR('',#7880,1.);
#7880 = DIRECTION('',(1.,0.,0.));
#7881 = ORIENTED_EDGE('',*,*,#7882,.F.);
#7882 = EDGE_CURVE('',#2382,#7875,#7883,.T.);
#7883 = LINE('',#7884,#7885);
#7884 = CARTESIAN_POINT('',(4.65,2.647161,1.1));
#7885 = VECTOR('',#7886,1.);
#7886 = DIRECTION('',(0.,0.,1.));
#7887 = PLANE('',#7888);
#7888 = AXIS2_PLACEMENT_3D('',#7889,#7890,#7891);
#7889 = CARTESIAN_POINT('',(4.4,2.647161,1.1));
#7890 = DIRECTION('',(0.,1.,0.));
#7891 = DIRECTION('',(1.,0.,0.));
#7892 = ADVANCED_FACE('',(#7893),#7927,.F.);
#7893 = FACE_BOUND('',#7894,.F.);
#7894 = EDGE_LOOP('',(#7895,#7896,#7897,#7905,#7913,#7921));
#7895 = ORIENTED_EDGE('',*,*,#2381,.T.);
#7896 = ORIENTED_EDGE('',*,*,#7882,.T.);
#7897 = ORIENTED_EDGE('',*,*,#7898,.T.);
#7898 = EDGE_CURVE('',#7875,#7899,#7901,.T.);
#7899 = VERTEX_POINT('',#7900);
#7900 = CARTESIAN_POINT('',(4.65,2.847161,3.1));
#7901 = LINE('',#7902,#7903);
#7902 = CARTESIAN_POINT('',(4.65,2.647161,3.1));
#7903 = VECTOR('',#7904,1.);
#7904 = DIRECTION('',(0.,1.,0.));
#7905 = ORIENTED_EDGE('',*,*,#7906,.F.);
#7906 = EDGE_CURVE('',#7907,#7899,#7909,.T.);
#7907 = VERTEX_POINT('',#7908);
#7908 = CARTESIAN_POINT('',(4.65,2.847161,1.1));
#7909 = LINE('',#7910,#7911);
#7910 = CARTESIAN_POINT('',(4.65,2.847161,1.1));
#7911 = VECTOR('',#7912,1.);
#7912 = DIRECTION('',(0.,0.,1.));
#7913 = ORIENTED_EDGE('',*,*,#7914,.F.);
#7914 = EDGE_CURVE('',#7915,#7907,#7917,.T.);
#7915 = VERTEX_POINT('',#7916);
#7916 = CARTESIAN_POINT('',(4.65,2.749724,1.1));
#7917 = LINE('',#7918,#7919);
#7918 = CARTESIAN_POINT('',(4.65,2.647161,1.1));
#7919 = VECTOR('',#7920,1.);
#7920 = DIRECTION('',(0.,1.,0.));
#7921 = ORIENTED_EDGE('',*,*,#7922,.F.);
#7922 = EDGE_CURVE('',#2374,#7915,#7923,.T.);
#7923 = LINE('',#7924,#7925);
#7924 = CARTESIAN_POINT('',(4.65,2.749724,2.05));
#7925 = VECTOR('',#7926,1.);
#7926 = DIRECTION('',(-0.,-0.,-1.));
#7927 = PLANE('',#7928);
#7928 = AXIS2_PLACEMENT_3D('',#7929,#7930,#7931);
#7929 = CARTESIAN_POINT('',(4.65,2.647161,1.1));
#7930 = DIRECTION('',(-1.,0.,0.));
#7931 = DIRECTION('',(0.,1.,0.));
#7932 = ADVANCED_FACE('',(#7933),#7951,.F.);
#7933 = FACE_BOUND('',#7934,.F.);
#7934 = EDGE_LOOP('',(#7935,#7936,#7937,#7945));
#7935 = ORIENTED_EDGE('',*,*,#2373,.F.);
#7936 = ORIENTED_EDGE('',*,*,#7922,.T.);
#7937 = ORIENTED_EDGE('',*,*,#7938,.T.);
#7938 = EDGE_CURVE('',#7915,#7939,#7941,.T.);
#7939 = VERTEX_POINT('',#7940);
#7940 = CARTESIAN_POINT('',(5.2,2.749724,1.1));
#7941 = LINE('',#7942,#7943);
#7942 = CARTESIAN_POINT('',(0.8,2.749724,1.1));
#7943 = VECTOR('',#7944,1.);
#7944 = DIRECTION('',(1.,0.,0.));
#7945 = ORIENTED_EDGE('',*,*,#7946,.T.);
#7946 = EDGE_CURVE('',#7939,#2366,#7947,.T.);
#7947 = LINE('',#7948,#7949);
#7948 = CARTESIAN_POINT('',(5.2,2.749724,2.05));
#7949 = VECTOR('',#7950,1.);
#7950 = DIRECTION('',(0.,0.,1.));
#7951 = PLANE('',#7952);
#7952 = AXIS2_PLACEMENT_3D('',#7953,#7954,#7955);
#7953 = CARTESIAN_POINT('',(0.8,2.749724,3.));
#7954 = DIRECTION('',(0.,-1.,0.));
#7955 = DIRECTION('',(1.,0.,0.));
#7956 = ADVANCED_FACE('',(#7957),#7991,.F.);
#7957 = FACE_BOUND('',#7958,.F.);
#7958 = EDGE_LOOP('',(#7959,#7967,#7975,#7983,#7989,#7990));
#7959 = ORIENTED_EDGE('',*,*,#7960,.F.);
#7960 = EDGE_CURVE('',#7961,#7939,#7963,.T.);
#7961 = VERTEX_POINT('',#7962);
#7962 = CARTESIAN_POINT('',(5.2,2.847161,1.1));
#7963 = LINE('',#7964,#7965);
#7964 = CARTESIAN_POINT('',(5.2,2.847161,1.1));
#7965 = VECTOR('',#7966,1.);
#7966 = DIRECTION('',(0.,-1.,0.));
#7967 = ORIENTED_EDGE('',*,*,#7968,.T.);
#7968 = EDGE_CURVE('',#7961,#7969,#7971,.T.);
#7969 = VERTEX_POINT('',#7970);
#7970 = CARTESIAN_POINT('',(5.2,2.847161,3.1));
#7971 = LINE('',#7972,#7973);
#7972 = CARTESIAN_POINT('',(5.2,2.847161,1.1));
#7973 = VECTOR('',#7974,1.);
#7974 = DIRECTION('',(0.,0.,1.));
#7975 = ORIENTED_EDGE('',*,*,#7976,.T.);
#7976 = EDGE_CURVE('',#7969,#7977,#7979,.T.);
#7977 = VERTEX_POINT('',#7978);
#7978 = CARTESIAN_POINT('',(5.2,2.647161,3.1));
#7979 = LINE('',#7980,#7981);
#7980 = CARTESIAN_POINT('',(5.2,2.847161,3.1));
#7981 = VECTOR('',#7982,1.);
#7982 = DIRECTION('',(0.,-1.,0.));
#7983 = ORIENTED_EDGE('',*,*,#7984,.F.);
#7984 = EDGE_CURVE('',#2358,#7977,#7985,.T.);
#7985 = LINE('',#7986,#7987);
#7986 = CARTESIAN_POINT('',(5.2,2.647161,1.1));
#7987 = VECTOR('',#7988,1.);
#7988 = DIRECTION('',(0.,0.,1.));
#7989 = ORIENTED_EDGE('',*,*,#2365,.T.);
#7990 = ORIENTED_EDGE('',*,*,#7946,.F.);
#7991 = PLANE('',#7992);
#7992 = AXIS2_PLACEMENT_3D('',#7993,#7994,#7995);
#7993 = CARTESIAN_POINT('',(5.2,2.847161,1.1));
#7994 = DIRECTION('',(1.,0.,-0.));
#7995 = DIRECTION('',(0.,-1.,0.));
#7996 = ADVANCED_FACE('',(#7997),#8015,.F.);
#7997 = FACE_BOUND('',#7998,.F.);
#7998 = EDGE_LOOP('',(#7999,#8000,#8001,#8009));
#7999 = ORIENTED_EDGE('',*,*,#2357,.T.);
#8000 = ORIENTED_EDGE('',*,*,#7984,.T.);
#8001 = ORIENTED_EDGE('',*,*,#8002,.T.);
#8002 = EDGE_CURVE('',#7977,#8003,#8005,.T.);
#8003 = VERTEX_POINT('',#8004);
#8004 = CARTESIAN_POINT('',(5.45,2.647161,3.1));
#8005 = LINE('',#8006,#8007);
#8006 = CARTESIAN_POINT('',(5.2,2.647161,3.1));
#8007 = VECTOR('',#8008,1.);
#8008 = DIRECTION('',(1.,0.,0.));
#8009 = ORIENTED_EDGE('',*,*,#8010,.F.);
#8010 = EDGE_CURVE('',#2350,#8003,#8011,.T.);
#8011 = LINE('',#8012,#8013);
#8012 = CARTESIAN_POINT('',(5.45,2.647161,1.1));
#8013 = VECTOR('',#8014,1.);
#8014 = DIRECTION('',(0.,0.,1.));
#8015 = PLANE('',#8016);
#8016 = AXIS2_PLACEMENT_3D('',#8017,#8018,#8019);
#8017 = CARTESIAN_POINT('',(5.2,2.647161,1.1));
#8018 = DIRECTION('',(0.,1.,0.));
#8019 = DIRECTION('',(1.,0.,0.));
#8020 = ADVANCED_FACE('',(#8021),#8055,.F.);
#8021 = FACE_BOUND('',#8022,.F.);
#8022 = EDGE_LOOP('',(#8023,#8024,#8025,#8033,#8041,#8049));
#8023 = ORIENTED_EDGE('',*,*,#2349,.T.);
#8024 = ORIENTED_EDGE('',*,*,#8010,.T.);
#8025 = ORIENTED_EDGE('',*,*,#8026,.T.);
#8026 = EDGE_CURVE('',#8003,#8027,#8029,.T.);
#8027 = VERTEX_POINT('',#8028);
#8028 = CARTESIAN_POINT('',(5.45,2.847161,3.1));
#8029 = LINE('',#8030,#8031);
#8030 = CARTESIAN_POINT('',(5.45,2.647161,3.1));
#8031 = VECTOR('',#8032,1.);
#8032 = DIRECTION('',(0.,1.,0.));
#8033 = ORIENTED_EDGE('',*,*,#8034,.F.);
#8034 = EDGE_CURVE('',#8035,#8027,#8037,.T.);
#8035 = VERTEX_POINT('',#8036);
#8036 = CARTESIAN_POINT('',(5.45,2.847161,1.1));
#8037 = LINE('',#8038,#8039);
#8038 = CARTESIAN_POINT('',(5.45,2.847161,1.1));
#8039 = VECTOR('',#8040,1.);
#8040 = DIRECTION('',(0.,0.,1.));
#8041 = ORIENTED_EDGE('',*,*,#8042,.F.);
#8042 = EDGE_CURVE('',#8043,#8035,#8045,.T.);
#8043 = VERTEX_POINT('',#8044);
#8044 = CARTESIAN_POINT('',(5.45,2.749724,1.1));
#8045 = LINE('',#8046,#8047);
#8046 = CARTESIAN_POINT('',(5.45,2.647161,1.1));
#8047 = VECTOR('',#8048,1.);
#8048 = DIRECTION('',(0.,1.,0.));
#8049 = ORIENTED_EDGE('',*,*,#8050,.F.);
#8050 = EDGE_CURVE('',#2342,#8043,#8051,.T.);
#8051 = LINE('',#8052,#8053);
#8052 = CARTESIAN_POINT('',(5.45,2.749724,2.05));
#8053 = VECTOR('',#8054,1.);
#8054 = DIRECTION('',(-0.,-0.,-1.));
#8055 = PLANE('',#8056);
#8056 = AXIS2_PLACEMENT_3D('',#8057,#8058,#8059);
#8057 = CARTESIAN_POINT('',(5.45,2.647161,1.1));
#8058 = DIRECTION('',(-1.,0.,0.));
#8059 = DIRECTION('',(0.,1.,0.));
#8060 = ADVANCED_FACE('',(#8061),#8079,.F.);
#8061 = FACE_BOUND('',#8062,.F.);
#8062 = EDGE_LOOP('',(#8063,#8064,#8065,#8073));
#8063 = ORIENTED_EDGE('',*,*,#2341,.F.);
#8064 = ORIENTED_EDGE('',*,*,#8050,.T.);
#8065 = ORIENTED_EDGE('',*,*,#8066,.T.);
#8066 = EDGE_CURVE('',#8043,#8067,#8069,.T.);
#8067 = VERTEX_POINT('',#8068);
#8068 = CARTESIAN_POINT('',(6.,2.749724,1.1));
#8069 = LINE('',#8070,#8071);
#8070 = CARTESIAN_POINT('',(0.8,2.749724,1.1));
#8071 = VECTOR('',#8072,1.);
#8072 = DIRECTION('',(1.,0.,0.));
#8073 = ORIENTED_EDGE('',*,*,#8074,.T.);
#8074 = EDGE_CURVE('',#8067,#2334,#8075,.T.);
#8075 = LINE('',#8076,#8077);
#8076 = CARTESIAN_POINT('',(6.,2.749724,2.05));
#8077 = VECTOR('',#8078,1.);
#8078 = DIRECTION('',(0.,0.,1.));
#8079 = PLANE('',#8080);
#8080 = AXIS2_PLACEMENT_3D('',#8081,#8082,#8083);
#8081 = CARTESIAN_POINT('',(0.8,2.749724,3.));
#8082 = DIRECTION('',(0.,-1.,0.));
#8083 = DIRECTION('',(1.,0.,0.));
#8084 = ADVANCED_FACE('',(#8085),#8119,.F.);
#8085 = FACE_BOUND('',#8086,.F.);
#8086 = EDGE_LOOP('',(#8087,#8095,#8103,#8111,#8117,#8118));
#8087 = ORIENTED_EDGE('',*,*,#8088,.F.);
#8088 = EDGE_CURVE('',#8089,#8067,#8091,.T.);
#8089 = VERTEX_POINT('',#8090);
#8090 = CARTESIAN_POINT('',(6.,2.847161,1.1));
#8091 = LINE('',#8092,#8093);
#8092 = CARTESIAN_POINT('',(6.,2.847161,1.1));
#8093 = VECTOR('',#8094,1.);
#8094 = DIRECTION('',(0.,-1.,0.));
#8095 = ORIENTED_EDGE('',*,*,#8096,.T.);
#8096 = EDGE_CURVE('',#8089,#8097,#8099,.T.);
#8097 = VERTEX_POINT('',#8098);
#8098 = CARTESIAN_POINT('',(6.,2.847161,3.1));
#8099 = LINE('',#8100,#8101);
#8100 = CARTESIAN_POINT('',(6.,2.847161,1.1));
#8101 = VECTOR('',#8102,1.);
#8102 = DIRECTION('',(0.,0.,1.));
#8103 = ORIENTED_EDGE('',*,*,#8104,.T.);
#8104 = EDGE_CURVE('',#8097,#8105,#8107,.T.);
#8105 = VERTEX_POINT('',#8106);
#8106 = CARTESIAN_POINT('',(6.,2.647161,3.1));
#8107 = LINE('',#8108,#8109);
#8108 = CARTESIAN_POINT('',(6.,2.847161,3.1));
#8109 = VECTOR('',#8110,1.);
#8110 = DIRECTION('',(0.,-1.,0.));
#8111 = ORIENTED_EDGE('',*,*,#8112,.F.);
#8112 = EDGE_CURVE('',#2326,#8105,#8113,.T.);
#8113 = LINE('',#8114,#8115);
#8114 = CARTESIAN_POINT('',(6.,2.647161,1.1));
#8115 = VECTOR('',#8116,1.);
#8116 = DIRECTION('',(0.,0.,1.));
#8117 = ORIENTED_EDGE('',*,*,#2333,.T.);
#8118 = ORIENTED_EDGE('',*,*,#8074,.F.);
#8119 = PLANE('',#8120);
#8120 = AXIS2_PLACEMENT_3D('',#8121,#8122,#8123);
#8121 = CARTESIAN_POINT('',(6.,2.847161,1.1));
#8122 = DIRECTION('',(1.,0.,-0.));
#8123 = DIRECTION('',(0.,-1.,0.));
#8124 = ADVANCED_FACE('',(#8125),#8143,.F.);
#8125 = FACE_BOUND('',#8126,.F.);
#8126 = EDGE_LOOP('',(#8127,#8128,#8129,#8137));
#8127 = ORIENTED_EDGE('',*,*,#2325,.T.);
#8128 = ORIENTED_EDGE('',*,*,#8112,.T.);
#8129 = ORIENTED_EDGE('',*,*,#8130,.T.);
#8130 = EDGE_CURVE('',#8105,#8131,#8133,.T.);
#8131 = VERTEX_POINT('',#8132);
#8132 = CARTESIAN_POINT('',(6.25,2.647161,3.1));
#8133 = LINE('',#8134,#8135);
#8134 = CARTESIAN_POINT('',(6.,2.647161,3.1));
#8135 = VECTOR('',#8136,1.);
#8136 = DIRECTION('',(1.,0.,0.));
#8137 = ORIENTED_EDGE('',*,*,#8138,.F.);
#8138 = EDGE_CURVE('',#2318,#8131,#8139,.T.);
#8139 = LINE('',#8140,#8141);
#8140 = CARTESIAN_POINT('',(6.25,2.647161,1.1));
#8141 = VECTOR('',#8142,1.);
#8142 = DIRECTION('',(0.,0.,1.));
#8143 = PLANE('',#8144);
#8144 = AXIS2_PLACEMENT_3D('',#8145,#8146,#8147);
#8145 = CARTESIAN_POINT('',(6.,2.647161,1.1));
#8146 = DIRECTION('',(0.,1.,0.));
#8147 = DIRECTION('',(1.,0.,0.));
#8148 = ADVANCED_FACE('',(#8149),#8183,.F.);
#8149 = FACE_BOUND('',#8150,.F.);
#8150 = EDGE_LOOP('',(#8151,#8152,#8153,#8161,#8169,#8177));
#8151 = ORIENTED_EDGE('',*,*,#2317,.T.);
#8152 = ORIENTED_EDGE('',*,*,#8138,.T.);
#8153 = ORIENTED_EDGE('',*,*,#8154,.T.);
#8154 = EDGE_CURVE('',#8131,#8155,#8157,.T.);
#8155 = VERTEX_POINT('',#8156);
#8156 = CARTESIAN_POINT('',(6.25,2.847161,3.1));
#8157 = LINE('',#8158,#8159);
#8158 = CARTESIAN_POINT('',(6.25,2.647161,3.1));
#8159 = VECTOR('',#8160,1.);
#8160 = DIRECTION('',(0.,1.,0.));
#8161 = ORIENTED_EDGE('',*,*,#8162,.F.);
#8162 = EDGE_CURVE('',#8163,#8155,#8165,.T.);
#8163 = VERTEX_POINT('',#8164);
#8164 = CARTESIAN_POINT('',(6.25,2.847161,1.1));
#8165 = LINE('',#8166,#8167);
#8166 = CARTESIAN_POINT('',(6.25,2.847161,1.1));
#8167 = VECTOR('',#8168,1.);
#8168 = DIRECTION('',(0.,0.,1.));
#8169 = ORIENTED_EDGE('',*,*,#8170,.F.);
#8170 = EDGE_CURVE('',#8171,#8163,#8173,.T.);
#8171 = VERTEX_POINT('',#8172);
#8172 = CARTESIAN_POINT('',(6.25,2.749724,1.1));
#8173 = LINE('',#8174,#8175);
#8174 = CARTESIAN_POINT('',(6.25,2.647161,1.1));
#8175 = VECTOR('',#8176,1.);
#8176 = DIRECTION('',(0.,1.,0.));
#8177 = ORIENTED_EDGE('',*,*,#8178,.F.);
#8178 = EDGE_CURVE('',#2310,#8171,#8179,.T.);
#8179 = LINE('',#8180,#8181);
#8180 = CARTESIAN_POINT('',(6.25,2.749724,2.05));
#8181 = VECTOR('',#8182,1.);
#8182 = DIRECTION('',(-0.,-0.,-1.));
#8183 = PLANE('',#8184);
#8184 = AXIS2_PLACEMENT_3D('',#8185,#8186,#8187);
#8185 = CARTESIAN_POINT('',(6.25,2.647161,1.1));
#8186 = DIRECTION('',(-1.,0.,0.));
#8187 = DIRECTION('',(0.,1.,0.));
#8188 = ADVANCED_FACE('',(#8189),#8207,.F.);
#8189 = FACE_BOUND('',#8190,.F.);
#8190 = EDGE_LOOP('',(#8191,#8192,#8193,#8201));
#8191 = ORIENTED_EDGE('',*,*,#2309,.F.);
#8192 = ORIENTED_EDGE('',*,*,#8178,.T.);
#8193 = ORIENTED_EDGE('',*,*,#8194,.T.);
#8194 = EDGE_CURVE('',#8171,#8195,#8197,.T.);
#8195 = VERTEX_POINT('',#8196);
#8196 = CARTESIAN_POINT('',(6.8,2.749724,1.1));
#8197 = LINE('',#8198,#8199);
#8198 = CARTESIAN_POINT('',(0.8,2.749724,1.1));
#8199 = VECTOR('',#8200,1.);
#8200 = DIRECTION('',(1.,0.,0.));
#8201 = ORIENTED_EDGE('',*,*,#8202,.T.);
#8202 = EDGE_CURVE('',#8195,#2302,#8203,.T.);
#8203 = LINE('',#8204,#8205);
#8204 = CARTESIAN_POINT('',(6.8,2.749724,2.05));
#8205 = VECTOR('',#8206,1.);
#8206 = DIRECTION('',(0.,0.,1.));
#8207 = PLANE('',#8208);
#8208 = AXIS2_PLACEMENT_3D('',#8209,#8210,#8211);
#8209 = CARTESIAN_POINT('',(0.8,2.749724,3.));
#8210 = DIRECTION('',(0.,-1.,0.));
#8211 = DIRECTION('',(1.,0.,0.));
#8212 = ADVANCED_FACE('',(#8213),#8247,.F.);
#8213 = FACE_BOUND('',#8214,.F.);
#8214 = EDGE_LOOP('',(#8215,#8223,#8231,#8239,#8245,#8246));
#8215 = ORIENTED_EDGE('',*,*,#8216,.F.);
#8216 = EDGE_CURVE('',#8217,#8195,#8219,.T.);
#8217 = VERTEX_POINT('',#8218);
#8218 = CARTESIAN_POINT('',(6.8,2.847161,1.1));
#8219 = LINE('',#8220,#8221);
#8220 = CARTESIAN_POINT('',(6.8,2.847161,1.1));
#8221 = VECTOR('',#8222,1.);
#8222 = DIRECTION('',(0.,-1.,0.));
#8223 = ORIENTED_EDGE('',*,*,#8224,.T.);
#8224 = EDGE_CURVE('',#8217,#8225,#8227,.T.);
#8225 = VERTEX_POINT('',#8226);
#8226 = CARTESIAN_POINT('',(6.8,2.847161,3.1));
#8227 = LINE('',#8228,#8229);
#8228 = CARTESIAN_POINT('',(6.8,2.847161,1.1));
#8229 = VECTOR('',#8230,1.);
#8230 = DIRECTION('',(0.,0.,1.));
#8231 = ORIENTED_EDGE('',*,*,#8232,.T.);
#8232 = EDGE_CURVE('',#8225,#8233,#8235,.T.);
#8233 = VERTEX_POINT('',#8234);
#8234 = CARTESIAN_POINT('',(6.8,2.647161,3.1));
#8235 = LINE('',#8236,#8237);
#8236 = CARTESIAN_POINT('',(6.8,2.847161,3.1));
#8237 = VECTOR('',#8238,1.);
#8238 = DIRECTION('',(0.,-1.,0.));
#8239 = ORIENTED_EDGE('',*,*,#8240,.F.);
#8240 = EDGE_CURVE('',#2294,#8233,#8241,.T.);
#8241 = LINE('',#8242,#8243);
#8242 = CARTESIAN_POINT('',(6.8,2.647161,1.1));
#8243 = VECTOR('',#8244,1.);
#8244 = DIRECTION('',(0.,0.,1.));
#8245 = ORIENTED_EDGE('',*,*,#2301,.T.);
#8246 = ORIENTED_EDGE('',*,*,#8202,.F.);
#8247 = PLANE('',#8248);
#8248 = AXIS2_PLACEMENT_3D('',#8249,#8250,#8251);
#8249 = CARTESIAN_POINT('',(6.8,2.847161,1.1));
#8250 = DIRECTION('',(1.,0.,-0.));
#8251 = DIRECTION('',(0.,-1.,0.));
#8252 = ADVANCED_FACE('',(#8253),#8271,.F.);
#8253 = FACE_BOUND('',#8254,.F.);
#8254 = EDGE_LOOP('',(#8255,#8256,#8257,#8265));
#8255 = ORIENTED_EDGE('',*,*,#2293,.T.);
#8256 = ORIENTED_EDGE('',*,*,#8240,.T.);
#8257 = ORIENTED_EDGE('',*,*,#8258,.T.);
#8258 = EDGE_CURVE('',#8233,#8259,#8261,.T.);
#8259 = VERTEX_POINT('',#8260);
#8260 = CARTESIAN_POINT('',(7.05,2.647161,3.1));
#8261 = LINE('',#8262,#8263);
#8262 = CARTESIAN_POINT('',(6.8,2.647161,3.1));
#8263 = VECTOR('',#8264,1.);
#8264 = DIRECTION('',(1.,0.,0.));
#8265 = ORIENTED_EDGE('',*,*,#8266,.F.);
#8266 = EDGE_CURVE('',#2286,#8259,#8267,.T.);
#8267 = LINE('',#8268,#8269);
#8268 = CARTESIAN_POINT('',(7.05,2.647161,1.1));
#8269 = VECTOR('',#8270,1.);
#8270 = DIRECTION('',(0.,0.,1.));
#8271 = PLANE('',#8272);
#8272 = AXIS2_PLACEMENT_3D('',#8273,#8274,#8275);
#8273 = CARTESIAN_POINT('',(6.8,2.647161,1.1));
#8274 = DIRECTION('',(0.,1.,0.));
#8275 = DIRECTION('',(1.,0.,0.));
#8276 = ADVANCED_FACE('',(#8277),#8311,.F.);
#8277 = FACE_BOUND('',#8278,.F.);
#8278 = EDGE_LOOP('',(#8279,#8280,#8281,#8289,#8297,#8305));
#8279 = ORIENTED_EDGE('',*,*,#2285,.T.);
#8280 = ORIENTED_EDGE('',*,*,#8266,.T.);
#8281 = ORIENTED_EDGE('',*,*,#8282,.T.);
#8282 = EDGE_CURVE('',#8259,#8283,#8285,.T.);
#8283 = VERTEX_POINT('',#8284);
#8284 = CARTESIAN_POINT('',(7.05,2.847161,3.1));
#8285 = LINE('',#8286,#8287);
#8286 = CARTESIAN_POINT('',(7.05,2.647161,3.1));
#8287 = VECTOR('',#8288,1.);
#8288 = DIRECTION('',(0.,1.,0.));
#8289 = ORIENTED_EDGE('',*,*,#8290,.F.);
#8290 = EDGE_CURVE('',#8291,#8283,#8293,.T.);
#8291 = VERTEX_POINT('',#8292);
#8292 = CARTESIAN_POINT('',(7.05,2.847161,1.1));
#8293 = LINE('',#8294,#8295);
#8294 = CARTESIAN_POINT('',(7.05,2.847161,1.1));
#8295 = VECTOR('',#8296,1.);
#8296 = DIRECTION('',(0.,0.,1.));
#8297 = ORIENTED_EDGE('',*,*,#8298,.F.);
#8298 = EDGE_CURVE('',#8299,#8291,#8301,.T.);
#8299 = VERTEX_POINT('',#8300);
#8300 = CARTESIAN_POINT('',(7.05,2.749724,1.1));
#8301 = LINE('',#8302,#8303);
#8302 = CARTESIAN_POINT('',(7.05,2.647161,1.1));
#8303 = VECTOR('',#8304,1.);
#8304 = DIRECTION('',(0.,1.,0.));
#8305 = ORIENTED_EDGE('',*,*,#8306,.F.);
#8306 = EDGE_CURVE('',#2278,#8299,#8307,.T.);
#8307 = LINE('',#8308,#8309);
#8308 = CARTESIAN_POINT('',(7.05,2.749724,2.05));
#8309 = VECTOR('',#8310,1.);
#8310 = DIRECTION('',(-0.,-0.,-1.));
#8311 = PLANE('',#8312);
#8312 = AXIS2_PLACEMENT_3D('',#8313,#8314,#8315);
#8313 = CARTESIAN_POINT('',(7.05,2.647161,1.1));
#8314 = DIRECTION('',(-1.,0.,0.));
#8315 = DIRECTION('',(0.,1.,0.));
#8316 = ADVANCED_FACE('',(#8317),#8335,.F.);
#8317 = FACE_BOUND('',#8318,.F.);
#8318 = EDGE_LOOP('',(#8319,#8320,#8321,#8329));
#8319 = ORIENTED_EDGE('',*,*,#2277,.F.);
#8320 = ORIENTED_EDGE('',*,*,#8306,.T.);
#8321 = ORIENTED_EDGE('',*,*,#8322,.T.);
#8322 = EDGE_CURVE('',#8299,#8323,#8325,.T.);
#8323 = VERTEX_POINT('',#8324);
#8324 = CARTESIAN_POINT('',(7.6,2.749724,1.1));
#8325 = LINE('',#8326,#8327);
#8326 = CARTESIAN_POINT('',(0.8,2.749724,1.1));
#8327 = VECTOR('',#8328,1.);
#8328 = DIRECTION('',(1.,0.,0.));
#8329 = ORIENTED_EDGE('',*,*,#8330,.T.);
#8330 = EDGE_CURVE('',#8323,#2270,#8331,.T.);
#8331 = LINE('',#8332,#8333);
#8332 = CARTESIAN_POINT('',(7.6,2.749724,2.05));
#8333 = VECTOR('',#8334,1.);
#8334 = DIRECTION('',(0.,0.,1.));
#8335 = PLANE('',#8336);
#8336 = AXIS2_PLACEMENT_3D('',#8337,#8338,#8339);
#8337 = CARTESIAN_POINT('',(0.8,2.749724,3.));
#8338 = DIRECTION('',(0.,-1.,0.));
#8339 = DIRECTION('',(1.,0.,0.));
#8340 = ADVANCED_FACE('',(#8341),#8375,.F.);
#8341 = FACE_BOUND('',#8342,.F.);
#8342 = EDGE_LOOP('',(#8343,#8351,#8359,#8367,#8373,#8374));
#8343 = ORIENTED_EDGE('',*,*,#8344,.F.);
#8344 = EDGE_CURVE('',#8345,#8323,#8347,.T.);
#8345 = VERTEX_POINT('',#8346);
#8346 = CARTESIAN_POINT('',(7.6,2.847161,1.1));
#8347 = LINE('',#8348,#8349);
#8348 = CARTESIAN_POINT('',(7.6,2.847161,1.1));
#8349 = VECTOR('',#8350,1.);
#8350 = DIRECTION('',(0.,-1.,0.));
#8351 = ORIENTED_EDGE('',*,*,#8352,.T.);
#8352 = EDGE_CURVE('',#8345,#8353,#8355,.T.);
#8353 = VERTEX_POINT('',#8354);
#8354 = CARTESIAN_POINT('',(7.6,2.847161,3.1));
#8355 = LINE('',#8356,#8357);
#8356 = CARTESIAN_POINT('',(7.6,2.847161,1.1));
#8357 = VECTOR('',#8358,1.);
#8358 = DIRECTION('',(0.,0.,1.));
#8359 = ORIENTED_EDGE('',*,*,#8360,.T.);
#8360 = EDGE_CURVE('',#8353,#8361,#8363,.T.);
#8361 = VERTEX_POINT('',#8362);
#8362 = CARTESIAN_POINT('',(7.6,2.647161,3.1));
#8363 = LINE('',#8364,#8365);
#8364 = CARTESIAN_POINT('',(7.6,2.847161,3.1));
#8365 = VECTOR('',#8366,1.);
#8366 = DIRECTION('',(0.,-1.,0.));
#8367 = ORIENTED_EDGE('',*,*,#8368,.F.);
#8368 = EDGE_CURVE('',#2262,#8361,#8369,.T.);
#8369 = LINE('',#8370,#8371);
#8370 = CARTESIAN_POINT('',(7.6,2.647161,1.1));
#8371 = VECTOR('',#8372,1.);
#8372 = DIRECTION('',(0.,0.,1.));
#8373 = ORIENTED_EDGE('',*,*,#2269,.T.);
#8374 = ORIENTED_EDGE('',*,*,#8330,.F.);
#8375 = PLANE('',#8376);
#8376 = AXIS2_PLACEMENT_3D('',#8377,#8378,#8379);
#8377 = CARTESIAN_POINT('',(7.6,2.847161,1.1));
#8378 = DIRECTION('',(1.,0.,-0.));
#8379 = DIRECTION('',(0.,-1.,0.));
#8380 = ADVANCED_FACE('',(#8381),#8399,.F.);
#8381 = FACE_BOUND('',#8382,.F.);
#8382 = EDGE_LOOP('',(#8383,#8384,#8385,#8393));
#8383 = ORIENTED_EDGE('',*,*,#2261,.T.);
#8384 = ORIENTED_EDGE('',*,*,#8368,.T.);
#8385 = ORIENTED_EDGE('',*,*,#8386,.T.);
#8386 = EDGE_CURVE('',#8361,#8387,#8389,.T.);
#8387 = VERTEX_POINT('',#8388);
#8388 = CARTESIAN_POINT('',(7.85,2.647161,3.1));
#8389 = LINE('',#8390,#8391);
#8390 = CARTESIAN_POINT('',(7.6,2.647161,3.1));
#8391 = VECTOR('',#8392,1.);
#8392 = DIRECTION('',(1.,0.,0.));
#8393 = ORIENTED_EDGE('',*,*,#8394,.F.);
#8394 = EDGE_CURVE('',#2254,#8387,#8395,.T.);
#8395 = LINE('',#8396,#8397);
#8396 = CARTESIAN_POINT('',(7.85,2.647161,1.1));
#8397 = VECTOR('',#8398,1.);
#8398 = DIRECTION('',(0.,0.,1.));
#8399 = PLANE('',#8400);
#8400 = AXIS2_PLACEMENT_3D('',#8401,#8402,#8403);
#8401 = CARTESIAN_POINT('',(7.6,2.647161,1.1));
#8402 = DIRECTION('',(0.,1.,0.));
#8403 = DIRECTION('',(1.,0.,0.));
#8404 = ADVANCED_FACE('',(#8405),#8439,.F.);
#8405 = FACE_BOUND('',#8406,.F.);
#8406 = EDGE_LOOP('',(#8407,#8408,#8409,#8417,#8425,#8433));
#8407 = ORIENTED_EDGE('',*,*,#2253,.T.);
#8408 = ORIENTED_EDGE('',*,*,#8394,.T.);
#8409 = ORIENTED_EDGE('',*,*,#8410,.T.);
#8410 = EDGE_CURVE('',#8387,#8411,#8413,.T.);
#8411 = VERTEX_POINT('',#8412);
#8412 = CARTESIAN_POINT('',(7.85,2.847161,3.1));
#8413 = LINE('',#8414,#8415);
#8414 = CARTESIAN_POINT('',(7.85,2.647161,3.1));
#8415 = VECTOR('',#8416,1.);
#8416 = DIRECTION('',(0.,1.,0.));
#8417 = ORIENTED_EDGE('',*,*,#8418,.F.);
#8418 = EDGE_CURVE('',#8419,#8411,#8421,.T.);
#8419 = VERTEX_POINT('',#8420);
#8420 = CARTESIAN_POINT('',(7.85,2.847161,1.1));
#8421 = LINE('',#8422,#8423);
#8422 = CARTESIAN_POINT('',(7.85,2.847161,1.1));
#8423 = VECTOR('',#8424,1.);
#8424 = DIRECTION('',(0.,0.,1.));
#8425 = ORIENTED_EDGE('',*,*,#8426,.F.);
#8426 = EDGE_CURVE('',#8427,#8419,#8429,.T.);
#8427 = VERTEX_POINT('',#8428);
#8428 = CARTESIAN_POINT('',(7.85,2.749724,1.1));
#8429 = LINE('',#8430,#8431);
#8430 = CARTESIAN_POINT('',(7.85,2.647161,1.1));
#8431 = VECTOR('',#8432,1.);
#8432 = DIRECTION('',(0.,1.,0.));
#8433 = ORIENTED_EDGE('',*,*,#8434,.F.);
#8434 = EDGE_CURVE('',#2246,#8427,#8435,.T.);
#8435 = LINE('',#8436,#8437);
#8436 = CARTESIAN_POINT('',(7.85,2.749724,2.05));
#8437 = VECTOR('',#8438,1.);
#8438 = DIRECTION('',(-0.,-0.,-1.));
#8439 = PLANE('',#8440);
#8440 = AXIS2_PLACEMENT_3D('',#8441,#8442,#8443);
#8441 = CARTESIAN_POINT('',(7.85,2.647161,1.1));
#8442 = DIRECTION('',(-1.,0.,0.));
#8443 = DIRECTION('',(0.,1.,0.));
#8444 = ADVANCED_FACE('',(#8445),#8463,.F.);
#8445 = FACE_BOUND('',#8446,.F.);
#8446 = EDGE_LOOP('',(#8447,#8448,#8449,#8457));
#8447 = ORIENTED_EDGE('',*,*,#2245,.F.);
#8448 = ORIENTED_EDGE('',*,*,#8434,.T.);
#8449 = ORIENTED_EDGE('',*,*,#8450,.T.);
#8450 = EDGE_CURVE('',#8427,#8451,#8453,.T.);
#8451 = VERTEX_POINT('',#8452);
#8452 = CARTESIAN_POINT('',(8.4,2.749724,1.1));
#8453 = LINE('',#8454,#8455);
#8454 = CARTESIAN_POINT('',(0.8,2.749724,1.1));
#8455 = VECTOR('',#8456,1.);
#8456 = DIRECTION('',(1.,0.,0.));
#8457 = ORIENTED_EDGE('',*,*,#8458,.T.);
#8458 = EDGE_CURVE('',#8451,#2238,#8459,.T.);
#8459 = LINE('',#8460,#8461);
#8460 = CARTESIAN_POINT('',(8.4,2.749724,2.05));
#8461 = VECTOR('',#8462,1.);
#8462 = DIRECTION('',(0.,0.,1.));
#8463 = PLANE('',#8464);
#8464 = AXIS2_PLACEMENT_3D('',#8465,#8466,#8467);
#8465 = CARTESIAN_POINT('',(0.8,2.749724,3.));
#8466 = DIRECTION('',(0.,-1.,0.));
#8467 = DIRECTION('',(1.,0.,0.));
#8468 = ADVANCED_FACE('',(#8469),#8503,.F.);
#8469 = FACE_BOUND('',#8470,.F.);
#8470 = EDGE_LOOP('',(#8471,#8479,#8487,#8495,#8501,#8502));
#8471 = ORIENTED_EDGE('',*,*,#8472,.F.);
#8472 = EDGE_CURVE('',#8473,#8451,#8475,.T.);
#8473 = VERTEX_POINT('',#8474);
#8474 = CARTESIAN_POINT('',(8.4,2.847161,1.1));
#8475 = LINE('',#8476,#8477);
#8476 = CARTESIAN_POINT('',(8.4,2.847161,1.1));
#8477 = VECTOR('',#8478,1.);
#8478 = DIRECTION('',(0.,-1.,0.));
#8479 = ORIENTED_EDGE('',*,*,#8480,.T.);
#8480 = EDGE_CURVE('',#8473,#8481,#8483,.T.);
#8481 = VERTEX_POINT('',#8482);
#8482 = CARTESIAN_POINT('',(8.4,2.847161,3.1));
#8483 = LINE('',#8484,#8485);
#8484 = CARTESIAN_POINT('',(8.4,2.847161,1.1));
#8485 = VECTOR('',#8486,1.);
#8486 = DIRECTION('',(0.,0.,1.));
#8487 = ORIENTED_EDGE('',*,*,#8488,.T.);
#8488 = EDGE_CURVE('',#8481,#8489,#8491,.T.);
#8489 = VERTEX_POINT('',#8490);
#8490 = CARTESIAN_POINT('',(8.4,2.647161,3.1));
#8491 = LINE('',#8492,#8493);
#8492 = CARTESIAN_POINT('',(8.4,2.847161,3.1));
#8493 = VECTOR('',#8494,1.);
#8494 = DIRECTION('',(0.,-1.,0.));
#8495 = ORIENTED_EDGE('',*,*,#8496,.F.);
#8496 = EDGE_CURVE('',#2230,#8489,#8497,.T.);
#8497 = LINE('',#8498,#8499);
#8498 = CARTESIAN_POINT('',(8.4,2.647161,1.1));
#8499 = VECTOR('',#8500,1.);
#8500 = DIRECTION('',(0.,0.,1.));
#8501 = ORIENTED_EDGE('',*,*,#2237,.T.);
#8502 = ORIENTED_EDGE('',*,*,#8458,.F.);
#8503 = PLANE('',#8504);
#8504 = AXIS2_PLACEMENT_3D('',#8505,#8506,#8507);
#8505 = CARTESIAN_POINT('',(8.4,2.847161,1.1));
#8506 = DIRECTION('',(1.,0.,-0.));
#8507 = DIRECTION('',(0.,-1.,0.));
#8508 = ADVANCED_FACE('',(#8509),#8527,.F.);
#8509 = FACE_BOUND('',#8510,.F.);
#8510 = EDGE_LOOP('',(#8511,#8512,#8513,#8521));
#8511 = ORIENTED_EDGE('',*,*,#2229,.T.);
#8512 = ORIENTED_EDGE('',*,*,#8496,.T.);
#8513 = ORIENTED_EDGE('',*,*,#8514,.T.);
#8514 = EDGE_CURVE('',#8489,#8515,#8517,.T.);
#8515 = VERTEX_POINT('',#8516);
#8516 = CARTESIAN_POINT('',(8.65,2.647161,3.1));
#8517 = LINE('',#8518,#8519);
#8518 = CARTESIAN_POINT('',(8.4,2.647161,3.1));
#8519 = VECTOR('',#8520,1.);
#8520 = DIRECTION('',(1.,0.,0.));
#8521 = ORIENTED_EDGE('',*,*,#8522,.F.);
#8522 = EDGE_CURVE('',#2222,#8515,#8523,.T.);
#8523 = LINE('',#8524,#8525);
#8524 = CARTESIAN_POINT('',(8.65,2.647161,1.1));
#8525 = VECTOR('',#8526,1.);
#8526 = DIRECTION('',(0.,0.,1.));
#8527 = PLANE('',#8528);
#8528 = AXIS2_PLACEMENT_3D('',#8529,#8530,#8531);
#8529 = CARTESIAN_POINT('',(8.4,2.647161,1.1));
#8530 = DIRECTION('',(0.,1.,0.));
#8531 = DIRECTION('',(1.,0.,0.));
#8532 = ADVANCED_FACE('',(#8533),#8567,.F.);
#8533 = FACE_BOUND('',#8534,.F.);
#8534 = EDGE_LOOP('',(#8535,#8536,#8537,#8545,#8553,#8561));
#8535 = ORIENTED_EDGE('',*,*,#2221,.T.);
#8536 = ORIENTED_EDGE('',*,*,#8522,.T.);
#8537 = ORIENTED_EDGE('',*,*,#8538,.T.);
#8538 = EDGE_CURVE('',#8515,#8539,#8541,.T.);
#8539 = VERTEX_POINT('',#8540);
#8540 = CARTESIAN_POINT('',(8.65,2.847161,3.1));
#8541 = LINE('',#8542,#8543);
#8542 = CARTESIAN_POINT('',(8.65,2.647161,3.1));
#8543 = VECTOR('',#8544,1.);
#8544 = DIRECTION('',(0.,1.,0.));
#8545 = ORIENTED_EDGE('',*,*,#8546,.F.);
#8546 = EDGE_CURVE('',#8547,#8539,#8549,.T.);
#8547 = VERTEX_POINT('',#8548);
#8548 = CARTESIAN_POINT('',(8.65,2.847161,1.1));
#8549 = LINE('',#8550,#8551);
#8550 = CARTESIAN_POINT('',(8.65,2.847161,1.1));
#8551 = VECTOR('',#8552,1.);
#8552 = DIRECTION('',(0.,0.,1.));
#8553 = ORIENTED_EDGE('',*,*,#8554,.F.);
#8554 = EDGE_CURVE('',#8555,#8547,#8557,.T.);
#8555 = VERTEX_POINT('',#8556);
#8556 = CARTESIAN_POINT('',(8.65,2.749724,1.1));
#8557 = LINE('',#8558,#8559);
#8558 = CARTESIAN_POINT('',(8.65,2.647161,1.1));
#8559 = VECTOR('',#8560,1.);
#8560 = DIRECTION('',(0.,1.,0.));
#8561 = ORIENTED_EDGE('',*,*,#8562,.F.);
#8562 = EDGE_CURVE('',#2214,#8555,#8563,.T.);
#8563 = LINE('',#8564,#8565);
#8564 = CARTESIAN_POINT('',(8.65,2.749724,2.05));
#8565 = VECTOR('',#8566,1.);
#8566 = DIRECTION('',(-0.,-0.,-1.));
#8567 = PLANE('',#8568);
#8568 = AXIS2_PLACEMENT_3D('',#8569,#8570,#8571);
#8569 = CARTESIAN_POINT('',(8.65,2.647161,1.1));
#8570 = DIRECTION('',(-1.,0.,0.));
#8571 = DIRECTION('',(0.,1.,0.));
#8572 = ADVANCED_FACE('',(#8573),#8591,.F.);
#8573 = FACE_BOUND('',#8574,.F.);
#8574 = EDGE_LOOP('',(#8575,#8576,#8577,#8585));
#8575 = ORIENTED_EDGE('',*,*,#2213,.F.);
#8576 = ORIENTED_EDGE('',*,*,#8562,.T.);
#8577 = ORIENTED_EDGE('',*,*,#8578,.T.);
#8578 = EDGE_CURVE('',#8555,#8579,#8581,.T.);
#8579 = VERTEX_POINT('',#8580);
#8580 = CARTESIAN_POINT('',(9.1,2.749724,1.1));
#8581 = LINE('',#8582,#8583);
#8582 = CARTESIAN_POINT('',(0.8,2.749724,1.1));
#8583 = VECTOR('',#8584,1.);
#8584 = DIRECTION('',(1.,0.,0.));
#8585 = ORIENTED_EDGE('',*,*,#8586,.F.);
#8586 = EDGE_CURVE('',#2206,#8579,#8587,.T.);
#8587 = LINE('',#8588,#8589);
#8588 = CARTESIAN_POINT('',(9.1,2.749724,3.));
#8589 = VECTOR('',#8590,1.);
#8590 = DIRECTION('',(-0.,-0.,-1.));
#8591 = PLANE('',#8592);
#8592 = AXIS2_PLACEMENT_3D('',#8593,#8594,#8595);
#8593 = CARTESIAN_POINT('',(0.8,2.749724,3.));
#8594 = DIRECTION('',(0.,-1.,0.));
#8595 = DIRECTION('',(1.,0.,0.));
#8596 = ADVANCED_FACE('',(#8597),#8615,.F.);
#8597 = FACE_BOUND('',#8598,.F.);
#8598 = EDGE_LOOP('',(#8599,#8600,#8608,#8614));
#8599 = ORIENTED_EDGE('',*,*,#8586,.T.);
#8600 = ORIENTED_EDGE('',*,*,#8601,.T.);
#8601 = EDGE_CURVE('',#8579,#8602,#8604,.T.);
#8602 = VERTEX_POINT('',#8603);
#8603 = CARTESIAN_POINT('',(9.1,3.549724,1.1));
#8604 = LINE('',#8605,#8606);
#8605 = CARTESIAN_POINT('',(9.1,2.749724,1.1));
#8606 = VECTOR('',#8607,1.);
#8607 = DIRECTION('',(0.,1.,0.));
#8608 = ORIENTED_EDGE('',*,*,#8609,.F.);
#8609 = EDGE_CURVE('',#2198,#8602,#8610,.T.);
#8610 = LINE('',#8611,#8612);
#8611 = CARTESIAN_POINT('',(9.1,3.549724,3.));
#8612 = VECTOR('',#8613,1.);
#8613 = DIRECTION('',(-0.,-0.,-1.));
#8614 = ORIENTED_EDGE('',*,*,#2205,.F.);
#8615 = PLANE('',#8616);
#8616 = AXIS2_PLACEMENT_3D('',#8617,#8618,#8619);
#8617 = CARTESIAN_POINT('',(9.1,2.749724,3.));
#8618 = DIRECTION('',(1.,0.,0.));
#8619 = DIRECTION('',(0.,1.,0.));
#8620 = ADVANCED_FACE('',(#8621),#8639,.F.);
#8621 = FACE_BOUND('',#8622,.F.);
#8622 = EDGE_LOOP('',(#8623,#8624,#8625,#8633));
#8623 = ORIENTED_EDGE('',*,*,#2197,.F.);
#8624 = ORIENTED_EDGE('',*,*,#8609,.T.);
#8625 = ORIENTED_EDGE('',*,*,#8626,.T.);
#8626 = EDGE_CURVE('',#8602,#8627,#8629,.T.);
#8627 = VERTEX_POINT('',#8628);
#8628 = CARTESIAN_POINT('',(8.65,3.549724,1.1));
#8629 = LINE('',#8630,#8631);
#8630 = CARTESIAN_POINT('',(9.1,3.549724,1.1));
#8631 = VECTOR('',#8632,1.);
#8632 = DIRECTION('',(-1.,0.,0.));
#8633 = ORIENTED_EDGE('',*,*,#8634,.T.);
#8634 = EDGE_CURVE('',#8627,#2190,#8635,.T.);
#8635 = LINE('',#8636,#8637);
#8636 = CARTESIAN_POINT('',(8.65,3.549724,2.05));
#8637 = VECTOR('',#8638,1.);
#8638 = DIRECTION('',(0.,-0.,1.));
#8639 = PLANE('',#8640);
#8640 = AXIS2_PLACEMENT_3D('',#8641,#8642,#8643);
#8641 = CARTESIAN_POINT('',(9.1,3.549724,3.));
#8642 = DIRECTION('',(0.,1.,0.));
#8643 = DIRECTION('',(-1.,0.,0.));
#8644 = ADVANCED_FACE('',(#8645),#8679,.F.);
#8645 = FACE_BOUND('',#8646,.F.);
#8646 = EDGE_LOOP('',(#8647,#8655,#8663,#8671,#8677,#8678));
#8647 = ORIENTED_EDGE('',*,*,#8648,.F.);
#8648 = EDGE_CURVE('',#8649,#8627,#8651,.T.);
#8649 = VERTEX_POINT('',#8650);
#8650 = CARTESIAN_POINT('',(8.65,3.447161,1.1));
#8651 = LINE('',#8652,#8653);
#8652 = CARTESIAN_POINT('',(8.65,3.447161,1.1));
#8653 = VECTOR('',#8654,1.);
#8654 = DIRECTION('',(0.,1.,0.));
#8655 = ORIENTED_EDGE('',*,*,#8656,.T.);
#8656 = EDGE_CURVE('',#8649,#8657,#8659,.T.);
#8657 = VERTEX_POINT('',#8658);
#8658 = CARTESIAN_POINT('',(8.65,3.447161,3.1));
#8659 = LINE('',#8660,#8661);
#8660 = CARTESIAN_POINT('',(8.65,3.447161,1.1));
#8661 = VECTOR('',#8662,1.);
#8662 = DIRECTION('',(0.,0.,1.));
#8663 = ORIENTED_EDGE('',*,*,#8664,.T.);
#8664 = EDGE_CURVE('',#8657,#8665,#8667,.T.);
#8665 = VERTEX_POINT('',#8666);
#8666 = CARTESIAN_POINT('',(8.65,3.647161,3.1));
#8667 = LINE('',#8668,#8669);
#8668 = CARTESIAN_POINT('',(8.65,3.447161,3.1));
#8669 = VECTOR('',#8670,1.);
#8670 = DIRECTION('',(0.,1.,0.));
#8671 = ORIENTED_EDGE('',*,*,#8672,.F.);
#8672 = EDGE_CURVE('',#2182,#8665,#8673,.T.);
#8673 = LINE('',#8674,#8675);
#8674 = CARTESIAN_POINT('',(8.65,3.647161,1.1));
#8675 = VECTOR('',#8676,1.);
#8676 = DIRECTION('',(0.,0.,1.));
#8677 = ORIENTED_EDGE('',*,*,#2189,.T.);
#8678 = ORIENTED_EDGE('',*,*,#8634,.F.);
#8679 = PLANE('',#8680);
#8680 = AXIS2_PLACEMENT_3D('',#8681,#8682,#8683);
#8681 = CARTESIAN_POINT('',(8.65,3.447161,1.1));
#8682 = DIRECTION('',(-1.,0.,0.));
#8683 = DIRECTION('',(0.,1.,0.));
#8684 = ADVANCED_FACE('',(#8685),#8703,.F.);
#8685 = FACE_BOUND('',#8686,.F.);
#8686 = EDGE_LOOP('',(#8687,#8688,#8689,#8697));
#8687 = ORIENTED_EDGE('',*,*,#2181,.T.);
#8688 = ORIENTED_EDGE('',*,*,#8672,.T.);
#8689 = ORIENTED_EDGE('',*,*,#8690,.T.);
#8690 = EDGE_CURVE('',#8665,#8691,#8693,.T.);
#8691 = VERTEX_POINT('',#8692);
#8692 = CARTESIAN_POINT('',(8.4,3.647161,3.1));
#8693 = LINE('',#8694,#8695);
#8694 = CARTESIAN_POINT('',(8.65,3.647161,3.1));
#8695 = VECTOR('',#8696,1.);
#8696 = DIRECTION('',(-1.,0.,0.));
#8697 = ORIENTED_EDGE('',*,*,#8698,.F.);
#8698 = EDGE_CURVE('',#2174,#8691,#8699,.T.);
#8699 = LINE('',#8700,#8701);
#8700 = CARTESIAN_POINT('',(8.4,3.647161,1.1));
#8701 = VECTOR('',#8702,1.);
#8702 = DIRECTION('',(0.,0.,1.));
#8703 = PLANE('',#8704);
#8704 = AXIS2_PLACEMENT_3D('',#8705,#8706,#8707);
#8705 = CARTESIAN_POINT('',(8.65,3.647161,1.1));
#8706 = DIRECTION('',(0.,-1.,0.));
#8707 = DIRECTION('',(-1.,0.,0.));
#8708 = ADVANCED_FACE('',(#8709),#8743,.F.);
#8709 = FACE_BOUND('',#8710,.F.);
#8710 = EDGE_LOOP('',(#8711,#8712,#8713,#8721,#8729,#8737));
#8711 = ORIENTED_EDGE('',*,*,#2173,.T.);
#8712 = ORIENTED_EDGE('',*,*,#8698,.T.);
#8713 = ORIENTED_EDGE('',*,*,#8714,.T.);
#8714 = EDGE_CURVE('',#8691,#8715,#8717,.T.);
#8715 = VERTEX_POINT('',#8716);
#8716 = CARTESIAN_POINT('',(8.4,3.447161,3.1));
#8717 = LINE('',#8718,#8719);
#8718 = CARTESIAN_POINT('',(8.4,3.647161,3.1));
#8719 = VECTOR('',#8720,1.);
#8720 = DIRECTION('',(0.,-1.,0.));
#8721 = ORIENTED_EDGE('',*,*,#8722,.F.);
#8722 = EDGE_CURVE('',#8723,#8715,#8725,.T.);
#8723 = VERTEX_POINT('',#8724);
#8724 = CARTESIAN_POINT('',(8.4,3.447161,1.1));
#8725 = LINE('',#8726,#8727);
#8726 = CARTESIAN_POINT('',(8.4,3.447161,1.1));
#8727 = VECTOR('',#8728,1.);
#8728 = DIRECTION('',(0.,0.,1.));
#8729 = ORIENTED_EDGE('',*,*,#8730,.F.);
#8730 = EDGE_CURVE('',#8731,#8723,#8733,.T.);
#8731 = VERTEX_POINT('',#8732);
#8732 = CARTESIAN_POINT('',(8.4,3.549724,1.1));
#8733 = LINE('',#8734,#8735);
#8734 = CARTESIAN_POINT('',(8.4,3.647161,1.1));
#8735 = VECTOR('',#8736,1.);
#8736 = DIRECTION('',(0.,-1.,0.));
#8737 = ORIENTED_EDGE('',*,*,#8738,.F.);
#8738 = EDGE_CURVE('',#2166,#8731,#8739,.T.);
#8739 = LINE('',#8740,#8741);
#8740 = CARTESIAN_POINT('',(8.4,3.549724,2.05));
#8741 = VECTOR('',#8742,1.);
#8742 = DIRECTION('',(-0.,0.,-1.));
#8743 = PLANE('',#8744);
#8744 = AXIS2_PLACEMENT_3D('',#8745,#8746,#8747);
#8745 = CARTESIAN_POINT('',(8.4,3.647161,1.1));
#8746 = DIRECTION('',(1.,0.,-0.));
#8747 = DIRECTION('',(0.,-1.,0.));
#8748 = ADVANCED_FACE('',(#8749),#8767,.F.);
#8749 = FACE_BOUND('',#8750,.F.);
#8750 = EDGE_LOOP('',(#8751,#8752,#8753,#8761));
#8751 = ORIENTED_EDGE('',*,*,#2165,.F.);
#8752 = ORIENTED_EDGE('',*,*,#8738,.T.);
#8753 = ORIENTED_EDGE('',*,*,#8754,.T.);
#8754 = EDGE_CURVE('',#8731,#8755,#8757,.T.);
#8755 = VERTEX_POINT('',#8756);
#8756 = CARTESIAN_POINT('',(7.85,3.549724,1.1));
#8757 = LINE('',#8758,#8759);
#8758 = CARTESIAN_POINT('',(9.1,3.549724,1.1));
#8759 = VECTOR('',#8760,1.);
#8760 = DIRECTION('',(-1.,0.,0.));
#8761 = ORIENTED_EDGE('',*,*,#8762,.T.);
#8762 = EDGE_CURVE('',#8755,#2158,#8763,.T.);
#8763 = LINE('',#8764,#8765);
#8764 = CARTESIAN_POINT('',(7.85,3.549724,2.05));
#8765 = VECTOR('',#8766,1.);
#8766 = DIRECTION('',(0.,-0.,1.));
#8767 = PLANE('',#8768);
#8768 = AXIS2_PLACEMENT_3D('',#8769,#8770,#8771);
#8769 = CARTESIAN_POINT('',(9.1,3.549724,3.));
#8770 = DIRECTION('',(0.,1.,0.));
#8771 = DIRECTION('',(-1.,0.,0.));
#8772 = ADVANCED_FACE('',(#8773),#8807,.F.);
#8773 = FACE_BOUND('',#8774,.F.);
#8774 = EDGE_LOOP('',(#8775,#8783,#8791,#8799,#8805,#8806));
#8775 = ORIENTED_EDGE('',*,*,#8776,.F.);
#8776 = EDGE_CURVE('',#8777,#8755,#8779,.T.);
#8777 = VERTEX_POINT('',#8778);
#8778 = CARTESIAN_POINT('',(7.85,3.447161,1.1));
#8779 = LINE('',#8780,#8781);
#8780 = CARTESIAN_POINT('',(7.85,3.447161,1.1));
#8781 = VECTOR('',#8782,1.);
#8782 = DIRECTION('',(0.,1.,0.));
#8783 = ORIENTED_EDGE('',*,*,#8784,.T.);
#8784 = EDGE_CURVE('',#8777,#8785,#8787,.T.);
#8785 = VERTEX_POINT('',#8786);
#8786 = CARTESIAN_POINT('',(7.85,3.447161,3.1));
#8787 = LINE('',#8788,#8789);
#8788 = CARTESIAN_POINT('',(7.85,3.447161,1.1));
#8789 = VECTOR('',#8790,1.);
#8790 = DIRECTION('',(0.,0.,1.));
#8791 = ORIENTED_EDGE('',*,*,#8792,.T.);
#8792 = EDGE_CURVE('',#8785,#8793,#8795,.T.);
#8793 = VERTEX_POINT('',#8794);
#8794 = CARTESIAN_POINT('',(7.85,3.647161,3.1));
#8795 = LINE('',#8796,#8797);
#8796 = CARTESIAN_POINT('',(7.85,3.447161,3.1));
#8797 = VECTOR('',#8798,1.);
#8798 = DIRECTION('',(0.,1.,0.));
#8799 = ORIENTED_EDGE('',*,*,#8800,.F.);
#8800 = EDGE_CURVE('',#2150,#8793,#8801,.T.);
#8801 = LINE('',#8802,#8803);
#8802 = CARTESIAN_POINT('',(7.85,3.647161,1.1));
#8803 = VECTOR('',#8804,1.);
#8804 = DIRECTION('',(0.,0.,1.));
#8805 = ORIENTED_EDGE('',*,*,#2157,.T.);
#8806 = ORIENTED_EDGE('',*,*,#8762,.F.);
#8807 = PLANE('',#8808);
#8808 = AXIS2_PLACEMENT_3D('',#8809,#8810,#8811);
#8809 = CARTESIAN_POINT('',(7.85,3.447161,1.1));
#8810 = DIRECTION('',(-1.,0.,0.));
#8811 = DIRECTION('',(0.,1.,0.));
#8812 = ADVANCED_FACE('',(#8813),#8831,.F.);
#8813 = FACE_BOUND('',#8814,.F.);
#8814 = EDGE_LOOP('',(#8815,#8816,#8817,#8825));
#8815 = ORIENTED_EDGE('',*,*,#2149,.T.);
#8816 = ORIENTED_EDGE('',*,*,#8800,.T.);
#8817 = ORIENTED_EDGE('',*,*,#8818,.T.);
#8818 = EDGE_CURVE('',#8793,#8819,#8821,.T.);
#8819 = VERTEX_POINT('',#8820);
#8820 = CARTESIAN_POINT('',(7.6,3.647161,3.1));
#8821 = LINE('',#8822,#8823);
#8822 = CARTESIAN_POINT('',(7.85,3.647161,3.1));
#8823 = VECTOR('',#8824,1.);
#8824 = DIRECTION('',(-1.,0.,0.));
#8825 = ORIENTED_EDGE('',*,*,#8826,.F.);
#8826 = EDGE_CURVE('',#2142,#8819,#8827,.T.);
#8827 = LINE('',#8828,#8829);
#8828 = CARTESIAN_POINT('',(7.6,3.647161,1.1));
#8829 = VECTOR('',#8830,1.);
#8830 = DIRECTION('',(0.,0.,1.));
#8831 = PLANE('',#8832);
#8832 = AXIS2_PLACEMENT_3D('',#8833,#8834,#8835);
#8833 = CARTESIAN_POINT('',(7.85,3.647161,1.1));
#8834 = DIRECTION('',(0.,-1.,0.));
#8835 = DIRECTION('',(-1.,0.,0.));
#8836 = ADVANCED_FACE('',(#8837),#8871,.F.);
#8837 = FACE_BOUND('',#8838,.F.);
#8838 = EDGE_LOOP('',(#8839,#8840,#8841,#8849,#8857,#8865));
#8839 = ORIENTED_EDGE('',*,*,#2141,.T.);
#8840 = ORIENTED_EDGE('',*,*,#8826,.T.);
#8841 = ORIENTED_EDGE('',*,*,#8842,.T.);
#8842 = EDGE_CURVE('',#8819,#8843,#8845,.T.);
#8843 = VERTEX_POINT('',#8844);
#8844 = CARTESIAN_POINT('',(7.6,3.447161,3.1));
#8845 = LINE('',#8846,#8847);
#8846 = CARTESIAN_POINT('',(7.6,3.647161,3.1));
#8847 = VECTOR('',#8848,1.);
#8848 = DIRECTION('',(0.,-1.,0.));
#8849 = ORIENTED_EDGE('',*,*,#8850,.F.);
#8850 = EDGE_CURVE('',#8851,#8843,#8853,.T.);
#8851 = VERTEX_POINT('',#8852);
#8852 = CARTESIAN_POINT('',(7.6,3.447161,1.1));
#8853 = LINE('',#8854,#8855);
#8854 = CARTESIAN_POINT('',(7.6,3.447161,1.1));
#8855 = VECTOR('',#8856,1.);
#8856 = DIRECTION('',(0.,0.,1.));
#8857 = ORIENTED_EDGE('',*,*,#8858,.F.);
#8858 = EDGE_CURVE('',#8859,#8851,#8861,.T.);
#8859 = VERTEX_POINT('',#8860);
#8860 = CARTESIAN_POINT('',(7.6,3.549724,1.1));
#8861 = LINE('',#8862,#8863);
#8862 = CARTESIAN_POINT('',(7.6,3.647161,1.1));
#8863 = VECTOR('',#8864,1.);
#8864 = DIRECTION('',(0.,-1.,0.));
#8865 = ORIENTED_EDGE('',*,*,#8866,.F.);
#8866 = EDGE_CURVE('',#2134,#8859,#8867,.T.);
#8867 = LINE('',#8868,#8869);
#8868 = CARTESIAN_POINT('',(7.6,3.549724,2.05));
#8869 = VECTOR('',#8870,1.);
#8870 = DIRECTION('',(-0.,0.,-1.));
#8871 = PLANE('',#8872);
#8872 = AXIS2_PLACEMENT_3D('',#8873,#8874,#8875);
#8873 = CARTESIAN_POINT('',(7.6,3.647161,1.1));
#8874 = DIRECTION('',(1.,0.,-0.));
#8875 = DIRECTION('',(0.,-1.,0.));
#8876 = ADVANCED_FACE('',(#8877),#8895,.F.);
#8877 = FACE_BOUND('',#8878,.F.);
#8878 = EDGE_LOOP('',(#8879,#8880,#8881,#8889));
#8879 = ORIENTED_EDGE('',*,*,#2133,.F.);
#8880 = ORIENTED_EDGE('',*,*,#8866,.T.);
#8881 = ORIENTED_EDGE('',*,*,#8882,.T.);
#8882 = EDGE_CURVE('',#8859,#8883,#8885,.T.);
#8883 = VERTEX_POINT('',#8884);
#8884 = CARTESIAN_POINT('',(7.05,3.549724,1.1));
#8885 = LINE('',#8886,#8887);
#8886 = CARTESIAN_POINT('',(9.1,3.549724,1.1));
#8887 = VECTOR('',#8888,1.);
#8888 = DIRECTION('',(-1.,0.,0.));
#8889 = ORIENTED_EDGE('',*,*,#8890,.T.);
#8890 = EDGE_CURVE('',#8883,#2126,#8891,.T.);
#8891 = LINE('',#8892,#8893);
#8892 = CARTESIAN_POINT('',(7.05,3.549724,2.05));
#8893 = VECTOR('',#8894,1.);
#8894 = DIRECTION('',(0.,-0.,1.));
#8895 = PLANE('',#8896);
#8896 = AXIS2_PLACEMENT_3D('',#8897,#8898,#8899);
#8897 = CARTESIAN_POINT('',(9.1,3.549724,3.));
#8898 = DIRECTION('',(0.,1.,0.));
#8899 = DIRECTION('',(-1.,0.,0.));
#8900 = ADVANCED_FACE('',(#8901),#8935,.F.);
#8901 = FACE_BOUND('',#8902,.F.);
#8902 = EDGE_LOOP('',(#8903,#8911,#8919,#8927,#8933,#8934));
#8903 = ORIENTED_EDGE('',*,*,#8904,.F.);
#8904 = EDGE_CURVE('',#8905,#8883,#8907,.T.);
#8905 = VERTEX_POINT('',#8906);
#8906 = CARTESIAN_POINT('',(7.05,3.447161,1.1));
#8907 = LINE('',#8908,#8909);
#8908 = CARTESIAN_POINT('',(7.05,3.447161,1.1));
#8909 = VECTOR('',#8910,1.);
#8910 = DIRECTION('',(0.,1.,0.));
#8911 = ORIENTED_EDGE('',*,*,#8912,.T.);
#8912 = EDGE_CURVE('',#8905,#8913,#8915,.T.);
#8913 = VERTEX_POINT('',#8914);
#8914 = CARTESIAN_POINT('',(7.05,3.447161,3.1));
#8915 = LINE('',#8916,#8917);
#8916 = CARTESIAN_POINT('',(7.05,3.447161,1.1));
#8917 = VECTOR('',#8918,1.);
#8918 = DIRECTION('',(0.,0.,1.));
#8919 = ORIENTED_EDGE('',*,*,#8920,.T.);
#8920 = EDGE_CURVE('',#8913,#8921,#8923,.T.);
#8921 = VERTEX_POINT('',#8922);
#8922 = CARTESIAN_POINT('',(7.05,3.647161,3.1));
#8923 = LINE('',#8924,#8925);
#8924 = CARTESIAN_POINT('',(7.05,3.447161,3.1));
#8925 = VECTOR('',#8926,1.);
#8926 = DIRECTION('',(0.,1.,0.));
#8927 = ORIENTED_EDGE('',*,*,#8928,.F.);
#8928 = EDGE_CURVE('',#2118,#8921,#8929,.T.);
#8929 = LINE('',#8930,#8931);
#8930 = CARTESIAN_POINT('',(7.05,3.647161,1.1));
#8931 = VECTOR('',#8932,1.);
#8932 = DIRECTION('',(0.,0.,1.));
#8933 = ORIENTED_EDGE('',*,*,#2125,.T.);
#8934 = ORIENTED_EDGE('',*,*,#8890,.F.);
#8935 = PLANE('',#8936);
#8936 = AXIS2_PLACEMENT_3D('',#8937,#8938,#8939);
#8937 = CARTESIAN_POINT('',(7.05,3.447161,1.1));
#8938 = DIRECTION('',(-1.,0.,0.));
#8939 = DIRECTION('',(0.,1.,0.));
#8940 = ADVANCED_FACE('',(#8941),#8959,.F.);
#8941 = FACE_BOUND('',#8942,.F.);
#8942 = EDGE_LOOP('',(#8943,#8944,#8945,#8953));
#8943 = ORIENTED_EDGE('',*,*,#2117,.T.);
#8944 = ORIENTED_EDGE('',*,*,#8928,.T.);
#8945 = ORIENTED_EDGE('',*,*,#8946,.T.);
#8946 = EDGE_CURVE('',#8921,#8947,#8949,.T.);
#8947 = VERTEX_POINT('',#8948);
#8948 = CARTESIAN_POINT('',(6.8,3.647161,3.1));
#8949 = LINE('',#8950,#8951);
#8950 = CARTESIAN_POINT('',(7.05,3.647161,3.1));
#8951 = VECTOR('',#8952,1.);
#8952 = DIRECTION('',(-1.,0.,0.));
#8953 = ORIENTED_EDGE('',*,*,#8954,.F.);
#8954 = EDGE_CURVE('',#2110,#8947,#8955,.T.);
#8955 = LINE('',#8956,#8957);
#8956 = CARTESIAN_POINT('',(6.8,3.647161,1.1));
#8957 = VECTOR('',#8958,1.);
#8958 = DIRECTION('',(0.,0.,1.));
#8959 = PLANE('',#8960);
#8960 = AXIS2_PLACEMENT_3D('',#8961,#8962,#8963);
#8961 = CARTESIAN_POINT('',(7.05,3.647161,1.1));
#8962 = DIRECTION('',(0.,-1.,0.));
#8963 = DIRECTION('',(-1.,0.,0.));
#8964 = ADVANCED_FACE('',(#8965),#8999,.F.);
#8965 = FACE_BOUND('',#8966,.F.);
#8966 = EDGE_LOOP('',(#8967,#8968,#8969,#8977,#8985,#8993));
#8967 = ORIENTED_EDGE('',*,*,#2109,.T.);
#8968 = ORIENTED_EDGE('',*,*,#8954,.T.);
#8969 = ORIENTED_EDGE('',*,*,#8970,.T.);
#8970 = EDGE_CURVE('',#8947,#8971,#8973,.T.);
#8971 = VERTEX_POINT('',#8972);
#8972 = CARTESIAN_POINT('',(6.8,3.447161,3.1));
#8973 = LINE('',#8974,#8975);
#8974 = CARTESIAN_POINT('',(6.8,3.647161,3.1));
#8975 = VECTOR('',#8976,1.);
#8976 = DIRECTION('',(0.,-1.,0.));
#8977 = ORIENTED_EDGE('',*,*,#8978,.F.);
#8978 = EDGE_CURVE('',#8979,#8971,#8981,.T.);
#8979 = VERTEX_POINT('',#8980);
#8980 = CARTESIAN_POINT('',(6.8,3.447161,1.1));
#8981 = LINE('',#8982,#8983);
#8982 = CARTESIAN_POINT('',(6.8,3.447161,1.1));
#8983 = VECTOR('',#8984,1.);
#8984 = DIRECTION('',(0.,0.,1.));
#8985 = ORIENTED_EDGE('',*,*,#8986,.F.);
#8986 = EDGE_CURVE('',#8987,#8979,#8989,.T.);
#8987 = VERTEX_POINT('',#8988);
#8988 = CARTESIAN_POINT('',(6.8,3.549724,1.1));
#8989 = LINE('',#8990,#8991);
#8990 = CARTESIAN_POINT('',(6.8,3.647161,1.1));
#8991 = VECTOR('',#8992,1.);
#8992 = DIRECTION('',(0.,-1.,0.));
#8993 = ORIENTED_EDGE('',*,*,#8994,.F.);
#8994 = EDGE_CURVE('',#2102,#8987,#8995,.T.);
#8995 = LINE('',#8996,#8997);
#8996 = CARTESIAN_POINT('',(6.8,3.549724,2.05));
#8997 = VECTOR('',#8998,1.);
#8998 = DIRECTION('',(-0.,0.,-1.));
#8999 = PLANE('',#9000);
#9000 = AXIS2_PLACEMENT_3D('',#9001,#9002,#9003);
#9001 = CARTESIAN_POINT('',(6.8,3.647161,1.1));
#9002 = DIRECTION('',(1.,0.,-0.));
#9003 = DIRECTION('',(0.,-1.,0.));
#9004 = ADVANCED_FACE('',(#9005),#9023,.F.);
#9005 = FACE_BOUND('',#9006,.F.);
#9006 = EDGE_LOOP('',(#9007,#9008,#9009,#9017));
#9007 = ORIENTED_EDGE('',*,*,#2101,.F.);
#9008 = ORIENTED_EDGE('',*,*,#8994,.T.);
#9009 = ORIENTED_EDGE('',*,*,#9010,.T.);
#9010 = EDGE_CURVE('',#8987,#9011,#9013,.T.);
#9011 = VERTEX_POINT('',#9012);
#9012 = CARTESIAN_POINT('',(6.25,3.549724,1.1));
#9013 = LINE('',#9014,#9015);
#9014 = CARTESIAN_POINT('',(9.1,3.549724,1.1));
#9015 = VECTOR('',#9016,1.);
#9016 = DIRECTION('',(-1.,0.,0.));
#9017 = ORIENTED_EDGE('',*,*,#9018,.T.);
#9018 = EDGE_CURVE('',#9011,#2094,#9019,.T.);
#9019 = LINE('',#9020,#9021);
#9020 = CARTESIAN_POINT('',(6.25,3.549724,2.05));
#9021 = VECTOR('',#9022,1.);
#9022 = DIRECTION('',(0.,-0.,1.));
#9023 = PLANE('',#9024);
#9024 = AXIS2_PLACEMENT_3D('',#9025,#9026,#9027);
#9025 = CARTESIAN_POINT('',(9.1,3.549724,3.));
#9026 = DIRECTION('',(0.,1.,0.));
#9027 = DIRECTION('',(-1.,0.,0.));
#9028 = ADVANCED_FACE('',(#9029),#9063,.F.);
#9029 = FACE_BOUND('',#9030,.F.);
#9030 = EDGE_LOOP('',(#9031,#9039,#9047,#9055,#9061,#9062));
#9031 = ORIENTED_EDGE('',*,*,#9032,.F.);
#9032 = EDGE_CURVE('',#9033,#9011,#9035,.T.);
#9033 = VERTEX_POINT('',#9034);
#9034 = CARTESIAN_POINT('',(6.25,3.447161,1.1));
#9035 = LINE('',#9036,#9037);
#9036 = CARTESIAN_POINT('',(6.25,3.447161,1.1));
#9037 = VECTOR('',#9038,1.);
#9038 = DIRECTION('',(0.,1.,0.));
#9039 = ORIENTED_EDGE('',*,*,#9040,.T.);
#9040 = EDGE_CURVE('',#9033,#9041,#9043,.T.);
#9041 = VERTEX_POINT('',#9042);
#9042 = CARTESIAN_POINT('',(6.25,3.447161,3.1));
#9043 = LINE('',#9044,#9045);
#9044 = CARTESIAN_POINT('',(6.25,3.447161,1.1));
#9045 = VECTOR('',#9046,1.);
#9046 = DIRECTION('',(0.,0.,1.));
#9047 = ORIENTED_EDGE('',*,*,#9048,.T.);
#9048 = EDGE_CURVE('',#9041,#9049,#9051,.T.);
#9049 = VERTEX_POINT('',#9050);
#9050 = CARTESIAN_POINT('',(6.25,3.647161,3.1));
#9051 = LINE('',#9052,#9053);
#9052 = CARTESIAN_POINT('',(6.25,3.447161,3.1));
#9053 = VECTOR('',#9054,1.);
#9054 = DIRECTION('',(0.,1.,0.));
#9055 = ORIENTED_EDGE('',*,*,#9056,.F.);
#9056 = EDGE_CURVE('',#2086,#9049,#9057,.T.);
#9057 = LINE('',#9058,#9059);
#9058 = CARTESIAN_POINT('',(6.25,3.647161,1.1));
#9059 = VECTOR('',#9060,1.);
#9060 = DIRECTION('',(0.,0.,1.));
#9061 = ORIENTED_EDGE('',*,*,#2093,.T.);
#9062 = ORIENTED_EDGE('',*,*,#9018,.F.);
#9063 = PLANE('',#9064);
#9064 = AXIS2_PLACEMENT_3D('',#9065,#9066,#9067);
#9065 = CARTESIAN_POINT('',(6.25,3.447161,1.1));
#9066 = DIRECTION('',(-1.,0.,0.));
#9067 = DIRECTION('',(0.,1.,0.));
#9068 = ADVANCED_FACE('',(#9069),#9087,.F.);
#9069 = FACE_BOUND('',#9070,.F.);
#9070 = EDGE_LOOP('',(#9071,#9072,#9073,#9081));
#9071 = ORIENTED_EDGE('',*,*,#2085,.T.);
#9072 = ORIENTED_EDGE('',*,*,#9056,.T.);
#9073 = ORIENTED_EDGE('',*,*,#9074,.T.);
#9074 = EDGE_CURVE('',#9049,#9075,#9077,.T.);
#9075 = VERTEX_POINT('',#9076);
#9076 = CARTESIAN_POINT('',(6.,3.647161,3.1));
#9077 = LINE('',#9078,#9079);
#9078 = CARTESIAN_POINT('',(6.25,3.647161,3.1));
#9079 = VECTOR('',#9080,1.);
#9080 = DIRECTION('',(-1.,0.,0.));
#9081 = ORIENTED_EDGE('',*,*,#9082,.F.);
#9082 = EDGE_CURVE('',#2078,#9075,#9083,.T.);
#9083 = LINE('',#9084,#9085);
#9084 = CARTESIAN_POINT('',(6.,3.647161,1.1));
#9085 = VECTOR('',#9086,1.);
#9086 = DIRECTION('',(0.,0.,1.));
#9087 = PLANE('',#9088);
#9088 = AXIS2_PLACEMENT_3D('',#9089,#9090,#9091);
#9089 = CARTESIAN_POINT('',(6.25,3.647161,1.1));
#9090 = DIRECTION('',(0.,-1.,0.));
#9091 = DIRECTION('',(-1.,0.,0.));
#9092 = ADVANCED_FACE('',(#9093),#9127,.F.);
#9093 = FACE_BOUND('',#9094,.F.);
#9094 = EDGE_LOOP('',(#9095,#9096,#9097,#9105,#9113,#9121));
#9095 = ORIENTED_EDGE('',*,*,#2077,.T.);
#9096 = ORIENTED_EDGE('',*,*,#9082,.T.);
#9097 = ORIENTED_EDGE('',*,*,#9098,.T.);
#9098 = EDGE_CURVE('',#9075,#9099,#9101,.T.);
#9099 = VERTEX_POINT('',#9100);
#9100 = CARTESIAN_POINT('',(6.,3.447161,3.1));
#9101 = LINE('',#9102,#9103);
#9102 = CARTESIAN_POINT('',(6.,3.647161,3.1));
#9103 = VECTOR('',#9104,1.);
#9104 = DIRECTION('',(0.,-1.,0.));
#9105 = ORIENTED_EDGE('',*,*,#9106,.F.);
#9106 = EDGE_CURVE('',#9107,#9099,#9109,.T.);
#9107 = VERTEX_POINT('',#9108);
#9108 = CARTESIAN_POINT('',(6.,3.447161,1.1));
#9109 = LINE('',#9110,#9111);
#9110 = CARTESIAN_POINT('',(6.,3.447161,1.1));
#9111 = VECTOR('',#9112,1.);
#9112 = DIRECTION('',(0.,0.,1.));
#9113 = ORIENTED_EDGE('',*,*,#9114,.F.);
#9114 = EDGE_CURVE('',#9115,#9107,#9117,.T.);
#9115 = VERTEX_POINT('',#9116);
#9116 = CARTESIAN_POINT('',(6.,3.549724,1.1));
#9117 = LINE('',#9118,#9119);
#9118 = CARTESIAN_POINT('',(6.,3.647161,1.1));
#9119 = VECTOR('',#9120,1.);
#9120 = DIRECTION('',(0.,-1.,0.));
#9121 = ORIENTED_EDGE('',*,*,#9122,.F.);
#9122 = EDGE_CURVE('',#2070,#9115,#9123,.T.);
#9123 = LINE('',#9124,#9125);
#9124 = CARTESIAN_POINT('',(6.,3.549724,2.05));
#9125 = VECTOR('',#9126,1.);
#9126 = DIRECTION('',(-0.,0.,-1.));
#9127 = PLANE('',#9128);
#9128 = AXIS2_PLACEMENT_3D('',#9129,#9130,#9131);
#9129 = CARTESIAN_POINT('',(6.,3.647161,1.1));
#9130 = DIRECTION('',(1.,0.,-0.));
#9131 = DIRECTION('',(0.,-1.,0.));
#9132 = ADVANCED_FACE('',(#9133),#9151,.F.);
#9133 = FACE_BOUND('',#9134,.F.);
#9134 = EDGE_LOOP('',(#9135,#9136,#9137,#9145));
#9135 = ORIENTED_EDGE('',*,*,#2069,.F.);
#9136 = ORIENTED_EDGE('',*,*,#9122,.T.);
#9137 = ORIENTED_EDGE('',*,*,#9138,.T.);
#9138 = EDGE_CURVE('',#9115,#9139,#9141,.T.);
#9139 = VERTEX_POINT('',#9140);
#9140 = CARTESIAN_POINT('',(5.45,3.549724,1.1));
#9141 = LINE('',#9142,#9143);
#9142 = CARTESIAN_POINT('',(9.1,3.549724,1.1));
#9143 = VECTOR('',#9144,1.);
#9144 = DIRECTION('',(-1.,0.,0.));
#9145 = ORIENTED_EDGE('',*,*,#9146,.T.);
#9146 = EDGE_CURVE('',#9139,#2062,#9147,.T.);
#9147 = LINE('',#9148,#9149);
#9148 = CARTESIAN_POINT('',(5.45,3.549724,2.05));
#9149 = VECTOR('',#9150,1.);
#9150 = DIRECTION('',(0.,-0.,1.));
#9151 = PLANE('',#9152);
#9152 = AXIS2_PLACEMENT_3D('',#9153,#9154,#9155);
#9153 = CARTESIAN_POINT('',(9.1,3.549724,3.));
#9154 = DIRECTION('',(0.,1.,0.));
#9155 = DIRECTION('',(-1.,0.,0.));
#9156 = ADVANCED_FACE('',(#9157),#9191,.F.);
#9157 = FACE_BOUND('',#9158,.F.);
#9158 = EDGE_LOOP('',(#9159,#9167,#9175,#9183,#9189,#9190));
#9159 = ORIENTED_EDGE('',*,*,#9160,.F.);
#9160 = EDGE_CURVE('',#9161,#9139,#9163,.T.);
#9161 = VERTEX_POINT('',#9162);
#9162 = CARTESIAN_POINT('',(5.45,3.447161,1.1));
#9163 = LINE('',#9164,#9165);
#9164 = CARTESIAN_POINT('',(5.45,3.447161,1.1));
#9165 = VECTOR('',#9166,1.);
#9166 = DIRECTION('',(0.,1.,0.));
#9167 = ORIENTED_EDGE('',*,*,#9168,.T.);
#9168 = EDGE_CURVE('',#9161,#9169,#9171,.T.);
#9169 = VERTEX_POINT('',#9170);
#9170 = CARTESIAN_POINT('',(5.45,3.447161,3.1));
#9171 = LINE('',#9172,#9173);
#9172 = CARTESIAN_POINT('',(5.45,3.447161,1.1));
#9173 = VECTOR('',#9174,1.);
#9174 = DIRECTION('',(0.,0.,1.));
#9175 = ORIENTED_EDGE('',*,*,#9176,.T.);
#9176 = EDGE_CURVE('',#9169,#9177,#9179,.T.);
#9177 = VERTEX_POINT('',#9178);
#9178 = CARTESIAN_POINT('',(5.45,3.647161,3.1));
#9179 = LINE('',#9180,#9181);
#9180 = CARTESIAN_POINT('',(5.45,3.447161,3.1));
#9181 = VECTOR('',#9182,1.);
#9182 = DIRECTION('',(0.,1.,0.));
#9183 = ORIENTED_EDGE('',*,*,#9184,.F.);
#9184 = EDGE_CURVE('',#2054,#9177,#9185,.T.);
#9185 = LINE('',#9186,#9187);
#9186 = CARTESIAN_POINT('',(5.45,3.647161,1.1));
#9187 = VECTOR('',#9188,1.);
#9188 = DIRECTION('',(0.,0.,1.));
#9189 = ORIENTED_EDGE('',*,*,#2061,.T.);
#9190 = ORIENTED_EDGE('',*,*,#9146,.F.);
#9191 = PLANE('',#9192);
#9192 = AXIS2_PLACEMENT_3D('',#9193,#9194,#9195);
#9193 = CARTESIAN_POINT('',(5.45,3.447161,1.1));
#9194 = DIRECTION('',(-1.,0.,0.));
#9195 = DIRECTION('',(0.,1.,0.));
#9196 = ADVANCED_FACE('',(#9197),#9215,.F.);
#9197 = FACE_BOUND('',#9198,.F.);
#9198 = EDGE_LOOP('',(#9199,#9200,#9201,#9209));
#9199 = ORIENTED_EDGE('',*,*,#2053,.T.);
#9200 = ORIENTED_EDGE('',*,*,#9184,.T.);
#9201 = ORIENTED_EDGE('',*,*,#9202,.T.);
#9202 = EDGE_CURVE('',#9177,#9203,#9205,.T.);
#9203 = VERTEX_POINT('',#9204);
#9204 = CARTESIAN_POINT('',(5.2,3.647161,3.1));
#9205 = LINE('',#9206,#9207);
#9206 = CARTESIAN_POINT('',(5.45,3.647161,3.1));
#9207 = VECTOR('',#9208,1.);
#9208 = DIRECTION('',(-1.,0.,0.));
#9209 = ORIENTED_EDGE('',*,*,#9210,.F.);
#9210 = EDGE_CURVE('',#2046,#9203,#9211,.T.);
#9211 = LINE('',#9212,#9213);
#9212 = CARTESIAN_POINT('',(5.2,3.647161,1.1));
#9213 = VECTOR('',#9214,1.);
#9214 = DIRECTION('',(0.,0.,1.));
#9215 = PLANE('',#9216);
#9216 = AXIS2_PLACEMENT_3D('',#9217,#9218,#9219);
#9217 = CARTESIAN_POINT('',(5.45,3.647161,1.1));
#9218 = DIRECTION('',(0.,-1.,0.));
#9219 = DIRECTION('',(-1.,0.,0.));
#9220 = ADVANCED_FACE('',(#9221),#9255,.F.);
#9221 = FACE_BOUND('',#9222,.F.);
#9222 = EDGE_LOOP('',(#9223,#9224,#9225,#9233,#9241,#9249));
#9223 = ORIENTED_EDGE('',*,*,#2045,.T.);
#9224 = ORIENTED_EDGE('',*,*,#9210,.T.);
#9225 = ORIENTED_EDGE('',*,*,#9226,.T.);
#9226 = EDGE_CURVE('',#9203,#9227,#9229,.T.);
#9227 = VERTEX_POINT('',#9228);
#9228 = CARTESIAN_POINT('',(5.2,3.447161,3.1));
#9229 = LINE('',#9230,#9231);
#9230 = CARTESIAN_POINT('',(5.2,3.647161,3.1));
#9231 = VECTOR('',#9232,1.);
#9232 = DIRECTION('',(0.,-1.,0.));
#9233 = ORIENTED_EDGE('',*,*,#9234,.F.);
#9234 = EDGE_CURVE('',#9235,#9227,#9237,.T.);
#9235 = VERTEX_POINT('',#9236);
#9236 = CARTESIAN_POINT('',(5.2,3.447161,1.1));
#9237 = LINE('',#9238,#9239);
#9238 = CARTESIAN_POINT('',(5.2,3.447161,1.1));
#9239 = VECTOR('',#9240,1.);
#9240 = DIRECTION('',(0.,0.,1.));
#9241 = ORIENTED_EDGE('',*,*,#9242,.F.);
#9242 = EDGE_CURVE('',#9243,#9235,#9245,.T.);
#9243 = VERTEX_POINT('',#9244);
#9244 = CARTESIAN_POINT('',(5.2,3.549724,1.1));
#9245 = LINE('',#9246,#9247);
#9246 = CARTESIAN_POINT('',(5.2,3.647161,1.1));
#9247 = VECTOR('',#9248,1.);
#9248 = DIRECTION('',(0.,-1.,0.));
#9249 = ORIENTED_EDGE('',*,*,#9250,.F.);
#9250 = EDGE_CURVE('',#2038,#9243,#9251,.T.);
#9251 = LINE('',#9252,#9253);
#9252 = CARTESIAN_POINT('',(5.2,3.549724,2.05));
#9253 = VECTOR('',#9254,1.);
#9254 = DIRECTION('',(-0.,0.,-1.));
#9255 = PLANE('',#9256);
#9256 = AXIS2_PLACEMENT_3D('',#9257,#9258,#9259);
#9257 = CARTESIAN_POINT('',(5.2,3.647161,1.1));
#9258 = DIRECTION('',(1.,0.,-0.));
#9259 = DIRECTION('',(0.,-1.,0.));
#9260 = ADVANCED_FACE('',(#9261),#9279,.F.);
#9261 = FACE_BOUND('',#9262,.F.);
#9262 = EDGE_LOOP('',(#9263,#9264,#9265,#9273));
#9263 = ORIENTED_EDGE('',*,*,#2037,.F.);
#9264 = ORIENTED_EDGE('',*,*,#9250,.T.);
#9265 = ORIENTED_EDGE('',*,*,#9266,.T.);
#9266 = EDGE_CURVE('',#9243,#9267,#9269,.T.);
#9267 = VERTEX_POINT('',#9268);
#9268 = CARTESIAN_POINT('',(4.65,3.549724,1.1));
#9269 = LINE('',#9270,#9271);
#9270 = CARTESIAN_POINT('',(9.1,3.549724,1.1));
#9271 = VECTOR('',#9272,1.);
#9272 = DIRECTION('',(-1.,0.,0.));
#9273 = ORIENTED_EDGE('',*,*,#9274,.T.);
#9274 = EDGE_CURVE('',#9267,#2030,#9275,.T.);
#9275 = LINE('',#9276,#9277);
#9276 = CARTESIAN_POINT('',(4.65,3.549724,2.05));
#9277 = VECTOR('',#9278,1.);
#9278 = DIRECTION('',(0.,-0.,1.));
#9279 = PLANE('',#9280);
#9280 = AXIS2_PLACEMENT_3D('',#9281,#9282,#9283);
#9281 = CARTESIAN_POINT('',(9.1,3.549724,3.));
#9282 = DIRECTION('',(0.,1.,0.));
#9283 = DIRECTION('',(-1.,0.,0.));
#9284 = ADVANCED_FACE('',(#9285),#9319,.F.);
#9285 = FACE_BOUND('',#9286,.F.);
#9286 = EDGE_LOOP('',(#9287,#9295,#9303,#9311,#9317,#9318));
#9287 = ORIENTED_EDGE('',*,*,#9288,.F.);
#9288 = EDGE_CURVE('',#9289,#9267,#9291,.T.);
#9289 = VERTEX_POINT('',#9290);
#9290 = CARTESIAN_POINT('',(4.65,3.447161,1.1));
#9291 = LINE('',#9292,#9293);
#9292 = CARTESIAN_POINT('',(4.65,3.447161,1.1));
#9293 = VECTOR('',#9294,1.);
#9294 = DIRECTION('',(0.,1.,0.));
#9295 = ORIENTED_EDGE('',*,*,#9296,.T.);
#9296 = EDGE_CURVE('',#9289,#9297,#9299,.T.);
#9297 = VERTEX_POINT('',#9298);
#9298 = CARTESIAN_POINT('',(4.65,3.447161,3.1));
#9299 = LINE('',#9300,#9301);
#9300 = CARTESIAN_POINT('',(4.65,3.447161,1.1));
#9301 = VECTOR('',#9302,1.);
#9302 = DIRECTION('',(0.,0.,1.));
#9303 = ORIENTED_EDGE('',*,*,#9304,.T.);
#9304 = EDGE_CURVE('',#9297,#9305,#9307,.T.);
#9305 = VERTEX_POINT('',#9306);
#9306 = CARTESIAN_POINT('',(4.65,3.647161,3.1));
#9307 = LINE('',#9308,#9309);
#9308 = CARTESIAN_POINT('',(4.65,3.447161,3.1));
#9309 = VECTOR('',#9310,1.);
#9310 = DIRECTION('',(0.,1.,0.));
#9311 = ORIENTED_EDGE('',*,*,#9312,.F.);
#9312 = EDGE_CURVE('',#2022,#9305,#9313,.T.);
#9313 = LINE('',#9314,#9315);
#9314 = CARTESIAN_POINT('',(4.65,3.647161,1.1));
#9315 = VECTOR('',#9316,1.);
#9316 = DIRECTION('',(0.,0.,1.));
#9317 = ORIENTED_EDGE('',*,*,#2029,.T.);
#9318 = ORIENTED_EDGE('',*,*,#9274,.F.);
#9319 = PLANE('',#9320);
#9320 = AXIS2_PLACEMENT_3D('',#9321,#9322,#9323);
#9321 = CARTESIAN_POINT('',(4.65,3.447161,1.1));
#9322 = DIRECTION('',(-1.,0.,0.));
#9323 = DIRECTION('',(0.,1.,0.));
#9324 = ADVANCED_FACE('',(#9325),#9343,.F.);
#9325 = FACE_BOUND('',#9326,.F.);
#9326 = EDGE_LOOP('',(#9327,#9328,#9329,#9337));
#9327 = ORIENTED_EDGE('',*,*,#2021,.T.);
#9328 = ORIENTED_EDGE('',*,*,#9312,.T.);
#9329 = ORIENTED_EDGE('',*,*,#9330,.T.);
#9330 = EDGE_CURVE('',#9305,#9331,#9333,.T.);
#9331 = VERTEX_POINT('',#9332);
#9332 = CARTESIAN_POINT('',(4.4,3.647161,3.1));
#9333 = LINE('',#9334,#9335);
#9334 = CARTESIAN_POINT('',(4.65,3.647161,3.1));
#9335 = VECTOR('',#9336,1.);
#9336 = DIRECTION('',(-1.,0.,0.));
#9337 = ORIENTED_EDGE('',*,*,#9338,.F.);
#9338 = EDGE_CURVE('',#2014,#9331,#9339,.T.);
#9339 = LINE('',#9340,#9341);
#9340 = CARTESIAN_POINT('',(4.4,3.647161,1.1));
#9341 = VECTOR('',#9342,1.);
#9342 = DIRECTION('',(0.,0.,1.));
#9343 = PLANE('',#9344);
#9344 = AXIS2_PLACEMENT_3D('',#9345,#9346,#9347);
#9345 = CARTESIAN_POINT('',(4.65,3.647161,1.1));
#9346 = DIRECTION('',(0.,-1.,0.));
#9347 = DIRECTION('',(-1.,0.,0.));
#9348 = ADVANCED_FACE('',(#9349),#9383,.F.);
#9349 = FACE_BOUND('',#9350,.F.);
#9350 = EDGE_LOOP('',(#9351,#9352,#9353,#9361,#9369,#9377));
#9351 = ORIENTED_EDGE('',*,*,#2013,.T.);
#9352 = ORIENTED_EDGE('',*,*,#9338,.T.);
#9353 = ORIENTED_EDGE('',*,*,#9354,.T.);
#9354 = EDGE_CURVE('',#9331,#9355,#9357,.T.);
#9355 = VERTEX_POINT('',#9356);
#9356 = CARTESIAN_POINT('',(4.4,3.447161,3.1));
#9357 = LINE('',#9358,#9359);
#9358 = CARTESIAN_POINT('',(4.4,3.647161,3.1));
#9359 = VECTOR('',#9360,1.);
#9360 = DIRECTION('',(0.,-1.,0.));
#9361 = ORIENTED_EDGE('',*,*,#9362,.F.);
#9362 = EDGE_CURVE('',#9363,#9355,#9365,.T.);
#9363 = VERTEX_POINT('',#9364);
#9364 = CARTESIAN_POINT('',(4.4,3.447161,1.1));
#9365 = LINE('',#9366,#9367);
#9366 = CARTESIAN_POINT('',(4.4,3.447161,1.1));
#9367 = VECTOR('',#9368,1.);
#9368 = DIRECTION('',(0.,0.,1.));
#9369 = ORIENTED_EDGE('',*,*,#9370,.F.);
#9370 = EDGE_CURVE('',#9371,#9363,#9373,.T.);
#9371 = VERTEX_POINT('',#9372);
#9372 = CARTESIAN_POINT('',(4.4,3.549724,1.1));
#9373 = LINE('',#9374,#9375);
#9374 = CARTESIAN_POINT('',(4.4,3.647161,1.1));
#9375 = VECTOR('',#9376,1.);
#9376 = DIRECTION('',(0.,-1.,0.));
#9377 = ORIENTED_EDGE('',*,*,#9378,.F.);
#9378 = EDGE_CURVE('',#2006,#9371,#9379,.T.);
#9379 = LINE('',#9380,#9381);
#9380 = CARTESIAN_POINT('',(4.4,3.549724,2.05));
#9381 = VECTOR('',#9382,1.);
#9382 = DIRECTION('',(-0.,0.,-1.));
#9383 = PLANE('',#9384);
#9384 = AXIS2_PLACEMENT_3D('',#9385,#9386,#9387);
#9385 = CARTESIAN_POINT('',(4.4,3.647161,1.1));
#9386 = DIRECTION('',(1.,0.,-0.));
#9387 = DIRECTION('',(0.,-1.,0.));
#9388 = ADVANCED_FACE('',(#9389),#9407,.F.);
#9389 = FACE_BOUND('',#9390,.F.);
#9390 = EDGE_LOOP('',(#9391,#9392,#9393,#9401));
#9391 = ORIENTED_EDGE('',*,*,#2005,.F.);
#9392 = ORIENTED_EDGE('',*,*,#9378,.T.);
#9393 = ORIENTED_EDGE('',*,*,#9394,.T.);
#9394 = EDGE_CURVE('',#9371,#9395,#9397,.T.);
#9395 = VERTEX_POINT('',#9396);
#9396 = CARTESIAN_POINT('',(3.85,3.549724,1.1));
#9397 = LINE('',#9398,#9399);
#9398 = CARTESIAN_POINT('',(9.1,3.549724,1.1));
#9399 = VECTOR('',#9400,1.);
#9400 = DIRECTION('',(-1.,0.,0.));
#9401 = ORIENTED_EDGE('',*,*,#9402,.T.);
#9402 = EDGE_CURVE('',#9395,#1998,#9403,.T.);
#9403 = LINE('',#9404,#9405);
#9404 = CARTESIAN_POINT('',(3.85,3.549724,2.05));
#9405 = VECTOR('',#9406,1.);
#9406 = DIRECTION('',(0.,-0.,1.));
#9407 = PLANE('',#9408);
#9408 = AXIS2_PLACEMENT_3D('',#9409,#9410,#9411);
#9409 = CARTESIAN_POINT('',(9.1,3.549724,3.));
#9410 = DIRECTION('',(0.,1.,0.));
#9411 = DIRECTION('',(-1.,0.,0.));
#9412 = ADVANCED_FACE('',(#9413),#9447,.F.);
#9413 = FACE_BOUND('',#9414,.F.);
#9414 = EDGE_LOOP('',(#9415,#9423,#9431,#9439,#9445,#9446));
#9415 = ORIENTED_EDGE('',*,*,#9416,.F.);
#9416 = EDGE_CURVE('',#9417,#9395,#9419,.T.);
#9417 = VERTEX_POINT('',#9418);
#9418 = CARTESIAN_POINT('',(3.85,3.447161,1.1));
#9419 = LINE('',#9420,#9421);
#9420 = CARTESIAN_POINT('',(3.85,3.447161,1.1));
#9421 = VECTOR('',#9422,1.);
#9422 = DIRECTION('',(0.,1.,0.));
#9423 = ORIENTED_EDGE('',*,*,#9424,.T.);
#9424 = EDGE_CURVE('',#9417,#9425,#9427,.T.);
#9425 = VERTEX_POINT('',#9426);
#9426 = CARTESIAN_POINT('',(3.85,3.447161,3.1));
#9427 = LINE('',#9428,#9429);
#9428 = CARTESIAN_POINT('',(3.85,3.447161,1.1));
#9429 = VECTOR('',#9430,1.);
#9430 = DIRECTION('',(0.,0.,1.));
#9431 = ORIENTED_EDGE('',*,*,#9432,.T.);
#9432 = EDGE_CURVE('',#9425,#9433,#9435,.T.);
#9433 = VERTEX_POINT('',#9434);
#9434 = CARTESIAN_POINT('',(3.85,3.647161,3.1));
#9435 = LINE('',#9436,#9437);
#9436 = CARTESIAN_POINT('',(3.85,3.447161,3.1));
#9437 = VECTOR('',#9438,1.);
#9438 = DIRECTION('',(0.,1.,0.));
#9439 = ORIENTED_EDGE('',*,*,#9440,.F.);
#9440 = EDGE_CURVE('',#1990,#9433,#9441,.T.);
#9441 = LINE('',#9442,#9443);
#9442 = CARTESIAN_POINT('',(3.85,3.647161,1.1));
#9443 = VECTOR('',#9444,1.);
#9444 = DIRECTION('',(0.,0.,1.));
#9445 = ORIENTED_EDGE('',*,*,#1997,.T.);
#9446 = ORIENTED_EDGE('',*,*,#9402,.F.);
#9447 = PLANE('',#9448);
#9448 = AXIS2_PLACEMENT_3D('',#9449,#9450,#9451);
#9449 = CARTESIAN_POINT('',(3.85,3.447161,1.1));
#9450 = DIRECTION('',(-1.,0.,0.));
#9451 = DIRECTION('',(0.,1.,0.));
#9452 = ADVANCED_FACE('',(#9453),#9471,.F.);
#9453 = FACE_BOUND('',#9454,.F.);
#9454 = EDGE_LOOP('',(#9455,#9456,#9457,#9465));
#9455 = ORIENTED_EDGE('',*,*,#1989,.T.);
#9456 = ORIENTED_EDGE('',*,*,#9440,.T.);
#9457 = ORIENTED_EDGE('',*,*,#9458,.T.);
#9458 = EDGE_CURVE('',#9433,#9459,#9461,.T.);
#9459 = VERTEX_POINT('',#9460);
#9460 = CARTESIAN_POINT('',(3.6,3.647161,3.1));
#9461 = LINE('',#9462,#9463);
#9462 = CARTESIAN_POINT('',(3.85,3.647161,3.1));
#9463 = VECTOR('',#9464,1.);
#9464 = DIRECTION('',(-1.,0.,0.));
#9465 = ORIENTED_EDGE('',*,*,#9466,.F.);
#9466 = EDGE_CURVE('',#1982,#9459,#9467,.T.);
#9467 = LINE('',#9468,#9469);
#9468 = CARTESIAN_POINT('',(3.6,3.647161,1.1));
#9469 = VECTOR('',#9470,1.);
#9470 = DIRECTION('',(0.,0.,1.));
#9471 = PLANE('',#9472);
#9472 = AXIS2_PLACEMENT_3D('',#9473,#9474,#9475);
#9473 = CARTESIAN_POINT('',(3.85,3.647161,1.1));
#9474 = DIRECTION('',(0.,-1.,0.));
#9475 = DIRECTION('',(-1.,0.,0.));
#9476 = ADVANCED_FACE('',(#9477),#9511,.F.);
#9477 = FACE_BOUND('',#9478,.F.);
#9478 = EDGE_LOOP('',(#9479,#9480,#9481,#9489,#9497,#9505));
#9479 = ORIENTED_EDGE('',*,*,#1981,.T.);
#9480 = ORIENTED_EDGE('',*,*,#9466,.T.);
#9481 = ORIENTED_EDGE('',*,*,#9482,.T.);
#9482 = EDGE_CURVE('',#9459,#9483,#9485,.T.);
#9483 = VERTEX_POINT('',#9484);
#9484 = CARTESIAN_POINT('',(3.6,3.447161,3.1));
#9485 = LINE('',#9486,#9487);
#9486 = CARTESIAN_POINT('',(3.6,3.647161,3.1));
#9487 = VECTOR('',#9488,1.);
#9488 = DIRECTION('',(0.,-1.,0.));
#9489 = ORIENTED_EDGE('',*,*,#9490,.F.);
#9490 = EDGE_CURVE('',#9491,#9483,#9493,.T.);
#9491 = VERTEX_POINT('',#9492);
#9492 = CARTESIAN_POINT('',(3.6,3.447161,1.1));
#9493 = LINE('',#9494,#9495);
#9494 = CARTESIAN_POINT('',(3.6,3.447161,1.1));
#9495 = VECTOR('',#9496,1.);
#9496 = DIRECTION('',(0.,0.,1.));
#9497 = ORIENTED_EDGE('',*,*,#9498,.F.);
#9498 = EDGE_CURVE('',#9499,#9491,#9501,.T.);
#9499 = VERTEX_POINT('',#9500);
#9500 = CARTESIAN_POINT('',(3.6,3.549724,1.1));
#9501 = LINE('',#9502,#9503);
#9502 = CARTESIAN_POINT('',(3.6,3.647161,1.1));
#9503 = VECTOR('',#9504,1.);
#9504 = DIRECTION('',(0.,-1.,0.));
#9505 = ORIENTED_EDGE('',*,*,#9506,.F.);
#9506 = EDGE_CURVE('',#1974,#9499,#9507,.T.);
#9507 = LINE('',#9508,#9509);
#9508 = CARTESIAN_POINT('',(3.6,3.549724,2.05));
#9509 = VECTOR('',#9510,1.);
#9510 = DIRECTION('',(-0.,0.,-1.));
#9511 = PLANE('',#9512);
#9512 = AXIS2_PLACEMENT_3D('',#9513,#9514,#9515);
#9513 = CARTESIAN_POINT('',(3.6,3.647161,1.1));
#9514 = DIRECTION('',(1.,0.,-0.));
#9515 = DIRECTION('',(0.,-1.,0.));
#9516 = ADVANCED_FACE('',(#9517),#9535,.F.);
#9517 = FACE_BOUND('',#9518,.F.);
#9518 = EDGE_LOOP('',(#9519,#9520,#9521,#9529));
#9519 = ORIENTED_EDGE('',*,*,#1973,.F.);
#9520 = ORIENTED_EDGE('',*,*,#9506,.T.);
#9521 = ORIENTED_EDGE('',*,*,#9522,.T.);
#9522 = EDGE_CURVE('',#9499,#9523,#9525,.T.);
#9523 = VERTEX_POINT('',#9524);
#9524 = CARTESIAN_POINT('',(3.05,3.549724,1.1));
#9525 = LINE('',#9526,#9527);
#9526 = CARTESIAN_POINT('',(9.1,3.549724,1.1));
#9527 = VECTOR('',#9528,1.);
#9528 = DIRECTION('',(-1.,0.,0.));
#9529 = ORIENTED_EDGE('',*,*,#9530,.T.);
#9530 = EDGE_CURVE('',#9523,#1966,#9531,.T.);
#9531 = LINE('',#9532,#9533);
#9532 = CARTESIAN_POINT('',(3.05,3.549724,2.05));
#9533 = VECTOR('',#9534,1.);
#9534 = DIRECTION('',(0.,-0.,1.));
#9535 = PLANE('',#9536);
#9536 = AXIS2_PLACEMENT_3D('',#9537,#9538,#9539);
#9537 = CARTESIAN_POINT('',(9.1,3.549724,3.));
#9538 = DIRECTION('',(0.,1.,0.));
#9539 = DIRECTION('',(-1.,0.,0.));
#9540 = ADVANCED_FACE('',(#9541),#9575,.F.);
#9541 = FACE_BOUND('',#9542,.F.);
#9542 = EDGE_LOOP('',(#9543,#9551,#9559,#9567,#9573,#9574));
#9543 = ORIENTED_EDGE('',*,*,#9544,.F.);
#9544 = EDGE_CURVE('',#9545,#9523,#9547,.T.);
#9545 = VERTEX_POINT('',#9546);
#9546 = CARTESIAN_POINT('',(3.05,3.447161,1.1));
#9547 = LINE('',#9548,#9549);
#9548 = CARTESIAN_POINT('',(3.05,3.447161,1.1));
#9549 = VECTOR('',#9550,1.);
#9550 = DIRECTION('',(0.,1.,0.));
#9551 = ORIENTED_EDGE('',*,*,#9552,.T.);
#9552 = EDGE_CURVE('',#9545,#9553,#9555,.T.);
#9553 = VERTEX_POINT('',#9554);
#9554 = CARTESIAN_POINT('',(3.05,3.447161,3.1));
#9555 = LINE('',#9556,#9557);
#9556 = CARTESIAN_POINT('',(3.05,3.447161,1.1));
#9557 = VECTOR('',#9558,1.);
#9558 = DIRECTION('',(0.,0.,1.));
#9559 = ORIENTED_EDGE('',*,*,#9560,.T.);
#9560 = EDGE_CURVE('',#9553,#9561,#9563,.T.);
#9561 = VERTEX_POINT('',#9562);
#9562 = CARTESIAN_POINT('',(3.05,3.647161,3.1));
#9563 = LINE('',#9564,#9565);
#9564 = CARTESIAN_POINT('',(3.05,3.447161,3.1));
#9565 = VECTOR('',#9566,1.);
#9566 = DIRECTION('',(0.,1.,0.));
#9567 = ORIENTED_EDGE('',*,*,#9568,.F.);
#9568 = EDGE_CURVE('',#1958,#9561,#9569,.T.);
#9569 = LINE('',#9570,#9571);
#9570 = CARTESIAN_POINT('',(3.05,3.647161,1.1));
#9571 = VECTOR('',#9572,1.);
#9572 = DIRECTION('',(0.,0.,1.));
#9573 = ORIENTED_EDGE('',*,*,#1965,.T.);
#9574 = ORIENTED_EDGE('',*,*,#9530,.F.);
#9575 = PLANE('',#9576);
#9576 = AXIS2_PLACEMENT_3D('',#9577,#9578,#9579);
#9577 = CARTESIAN_POINT('',(3.05,3.447161,1.1));
#9578 = DIRECTION('',(-1.,0.,0.));
#9579 = DIRECTION('',(0.,1.,0.));
#9580 = ADVANCED_FACE('',(#9581),#9599,.F.);
#9581 = FACE_BOUND('',#9582,.F.);
#9582 = EDGE_LOOP('',(#9583,#9584,#9585,#9593));
#9583 = ORIENTED_EDGE('',*,*,#1957,.T.);
#9584 = ORIENTED_EDGE('',*,*,#9568,.T.);
#9585 = ORIENTED_EDGE('',*,*,#9586,.T.);
#9586 = EDGE_CURVE('',#9561,#9587,#9589,.T.);
#9587 = VERTEX_POINT('',#9588);
#9588 = CARTESIAN_POINT('',(2.8,3.647161,3.1));
#9589 = LINE('',#9590,#9591);
#9590 = CARTESIAN_POINT('',(3.05,3.647161,3.1));
#9591 = VECTOR('',#9592,1.);
#9592 = DIRECTION('',(-1.,0.,0.));
#9593 = ORIENTED_EDGE('',*,*,#9594,.F.);
#9594 = EDGE_CURVE('',#1950,#9587,#9595,.T.);
#9595 = LINE('',#9596,#9597);
#9596 = CARTESIAN_POINT('',(2.8,3.647161,1.1));
#9597 = VECTOR('',#9598,1.);
#9598 = DIRECTION('',(0.,0.,1.));
#9599 = PLANE('',#9600);
#9600 = AXIS2_PLACEMENT_3D('',#9601,#9602,#9603);
#9601 = CARTESIAN_POINT('',(3.05,3.647161,1.1));
#9602 = DIRECTION('',(0.,-1.,0.));
#9603 = DIRECTION('',(-1.,0.,0.));
#9604 = ADVANCED_FACE('',(#9605),#9639,.F.);
#9605 = FACE_BOUND('',#9606,.F.);
#9606 = EDGE_LOOP('',(#9607,#9608,#9609,#9617,#9625,#9633));
#9607 = ORIENTED_EDGE('',*,*,#1949,.T.);
#9608 = ORIENTED_EDGE('',*,*,#9594,.T.);
#9609 = ORIENTED_EDGE('',*,*,#9610,.T.);
#9610 = EDGE_CURVE('',#9587,#9611,#9613,.T.);
#9611 = VERTEX_POINT('',#9612);
#9612 = CARTESIAN_POINT('',(2.8,3.447161,3.1));
#9613 = LINE('',#9614,#9615);
#9614 = CARTESIAN_POINT('',(2.8,3.647161,3.1));
#9615 = VECTOR('',#9616,1.);
#9616 = DIRECTION('',(0.,-1.,0.));
#9617 = ORIENTED_EDGE('',*,*,#9618,.F.);
#9618 = EDGE_CURVE('',#9619,#9611,#9621,.T.);
#9619 = VERTEX_POINT('',#9620);
#9620 = CARTESIAN_POINT('',(2.8,3.447161,1.1));
#9621 = LINE('',#9622,#9623);
#9622 = CARTESIAN_POINT('',(2.8,3.447161,1.1));
#9623 = VECTOR('',#9624,1.);
#9624 = DIRECTION('',(0.,0.,1.));
#9625 = ORIENTED_EDGE('',*,*,#9626,.F.);
#9626 = EDGE_CURVE('',#9627,#9619,#9629,.T.);
#9627 = VERTEX_POINT('',#9628);
#9628 = CARTESIAN_POINT('',(2.8,3.549724,1.1));
#9629 = LINE('',#9630,#9631);
#9630 = CARTESIAN_POINT('',(2.8,3.647161,1.1));
#9631 = VECTOR('',#9632,1.);
#9632 = DIRECTION('',(0.,-1.,0.));
#9633 = ORIENTED_EDGE('',*,*,#9634,.F.);
#9634 = EDGE_CURVE('',#1942,#9627,#9635,.T.);
#9635 = LINE('',#9636,#9637);
#9636 = CARTESIAN_POINT('',(2.8,3.549724,2.05));
#9637 = VECTOR('',#9638,1.);
#9638 = DIRECTION('',(-0.,0.,-1.));
#9639 = PLANE('',#9640);
#9640 = AXIS2_PLACEMENT_3D('',#9641,#9642,#9643);
#9641 = CARTESIAN_POINT('',(2.8,3.647161,1.1));
#9642 = DIRECTION('',(1.,0.,-0.));
#9643 = DIRECTION('',(0.,-1.,0.));
#9644 = ADVANCED_FACE('',(#9645),#9663,.F.);
#9645 = FACE_BOUND('',#9646,.F.);
#9646 = EDGE_LOOP('',(#9647,#9648,#9649,#9657));
#9647 = ORIENTED_EDGE('',*,*,#1941,.F.);
#9648 = ORIENTED_EDGE('',*,*,#9634,.T.);
#9649 = ORIENTED_EDGE('',*,*,#9650,.T.);
#9650 = EDGE_CURVE('',#9627,#9651,#9653,.T.);
#9651 = VERTEX_POINT('',#9652);
#9652 = CARTESIAN_POINT('',(2.25,3.549724,1.1));
#9653 = LINE('',#9654,#9655);
#9654 = CARTESIAN_POINT('',(9.1,3.549724,1.1));
#9655 = VECTOR('',#9656,1.);
#9656 = DIRECTION('',(-1.,0.,0.));
#9657 = ORIENTED_EDGE('',*,*,#9658,.T.);
#9658 = EDGE_CURVE('',#9651,#1934,#9659,.T.);
#9659 = LINE('',#9660,#9661);
#9660 = CARTESIAN_POINT('',(2.25,3.549724,2.05));
#9661 = VECTOR('',#9662,1.);
#9662 = DIRECTION('',(0.,-0.,1.));
#9663 = PLANE('',#9664);
#9664 = AXIS2_PLACEMENT_3D('',#9665,#9666,#9667);
#9665 = CARTESIAN_POINT('',(9.1,3.549724,3.));
#9666 = DIRECTION('',(0.,1.,0.));
#9667 = DIRECTION('',(-1.,0.,0.));
#9668 = ADVANCED_FACE('',(#9669),#9703,.F.);
#9669 = FACE_BOUND('',#9670,.F.);
#9670 = EDGE_LOOP('',(#9671,#9679,#9687,#9695,#9701,#9702));
#9671 = ORIENTED_EDGE('',*,*,#9672,.F.);
#9672 = EDGE_CURVE('',#9673,#9651,#9675,.T.);
#9673 = VERTEX_POINT('',#9674);
#9674 = CARTESIAN_POINT('',(2.25,3.447161,1.1));
#9675 = LINE('',#9676,#9677);
#9676 = CARTESIAN_POINT('',(2.25,3.447161,1.1));
#9677 = VECTOR('',#9678,1.);
#9678 = DIRECTION('',(0.,1.,0.));
#9679 = ORIENTED_EDGE('',*,*,#9680,.T.);
#9680 = EDGE_CURVE('',#9673,#9681,#9683,.T.);
#9681 = VERTEX_POINT('',#9682);
#9682 = CARTESIAN_POINT('',(2.25,3.447161,3.1));
#9683 = LINE('',#9684,#9685);
#9684 = CARTESIAN_POINT('',(2.25,3.447161,1.1));
#9685 = VECTOR('',#9686,1.);
#9686 = DIRECTION('',(0.,0.,1.));
#9687 = ORIENTED_EDGE('',*,*,#9688,.T.);
#9688 = EDGE_CURVE('',#9681,#9689,#9691,.T.);
#9689 = VERTEX_POINT('',#9690);
#9690 = CARTESIAN_POINT('',(2.25,3.647161,3.1));
#9691 = LINE('',#9692,#9693);
#9692 = CARTESIAN_POINT('',(2.25,3.447161,3.1));
#9693 = VECTOR('',#9694,1.);
#9694 = DIRECTION('',(0.,1.,0.));
#9695 = ORIENTED_EDGE('',*,*,#9696,.F.);
#9696 = EDGE_CURVE('',#1926,#9689,#9697,.T.);
#9697 = LINE('',#9698,#9699);
#9698 = CARTESIAN_POINT('',(2.25,3.647161,1.1));
#9699 = VECTOR('',#9700,1.);
#9700 = DIRECTION('',(0.,0.,1.));
#9701 = ORIENTED_EDGE('',*,*,#1933,.T.);
#9702 = ORIENTED_EDGE('',*,*,#9658,.F.);
#9703 = PLANE('',#9704);
#9704 = AXIS2_PLACEMENT_3D('',#9705,#9706,#9707);
#9705 = CARTESIAN_POINT('',(2.25,3.447161,1.1));
#9706 = DIRECTION('',(-1.,0.,0.));
#9707 = DIRECTION('',(0.,1.,0.));
#9708 = ADVANCED_FACE('',(#9709),#9727,.F.);
#9709 = FACE_BOUND('',#9710,.F.);
#9710 = EDGE_LOOP('',(#9711,#9712,#9713,#9721));
#9711 = ORIENTED_EDGE('',*,*,#1925,.T.);
#9712 = ORIENTED_EDGE('',*,*,#9696,.T.);
#9713 = ORIENTED_EDGE('',*,*,#9714,.T.);
#9714 = EDGE_CURVE('',#9689,#9715,#9717,.T.);
#9715 = VERTEX_POINT('',#9716);
#9716 = CARTESIAN_POINT('',(2.,3.647161,3.1));
#9717 = LINE('',#9718,#9719);
#9718 = CARTESIAN_POINT('',(2.25,3.647161,3.1));
#9719 = VECTOR('',#9720,1.);
#9720 = DIRECTION('',(-1.,0.,0.));
#9721 = ORIENTED_EDGE('',*,*,#9722,.F.);
#9722 = EDGE_CURVE('',#1918,#9715,#9723,.T.);
#9723 = LINE('',#9724,#9725);
#9724 = CARTESIAN_POINT('',(2.,3.647161,1.1));
#9725 = VECTOR('',#9726,1.);
#9726 = DIRECTION('',(0.,0.,1.));
#9727 = PLANE('',#9728);
#9728 = AXIS2_PLACEMENT_3D('',#9729,#9730,#9731);
#9729 = CARTESIAN_POINT('',(2.25,3.647161,1.1));
#9730 = DIRECTION('',(0.,-1.,0.));
#9731 = DIRECTION('',(-1.,0.,0.));
#9732 = ADVANCED_FACE('',(#9733),#9767,.F.);
#9733 = FACE_BOUND('',#9734,.F.);
#9734 = EDGE_LOOP('',(#9735,#9736,#9737,#9745,#9753,#9761));
#9735 = ORIENTED_EDGE('',*,*,#1917,.T.);
#9736 = ORIENTED_EDGE('',*,*,#9722,.T.);
#9737 = ORIENTED_EDGE('',*,*,#9738,.T.);
#9738 = EDGE_CURVE('',#9715,#9739,#9741,.T.);
#9739 = VERTEX_POINT('',#9740);
#9740 = CARTESIAN_POINT('',(2.,3.447161,3.1));
#9741 = LINE('',#9742,#9743);
#9742 = CARTESIAN_POINT('',(2.,3.647161,3.1));
#9743 = VECTOR('',#9744,1.);
#9744 = DIRECTION('',(0.,-1.,0.));
#9745 = ORIENTED_EDGE('',*,*,#9746,.F.);
#9746 = EDGE_CURVE('',#9747,#9739,#9749,.T.);
#9747 = VERTEX_POINT('',#9748);
#9748 = CARTESIAN_POINT('',(2.,3.447161,1.1));
#9749 = LINE('',#9750,#9751);
#9750 = CARTESIAN_POINT('',(2.,3.447161,1.1));
#9751 = VECTOR('',#9752,1.);
#9752 = DIRECTION('',(0.,0.,1.));
#9753 = ORIENTED_EDGE('',*,*,#9754,.F.);
#9754 = EDGE_CURVE('',#9755,#9747,#9757,.T.);
#9755 = VERTEX_POINT('',#9756);
#9756 = CARTESIAN_POINT('',(2.,3.549724,1.1));
#9757 = LINE('',#9758,#9759);
#9758 = CARTESIAN_POINT('',(2.,3.647161,1.1));
#9759 = VECTOR('',#9760,1.);
#9760 = DIRECTION('',(0.,-1.,0.));
#9761 = ORIENTED_EDGE('',*,*,#9762,.F.);
#9762 = EDGE_CURVE('',#1910,#9755,#9763,.T.);
#9763 = LINE('',#9764,#9765);
#9764 = CARTESIAN_POINT('',(2.,3.549724,2.05));
#9765 = VECTOR('',#9766,1.);
#9766 = DIRECTION('',(-0.,0.,-1.));
#9767 = PLANE('',#9768);
#9768 = AXIS2_PLACEMENT_3D('',#9769,#9770,#9771);
#9769 = CARTESIAN_POINT('',(2.,3.647161,1.1));
#9770 = DIRECTION('',(1.,0.,-0.));
#9771 = DIRECTION('',(0.,-1.,0.));
#9772 = ADVANCED_FACE('',(#9773),#9791,.F.);
#9773 = FACE_BOUND('',#9774,.F.);
#9774 = EDGE_LOOP('',(#9775,#9776,#9777,#9785));
#9775 = ORIENTED_EDGE('',*,*,#1909,.F.);
#9776 = ORIENTED_EDGE('',*,*,#9762,.T.);
#9777 = ORIENTED_EDGE('',*,*,#9778,.T.);
#9778 = EDGE_CURVE('',#9755,#9779,#9781,.T.);
#9779 = VERTEX_POINT('',#9780);
#9780 = CARTESIAN_POINT('',(1.45,3.549724,1.1));
#9781 = LINE('',#9782,#9783);
#9782 = CARTESIAN_POINT('',(9.1,3.549724,1.1));
#9783 = VECTOR('',#9784,1.);
#9784 = DIRECTION('',(-1.,0.,0.));
#9785 = ORIENTED_EDGE('',*,*,#9786,.T.);
#9786 = EDGE_CURVE('',#9779,#1902,#9787,.T.);
#9787 = LINE('',#9788,#9789);
#9788 = CARTESIAN_POINT('',(1.45,3.549724,2.05));
#9789 = VECTOR('',#9790,1.);
#9790 = DIRECTION('',(0.,-0.,1.));
#9791 = PLANE('',#9792);
#9792 = AXIS2_PLACEMENT_3D('',#9793,#9794,#9795);
#9793 = CARTESIAN_POINT('',(9.1,3.549724,3.));
#9794 = DIRECTION('',(0.,1.,0.));
#9795 = DIRECTION('',(-1.,0.,0.));
#9796 = ADVANCED_FACE('',(#9797),#9831,.F.);
#9797 = FACE_BOUND('',#9798,.F.);
#9798 = EDGE_LOOP('',(#9799,#9807,#9815,#9823,#9829,#9830));
#9799 = ORIENTED_EDGE('',*,*,#9800,.F.);
#9800 = EDGE_CURVE('',#9801,#9779,#9803,.T.);
#9801 = VERTEX_POINT('',#9802);
#9802 = CARTESIAN_POINT('',(1.45,3.4471615,1.1));
#9803 = LINE('',#9804,#9805);
#9804 = CARTESIAN_POINT('',(1.45,3.4471615,1.1));
#9805 = VECTOR('',#9806,1.);
#9806 = DIRECTION('',(0.,1.,0.));
#9807 = ORIENTED_EDGE('',*,*,#9808,.T.);
#9808 = EDGE_CURVE('',#9801,#9809,#9811,.T.);
#9809 = VERTEX_POINT('',#9810);
#9810 = CARTESIAN_POINT('',(1.45,3.4471615,3.1));
#9811 = LINE('',#9812,#9813);
#9812 = CARTESIAN_POINT('',(1.45,3.4471615,1.1));
#9813 = VECTOR('',#9814,1.);
#9814 = DIRECTION('',(0.,0.,1.));
#9815 = ORIENTED_EDGE('',*,*,#9816,.T.);
#9816 = EDGE_CURVE('',#9809,#9817,#9819,.T.);
#9817 = VERTEX_POINT('',#9818);
#9818 = CARTESIAN_POINT('',(1.45,3.6471615,3.1));
#9819 = LINE('',#9820,#9821);
#9820 = CARTESIAN_POINT('',(1.45,3.4471615,3.1));
#9821 = VECTOR('',#9822,1.);
#9822 = DIRECTION('',(0.,1.,0.));
#9823 = ORIENTED_EDGE('',*,*,#9824,.F.);
#9824 = EDGE_CURVE('',#1894,#9817,#9825,.T.);
#9825 = LINE('',#9826,#9827);
#9826 = CARTESIAN_POINT('',(1.45,3.6471615,1.1));
#9827 = VECTOR('',#9828,1.);
#9828 = DIRECTION('',(0.,0.,1.));
#9829 = ORIENTED_EDGE('',*,*,#1901,.T.);
#9830 = ORIENTED_EDGE('',*,*,#9786,.F.);
#9831 = PLANE('',#9832);
#9832 = AXIS2_PLACEMENT_3D('',#9833,#9834,#9835);
#9833 = CARTESIAN_POINT('',(1.45,3.4471615,1.1));
#9834 = DIRECTION('',(-1.,0.,0.));
#9835 = DIRECTION('',(0.,1.,0.));
#9836 = ADVANCED_FACE('',(#9837),#9855,.F.);
#9837 = FACE_BOUND('',#9838,.F.);
#9838 = EDGE_LOOP('',(#9839,#9840,#9841,#9849));
#9839 = ORIENTED_EDGE('',*,*,#1893,.T.);
#9840 = ORIENTED_EDGE('',*,*,#9824,.T.);
#9841 = ORIENTED_EDGE('',*,*,#9842,.T.);
#9842 = EDGE_CURVE('',#9817,#9843,#9845,.T.);
#9843 = VERTEX_POINT('',#9844);
#9844 = CARTESIAN_POINT('',(1.2,3.6471615,3.1));
#9845 = LINE('',#9846,#9847);
#9846 = CARTESIAN_POINT('',(1.45,3.6471615,3.1));
#9847 = VECTOR('',#9848,1.);
#9848 = DIRECTION('',(-1.,0.,0.));
#9849 = ORIENTED_EDGE('',*,*,#9850,.F.);
#9850 = EDGE_CURVE('',#1886,#9843,#9851,.T.);
#9851 = LINE('',#9852,#9853);
#9852 = CARTESIAN_POINT('',(1.2,3.6471615,1.1));
#9853 = VECTOR('',#9854,1.);
#9854 = DIRECTION('',(0.,0.,1.));
#9855 = PLANE('',#9856);
#9856 = AXIS2_PLACEMENT_3D('',#9857,#9858,#9859);
#9857 = CARTESIAN_POINT('',(1.45,3.6471615,1.1));
#9858 = DIRECTION('',(0.,-1.,0.));
#9859 = DIRECTION('',(-1.,0.,0.));
#9860 = ADVANCED_FACE('',(#9861),#9895,.F.);
#9861 = FACE_BOUND('',#9862,.F.);
#9862 = EDGE_LOOP('',(#9863,#9864,#9865,#9873,#9881,#9889));
#9863 = ORIENTED_EDGE('',*,*,#1885,.T.);
#9864 = ORIENTED_EDGE('',*,*,#9850,.T.);
#9865 = ORIENTED_EDGE('',*,*,#9866,.T.);
#9866 = EDGE_CURVE('',#9843,#9867,#9869,.T.);
#9867 = VERTEX_POINT('',#9868);
#9868 = CARTESIAN_POINT('',(1.2,3.4471615,3.1));
#9869 = LINE('',#9870,#9871);
#9870 = CARTESIAN_POINT('',(1.2,3.6471615,3.1));
#9871 = VECTOR('',#9872,1.);
#9872 = DIRECTION('',(0.,-1.,0.));
#9873 = ORIENTED_EDGE('',*,*,#9874,.F.);
#9874 = EDGE_CURVE('',#9875,#9867,#9877,.T.);
#9875 = VERTEX_POINT('',#9876);
#9876 = CARTESIAN_POINT('',(1.2,3.4471615,1.1));
#9877 = LINE('',#9878,#9879);
#9878 = CARTESIAN_POINT('',(1.2,3.4471615,1.1));
#9879 = VECTOR('',#9880,1.);
#9880 = DIRECTION('',(0.,0.,1.));
#9881 = ORIENTED_EDGE('',*,*,#9882,.F.);
#9882 = EDGE_CURVE('',#9883,#9875,#9885,.T.);
#9883 = VERTEX_POINT('',#9884);
#9884 = CARTESIAN_POINT('',(1.2,3.549724,1.1));
#9885 = LINE('',#9886,#9887);
#9886 = CARTESIAN_POINT('',(1.2,3.6471615,1.1));
#9887 = VECTOR('',#9888,1.);
#9888 = DIRECTION('',(0.,-1.,0.));
#9889 = ORIENTED_EDGE('',*,*,#9890,.F.);
#9890 = EDGE_CURVE('',#1878,#9883,#9891,.T.);
#9891 = LINE('',#9892,#9893);
#9892 = CARTESIAN_POINT('',(1.2,3.549724,2.05));
#9893 = VECTOR('',#9894,1.);
#9894 = DIRECTION('',(-0.,0.,-1.));
#9895 = PLANE('',#9896);
#9896 = AXIS2_PLACEMENT_3D('',#9897,#9898,#9899);
#9897 = CARTESIAN_POINT('',(1.2,3.6471615,1.1));
#9898 = DIRECTION('',(1.,0.,-0.));
#9899 = DIRECTION('',(0.,-1.,0.));
#9900 = ADVANCED_FACE('',(#9901),#9912,.F.);
#9901 = FACE_BOUND('',#9902,.F.);
#9902 = EDGE_LOOP('',(#9903,#9904,#9905,#9911));
#9903 = ORIENTED_EDGE('',*,*,#1877,.F.);
#9904 = ORIENTED_EDGE('',*,*,#9890,.T.);
#9905 = ORIENTED_EDGE('',*,*,#9906,.T.);
#9906 = EDGE_CURVE('',#9883,#7266,#9907,.T.);
#9907 = LINE('',#9908,#9909);
#9908 = CARTESIAN_POINT('',(9.1,3.549724,1.1));
#9909 = VECTOR('',#9910,1.);
#9910 = DIRECTION('',(-1.,0.,0.));
#9911 = ORIENTED_EDGE('',*,*,#7265,.F.);
#9912 = PLANE('',#9913);
#9913 = AXIS2_PLACEMENT_3D('',#9914,#9915,#9916);
#9914 = CARTESIAN_POINT('',(9.1,3.549724,3.));
#9915 = DIRECTION('',(0.,1.,0.));
#9916 = DIRECTION('',(-1.,0.,0.));
#9917 = ADVANCED_FACE('',(#9918),#9929,.T.);
#9918 = FACE_BOUND('',#9919,.T.);
#9919 = EDGE_LOOP('',(#9920,#9926,#9927,#9928));
#9920 = ORIENTED_EDGE('',*,*,#9921,.T.);
#9921 = EDGE_CURVE('',#4342,#4214,#9922,.T.);
#9922 = LINE('',#9923,#9924);
#9923 = CARTESIAN_POINT('',(8.65,5.,0.));
#9924 = VECTOR('',#9925,1.);
#9925 = DIRECTION('',(-1.,0.,0.));
#9926 = ORIENTED_EDGE('',*,*,#4238,.T.);
#9927 = ORIENTED_EDGE('',*,*,#2614,.F.);
#9928 = ORIENTED_EDGE('',*,*,#4349,.T.);
#9929 = PLANE('',#9930);
#9930 = AXIS2_PLACEMENT_3D('',#9931,#9932,#9933);
#9931 = CARTESIAN_POINT('',(4.925,2.2,0.));
#9932 = DIRECTION('',(0.,0.,1.));
#9933 = DIRECTION('',(1.,0.,0.));
#9934 = ADVANCED_FACE('',(#9935),#9946,.T.);
#9935 = FACE_BOUND('',#9936,.T.);
#9936 = EDGE_LOOP('',(#9937,#9943,#9944,#9945));
#9937 = ORIENTED_EDGE('',*,*,#9938,.T.);
#9938 = EDGE_CURVE('',#4166,#4038,#9939,.T.);
#9939 = LINE('',#9940,#9941);
#9940 = CARTESIAN_POINT('',(7.85,5.,0.));
#9941 = VECTOR('',#9942,1.);
#9942 = DIRECTION('',(-1.,0.,0.));
#9943 = ORIENTED_EDGE('',*,*,#4062,.T.);
#9944 = ORIENTED_EDGE('',*,*,#2607,.F.);
#9945 = ORIENTED_EDGE('',*,*,#4173,.T.);
#9946 = PLANE('',#9947);
#9947 = AXIS2_PLACEMENT_3D('',#9948,#9949,#9950);
#9948 = CARTESIAN_POINT('',(4.925,2.2,0.));
#9949 = DIRECTION('',(0.,0.,1.));
#9950 = DIRECTION('',(1.,0.,0.));
#9951 = ADVANCED_FACE('',(#9952),#9963,.T.);
#9952 = FACE_BOUND('',#9953,.T.);
#9953 = EDGE_LOOP('',(#9954,#9960,#9961,#9962));
#9954 = ORIENTED_EDGE('',*,*,#9955,.T.);
#9955 = EDGE_CURVE('',#3990,#3862,#9956,.T.);
#9956 = LINE('',#9957,#9958);
#9957 = CARTESIAN_POINT('',(7.05,5.,0.));
#9958 = VECTOR('',#9959,1.);
#9959 = DIRECTION('',(-1.,0.,0.));
#9960 = ORIENTED_EDGE('',*,*,#3886,.T.);
#9961 = ORIENTED_EDGE('',*,*,#2600,.F.);
#9962 = ORIENTED_EDGE('',*,*,#3997,.T.);
#9963 = PLANE('',#9964);
#9964 = AXIS2_PLACEMENT_3D('',#9965,#9966,#9967);
#9965 = CARTESIAN_POINT('',(4.925,2.2,0.));
#9966 = DIRECTION('',(0.,0.,1.));
#9967 = DIRECTION('',(1.,0.,0.));
#9968 = ADVANCED_FACE('',(#9969),#9980,.T.);
#9969 = FACE_BOUND('',#9970,.T.);
#9970 = EDGE_LOOP('',(#9971,#9977,#9978,#9979));
#9971 = ORIENTED_EDGE('',*,*,#9972,.T.);
#9972 = EDGE_CURVE('',#3814,#3686,#9973,.T.);
#9973 = LINE('',#9974,#9975);
#9974 = CARTESIAN_POINT('',(6.25,5.,0.));
#9975 = VECTOR('',#9976,1.);
#9976 = DIRECTION('',(-1.,0.,0.));
#9977 = ORIENTED_EDGE('',*,*,#3710,.T.);
#9978 = ORIENTED_EDGE('',*,*,#2593,.F.);
#9979 = ORIENTED_EDGE('',*,*,#3821,.T.);
#9980 = PLANE('',#9981);
#9981 = AXIS2_PLACEMENT_3D('',#9982,#9983,#9984);
#9982 = CARTESIAN_POINT('',(4.925,2.2,0.));
#9983 = DIRECTION('',(0.,0.,1.));
#9984 = DIRECTION('',(1.,0.,0.));
#9985 = ADVANCED_FACE('',(#9986),#9997,.T.);
#9986 = FACE_BOUND('',#9987,.T.);
#9987 = EDGE_LOOP('',(#9988,#9994,#9995,#9996));
#9988 = ORIENTED_EDGE('',*,*,#9989,.T.);
#9989 = EDGE_CURVE('',#3638,#3510,#9990,.T.);
#9990 = LINE('',#9991,#9992);
#9991 = CARTESIAN_POINT('',(5.45,5.,0.));
#9992 = VECTOR('',#9993,1.);
#9993 = DIRECTION('',(-1.,0.,0.));
#9994 = ORIENTED_EDGE('',*,*,#3534,.T.);
#9995 = ORIENTED_EDGE('',*,*,#2586,.F.);
#9996 = ORIENTED_EDGE('',*,*,#3645,.T.);
#9997 = PLANE('',#9998);
#9998 = AXIS2_PLACEMENT_3D('',#9999,#10000,#10001);
#9999 = CARTESIAN_POINT('',(4.925,2.2,0.));
#10000 = DIRECTION('',(0.,0.,1.));
#10001 = DIRECTION('',(1.,0.,0.));
#10002 = ADVANCED_FACE('',(#10003),#10014,.T.);
#10003 = FACE_BOUND('',#10004,.T.);
#10004 = EDGE_LOOP('',(#10005,#10011,#10012,#10013));
#10005 = ORIENTED_EDGE('',*,*,#10006,.T.);
#10006 = EDGE_CURVE('',#3462,#3334,#10007,.T.);
#10007 = LINE('',#10008,#10009);
#10008 = CARTESIAN_POINT('',(4.65,5.,0.));
#10009 = VECTOR('',#10010,1.);
#10010 = DIRECTION('',(-1.,0.,0.));
#10011 = ORIENTED_EDGE('',*,*,#3358,.T.);
#10012 = ORIENTED_EDGE('',*,*,#2579,.F.);
#10013 = ORIENTED_EDGE('',*,*,#3469,.T.);
#10014 = PLANE('',#10015);
#10015 = AXIS2_PLACEMENT_3D('',#10016,#10017,#10018);
#10016 = CARTESIAN_POINT('',(4.925,2.2,0.));
#10017 = DIRECTION('',(0.,0.,1.));
#10018 = DIRECTION('',(1.,0.,0.));
#10019 = ADVANCED_FACE('',(#10020),#10031,.T.);
#10020 = FACE_BOUND('',#10021,.T.);
#10021 = EDGE_LOOP('',(#10022,#10028,#10029,#10030));
#10022 = ORIENTED_EDGE('',*,*,#10023,.T.);
#10023 = EDGE_CURVE('',#3286,#3158,#10024,.T.);
#10024 = LINE('',#10025,#10026);
#10025 = CARTESIAN_POINT('',(3.85,5.,0.));
#10026 = VECTOR('',#10027,1.);
#10027 = DIRECTION('',(-1.,0.,0.));
#10028 = ORIENTED_EDGE('',*,*,#3182,.T.);
#10029 = ORIENTED_EDGE('',*,*,#2572,.F.);
#10030 = ORIENTED_EDGE('',*,*,#3293,.T.);
#10031 = PLANE('',#10032);
#10032 = AXIS2_PLACEMENT_3D('',#10033,#10034,#10035);
#10033 = CARTESIAN_POINT('',(4.925,2.2,0.));
#10034 = DIRECTION('',(0.,0.,1.));
#10035 = DIRECTION('',(1.,0.,0.));
#10036 = ADVANCED_FACE('',(#10037),#10048,.T.);
#10037 = FACE_BOUND('',#10038,.T.);
#10038 = EDGE_LOOP('',(#10039,#10045,#10046,#10047));
#10039 = ORIENTED_EDGE('',*,*,#10040,.T.);
#10040 = EDGE_CURVE('',#3110,#2982,#10041,.T.);
#10041 = LINE('',#10042,#10043);
#10042 = CARTESIAN_POINT('',(3.05,5.,0.));
#10043 = VECTOR('',#10044,1.);
#10044 = DIRECTION('',(-1.,0.,0.));
#10045 = ORIENTED_EDGE('',*,*,#3006,.T.);
#10046 = ORIENTED_EDGE('',*,*,#2565,.F.);
#10047 = ORIENTED_EDGE('',*,*,#3117,.T.);
#10048 = PLANE('',#10049);
#10049 = AXIS2_PLACEMENT_3D('',#10050,#10051,#10052);
#10050 = CARTESIAN_POINT('',(4.925,2.2,0.));
#10051 = DIRECTION('',(0.,0.,1.));
#10052 = DIRECTION('',(1.,0.,0.));
#10053 = ADVANCED_FACE('',(#10054),#10065,.T.);
#10054 = FACE_BOUND('',#10055,.T.);
#10055 = EDGE_LOOP('',(#10056,#10062,#10063,#10064));
#10056 = ORIENTED_EDGE('',*,*,#10057,.T.);
#10057 = EDGE_CURVE('',#2934,#2806,#10058,.T.);
#10058 = LINE('',#10059,#10060);
#10059 = CARTESIAN_POINT('',(2.25,5.,0.));
#10060 = VECTOR('',#10061,1.);
#10061 = DIRECTION('',(-1.,0.,0.));
#10062 = ORIENTED_EDGE('',*,*,#2830,.T.);
#10063 = ORIENTED_EDGE('',*,*,#2558,.F.);
#10064 = ORIENTED_EDGE('',*,*,#2941,.T.);
#10065 = PLANE('',#10066);
#10066 = AXIS2_PLACEMENT_3D('',#10067,#10068,#10069);
#10067 = CARTESIAN_POINT('',(4.925,2.2,0.));
#10068 = DIRECTION('',(0.,0.,1.));
#10069 = DIRECTION('',(1.,0.,0.));
#10070 = ADVANCED_FACE('',(#10071),#10082,.T.);
#10071 = FACE_BOUND('',#10072,.T.);
#10072 = EDGE_LOOP('',(#10073,#10079,#10080,#10081));
#10073 = ORIENTED_EDGE('',*,*,#10074,.T.);
#10074 = EDGE_CURVE('',#2758,#2630,#10075,.T.);
#10075 = LINE('',#10076,#10077);
#10076 = CARTESIAN_POINT('',(1.45,5.,0.));
#10077 = VECTOR('',#10078,1.);
#10078 = DIRECTION('',(-1.,0.,0.));
#10079 = ORIENTED_EDGE('',*,*,#2654,.T.);
#10080 = ORIENTED_EDGE('',*,*,#2551,.F.);
#10081 = ORIENTED_EDGE('',*,*,#2765,.T.);
#10082 = PLANE('',#10083);
#10083 = AXIS2_PLACEMENT_3D('',#10084,#10085,#10086);
#10084 = CARTESIAN_POINT('',(4.925,2.2,0.));
#10085 = DIRECTION('',(0.,0.,1.));
#10086 = DIRECTION('',(1.,0.,0.));
#10087 = ADVANCED_FACE('',(#10088),#10099,.T.);
#10088 = FACE_BOUND('',#10089,.T.);
#10089 = EDGE_LOOP('',(#10090,#10091,#10097,#10098));
#10090 = ORIENTED_EDGE('',*,*,#2757,.T.);
#10091 = ORIENTED_EDGE('',*,*,#10092,.T.);
#10092 = EDGE_CURVE('',#2750,#2632,#10093,.T.);
#10093 = LINE('',#10094,#10095);
#10094 = CARTESIAN_POINT('',(1.45,5.,-0.1));
#10095 = VECTOR('',#10096,1.);
#10096 = DIRECTION('',(-1.,0.,0.));
#10097 = ORIENTED_EDGE('',*,*,#2629,.F.);
#10098 = ORIENTED_EDGE('',*,*,#10074,.F.);
#10099 = PLANE('',#10100);
#10100 = AXIS2_PLACEMENT_3D('',#10101,#10102,#10103);
#10101 = CARTESIAN_POINT('',(1.45,5.,0.));
#10102 = DIRECTION('',(0.,1.,0.));
#10103 = DIRECTION('',(-1.,0.,0.));
#10104 = ADVANCED_FACE('',(#10105),#10111,.F.);
#10105 = FACE_BOUND('',#10106,.F.);
#10106 = EDGE_LOOP('',(#10107,#10108,#10109,#10110));
#10107 = ORIENTED_EDGE('',*,*,#2639,.T.);
#10108 = ORIENTED_EDGE('',*,*,#2701,.T.);
#10109 = ORIENTED_EDGE('',*,*,#2749,.T.);
#10110 = ORIENTED_EDGE('',*,*,#10092,.T.);
#10111 = PLANE('',#10112);
#10112 = AXIS2_PLACEMENT_3D('',#10113,#10114,#10115);
#10113 = CARTESIAN_POINT('',(4.925,2.2,-0.1));
#10114 = DIRECTION('',(0.,0.,1.));
#10115 = DIRECTION('',(1.,0.,0.));
#10116 = ADVANCED_FACE('',(#10117),#10123,.F.);
#10117 = FACE_BOUND('',#10118,.F.);
#10118 = EDGE_LOOP('',(#10119,#10120,#10121,#10122));
#10119 = ORIENTED_EDGE('',*,*,#2676,.T.);
#10120 = ORIENTED_EDGE('',*,*,#4440,.T.);
#10121 = ORIENTED_EDGE('',*,*,#2788,.T.);
#10122 = ORIENTED_EDGE('',*,*,#2732,.T.);
#10123 = PLANE('',#10124);
#10124 = AXIS2_PLACEMENT_3D('',#10125,#10126,#10127);
#10125 = CARTESIAN_POINT('',(4.925,2.2,-0.1));
#10126 = DIRECTION('',(0.,0.,1.));
#10127 = DIRECTION('',(1.,0.,0.));
#10128 = ADVANCED_FACE('',(#10129),#10140,.T.);
#10129 = FACE_BOUND('',#10130,.T.);
#10130 = EDGE_LOOP('',(#10131,#10132,#10138,#10139));
#10131 = ORIENTED_EDGE('',*,*,#2933,.T.);
#10132 = ORIENTED_EDGE('',*,*,#10133,.T.);
#10133 = EDGE_CURVE('',#2926,#2808,#10134,.T.);
#10134 = LINE('',#10135,#10136);
#10135 = CARTESIAN_POINT('',(2.25,5.,-0.1));
#10136 = VECTOR('',#10137,1.);
#10137 = DIRECTION('',(-1.,0.,0.));
#10138 = ORIENTED_EDGE('',*,*,#2805,.F.);
#10139 = ORIENTED_EDGE('',*,*,#10057,.F.);
#10140 = PLANE('',#10141);
#10141 = AXIS2_PLACEMENT_3D('',#10142,#10143,#10144);
#10142 = CARTESIAN_POINT('',(2.25,5.,0.));
#10143 = DIRECTION('',(0.,1.,0.));
#10144 = DIRECTION('',(-1.,0.,0.));
#10145 = ADVANCED_FACE('',(#10146),#10152,.F.);
#10146 = FACE_BOUND('',#10147,.F.);
#10147 = EDGE_LOOP('',(#10148,#10149,#10150,#10151));
#10148 = ORIENTED_EDGE('',*,*,#2815,.T.);
#10149 = ORIENTED_EDGE('',*,*,#2877,.T.);
#10150 = ORIENTED_EDGE('',*,*,#2925,.T.);
#10151 = ORIENTED_EDGE('',*,*,#10133,.T.);
#10152 = PLANE('',#10153);
#10153 = AXIS2_PLACEMENT_3D('',#10154,#10155,#10156);
#10154 = CARTESIAN_POINT('',(4.925,2.2,-0.1));
#10155 = DIRECTION('',(0.,0.,1.));
#10156 = DIRECTION('',(1.,0.,0.));
#10157 = ADVANCED_FACE('',(#10158),#10164,.F.);
#10158 = FACE_BOUND('',#10159,.F.);
#10159 = EDGE_LOOP('',(#10160,#10161,#10162,#10163));
#10160 = ORIENTED_EDGE('',*,*,#2852,.T.);
#10161 = ORIENTED_EDGE('',*,*,#4457,.T.);
#10162 = ORIENTED_EDGE('',*,*,#2964,.T.);
#10163 = ORIENTED_EDGE('',*,*,#2908,.T.);
#10164 = PLANE('',#10165);
#10165 = AXIS2_PLACEMENT_3D('',#10166,#10167,#10168);
#10166 = CARTESIAN_POINT('',(4.925,2.2,-0.1));
#10167 = DIRECTION('',(0.,0.,1.));
#10168 = DIRECTION('',(1.,0.,0.));
#10169 = ADVANCED_FACE('',(#10170),#10181,.T.);
#10170 = FACE_BOUND('',#10171,.T.);
#10171 = EDGE_LOOP('',(#10172,#10173,#10179,#10180));
#10172 = ORIENTED_EDGE('',*,*,#3109,.T.);
#10173 = ORIENTED_EDGE('',*,*,#10174,.T.);
#10174 = EDGE_CURVE('',#3102,#2984,#10175,.T.);
#10175 = LINE('',#10176,#10177);
#10176 = CARTESIAN_POINT('',(3.05,5.,-0.1));
#10177 = VECTOR('',#10178,1.);
#10178 = DIRECTION('',(-1.,0.,0.));
#10179 = ORIENTED_EDGE('',*,*,#2981,.F.);
#10180 = ORIENTED_EDGE('',*,*,#10040,.F.);
#10181 = PLANE('',#10182);
#10182 = AXIS2_PLACEMENT_3D('',#10183,#10184,#10185);
#10183 = CARTESIAN_POINT('',(3.05,5.,0.));
#10184 = DIRECTION('',(0.,1.,0.));
#10185 = DIRECTION('',(-1.,0.,0.));
#10186 = ADVANCED_FACE('',(#10187),#10193,.F.);
#10187 = FACE_BOUND('',#10188,.F.);
#10188 = EDGE_LOOP('',(#10189,#10190,#10191,#10192));
#10189 = ORIENTED_EDGE('',*,*,#2991,.T.);
#10190 = ORIENTED_EDGE('',*,*,#3053,.T.);
#10191 = ORIENTED_EDGE('',*,*,#3101,.T.);
#10192 = ORIENTED_EDGE('',*,*,#10174,.T.);
#10193 = PLANE('',#10194);
#10194 = AXIS2_PLACEMENT_3D('',#10195,#10196,#10197);
#10195 = CARTESIAN_POINT('',(4.925,2.2,-0.1));
#10196 = DIRECTION('',(0.,0.,1.));
#10197 = DIRECTION('',(1.,0.,0.));
#10198 = ADVANCED_FACE('',(#10199),#10205,.F.);
#10199 = FACE_BOUND('',#10200,.F.);
#10200 = EDGE_LOOP('',(#10201,#10202,#10203,#10204));
#10201 = ORIENTED_EDGE('',*,*,#3028,.T.);
#10202 = ORIENTED_EDGE('',*,*,#4474,.T.);
#10203 = ORIENTED_EDGE('',*,*,#3140,.T.);
#10204 = ORIENTED_EDGE('',*,*,#3084,.T.);
#10205 = PLANE('',#10206);
#10206 = AXIS2_PLACEMENT_3D('',#10207,#10208,#10209);
#10207 = CARTESIAN_POINT('',(4.925,2.2,-0.1));
#10208 = DIRECTION('',(0.,0.,1.));
#10209 = DIRECTION('',(1.,0.,0.));
#10210 = ADVANCED_FACE('',(#10211),#10222,.T.);
#10211 = FACE_BOUND('',#10212,.T.);
#10212 = EDGE_LOOP('',(#10213,#10214,#10220,#10221));
#10213 = ORIENTED_EDGE('',*,*,#3285,.T.);
#10214 = ORIENTED_EDGE('',*,*,#10215,.T.);
#10215 = EDGE_CURVE('',#3278,#3160,#10216,.T.);
#10216 = LINE('',#10217,#10218);
#10217 = CARTESIAN_POINT('',(3.85,5.,-0.1));
#10218 = VECTOR('',#10219,1.);
#10219 = DIRECTION('',(-1.,0.,0.));
#10220 = ORIENTED_EDGE('',*,*,#3157,.F.);
#10221 = ORIENTED_EDGE('',*,*,#10023,.F.);
#10222 = PLANE('',#10223);
#10223 = AXIS2_PLACEMENT_3D('',#10224,#10225,#10226);
#10224 = CARTESIAN_POINT('',(3.85,5.,0.));
#10225 = DIRECTION('',(0.,1.,0.));
#10226 = DIRECTION('',(-1.,0.,0.));
#10227 = ADVANCED_FACE('',(#10228),#10234,.F.);
#10228 = FACE_BOUND('',#10229,.F.);
#10229 = EDGE_LOOP('',(#10230,#10231,#10232,#10233));
#10230 = ORIENTED_EDGE('',*,*,#3167,.T.);
#10231 = ORIENTED_EDGE('',*,*,#3229,.T.);
#10232 = ORIENTED_EDGE('',*,*,#3277,.T.);
#10233 = ORIENTED_EDGE('',*,*,#10215,.T.);
#10234 = PLANE('',#10235);
#10235 = AXIS2_PLACEMENT_3D('',#10236,#10237,#10238);
#10236 = CARTESIAN_POINT('',(4.925,2.2,-0.1));
#10237 = DIRECTION('',(0.,0.,1.));
#10238 = DIRECTION('',(1.,0.,0.));
#10239 = ADVANCED_FACE('',(#10240),#10246,.F.);
#10240 = FACE_BOUND('',#10241,.F.);
#10241 = EDGE_LOOP('',(#10242,#10243,#10244,#10245));
#10242 = ORIENTED_EDGE('',*,*,#3204,.T.);
#10243 = ORIENTED_EDGE('',*,*,#4491,.T.);
#10244 = ORIENTED_EDGE('',*,*,#3316,.T.);
#10245 = ORIENTED_EDGE('',*,*,#3260,.T.);
#10246 = PLANE('',#10247);
#10247 = AXIS2_PLACEMENT_3D('',#10248,#10249,#10250);
#10248 = CARTESIAN_POINT('',(4.925,2.2,-0.1));
#10249 = DIRECTION('',(0.,0.,1.));
#10250 = DIRECTION('',(1.,0.,0.));
#10251 = ADVANCED_FACE('',(#10252),#10263,.T.);
#10252 = FACE_BOUND('',#10253,.T.);
#10253 = EDGE_LOOP('',(#10254,#10255,#10261,#10262));
#10254 = ORIENTED_EDGE('',*,*,#3461,.T.);
#10255 = ORIENTED_EDGE('',*,*,#10256,.T.);
#10256 = EDGE_CURVE('',#3454,#3336,#10257,.T.);
#10257 = LINE('',#10258,#10259);
#10258 = CARTESIAN_POINT('',(4.65,5.,-0.1));
#10259 = VECTOR('',#10260,1.);
#10260 = DIRECTION('',(-1.,0.,0.));
#10261 = ORIENTED_EDGE('',*,*,#3333,.F.);
#10262 = ORIENTED_EDGE('',*,*,#10006,.F.);
#10263 = PLANE('',#10264);
#10264 = AXIS2_PLACEMENT_3D('',#10265,#10266,#10267);
#10265 = CARTESIAN_POINT('',(4.65,5.,0.));
#10266 = DIRECTION('',(0.,1.,0.));
#10267 = DIRECTION('',(-1.,0.,0.));
#10268 = ADVANCED_FACE('',(#10269),#10275,.F.);
#10269 = FACE_BOUND('',#10270,.F.);
#10270 = EDGE_LOOP('',(#10271,#10272,#10273,#10274));
#10271 = ORIENTED_EDGE('',*,*,#3343,.T.);
#10272 = ORIENTED_EDGE('',*,*,#3405,.T.);
#10273 = ORIENTED_EDGE('',*,*,#3453,.T.);
#10274 = ORIENTED_EDGE('',*,*,#10256,.T.);
#10275 = PLANE('',#10276);
#10276 = AXIS2_PLACEMENT_3D('',#10277,#10278,#10279);
#10277 = CARTESIAN_POINT('',(4.925,2.2,-0.1));
#10278 = DIRECTION('',(0.,0.,1.));
#10279 = DIRECTION('',(1.,0.,0.));
#10280 = ADVANCED_FACE('',(#10281),#10287,.F.);
#10281 = FACE_BOUND('',#10282,.F.);
#10282 = EDGE_LOOP('',(#10283,#10284,#10285,#10286));
#10283 = ORIENTED_EDGE('',*,*,#3380,.T.);
#10284 = ORIENTED_EDGE('',*,*,#4508,.T.);
#10285 = ORIENTED_EDGE('',*,*,#3492,.T.);
#10286 = ORIENTED_EDGE('',*,*,#3436,.T.);
#10287 = PLANE('',#10288);
#10288 = AXIS2_PLACEMENT_3D('',#10289,#10290,#10291);
#10289 = CARTESIAN_POINT('',(4.925,2.2,-0.1));
#10290 = DIRECTION('',(0.,0.,1.));
#10291 = DIRECTION('',(1.,0.,0.));
#10292 = ADVANCED_FACE('',(#10293),#10304,.T.);
#10293 = FACE_BOUND('',#10294,.T.);
#10294 = EDGE_LOOP('',(#10295,#10296,#10302,#10303));
#10295 = ORIENTED_EDGE('',*,*,#3637,.T.);
#10296 = ORIENTED_EDGE('',*,*,#10297,.T.);
#10297 = EDGE_CURVE('',#3630,#3512,#10298,.T.);
#10298 = LINE('',#10299,#10300);
#10299 = CARTESIAN_POINT('',(5.45,5.,-0.1));
#10300 = VECTOR('',#10301,1.);
#10301 = DIRECTION('',(-1.,0.,0.));
#10302 = ORIENTED_EDGE('',*,*,#3509,.F.);
#10303 = ORIENTED_EDGE('',*,*,#9989,.F.);
#10304 = PLANE('',#10305);
#10305 = AXIS2_PLACEMENT_3D('',#10306,#10307,#10308);
#10306 = CARTESIAN_POINT('',(5.45,5.,0.));
#10307 = DIRECTION('',(0.,1.,0.));
#10308 = DIRECTION('',(-1.,0.,0.));
#10309 = ADVANCED_FACE('',(#10310),#10316,.F.);
#10310 = FACE_BOUND('',#10311,.F.);
#10311 = EDGE_LOOP('',(#10312,#10313,#10314,#10315));
#10312 = ORIENTED_EDGE('',*,*,#3519,.T.);
#10313 = ORIENTED_EDGE('',*,*,#3581,.T.);
#10314 = ORIENTED_EDGE('',*,*,#3629,.T.);
#10315 = ORIENTED_EDGE('',*,*,#10297,.T.);
#10316 = PLANE('',#10317);
#10317 = AXIS2_PLACEMENT_3D('',#10318,#10319,#10320);
#10318 = CARTESIAN_POINT('',(4.925,2.2,-0.1));
#10319 = DIRECTION('',(0.,0.,1.));
#10320 = DIRECTION('',(1.,0.,0.));
#10321 = ADVANCED_FACE('',(#10322),#10328,.F.);
#10322 = FACE_BOUND('',#10323,.F.);
#10323 = EDGE_LOOP('',(#10324,#10325,#10326,#10327));
#10324 = ORIENTED_EDGE('',*,*,#3556,.T.);
#10325 = ORIENTED_EDGE('',*,*,#4525,.T.);
#10326 = ORIENTED_EDGE('',*,*,#3668,.T.);
#10327 = ORIENTED_EDGE('',*,*,#3612,.T.);
#10328 = PLANE('',#10329);
#10329 = AXIS2_PLACEMENT_3D('',#10330,#10331,#10332);
#10330 = CARTESIAN_POINT('',(4.925,2.2,-0.1));
#10331 = DIRECTION('',(0.,0.,1.));
#10332 = DIRECTION('',(1.,0.,0.));
#10333 = ADVANCED_FACE('',(#10334),#10345,.T.);
#10334 = FACE_BOUND('',#10335,.T.);
#10335 = EDGE_LOOP('',(#10336,#10337,#10343,#10344));
#10336 = ORIENTED_EDGE('',*,*,#3813,.T.);
#10337 = ORIENTED_EDGE('',*,*,#10338,.T.);
#10338 = EDGE_CURVE('',#3806,#3688,#10339,.T.);
#10339 = LINE('',#10340,#10341);
#10340 = CARTESIAN_POINT('',(6.25,5.,-0.1));
#10341 = VECTOR('',#10342,1.);
#10342 = DIRECTION('',(-1.,0.,0.));
#10343 = ORIENTED_EDGE('',*,*,#3685,.F.);
#10344 = ORIENTED_EDGE('',*,*,#9972,.F.);
#10345 = PLANE('',#10346);
#10346 = AXIS2_PLACEMENT_3D('',#10347,#10348,#10349);
#10347 = CARTESIAN_POINT('',(6.25,5.,0.));
#10348 = DIRECTION('',(0.,1.,0.));
#10349 = DIRECTION('',(-1.,0.,0.));
#10350 = ADVANCED_FACE('',(#10351),#10357,.F.);
#10351 = FACE_BOUND('',#10352,.F.);
#10352 = EDGE_LOOP('',(#10353,#10354,#10355,#10356));
#10353 = ORIENTED_EDGE('',*,*,#3695,.T.);
#10354 = ORIENTED_EDGE('',*,*,#3757,.T.);
#10355 = ORIENTED_EDGE('',*,*,#3805,.T.);
#10356 = ORIENTED_EDGE('',*,*,#10338,.T.);
#10357 = PLANE('',#10358);
#10358 = AXIS2_PLACEMENT_3D('',#10359,#10360,#10361);
#10359 = CARTESIAN_POINT('',(4.925,2.2,-0.1));
#10360 = DIRECTION('',(0.,0.,1.));
#10361 = DIRECTION('',(1.,0.,0.));
#10362 = ADVANCED_FACE('',(#10363),#10369,.F.);
#10363 = FACE_BOUND('',#10364,.F.);
#10364 = EDGE_LOOP('',(#10365,#10366,#10367,#10368));
#10365 = ORIENTED_EDGE('',*,*,#3732,.T.);
#10366 = ORIENTED_EDGE('',*,*,#4542,.T.);
#10367 = ORIENTED_EDGE('',*,*,#3844,.T.);
#10368 = ORIENTED_EDGE('',*,*,#3788,.T.);
#10369 = PLANE('',#10370);
#10370 = AXIS2_PLACEMENT_3D('',#10371,#10372,#10373);
#10371 = CARTESIAN_POINT('',(4.925,2.2,-0.1));
#10372 = DIRECTION('',(0.,0.,1.));
#10373 = DIRECTION('',(1.,0.,0.));
#10374 = ADVANCED_FACE('',(#10375),#10386,.T.);
#10375 = FACE_BOUND('',#10376,.T.);
#10376 = EDGE_LOOP('',(#10377,#10378,#10384,#10385));
#10377 = ORIENTED_EDGE('',*,*,#3989,.T.);
#10378 = ORIENTED_EDGE('',*,*,#10379,.T.);
#10379 = EDGE_CURVE('',#3982,#3864,#10380,.T.);
#10380 = LINE('',#10381,#10382);
#10381 = CARTESIAN_POINT('',(7.05,5.,-0.1));
#10382 = VECTOR('',#10383,1.);
#10383 = DIRECTION('',(-1.,0.,0.));
#10384 = ORIENTED_EDGE('',*,*,#3861,.F.);
#10385 = ORIENTED_EDGE('',*,*,#9955,.F.);
#10386 = PLANE('',#10387);
#10387 = AXIS2_PLACEMENT_3D('',#10388,#10389,#10390);
#10388 = CARTESIAN_POINT('',(7.05,5.,0.));
#10389 = DIRECTION('',(0.,1.,0.));
#10390 = DIRECTION('',(-1.,0.,0.));
#10391 = ADVANCED_FACE('',(#10392),#10398,.F.);
#10392 = FACE_BOUND('',#10393,.F.);
#10393 = EDGE_LOOP('',(#10394,#10395,#10396,#10397));
#10394 = ORIENTED_EDGE('',*,*,#3871,.T.);
#10395 = ORIENTED_EDGE('',*,*,#3933,.T.);
#10396 = ORIENTED_EDGE('',*,*,#3981,.T.);
#10397 = ORIENTED_EDGE('',*,*,#10379,.T.);
#10398 = PLANE('',#10399);
#10399 = AXIS2_PLACEMENT_3D('',#10400,#10401,#10402);
#10400 = CARTESIAN_POINT('',(4.925,2.2,-0.1));
#10401 = DIRECTION('',(0.,0.,1.));
#10402 = DIRECTION('',(1.,0.,0.));
#10403 = ADVANCED_FACE('',(#10404),#10410,.F.);
#10404 = FACE_BOUND('',#10405,.F.);
#10405 = EDGE_LOOP('',(#10406,#10407,#10408,#10409));
#10406 = ORIENTED_EDGE('',*,*,#3908,.T.);
#10407 = ORIENTED_EDGE('',*,*,#4559,.T.);
#10408 = ORIENTED_EDGE('',*,*,#4020,.T.);
#10409 = ORIENTED_EDGE('',*,*,#3964,.T.);
#10410 = PLANE('',#10411);
#10411 = AXIS2_PLACEMENT_3D('',#10412,#10413,#10414);
#10412 = CARTESIAN_POINT('',(4.925,2.2,-0.1));
#10413 = DIRECTION('',(0.,0.,1.));
#10414 = DIRECTION('',(1.,0.,0.));
#10415 = ADVANCED_FACE('',(#10416),#10427,.T.);
#10416 = FACE_BOUND('',#10417,.T.);
#10417 = EDGE_LOOP('',(#10418,#10419,#10425,#10426));
#10418 = ORIENTED_EDGE('',*,*,#4165,.T.);
#10419 = ORIENTED_EDGE('',*,*,#10420,.T.);
#10420 = EDGE_CURVE('',#4158,#4040,#10421,.T.);
#10421 = LINE('',#10422,#10423);
#10422 = CARTESIAN_POINT('',(7.85,5.,-0.1));
#10423 = VECTOR('',#10424,1.);
#10424 = DIRECTION('',(-1.,0.,0.));
#10425 = ORIENTED_EDGE('',*,*,#4037,.F.);
#10426 = ORIENTED_EDGE('',*,*,#9938,.F.);
#10427 = PLANE('',#10428);
#10428 = AXIS2_PLACEMENT_3D('',#10429,#10430,#10431);
#10429 = CARTESIAN_POINT('',(7.85,5.,0.));
#10430 = DIRECTION('',(0.,1.,0.));
#10431 = DIRECTION('',(-1.,0.,0.));
#10432 = ADVANCED_FACE('',(#10433),#10439,.F.);
#10433 = FACE_BOUND('',#10434,.F.);
#10434 = EDGE_LOOP('',(#10435,#10436,#10437,#10438));
#10435 = ORIENTED_EDGE('',*,*,#4047,.T.);
#10436 = ORIENTED_EDGE('',*,*,#4109,.T.);
#10437 = ORIENTED_EDGE('',*,*,#4157,.T.);
#10438 = ORIENTED_EDGE('',*,*,#10420,.T.);
#10439 = PLANE('',#10440);
#10440 = AXIS2_PLACEMENT_3D('',#10441,#10442,#10443);
#10441 = CARTESIAN_POINT('',(4.925,2.2,-0.1));
#10442 = DIRECTION('',(0.,0.,1.));
#10443 = DIRECTION('',(1.,0.,0.));
#10444 = ADVANCED_FACE('',(#10445),#10451,.F.);
#10445 = FACE_BOUND('',#10446,.F.);
#10446 = EDGE_LOOP('',(#10447,#10448,#10449,#10450));
#10447 = ORIENTED_EDGE('',*,*,#4084,.T.);
#10448 = ORIENTED_EDGE('',*,*,#4576,.T.);
#10449 = ORIENTED_EDGE('',*,*,#4196,.T.);
#10450 = ORIENTED_EDGE('',*,*,#4140,.T.);
#10451 = PLANE('',#10452);
#10452 = AXIS2_PLACEMENT_3D('',#10453,#10454,#10455);
#10453 = CARTESIAN_POINT('',(4.925,2.2,-0.1));
#10454 = DIRECTION('',(0.,0.,1.));
#10455 = DIRECTION('',(1.,0.,0.));
#10456 = ADVANCED_FACE('',(#10457),#10468,.T.);
#10457 = FACE_BOUND('',#10458,.T.);
#10458 = EDGE_LOOP('',(#10459,#10460,#10466,#10467));
#10459 = ORIENTED_EDGE('',*,*,#4341,.T.);
#10460 = ORIENTED_EDGE('',*,*,#10461,.T.);
#10461 = EDGE_CURVE('',#4334,#4216,#10462,.T.);
#10462 = LINE('',#10463,#10464);
#10463 = CARTESIAN_POINT('',(8.65,5.,-0.1));
#10464 = VECTOR('',#10465,1.);
#10465 = DIRECTION('',(-1.,0.,0.));
#10466 = ORIENTED_EDGE('',*,*,#4213,.F.);
#10467 = ORIENTED_EDGE('',*,*,#9921,.F.);
#10468 = PLANE('',#10469);
#10469 = AXIS2_PLACEMENT_3D('',#10470,#10471,#10472);
#10470 = CARTESIAN_POINT('',(8.65,5.,0.));
#10471 = DIRECTION('',(0.,1.,0.));
#10472 = DIRECTION('',(-1.,0.,0.));
#10473 = ADVANCED_FACE('',(#10474),#10480,.F.);
#10474 = FACE_BOUND('',#10475,.F.);
#10475 = EDGE_LOOP('',(#10476,#10477,#10478,#10479));
#10476 = ORIENTED_EDGE('',*,*,#4223,.T.);
#10477 = ORIENTED_EDGE('',*,*,#4285,.T.);
#10478 = ORIENTED_EDGE('',*,*,#4333,.T.);
#10479 = ORIENTED_EDGE('',*,*,#10461,.T.);
#10480 = PLANE('',#10481);
#10481 = AXIS2_PLACEMENT_3D('',#10482,#10483,#10484);
#10482 = CARTESIAN_POINT('',(4.925,2.2,-0.1));
#10483 = DIRECTION('',(0.,0.,1.));
#10484 = DIRECTION('',(1.,0.,0.));
#10485 = ADVANCED_FACE('',(#10486),#10492,.F.);
#10486 = FACE_BOUND('',#10487,.F.);
#10487 = EDGE_LOOP('',(#10488,#10489,#10490,#10491));
#10488 = ORIENTED_EDGE('',*,*,#4260,.T.);
#10489 = ORIENTED_EDGE('',*,*,#4593,.T.);
#10490 = ORIENTED_EDGE('',*,*,#4372,.T.);
#10491 = ORIENTED_EDGE('',*,*,#4316,.T.);
#10492 = PLANE('',#10493);
#10493 = AXIS2_PLACEMENT_3D('',#10494,#10495,#10496);
#10494 = CARTESIAN_POINT('',(4.925,2.2,-0.1));
#10495 = DIRECTION('',(0.,0.,1.));
#10496 = DIRECTION('',(1.,0.,0.));
#10497 = ADVANCED_FACE('',(#10498),#10501,.F.);
#10498 = FACE_BOUND('',#10499,.T.);
#10499 = EDGE_LOOP('',(#10500));
#10500 = ORIENTED_EDGE('',*,*,#4397,.T.);
#10501 = PLANE('',#10502);
#10502 = AXIS2_PLACEMENT_3D('',#10503,#10504,#10505);
#10503 = CARTESIAN_POINT('',(4.95,0.95,-0.6));
#10504 = DIRECTION('',(0.,0.,1.));
#10505 = DIRECTION('',(1.,0.,0.));
#10506 = ADVANCED_FACE('',(#10507),#10510,.F.);
#10507 = FACE_BOUND('',#10508,.T.);
#10508 = EDGE_LOOP('',(#10509));
#10509 = ORIENTED_EDGE('',*,*,#4422,.T.);
#10510 = PLANE('',#10511);
#10511 = AXIS2_PLACEMENT_3D('',#10512,#10513,#10514);
#10512 = CARTESIAN_POINT('',(4.95,0.95,-0.6));
#10513 = DIRECTION('',(0.,0.,1.));
#10514 = DIRECTION('',(1.,0.,0.));
#10515 = ADVANCED_FACE('',(#10516),#10702,.T.);
#10516 = FACE_BOUND('',#10517,.T.);
#10517 = EDGE_LOOP('',(#10518,#10519,#10520,#10521,#10522,#10528,#10529,
    #10530,#10531,#10537,#10538,#10539,#10540,#10546,#10547,#10548,
    #10549,#10555,#10556,#10557,#10558,#10564,#10565,#10566,#10567,
    #10573,#10574,#10575,#10576,#10582,#10583,#10584,#10585,#10591,
    #10592,#10593,#10594,#10600,#10601,#10602,#10603,#10609,#10610,
    #10611,#10612,#10613,#10614,#10620,#10621,#10622,#10623,#10629,
    #10630,#10631,#10632,#10638,#10639,#10640,#10641,#10647,#10648,
    #10649,#10650,#10656,#10657,#10658,#10659,#10665,#10666,#10667,
    #10668,#10674,#10675,#10676,#10677,#10683,#10684,#10685,#10686,
    #10692,#10693,#10694,#10695,#10701));
#10518 = ORIENTED_EDGE('',*,*,#7250,.T.);
#10519 = ORIENTED_EDGE('',*,*,#4617,.T.);
#10520 = ORIENTED_EDGE('',*,*,#4642,.T.);
#10521 = ORIENTED_EDGE('',*,*,#4664,.F.);
#10522 = ORIENTED_EDGE('',*,*,#10523,.F.);
#10523 = EDGE_CURVE('',#4739,#4665,#10524,.T.);
#10524 = LINE('',#10525,#10526);
#10525 = CARTESIAN_POINT('',(1.45,0.947161,1.1));
#10526 = VECTOR('',#10527,1.);
#10527 = DIRECTION('',(-1.,0.,0.));
#10528 = ORIENTED_EDGE('',*,*,#4746,.F.);
#10529 = ORIENTED_EDGE('',*,*,#4770,.T.);
#10530 = ORIENTED_EDGE('',*,*,#4792,.F.);
#10531 = ORIENTED_EDGE('',*,*,#10532,.F.);
#10532 = EDGE_CURVE('',#4867,#4793,#10533,.T.);
#10533 = LINE('',#10534,#10535);
#10534 = CARTESIAN_POINT('',(2.25,0.947161,1.1));
#10535 = VECTOR('',#10536,1.);
#10536 = DIRECTION('',(-1.,0.,0.));
#10537 = ORIENTED_EDGE('',*,*,#4874,.F.);
#10538 = ORIENTED_EDGE('',*,*,#4898,.T.);
#10539 = ORIENTED_EDGE('',*,*,#4920,.F.);
#10540 = ORIENTED_EDGE('',*,*,#10541,.F.);
#10541 = EDGE_CURVE('',#4995,#4921,#10542,.T.);
#10542 = LINE('',#10543,#10544);
#10543 = CARTESIAN_POINT('',(3.05,0.947161,1.1));
#10544 = VECTOR('',#10545,1.);
#10545 = DIRECTION('',(-1.,0.,0.));
#10546 = ORIENTED_EDGE('',*,*,#5002,.F.);
#10547 = ORIENTED_EDGE('',*,*,#5026,.T.);
#10548 = ORIENTED_EDGE('',*,*,#5048,.F.);
#10549 = ORIENTED_EDGE('',*,*,#10550,.F.);
#10550 = EDGE_CURVE('',#5123,#5049,#10551,.T.);
#10551 = LINE('',#10552,#10553);
#10552 = CARTESIAN_POINT('',(3.85,0.947161,1.1));
#10553 = VECTOR('',#10554,1.);
#10554 = DIRECTION('',(-1.,0.,0.));
#10555 = ORIENTED_EDGE('',*,*,#5130,.F.);
#10556 = ORIENTED_EDGE('',*,*,#5154,.T.);
#10557 = ORIENTED_EDGE('',*,*,#5176,.F.);
#10558 = ORIENTED_EDGE('',*,*,#10559,.F.);
#10559 = EDGE_CURVE('',#5251,#5177,#10560,.T.);
#10560 = LINE('',#10561,#10562);
#10561 = CARTESIAN_POINT('',(4.65,0.947161,1.1));
#10562 = VECTOR('',#10563,1.);
#10563 = DIRECTION('',(-1.,0.,0.));
#10564 = ORIENTED_EDGE('',*,*,#5258,.F.);
#10565 = ORIENTED_EDGE('',*,*,#5282,.T.);
#10566 = ORIENTED_EDGE('',*,*,#5304,.F.);
#10567 = ORIENTED_EDGE('',*,*,#10568,.F.);
#10568 = EDGE_CURVE('',#5379,#5305,#10569,.T.);
#10569 = LINE('',#10570,#10571);
#10570 = CARTESIAN_POINT('',(5.45,0.947161,1.1));
#10571 = VECTOR('',#10572,1.);
#10572 = DIRECTION('',(-1.,0.,0.));
#10573 = ORIENTED_EDGE('',*,*,#5386,.F.);
#10574 = ORIENTED_EDGE('',*,*,#5410,.T.);
#10575 = ORIENTED_EDGE('',*,*,#5432,.F.);
#10576 = ORIENTED_EDGE('',*,*,#10577,.F.);
#10577 = EDGE_CURVE('',#5507,#5433,#10578,.T.);
#10578 = LINE('',#10579,#10580);
#10579 = CARTESIAN_POINT('',(6.25,0.947161,1.1));
#10580 = VECTOR('',#10581,1.);
#10581 = DIRECTION('',(-1.,0.,0.));
#10582 = ORIENTED_EDGE('',*,*,#5514,.F.);
#10583 = ORIENTED_EDGE('',*,*,#5538,.T.);
#10584 = ORIENTED_EDGE('',*,*,#5560,.F.);
#10585 = ORIENTED_EDGE('',*,*,#10586,.F.);
#10586 = EDGE_CURVE('',#5635,#5561,#10587,.T.);
#10587 = LINE('',#10588,#10589);
#10588 = CARTESIAN_POINT('',(7.05,0.947161,1.1));
#10589 = VECTOR('',#10590,1.);
#10590 = DIRECTION('',(-1.,0.,0.));
#10591 = ORIENTED_EDGE('',*,*,#5642,.F.);
#10592 = ORIENTED_EDGE('',*,*,#5666,.T.);
#10593 = ORIENTED_EDGE('',*,*,#5688,.F.);
#10594 = ORIENTED_EDGE('',*,*,#10595,.F.);
#10595 = EDGE_CURVE('',#5763,#5689,#10596,.T.);
#10596 = LINE('',#10597,#10598);
#10597 = CARTESIAN_POINT('',(7.85,0.947161,1.1));
#10598 = VECTOR('',#10599,1.);
#10599 = DIRECTION('',(-1.,0.,0.));
#10600 = ORIENTED_EDGE('',*,*,#5770,.F.);
#10601 = ORIENTED_EDGE('',*,*,#5794,.T.);
#10602 = ORIENTED_EDGE('',*,*,#5816,.F.);
#10603 = ORIENTED_EDGE('',*,*,#10604,.F.);
#10604 = EDGE_CURVE('',#5891,#5817,#10605,.T.);
#10605 = LINE('',#10606,#10607);
#10606 = CARTESIAN_POINT('',(8.65,0.947161,1.1));
#10607 = VECTOR('',#10608,1.);
#10608 = DIRECTION('',(-1.,0.,0.));
#10609 = ORIENTED_EDGE('',*,*,#5898,.F.);
#10610 = ORIENTED_EDGE('',*,*,#5922,.T.);
#10611 = ORIENTED_EDGE('',*,*,#5945,.T.);
#10612 = ORIENTED_EDGE('',*,*,#5970,.T.);
#10613 = ORIENTED_EDGE('',*,*,#5992,.F.);
#10614 = ORIENTED_EDGE('',*,*,#10615,.F.);
#10615 = EDGE_CURVE('',#6067,#5993,#10616,.T.);
#10616 = LINE('',#10617,#10618);
#10617 = CARTESIAN_POINT('',(8.4,1.547161,1.1));
#10618 = VECTOR('',#10619,1.);
#10619 = DIRECTION('',(1.,0.,0.));
#10620 = ORIENTED_EDGE('',*,*,#6074,.F.);
#10621 = ORIENTED_EDGE('',*,*,#6098,.T.);
#10622 = ORIENTED_EDGE('',*,*,#6120,.F.);
#10623 = ORIENTED_EDGE('',*,*,#10624,.F.);
#10624 = EDGE_CURVE('',#6195,#6121,#10625,.T.);
#10625 = LINE('',#10626,#10627);
#10626 = CARTESIAN_POINT('',(7.6,1.547161,1.1));
#10627 = VECTOR('',#10628,1.);
#10628 = DIRECTION('',(1.,0.,0.));
#10629 = ORIENTED_EDGE('',*,*,#6202,.F.);
#10630 = ORIENTED_EDGE('',*,*,#6226,.T.);
#10631 = ORIENTED_EDGE('',*,*,#6248,.F.);
#10632 = ORIENTED_EDGE('',*,*,#10633,.F.);
#10633 = EDGE_CURVE('',#6323,#6249,#10634,.T.);
#10634 = LINE('',#10635,#10636);
#10635 = CARTESIAN_POINT('',(6.8,1.547161,1.1));
#10636 = VECTOR('',#10637,1.);
#10637 = DIRECTION('',(1.,0.,0.));
#10638 = ORIENTED_EDGE('',*,*,#6330,.F.);
#10639 = ORIENTED_EDGE('',*,*,#6354,.T.);
#10640 = ORIENTED_EDGE('',*,*,#6376,.F.);
#10641 = ORIENTED_EDGE('',*,*,#10642,.F.);
#10642 = EDGE_CURVE('',#6451,#6377,#10643,.T.);
#10643 = LINE('',#10644,#10645);
#10644 = CARTESIAN_POINT('',(6.,1.547161,1.1));
#10645 = VECTOR('',#10646,1.);
#10646 = DIRECTION('',(1.,0.,0.));
#10647 = ORIENTED_EDGE('',*,*,#6458,.F.);
#10648 = ORIENTED_EDGE('',*,*,#6482,.T.);
#10649 = ORIENTED_EDGE('',*,*,#6504,.F.);
#10650 = ORIENTED_EDGE('',*,*,#10651,.F.);
#10651 = EDGE_CURVE('',#6579,#6505,#10652,.T.);
#10652 = LINE('',#10653,#10654);
#10653 = CARTESIAN_POINT('',(5.2,1.547161,1.1));
#10654 = VECTOR('',#10655,1.);
#10655 = DIRECTION('',(1.,0.,0.));
#10656 = ORIENTED_EDGE('',*,*,#6586,.F.);
#10657 = ORIENTED_EDGE('',*,*,#6610,.T.);
#10658 = ORIENTED_EDGE('',*,*,#6632,.F.);
#10659 = ORIENTED_EDGE('',*,*,#10660,.F.);
#10660 = EDGE_CURVE('',#6707,#6633,#10661,.T.);
#10661 = LINE('',#10662,#10663);
#10662 = CARTESIAN_POINT('',(4.4,1.547161,1.1));
#10663 = VECTOR('',#10664,1.);
#10664 = DIRECTION('',(1.,0.,0.));
#10665 = ORIENTED_EDGE('',*,*,#6714,.F.);
#10666 = ORIENTED_EDGE('',*,*,#6738,.T.);
#10667 = ORIENTED_EDGE('',*,*,#6760,.F.);
#10668 = ORIENTED_EDGE('',*,*,#10669,.F.);
#10669 = EDGE_CURVE('',#6835,#6761,#10670,.T.);
#10670 = LINE('',#10671,#10672);
#10671 = CARTESIAN_POINT('',(3.6,1.547161,1.1));
#10672 = VECTOR('',#10673,1.);
#10673 = DIRECTION('',(1.,0.,0.));
#10674 = ORIENTED_EDGE('',*,*,#6842,.F.);
#10675 = ORIENTED_EDGE('',*,*,#6866,.T.);
#10676 = ORIENTED_EDGE('',*,*,#6888,.F.);
#10677 = ORIENTED_EDGE('',*,*,#10678,.F.);
#10678 = EDGE_CURVE('',#6963,#6889,#10679,.T.);
#10679 = LINE('',#10680,#10681);
#10680 = CARTESIAN_POINT('',(2.8,1.547161,1.1));
#10681 = VECTOR('',#10682,1.);
#10682 = DIRECTION('',(1.,0.,0.));
#10683 = ORIENTED_EDGE('',*,*,#6970,.F.);
#10684 = ORIENTED_EDGE('',*,*,#6994,.T.);
#10685 = ORIENTED_EDGE('',*,*,#7016,.F.);
#10686 = ORIENTED_EDGE('',*,*,#10687,.F.);
#10687 = EDGE_CURVE('',#7091,#7017,#10688,.T.);
#10688 = LINE('',#10689,#10690);
#10689 = CARTESIAN_POINT('',(2.,1.547161,1.1));
#10690 = VECTOR('',#10691,1.);
#10691 = DIRECTION('',(1.,0.,0.));
#10692 = ORIENTED_EDGE('',*,*,#7098,.F.);
#10693 = ORIENTED_EDGE('',*,*,#7122,.T.);
#10694 = ORIENTED_EDGE('',*,*,#7144,.F.);
#10695 = ORIENTED_EDGE('',*,*,#10696,.F.);
#10696 = EDGE_CURVE('',#7219,#7145,#10697,.T.);
#10697 = LINE('',#10698,#10699);
#10698 = CARTESIAN_POINT('',(1.2,1.547162,1.1));
#10699 = VECTOR('',#10700,1.);
#10700 = DIRECTION('',(1.,0.,0.));
#10701 = ORIENTED_EDGE('',*,*,#7226,.F.);
#10702 = PLANE('',#10703);
#10703 = AXIS2_PLACEMENT_3D('',#10704,#10705,#10706);
#10704 = CARTESIAN_POINT('',(4.9509645,2.1996885,1.1));
#10705 = DIRECTION('',(0.,0.,1.));
#10706 = DIRECTION('',(1.,0.,0.));
#10707 = ADVANCED_FACE('',(#10708),#10719,.T.);
#10708 = FACE_BOUND('',#10709,.T.);
#10709 = EDGE_LOOP('',(#10710,#10711,#10712,#10713));
#10710 = ORIENTED_EDGE('',*,*,#4680,.T.);
#10711 = ORIENTED_EDGE('',*,*,#4706,.T.);
#10712 = ORIENTED_EDGE('',*,*,#4730,.T.);
#10713 = ORIENTED_EDGE('',*,*,#10714,.T.);
#10714 = EDGE_CURVE('',#4731,#4673,#10715,.T.);
#10715 = LINE('',#10716,#10717);
#10716 = CARTESIAN_POINT('',(1.45,0.947161,3.1));
#10717 = VECTOR('',#10718,1.);
#10718 = DIRECTION('',(-1.,0.,0.));
#10719 = PLANE('',#10720);
#10720 = AXIS2_PLACEMENT_3D('',#10721,#10722,#10723);
#10721 = CARTESIAN_POINT('',(4.9250002,2.197161055556,3.1));
#10722 = DIRECTION('',(0.,0.,1.));
#10723 = DIRECTION('',(1.,0.,0.));
#10724 = ADVANCED_FACE('',(#10725),#10731,.F.);
#10725 = FACE_BOUND('',#10726,.F.);
#10726 = EDGE_LOOP('',(#10727,#10728,#10729,#10730));
#10727 = ORIENTED_EDGE('',*,*,#4738,.T.);
#10728 = ORIENTED_EDGE('',*,*,#10714,.T.);
#10729 = ORIENTED_EDGE('',*,*,#4672,.F.);
#10730 = ORIENTED_EDGE('',*,*,#10523,.F.);
#10731 = PLANE('',#10732);
#10732 = AXIS2_PLACEMENT_3D('',#10733,#10734,#10735);
#10733 = CARTESIAN_POINT('',(1.45,0.947161,1.1));
#10734 = DIRECTION('',(0.,-1.,0.));
#10735 = DIRECTION('',(-1.,0.,0.));
#10736 = ADVANCED_FACE('',(#10737),#10748,.T.);
#10737 = FACE_BOUND('',#10738,.T.);
#10738 = EDGE_LOOP('',(#10739,#10740,#10741,#10742));
#10739 = ORIENTED_EDGE('',*,*,#4808,.T.);
#10740 = ORIENTED_EDGE('',*,*,#4834,.T.);
#10741 = ORIENTED_EDGE('',*,*,#4858,.T.);
#10742 = ORIENTED_EDGE('',*,*,#10743,.T.);
#10743 = EDGE_CURVE('',#4859,#4801,#10744,.T.);
#10744 = LINE('',#10745,#10746);
#10745 = CARTESIAN_POINT('',(2.25,0.947161,3.1));
#10746 = VECTOR('',#10747,1.);
#10747 = DIRECTION('',(-1.,0.,0.));
#10748 = PLANE('',#10749);
#10749 = AXIS2_PLACEMENT_3D('',#10750,#10751,#10752);
#10750 = CARTESIAN_POINT('',(4.9250002,2.197161055556,3.1));
#10751 = DIRECTION('',(0.,0.,1.));
#10752 = DIRECTION('',(1.,0.,0.));
#10753 = ADVANCED_FACE('',(#10754),#10760,.F.);
#10754 = FACE_BOUND('',#10755,.F.);
#10755 = EDGE_LOOP('',(#10756,#10757,#10758,#10759));
#10756 = ORIENTED_EDGE('',*,*,#4866,.T.);
#10757 = ORIENTED_EDGE('',*,*,#10743,.T.);
#10758 = ORIENTED_EDGE('',*,*,#4800,.F.);
#10759 = ORIENTED_EDGE('',*,*,#10532,.F.);
#10760 = PLANE('',#10761);
#10761 = AXIS2_PLACEMENT_3D('',#10762,#10763,#10764);
#10762 = CARTESIAN_POINT('',(2.25,0.947161,1.1));
#10763 = DIRECTION('',(0.,-1.,0.));
#10764 = DIRECTION('',(-1.,0.,0.));
#10765 = ADVANCED_FACE('',(#10766),#10777,.T.);
#10766 = FACE_BOUND('',#10767,.T.);
#10767 = EDGE_LOOP('',(#10768,#10769,#10770,#10771));
#10768 = ORIENTED_EDGE('',*,*,#4936,.T.);
#10769 = ORIENTED_EDGE('',*,*,#4962,.T.);
#10770 = ORIENTED_EDGE('',*,*,#4986,.T.);
#10771 = ORIENTED_EDGE('',*,*,#10772,.T.);
#10772 = EDGE_CURVE('',#4987,#4929,#10773,.T.);
#10773 = LINE('',#10774,#10775);
#10774 = CARTESIAN_POINT('',(3.05,0.947161,3.1));
#10775 = VECTOR('',#10776,1.);
#10776 = DIRECTION('',(-1.,0.,0.));
#10777 = PLANE('',#10778);
#10778 = AXIS2_PLACEMENT_3D('',#10779,#10780,#10781);
#10779 = CARTESIAN_POINT('',(4.9250002,2.197161055556,3.1));
#10780 = DIRECTION('',(0.,0.,1.));
#10781 = DIRECTION('',(1.,0.,0.));
#10782 = ADVANCED_FACE('',(#10783),#10789,.F.);
#10783 = FACE_BOUND('',#10784,.F.);
#10784 = EDGE_LOOP('',(#10785,#10786,#10787,#10788));
#10785 = ORIENTED_EDGE('',*,*,#4994,.T.);
#10786 = ORIENTED_EDGE('',*,*,#10772,.T.);
#10787 = ORIENTED_EDGE('',*,*,#4928,.F.);
#10788 = ORIENTED_EDGE('',*,*,#10541,.F.);
#10789 = PLANE('',#10790);
#10790 = AXIS2_PLACEMENT_3D('',#10791,#10792,#10793);
#10791 = CARTESIAN_POINT('',(3.05,0.947161,1.1));
#10792 = DIRECTION('',(0.,-1.,0.));
#10793 = DIRECTION('',(-1.,0.,0.));
#10794 = ADVANCED_FACE('',(#10795),#10806,.T.);
#10795 = FACE_BOUND('',#10796,.T.);
#10796 = EDGE_LOOP('',(#10797,#10798,#10799,#10800));
#10797 = ORIENTED_EDGE('',*,*,#5064,.T.);
#10798 = ORIENTED_EDGE('',*,*,#5090,.T.);
#10799 = ORIENTED_EDGE('',*,*,#5114,.T.);
#10800 = ORIENTED_EDGE('',*,*,#10801,.T.);
#10801 = EDGE_CURVE('',#5115,#5057,#10802,.T.);
#10802 = LINE('',#10803,#10804);
#10803 = CARTESIAN_POINT('',(3.85,0.947161,3.1));
#10804 = VECTOR('',#10805,1.);
#10805 = DIRECTION('',(-1.,0.,0.));
#10806 = PLANE('',#10807);
#10807 = AXIS2_PLACEMENT_3D('',#10808,#10809,#10810);
#10808 = CARTESIAN_POINT('',(4.9250002,2.197161055556,3.1));
#10809 = DIRECTION('',(0.,0.,1.));
#10810 = DIRECTION('',(1.,0.,0.));
#10811 = ADVANCED_FACE('',(#10812),#10818,.F.);
#10812 = FACE_BOUND('',#10813,.F.);
#10813 = EDGE_LOOP('',(#10814,#10815,#10816,#10817));
#10814 = ORIENTED_EDGE('',*,*,#5122,.T.);
#10815 = ORIENTED_EDGE('',*,*,#10801,.T.);
#10816 = ORIENTED_EDGE('',*,*,#5056,.F.);
#10817 = ORIENTED_EDGE('',*,*,#10550,.F.);
#10818 = PLANE('',#10819);
#10819 = AXIS2_PLACEMENT_3D('',#10820,#10821,#10822);
#10820 = CARTESIAN_POINT('',(3.85,0.947161,1.1));
#10821 = DIRECTION('',(0.,-1.,0.));
#10822 = DIRECTION('',(-1.,0.,0.));
#10823 = ADVANCED_FACE('',(#10824),#10835,.T.);
#10824 = FACE_BOUND('',#10825,.T.);
#10825 = EDGE_LOOP('',(#10826,#10827,#10828,#10829));
#10826 = ORIENTED_EDGE('',*,*,#5192,.T.);
#10827 = ORIENTED_EDGE('',*,*,#5218,.T.);
#10828 = ORIENTED_EDGE('',*,*,#5242,.T.);
#10829 = ORIENTED_EDGE('',*,*,#10830,.T.);
#10830 = EDGE_CURVE('',#5243,#5185,#10831,.T.);
#10831 = LINE('',#10832,#10833);
#10832 = CARTESIAN_POINT('',(4.65,0.947161,3.1));
#10833 = VECTOR('',#10834,1.);
#10834 = DIRECTION('',(-1.,0.,0.));
#10835 = PLANE('',#10836);
#10836 = AXIS2_PLACEMENT_3D('',#10837,#10838,#10839);
#10837 = CARTESIAN_POINT('',(4.9250002,2.197161055556,3.1));
#10838 = DIRECTION('',(0.,0.,1.));
#10839 = DIRECTION('',(1.,0.,0.));
#10840 = ADVANCED_FACE('',(#10841),#10847,.F.);
#10841 = FACE_BOUND('',#10842,.F.);
#10842 = EDGE_LOOP('',(#10843,#10844,#10845,#10846));
#10843 = ORIENTED_EDGE('',*,*,#5250,.T.);
#10844 = ORIENTED_EDGE('',*,*,#10830,.T.);
#10845 = ORIENTED_EDGE('',*,*,#5184,.F.);
#10846 = ORIENTED_EDGE('',*,*,#10559,.F.);
#10847 = PLANE('',#10848);
#10848 = AXIS2_PLACEMENT_3D('',#10849,#10850,#10851);
#10849 = CARTESIAN_POINT('',(4.65,0.947161,1.1));
#10850 = DIRECTION('',(0.,-1.,0.));
#10851 = DIRECTION('',(-1.,0.,0.));
#10852 = ADVANCED_FACE('',(#10853),#10864,.T.);
#10853 = FACE_BOUND('',#10854,.T.);
#10854 = EDGE_LOOP('',(#10855,#10856,#10857,#10858));
#10855 = ORIENTED_EDGE('',*,*,#5320,.T.);
#10856 = ORIENTED_EDGE('',*,*,#5346,.T.);
#10857 = ORIENTED_EDGE('',*,*,#5370,.T.);
#10858 = ORIENTED_EDGE('',*,*,#10859,.T.);
#10859 = EDGE_CURVE('',#5371,#5313,#10860,.T.);
#10860 = LINE('',#10861,#10862);
#10861 = CARTESIAN_POINT('',(5.45,0.947161,3.1));
#10862 = VECTOR('',#10863,1.);
#10863 = DIRECTION('',(-1.,0.,0.));
#10864 = PLANE('',#10865);
#10865 = AXIS2_PLACEMENT_3D('',#10866,#10867,#10868);
#10866 = CARTESIAN_POINT('',(4.9250002,2.197161055556,3.1));
#10867 = DIRECTION('',(0.,0.,1.));
#10868 = DIRECTION('',(1.,0.,0.));
#10869 = ADVANCED_FACE('',(#10870),#10876,.F.);
#10870 = FACE_BOUND('',#10871,.F.);
#10871 = EDGE_LOOP('',(#10872,#10873,#10874,#10875));
#10872 = ORIENTED_EDGE('',*,*,#5378,.T.);
#10873 = ORIENTED_EDGE('',*,*,#10859,.T.);
#10874 = ORIENTED_EDGE('',*,*,#5312,.F.);
#10875 = ORIENTED_EDGE('',*,*,#10568,.F.);
#10876 = PLANE('',#10877);
#10877 = AXIS2_PLACEMENT_3D('',#10878,#10879,#10880);
#10878 = CARTESIAN_POINT('',(5.45,0.947161,1.1));
#10879 = DIRECTION('',(0.,-1.,0.));
#10880 = DIRECTION('',(-1.,0.,0.));
#10881 = ADVANCED_FACE('',(#10882),#10893,.T.);
#10882 = FACE_BOUND('',#10883,.T.);
#10883 = EDGE_LOOP('',(#10884,#10885,#10886,#10887));
#10884 = ORIENTED_EDGE('',*,*,#5448,.T.);
#10885 = ORIENTED_EDGE('',*,*,#5474,.T.);
#10886 = ORIENTED_EDGE('',*,*,#5498,.T.);
#10887 = ORIENTED_EDGE('',*,*,#10888,.T.);
#10888 = EDGE_CURVE('',#5499,#5441,#10889,.T.);
#10889 = LINE('',#10890,#10891);
#10890 = CARTESIAN_POINT('',(6.25,0.947161,3.1));
#10891 = VECTOR('',#10892,1.);
#10892 = DIRECTION('',(-1.,0.,0.));
#10893 = PLANE('',#10894);
#10894 = AXIS2_PLACEMENT_3D('',#10895,#10896,#10897);
#10895 = CARTESIAN_POINT('',(4.9250002,2.197161055556,3.1));
#10896 = DIRECTION('',(0.,0.,1.));
#10897 = DIRECTION('',(1.,0.,0.));
#10898 = ADVANCED_FACE('',(#10899),#10905,.F.);
#10899 = FACE_BOUND('',#10900,.F.);
#10900 = EDGE_LOOP('',(#10901,#10902,#10903,#10904));
#10901 = ORIENTED_EDGE('',*,*,#5506,.T.);
#10902 = ORIENTED_EDGE('',*,*,#10888,.T.);
#10903 = ORIENTED_EDGE('',*,*,#5440,.F.);
#10904 = ORIENTED_EDGE('',*,*,#10577,.F.);
#10905 = PLANE('',#10906);
#10906 = AXIS2_PLACEMENT_3D('',#10907,#10908,#10909);
#10907 = CARTESIAN_POINT('',(6.25,0.947161,1.1));
#10908 = DIRECTION('',(0.,-1.,0.));
#10909 = DIRECTION('',(-1.,0.,0.));
#10910 = ADVANCED_FACE('',(#10911),#10922,.T.);
#10911 = FACE_BOUND('',#10912,.T.);
#10912 = EDGE_LOOP('',(#10913,#10914,#10915,#10916));
#10913 = ORIENTED_EDGE('',*,*,#5576,.T.);
#10914 = ORIENTED_EDGE('',*,*,#5602,.T.);
#10915 = ORIENTED_EDGE('',*,*,#5626,.T.);
#10916 = ORIENTED_EDGE('',*,*,#10917,.T.);
#10917 = EDGE_CURVE('',#5627,#5569,#10918,.T.);
#10918 = LINE('',#10919,#10920);
#10919 = CARTESIAN_POINT('',(7.05,0.947161,3.1));
#10920 = VECTOR('',#10921,1.);
#10921 = DIRECTION('',(-1.,0.,0.));
#10922 = PLANE('',#10923);
#10923 = AXIS2_PLACEMENT_3D('',#10924,#10925,#10926);
#10924 = CARTESIAN_POINT('',(4.9250002,2.197161055556,3.1));
#10925 = DIRECTION('',(0.,0.,1.));
#10926 = DIRECTION('',(1.,0.,0.));
#10927 = ADVANCED_FACE('',(#10928),#10934,.F.);
#10928 = FACE_BOUND('',#10929,.F.);
#10929 = EDGE_LOOP('',(#10930,#10931,#10932,#10933));
#10930 = ORIENTED_EDGE('',*,*,#5634,.T.);
#10931 = ORIENTED_EDGE('',*,*,#10917,.T.);
#10932 = ORIENTED_EDGE('',*,*,#5568,.F.);
#10933 = ORIENTED_EDGE('',*,*,#10586,.F.);
#10934 = PLANE('',#10935);
#10935 = AXIS2_PLACEMENT_3D('',#10936,#10937,#10938);
#10936 = CARTESIAN_POINT('',(7.05,0.947161,1.1));
#10937 = DIRECTION('',(0.,-1.,0.));
#10938 = DIRECTION('',(-1.,0.,0.));
#10939 = ADVANCED_FACE('',(#10940),#10951,.T.);
#10940 = FACE_BOUND('',#10941,.T.);
#10941 = EDGE_LOOP('',(#10942,#10943,#10944,#10945));
#10942 = ORIENTED_EDGE('',*,*,#5704,.T.);
#10943 = ORIENTED_EDGE('',*,*,#5730,.T.);
#10944 = ORIENTED_EDGE('',*,*,#5754,.T.);
#10945 = ORIENTED_EDGE('',*,*,#10946,.T.);
#10946 = EDGE_CURVE('',#5755,#5697,#10947,.T.);
#10947 = LINE('',#10948,#10949);
#10948 = CARTESIAN_POINT('',(7.85,0.947161,3.1));
#10949 = VECTOR('',#10950,1.);
#10950 = DIRECTION('',(-1.,0.,0.));
#10951 = PLANE('',#10952);
#10952 = AXIS2_PLACEMENT_3D('',#10953,#10954,#10955);
#10953 = CARTESIAN_POINT('',(4.9250002,2.197161055556,3.1));
#10954 = DIRECTION('',(0.,0.,1.));
#10955 = DIRECTION('',(1.,0.,0.));
#10956 = ADVANCED_FACE('',(#10957),#10963,.F.);
#10957 = FACE_BOUND('',#10958,.F.);
#10958 = EDGE_LOOP('',(#10959,#10960,#10961,#10962));
#10959 = ORIENTED_EDGE('',*,*,#5762,.T.);
#10960 = ORIENTED_EDGE('',*,*,#10946,.T.);
#10961 = ORIENTED_EDGE('',*,*,#5696,.F.);
#10962 = ORIENTED_EDGE('',*,*,#10595,.F.);
#10963 = PLANE('',#10964);
#10964 = AXIS2_PLACEMENT_3D('',#10965,#10966,#10967);
#10965 = CARTESIAN_POINT('',(7.85,0.947161,1.1));
#10966 = DIRECTION('',(0.,-1.,0.));
#10967 = DIRECTION('',(-1.,0.,0.));
#10968 = ADVANCED_FACE('',(#10969),#10980,.T.);
#10969 = FACE_BOUND('',#10970,.T.);
#10970 = EDGE_LOOP('',(#10971,#10972,#10973,#10974));
#10971 = ORIENTED_EDGE('',*,*,#5832,.T.);
#10972 = ORIENTED_EDGE('',*,*,#5858,.T.);
#10973 = ORIENTED_EDGE('',*,*,#5882,.T.);
#10974 = ORIENTED_EDGE('',*,*,#10975,.T.);
#10975 = EDGE_CURVE('',#5883,#5825,#10976,.T.);
#10976 = LINE('',#10977,#10978);
#10977 = CARTESIAN_POINT('',(8.65,0.947161,3.1));
#10978 = VECTOR('',#10979,1.);
#10979 = DIRECTION('',(-1.,0.,0.));
#10980 = PLANE('',#10981);
#10981 = AXIS2_PLACEMENT_3D('',#10982,#10983,#10984);
#10982 = CARTESIAN_POINT('',(4.9250002,2.197161055556,3.1));
#10983 = DIRECTION('',(0.,0.,1.));
#10984 = DIRECTION('',(1.,0.,0.));
#10985 = ADVANCED_FACE('',(#10986),#10992,.F.);
#10986 = FACE_BOUND('',#10987,.F.);
#10987 = EDGE_LOOP('',(#10988,#10989,#10990,#10991));
#10988 = ORIENTED_EDGE('',*,*,#5890,.T.);
#10989 = ORIENTED_EDGE('',*,*,#10975,.T.);
#10990 = ORIENTED_EDGE('',*,*,#5824,.F.);
#10991 = ORIENTED_EDGE('',*,*,#10604,.F.);
#10992 = PLANE('',#10993);
#10993 = AXIS2_PLACEMENT_3D('',#10994,#10995,#10996);
#10994 = CARTESIAN_POINT('',(8.65,0.947161,1.1));
#10995 = DIRECTION('',(0.,-1.,0.));
#10996 = DIRECTION('',(-1.,0.,0.));
#10997 = ADVANCED_FACE('',(#10998),#11009,.T.);
#10998 = FACE_BOUND('',#10999,.T.);
#10999 = EDGE_LOOP('',(#11000,#11001,#11007,#11008));
#11000 = ORIENTED_EDGE('',*,*,#6058,.T.);
#11001 = ORIENTED_EDGE('',*,*,#11002,.T.);
#11002 = EDGE_CURVE('',#6059,#6001,#11003,.T.);
#11003 = LINE('',#11004,#11005);
#11004 = CARTESIAN_POINT('',(8.4,1.547161,3.1));
#11005 = VECTOR('',#11006,1.);
#11006 = DIRECTION('',(1.,0.,0.));
#11007 = ORIENTED_EDGE('',*,*,#6008,.T.);
#11008 = ORIENTED_EDGE('',*,*,#6034,.T.);
#11009 = PLANE('',#11010);
#11010 = AXIS2_PLACEMENT_3D('',#11011,#11012,#11013);
#11011 = CARTESIAN_POINT('',(4.9250002,2.197161055556,3.1));
#11012 = DIRECTION('',(0.,0.,1.));
#11013 = DIRECTION('',(1.,0.,0.));
#11014 = ADVANCED_FACE('',(#11015),#11021,.F.);
#11015 = FACE_BOUND('',#11016,.F.);
#11016 = EDGE_LOOP('',(#11017,#11018,#11019,#11020));
#11017 = ORIENTED_EDGE('',*,*,#6066,.T.);
#11018 = ORIENTED_EDGE('',*,*,#11002,.T.);
#11019 = ORIENTED_EDGE('',*,*,#6000,.F.);
#11020 = ORIENTED_EDGE('',*,*,#10615,.F.);
#11021 = PLANE('',#11022);
#11022 = AXIS2_PLACEMENT_3D('',#11023,#11024,#11025);
#11023 = CARTESIAN_POINT('',(8.4,1.547161,1.1));
#11024 = DIRECTION('',(0.,1.,0.));
#11025 = DIRECTION('',(1.,0.,0.));
#11026 = ADVANCED_FACE('',(#11027),#11038,.T.);
#11027 = FACE_BOUND('',#11028,.T.);
#11028 = EDGE_LOOP('',(#11029,#11030,#11036,#11037));
#11029 = ORIENTED_EDGE('',*,*,#6186,.T.);
#11030 = ORIENTED_EDGE('',*,*,#11031,.T.);
#11031 = EDGE_CURVE('',#6187,#6129,#11032,.T.);
#11032 = LINE('',#11033,#11034);
#11033 = CARTESIAN_POINT('',(7.6,1.547161,3.1));
#11034 = VECTOR('',#11035,1.);
#11035 = DIRECTION('',(1.,0.,0.));
#11036 = ORIENTED_EDGE('',*,*,#6136,.T.);
#11037 = ORIENTED_EDGE('',*,*,#6162,.T.);
#11038 = PLANE('',#11039);
#11039 = AXIS2_PLACEMENT_3D('',#11040,#11041,#11042);
#11040 = CARTESIAN_POINT('',(4.9250002,2.197161055556,3.1));
#11041 = DIRECTION('',(0.,0.,1.));
#11042 = DIRECTION('',(1.,0.,0.));
#11043 = ADVANCED_FACE('',(#11044),#11050,.F.);
#11044 = FACE_BOUND('',#11045,.F.);
#11045 = EDGE_LOOP('',(#11046,#11047,#11048,#11049));
#11046 = ORIENTED_EDGE('',*,*,#6194,.T.);
#11047 = ORIENTED_EDGE('',*,*,#11031,.T.);
#11048 = ORIENTED_EDGE('',*,*,#6128,.F.);
#11049 = ORIENTED_EDGE('',*,*,#10624,.F.);
#11050 = PLANE('',#11051);
#11051 = AXIS2_PLACEMENT_3D('',#11052,#11053,#11054);
#11052 = CARTESIAN_POINT('',(7.6,1.547161,1.1));
#11053 = DIRECTION('',(0.,1.,0.));
#11054 = DIRECTION('',(1.,0.,0.));
#11055 = ADVANCED_FACE('',(#11056),#11067,.T.);
#11056 = FACE_BOUND('',#11057,.T.);
#11057 = EDGE_LOOP('',(#11058,#11059,#11065,#11066));
#11058 = ORIENTED_EDGE('',*,*,#6314,.T.);
#11059 = ORIENTED_EDGE('',*,*,#11060,.T.);
#11060 = EDGE_CURVE('',#6315,#6257,#11061,.T.);
#11061 = LINE('',#11062,#11063);
#11062 = CARTESIAN_POINT('',(6.8,1.547161,3.1));
#11063 = VECTOR('',#11064,1.);
#11064 = DIRECTION('',(1.,0.,0.));
#11065 = ORIENTED_EDGE('',*,*,#6264,.T.);
#11066 = ORIENTED_EDGE('',*,*,#6290,.T.);
#11067 = PLANE('',#11068);
#11068 = AXIS2_PLACEMENT_3D('',#11069,#11070,#11071);
#11069 = CARTESIAN_POINT('',(4.9250002,2.197161055556,3.1));
#11070 = DIRECTION('',(0.,0.,1.));
#11071 = DIRECTION('',(1.,0.,0.));
#11072 = ADVANCED_FACE('',(#11073),#11079,.F.);
#11073 = FACE_BOUND('',#11074,.F.);
#11074 = EDGE_LOOP('',(#11075,#11076,#11077,#11078));
#11075 = ORIENTED_EDGE('',*,*,#6322,.T.);
#11076 = ORIENTED_EDGE('',*,*,#11060,.T.);
#11077 = ORIENTED_EDGE('',*,*,#6256,.F.);
#11078 = ORIENTED_EDGE('',*,*,#10633,.F.);
#11079 = PLANE('',#11080);
#11080 = AXIS2_PLACEMENT_3D('',#11081,#11082,#11083);
#11081 = CARTESIAN_POINT('',(6.8,1.547161,1.1));
#11082 = DIRECTION('',(0.,1.,0.));
#11083 = DIRECTION('',(1.,0.,0.));
#11084 = ADVANCED_FACE('',(#11085),#11096,.T.);
#11085 = FACE_BOUND('',#11086,.T.);
#11086 = EDGE_LOOP('',(#11087,#11088,#11094,#11095));
#11087 = ORIENTED_EDGE('',*,*,#6442,.T.);
#11088 = ORIENTED_EDGE('',*,*,#11089,.T.);
#11089 = EDGE_CURVE('',#6443,#6385,#11090,.T.);
#11090 = LINE('',#11091,#11092);
#11091 = CARTESIAN_POINT('',(6.,1.547161,3.1));
#11092 = VECTOR('',#11093,1.);
#11093 = DIRECTION('',(1.,0.,0.));
#11094 = ORIENTED_EDGE('',*,*,#6392,.T.);
#11095 = ORIENTED_EDGE('',*,*,#6418,.T.);
#11096 = PLANE('',#11097);
#11097 = AXIS2_PLACEMENT_3D('',#11098,#11099,#11100);
#11098 = CARTESIAN_POINT('',(4.9250002,2.197161055556,3.1));
#11099 = DIRECTION('',(0.,0.,1.));
#11100 = DIRECTION('',(1.,0.,0.));
#11101 = ADVANCED_FACE('',(#11102),#11108,.F.);
#11102 = FACE_BOUND('',#11103,.F.);
#11103 = EDGE_LOOP('',(#11104,#11105,#11106,#11107));
#11104 = ORIENTED_EDGE('',*,*,#6450,.T.);
#11105 = ORIENTED_EDGE('',*,*,#11089,.T.);
#11106 = ORIENTED_EDGE('',*,*,#6384,.F.);
#11107 = ORIENTED_EDGE('',*,*,#10642,.F.);
#11108 = PLANE('',#11109);
#11109 = AXIS2_PLACEMENT_3D('',#11110,#11111,#11112);
#11110 = CARTESIAN_POINT('',(6.,1.547161,1.1));
#11111 = DIRECTION('',(0.,1.,0.));
#11112 = DIRECTION('',(1.,0.,0.));
#11113 = ADVANCED_FACE('',(#11114),#11125,.T.);
#11114 = FACE_BOUND('',#11115,.T.);
#11115 = EDGE_LOOP('',(#11116,#11117,#11123,#11124));
#11116 = ORIENTED_EDGE('',*,*,#6570,.T.);
#11117 = ORIENTED_EDGE('',*,*,#11118,.T.);
#11118 = EDGE_CURVE('',#6571,#6513,#11119,.T.);
#11119 = LINE('',#11120,#11121);
#11120 = CARTESIAN_POINT('',(5.2,1.547161,3.1));
#11121 = VECTOR('',#11122,1.);
#11122 = DIRECTION('',(1.,0.,0.));
#11123 = ORIENTED_EDGE('',*,*,#6520,.T.);
#11124 = ORIENTED_EDGE('',*,*,#6546,.T.);
#11125 = PLANE('',#11126);
#11126 = AXIS2_PLACEMENT_3D('',#11127,#11128,#11129);
#11127 = CARTESIAN_POINT('',(4.9250002,2.197161055556,3.1));
#11128 = DIRECTION('',(0.,0.,1.));
#11129 = DIRECTION('',(1.,0.,0.));
#11130 = ADVANCED_FACE('',(#11131),#11137,.F.);
#11131 = FACE_BOUND('',#11132,.F.);
#11132 = EDGE_LOOP('',(#11133,#11134,#11135,#11136));
#11133 = ORIENTED_EDGE('',*,*,#6578,.T.);
#11134 = ORIENTED_EDGE('',*,*,#11118,.T.);
#11135 = ORIENTED_EDGE('',*,*,#6512,.F.);
#11136 = ORIENTED_EDGE('',*,*,#10651,.F.);
#11137 = PLANE('',#11138);
#11138 = AXIS2_PLACEMENT_3D('',#11139,#11140,#11141);
#11139 = CARTESIAN_POINT('',(5.2,1.547161,1.1));
#11140 = DIRECTION('',(0.,1.,0.));
#11141 = DIRECTION('',(1.,0.,0.));
#11142 = ADVANCED_FACE('',(#11143),#11154,.T.);
#11143 = FACE_BOUND('',#11144,.T.);
#11144 = EDGE_LOOP('',(#11145,#11146,#11152,#11153));
#11145 = ORIENTED_EDGE('',*,*,#6698,.T.);
#11146 = ORIENTED_EDGE('',*,*,#11147,.T.);
#11147 = EDGE_CURVE('',#6699,#6641,#11148,.T.);
#11148 = LINE('',#11149,#11150);
#11149 = CARTESIAN_POINT('',(4.4,1.547161,3.1));
#11150 = VECTOR('',#11151,1.);
#11151 = DIRECTION('',(1.,0.,0.));
#11152 = ORIENTED_EDGE('',*,*,#6648,.T.);
#11153 = ORIENTED_EDGE('',*,*,#6674,.T.);
#11154 = PLANE('',#11155);
#11155 = AXIS2_PLACEMENT_3D('',#11156,#11157,#11158);
#11156 = CARTESIAN_POINT('',(4.9250002,2.197161055556,3.1));
#11157 = DIRECTION('',(0.,0.,1.));
#11158 = DIRECTION('',(1.,0.,0.));
#11159 = ADVANCED_FACE('',(#11160),#11166,.F.);
#11160 = FACE_BOUND('',#11161,.F.);
#11161 = EDGE_LOOP('',(#11162,#11163,#11164,#11165));
#11162 = ORIENTED_EDGE('',*,*,#6706,.T.);
#11163 = ORIENTED_EDGE('',*,*,#11147,.T.);
#11164 = ORIENTED_EDGE('',*,*,#6640,.F.);
#11165 = ORIENTED_EDGE('',*,*,#10660,.F.);
#11166 = PLANE('',#11167);
#11167 = AXIS2_PLACEMENT_3D('',#11168,#11169,#11170);
#11168 = CARTESIAN_POINT('',(4.4,1.547161,1.1));
#11169 = DIRECTION('',(0.,1.,0.));
#11170 = DIRECTION('',(1.,0.,0.));
#11171 = ADVANCED_FACE('',(#11172),#11183,.T.);
#11172 = FACE_BOUND('',#11173,.T.);
#11173 = EDGE_LOOP('',(#11174,#11175,#11181,#11182));
#11174 = ORIENTED_EDGE('',*,*,#6826,.T.);
#11175 = ORIENTED_EDGE('',*,*,#11176,.T.);
#11176 = EDGE_CURVE('',#6827,#6769,#11177,.T.);
#11177 = LINE('',#11178,#11179);
#11178 = CARTESIAN_POINT('',(3.6,1.547161,3.1));
#11179 = VECTOR('',#11180,1.);
#11180 = DIRECTION('',(1.,0.,0.));
#11181 = ORIENTED_EDGE('',*,*,#6776,.T.);
#11182 = ORIENTED_EDGE('',*,*,#6802,.T.);
#11183 = PLANE('',#11184);
#11184 = AXIS2_PLACEMENT_3D('',#11185,#11186,#11187);
#11185 = CARTESIAN_POINT('',(4.9250002,2.197161055556,3.1));
#11186 = DIRECTION('',(0.,0.,1.));
#11187 = DIRECTION('',(1.,0.,0.));
#11188 = ADVANCED_FACE('',(#11189),#11195,.F.);
#11189 = FACE_BOUND('',#11190,.F.);
#11190 = EDGE_LOOP('',(#11191,#11192,#11193,#11194));
#11191 = ORIENTED_EDGE('',*,*,#6834,.T.);
#11192 = ORIENTED_EDGE('',*,*,#11176,.T.);
#11193 = ORIENTED_EDGE('',*,*,#6768,.F.);
#11194 = ORIENTED_EDGE('',*,*,#10669,.F.);
#11195 = PLANE('',#11196);
#11196 = AXIS2_PLACEMENT_3D('',#11197,#11198,#11199);
#11197 = CARTESIAN_POINT('',(3.6,1.547161,1.1));
#11198 = DIRECTION('',(0.,1.,0.));
#11199 = DIRECTION('',(1.,0.,0.));
#11200 = ADVANCED_FACE('',(#11201),#11212,.T.);
#11201 = FACE_BOUND('',#11202,.T.);
#11202 = EDGE_LOOP('',(#11203,#11204,#11210,#11211));
#11203 = ORIENTED_EDGE('',*,*,#6954,.T.);
#11204 = ORIENTED_EDGE('',*,*,#11205,.T.);
#11205 = EDGE_CURVE('',#6955,#6897,#11206,.T.);
#11206 = LINE('',#11207,#11208);
#11207 = CARTESIAN_POINT('',(2.8,1.547161,3.1));
#11208 = VECTOR('',#11209,1.);
#11209 = DIRECTION('',(1.,0.,0.));
#11210 = ORIENTED_EDGE('',*,*,#6904,.T.);
#11211 = ORIENTED_EDGE('',*,*,#6930,.T.);
#11212 = PLANE('',#11213);
#11213 = AXIS2_PLACEMENT_3D('',#11214,#11215,#11216);
#11214 = CARTESIAN_POINT('',(4.9250002,2.197161055556,3.1));
#11215 = DIRECTION('',(0.,0.,1.));
#11216 = DIRECTION('',(1.,0.,0.));
#11217 = ADVANCED_FACE('',(#11218),#11224,.F.);
#11218 = FACE_BOUND('',#11219,.F.);
#11219 = EDGE_LOOP('',(#11220,#11221,#11222,#11223));
#11220 = ORIENTED_EDGE('',*,*,#6962,.T.);
#11221 = ORIENTED_EDGE('',*,*,#11205,.T.);
#11222 = ORIENTED_EDGE('',*,*,#6896,.F.);
#11223 = ORIENTED_EDGE('',*,*,#10678,.F.);
#11224 = PLANE('',#11225);
#11225 = AXIS2_PLACEMENT_3D('',#11226,#11227,#11228);
#11226 = CARTESIAN_POINT('',(2.8,1.547161,1.1));
#11227 = DIRECTION('',(0.,1.,0.));
#11228 = DIRECTION('',(1.,0.,0.));
#11229 = ADVANCED_FACE('',(#11230),#11241,.T.);
#11230 = FACE_BOUND('',#11231,.T.);
#11231 = EDGE_LOOP('',(#11232,#11233,#11239,#11240));
#11232 = ORIENTED_EDGE('',*,*,#7082,.T.);
#11233 = ORIENTED_EDGE('',*,*,#11234,.T.);
#11234 = EDGE_CURVE('',#7083,#7025,#11235,.T.);
#11235 = LINE('',#11236,#11237);
#11236 = CARTESIAN_POINT('',(2.,1.547161,3.1));
#11237 = VECTOR('',#11238,1.);
#11238 = DIRECTION('',(1.,0.,0.));
#11239 = ORIENTED_EDGE('',*,*,#7032,.T.);
#11240 = ORIENTED_EDGE('',*,*,#7058,.T.);
#11241 = PLANE('',#11242);
#11242 = AXIS2_PLACEMENT_3D('',#11243,#11244,#11245);
#11243 = CARTESIAN_POINT('',(4.9250002,2.197161055556,3.1));
#11244 = DIRECTION('',(0.,0.,1.));
#11245 = DIRECTION('',(1.,0.,0.));
#11246 = ADVANCED_FACE('',(#11247),#11253,.F.);
#11247 = FACE_BOUND('',#11248,.F.);
#11248 = EDGE_LOOP('',(#11249,#11250,#11251,#11252));
#11249 = ORIENTED_EDGE('',*,*,#7090,.T.);
#11250 = ORIENTED_EDGE('',*,*,#11234,.T.);
#11251 = ORIENTED_EDGE('',*,*,#7024,.F.);
#11252 = ORIENTED_EDGE('',*,*,#10687,.F.);
#11253 = PLANE('',#11254);
#11254 = AXIS2_PLACEMENT_3D('',#11255,#11256,#11257);
#11255 = CARTESIAN_POINT('',(2.,1.547161,1.1));
#11256 = DIRECTION('',(0.,1.,0.));
#11257 = DIRECTION('',(1.,0.,0.));
#11258 = ADVANCED_FACE('',(#11259),#11270,.T.);
#11259 = FACE_BOUND('',#11260,.T.);
#11260 = EDGE_LOOP('',(#11261,#11262,#11268,#11269));
#11261 = ORIENTED_EDGE('',*,*,#7210,.T.);
#11262 = ORIENTED_EDGE('',*,*,#11263,.T.);
#11263 = EDGE_CURVE('',#7211,#7153,#11264,.T.);
#11264 = LINE('',#11265,#11266);
#11265 = CARTESIAN_POINT('',(1.2,1.547162,3.1));
#11266 = VECTOR('',#11267,1.);
#11267 = DIRECTION('',(1.,0.,0.));
#11268 = ORIENTED_EDGE('',*,*,#7160,.T.);
#11269 = ORIENTED_EDGE('',*,*,#7186,.T.);
#11270 = PLANE('',#11271);
#11271 = AXIS2_PLACEMENT_3D('',#11272,#11273,#11274);
#11272 = CARTESIAN_POINT('',(4.9250002,2.197161055556,3.1));
#11273 = DIRECTION('',(0.,0.,1.));
#11274 = DIRECTION('',(1.,0.,0.));
#11275 = ADVANCED_FACE('',(#11276),#11282,.F.);
#11276 = FACE_BOUND('',#11277,.F.);
#11277 = EDGE_LOOP('',(#11278,#11279,#11280,#11281));
#11278 = ORIENTED_EDGE('',*,*,#7218,.T.);
#11279 = ORIENTED_EDGE('',*,*,#11263,.T.);
#11280 = ORIENTED_EDGE('',*,*,#7152,.F.);
#11281 = ORIENTED_EDGE('',*,*,#10696,.F.);
#11282 = PLANE('',#11283);
#11283 = AXIS2_PLACEMENT_3D('',#11284,#11285,#11286);
#11284 = CARTESIAN_POINT('',(1.2,1.547162,1.1));
#11285 = DIRECTION('',(0.,1.,0.));
#11286 = DIRECTION('',(1.,0.,0.));
#11287 = ADVANCED_FACE('',(#11288),#11474,.T.);
#11288 = FACE_BOUND('',#11289,.T.);
#11289 = EDGE_LOOP('',(#11290,#11291,#11292,#11293,#11294,#11300,#11301,
    #11302,#11303,#11309,#11310,#11311,#11312,#11318,#11319,#11320,
    #11321,#11327,#11328,#11329,#11330,#11336,#11337,#11338,#11339,
    #11345,#11346,#11347,#11348,#11354,#11355,#11356,#11357,#11363,
    #11364,#11365,#11366,#11372,#11373,#11374,#11375,#11381,#11382,
    #11383,#11384,#11385,#11386,#11392,#11393,#11394,#11395,#11401,
    #11402,#11403,#11404,#11410,#11411,#11412,#11413,#11419,#11420,
    #11421,#11422,#11428,#11429,#11430,#11431,#11437,#11438,#11439,
    #11440,#11446,#11447,#11448,#11449,#11455,#11456,#11457,#11458,
    #11464,#11465,#11466,#11467,#11473));
#11290 = ORIENTED_EDGE('',*,*,#9906,.T.);
#11291 = ORIENTED_EDGE('',*,*,#7273,.T.);
#11292 = ORIENTED_EDGE('',*,*,#7298,.T.);
#11293 = ORIENTED_EDGE('',*,*,#7320,.F.);
#11294 = ORIENTED_EDGE('',*,*,#11295,.F.);
#11295 = EDGE_CURVE('',#7395,#7321,#11296,.T.);
#11296 = LINE('',#11297,#11298);
#11297 = CARTESIAN_POINT('',(1.45,2.847161,1.1));
#11298 = VECTOR('',#11299,1.);
#11299 = DIRECTION('',(-1.,0.,0.));
#11300 = ORIENTED_EDGE('',*,*,#7402,.F.);
#11301 = ORIENTED_EDGE('',*,*,#7426,.T.);
#11302 = ORIENTED_EDGE('',*,*,#7448,.F.);
#11303 = ORIENTED_EDGE('',*,*,#11304,.F.);
#11304 = EDGE_CURVE('',#7523,#7449,#11305,.T.);
#11305 = LINE('',#11306,#11307);
#11306 = CARTESIAN_POINT('',(2.25,2.847161,1.1));
#11307 = VECTOR('',#11308,1.);
#11308 = DIRECTION('',(-1.,0.,0.));
#11309 = ORIENTED_EDGE('',*,*,#7530,.F.);
#11310 = ORIENTED_EDGE('',*,*,#7554,.T.);
#11311 = ORIENTED_EDGE('',*,*,#7576,.F.);
#11312 = ORIENTED_EDGE('',*,*,#11313,.F.);
#11313 = EDGE_CURVE('',#7651,#7577,#11314,.T.);
#11314 = LINE('',#11315,#11316);
#11315 = CARTESIAN_POINT('',(3.05,2.847161,1.1));
#11316 = VECTOR('',#11317,1.);
#11317 = DIRECTION('',(-1.,0.,0.));
#11318 = ORIENTED_EDGE('',*,*,#7658,.F.);
#11319 = ORIENTED_EDGE('',*,*,#7682,.T.);
#11320 = ORIENTED_EDGE('',*,*,#7704,.F.);
#11321 = ORIENTED_EDGE('',*,*,#11322,.F.);
#11322 = EDGE_CURVE('',#7779,#7705,#11323,.T.);
#11323 = LINE('',#11324,#11325);
#11324 = CARTESIAN_POINT('',(3.85,2.847161,1.1));
#11325 = VECTOR('',#11326,1.);
#11326 = DIRECTION('',(-1.,0.,0.));
#11327 = ORIENTED_EDGE('',*,*,#7786,.F.);
#11328 = ORIENTED_EDGE('',*,*,#7810,.T.);
#11329 = ORIENTED_EDGE('',*,*,#7832,.F.);
#11330 = ORIENTED_EDGE('',*,*,#11331,.F.);
#11331 = EDGE_CURVE('',#7907,#7833,#11332,.T.);
#11332 = LINE('',#11333,#11334);
#11333 = CARTESIAN_POINT('',(4.65,2.847161,1.1));
#11334 = VECTOR('',#11335,1.);
#11335 = DIRECTION('',(-1.,0.,0.));
#11336 = ORIENTED_EDGE('',*,*,#7914,.F.);
#11337 = ORIENTED_EDGE('',*,*,#7938,.T.);
#11338 = ORIENTED_EDGE('',*,*,#7960,.F.);
#11339 = ORIENTED_EDGE('',*,*,#11340,.F.);
#11340 = EDGE_CURVE('',#8035,#7961,#11341,.T.);
#11341 = LINE('',#11342,#11343);
#11342 = CARTESIAN_POINT('',(5.45,2.847161,1.1));
#11343 = VECTOR('',#11344,1.);
#11344 = DIRECTION('',(-1.,0.,0.));
#11345 = ORIENTED_EDGE('',*,*,#8042,.F.);
#11346 = ORIENTED_EDGE('',*,*,#8066,.T.);
#11347 = ORIENTED_EDGE('',*,*,#8088,.F.);
#11348 = ORIENTED_EDGE('',*,*,#11349,.F.);
#11349 = EDGE_CURVE('',#8163,#8089,#11350,.T.);
#11350 = LINE('',#11351,#11352);
#11351 = CARTESIAN_POINT('',(6.25,2.847161,1.1));
#11352 = VECTOR('',#11353,1.);
#11353 = DIRECTION('',(-1.,0.,0.));
#11354 = ORIENTED_EDGE('',*,*,#8170,.F.);
#11355 = ORIENTED_EDGE('',*,*,#8194,.T.);
#11356 = ORIENTED_EDGE('',*,*,#8216,.F.);
#11357 = ORIENTED_EDGE('',*,*,#11358,.F.);
#11358 = EDGE_CURVE('',#8291,#8217,#11359,.T.);
#11359 = LINE('',#11360,#11361);
#11360 = CARTESIAN_POINT('',(7.05,2.847161,1.1));
#11361 = VECTOR('',#11362,1.);
#11362 = DIRECTION('',(-1.,0.,0.));
#11363 = ORIENTED_EDGE('',*,*,#8298,.F.);
#11364 = ORIENTED_EDGE('',*,*,#8322,.T.);
#11365 = ORIENTED_EDGE('',*,*,#8344,.F.);
#11366 = ORIENTED_EDGE('',*,*,#11367,.F.);
#11367 = EDGE_CURVE('',#8419,#8345,#11368,.T.);
#11368 = LINE('',#11369,#11370);
#11369 = CARTESIAN_POINT('',(7.85,2.847161,1.1));
#11370 = VECTOR('',#11371,1.);
#11371 = DIRECTION('',(-1.,0.,0.));
#11372 = ORIENTED_EDGE('',*,*,#8426,.F.);
#11373 = ORIENTED_EDGE('',*,*,#8450,.T.);
#11374 = ORIENTED_EDGE('',*,*,#8472,.F.);
#11375 = ORIENTED_EDGE('',*,*,#11376,.F.);
#11376 = EDGE_CURVE('',#8547,#8473,#11377,.T.);
#11377 = LINE('',#11378,#11379);
#11378 = CARTESIAN_POINT('',(8.65,2.847161,1.1));
#11379 = VECTOR('',#11380,1.);
#11380 = DIRECTION('',(-1.,0.,0.));
#11381 = ORIENTED_EDGE('',*,*,#8554,.F.);
#11382 = ORIENTED_EDGE('',*,*,#8578,.T.);
#11383 = ORIENTED_EDGE('',*,*,#8601,.T.);
#11384 = ORIENTED_EDGE('',*,*,#8626,.T.);
#11385 = ORIENTED_EDGE('',*,*,#8648,.F.);
#11386 = ORIENTED_EDGE('',*,*,#11387,.F.);
#11387 = EDGE_CURVE('',#8723,#8649,#11388,.T.);
#11388 = LINE('',#11389,#11390);
#11389 = CARTESIAN_POINT('',(8.4,3.447161,1.1));
#11390 = VECTOR('',#11391,1.);
#11391 = DIRECTION('',(1.,0.,0.));
#11392 = ORIENTED_EDGE('',*,*,#8730,.F.);
#11393 = ORIENTED_EDGE('',*,*,#8754,.T.);
#11394 = ORIENTED_EDGE('',*,*,#8776,.F.);
#11395 = ORIENTED_EDGE('',*,*,#11396,.F.);
#11396 = EDGE_CURVE('',#8851,#8777,#11397,.T.);
#11397 = LINE('',#11398,#11399);
#11398 = CARTESIAN_POINT('',(7.6,3.447161,1.1));
#11399 = VECTOR('',#11400,1.);
#11400 = DIRECTION('',(1.,0.,0.));
#11401 = ORIENTED_EDGE('',*,*,#8858,.F.);
#11402 = ORIENTED_EDGE('',*,*,#8882,.T.);
#11403 = ORIENTED_EDGE('',*,*,#8904,.F.);
#11404 = ORIENTED_EDGE('',*,*,#11405,.F.);
#11405 = EDGE_CURVE('',#8979,#8905,#11406,.T.);
#11406 = LINE('',#11407,#11408);
#11407 = CARTESIAN_POINT('',(6.8,3.447161,1.1));
#11408 = VECTOR('',#11409,1.);
#11409 = DIRECTION('',(1.,0.,0.));
#11410 = ORIENTED_EDGE('',*,*,#8986,.F.);
#11411 = ORIENTED_EDGE('',*,*,#9010,.T.);
#11412 = ORIENTED_EDGE('',*,*,#9032,.F.);
#11413 = ORIENTED_EDGE('',*,*,#11414,.F.);
#11414 = EDGE_CURVE('',#9107,#9033,#11415,.T.);
#11415 = LINE('',#11416,#11417);
#11416 = CARTESIAN_POINT('',(6.,3.447161,1.1));
#11417 = VECTOR('',#11418,1.);
#11418 = DIRECTION('',(1.,0.,0.));
#11419 = ORIENTED_EDGE('',*,*,#9114,.F.);
#11420 = ORIENTED_EDGE('',*,*,#9138,.T.);
#11421 = ORIENTED_EDGE('',*,*,#9160,.F.);
#11422 = ORIENTED_EDGE('',*,*,#11423,.F.);
#11423 = EDGE_CURVE('',#9235,#9161,#11424,.T.);
#11424 = LINE('',#11425,#11426);
#11425 = CARTESIAN_POINT('',(5.2,3.447161,1.1));
#11426 = VECTOR('',#11427,1.);
#11427 = DIRECTION('',(1.,0.,0.));
#11428 = ORIENTED_EDGE('',*,*,#9242,.F.);
#11429 = ORIENTED_EDGE('',*,*,#9266,.T.);
#11430 = ORIENTED_EDGE('',*,*,#9288,.F.);
#11431 = ORIENTED_EDGE('',*,*,#11432,.F.);
#11432 = EDGE_CURVE('',#9363,#9289,#11433,.T.);
#11433 = LINE('',#11434,#11435);
#11434 = CARTESIAN_POINT('',(4.4,3.447161,1.1));
#11435 = VECTOR('',#11436,1.);
#11436 = DIRECTION('',(1.,0.,0.));
#11437 = ORIENTED_EDGE('',*,*,#9370,.F.);
#11438 = ORIENTED_EDGE('',*,*,#9394,.T.);
#11439 = ORIENTED_EDGE('',*,*,#9416,.F.);
#11440 = ORIENTED_EDGE('',*,*,#11441,.F.);
#11441 = EDGE_CURVE('',#9491,#9417,#11442,.T.);
#11442 = LINE('',#11443,#11444);
#11443 = CARTESIAN_POINT('',(3.6,3.447161,1.1));
#11444 = VECTOR('',#11445,1.);
#11445 = DIRECTION('',(1.,0.,0.));
#11446 = ORIENTED_EDGE('',*,*,#9498,.F.);
#11447 = ORIENTED_EDGE('',*,*,#9522,.T.);
#11448 = ORIENTED_EDGE('',*,*,#9544,.F.);
#11449 = ORIENTED_EDGE('',*,*,#11450,.F.);
#11450 = EDGE_CURVE('',#9619,#9545,#11451,.T.);
#11451 = LINE('',#11452,#11453);
#11452 = CARTESIAN_POINT('',(2.8,3.447161,1.1));
#11453 = VECTOR('',#11454,1.);
#11454 = DIRECTION('',(1.,0.,0.));
#11455 = ORIENTED_EDGE('',*,*,#9626,.F.);
#11456 = ORIENTED_EDGE('',*,*,#9650,.T.);
#11457 = ORIENTED_EDGE('',*,*,#9672,.F.);
#11458 = ORIENTED_EDGE('',*,*,#11459,.F.);
#11459 = EDGE_CURVE('',#9747,#9673,#11460,.T.);
#11460 = LINE('',#11461,#11462);
#11461 = CARTESIAN_POINT('',(2.,3.447161,1.1));
#11462 = VECTOR('',#11463,1.);
#11463 = DIRECTION('',(1.,0.,0.));
#11464 = ORIENTED_EDGE('',*,*,#9754,.F.);
#11465 = ORIENTED_EDGE('',*,*,#9778,.T.);
#11466 = ORIENTED_EDGE('',*,*,#9800,.F.);
#11467 = ORIENTED_EDGE('',*,*,#11468,.F.);
#11468 = EDGE_CURVE('',#9875,#9801,#11469,.T.);
#11469 = LINE('',#11470,#11471);
#11470 = CARTESIAN_POINT('',(1.2,3.4471615,1.1));
#11471 = VECTOR('',#11472,1.);
#11472 = DIRECTION('',(1.,0.,0.));
#11473 = ORIENTED_EDGE('',*,*,#9882,.F.);
#11474 = PLANE('',#11475);
#11475 = AXIS2_PLACEMENT_3D('',#11476,#11477,#11478);
#11476 = CARTESIAN_POINT('',(4.9509645,2.1996885,1.1));
#11477 = DIRECTION('',(0.,0.,1.));
#11478 = DIRECTION('',(1.,0.,0.));
#11479 = ADVANCED_FACE('',(#11480),#11491,.T.);
#11480 = FACE_BOUND('',#11481,.T.);
#11481 = EDGE_LOOP('',(#11482,#11483,#11484,#11485));
#11482 = ORIENTED_EDGE('',*,*,#7336,.T.);
#11483 = ORIENTED_EDGE('',*,*,#7362,.T.);
#11484 = ORIENTED_EDGE('',*,*,#7386,.T.);
#11485 = ORIENTED_EDGE('',*,*,#11486,.T.);
#11486 = EDGE_CURVE('',#7387,#7329,#11487,.T.);
#11487 = LINE('',#11488,#11489);
#11488 = CARTESIAN_POINT('',(1.45,2.847161,3.1));
#11489 = VECTOR('',#11490,1.);
#11490 = DIRECTION('',(-1.,0.,0.));
#11491 = PLANE('',#11492);
#11492 = AXIS2_PLACEMENT_3D('',#11493,#11494,#11495);
#11493 = CARTESIAN_POINT('',(4.9250002,2.197161055556,3.1));
#11494 = DIRECTION('',(0.,0.,1.));
#11495 = DIRECTION('',(1.,0.,0.));
#11496 = ADVANCED_FACE('',(#11497),#11503,.F.);
#11497 = FACE_BOUND('',#11498,.F.);
#11498 = EDGE_LOOP('',(#11499,#11500,#11501,#11502));
#11499 = ORIENTED_EDGE('',*,*,#7394,.T.);
#11500 = ORIENTED_EDGE('',*,*,#11486,.T.);
#11501 = ORIENTED_EDGE('',*,*,#7328,.F.);
#11502 = ORIENTED_EDGE('',*,*,#11295,.F.);
#11503 = PLANE('',#11504);
#11504 = AXIS2_PLACEMENT_3D('',#11505,#11506,#11507);
#11505 = CARTESIAN_POINT('',(1.45,2.847161,1.1));
#11506 = DIRECTION('',(0.,-1.,0.));
#11507 = DIRECTION('',(-1.,0.,0.));
#11508 = ADVANCED_FACE('',(#11509),#11520,.T.);
#11509 = FACE_BOUND('',#11510,.T.);
#11510 = EDGE_LOOP('',(#11511,#11512,#11513,#11514));
#11511 = ORIENTED_EDGE('',*,*,#7464,.T.);
#11512 = ORIENTED_EDGE('',*,*,#7490,.T.);
#11513 = ORIENTED_EDGE('',*,*,#7514,.T.);
#11514 = ORIENTED_EDGE('',*,*,#11515,.T.);
#11515 = EDGE_CURVE('',#7515,#7457,#11516,.T.);
#11516 = LINE('',#11517,#11518);
#11517 = CARTESIAN_POINT('',(2.25,2.847161,3.1));
#11518 = VECTOR('',#11519,1.);
#11519 = DIRECTION('',(-1.,0.,0.));
#11520 = PLANE('',#11521);
#11521 = AXIS2_PLACEMENT_3D('',#11522,#11523,#11524);
#11522 = CARTESIAN_POINT('',(4.9250002,2.197161055556,3.1));
#11523 = DIRECTION('',(0.,0.,1.));
#11524 = DIRECTION('',(1.,0.,0.));
#11525 = ADVANCED_FACE('',(#11526),#11532,.F.);
#11526 = FACE_BOUND('',#11527,.F.);
#11527 = EDGE_LOOP('',(#11528,#11529,#11530,#11531));
#11528 = ORIENTED_EDGE('',*,*,#7522,.T.);
#11529 = ORIENTED_EDGE('',*,*,#11515,.T.);
#11530 = ORIENTED_EDGE('',*,*,#7456,.F.);
#11531 = ORIENTED_EDGE('',*,*,#11304,.F.);
#11532 = PLANE('',#11533);
#11533 = AXIS2_PLACEMENT_3D('',#11534,#11535,#11536);
#11534 = CARTESIAN_POINT('',(2.25,2.847161,1.1));
#11535 = DIRECTION('',(0.,-1.,0.));
#11536 = DIRECTION('',(-1.,0.,0.));
#11537 = ADVANCED_FACE('',(#11538),#11549,.T.);
#11538 = FACE_BOUND('',#11539,.T.);
#11539 = EDGE_LOOP('',(#11540,#11541,#11542,#11543));
#11540 = ORIENTED_EDGE('',*,*,#7592,.T.);
#11541 = ORIENTED_EDGE('',*,*,#7618,.T.);
#11542 = ORIENTED_EDGE('',*,*,#7642,.T.);
#11543 = ORIENTED_EDGE('',*,*,#11544,.T.);
#11544 = EDGE_CURVE('',#7643,#7585,#11545,.T.);
#11545 = LINE('',#11546,#11547);
#11546 = CARTESIAN_POINT('',(3.05,2.847161,3.1));
#11547 = VECTOR('',#11548,1.);
#11548 = DIRECTION('',(-1.,0.,0.));
#11549 = PLANE('',#11550);
#11550 = AXIS2_PLACEMENT_3D('',#11551,#11552,#11553);
#11551 = CARTESIAN_POINT('',(4.9250002,2.197161055556,3.1));
#11552 = DIRECTION('',(0.,0.,1.));
#11553 = DIRECTION('',(1.,0.,0.));
#11554 = ADVANCED_FACE('',(#11555),#11561,.F.);
#11555 = FACE_BOUND('',#11556,.F.);
#11556 = EDGE_LOOP('',(#11557,#11558,#11559,#11560));
#11557 = ORIENTED_EDGE('',*,*,#7650,.T.);
#11558 = ORIENTED_EDGE('',*,*,#11544,.T.);
#11559 = ORIENTED_EDGE('',*,*,#7584,.F.);
#11560 = ORIENTED_EDGE('',*,*,#11313,.F.);
#11561 = PLANE('',#11562);
#11562 = AXIS2_PLACEMENT_3D('',#11563,#11564,#11565);
#11563 = CARTESIAN_POINT('',(3.05,2.847161,1.1));
#11564 = DIRECTION('',(0.,-1.,0.));
#11565 = DIRECTION('',(-1.,0.,0.));
#11566 = ADVANCED_FACE('',(#11567),#11578,.T.);
#11567 = FACE_BOUND('',#11568,.T.);
#11568 = EDGE_LOOP('',(#11569,#11570,#11571,#11572));
#11569 = ORIENTED_EDGE('',*,*,#7720,.T.);
#11570 = ORIENTED_EDGE('',*,*,#7746,.T.);
#11571 = ORIENTED_EDGE('',*,*,#7770,.T.);
#11572 = ORIENTED_EDGE('',*,*,#11573,.T.);
#11573 = EDGE_CURVE('',#7771,#7713,#11574,.T.);
#11574 = LINE('',#11575,#11576);
#11575 = CARTESIAN_POINT('',(3.85,2.847161,3.1));
#11576 = VECTOR('',#11577,1.);
#11577 = DIRECTION('',(-1.,0.,0.));
#11578 = PLANE('',#11579);
#11579 = AXIS2_PLACEMENT_3D('',#11580,#11581,#11582);
#11580 = CARTESIAN_POINT('',(4.9250002,2.197161055556,3.1));
#11581 = DIRECTION('',(0.,0.,1.));
#11582 = DIRECTION('',(1.,0.,0.));
#11583 = ADVANCED_FACE('',(#11584),#11590,.F.);
#11584 = FACE_BOUND('',#11585,.F.);
#11585 = EDGE_LOOP('',(#11586,#11587,#11588,#11589));
#11586 = ORIENTED_EDGE('',*,*,#7778,.T.);
#11587 = ORIENTED_EDGE('',*,*,#11573,.T.);
#11588 = ORIENTED_EDGE('',*,*,#7712,.F.);
#11589 = ORIENTED_EDGE('',*,*,#11322,.F.);
#11590 = PLANE('',#11591);
#11591 = AXIS2_PLACEMENT_3D('',#11592,#11593,#11594);
#11592 = CARTESIAN_POINT('',(3.85,2.847161,1.1));
#11593 = DIRECTION('',(0.,-1.,0.));
#11594 = DIRECTION('',(-1.,0.,0.));
#11595 = ADVANCED_FACE('',(#11596),#11607,.T.);
#11596 = FACE_BOUND('',#11597,.T.);
#11597 = EDGE_LOOP('',(#11598,#11599,#11600,#11601));
#11598 = ORIENTED_EDGE('',*,*,#7848,.T.);
#11599 = ORIENTED_EDGE('',*,*,#7874,.T.);
#11600 = ORIENTED_EDGE('',*,*,#7898,.T.);
#11601 = ORIENTED_EDGE('',*,*,#11602,.T.);
#11602 = EDGE_CURVE('',#7899,#7841,#11603,.T.);
#11603 = LINE('',#11604,#11605);
#11604 = CARTESIAN_POINT('',(4.65,2.847161,3.1));
#11605 = VECTOR('',#11606,1.);
#11606 = DIRECTION('',(-1.,0.,0.));
#11607 = PLANE('',#11608);
#11608 = AXIS2_PLACEMENT_3D('',#11609,#11610,#11611);
#11609 = CARTESIAN_POINT('',(4.9250002,2.197161055556,3.1));
#11610 = DIRECTION('',(0.,0.,1.));
#11611 = DIRECTION('',(1.,0.,0.));
#11612 = ADVANCED_FACE('',(#11613),#11619,.F.);
#11613 = FACE_BOUND('',#11614,.F.);
#11614 = EDGE_LOOP('',(#11615,#11616,#11617,#11618));
#11615 = ORIENTED_EDGE('',*,*,#7906,.T.);
#11616 = ORIENTED_EDGE('',*,*,#11602,.T.);
#11617 = ORIENTED_EDGE('',*,*,#7840,.F.);
#11618 = ORIENTED_EDGE('',*,*,#11331,.F.);
#11619 = PLANE('',#11620);
#11620 = AXIS2_PLACEMENT_3D('',#11621,#11622,#11623);
#11621 = CARTESIAN_POINT('',(4.65,2.847161,1.1));
#11622 = DIRECTION('',(0.,-1.,0.));
#11623 = DIRECTION('',(-1.,0.,0.));
#11624 = ADVANCED_FACE('',(#11625),#11636,.T.);
#11625 = FACE_BOUND('',#11626,.T.);
#11626 = EDGE_LOOP('',(#11627,#11628,#11629,#11630));
#11627 = ORIENTED_EDGE('',*,*,#7976,.T.);
#11628 = ORIENTED_EDGE('',*,*,#8002,.T.);
#11629 = ORIENTED_EDGE('',*,*,#8026,.T.);
#11630 = ORIENTED_EDGE('',*,*,#11631,.T.);
#11631 = EDGE_CURVE('',#8027,#7969,#11632,.T.);
#11632 = LINE('',#11633,#11634);
#11633 = CARTESIAN_POINT('',(5.45,2.847161,3.1));
#11634 = VECTOR('',#11635,1.);
#11635 = DIRECTION('',(-1.,0.,0.));
#11636 = PLANE('',#11637);
#11637 = AXIS2_PLACEMENT_3D('',#11638,#11639,#11640);
#11638 = CARTESIAN_POINT('',(4.9250002,2.197161055556,3.1));
#11639 = DIRECTION('',(0.,0.,1.));
#11640 = DIRECTION('',(1.,0.,0.));
#11641 = ADVANCED_FACE('',(#11642),#11648,.F.);
#11642 = FACE_BOUND('',#11643,.F.);
#11643 = EDGE_LOOP('',(#11644,#11645,#11646,#11647));
#11644 = ORIENTED_EDGE('',*,*,#8034,.T.);
#11645 = ORIENTED_EDGE('',*,*,#11631,.T.);
#11646 = ORIENTED_EDGE('',*,*,#7968,.F.);
#11647 = ORIENTED_EDGE('',*,*,#11340,.F.);
#11648 = PLANE('',#11649);
#11649 = AXIS2_PLACEMENT_3D('',#11650,#11651,#11652);
#11650 = CARTESIAN_POINT('',(5.45,2.847161,1.1));
#11651 = DIRECTION('',(0.,-1.,0.));
#11652 = DIRECTION('',(-1.,0.,0.));
#11653 = ADVANCED_FACE('',(#11654),#11665,.T.);
#11654 = FACE_BOUND('',#11655,.T.);
#11655 = EDGE_LOOP('',(#11656,#11657,#11658,#11659));
#11656 = ORIENTED_EDGE('',*,*,#8104,.T.);
#11657 = ORIENTED_EDGE('',*,*,#8130,.T.);
#11658 = ORIENTED_EDGE('',*,*,#8154,.T.);
#11659 = ORIENTED_EDGE('',*,*,#11660,.T.);
#11660 = EDGE_CURVE('',#8155,#8097,#11661,.T.);
#11661 = LINE('',#11662,#11663);
#11662 = CARTESIAN_POINT('',(6.25,2.847161,3.1));
#11663 = VECTOR('',#11664,1.);
#11664 = DIRECTION('',(-1.,0.,0.));
#11665 = PLANE('',#11666);
#11666 = AXIS2_PLACEMENT_3D('',#11667,#11668,#11669);
#11667 = CARTESIAN_POINT('',(4.9250002,2.197161055556,3.1));
#11668 = DIRECTION('',(0.,0.,1.));
#11669 = DIRECTION('',(1.,0.,0.));
#11670 = ADVANCED_FACE('',(#11671),#11677,.F.);
#11671 = FACE_BOUND('',#11672,.F.);
#11672 = EDGE_LOOP('',(#11673,#11674,#11675,#11676));
#11673 = ORIENTED_EDGE('',*,*,#8162,.T.);
#11674 = ORIENTED_EDGE('',*,*,#11660,.T.);
#11675 = ORIENTED_EDGE('',*,*,#8096,.F.);
#11676 = ORIENTED_EDGE('',*,*,#11349,.F.);
#11677 = PLANE('',#11678);
#11678 = AXIS2_PLACEMENT_3D('',#11679,#11680,#11681);
#11679 = CARTESIAN_POINT('',(6.25,2.847161,1.1));
#11680 = DIRECTION('',(0.,-1.,0.));
#11681 = DIRECTION('',(-1.,0.,0.));
#11682 = ADVANCED_FACE('',(#11683),#11694,.T.);
#11683 = FACE_BOUND('',#11684,.T.);
#11684 = EDGE_LOOP('',(#11685,#11686,#11687,#11688));
#11685 = ORIENTED_EDGE('',*,*,#8232,.T.);
#11686 = ORIENTED_EDGE('',*,*,#8258,.T.);
#11687 = ORIENTED_EDGE('',*,*,#8282,.T.);
#11688 = ORIENTED_EDGE('',*,*,#11689,.T.);
#11689 = EDGE_CURVE('',#8283,#8225,#11690,.T.);
#11690 = LINE('',#11691,#11692);
#11691 = CARTESIAN_POINT('',(7.05,2.847161,3.1));
#11692 = VECTOR('',#11693,1.);
#11693 = DIRECTION('',(-1.,0.,0.));
#11694 = PLANE('',#11695);
#11695 = AXIS2_PLACEMENT_3D('',#11696,#11697,#11698);
#11696 = CARTESIAN_POINT('',(4.9250002,2.197161055556,3.1));
#11697 = DIRECTION('',(0.,0.,1.));
#11698 = DIRECTION('',(1.,0.,0.));
#11699 = ADVANCED_FACE('',(#11700),#11706,.F.);
#11700 = FACE_BOUND('',#11701,.F.);
#11701 = EDGE_LOOP('',(#11702,#11703,#11704,#11705));
#11702 = ORIENTED_EDGE('',*,*,#8290,.T.);
#11703 = ORIENTED_EDGE('',*,*,#11689,.T.);
#11704 = ORIENTED_EDGE('',*,*,#8224,.F.);
#11705 = ORIENTED_EDGE('',*,*,#11358,.F.);
#11706 = PLANE('',#11707);
#11707 = AXIS2_PLACEMENT_3D('',#11708,#11709,#11710);
#11708 = CARTESIAN_POINT('',(7.05,2.847161,1.1));
#11709 = DIRECTION('',(0.,-1.,0.));
#11710 = DIRECTION('',(-1.,0.,0.));
#11711 = ADVANCED_FACE('',(#11712),#11723,.T.);
#11712 = FACE_BOUND('',#11713,.T.);
#11713 = EDGE_LOOP('',(#11714,#11715,#11716,#11717));
#11714 = ORIENTED_EDGE('',*,*,#8360,.T.);
#11715 = ORIENTED_EDGE('',*,*,#8386,.T.);
#11716 = ORIENTED_EDGE('',*,*,#8410,.T.);
#11717 = ORIENTED_EDGE('',*,*,#11718,.T.);
#11718 = EDGE_CURVE('',#8411,#8353,#11719,.T.);
#11719 = LINE('',#11720,#11721);
#11720 = CARTESIAN_POINT('',(7.85,2.847161,3.1));
#11721 = VECTOR('',#11722,1.);
#11722 = DIRECTION('',(-1.,0.,0.));
#11723 = PLANE('',#11724);
#11724 = AXIS2_PLACEMENT_3D('',#11725,#11726,#11727);
#11725 = CARTESIAN_POINT('',(4.9250002,2.197161055556,3.1));
#11726 = DIRECTION('',(0.,0.,1.));
#11727 = DIRECTION('',(1.,0.,0.));
#11728 = ADVANCED_FACE('',(#11729),#11735,.F.);
#11729 = FACE_BOUND('',#11730,.F.);
#11730 = EDGE_LOOP('',(#11731,#11732,#11733,#11734));
#11731 = ORIENTED_EDGE('',*,*,#8418,.T.);
#11732 = ORIENTED_EDGE('',*,*,#11718,.T.);
#11733 = ORIENTED_EDGE('',*,*,#8352,.F.);
#11734 = ORIENTED_EDGE('',*,*,#11367,.F.);
#11735 = PLANE('',#11736);
#11736 = AXIS2_PLACEMENT_3D('',#11737,#11738,#11739);
#11737 = CARTESIAN_POINT('',(7.85,2.847161,1.1));
#11738 = DIRECTION('',(0.,-1.,0.));
#11739 = DIRECTION('',(-1.,0.,0.));
#11740 = ADVANCED_FACE('',(#11741),#11752,.T.);
#11741 = FACE_BOUND('',#11742,.T.);
#11742 = EDGE_LOOP('',(#11743,#11744,#11745,#11746));
#11743 = ORIENTED_EDGE('',*,*,#8488,.T.);
#11744 = ORIENTED_EDGE('',*,*,#8514,.T.);
#11745 = ORIENTED_EDGE('',*,*,#8538,.T.);
#11746 = ORIENTED_EDGE('',*,*,#11747,.T.);
#11747 = EDGE_CURVE('',#8539,#8481,#11748,.T.);
#11748 = LINE('',#11749,#11750);
#11749 = CARTESIAN_POINT('',(8.65,2.847161,3.1));
#11750 = VECTOR('',#11751,1.);
#11751 = DIRECTION('',(-1.,0.,0.));
#11752 = PLANE('',#11753);
#11753 = AXIS2_PLACEMENT_3D('',#11754,#11755,#11756);
#11754 = CARTESIAN_POINT('',(4.9250002,2.197161055556,3.1));
#11755 = DIRECTION('',(0.,0.,1.));
#11756 = DIRECTION('',(1.,0.,0.));
#11757 = ADVANCED_FACE('',(#11758),#11764,.F.);
#11758 = FACE_BOUND('',#11759,.F.);
#11759 = EDGE_LOOP('',(#11760,#11761,#11762,#11763));
#11760 = ORIENTED_EDGE('',*,*,#8546,.T.);
#11761 = ORIENTED_EDGE('',*,*,#11747,.T.);
#11762 = ORIENTED_EDGE('',*,*,#8480,.F.);
#11763 = ORIENTED_EDGE('',*,*,#11376,.F.);
#11764 = PLANE('',#11765);
#11765 = AXIS2_PLACEMENT_3D('',#11766,#11767,#11768);
#11766 = CARTESIAN_POINT('',(8.65,2.847161,1.1));
#11767 = DIRECTION('',(0.,-1.,0.));
#11768 = DIRECTION('',(-1.,0.,0.));
#11769 = ADVANCED_FACE('',(#11770),#11781,.T.);
#11770 = FACE_BOUND('',#11771,.T.);
#11771 = EDGE_LOOP('',(#11772,#11773,#11779,#11780));
#11772 = ORIENTED_EDGE('',*,*,#8714,.T.);
#11773 = ORIENTED_EDGE('',*,*,#11774,.T.);
#11774 = EDGE_CURVE('',#8715,#8657,#11775,.T.);
#11775 = LINE('',#11776,#11777);
#11776 = CARTESIAN_POINT('',(8.4,3.447161,3.1));
#11777 = VECTOR('',#11778,1.);
#11778 = DIRECTION('',(1.,0.,0.));
#11779 = ORIENTED_EDGE('',*,*,#8664,.T.);
#11780 = ORIENTED_EDGE('',*,*,#8690,.T.);
#11781 = PLANE('',#11782);
#11782 = AXIS2_PLACEMENT_3D('',#11783,#11784,#11785);
#11783 = CARTESIAN_POINT('',(4.9250002,2.197161055556,3.1));
#11784 = DIRECTION('',(0.,0.,1.));
#11785 = DIRECTION('',(1.,0.,0.));
#11786 = ADVANCED_FACE('',(#11787),#11793,.F.);
#11787 = FACE_BOUND('',#11788,.F.);
#11788 = EDGE_LOOP('',(#11789,#11790,#11791,#11792));
#11789 = ORIENTED_EDGE('',*,*,#8722,.T.);
#11790 = ORIENTED_EDGE('',*,*,#11774,.T.);
#11791 = ORIENTED_EDGE('',*,*,#8656,.F.);
#11792 = ORIENTED_EDGE('',*,*,#11387,.F.);
#11793 = PLANE('',#11794);
#11794 = AXIS2_PLACEMENT_3D('',#11795,#11796,#11797);
#11795 = CARTESIAN_POINT('',(8.4,3.447161,1.1));
#11796 = DIRECTION('',(0.,1.,0.));
#11797 = DIRECTION('',(1.,0.,0.));
#11798 = ADVANCED_FACE('',(#11799),#11810,.T.);
#11799 = FACE_BOUND('',#11800,.T.);
#11800 = EDGE_LOOP('',(#11801,#11802,#11808,#11809));
#11801 = ORIENTED_EDGE('',*,*,#8842,.T.);
#11802 = ORIENTED_EDGE('',*,*,#11803,.T.);
#11803 = EDGE_CURVE('',#8843,#8785,#11804,.T.);
#11804 = LINE('',#11805,#11806);
#11805 = CARTESIAN_POINT('',(7.6,3.447161,3.1));
#11806 = VECTOR('',#11807,1.);
#11807 = DIRECTION('',(1.,0.,0.));
#11808 = ORIENTED_EDGE('',*,*,#8792,.T.);
#11809 = ORIENTED_EDGE('',*,*,#8818,.T.);
#11810 = PLANE('',#11811);
#11811 = AXIS2_PLACEMENT_3D('',#11812,#11813,#11814);
#11812 = CARTESIAN_POINT('',(4.9250002,2.197161055556,3.1));
#11813 = DIRECTION('',(0.,0.,1.));
#11814 = DIRECTION('',(1.,0.,0.));
#11815 = ADVANCED_FACE('',(#11816),#11822,.F.);
#11816 = FACE_BOUND('',#11817,.F.);
#11817 = EDGE_LOOP('',(#11818,#11819,#11820,#11821));
#11818 = ORIENTED_EDGE('',*,*,#8850,.T.);
#11819 = ORIENTED_EDGE('',*,*,#11803,.T.);
#11820 = ORIENTED_EDGE('',*,*,#8784,.F.);
#11821 = ORIENTED_EDGE('',*,*,#11396,.F.);
#11822 = PLANE('',#11823);
#11823 = AXIS2_PLACEMENT_3D('',#11824,#11825,#11826);
#11824 = CARTESIAN_POINT('',(7.6,3.447161,1.1));
#11825 = DIRECTION('',(0.,1.,0.));
#11826 = DIRECTION('',(1.,0.,0.));
#11827 = ADVANCED_FACE('',(#11828),#11839,.T.);
#11828 = FACE_BOUND('',#11829,.T.);
#11829 = EDGE_LOOP('',(#11830,#11831,#11837,#11838));
#11830 = ORIENTED_EDGE('',*,*,#8970,.T.);
#11831 = ORIENTED_EDGE('',*,*,#11832,.T.);
#11832 = EDGE_CURVE('',#8971,#8913,#11833,.T.);
#11833 = LINE('',#11834,#11835);
#11834 = CARTESIAN_POINT('',(6.8,3.447161,3.1));
#11835 = VECTOR('',#11836,1.);
#11836 = DIRECTION('',(1.,0.,0.));
#11837 = ORIENTED_EDGE('',*,*,#8920,.T.);
#11838 = ORIENTED_EDGE('',*,*,#8946,.T.);
#11839 = PLANE('',#11840);
#11840 = AXIS2_PLACEMENT_3D('',#11841,#11842,#11843);
#11841 = CARTESIAN_POINT('',(4.9250002,2.197161055556,3.1));
#11842 = DIRECTION('',(0.,0.,1.));
#11843 = DIRECTION('',(1.,0.,0.));
#11844 = ADVANCED_FACE('',(#11845),#11851,.F.);
#11845 = FACE_BOUND('',#11846,.F.);
#11846 = EDGE_LOOP('',(#11847,#11848,#11849,#11850));
#11847 = ORIENTED_EDGE('',*,*,#8978,.T.);
#11848 = ORIENTED_EDGE('',*,*,#11832,.T.);
#11849 = ORIENTED_EDGE('',*,*,#8912,.F.);
#11850 = ORIENTED_EDGE('',*,*,#11405,.F.);
#11851 = PLANE('',#11852);
#11852 = AXIS2_PLACEMENT_3D('',#11853,#11854,#11855);
#11853 = CARTESIAN_POINT('',(6.8,3.447161,1.1));
#11854 = DIRECTION('',(0.,1.,0.));
#11855 = DIRECTION('',(1.,0.,0.));
#11856 = ADVANCED_FACE('',(#11857),#11868,.T.);
#11857 = FACE_BOUND('',#11858,.T.);
#11858 = EDGE_LOOP('',(#11859,#11860,#11866,#11867));
#11859 = ORIENTED_EDGE('',*,*,#9098,.T.);
#11860 = ORIENTED_EDGE('',*,*,#11861,.T.);
#11861 = EDGE_CURVE('',#9099,#9041,#11862,.T.);
#11862 = LINE('',#11863,#11864);
#11863 = CARTESIAN_POINT('',(6.,3.447161,3.1));
#11864 = VECTOR('',#11865,1.);
#11865 = DIRECTION('',(1.,0.,0.));
#11866 = ORIENTED_EDGE('',*,*,#9048,.T.);
#11867 = ORIENTED_EDGE('',*,*,#9074,.T.);
#11868 = PLANE('',#11869);
#11869 = AXIS2_PLACEMENT_3D('',#11870,#11871,#11872);
#11870 = CARTESIAN_POINT('',(4.9250002,2.197161055556,3.1));
#11871 = DIRECTION('',(0.,0.,1.));
#11872 = DIRECTION('',(1.,0.,0.));
#11873 = ADVANCED_FACE('',(#11874),#11880,.F.);
#11874 = FACE_BOUND('',#11875,.F.);
#11875 = EDGE_LOOP('',(#11876,#11877,#11878,#11879));
#11876 = ORIENTED_EDGE('',*,*,#9106,.T.);
#11877 = ORIENTED_EDGE('',*,*,#11861,.T.);
#11878 = ORIENTED_EDGE('',*,*,#9040,.F.);
#11879 = ORIENTED_EDGE('',*,*,#11414,.F.);
#11880 = PLANE('',#11881);
#11881 = AXIS2_PLACEMENT_3D('',#11882,#11883,#11884);
#11882 = CARTESIAN_POINT('',(6.,3.447161,1.1));
#11883 = DIRECTION('',(0.,1.,0.));
#11884 = DIRECTION('',(1.,0.,0.));
#11885 = ADVANCED_FACE('',(#11886),#11897,.T.);
#11886 = FACE_BOUND('',#11887,.T.);
#11887 = EDGE_LOOP('',(#11888,#11889,#11895,#11896));
#11888 = ORIENTED_EDGE('',*,*,#9226,.T.);
#11889 = ORIENTED_EDGE('',*,*,#11890,.T.);
#11890 = EDGE_CURVE('',#9227,#9169,#11891,.T.);
#11891 = LINE('',#11892,#11893);
#11892 = CARTESIAN_POINT('',(5.2,3.447161,3.1));
#11893 = VECTOR('',#11894,1.);
#11894 = DIRECTION('',(1.,0.,0.));
#11895 = ORIENTED_EDGE('',*,*,#9176,.T.);
#11896 = ORIENTED_EDGE('',*,*,#9202,.T.);
#11897 = PLANE('',#11898);
#11898 = AXIS2_PLACEMENT_3D('',#11899,#11900,#11901);
#11899 = CARTESIAN_POINT('',(4.9250002,2.197161055556,3.1));
#11900 = DIRECTION('',(0.,0.,1.));
#11901 = DIRECTION('',(1.,0.,0.));
#11902 = ADVANCED_FACE('',(#11903),#11909,.F.);
#11903 = FACE_BOUND('',#11904,.F.);
#11904 = EDGE_LOOP('',(#11905,#11906,#11907,#11908));
#11905 = ORIENTED_EDGE('',*,*,#9234,.T.);
#11906 = ORIENTED_EDGE('',*,*,#11890,.T.);
#11907 = ORIENTED_EDGE('',*,*,#9168,.F.);
#11908 = ORIENTED_EDGE('',*,*,#11423,.F.);
#11909 = PLANE('',#11910);
#11910 = AXIS2_PLACEMENT_3D('',#11911,#11912,#11913);
#11911 = CARTESIAN_POINT('',(5.2,3.447161,1.1));
#11912 = DIRECTION('',(0.,1.,0.));
#11913 = DIRECTION('',(1.,0.,0.));
#11914 = ADVANCED_FACE('',(#11915),#11926,.T.);
#11915 = FACE_BOUND('',#11916,.T.);
#11916 = EDGE_LOOP('',(#11917,#11918,#11924,#11925));
#11917 = ORIENTED_EDGE('',*,*,#9354,.T.);
#11918 = ORIENTED_EDGE('',*,*,#11919,.T.);
#11919 = EDGE_CURVE('',#9355,#9297,#11920,.T.);
#11920 = LINE('',#11921,#11922);
#11921 = CARTESIAN_POINT('',(4.4,3.447161,3.1));
#11922 = VECTOR('',#11923,1.);
#11923 = DIRECTION('',(1.,0.,0.));
#11924 = ORIENTED_EDGE('',*,*,#9304,.T.);
#11925 = ORIENTED_EDGE('',*,*,#9330,.T.);
#11926 = PLANE('',#11927);
#11927 = AXIS2_PLACEMENT_3D('',#11928,#11929,#11930);
#11928 = CARTESIAN_POINT('',(4.9250002,2.197161055556,3.1));
#11929 = DIRECTION('',(0.,0.,1.));
#11930 = DIRECTION('',(1.,0.,0.));
#11931 = ADVANCED_FACE('',(#11932),#11938,.F.);
#11932 = FACE_BOUND('',#11933,.F.);
#11933 = EDGE_LOOP('',(#11934,#11935,#11936,#11937));
#11934 = ORIENTED_EDGE('',*,*,#9362,.T.);
#11935 = ORIENTED_EDGE('',*,*,#11919,.T.);
#11936 = ORIENTED_EDGE('',*,*,#9296,.F.);
#11937 = ORIENTED_EDGE('',*,*,#11432,.F.);
#11938 = PLANE('',#11939);
#11939 = AXIS2_PLACEMENT_3D('',#11940,#11941,#11942);
#11940 = CARTESIAN_POINT('',(4.4,3.447161,1.1));
#11941 = DIRECTION('',(0.,1.,0.));
#11942 = DIRECTION('',(1.,0.,0.));
#11943 = ADVANCED_FACE('',(#11944),#11955,.T.);
#11944 = FACE_BOUND('',#11945,.T.);
#11945 = EDGE_LOOP('',(#11946,#11947,#11953,#11954));
#11946 = ORIENTED_EDGE('',*,*,#9482,.T.);
#11947 = ORIENTED_EDGE('',*,*,#11948,.T.);
#11948 = EDGE_CURVE('',#9483,#9425,#11949,.T.);
#11949 = LINE('',#11950,#11951);
#11950 = CARTESIAN_POINT('',(3.6,3.447161,3.1));
#11951 = VECTOR('',#11952,1.);
#11952 = DIRECTION('',(1.,0.,0.));
#11953 = ORIENTED_EDGE('',*,*,#9432,.T.);
#11954 = ORIENTED_EDGE('',*,*,#9458,.T.);
#11955 = PLANE('',#11956);
#11956 = AXIS2_PLACEMENT_3D('',#11957,#11958,#11959);
#11957 = CARTESIAN_POINT('',(4.9250002,2.197161055556,3.1));
#11958 = DIRECTION('',(0.,0.,1.));
#11959 = DIRECTION('',(1.,0.,0.));
#11960 = ADVANCED_FACE('',(#11961),#11967,.F.);
#11961 = FACE_BOUND('',#11962,.F.);
#11962 = EDGE_LOOP('',(#11963,#11964,#11965,#11966));
#11963 = ORIENTED_EDGE('',*,*,#9490,.T.);
#11964 = ORIENTED_EDGE('',*,*,#11948,.T.);
#11965 = ORIENTED_EDGE('',*,*,#9424,.F.);
#11966 = ORIENTED_EDGE('',*,*,#11441,.F.);
#11967 = PLANE('',#11968);
#11968 = AXIS2_PLACEMENT_3D('',#11969,#11970,#11971);
#11969 = CARTESIAN_POINT('',(3.6,3.447161,1.1));
#11970 = DIRECTION('',(0.,1.,0.));
#11971 = DIRECTION('',(1.,0.,0.));
#11972 = ADVANCED_FACE('',(#11973),#11984,.T.);
#11973 = FACE_BOUND('',#11974,.T.);
#11974 = EDGE_LOOP('',(#11975,#11976,#11982,#11983));
#11975 = ORIENTED_EDGE('',*,*,#9610,.T.);
#11976 = ORIENTED_EDGE('',*,*,#11977,.T.);
#11977 = EDGE_CURVE('',#9611,#9553,#11978,.T.);
#11978 = LINE('',#11979,#11980);
#11979 = CARTESIAN_POINT('',(2.8,3.447161,3.1));
#11980 = VECTOR('',#11981,1.);
#11981 = DIRECTION('',(1.,0.,0.));
#11982 = ORIENTED_EDGE('',*,*,#9560,.T.);
#11983 = ORIENTED_EDGE('',*,*,#9586,.T.);
#11984 = PLANE('',#11985);
#11985 = AXIS2_PLACEMENT_3D('',#11986,#11987,#11988);
#11986 = CARTESIAN_POINT('',(4.9250002,2.197161055556,3.1));
#11987 = DIRECTION('',(0.,0.,1.));
#11988 = DIRECTION('',(1.,0.,0.));
#11989 = ADVANCED_FACE('',(#11990),#11996,.F.);
#11990 = FACE_BOUND('',#11991,.F.);
#11991 = EDGE_LOOP('',(#11992,#11993,#11994,#11995));
#11992 = ORIENTED_EDGE('',*,*,#9618,.T.);
#11993 = ORIENTED_EDGE('',*,*,#11977,.T.);
#11994 = ORIENTED_EDGE('',*,*,#9552,.F.);
#11995 = ORIENTED_EDGE('',*,*,#11450,.F.);
#11996 = PLANE('',#11997);
#11997 = AXIS2_PLACEMENT_3D('',#11998,#11999,#12000);
#11998 = CARTESIAN_POINT('',(2.8,3.447161,1.1));
#11999 = DIRECTION('',(0.,1.,0.));
#12000 = DIRECTION('',(1.,0.,0.));
#12001 = ADVANCED_FACE('',(#12002),#12013,.T.);
#12002 = FACE_BOUND('',#12003,.T.);
#12003 = EDGE_LOOP('',(#12004,#12005,#12011,#12012));
#12004 = ORIENTED_EDGE('',*,*,#9738,.T.);
#12005 = ORIENTED_EDGE('',*,*,#12006,.T.);
#12006 = EDGE_CURVE('',#9739,#9681,#12007,.T.);
#12007 = LINE('',#12008,#12009);
#12008 = CARTESIAN_POINT('',(2.,3.447161,3.1));
#12009 = VECTOR('',#12010,1.);
#12010 = DIRECTION('',(1.,0.,0.));
#12011 = ORIENTED_EDGE('',*,*,#9688,.T.);
#12012 = ORIENTED_EDGE('',*,*,#9714,.T.);
#12013 = PLANE('',#12014);
#12014 = AXIS2_PLACEMENT_3D('',#12015,#12016,#12017);
#12015 = CARTESIAN_POINT('',(4.9250002,2.197161055556,3.1));
#12016 = DIRECTION('',(0.,0.,1.));
#12017 = DIRECTION('',(1.,0.,0.));
#12018 = ADVANCED_FACE('',(#12019),#12025,.F.);
#12019 = FACE_BOUND('',#12020,.F.);
#12020 = EDGE_LOOP('',(#12021,#12022,#12023,#12024));
#12021 = ORIENTED_EDGE('',*,*,#9746,.T.);
#12022 = ORIENTED_EDGE('',*,*,#12006,.T.);
#12023 = ORIENTED_EDGE('',*,*,#9680,.F.);
#12024 = ORIENTED_EDGE('',*,*,#11459,.F.);
#12025 = PLANE('',#12026);
#12026 = AXIS2_PLACEMENT_3D('',#12027,#12028,#12029);
#12027 = CARTESIAN_POINT('',(2.,3.447161,1.1));
#12028 = DIRECTION('',(0.,1.,0.));
#12029 = DIRECTION('',(1.,0.,0.));
#12030 = ADVANCED_FACE('',(#12031),#12042,.T.);
#12031 = FACE_BOUND('',#12032,.T.);
#12032 = EDGE_LOOP('',(#12033,#12034,#12040,#12041));
#12033 = ORIENTED_EDGE('',*,*,#9866,.T.);
#12034 = ORIENTED_EDGE('',*,*,#12035,.T.);
#12035 = EDGE_CURVE('',#9867,#9809,#12036,.T.);
#12036 = LINE('',#12037,#12038);
#12037 = CARTESIAN_POINT('',(1.2,3.4471615,3.1));
#12038 = VECTOR('',#12039,1.);
#12039 = DIRECTION('',(1.,0.,0.));
#12040 = ORIENTED_EDGE('',*,*,#9816,.T.);
#12041 = ORIENTED_EDGE('',*,*,#9842,.T.);
#12042 = PLANE('',#12043);
#12043 = AXIS2_PLACEMENT_3D('',#12044,#12045,#12046);
#12044 = CARTESIAN_POINT('',(4.9250002,2.197161055556,3.1));
#12045 = DIRECTION('',(0.,0.,1.));
#12046 = DIRECTION('',(1.,0.,0.));
#12047 = ADVANCED_FACE('',(#12048),#12054,.F.);
#12048 = FACE_BOUND('',#12049,.F.);
#12049 = EDGE_LOOP('',(#12050,#12051,#12052,#12053));
#12050 = ORIENTED_EDGE('',*,*,#9874,.T.);
#12051 = ORIENTED_EDGE('',*,*,#12035,.T.);
#12052 = ORIENTED_EDGE('',*,*,#9808,.F.);
#12053 = ORIENTED_EDGE('',*,*,#11468,.F.);
#12054 = PLANE('',#12055);
#12055 = AXIS2_PLACEMENT_3D('',#12056,#12057,#12058);
#12056 = CARTESIAN_POINT('',(1.2,3.4471615,1.1));
#12057 = DIRECTION('',(0.,1.,0.));
#12058 = DIRECTION('',(1.,0.,0.));
#12059 = ( GEOMETRIC_REPRESENTATION_CONTEXT(3) 
GLOBAL_UNCERTAINTY_ASSIGNED_CONTEXT((#12063)) 
GLOBAL_UNIT_ASSIGNED_CONTEXT((#12060,#12061,#12062)) 
REPRESENTATION_CONTEXT('Context #1',
  '3D Context with UNIT and UNCERTAINTY') );
#12060 = ( LENGTH_UNIT() NAMED_UNIT(*) SI_UNIT(.MILLI.,.METRE.) );
#12061 = ( NAMED_UNIT(*) PLANE_ANGLE_UNIT() SI_UNIT($,.RADIAN.) );
#12062 = ( NAMED_UNIT(*) SI_UNIT($,.STERADIAN.) SOLID_ANGLE_UNIT() );
#12063 = UNCERTAINTY_MEASURE_WITH_UNIT(LENGTH_MEASURE(2.E-06),#12060,
  'distance_accuracy_value','confusion accuracy');
#12064 = PRODUCT_RELATED_PRODUCT_CATEGORY('part',$,(#7));
#12065 = MECHANICAL_DESIGN_GEOMETRIC_PRESENTATION_REPRESENTATION('',(
    #12066,#12077,#12085,#12092,#12099,#12106,#12113,#12120,#12127,
    #12134,#12141,#12148,#12155,#12162,#12169,#12176,#12183,#12190,
    #12197,#12204,#12211,#12218,#12225,#12232,#12239,#12246,#12253,
    #12260,#12267,#12274,#12281,#12288,#12295,#12302,#12309,#12316,
    #12323,#12330,#12337,#12344,#12351,#12358,#12365,#12372,#12379,
    #12386,#12393,#12400,#12407,#12414,#12421,#12428,#12435,#12442,
    #12449,#12456,#12463,#12470,#12477,#12484,#12491,#12498,#12505,
    #12512,#12519,#12526,#12533,#12540,#12547,#12554,#12561,#12568,
    #12575,#12582,#12589,#12596,#12603,#12610,#12617,#12624,#12631,
    #12638,#12645,#12652,#12659,#12666,#12673,#12680,#12687,#12694,
    #12701,#12708,#12715,#12722,#12729,#12736,#12743,#12750,#12757,
    #12764,#12771,#12778,#12785,#12792,#12799,#12806,#12813,#12820,
    #12827,#12834,#12841,#12848,#12855,#12862,#12869,#12876,#12883,
    #12890,#12897,#12904,#12911,#12918,#12925,#12932,#12939,#12946,
    #12953,#12960,#12967,#12974,#12981,#12988,#12995,#13002,#13009,
    #13016,#13023,#13030,#13037,#13044,#13051,#13058,#13065,#13072,
    #13079,#13086,#13093,#13100,#13107,#13114,#13121,#13128,#13135,
    #13142,#13149,#13156,#13163,#13170,#13177,#13184,#13191,#13198,
    #13205,#13212,#13219,#13226,#13233,#13240,#13247,#13254,#13261,
    #13268,#13275,#13282,#13289,#13296,#13303,#13310,#13317,#13324,
    #13331,#13338,#13345,#13352,#13359,#13366,#13373,#13380,#13387,
    #13394,#13401,#13408,#13415,#13422,#13429,#13436,#13443,#13450,
    #13457,#13464,#13471,#13478,#13485,#13492,#13499,#13506,#13513,
    #13520,#13527,#13534,#13541,#13548,#13555,#13562,#13569,#13576,
    #13583,#13590,#13597,#13604,#13611,#13618,#13625,#13632,#13639,
    #13646,#13653,#13660,#13667,#13674,#13681,#13688,#13695,#13702,
    #13709,#13716,#13723,#13730,#13737,#13744,#13751,#13758,#13765,
    #13772,#13779,#13786,#13793,#13800,#13807,#13814,#13821,#13828,
    #13835,#13842,#13849,#13856,#13863,#13870,#13877,#13884,#13891,
    #13898,#13905,#13912,#13919,#13926,#13933,#13940,#13947,#13954,
    #13961,#13968,#13975,#13982,#13989,#13996,#14003,#14010,#14017,
    #14024,#14031,#14038,#14045,#14052,#14059,#14066,#14073,#14080,
    #14087,#14094,#14101,#14108,#14115,#14122,#14129,#14136,#14143,
    #14150,#14157,#14164,#14171,#14178,#14185,#14192,#14199,#14206,
    #14213,#14220,#14227,#14234,#14241,#14248,#14255,#14262,#14269,
    #14276,#14283,#14290,#14297,#14304,#14311),#12059);
#12066 = STYLED_ITEM('color',(#12067),#15);
#12067 = PRESENTATION_STYLE_ASSIGNMENT((#12068,#12074));
#12068 = SURFACE_STYLE_USAGE(.BOTH.,#12069);
#12069 = SURFACE_SIDE_STYLE('',(#12070));
#12070 = SURFACE_STYLE_FILL_AREA(#12071);
#12071 = FILL_AREA_STYLE('',(#12072));
#12072 = FILL_AREA_STYLE_COLOUR('',#12073);
#12073 = DRAUGHTING_PRE_DEFINED_COLOUR('black');
#12074 = CURVE_STYLE('',#12075,POSITIVE_LENGTH_MEASURE(0.1),#12076);
#12075 = DRAUGHTING_PRE_DEFINED_CURVE_FONT('continuous');
#12076 = COLOUR_RGB('',9.803921802644E-02,9.803921802644E-02,
  9.803921802644E-02);
#12077 = OVER_RIDING_STYLED_ITEM('overriding color',(#12078),#868,#12066
  );
#12078 = PRESENTATION_STYLE_ASSIGNMENT((#12079));
#12079 = SURFACE_STYLE_USAGE(.BOTH.,#12080);
#12080 = SURFACE_SIDE_STYLE('',(#12081));
#12081 = SURFACE_STYLE_FILL_AREA(#12082);
#12082 = FILL_AREA_STYLE('',(#12083));
#12083 = FILL_AREA_STYLE_COLOUR('',#12084);
#12084 = DRAUGHTING_PRE_DEFINED_COLOUR('white');
#12085 = OVER_RIDING_STYLED_ITEM('overriding color',(#12086),#899,#12066
  );
#12086 = PRESENTATION_STYLE_ASSIGNMENT((#12087));
#12087 = SURFACE_STYLE_USAGE(.BOTH.,#12088);
#12088 = SURFACE_SIDE_STYLE('',(#12089));
#12089 = SURFACE_STYLE_FILL_AREA(#12090);
#12090 = FILL_AREA_STYLE('',(#12091));
#12091 = FILL_AREA_STYLE_COLOUR('',#12084);
#12092 = OVER_RIDING_STYLED_ITEM('overriding color',(#12093),#930,#12066
  );
#12093 = PRESENTATION_STYLE_ASSIGNMENT((#12094));
#12094 = SURFACE_STYLE_USAGE(.BOTH.,#12095);
#12095 = SURFACE_SIDE_STYLE('',(#12096));
#12096 = SURFACE_STYLE_FILL_AREA(#12097);
#12097 = FILL_AREA_STYLE('',(#12098));
#12098 = FILL_AREA_STYLE_COLOUR('',#12084);
#12099 = OVER_RIDING_STYLED_ITEM('overriding color',(#12100),#961,#12066
  );
#12100 = PRESENTATION_STYLE_ASSIGNMENT((#12101));
#12101 = SURFACE_STYLE_USAGE(.BOTH.,#12102);
#12102 = SURFACE_SIDE_STYLE('',(#12103));
#12103 = SURFACE_STYLE_FILL_AREA(#12104);
#12104 = FILL_AREA_STYLE('',(#12105));
#12105 = FILL_AREA_STYLE_COLOUR('',#12084);
#12106 = OVER_RIDING_STYLED_ITEM('overriding color',(#12107),#992,#12066
  );
#12107 = PRESENTATION_STYLE_ASSIGNMENT((#12108));
#12108 = SURFACE_STYLE_USAGE(.BOTH.,#12109);
#12109 = SURFACE_SIDE_STYLE('',(#12110));
#12110 = SURFACE_STYLE_FILL_AREA(#12111);
#12111 = FILL_AREA_STYLE('',(#12112));
#12112 = FILL_AREA_STYLE_COLOUR('',#12084);
#12113 = OVER_RIDING_STYLED_ITEM('overriding color',(#12114),#1023,
  #12066);
#12114 = PRESENTATION_STYLE_ASSIGNMENT((#12115));
#12115 = SURFACE_STYLE_USAGE(.BOTH.,#12116);
#12116 = SURFACE_SIDE_STYLE('',(#12117));
#12117 = SURFACE_STYLE_FILL_AREA(#12118);
#12118 = FILL_AREA_STYLE('',(#12119));
#12119 = FILL_AREA_STYLE_COLOUR('',#12084);
#12120 = OVER_RIDING_STYLED_ITEM('overriding color',(#12121),#1054,
  #12066);
#12121 = PRESENTATION_STYLE_ASSIGNMENT((#12122));
#12122 = SURFACE_STYLE_USAGE(.BOTH.,#12123);
#12123 = SURFACE_SIDE_STYLE('',(#12124));
#12124 = SURFACE_STYLE_FILL_AREA(#12125);
#12125 = FILL_AREA_STYLE('',(#12126));
#12126 = FILL_AREA_STYLE_COLOUR('',#12084);
#12127 = OVER_RIDING_STYLED_ITEM('overriding color',(#12128),#1085,
  #12066);
#12128 = PRESENTATION_STYLE_ASSIGNMENT((#12129));
#12129 = SURFACE_STYLE_USAGE(.BOTH.,#12130);
#12130 = SURFACE_SIDE_STYLE('',(#12131));
#12131 = SURFACE_STYLE_FILL_AREA(#12132);
#12132 = FILL_AREA_STYLE('',(#12133));
#12133 = FILL_AREA_STYLE_COLOUR('',#12084);
#12134 = OVER_RIDING_STYLED_ITEM('overriding color',(#12135),#1116,
  #12066);
#12135 = PRESENTATION_STYLE_ASSIGNMENT((#12136));
#12136 = SURFACE_STYLE_USAGE(.BOTH.,#12137);
#12137 = SURFACE_SIDE_STYLE('',(#12138));
#12138 = SURFACE_STYLE_FILL_AREA(#12139);
#12139 = FILL_AREA_STYLE('',(#12140));
#12140 = FILL_AREA_STYLE_COLOUR('',#12084);
#12141 = OVER_RIDING_STYLED_ITEM('overriding color',(#12142),#1147,
  #12066);
#12142 = PRESENTATION_STYLE_ASSIGNMENT((#12143));
#12143 = SURFACE_STYLE_USAGE(.BOTH.,#12144);
#12144 = SURFACE_SIDE_STYLE('',(#12145));
#12145 = SURFACE_STYLE_FILL_AREA(#12146);
#12146 = FILL_AREA_STYLE('',(#12147));
#12147 = FILL_AREA_STYLE_COLOUR('',#12084);
#12148 = OVER_RIDING_STYLED_ITEM('overriding color',(#12149),#2625,
  #12066);
#12149 = PRESENTATION_STYLE_ASSIGNMENT((#12150));
#12150 = SURFACE_STYLE_USAGE(.BOTH.,#12151);
#12151 = SURFACE_SIDE_STYLE('',(#12152));
#12152 = SURFACE_STYLE_FILL_AREA(#12153);
#12153 = FILL_AREA_STYLE('',(#12154));
#12154 = FILL_AREA_STYLE_COLOUR('',#12084);
#12155 = OVER_RIDING_STYLED_ITEM('overriding color',(#12156),#2664,
  #12066);
#12156 = PRESENTATION_STYLE_ASSIGNMENT((#12157));
#12157 = SURFACE_STYLE_USAGE(.BOTH.,#12158);
#12158 = SURFACE_SIDE_STYLE('',(#12159));
#12159 = SURFACE_STYLE_FILL_AREA(#12160);
#12160 = FILL_AREA_STYLE('',(#12161));
#12161 = FILL_AREA_STYLE_COLOUR('',#12084);
#12162 = OVER_RIDING_STYLED_ITEM('overriding color',(#12163),#2696,
  #12066);
#12163 = PRESENTATION_STYLE_ASSIGNMENT((#12164));
#12164 = SURFACE_STYLE_USAGE(.BOTH.,#12165);
#12165 = SURFACE_SIDE_STYLE('',(#12166));
#12166 = SURFACE_STYLE_FILL_AREA(#12167);
#12167 = FILL_AREA_STYLE('',(#12168));
#12168 = FILL_AREA_STYLE_COLOUR('',#12084);
#12169 = OVER_RIDING_STYLED_ITEM('overriding color',(#12170),#2720,
  #12066);
#12170 = PRESENTATION_STYLE_ASSIGNMENT((#12171));
#12171 = SURFACE_STYLE_USAGE(.BOTH.,#12172);
#12172 = SURFACE_SIDE_STYLE('',(#12173));
#12173 = SURFACE_STYLE_FILL_AREA(#12174);
#12174 = FILL_AREA_STYLE('',(#12175));
#12175 = FILL_AREA_STYLE_COLOUR('',#12084);
#12176 = OVER_RIDING_STYLED_ITEM('overriding color',(#12177),#2744,
  #12066);
#12177 = PRESENTATION_STYLE_ASSIGNMENT((#12178));
#12178 = SURFACE_STYLE_USAGE(.BOTH.,#12179);
#12179 = SURFACE_SIDE_STYLE('',(#12180));
#12180 = SURFACE_STYLE_FILL_AREA(#12181);
#12181 = FILL_AREA_STYLE('',(#12182));
#12182 = FILL_AREA_STYLE_COLOUR('',#12084);
#12183 = OVER_RIDING_STYLED_ITEM('overriding color',(#12184),#2776,
  #12066);
#12184 = PRESENTATION_STYLE_ASSIGNMENT((#12185));
#12185 = SURFACE_STYLE_USAGE(.BOTH.,#12186);
#12186 = SURFACE_SIDE_STYLE('',(#12187));
#12187 = SURFACE_STYLE_FILL_AREA(#12188);
#12188 = FILL_AREA_STYLE('',(#12189));
#12189 = FILL_AREA_STYLE_COLOUR('',#12084);
#12190 = OVER_RIDING_STYLED_ITEM('overriding color',(#12191),#2801,
  #12066);
#12191 = PRESENTATION_STYLE_ASSIGNMENT((#12192));
#12192 = SURFACE_STYLE_USAGE(.BOTH.,#12193);
#12193 = SURFACE_SIDE_STYLE('',(#12194));
#12194 = SURFACE_STYLE_FILL_AREA(#12195);
#12195 = FILL_AREA_STYLE('',(#12196));
#12196 = FILL_AREA_STYLE_COLOUR('',#12084);
#12197 = OVER_RIDING_STYLED_ITEM('overriding color',(#12198),#2840,
  #12066);
#12198 = PRESENTATION_STYLE_ASSIGNMENT((#12199));
#12199 = SURFACE_STYLE_USAGE(.BOTH.,#12200);
#12200 = SURFACE_SIDE_STYLE('',(#12201));
#12201 = SURFACE_STYLE_FILL_AREA(#12202);
#12202 = FILL_AREA_STYLE('',(#12203));
#12203 = FILL_AREA_STYLE_COLOUR('',#12084);
#12204 = OVER_RIDING_STYLED_ITEM('overriding color',(#12205),#2872,
  #12066);
#12205 = PRESENTATION_STYLE_ASSIGNMENT((#12206));
#12206 = SURFACE_STYLE_USAGE(.BOTH.,#12207);
#12207 = SURFACE_SIDE_STYLE('',(#12208));
#12208 = SURFACE_STYLE_FILL_AREA(#12209);
#12209 = FILL_AREA_STYLE('',(#12210));
#12210 = FILL_AREA_STYLE_COLOUR('',#12084);
#12211 = OVER_RIDING_STYLED_ITEM('overriding color',(#12212),#2896,
  #12066);
#12212 = PRESENTATION_STYLE_ASSIGNMENT((#12213));
#12213 = SURFACE_STYLE_USAGE(.BOTH.,#12214);
#12214 = SURFACE_SIDE_STYLE('',(#12215));
#12215 = SURFACE_STYLE_FILL_AREA(#12216);
#12216 = FILL_AREA_STYLE('',(#12217));
#12217 = FILL_AREA_STYLE_COLOUR('',#12084);
#12218 = OVER_RIDING_STYLED_ITEM('overriding color',(#12219),#2920,
  #12066);
#12219 = PRESENTATION_STYLE_ASSIGNMENT((#12220));
#12220 = SURFACE_STYLE_USAGE(.BOTH.,#12221);
#12221 = SURFACE_SIDE_STYLE('',(#12222));
#12222 = SURFACE_STYLE_FILL_AREA(#12223);
#12223 = FILL_AREA_STYLE('',(#12224));
#12224 = FILL_AREA_STYLE_COLOUR('',#12084);
#12225 = OVER_RIDING_STYLED_ITEM('overriding color',(#12226),#2952,
  #12066);
#12226 = PRESENTATION_STYLE_ASSIGNMENT((#12227));
#12227 = SURFACE_STYLE_USAGE(.BOTH.,#12228);
#12228 = SURFACE_SIDE_STYLE('',(#12229));
#12229 = SURFACE_STYLE_FILL_AREA(#12230);
#12230 = FILL_AREA_STYLE('',(#12231));
#12231 = FILL_AREA_STYLE_COLOUR('',#12084);
#12232 = OVER_RIDING_STYLED_ITEM('overriding color',(#12233),#2977,
  #12066);
#12233 = PRESENTATION_STYLE_ASSIGNMENT((#12234));
#12234 = SURFACE_STYLE_USAGE(.BOTH.,#12235);
#12235 = SURFACE_SIDE_STYLE('',(#12236));
#12236 = SURFACE_STYLE_FILL_AREA(#12237);
#12237 = FILL_AREA_STYLE('',(#12238));
#12238 = FILL_AREA_STYLE_COLOUR('',#12084);
#12239 = OVER_RIDING_STYLED_ITEM('overriding color',(#12240),#3016,
  #12066);
#12240 = PRESENTATION_STYLE_ASSIGNMENT((#12241));
#12241 = SURFACE_STYLE_USAGE(.BOTH.,#12242);
#12242 = SURFACE_SIDE_STYLE('',(#12243));
#12243 = SURFACE_STYLE_FILL_AREA(#12244);
#12244 = FILL_AREA_STYLE('',(#12245));
#12245 = FILL_AREA_STYLE_COLOUR('',#12084);
#12246 = OVER_RIDING_STYLED_ITEM('overriding color',(#12247),#3048,
  #12066);
#12247 = PRESENTATION_STYLE_ASSIGNMENT((#12248));
#12248 = SURFACE_STYLE_USAGE(.BOTH.,#12249);
#12249 = SURFACE_SIDE_STYLE('',(#12250));
#12250 = SURFACE_STYLE_FILL_AREA(#12251);
#12251 = FILL_AREA_STYLE('',(#12252));
#12252 = FILL_AREA_STYLE_COLOUR('',#12084);
#12253 = OVER_RIDING_STYLED_ITEM('overriding color',(#12254),#3072,
  #12066);
#12254 = PRESENTATION_STYLE_ASSIGNMENT((#12255));
#12255 = SURFACE_STYLE_USAGE(.BOTH.,#12256);
#12256 = SURFACE_SIDE_STYLE('',(#12257));
#12257 = SURFACE_STYLE_FILL_AREA(#12258);
#12258 = FILL_AREA_STYLE('',(#12259));
#12259 = FILL_AREA_STYLE_COLOUR('',#12084);
#12260 = OVER_RIDING_STYLED_ITEM('overriding color',(#12261),#3096,
  #12066);
#12261 = PRESENTATION_STYLE_ASSIGNMENT((#12262));
#12262 = SURFACE_STYLE_USAGE(.BOTH.,#12263);
#12263 = SURFACE_SIDE_STYLE('',(#12264));
#12264 = SURFACE_STYLE_FILL_AREA(#12265);
#12265 = FILL_AREA_STYLE('',(#12266));
#12266 = FILL_AREA_STYLE_COLOUR('',#12084);
#12267 = OVER_RIDING_STYLED_ITEM('overriding color',(#12268),#3128,
  #12066);
#12268 = PRESENTATION_STYLE_ASSIGNMENT((#12269));
#12269 = SURFACE_STYLE_USAGE(.BOTH.,#12270);
#12270 = SURFACE_SIDE_STYLE('',(#12271));
#12271 = SURFACE_STYLE_FILL_AREA(#12272);
#12272 = FILL_AREA_STYLE('',(#12273));
#12273 = FILL_AREA_STYLE_COLOUR('',#12084);
#12274 = OVER_RIDING_STYLED_ITEM('overriding color',(#12275),#3153,
  #12066);
#12275 = PRESENTATION_STYLE_ASSIGNMENT((#12276));
#12276 = SURFACE_STYLE_USAGE(.BOTH.,#12277);
#12277 = SURFACE_SIDE_STYLE('',(#12278));
#12278 = SURFACE_STYLE_FILL_AREA(#12279);
#12279 = FILL_AREA_STYLE('',(#12280));
#12280 = FILL_AREA_STYLE_COLOUR('',#12084);
#12281 = OVER_RIDING_STYLED_ITEM('overriding color',(#12282),#3192,
  #12066);
#12282 = PRESENTATION_STYLE_ASSIGNMENT((#12283));
#12283 = SURFACE_STYLE_USAGE(.BOTH.,#12284);
#12284 = SURFACE_SIDE_STYLE('',(#12285));
#12285 = SURFACE_STYLE_FILL_AREA(#12286);
#12286 = FILL_AREA_STYLE('',(#12287));
#12287 = FILL_AREA_STYLE_COLOUR('',#12084);
#12288 = OVER_RIDING_STYLED_ITEM('overriding color',(#12289),#3224,
  #12066);
#12289 = PRESENTATION_STYLE_ASSIGNMENT((#12290));
#12290 = SURFACE_STYLE_USAGE(.BOTH.,#12291);
#12291 = SURFACE_SIDE_STYLE('',(#12292));
#12292 = SURFACE_STYLE_FILL_AREA(#12293);
#12293 = FILL_AREA_STYLE('',(#12294));
#12294 = FILL_AREA_STYLE_COLOUR('',#12084);
#12295 = OVER_RIDING_STYLED_ITEM('overriding color',(#12296),#3248,
  #12066);
#12296 = PRESENTATION_STYLE_ASSIGNMENT((#12297));
#12297 = SURFACE_STYLE_USAGE(.BOTH.,#12298);
#12298 = SURFACE_SIDE_STYLE('',(#12299));
#12299 = SURFACE_STYLE_FILL_AREA(#12300);
#12300 = FILL_AREA_STYLE('',(#12301));
#12301 = FILL_AREA_STYLE_COLOUR('',#12084);
#12302 = OVER_RIDING_STYLED_ITEM('overriding color',(#12303),#3272,
  #12066);
#12303 = PRESENTATION_STYLE_ASSIGNMENT((#12304));
#12304 = SURFACE_STYLE_USAGE(.BOTH.,#12305);
#12305 = SURFACE_SIDE_STYLE('',(#12306));
#12306 = SURFACE_STYLE_FILL_AREA(#12307);
#12307 = FILL_AREA_STYLE('',(#12308));
#12308 = FILL_AREA_STYLE_COLOUR('',#12084);
#12309 = OVER_RIDING_STYLED_ITEM('overriding color',(#12310),#3304,
  #12066);
#12310 = PRESENTATION_STYLE_ASSIGNMENT((#12311));
#12311 = SURFACE_STYLE_USAGE(.BOTH.,#12312);
#12312 = SURFACE_SIDE_STYLE('',(#12313));
#12313 = SURFACE_STYLE_FILL_AREA(#12314);
#12314 = FILL_AREA_STYLE('',(#12315));
#12315 = FILL_AREA_STYLE_COLOUR('',#12084);
#12316 = OVER_RIDING_STYLED_ITEM('overriding color',(#12317),#3329,
  #12066);
#12317 = PRESENTATION_STYLE_ASSIGNMENT((#12318));
#12318 = SURFACE_STYLE_USAGE(.BOTH.,#12319);
#12319 = SURFACE_SIDE_STYLE('',(#12320));
#12320 = SURFACE_STYLE_FILL_AREA(#12321);
#12321 = FILL_AREA_STYLE('',(#12322));
#12322 = FILL_AREA_STYLE_COLOUR('',#12084);
#12323 = OVER_RIDING_STYLED_ITEM('overriding color',(#12324),#3368,
  #12066);
#12324 = PRESENTATION_STYLE_ASSIGNMENT((#12325));
#12325 = SURFACE_STYLE_USAGE(.BOTH.,#12326);
#12326 = SURFACE_SIDE_STYLE('',(#12327));
#12327 = SURFACE_STYLE_FILL_AREA(#12328);
#12328 = FILL_AREA_STYLE('',(#12329));
#12329 = FILL_AREA_STYLE_COLOUR('',#12084);
#12330 = OVER_RIDING_STYLED_ITEM('overriding color',(#12331),#3400,
  #12066);
#12331 = PRESENTATION_STYLE_ASSIGNMENT((#12332));
#12332 = SURFACE_STYLE_USAGE(.BOTH.,#12333);
#12333 = SURFACE_SIDE_STYLE('',(#12334));
#12334 = SURFACE_STYLE_FILL_AREA(#12335);
#12335 = FILL_AREA_STYLE('',(#12336));
#12336 = FILL_AREA_STYLE_COLOUR('',#12084);
#12337 = OVER_RIDING_STYLED_ITEM('overriding color',(#12338),#3424,
  #12066);
#12338 = PRESENTATION_STYLE_ASSIGNMENT((#12339));
#12339 = SURFACE_STYLE_USAGE(.BOTH.,#12340);
#12340 = SURFACE_SIDE_STYLE('',(#12341));
#12341 = SURFACE_STYLE_FILL_AREA(#12342);
#12342 = FILL_AREA_STYLE('',(#12343));
#12343 = FILL_AREA_STYLE_COLOUR('',#12084);
#12344 = OVER_RIDING_STYLED_ITEM('overriding color',(#12345),#3448,
  #12066);
#12345 = PRESENTATION_STYLE_ASSIGNMENT((#12346));
#12346 = SURFACE_STYLE_USAGE(.BOTH.,#12347);
#12347 = SURFACE_SIDE_STYLE('',(#12348));
#12348 = SURFACE_STYLE_FILL_AREA(#12349);
#12349 = FILL_AREA_STYLE('',(#12350));
#12350 = FILL_AREA_STYLE_COLOUR('',#12084);
#12351 = OVER_RIDING_STYLED_ITEM('overriding color',(#12352),#3480,
  #12066);
#12352 = PRESENTATION_STYLE_ASSIGNMENT((#12353));
#12353 = SURFACE_STYLE_USAGE(.BOTH.,#12354);
#12354 = SURFACE_SIDE_STYLE('',(#12355));
#12355 = SURFACE_STYLE_FILL_AREA(#12356);
#12356 = FILL_AREA_STYLE('',(#12357));
#12357 = FILL_AREA_STYLE_COLOUR('',#12084);
#12358 = OVER_RIDING_STYLED_ITEM('overriding color',(#12359),#3505,
  #12066);
#12359 = PRESENTATION_STYLE_ASSIGNMENT((#12360));
#12360 = SURFACE_STYLE_USAGE(.BOTH.,#12361);
#12361 = SURFACE_SIDE_STYLE('',(#12362));
#12362 = SURFACE_STYLE_FILL_AREA(#12363);
#12363 = FILL_AREA_STYLE('',(#12364));
#12364 = FILL_AREA_STYLE_COLOUR('',#12084);
#12365 = OVER_RIDING_STYLED_ITEM('overriding color',(#12366),#3544,
  #12066);
#12366 = PRESENTATION_STYLE_ASSIGNMENT((#12367));
#12367 = SURFACE_STYLE_USAGE(.BOTH.,#12368);
#12368 = SURFACE_SIDE_STYLE('',(#12369));
#12369 = SURFACE_STYLE_FILL_AREA(#12370);
#12370 = FILL_AREA_STYLE('',(#12371));
#12371 = FILL_AREA_STYLE_COLOUR('',#12084);
#12372 = OVER_RIDING_STYLED_ITEM('overriding color',(#12373),#3576,
  #12066);
#12373 = PRESENTATION_STYLE_ASSIGNMENT((#12374));
#12374 = SURFACE_STYLE_USAGE(.BOTH.,#12375);
#12375 = SURFACE_SIDE_STYLE('',(#12376));
#12376 = SURFACE_STYLE_FILL_AREA(#12377);
#12377 = FILL_AREA_STYLE('',(#12378));
#12378 = FILL_AREA_STYLE_COLOUR('',#12084);
#12379 = OVER_RIDING_STYLED_ITEM('overriding color',(#12380),#3600,
  #12066);
#12380 = PRESENTATION_STYLE_ASSIGNMENT((#12381));
#12381 = SURFACE_STYLE_USAGE(.BOTH.,#12382);
#12382 = SURFACE_SIDE_STYLE('',(#12383));
#12383 = SURFACE_STYLE_FILL_AREA(#12384);
#12384 = FILL_AREA_STYLE('',(#12385));
#12385 = FILL_AREA_STYLE_COLOUR('',#12084);
#12386 = OVER_RIDING_STYLED_ITEM('overriding color',(#12387),#3624,
  #12066);
#12387 = PRESENTATION_STYLE_ASSIGNMENT((#12388));
#12388 = SURFACE_STYLE_USAGE(.BOTH.,#12389);
#12389 = SURFACE_SIDE_STYLE('',(#12390));
#12390 = SURFACE_STYLE_FILL_AREA(#12391);
#12391 = FILL_AREA_STYLE('',(#12392));
#12392 = FILL_AREA_STYLE_COLOUR('',#12084);
#12393 = OVER_RIDING_STYLED_ITEM('overriding color',(#12394),#3656,
  #12066);
#12394 = PRESENTATION_STYLE_ASSIGNMENT((#12395));
#12395 = SURFACE_STYLE_USAGE(.BOTH.,#12396);
#12396 = SURFACE_SIDE_STYLE('',(#12397));
#12397 = SURFACE_STYLE_FILL_AREA(#12398);
#12398 = FILL_AREA_STYLE('',(#12399));
#12399 = FILL_AREA_STYLE_COLOUR('',#12084);
#12400 = OVER_RIDING_STYLED_ITEM('overriding color',(#12401),#3681,
  #12066);
#12401 = PRESENTATION_STYLE_ASSIGNMENT((#12402));
#12402 = SURFACE_STYLE_USAGE(.BOTH.,#12403);
#12403 = SURFACE_SIDE_STYLE('',(#12404));
#12404 = SURFACE_STYLE_FILL_AREA(#12405);
#12405 = FILL_AREA_STYLE('',(#12406));
#12406 = FILL_AREA_STYLE_COLOUR('',#12084);
#12407 = OVER_RIDING_STYLED_ITEM('overriding color',(#12408),#3720,
  #12066);
#12408 = PRESENTATION_STYLE_ASSIGNMENT((#12409));
#12409 = SURFACE_STYLE_USAGE(.BOTH.,#12410);
#12410 = SURFACE_SIDE_STYLE('',(#12411));
#12411 = SURFACE_STYLE_FILL_AREA(#12412);
#12412 = FILL_AREA_STYLE('',(#12413));
#12413 = FILL_AREA_STYLE_COLOUR('',#12084);
#12414 = OVER_RIDING_STYLED_ITEM('overriding color',(#12415),#3752,
  #12066);
#12415 = PRESENTATION_STYLE_ASSIGNMENT((#12416));
#12416 = SURFACE_STYLE_USAGE(.BOTH.,#12417);
#12417 = SURFACE_SIDE_STYLE('',(#12418));
#12418 = SURFACE_STYLE_FILL_AREA(#12419);
#12419 = FILL_AREA_STYLE('',(#12420));
#12420 = FILL_AREA_STYLE_COLOUR('',#12084);
#12421 = OVER_RIDING_STYLED_ITEM('overriding color',(#12422),#3776,
  #12066);
#12422 = PRESENTATION_STYLE_ASSIGNMENT((#12423));
#12423 = SURFACE_STYLE_USAGE(.BOTH.,#12424);
#12424 = SURFACE_SIDE_STYLE('',(#12425));
#12425 = SURFACE_STYLE_FILL_AREA(#12426);
#12426 = FILL_AREA_STYLE('',(#12427));
#12427 = FILL_AREA_STYLE_COLOUR('',#12084);
#12428 = OVER_RIDING_STYLED_ITEM('overriding color',(#12429),#3800,
  #12066);
#12429 = PRESENTATION_STYLE_ASSIGNMENT((#12430));
#12430 = SURFACE_STYLE_USAGE(.BOTH.,#12431);
#12431 = SURFACE_SIDE_STYLE('',(#12432));
#12432 = SURFACE_STYLE_FILL_AREA(#12433);
#12433 = FILL_AREA_STYLE('',(#12434));
#12434 = FILL_AREA_STYLE_COLOUR('',#12084);
#12435 = OVER_RIDING_STYLED_ITEM('overriding color',(#12436),#3832,
  #12066);
#12436 = PRESENTATION_STYLE_ASSIGNMENT((#12437));
#12437 = SURFACE_STYLE_USAGE(.BOTH.,#12438);
#12438 = SURFACE_SIDE_STYLE('',(#12439));
#12439 = SURFACE_STYLE_FILL_AREA(#12440);
#12440 = FILL_AREA_STYLE('',(#12441));
#12441 = FILL_AREA_STYLE_COLOUR('',#12084);
#12442 = OVER_RIDING_STYLED_ITEM('overriding color',(#12443),#3857,
  #12066);
#12443 = PRESENTATION_STYLE_ASSIGNMENT((#12444));
#12444 = SURFACE_STYLE_USAGE(.BOTH.,#12445);
#12445 = SURFACE_SIDE_STYLE('',(#12446));
#12446 = SURFACE_STYLE_FILL_AREA(#12447);
#12447 = FILL_AREA_STYLE('',(#12448));
#12448 = FILL_AREA_STYLE_COLOUR('',#12084);
#12449 = OVER_RIDING_STYLED_ITEM('overriding color',(#12450),#3896,
  #12066);
#12450 = PRESENTATION_STYLE_ASSIGNMENT((#12451));
#12451 = SURFACE_STYLE_USAGE(.BOTH.,#12452);
#12452 = SURFACE_SIDE_STYLE('',(#12453));
#12453 = SURFACE_STYLE_FILL_AREA(#12454);
#12454 = FILL_AREA_STYLE('',(#12455));
#12455 = FILL_AREA_STYLE_COLOUR('',#12084);
#12456 = OVER_RIDING_STYLED_ITEM('overriding color',(#12457),#3928,
  #12066);
#12457 = PRESENTATION_STYLE_ASSIGNMENT((#12458));
#12458 = SURFACE_STYLE_USAGE(.BOTH.,#12459);
#12459 = SURFACE_SIDE_STYLE('',(#12460));
#12460 = SURFACE_STYLE_FILL_AREA(#12461);
#12461 = FILL_AREA_STYLE('',(#12462));
#12462 = FILL_AREA_STYLE_COLOUR('',#12084);
#12463 = OVER_RIDING_STYLED_ITEM('overriding color',(#12464),#3952,
  #12066);
#12464 = PRESENTATION_STYLE_ASSIGNMENT((#12465));
#12465 = SURFACE_STYLE_USAGE(.BOTH.,#12466);
#12466 = SURFACE_SIDE_STYLE('',(#12467));
#12467 = SURFACE_STYLE_FILL_AREA(#12468);
#12468 = FILL_AREA_STYLE('',(#12469));
#12469 = FILL_AREA_STYLE_COLOUR('',#12084);
#12470 = OVER_RIDING_STYLED_ITEM('overriding color',(#12471),#3976,
  #12066);
#12471 = PRESENTATION_STYLE_ASSIGNMENT((#12472));
#12472 = SURFACE_STYLE_USAGE(.BOTH.,#12473);
#12473 = SURFACE_SIDE_STYLE('',(#12474));
#12474 = SURFACE_STYLE_FILL_AREA(#12475);
#12475 = FILL_AREA_STYLE('',(#12476));
#12476 = FILL_AREA_STYLE_COLOUR('',#12084);
#12477 = OVER_RIDING_STYLED_ITEM('overriding color',(#12478),#4008,
  #12066);
#12478 = PRESENTATION_STYLE_ASSIGNMENT((#12479));
#12479 = SURFACE_STYLE_USAGE(.BOTH.,#12480);
#12480 = SURFACE_SIDE_STYLE('',(#12481));
#12481 = SURFACE_STYLE_FILL_AREA(#12482);
#12482 = FILL_AREA_STYLE('',(#12483));
#12483 = FILL_AREA_STYLE_COLOUR('',#12084);
#12484 = OVER_RIDING_STYLED_ITEM('overriding color',(#12485),#4033,
  #12066);
#12485 = PRESENTATION_STYLE_ASSIGNMENT((#12486));
#12486 = SURFACE_STYLE_USAGE(.BOTH.,#12487);
#12487 = SURFACE_SIDE_STYLE('',(#12488));
#12488 = SURFACE_STYLE_FILL_AREA(#12489);
#12489 = FILL_AREA_STYLE('',(#12490));
#12490 = FILL_AREA_STYLE_COLOUR('',#12084);
#12491 = OVER_RIDING_STYLED_ITEM('overriding color',(#12492),#4072,
  #12066);
#12492 = PRESENTATION_STYLE_ASSIGNMENT((#12493));
#12493 = SURFACE_STYLE_USAGE(.BOTH.,#12494);
#12494 = SURFACE_SIDE_STYLE('',(#12495));
#12495 = SURFACE_STYLE_FILL_AREA(#12496);
#12496 = FILL_AREA_STYLE('',(#12497));
#12497 = FILL_AREA_STYLE_COLOUR('',#12084);
#12498 = OVER_RIDING_STYLED_ITEM('overriding color',(#12499),#4104,
  #12066);
#12499 = PRESENTATION_STYLE_ASSIGNMENT((#12500));
#12500 = SURFACE_STYLE_USAGE(.BOTH.,#12501);
#12501 = SURFACE_SIDE_STYLE('',(#12502));
#12502 = SURFACE_STYLE_FILL_AREA(#12503);
#12503 = FILL_AREA_STYLE('',(#12504));
#12504 = FILL_AREA_STYLE_COLOUR('',#12084);
#12505 = OVER_RIDING_STYLED_ITEM('overriding color',(#12506),#4128,
  #12066);
#12506 = PRESENTATION_STYLE_ASSIGNMENT((#12507));
#12507 = SURFACE_STYLE_USAGE(.BOTH.,#12508);
#12508 = SURFACE_SIDE_STYLE('',(#12509));
#12509 = SURFACE_STYLE_FILL_AREA(#12510);
#12510 = FILL_AREA_STYLE('',(#12511));
#12511 = FILL_AREA_STYLE_COLOUR('',#12084);
#12512 = OVER_RIDING_STYLED_ITEM('overriding color',(#12513),#4152,
  #12066);
#12513 = PRESENTATION_STYLE_ASSIGNMENT((#12514));
#12514 = SURFACE_STYLE_USAGE(.BOTH.,#12515);
#12515 = SURFACE_SIDE_STYLE('',(#12516));
#12516 = SURFACE_STYLE_FILL_AREA(#12517);
#12517 = FILL_AREA_STYLE('',(#12518));
#12518 = FILL_AREA_STYLE_COLOUR('',#12084);
#12519 = OVER_RIDING_STYLED_ITEM('overriding color',(#12520),#4184,
  #12066);
#12520 = PRESENTATION_STYLE_ASSIGNMENT((#12521));
#12521 = SURFACE_STYLE_USAGE(.BOTH.,#12522);
#12522 = SURFACE_SIDE_STYLE('',(#12523));
#12523 = SURFACE_STYLE_FILL_AREA(#12524);
#12524 = FILL_AREA_STYLE('',(#12525));
#12525 = FILL_AREA_STYLE_COLOUR('',#12084);
#12526 = OVER_RIDING_STYLED_ITEM('overriding color',(#12527),#4209,
  #12066);
#12527 = PRESENTATION_STYLE_ASSIGNMENT((#12528));
#12528 = SURFACE_STYLE_USAGE(.BOTH.,#12529);
#12529 = SURFACE_SIDE_STYLE('',(#12530));
#12530 = SURFACE_STYLE_FILL_AREA(#12531);
#12531 = FILL_AREA_STYLE('',(#12532));
#12532 = FILL_AREA_STYLE_COLOUR('',#12084);
#12533 = OVER_RIDING_STYLED_ITEM('overriding color',(#12534),#4248,
  #12066);
#12534 = PRESENTATION_STYLE_ASSIGNMENT((#12535));
#12535 = SURFACE_STYLE_USAGE(.BOTH.,#12536);
#12536 = SURFACE_SIDE_STYLE('',(#12537));
#12537 = SURFACE_STYLE_FILL_AREA(#12538);
#12538 = FILL_AREA_STYLE('',(#12539));
#12539 = FILL_AREA_STYLE_COLOUR('',#12084);
#12540 = OVER_RIDING_STYLED_ITEM('overriding color',(#12541),#4280,
  #12066);
#12541 = PRESENTATION_STYLE_ASSIGNMENT((#12542));
#12542 = SURFACE_STYLE_USAGE(.BOTH.,#12543);
#12543 = SURFACE_SIDE_STYLE('',(#12544));
#12544 = SURFACE_STYLE_FILL_AREA(#12545);
#12545 = FILL_AREA_STYLE('',(#12546));
#12546 = FILL_AREA_STYLE_COLOUR('',#12084);
#12547 = OVER_RIDING_STYLED_ITEM('overriding color',(#12548),#4304,
  #12066);
#12548 = PRESENTATION_STYLE_ASSIGNMENT((#12549));
#12549 = SURFACE_STYLE_USAGE(.BOTH.,#12550);
#12550 = SURFACE_SIDE_STYLE('',(#12551));
#12551 = SURFACE_STYLE_FILL_AREA(#12552);
#12552 = FILL_AREA_STYLE('',(#12553));
#12553 = FILL_AREA_STYLE_COLOUR('',#12084);
#12554 = OVER_RIDING_STYLED_ITEM('overriding color',(#12555),#4328,
  #12066);
#12555 = PRESENTATION_STYLE_ASSIGNMENT((#12556));
#12556 = SURFACE_STYLE_USAGE(.BOTH.,#12557);
#12557 = SURFACE_SIDE_STYLE('',(#12558));
#12558 = SURFACE_STYLE_FILL_AREA(#12559);
#12559 = FILL_AREA_STYLE('',(#12560));
#12560 = FILL_AREA_STYLE_COLOUR('',#12084);
#12561 = OVER_RIDING_STYLED_ITEM('overriding color',(#12562),#4360,
  #12066);
#12562 = PRESENTATION_STYLE_ASSIGNMENT((#12563));
#12563 = SURFACE_STYLE_USAGE(.BOTH.,#12564);
#12564 = SURFACE_SIDE_STYLE('',(#12565));
#12565 = SURFACE_STYLE_FILL_AREA(#12566);
#12566 = FILL_AREA_STYLE('',(#12567));
#12567 = FILL_AREA_STYLE_COLOUR('',#12084);
#12568 = OVER_RIDING_STYLED_ITEM('overriding color',(#12569),#4435,
  #12066);
#12569 = PRESENTATION_STYLE_ASSIGNMENT((#12570));
#12570 = SURFACE_STYLE_USAGE(.BOTH.,#12571);
#12571 = SURFACE_SIDE_STYLE('',(#12572));
#12572 = SURFACE_STYLE_FILL_AREA(#12573);
#12573 = FILL_AREA_STYLE('',(#12574));
#12574 = FILL_AREA_STYLE_COLOUR('',#12084);
#12575 = OVER_RIDING_STYLED_ITEM('overriding color',(#12576),#4452,
  #12066);
#12576 = PRESENTATION_STYLE_ASSIGNMENT((#12577));
#12577 = SURFACE_STYLE_USAGE(.BOTH.,#12578);
#12578 = SURFACE_SIDE_STYLE('',(#12579));
#12579 = SURFACE_STYLE_FILL_AREA(#12580);
#12580 = FILL_AREA_STYLE('',(#12581));
#12581 = FILL_AREA_STYLE_COLOUR('',#12084);
#12582 = OVER_RIDING_STYLED_ITEM('overriding color',(#12583),#4469,
  #12066);
#12583 = PRESENTATION_STYLE_ASSIGNMENT((#12584));
#12584 = SURFACE_STYLE_USAGE(.BOTH.,#12585);
#12585 = SURFACE_SIDE_STYLE('',(#12586));
#12586 = SURFACE_STYLE_FILL_AREA(#12587);
#12587 = FILL_AREA_STYLE('',(#12588));
#12588 = FILL_AREA_STYLE_COLOUR('',#12084);
#12589 = OVER_RIDING_STYLED_ITEM('overriding color',(#12590),#4486,
  #12066);
#12590 = PRESENTATION_STYLE_ASSIGNMENT((#12591));
#12591 = SURFACE_STYLE_USAGE(.BOTH.,#12592);
#12592 = SURFACE_SIDE_STYLE('',(#12593));
#12593 = SURFACE_STYLE_FILL_AREA(#12594);
#12594 = FILL_AREA_STYLE('',(#12595));
#12595 = FILL_AREA_STYLE_COLOUR('',#12084);
#12596 = OVER_RIDING_STYLED_ITEM('overriding color',(#12597),#4503,
  #12066);
#12597 = PRESENTATION_STYLE_ASSIGNMENT((#12598));
#12598 = SURFACE_STYLE_USAGE(.BOTH.,#12599);
#12599 = SURFACE_SIDE_STYLE('',(#12600));
#12600 = SURFACE_STYLE_FILL_AREA(#12601);
#12601 = FILL_AREA_STYLE('',(#12602));
#12602 = FILL_AREA_STYLE_COLOUR('',#12084);
#12603 = OVER_RIDING_STYLED_ITEM('overriding color',(#12604),#4520,
  #12066);
#12604 = PRESENTATION_STYLE_ASSIGNMENT((#12605));
#12605 = SURFACE_STYLE_USAGE(.BOTH.,#12606);
#12606 = SURFACE_SIDE_STYLE('',(#12607));
#12607 = SURFACE_STYLE_FILL_AREA(#12608);
#12608 = FILL_AREA_STYLE('',(#12609));
#12609 = FILL_AREA_STYLE_COLOUR('',#12084);
#12610 = OVER_RIDING_STYLED_ITEM('overriding color',(#12611),#4537,
  #12066);
#12611 = PRESENTATION_STYLE_ASSIGNMENT((#12612));
#12612 = SURFACE_STYLE_USAGE(.BOTH.,#12613);
#12613 = SURFACE_SIDE_STYLE('',(#12614));
#12614 = SURFACE_STYLE_FILL_AREA(#12615);
#12615 = FILL_AREA_STYLE('',(#12616));
#12616 = FILL_AREA_STYLE_COLOUR('',#12084);
#12617 = OVER_RIDING_STYLED_ITEM('overriding color',(#12618),#4554,
  #12066);
#12618 = PRESENTATION_STYLE_ASSIGNMENT((#12619));
#12619 = SURFACE_STYLE_USAGE(.BOTH.,#12620);
#12620 = SURFACE_SIDE_STYLE('',(#12621));
#12621 = SURFACE_STYLE_FILL_AREA(#12622);
#12622 = FILL_AREA_STYLE('',(#12623));
#12623 = FILL_AREA_STYLE_COLOUR('',#12084);
#12624 = OVER_RIDING_STYLED_ITEM('overriding color',(#12625),#4571,
  #12066);
#12625 = PRESENTATION_STYLE_ASSIGNMENT((#12626));
#12626 = SURFACE_STYLE_USAGE(.BOTH.,#12627);
#12627 = SURFACE_SIDE_STYLE('',(#12628));
#12628 = SURFACE_STYLE_FILL_AREA(#12629);
#12629 = FILL_AREA_STYLE('',(#12630));
#12630 = FILL_AREA_STYLE_COLOUR('',#12084);
#12631 = OVER_RIDING_STYLED_ITEM('overriding color',(#12632),#4588,
  #12066);
#12632 = PRESENTATION_STYLE_ASSIGNMENT((#12633));
#12633 = SURFACE_STYLE_USAGE(.BOTH.,#12634);
#12634 = SURFACE_SIDE_STYLE('',(#12635));
#12635 = SURFACE_STYLE_FILL_AREA(#12636);
#12636 = FILL_AREA_STYLE('',(#12637));
#12637 = FILL_AREA_STYLE_COLOUR('',#12084);
#12638 = OVER_RIDING_STYLED_ITEM('overriding color',(#12639),#4660,
  #12066);
#12639 = PRESENTATION_STYLE_ASSIGNMENT((#12640));
#12640 = SURFACE_STYLE_USAGE(.BOTH.,#12641);
#12641 = SURFACE_SIDE_STYLE('',(#12642));
#12642 = SURFACE_STYLE_FILL_AREA(#12643);
#12643 = FILL_AREA_STYLE('',(#12644));
#12644 = FILL_AREA_STYLE_COLOUR('',#12084);
#12645 = OVER_RIDING_STYLED_ITEM('overriding color',(#12646),#4700,
  #12066);
#12646 = PRESENTATION_STYLE_ASSIGNMENT((#12647));
#12647 = SURFACE_STYLE_USAGE(.BOTH.,#12648);
#12648 = SURFACE_SIDE_STYLE('',(#12649));
#12649 = SURFACE_STYLE_FILL_AREA(#12650);
#12650 = FILL_AREA_STYLE('',(#12651));
#12651 = FILL_AREA_STYLE_COLOUR('',#12084);
#12652 = OVER_RIDING_STYLED_ITEM('overriding color',(#12653),#4724,
  #12066);
#12653 = PRESENTATION_STYLE_ASSIGNMENT((#12654));
#12654 = SURFACE_STYLE_USAGE(.BOTH.,#12655);
#12655 = SURFACE_SIDE_STYLE('',(#12656));
#12656 = SURFACE_STYLE_FILL_AREA(#12657);
#12657 = FILL_AREA_STYLE('',(#12658));
#12658 = FILL_AREA_STYLE_COLOUR('',#12084);
#12659 = OVER_RIDING_STYLED_ITEM('overriding color',(#12660),#4788,
  #12066);
#12660 = PRESENTATION_STYLE_ASSIGNMENT((#12661));
#12661 = SURFACE_STYLE_USAGE(.BOTH.,#12662);
#12662 = SURFACE_SIDE_STYLE('',(#12663));
#12663 = SURFACE_STYLE_FILL_AREA(#12664);
#12664 = FILL_AREA_STYLE('',(#12665));
#12665 = FILL_AREA_STYLE_COLOUR('',#12084);
#12666 = OVER_RIDING_STYLED_ITEM('overriding color',(#12667),#4828,
  #12066);
#12667 = PRESENTATION_STYLE_ASSIGNMENT((#12668));
#12668 = SURFACE_STYLE_USAGE(.BOTH.,#12669);
#12669 = SURFACE_SIDE_STYLE('',(#12670));
#12670 = SURFACE_STYLE_FILL_AREA(#12671);
#12671 = FILL_AREA_STYLE('',(#12672));
#12672 = FILL_AREA_STYLE_COLOUR('',#12084);
#12673 = OVER_RIDING_STYLED_ITEM('overriding color',(#12674),#4852,
  #12066);
#12674 = PRESENTATION_STYLE_ASSIGNMENT((#12675));
#12675 = SURFACE_STYLE_USAGE(.BOTH.,#12676);
#12676 = SURFACE_SIDE_STYLE('',(#12677));
#12677 = SURFACE_STYLE_FILL_AREA(#12678);
#12678 = FILL_AREA_STYLE('',(#12679));
#12679 = FILL_AREA_STYLE_COLOUR('',#12084);
#12680 = OVER_RIDING_STYLED_ITEM('overriding color',(#12681),#4916,
  #12066);
#12681 = PRESENTATION_STYLE_ASSIGNMENT((#12682));
#12682 = SURFACE_STYLE_USAGE(.BOTH.,#12683);
#12683 = SURFACE_SIDE_STYLE('',(#12684));
#12684 = SURFACE_STYLE_FILL_AREA(#12685);
#12685 = FILL_AREA_STYLE('',(#12686));
#12686 = FILL_AREA_STYLE_COLOUR('',#12084);
#12687 = OVER_RIDING_STYLED_ITEM('overriding color',(#12688),#4956,
  #12066);
#12688 = PRESENTATION_STYLE_ASSIGNMENT((#12689));
#12689 = SURFACE_STYLE_USAGE(.BOTH.,#12690);
#12690 = SURFACE_SIDE_STYLE('',(#12691));
#12691 = SURFACE_STYLE_FILL_AREA(#12692);
#12692 = FILL_AREA_STYLE('',(#12693));
#12693 = FILL_AREA_STYLE_COLOUR('',#12084);
#12694 = OVER_RIDING_STYLED_ITEM('overriding color',(#12695),#4980,
  #12066);
#12695 = PRESENTATION_STYLE_ASSIGNMENT((#12696));
#12696 = SURFACE_STYLE_USAGE(.BOTH.,#12697);
#12697 = SURFACE_SIDE_STYLE('',(#12698));
#12698 = SURFACE_STYLE_FILL_AREA(#12699);
#12699 = FILL_AREA_STYLE('',(#12700));
#12700 = FILL_AREA_STYLE_COLOUR('',#12084);
#12701 = OVER_RIDING_STYLED_ITEM('overriding color',(#12702),#5044,
  #12066);
#12702 = PRESENTATION_STYLE_ASSIGNMENT((#12703));
#12703 = SURFACE_STYLE_USAGE(.BOTH.,#12704);
#12704 = SURFACE_SIDE_STYLE('',(#12705));
#12705 = SURFACE_STYLE_FILL_AREA(#12706);
#12706 = FILL_AREA_STYLE('',(#12707));
#12707 = FILL_AREA_STYLE_COLOUR('',#12084);
#12708 = OVER_RIDING_STYLED_ITEM('overriding color',(#12709),#5084,
  #12066);
#12709 = PRESENTATION_STYLE_ASSIGNMENT((#12710));
#12710 = SURFACE_STYLE_USAGE(.BOTH.,#12711);
#12711 = SURFACE_SIDE_STYLE('',(#12712));
#12712 = SURFACE_STYLE_FILL_AREA(#12713);
#12713 = FILL_AREA_STYLE('',(#12714));
#12714 = FILL_AREA_STYLE_COLOUR('',#12084);
#12715 = OVER_RIDING_STYLED_ITEM('overriding color',(#12716),#5108,
  #12066);
#12716 = PRESENTATION_STYLE_ASSIGNMENT((#12717));
#12717 = SURFACE_STYLE_USAGE(.BOTH.,#12718);
#12718 = SURFACE_SIDE_STYLE('',(#12719));
#12719 = SURFACE_STYLE_FILL_AREA(#12720);
#12720 = FILL_AREA_STYLE('',(#12721));
#12721 = FILL_AREA_STYLE_COLOUR('',#12084);
#12722 = OVER_RIDING_STYLED_ITEM('overriding color',(#12723),#5172,
  #12066);
#12723 = PRESENTATION_STYLE_ASSIGNMENT((#12724));
#12724 = SURFACE_STYLE_USAGE(.BOTH.,#12725);
#12725 = SURFACE_SIDE_STYLE('',(#12726));
#12726 = SURFACE_STYLE_FILL_AREA(#12727);
#12727 = FILL_AREA_STYLE('',(#12728));
#12728 = FILL_AREA_STYLE_COLOUR('',#12084);
#12729 = OVER_RIDING_STYLED_ITEM('overriding color',(#12730),#5212,
  #12066);
#12730 = PRESENTATION_STYLE_ASSIGNMENT((#12731));
#12731 = SURFACE_STYLE_USAGE(.BOTH.,#12732);
#12732 = SURFACE_SIDE_STYLE('',(#12733));
#12733 = SURFACE_STYLE_FILL_AREA(#12734);
#12734 = FILL_AREA_STYLE('',(#12735));
#12735 = FILL_AREA_STYLE_COLOUR('',#12084);
#12736 = OVER_RIDING_STYLED_ITEM('overriding color',(#12737),#5236,
  #12066);
#12737 = PRESENTATION_STYLE_ASSIGNMENT((#12738));
#12738 = SURFACE_STYLE_USAGE(.BOTH.,#12739);
#12739 = SURFACE_SIDE_STYLE('',(#12740));
#12740 = SURFACE_STYLE_FILL_AREA(#12741);
#12741 = FILL_AREA_STYLE('',(#12742));
#12742 = FILL_AREA_STYLE_COLOUR('',#12084);
#12743 = OVER_RIDING_STYLED_ITEM('overriding color',(#12744),#5300,
  #12066);
#12744 = PRESENTATION_STYLE_ASSIGNMENT((#12745));
#12745 = SURFACE_STYLE_USAGE(.BOTH.,#12746);
#12746 = SURFACE_SIDE_STYLE('',(#12747));
#12747 = SURFACE_STYLE_FILL_AREA(#12748);
#12748 = FILL_AREA_STYLE('',(#12749));
#12749 = FILL_AREA_STYLE_COLOUR('',#12084);
#12750 = OVER_RIDING_STYLED_ITEM('overriding color',(#12751),#5340,
  #12066);
#12751 = PRESENTATION_STYLE_ASSIGNMENT((#12752));
#12752 = SURFACE_STYLE_USAGE(.BOTH.,#12753);
#12753 = SURFACE_SIDE_STYLE('',(#12754));
#12754 = SURFACE_STYLE_FILL_AREA(#12755);
#12755 = FILL_AREA_STYLE('',(#12756));
#12756 = FILL_AREA_STYLE_COLOUR('',#12084);
#12757 = OVER_RIDING_STYLED_ITEM('overriding color',(#12758),#5364,
  #12066);
#12758 = PRESENTATION_STYLE_ASSIGNMENT((#12759));
#12759 = SURFACE_STYLE_USAGE(.BOTH.,#12760);
#12760 = SURFACE_SIDE_STYLE('',(#12761));
#12761 = SURFACE_STYLE_FILL_AREA(#12762);
#12762 = FILL_AREA_STYLE('',(#12763));
#12763 = FILL_AREA_STYLE_COLOUR('',#12084);
#12764 = OVER_RIDING_STYLED_ITEM('overriding color',(#12765),#5428,
  #12066);
#12765 = PRESENTATION_STYLE_ASSIGNMENT((#12766));
#12766 = SURFACE_STYLE_USAGE(.BOTH.,#12767);
#12767 = SURFACE_SIDE_STYLE('',(#12768));
#12768 = SURFACE_STYLE_FILL_AREA(#12769);
#12769 = FILL_AREA_STYLE('',(#12770));
#12770 = FILL_AREA_STYLE_COLOUR('',#12084);
#12771 = OVER_RIDING_STYLED_ITEM('overriding color',(#12772),#5468,
  #12066);
#12772 = PRESENTATION_STYLE_ASSIGNMENT((#12773));
#12773 = SURFACE_STYLE_USAGE(.BOTH.,#12774);
#12774 = SURFACE_SIDE_STYLE('',(#12775));
#12775 = SURFACE_STYLE_FILL_AREA(#12776);
#12776 = FILL_AREA_STYLE('',(#12777));
#12777 = FILL_AREA_STYLE_COLOUR('',#12084);
#12778 = OVER_RIDING_STYLED_ITEM('overriding color',(#12779),#5492,
  #12066);
#12779 = PRESENTATION_STYLE_ASSIGNMENT((#12780));
#12780 = SURFACE_STYLE_USAGE(.BOTH.,#12781);
#12781 = SURFACE_SIDE_STYLE('',(#12782));
#12782 = SURFACE_STYLE_FILL_AREA(#12783);
#12783 = FILL_AREA_STYLE('',(#12784));
#12784 = FILL_AREA_STYLE_COLOUR('',#12084);
#12785 = OVER_RIDING_STYLED_ITEM('overriding color',(#12786),#5556,
  #12066);
#12786 = PRESENTATION_STYLE_ASSIGNMENT((#12787));
#12787 = SURFACE_STYLE_USAGE(.BOTH.,#12788);
#12788 = SURFACE_SIDE_STYLE('',(#12789));
#12789 = SURFACE_STYLE_FILL_AREA(#12790);
#12790 = FILL_AREA_STYLE('',(#12791));
#12791 = FILL_AREA_STYLE_COLOUR('',#12084);
#12792 = OVER_RIDING_STYLED_ITEM('overriding color',(#12793),#5596,
  #12066);
#12793 = PRESENTATION_STYLE_ASSIGNMENT((#12794));
#12794 = SURFACE_STYLE_USAGE(.BOTH.,#12795);
#12795 = SURFACE_SIDE_STYLE('',(#12796));
#12796 = SURFACE_STYLE_FILL_AREA(#12797);
#12797 = FILL_AREA_STYLE('',(#12798));
#12798 = FILL_AREA_STYLE_COLOUR('',#12084);
#12799 = OVER_RIDING_STYLED_ITEM('overriding color',(#12800),#5620,
  #12066);
#12800 = PRESENTATION_STYLE_ASSIGNMENT((#12801));
#12801 = SURFACE_STYLE_USAGE(.BOTH.,#12802);
#12802 = SURFACE_SIDE_STYLE('',(#12803));
#12803 = SURFACE_STYLE_FILL_AREA(#12804);
#12804 = FILL_AREA_STYLE('',(#12805));
#12805 = FILL_AREA_STYLE_COLOUR('',#12084);
#12806 = OVER_RIDING_STYLED_ITEM('overriding color',(#12807),#5684,
  #12066);
#12807 = PRESENTATION_STYLE_ASSIGNMENT((#12808));
#12808 = SURFACE_STYLE_USAGE(.BOTH.,#12809);
#12809 = SURFACE_SIDE_STYLE('',(#12810));
#12810 = SURFACE_STYLE_FILL_AREA(#12811);
#12811 = FILL_AREA_STYLE('',(#12812));
#12812 = FILL_AREA_STYLE_COLOUR('',#12084);
#12813 = OVER_RIDING_STYLED_ITEM('overriding color',(#12814),#5724,
  #12066);
#12814 = PRESENTATION_STYLE_ASSIGNMENT((#12815));
#12815 = SURFACE_STYLE_USAGE(.BOTH.,#12816);
#12816 = SURFACE_SIDE_STYLE('',(#12817));
#12817 = SURFACE_STYLE_FILL_AREA(#12818);
#12818 = FILL_AREA_STYLE('',(#12819));
#12819 = FILL_AREA_STYLE_COLOUR('',#12084);
#12820 = OVER_RIDING_STYLED_ITEM('overriding color',(#12821),#5748,
  #12066);
#12821 = PRESENTATION_STYLE_ASSIGNMENT((#12822));
#12822 = SURFACE_STYLE_USAGE(.BOTH.,#12823);
#12823 = SURFACE_SIDE_STYLE('',(#12824));
#12824 = SURFACE_STYLE_FILL_AREA(#12825);
#12825 = FILL_AREA_STYLE('',(#12826));
#12826 = FILL_AREA_STYLE_COLOUR('',#12084);
#12827 = OVER_RIDING_STYLED_ITEM('overriding color',(#12828),#5812,
  #12066);
#12828 = PRESENTATION_STYLE_ASSIGNMENT((#12829));
#12829 = SURFACE_STYLE_USAGE(.BOTH.,#12830);
#12830 = SURFACE_SIDE_STYLE('',(#12831));
#12831 = SURFACE_STYLE_FILL_AREA(#12832);
#12832 = FILL_AREA_STYLE('',(#12833));
#12833 = FILL_AREA_STYLE_COLOUR('',#12084);
#12834 = OVER_RIDING_STYLED_ITEM('overriding color',(#12835),#5852,
  #12066);
#12835 = PRESENTATION_STYLE_ASSIGNMENT((#12836));
#12836 = SURFACE_STYLE_USAGE(.BOTH.,#12837);
#12837 = SURFACE_SIDE_STYLE('',(#12838));
#12838 = SURFACE_STYLE_FILL_AREA(#12839);
#12839 = FILL_AREA_STYLE('',(#12840));
#12840 = FILL_AREA_STYLE_COLOUR('',#12084);
#12841 = OVER_RIDING_STYLED_ITEM('overriding color',(#12842),#5876,
  #12066);
#12842 = PRESENTATION_STYLE_ASSIGNMENT((#12843));
#12843 = SURFACE_STYLE_USAGE(.BOTH.,#12844);
#12844 = SURFACE_SIDE_STYLE('',(#12845));
#12845 = SURFACE_STYLE_FILL_AREA(#12846);
#12846 = FILL_AREA_STYLE('',(#12847));
#12847 = FILL_AREA_STYLE_COLOUR('',#12084);
#12848 = OVER_RIDING_STYLED_ITEM('overriding color',(#12849),#5988,
  #12066);
#12849 = PRESENTATION_STYLE_ASSIGNMENT((#12850));
#12850 = SURFACE_STYLE_USAGE(.BOTH.,#12851);
#12851 = SURFACE_SIDE_STYLE('',(#12852));
#12852 = SURFACE_STYLE_FILL_AREA(#12853);
#12853 = FILL_AREA_STYLE('',(#12854));
#12854 = FILL_AREA_STYLE_COLOUR('',#12084);
#12855 = OVER_RIDING_STYLED_ITEM('overriding color',(#12856),#6028,
  #12066);
#12856 = PRESENTATION_STYLE_ASSIGNMENT((#12857));
#12857 = SURFACE_STYLE_USAGE(.BOTH.,#12858);
#12858 = SURFACE_SIDE_STYLE('',(#12859));
#12859 = SURFACE_STYLE_FILL_AREA(#12860);
#12860 = FILL_AREA_STYLE('',(#12861));
#12861 = FILL_AREA_STYLE_COLOUR('',#12084);
#12862 = OVER_RIDING_STYLED_ITEM('overriding color',(#12863),#6052,
  #12066);
#12863 = PRESENTATION_STYLE_ASSIGNMENT((#12864));
#12864 = SURFACE_STYLE_USAGE(.BOTH.,#12865);
#12865 = SURFACE_SIDE_STYLE('',(#12866));
#12866 = SURFACE_STYLE_FILL_AREA(#12867);
#12867 = FILL_AREA_STYLE('',(#12868));
#12868 = FILL_AREA_STYLE_COLOUR('',#12084);
#12869 = OVER_RIDING_STYLED_ITEM('overriding color',(#12870),#6116,
  #12066);
#12870 = PRESENTATION_STYLE_ASSIGNMENT((#12871));
#12871 = SURFACE_STYLE_USAGE(.BOTH.,#12872);
#12872 = SURFACE_SIDE_STYLE('',(#12873));
#12873 = SURFACE_STYLE_FILL_AREA(#12874);
#12874 = FILL_AREA_STYLE('',(#12875));
#12875 = FILL_AREA_STYLE_COLOUR('',#12084);
#12876 = OVER_RIDING_STYLED_ITEM('overriding color',(#12877),#6156,
  #12066);
#12877 = PRESENTATION_STYLE_ASSIGNMENT((#12878));
#12878 = SURFACE_STYLE_USAGE(.BOTH.,#12879);
#12879 = SURFACE_SIDE_STYLE('',(#12880));
#12880 = SURFACE_STYLE_FILL_AREA(#12881);
#12881 = FILL_AREA_STYLE('',(#12882));
#12882 = FILL_AREA_STYLE_COLOUR('',#12084);
#12883 = OVER_RIDING_STYLED_ITEM('overriding color',(#12884),#6180,
  #12066);
#12884 = PRESENTATION_STYLE_ASSIGNMENT((#12885));
#12885 = SURFACE_STYLE_USAGE(.BOTH.,#12886);
#12886 = SURFACE_SIDE_STYLE('',(#12887));
#12887 = SURFACE_STYLE_FILL_AREA(#12888);
#12888 = FILL_AREA_STYLE('',(#12889));
#12889 = FILL_AREA_STYLE_COLOUR('',#12084);
#12890 = OVER_RIDING_STYLED_ITEM('overriding color',(#12891),#6244,
  #12066);
#12891 = PRESENTATION_STYLE_ASSIGNMENT((#12892));
#12892 = SURFACE_STYLE_USAGE(.BOTH.,#12893);
#12893 = SURFACE_SIDE_STYLE('',(#12894));
#12894 = SURFACE_STYLE_FILL_AREA(#12895);
#12895 = FILL_AREA_STYLE('',(#12896));
#12896 = FILL_AREA_STYLE_COLOUR('',#12084);
#12897 = OVER_RIDING_STYLED_ITEM('overriding color',(#12898),#6284,
  #12066);
#12898 = PRESENTATION_STYLE_ASSIGNMENT((#12899));
#12899 = SURFACE_STYLE_USAGE(.BOTH.,#12900);
#12900 = SURFACE_SIDE_STYLE('',(#12901));
#12901 = SURFACE_STYLE_FILL_AREA(#12902);
#12902 = FILL_AREA_STYLE('',(#12903));
#12903 = FILL_AREA_STYLE_COLOUR('',#12084);
#12904 = OVER_RIDING_STYLED_ITEM('overriding color',(#12905),#6308,
  #12066);
#12905 = PRESENTATION_STYLE_ASSIGNMENT((#12906));
#12906 = SURFACE_STYLE_USAGE(.BOTH.,#12907);
#12907 = SURFACE_SIDE_STYLE('',(#12908));
#12908 = SURFACE_STYLE_FILL_AREA(#12909);
#12909 = FILL_AREA_STYLE('',(#12910));
#12910 = FILL_AREA_STYLE_COLOUR('',#12084);
#12911 = OVER_RIDING_STYLED_ITEM('overriding color',(#12912),#6372,
  #12066);
#12912 = PRESENTATION_STYLE_ASSIGNMENT((#12913));
#12913 = SURFACE_STYLE_USAGE(.BOTH.,#12914);
#12914 = SURFACE_SIDE_STYLE('',(#12915));
#12915 = SURFACE_STYLE_FILL_AREA(#12916);
#12916 = FILL_AREA_STYLE('',(#12917));
#12917 = FILL_AREA_STYLE_COLOUR('',#12084);
#12918 = OVER_RIDING_STYLED_ITEM('overriding color',(#12919),#6412,
  #12066);
#12919 = PRESENTATION_STYLE_ASSIGNMENT((#12920));
#12920 = SURFACE_STYLE_USAGE(.BOTH.,#12921);
#12921 = SURFACE_SIDE_STYLE('',(#12922));
#12922 = SURFACE_STYLE_FILL_AREA(#12923);
#12923 = FILL_AREA_STYLE('',(#12924));
#12924 = FILL_AREA_STYLE_COLOUR('',#12084);
#12925 = OVER_RIDING_STYLED_ITEM('overriding color',(#12926),#6436,
  #12066);
#12926 = PRESENTATION_STYLE_ASSIGNMENT((#12927));
#12927 = SURFACE_STYLE_USAGE(.BOTH.,#12928);
#12928 = SURFACE_SIDE_STYLE('',(#12929));
#12929 = SURFACE_STYLE_FILL_AREA(#12930);
#12930 = FILL_AREA_STYLE('',(#12931));
#12931 = FILL_AREA_STYLE_COLOUR('',#12084);
#12932 = OVER_RIDING_STYLED_ITEM('overriding color',(#12933),#6500,
  #12066);
#12933 = PRESENTATION_STYLE_ASSIGNMENT((#12934));
#12934 = SURFACE_STYLE_USAGE(.BOTH.,#12935);
#12935 = SURFACE_SIDE_STYLE('',(#12936));
#12936 = SURFACE_STYLE_FILL_AREA(#12937);
#12937 = FILL_AREA_STYLE('',(#12938));
#12938 = FILL_AREA_STYLE_COLOUR('',#12084);
#12939 = OVER_RIDING_STYLED_ITEM('overriding color',(#12940),#6540,
  #12066);
#12940 = PRESENTATION_STYLE_ASSIGNMENT((#12941));
#12941 = SURFACE_STYLE_USAGE(.BOTH.,#12942);
#12942 = SURFACE_SIDE_STYLE('',(#12943));
#12943 = SURFACE_STYLE_FILL_AREA(#12944);
#12944 = FILL_AREA_STYLE('',(#12945));
#12945 = FILL_AREA_STYLE_COLOUR('',#12084);
#12946 = OVER_RIDING_STYLED_ITEM('overriding color',(#12947),#6564,
  #12066);
#12947 = PRESENTATION_STYLE_ASSIGNMENT((#12948));
#12948 = SURFACE_STYLE_USAGE(.BOTH.,#12949);
#12949 = SURFACE_SIDE_STYLE('',(#12950));
#12950 = SURFACE_STYLE_FILL_AREA(#12951);
#12951 = FILL_AREA_STYLE('',(#12952));
#12952 = FILL_AREA_STYLE_COLOUR('',#12084);
#12953 = OVER_RIDING_STYLED_ITEM('overriding color',(#12954),#6628,
  #12066);
#12954 = PRESENTATION_STYLE_ASSIGNMENT((#12955));
#12955 = SURFACE_STYLE_USAGE(.BOTH.,#12956);
#12956 = SURFACE_SIDE_STYLE('',(#12957));
#12957 = SURFACE_STYLE_FILL_AREA(#12958);
#12958 = FILL_AREA_STYLE('',(#12959));
#12959 = FILL_AREA_STYLE_COLOUR('',#12084);
#12960 = OVER_RIDING_STYLED_ITEM('overriding color',(#12961),#6668,
  #12066);
#12961 = PRESENTATION_STYLE_ASSIGNMENT((#12962));
#12962 = SURFACE_STYLE_USAGE(.BOTH.,#12963);
#12963 = SURFACE_SIDE_STYLE('',(#12964));
#12964 = SURFACE_STYLE_FILL_AREA(#12965);
#12965 = FILL_AREA_STYLE('',(#12966));
#12966 = FILL_AREA_STYLE_COLOUR('',#12084);
#12967 = OVER_RIDING_STYLED_ITEM('overriding color',(#12968),#6692,
  #12066);
#12968 = PRESENTATION_STYLE_ASSIGNMENT((#12969));
#12969 = SURFACE_STYLE_USAGE(.BOTH.,#12970);
#12970 = SURFACE_SIDE_STYLE('',(#12971));
#12971 = SURFACE_STYLE_FILL_AREA(#12972);
#12972 = FILL_AREA_STYLE('',(#12973));
#12973 = FILL_AREA_STYLE_COLOUR('',#12084);
#12974 = OVER_RIDING_STYLED_ITEM('overriding color',(#12975),#6756,
  #12066);
#12975 = PRESENTATION_STYLE_ASSIGNMENT((#12976));
#12976 = SURFACE_STYLE_USAGE(.BOTH.,#12977);
#12977 = SURFACE_SIDE_STYLE('',(#12978));
#12978 = SURFACE_STYLE_FILL_AREA(#12979);
#12979 = FILL_AREA_STYLE('',(#12980));
#12980 = FILL_AREA_STYLE_COLOUR('',#12084);
#12981 = OVER_RIDING_STYLED_ITEM('overriding color',(#12982),#6796,
  #12066);
#12982 = PRESENTATION_STYLE_ASSIGNMENT((#12983));
#12983 = SURFACE_STYLE_USAGE(.BOTH.,#12984);
#12984 = SURFACE_SIDE_STYLE('',(#12985));
#12985 = SURFACE_STYLE_FILL_AREA(#12986);
#12986 = FILL_AREA_STYLE('',(#12987));
#12987 = FILL_AREA_STYLE_COLOUR('',#12084);
#12988 = OVER_RIDING_STYLED_ITEM('overriding color',(#12989),#6820,
  #12066);
#12989 = PRESENTATION_STYLE_ASSIGNMENT((#12990));
#12990 = SURFACE_STYLE_USAGE(.BOTH.,#12991);
#12991 = SURFACE_SIDE_STYLE('',(#12992));
#12992 = SURFACE_STYLE_FILL_AREA(#12993);
#12993 = FILL_AREA_STYLE('',(#12994));
#12994 = FILL_AREA_STYLE_COLOUR('',#12084);
#12995 = OVER_RIDING_STYLED_ITEM('overriding color',(#12996),#6884,
  #12066);
#12996 = PRESENTATION_STYLE_ASSIGNMENT((#12997));
#12997 = SURFACE_STYLE_USAGE(.BOTH.,#12998);
#12998 = SURFACE_SIDE_STYLE('',(#12999));
#12999 = SURFACE_STYLE_FILL_AREA(#13000);
#13000 = FILL_AREA_STYLE('',(#13001));
#13001 = FILL_AREA_STYLE_COLOUR('',#12084);
#13002 = OVER_RIDING_STYLED_ITEM('overriding color',(#13003),#6924,
  #12066);
#13003 = PRESENTATION_STYLE_ASSIGNMENT((#13004));
#13004 = SURFACE_STYLE_USAGE(.BOTH.,#13005);
#13005 = SURFACE_SIDE_STYLE('',(#13006));
#13006 = SURFACE_STYLE_FILL_AREA(#13007);
#13007 = FILL_AREA_STYLE('',(#13008));
#13008 = FILL_AREA_STYLE_COLOUR('',#12084);
#13009 = OVER_RIDING_STYLED_ITEM('overriding color',(#13010),#6948,
  #12066);
#13010 = PRESENTATION_STYLE_ASSIGNMENT((#13011));
#13011 = SURFACE_STYLE_USAGE(.BOTH.,#13012);
#13012 = SURFACE_SIDE_STYLE('',(#13013));
#13013 = SURFACE_STYLE_FILL_AREA(#13014);
#13014 = FILL_AREA_STYLE('',(#13015));
#13015 = FILL_AREA_STYLE_COLOUR('',#12084);
#13016 = OVER_RIDING_STYLED_ITEM('overriding color',(#13017),#7012,
  #12066);
#13017 = PRESENTATION_STYLE_ASSIGNMENT((#13018));
#13018 = SURFACE_STYLE_USAGE(.BOTH.,#13019);
#13019 = SURFACE_SIDE_STYLE('',(#13020));
#13020 = SURFACE_STYLE_FILL_AREA(#13021);
#13021 = FILL_AREA_STYLE('',(#13022));
#13022 = FILL_AREA_STYLE_COLOUR('',#12084);
#13023 = OVER_RIDING_STYLED_ITEM('overriding color',(#13024),#7052,
  #12066);
#13024 = PRESENTATION_STYLE_ASSIGNMENT((#13025));
#13025 = SURFACE_STYLE_USAGE(.BOTH.,#13026);
#13026 = SURFACE_SIDE_STYLE('',(#13027));
#13027 = SURFACE_STYLE_FILL_AREA(#13028);
#13028 = FILL_AREA_STYLE('',(#13029));
#13029 = FILL_AREA_STYLE_COLOUR('',#12084);
#13030 = OVER_RIDING_STYLED_ITEM('overriding color',(#13031),#7076,
  #12066);
#13031 = PRESENTATION_STYLE_ASSIGNMENT((#13032));
#13032 = SURFACE_STYLE_USAGE(.BOTH.,#13033);
#13033 = SURFACE_SIDE_STYLE('',(#13034));
#13034 = SURFACE_STYLE_FILL_AREA(#13035);
#13035 = FILL_AREA_STYLE('',(#13036));
#13036 = FILL_AREA_STYLE_COLOUR('',#12084);
#13037 = OVER_RIDING_STYLED_ITEM('overriding color',(#13038),#7140,
  #12066);
#13038 = PRESENTATION_STYLE_ASSIGNMENT((#13039));
#13039 = SURFACE_STYLE_USAGE(.BOTH.,#13040);
#13040 = SURFACE_SIDE_STYLE('',(#13041));
#13041 = SURFACE_STYLE_FILL_AREA(#13042);
#13042 = FILL_AREA_STYLE('',(#13043));
#13043 = FILL_AREA_STYLE_COLOUR('',#12084);
#13044 = OVER_RIDING_STYLED_ITEM('overriding color',(#13045),#7180,
  #12066);
#13045 = PRESENTATION_STYLE_ASSIGNMENT((#13046));
#13046 = SURFACE_STYLE_USAGE(.BOTH.,#13047);
#13047 = SURFACE_SIDE_STYLE('',(#13048));
#13048 = SURFACE_STYLE_FILL_AREA(#13049);
#13049 = FILL_AREA_STYLE('',(#13050));
#13050 = FILL_AREA_STYLE_COLOUR('',#12084);
#13051 = OVER_RIDING_STYLED_ITEM('overriding color',(#13052),#7204,
  #12066);
#13052 = PRESENTATION_STYLE_ASSIGNMENT((#13053));
#13053 = SURFACE_STYLE_USAGE(.BOTH.,#13054);
#13054 = SURFACE_SIDE_STYLE('',(#13055));
#13055 = SURFACE_STYLE_FILL_AREA(#13056);
#13056 = FILL_AREA_STYLE('',(#13057));
#13057 = FILL_AREA_STYLE_COLOUR('',#12084);
#13058 = OVER_RIDING_STYLED_ITEM('overriding color',(#13059),#7316,
  #12066);
#13059 = PRESENTATION_STYLE_ASSIGNMENT((#13060));
#13060 = SURFACE_STYLE_USAGE(.BOTH.,#13061);
#13061 = SURFACE_SIDE_STYLE('',(#13062));
#13062 = SURFACE_STYLE_FILL_AREA(#13063);
#13063 = FILL_AREA_STYLE('',(#13064));
#13064 = FILL_AREA_STYLE_COLOUR('',#12084);
#13065 = OVER_RIDING_STYLED_ITEM('overriding color',(#13066),#7356,
  #12066);
#13066 = PRESENTATION_STYLE_ASSIGNMENT((#13067));
#13067 = SURFACE_STYLE_USAGE(.BOTH.,#13068);
#13068 = SURFACE_SIDE_STYLE('',(#13069));
#13069 = SURFACE_STYLE_FILL_AREA(#13070);
#13070 = FILL_AREA_STYLE('',(#13071));
#13071 = FILL_AREA_STYLE_COLOUR('',#12084);
#13072 = OVER_RIDING_STYLED_ITEM('overriding color',(#13073),#7380,
  #12066);
#13073 = PRESENTATION_STYLE_ASSIGNMENT((#13074));
#13074 = SURFACE_STYLE_USAGE(.BOTH.,#13075);
#13075 = SURFACE_SIDE_STYLE('',(#13076));
#13076 = SURFACE_STYLE_FILL_AREA(#13077);
#13077 = FILL_AREA_STYLE('',(#13078));
#13078 = FILL_AREA_STYLE_COLOUR('',#12084);
#13079 = OVER_RIDING_STYLED_ITEM('overriding color',(#13080),#7444,
  #12066);
#13080 = PRESENTATION_STYLE_ASSIGNMENT((#13081));
#13081 = SURFACE_STYLE_USAGE(.BOTH.,#13082);
#13082 = SURFACE_SIDE_STYLE('',(#13083));
#13083 = SURFACE_STYLE_FILL_AREA(#13084);
#13084 = FILL_AREA_STYLE('',(#13085));
#13085 = FILL_AREA_STYLE_COLOUR('',#12084);
#13086 = OVER_RIDING_STYLED_ITEM('overriding color',(#13087),#7484,
  #12066);
#13087 = PRESENTATION_STYLE_ASSIGNMENT((#13088));
#13088 = SURFACE_STYLE_USAGE(.BOTH.,#13089);
#13089 = SURFACE_SIDE_STYLE('',(#13090));
#13090 = SURFACE_STYLE_FILL_AREA(#13091);
#13091 = FILL_AREA_STYLE('',(#13092));
#13092 = FILL_AREA_STYLE_COLOUR('',#12084);
#13093 = OVER_RIDING_STYLED_ITEM('overriding color',(#13094),#7508,
  #12066);
#13094 = PRESENTATION_STYLE_ASSIGNMENT((#13095));
#13095 = SURFACE_STYLE_USAGE(.BOTH.,#13096);
#13096 = SURFACE_SIDE_STYLE('',(#13097));
#13097 = SURFACE_STYLE_FILL_AREA(#13098);
#13098 = FILL_AREA_STYLE('',(#13099));
#13099 = FILL_AREA_STYLE_COLOUR('',#12084);
#13100 = OVER_RIDING_STYLED_ITEM('overriding color',(#13101),#7572,
  #12066);
#13101 = PRESENTATION_STYLE_ASSIGNMENT((#13102));
#13102 = SURFACE_STYLE_USAGE(.BOTH.,#13103);
#13103 = SURFACE_SIDE_STYLE('',(#13104));
#13104 = SURFACE_STYLE_FILL_AREA(#13105);
#13105 = FILL_AREA_STYLE('',(#13106));
#13106 = FILL_AREA_STYLE_COLOUR('',#12084);
#13107 = OVER_RIDING_STYLED_ITEM('overriding color',(#13108),#7612,
  #12066);
#13108 = PRESENTATION_STYLE_ASSIGNMENT((#13109));
#13109 = SURFACE_STYLE_USAGE(.BOTH.,#13110);
#13110 = SURFACE_SIDE_STYLE('',(#13111));
#13111 = SURFACE_STYLE_FILL_AREA(#13112);
#13112 = FILL_AREA_STYLE('',(#13113));
#13113 = FILL_AREA_STYLE_COLOUR('',#12084);
#13114 = OVER_RIDING_STYLED_ITEM('overriding color',(#13115),#7636,
  #12066);
#13115 = PRESENTATION_STYLE_ASSIGNMENT((#13116));
#13116 = SURFACE_STYLE_USAGE(.BOTH.,#13117);
#13117 = SURFACE_SIDE_STYLE('',(#13118));
#13118 = SURFACE_STYLE_FILL_AREA(#13119);
#13119 = FILL_AREA_STYLE('',(#13120));
#13120 = FILL_AREA_STYLE_COLOUR('',#12084);
#13121 = OVER_RIDING_STYLED_ITEM('overriding color',(#13122),#7700,
  #12066);
#13122 = PRESENTATION_STYLE_ASSIGNMENT((#13123));
#13123 = SURFACE_STYLE_USAGE(.BOTH.,#13124);
#13124 = SURFACE_SIDE_STYLE('',(#13125));
#13125 = SURFACE_STYLE_FILL_AREA(#13126);
#13126 = FILL_AREA_STYLE('',(#13127));
#13127 = FILL_AREA_STYLE_COLOUR('',#12084);
#13128 = OVER_RIDING_STYLED_ITEM('overriding color',(#13129),#7740,
  #12066);
#13129 = PRESENTATION_STYLE_ASSIGNMENT((#13130));
#13130 = SURFACE_STYLE_USAGE(.BOTH.,#13131);
#13131 = SURFACE_SIDE_STYLE('',(#13132));
#13132 = SURFACE_STYLE_FILL_AREA(#13133);
#13133 = FILL_AREA_STYLE('',(#13134));
#13134 = FILL_AREA_STYLE_COLOUR('',#12084);
#13135 = OVER_RIDING_STYLED_ITEM('overriding color',(#13136),#7764,
  #12066);
#13136 = PRESENTATION_STYLE_ASSIGNMENT((#13137));
#13137 = SURFACE_STYLE_USAGE(.BOTH.,#13138);
#13138 = SURFACE_SIDE_STYLE('',(#13139));
#13139 = SURFACE_STYLE_FILL_AREA(#13140);
#13140 = FILL_AREA_STYLE('',(#13141));
#13141 = FILL_AREA_STYLE_COLOUR('',#12084);
#13142 = OVER_RIDING_STYLED_ITEM('overriding color',(#13143),#7828,
  #12066);
#13143 = PRESENTATION_STYLE_ASSIGNMENT((#13144));
#13144 = SURFACE_STYLE_USAGE(.BOTH.,#13145);
#13145 = SURFACE_SIDE_STYLE('',(#13146));
#13146 = SURFACE_STYLE_FILL_AREA(#13147);
#13147 = FILL_AREA_STYLE('',(#13148));
#13148 = FILL_AREA_STYLE_COLOUR('',#12084);
#13149 = OVER_RIDING_STYLED_ITEM('overriding color',(#13150),#7868,
  #12066);
#13150 = PRESENTATION_STYLE_ASSIGNMENT((#13151));
#13151 = SURFACE_STYLE_USAGE(.BOTH.,#13152);
#13152 = SURFACE_SIDE_STYLE('',(#13153));
#13153 = SURFACE_STYLE_FILL_AREA(#13154);
#13154 = FILL_AREA_STYLE('',(#13155));
#13155 = FILL_AREA_STYLE_COLOUR('',#12084);
#13156 = OVER_RIDING_STYLED_ITEM('overriding color',(#13157),#7892,
  #12066);
#13157 = PRESENTATION_STYLE_ASSIGNMENT((#13158));
#13158 = SURFACE_STYLE_USAGE(.BOTH.,#13159);
#13159 = SURFACE_SIDE_STYLE('',(#13160));
#13160 = SURFACE_STYLE_FILL_AREA(#13161);
#13161 = FILL_AREA_STYLE('',(#13162));
#13162 = FILL_AREA_STYLE_COLOUR('',#12084);
#13163 = OVER_RIDING_STYLED_ITEM('overriding color',(#13164),#7956,
  #12066);
#13164 = PRESENTATION_STYLE_ASSIGNMENT((#13165));
#13165 = SURFACE_STYLE_USAGE(.BOTH.,#13166);
#13166 = SURFACE_SIDE_STYLE('',(#13167));
#13167 = SURFACE_STYLE_FILL_AREA(#13168);
#13168 = FILL_AREA_STYLE('',(#13169));
#13169 = FILL_AREA_STYLE_COLOUR('',#12084);
#13170 = OVER_RIDING_STYLED_ITEM('overriding color',(#13171),#7996,
  #12066);
#13171 = PRESENTATION_STYLE_ASSIGNMENT((#13172));
#13172 = SURFACE_STYLE_USAGE(.BOTH.,#13173);
#13173 = SURFACE_SIDE_STYLE('',(#13174));
#13174 = SURFACE_STYLE_FILL_AREA(#13175);
#13175 = FILL_AREA_STYLE('',(#13176));
#13176 = FILL_AREA_STYLE_COLOUR('',#12084);
#13177 = OVER_RIDING_STYLED_ITEM('overriding color',(#13178),#8020,
  #12066);
#13178 = PRESENTATION_STYLE_ASSIGNMENT((#13179));
#13179 = SURFACE_STYLE_USAGE(.BOTH.,#13180);
#13180 = SURFACE_SIDE_STYLE('',(#13181));
#13181 = SURFACE_STYLE_FILL_AREA(#13182);
#13182 = FILL_AREA_STYLE('',(#13183));
#13183 = FILL_AREA_STYLE_COLOUR('',#12084);
#13184 = OVER_RIDING_STYLED_ITEM('overriding color',(#13185),#8084,
  #12066);
#13185 = PRESENTATION_STYLE_ASSIGNMENT((#13186));
#13186 = SURFACE_STYLE_USAGE(.BOTH.,#13187);
#13187 = SURFACE_SIDE_STYLE('',(#13188));
#13188 = SURFACE_STYLE_FILL_AREA(#13189);
#13189 = FILL_AREA_STYLE('',(#13190));
#13190 = FILL_AREA_STYLE_COLOUR('',#12084);
#13191 = OVER_RIDING_STYLED_ITEM('overriding color',(#13192),#8124,
  #12066);
#13192 = PRESENTATION_STYLE_ASSIGNMENT((#13193));
#13193 = SURFACE_STYLE_USAGE(.BOTH.,#13194);
#13194 = SURFACE_SIDE_STYLE('',(#13195));
#13195 = SURFACE_STYLE_FILL_AREA(#13196);
#13196 = FILL_AREA_STYLE('',(#13197));
#13197 = FILL_AREA_STYLE_COLOUR('',#12084);
#13198 = OVER_RIDING_STYLED_ITEM('overriding color',(#13199),#8148,
  #12066);
#13199 = PRESENTATION_STYLE_ASSIGNMENT((#13200));
#13200 = SURFACE_STYLE_USAGE(.BOTH.,#13201);
#13201 = SURFACE_SIDE_STYLE('',(#13202));
#13202 = SURFACE_STYLE_FILL_AREA(#13203);
#13203 = FILL_AREA_STYLE('',(#13204));
#13204 = FILL_AREA_STYLE_COLOUR('',#12084);
#13205 = OVER_RIDING_STYLED_ITEM('overriding color',(#13206),#8212,
  #12066);
#13206 = PRESENTATION_STYLE_ASSIGNMENT((#13207));
#13207 = SURFACE_STYLE_USAGE(.BOTH.,#13208);
#13208 = SURFACE_SIDE_STYLE('',(#13209));
#13209 = SURFACE_STYLE_FILL_AREA(#13210);
#13210 = FILL_AREA_STYLE('',(#13211));
#13211 = FILL_AREA_STYLE_COLOUR('',#12084);
#13212 = OVER_RIDING_STYLED_ITEM('overriding color',(#13213),#8252,
  #12066);
#13213 = PRESENTATION_STYLE_ASSIGNMENT((#13214));
#13214 = SURFACE_STYLE_USAGE(.BOTH.,#13215);
#13215 = SURFACE_SIDE_STYLE('',(#13216));
#13216 = SURFACE_STYLE_FILL_AREA(#13217);
#13217 = FILL_AREA_STYLE('',(#13218));
#13218 = FILL_AREA_STYLE_COLOUR('',#12084);
#13219 = OVER_RIDING_STYLED_ITEM('overriding color',(#13220),#8276,
  #12066);
#13220 = PRESENTATION_STYLE_ASSIGNMENT((#13221));
#13221 = SURFACE_STYLE_USAGE(.BOTH.,#13222);
#13222 = SURFACE_SIDE_STYLE('',(#13223));
#13223 = SURFACE_STYLE_FILL_AREA(#13224);
#13224 = FILL_AREA_STYLE('',(#13225));
#13225 = FILL_AREA_STYLE_COLOUR('',#12084);
#13226 = OVER_RIDING_STYLED_ITEM('overriding color',(#13227),#8340,
  #12066);
#13227 = PRESENTATION_STYLE_ASSIGNMENT((#13228));
#13228 = SURFACE_STYLE_USAGE(.BOTH.,#13229);
#13229 = SURFACE_SIDE_STYLE('',(#13230));
#13230 = SURFACE_STYLE_FILL_AREA(#13231);
#13231 = FILL_AREA_STYLE('',(#13232));
#13232 = FILL_AREA_STYLE_COLOUR('',#12084);
#13233 = OVER_RIDING_STYLED_ITEM('overriding color',(#13234),#8380,
  #12066);
#13234 = PRESENTATION_STYLE_ASSIGNMENT((#13235));
#13235 = SURFACE_STYLE_USAGE(.BOTH.,#13236);
#13236 = SURFACE_SIDE_STYLE('',(#13237));
#13237 = SURFACE_STYLE_FILL_AREA(#13238);
#13238 = FILL_AREA_STYLE('',(#13239));
#13239 = FILL_AREA_STYLE_COLOUR('',#12084);
#13240 = OVER_RIDING_STYLED_ITEM('overriding color',(#13241),#8404,
  #12066);
#13241 = PRESENTATION_STYLE_ASSIGNMENT((#13242));
#13242 = SURFACE_STYLE_USAGE(.BOTH.,#13243);
#13243 = SURFACE_SIDE_STYLE('',(#13244));
#13244 = SURFACE_STYLE_FILL_AREA(#13245);
#13245 = FILL_AREA_STYLE('',(#13246));
#13246 = FILL_AREA_STYLE_COLOUR('',#12084);
#13247 = OVER_RIDING_STYLED_ITEM('overriding color',(#13248),#8468,
  #12066);
#13248 = PRESENTATION_STYLE_ASSIGNMENT((#13249));
#13249 = SURFACE_STYLE_USAGE(.BOTH.,#13250);
#13250 = SURFACE_SIDE_STYLE('',(#13251));
#13251 = SURFACE_STYLE_FILL_AREA(#13252);
#13252 = FILL_AREA_STYLE('',(#13253));
#13253 = FILL_AREA_STYLE_COLOUR('',#12084);
#13254 = OVER_RIDING_STYLED_ITEM('overriding color',(#13255),#8508,
  #12066);
#13255 = PRESENTATION_STYLE_ASSIGNMENT((#13256));
#13256 = SURFACE_STYLE_USAGE(.BOTH.,#13257);
#13257 = SURFACE_SIDE_STYLE('',(#13258));
#13258 = SURFACE_STYLE_FILL_AREA(#13259);
#13259 = FILL_AREA_STYLE('',(#13260));
#13260 = FILL_AREA_STYLE_COLOUR('',#12084);
#13261 = OVER_RIDING_STYLED_ITEM('overriding color',(#13262),#8532,
  #12066);
#13262 = PRESENTATION_STYLE_ASSIGNMENT((#13263));
#13263 = SURFACE_STYLE_USAGE(.BOTH.,#13264);
#13264 = SURFACE_SIDE_STYLE('',(#13265));
#13265 = SURFACE_STYLE_FILL_AREA(#13266);
#13266 = FILL_AREA_STYLE('',(#13267));
#13267 = FILL_AREA_STYLE_COLOUR('',#12084);
#13268 = OVER_RIDING_STYLED_ITEM('overriding color',(#13269),#8644,
  #12066);
#13269 = PRESENTATION_STYLE_ASSIGNMENT((#13270));
#13270 = SURFACE_STYLE_USAGE(.BOTH.,#13271);
#13271 = SURFACE_SIDE_STYLE('',(#13272));
#13272 = SURFACE_STYLE_FILL_AREA(#13273);
#13273 = FILL_AREA_STYLE('',(#13274));
#13274 = FILL_AREA_STYLE_COLOUR('',#12084);
#13275 = OVER_RIDING_STYLED_ITEM('overriding color',(#13276),#8684,
  #12066);
#13276 = PRESENTATION_STYLE_ASSIGNMENT((#13277));
#13277 = SURFACE_STYLE_USAGE(.BOTH.,#13278);
#13278 = SURFACE_SIDE_STYLE('',(#13279));
#13279 = SURFACE_STYLE_FILL_AREA(#13280);
#13280 = FILL_AREA_STYLE('',(#13281));
#13281 = FILL_AREA_STYLE_COLOUR('',#12084);
#13282 = OVER_RIDING_STYLED_ITEM('overriding color',(#13283),#8708,
  #12066);
#13283 = PRESENTATION_STYLE_ASSIGNMENT((#13284));
#13284 = SURFACE_STYLE_USAGE(.BOTH.,#13285);
#13285 = SURFACE_SIDE_STYLE('',(#13286));
#13286 = SURFACE_STYLE_FILL_AREA(#13287);
#13287 = FILL_AREA_STYLE('',(#13288));
#13288 = FILL_AREA_STYLE_COLOUR('',#12084);
#13289 = OVER_RIDING_STYLED_ITEM('overriding color',(#13290),#8772,
  #12066);
#13290 = PRESENTATION_STYLE_ASSIGNMENT((#13291));
#13291 = SURFACE_STYLE_USAGE(.BOTH.,#13292);
#13292 = SURFACE_SIDE_STYLE('',(#13293));
#13293 = SURFACE_STYLE_FILL_AREA(#13294);
#13294 = FILL_AREA_STYLE('',(#13295));
#13295 = FILL_AREA_STYLE_COLOUR('',#12084);
#13296 = OVER_RIDING_STYLED_ITEM('overriding color',(#13297),#8812,
  #12066);
#13297 = PRESENTATION_STYLE_ASSIGNMENT((#13298));
#13298 = SURFACE_STYLE_USAGE(.BOTH.,#13299);
#13299 = SURFACE_SIDE_STYLE('',(#13300));
#13300 = SURFACE_STYLE_FILL_AREA(#13301);
#13301 = FILL_AREA_STYLE('',(#13302));
#13302 = FILL_AREA_STYLE_COLOUR('',#12084);
#13303 = OVER_RIDING_STYLED_ITEM('overriding color',(#13304),#8836,
  #12066);
#13304 = PRESENTATION_STYLE_ASSIGNMENT((#13305));
#13305 = SURFACE_STYLE_USAGE(.BOTH.,#13306);
#13306 = SURFACE_SIDE_STYLE('',(#13307));
#13307 = SURFACE_STYLE_FILL_AREA(#13308);
#13308 = FILL_AREA_STYLE('',(#13309));
#13309 = FILL_AREA_STYLE_COLOUR('',#12084);
#13310 = OVER_RIDING_STYLED_ITEM('overriding color',(#13311),#8900,
  #12066);
#13311 = PRESENTATION_STYLE_ASSIGNMENT((#13312));
#13312 = SURFACE_STYLE_USAGE(.BOTH.,#13313);
#13313 = SURFACE_SIDE_STYLE('',(#13314));
#13314 = SURFACE_STYLE_FILL_AREA(#13315);
#13315 = FILL_AREA_STYLE('',(#13316));
#13316 = FILL_AREA_STYLE_COLOUR('',#12084);
#13317 = OVER_RIDING_STYLED_ITEM('overriding color',(#13318),#8940,
  #12066);
#13318 = PRESENTATION_STYLE_ASSIGNMENT((#13319));
#13319 = SURFACE_STYLE_USAGE(.BOTH.,#13320);
#13320 = SURFACE_SIDE_STYLE('',(#13321));
#13321 = SURFACE_STYLE_FILL_AREA(#13322);
#13322 = FILL_AREA_STYLE('',(#13323));
#13323 = FILL_AREA_STYLE_COLOUR('',#12084);
#13324 = OVER_RIDING_STYLED_ITEM('overriding color',(#13325),#8964,
  #12066);
#13325 = PRESENTATION_STYLE_ASSIGNMENT((#13326));
#13326 = SURFACE_STYLE_USAGE(.BOTH.,#13327);
#13327 = SURFACE_SIDE_STYLE('',(#13328));
#13328 = SURFACE_STYLE_FILL_AREA(#13329);
#13329 = FILL_AREA_STYLE('',(#13330));
#13330 = FILL_AREA_STYLE_COLOUR('',#12084);
#13331 = OVER_RIDING_STYLED_ITEM('overriding color',(#13332),#9028,
  #12066);
#13332 = PRESENTATION_STYLE_ASSIGNMENT((#13333));
#13333 = SURFACE_STYLE_USAGE(.BOTH.,#13334);
#13334 = SURFACE_SIDE_STYLE('',(#13335));
#13335 = SURFACE_STYLE_FILL_AREA(#13336);
#13336 = FILL_AREA_STYLE('',(#13337));
#13337 = FILL_AREA_STYLE_COLOUR('',#12084);
#13338 = OVER_RIDING_STYLED_ITEM('overriding color',(#13339),#9068,
  #12066);
#13339 = PRESENTATION_STYLE_ASSIGNMENT((#13340));
#13340 = SURFACE_STYLE_USAGE(.BOTH.,#13341);
#13341 = SURFACE_SIDE_STYLE('',(#13342));
#13342 = SURFACE_STYLE_FILL_AREA(#13343);
#13343 = FILL_AREA_STYLE('',(#13344));
#13344 = FILL_AREA_STYLE_COLOUR('',#12084);
#13345 = OVER_RIDING_STYLED_ITEM('overriding color',(#13346),#9092,
  #12066);
#13346 = PRESENTATION_STYLE_ASSIGNMENT((#13347));
#13347 = SURFACE_STYLE_USAGE(.BOTH.,#13348);
#13348 = SURFACE_SIDE_STYLE('',(#13349));
#13349 = SURFACE_STYLE_FILL_AREA(#13350);
#13350 = FILL_AREA_STYLE('',(#13351));
#13351 = FILL_AREA_STYLE_COLOUR('',#12084);
#13352 = OVER_RIDING_STYLED_ITEM('overriding color',(#13353),#9156,
  #12066);
#13353 = PRESENTATION_STYLE_ASSIGNMENT((#13354));
#13354 = SURFACE_STYLE_USAGE(.BOTH.,#13355);
#13355 = SURFACE_SIDE_STYLE('',(#13356));
#13356 = SURFACE_STYLE_FILL_AREA(#13357);
#13357 = FILL_AREA_STYLE('',(#13358));
#13358 = FILL_AREA_STYLE_COLOUR('',#12084);
#13359 = OVER_RIDING_STYLED_ITEM('overriding color',(#13360),#9196,
  #12066);
#13360 = PRESENTATION_STYLE_ASSIGNMENT((#13361));
#13361 = SURFACE_STYLE_USAGE(.BOTH.,#13362);
#13362 = SURFACE_SIDE_STYLE('',(#13363));
#13363 = SURFACE_STYLE_FILL_AREA(#13364);
#13364 = FILL_AREA_STYLE('',(#13365));
#13365 = FILL_AREA_STYLE_COLOUR('',#12084);
#13366 = OVER_RIDING_STYLED_ITEM('overriding color',(#13367),#9220,
  #12066);
#13367 = PRESENTATION_STYLE_ASSIGNMENT((#13368));
#13368 = SURFACE_STYLE_USAGE(.BOTH.,#13369);
#13369 = SURFACE_SIDE_STYLE('',(#13370));
#13370 = SURFACE_STYLE_FILL_AREA(#13371);
#13371 = FILL_AREA_STYLE('',(#13372));
#13372 = FILL_AREA_STYLE_COLOUR('',#12084);
#13373 = OVER_RIDING_STYLED_ITEM('overriding color',(#13374),#9284,
  #12066);
#13374 = PRESENTATION_STYLE_ASSIGNMENT((#13375));
#13375 = SURFACE_STYLE_USAGE(.BOTH.,#13376);
#13376 = SURFACE_SIDE_STYLE('',(#13377));
#13377 = SURFACE_STYLE_FILL_AREA(#13378);
#13378 = FILL_AREA_STYLE('',(#13379));
#13379 = FILL_AREA_STYLE_COLOUR('',#12084);
#13380 = OVER_RIDING_STYLED_ITEM('overriding color',(#13381),#9324,
  #12066);
#13381 = PRESENTATION_STYLE_ASSIGNMENT((#13382));
#13382 = SURFACE_STYLE_USAGE(.BOTH.,#13383);
#13383 = SURFACE_SIDE_STYLE('',(#13384));
#13384 = SURFACE_STYLE_FILL_AREA(#13385);
#13385 = FILL_AREA_STYLE('',(#13386));
#13386 = FILL_AREA_STYLE_COLOUR('',#12084);
#13387 = OVER_RIDING_STYLED_ITEM('overriding color',(#13388),#9348,
  #12066);
#13388 = PRESENTATION_STYLE_ASSIGNMENT((#13389));
#13389 = SURFACE_STYLE_USAGE(.BOTH.,#13390);
#13390 = SURFACE_SIDE_STYLE('',(#13391));
#13391 = SURFACE_STYLE_FILL_AREA(#13392);
#13392 = FILL_AREA_STYLE('',(#13393));
#13393 = FILL_AREA_STYLE_COLOUR('',#12084);
#13394 = OVER_RIDING_STYLED_ITEM('overriding color',(#13395),#9412,
  #12066);
#13395 = PRESENTATION_STYLE_ASSIGNMENT((#13396));
#13396 = SURFACE_STYLE_USAGE(.BOTH.,#13397);
#13397 = SURFACE_SIDE_STYLE('',(#13398));
#13398 = SURFACE_STYLE_FILL_AREA(#13399);
#13399 = FILL_AREA_STYLE('',(#13400));
#13400 = FILL_AREA_STYLE_COLOUR('',#12084);
#13401 = OVER_RIDING_STYLED_ITEM('overriding color',(#13402),#9452,
  #12066);
#13402 = PRESENTATION_STYLE_ASSIGNMENT((#13403));
#13403 = SURFACE_STYLE_USAGE(.BOTH.,#13404);
#13404 = SURFACE_SIDE_STYLE('',(#13405));
#13405 = SURFACE_STYLE_FILL_AREA(#13406);
#13406 = FILL_AREA_STYLE('',(#13407));
#13407 = FILL_AREA_STYLE_COLOUR('',#12084);
#13408 = OVER_RIDING_STYLED_ITEM('overriding color',(#13409),#9476,
  #12066);
#13409 = PRESENTATION_STYLE_ASSIGNMENT((#13410));
#13410 = SURFACE_STYLE_USAGE(.BOTH.,#13411);
#13411 = SURFACE_SIDE_STYLE('',(#13412));
#13412 = SURFACE_STYLE_FILL_AREA(#13413);
#13413 = FILL_AREA_STYLE('',(#13414));
#13414 = FILL_AREA_STYLE_COLOUR('',#12084);
#13415 = OVER_RIDING_STYLED_ITEM('overriding color',(#13416),#9540,
  #12066);
#13416 = PRESENTATION_STYLE_ASSIGNMENT((#13417));
#13417 = SURFACE_STYLE_USAGE(.BOTH.,#13418);
#13418 = SURFACE_SIDE_STYLE('',(#13419));
#13419 = SURFACE_STYLE_FILL_AREA(#13420);
#13420 = FILL_AREA_STYLE('',(#13421));
#13421 = FILL_AREA_STYLE_COLOUR('',#12084);
#13422 = OVER_RIDING_STYLED_ITEM('overriding color',(#13423),#9580,
  #12066);
#13423 = PRESENTATION_STYLE_ASSIGNMENT((#13424));
#13424 = SURFACE_STYLE_USAGE(.BOTH.,#13425);
#13425 = SURFACE_SIDE_STYLE('',(#13426));
#13426 = SURFACE_STYLE_FILL_AREA(#13427);
#13427 = FILL_AREA_STYLE('',(#13428));
#13428 = FILL_AREA_STYLE_COLOUR('',#12084);
#13429 = OVER_RIDING_STYLED_ITEM('overriding color',(#13430),#9604,
  #12066);
#13430 = PRESENTATION_STYLE_ASSIGNMENT((#13431));
#13431 = SURFACE_STYLE_USAGE(.BOTH.,#13432);
#13432 = SURFACE_SIDE_STYLE('',(#13433));
#13433 = SURFACE_STYLE_FILL_AREA(#13434);
#13434 = FILL_AREA_STYLE('',(#13435));
#13435 = FILL_AREA_STYLE_COLOUR('',#12084);
#13436 = OVER_RIDING_STYLED_ITEM('overriding color',(#13437),#9668,
  #12066);
#13437 = PRESENTATION_STYLE_ASSIGNMENT((#13438));
#13438 = SURFACE_STYLE_USAGE(.BOTH.,#13439);
#13439 = SURFACE_SIDE_STYLE('',(#13440));
#13440 = SURFACE_STYLE_FILL_AREA(#13441);
#13441 = FILL_AREA_STYLE('',(#13442));
#13442 = FILL_AREA_STYLE_COLOUR('',#12084);
#13443 = OVER_RIDING_STYLED_ITEM('overriding color',(#13444),#9708,
  #12066);
#13444 = PRESENTATION_STYLE_ASSIGNMENT((#13445));
#13445 = SURFACE_STYLE_USAGE(.BOTH.,#13446);
#13446 = SURFACE_SIDE_STYLE('',(#13447));
#13447 = SURFACE_STYLE_FILL_AREA(#13448);
#13448 = FILL_AREA_STYLE('',(#13449));
#13449 = FILL_AREA_STYLE_COLOUR('',#12084);
#13450 = OVER_RIDING_STYLED_ITEM('overriding color',(#13451),#9732,
  #12066);
#13451 = PRESENTATION_STYLE_ASSIGNMENT((#13452));
#13452 = SURFACE_STYLE_USAGE(.BOTH.,#13453);
#13453 = SURFACE_SIDE_STYLE('',(#13454));
#13454 = SURFACE_STYLE_FILL_AREA(#13455);
#13455 = FILL_AREA_STYLE('',(#13456));
#13456 = FILL_AREA_STYLE_COLOUR('',#12084);
#13457 = OVER_RIDING_STYLED_ITEM('overriding color',(#13458),#9796,
  #12066);
#13458 = PRESENTATION_STYLE_ASSIGNMENT((#13459));
#13459 = SURFACE_STYLE_USAGE(.BOTH.,#13460);
#13460 = SURFACE_SIDE_STYLE('',(#13461));
#13461 = SURFACE_STYLE_FILL_AREA(#13462);
#13462 = FILL_AREA_STYLE('',(#13463));
#13463 = FILL_AREA_STYLE_COLOUR('',#12084);
#13464 = OVER_RIDING_STYLED_ITEM('overriding color',(#13465),#9836,
  #12066);
#13465 = PRESENTATION_STYLE_ASSIGNMENT((#13466));
#13466 = SURFACE_STYLE_USAGE(.BOTH.,#13467);
#13467 = SURFACE_SIDE_STYLE('',(#13468));
#13468 = SURFACE_STYLE_FILL_AREA(#13469);
#13469 = FILL_AREA_STYLE('',(#13470));
#13470 = FILL_AREA_STYLE_COLOUR('',#12084);
#13471 = OVER_RIDING_STYLED_ITEM('overriding color',(#13472),#9860,
  #12066);
#13472 = PRESENTATION_STYLE_ASSIGNMENT((#13473));
#13473 = SURFACE_STYLE_USAGE(.BOTH.,#13474);
#13474 = SURFACE_SIDE_STYLE('',(#13475));
#13475 = SURFACE_STYLE_FILL_AREA(#13476);
#13476 = FILL_AREA_STYLE('',(#13477));
#13477 = FILL_AREA_STYLE_COLOUR('',#12084);
#13478 = OVER_RIDING_STYLED_ITEM('overriding color',(#13479),#9917,
  #12066);
#13479 = PRESENTATION_STYLE_ASSIGNMENT((#13480));
#13480 = SURFACE_STYLE_USAGE(.BOTH.,#13481);
#13481 = SURFACE_SIDE_STYLE('',(#13482));
#13482 = SURFACE_STYLE_FILL_AREA(#13483);
#13483 = FILL_AREA_STYLE('',(#13484));
#13484 = FILL_AREA_STYLE_COLOUR('',#12084);
#13485 = OVER_RIDING_STYLED_ITEM('overriding color',(#13486),#9934,
  #12066);
#13486 = PRESENTATION_STYLE_ASSIGNMENT((#13487));
#13487 = SURFACE_STYLE_USAGE(.BOTH.,#13488);
#13488 = SURFACE_SIDE_STYLE('',(#13489));
#13489 = SURFACE_STYLE_FILL_AREA(#13490);
#13490 = FILL_AREA_STYLE('',(#13491));
#13491 = FILL_AREA_STYLE_COLOUR('',#12084);
#13492 = OVER_RIDING_STYLED_ITEM('overriding color',(#13493),#9951,
  #12066);
#13493 = PRESENTATION_STYLE_ASSIGNMENT((#13494));
#13494 = SURFACE_STYLE_USAGE(.BOTH.,#13495);
#13495 = SURFACE_SIDE_STYLE('',(#13496));
#13496 = SURFACE_STYLE_FILL_AREA(#13497);
#13497 = FILL_AREA_STYLE('',(#13498));
#13498 = FILL_AREA_STYLE_COLOUR('',#12084);
#13499 = OVER_RIDING_STYLED_ITEM('overriding color',(#13500),#9968,
  #12066);
#13500 = PRESENTATION_STYLE_ASSIGNMENT((#13501));
#13501 = SURFACE_STYLE_USAGE(.BOTH.,#13502);
#13502 = SURFACE_SIDE_STYLE('',(#13503));
#13503 = SURFACE_STYLE_FILL_AREA(#13504);
#13504 = FILL_AREA_STYLE('',(#13505));
#13505 = FILL_AREA_STYLE_COLOUR('',#12084);
#13506 = OVER_RIDING_STYLED_ITEM('overriding color',(#13507),#9985,
  #12066);
#13507 = PRESENTATION_STYLE_ASSIGNMENT((#13508));
#13508 = SURFACE_STYLE_USAGE(.BOTH.,#13509);
#13509 = SURFACE_SIDE_STYLE('',(#13510));
#13510 = SURFACE_STYLE_FILL_AREA(#13511);
#13511 = FILL_AREA_STYLE('',(#13512));
#13512 = FILL_AREA_STYLE_COLOUR('',#12084);
#13513 = OVER_RIDING_STYLED_ITEM('overriding color',(#13514),#10002,
  #12066);
#13514 = PRESENTATION_STYLE_ASSIGNMENT((#13515));
#13515 = SURFACE_STYLE_USAGE(.BOTH.,#13516);
#13516 = SURFACE_SIDE_STYLE('',(#13517));
#13517 = SURFACE_STYLE_FILL_AREA(#13518);
#13518 = FILL_AREA_STYLE('',(#13519));
#13519 = FILL_AREA_STYLE_COLOUR('',#12084);
#13520 = OVER_RIDING_STYLED_ITEM('overriding color',(#13521),#10019,
  #12066);
#13521 = PRESENTATION_STYLE_ASSIGNMENT((#13522));
#13522 = SURFACE_STYLE_USAGE(.BOTH.,#13523);
#13523 = SURFACE_SIDE_STYLE('',(#13524));
#13524 = SURFACE_STYLE_FILL_AREA(#13525);
#13525 = FILL_AREA_STYLE('',(#13526));
#13526 = FILL_AREA_STYLE_COLOUR('',#12084);
#13527 = OVER_RIDING_STYLED_ITEM('overriding color',(#13528),#10036,
  #12066);
#13528 = PRESENTATION_STYLE_ASSIGNMENT((#13529));
#13529 = SURFACE_STYLE_USAGE(.BOTH.,#13530);
#13530 = SURFACE_SIDE_STYLE('',(#13531));
#13531 = SURFACE_STYLE_FILL_AREA(#13532);
#13532 = FILL_AREA_STYLE('',(#13533));
#13533 = FILL_AREA_STYLE_COLOUR('',#12084);
#13534 = OVER_RIDING_STYLED_ITEM('overriding color',(#13535),#10053,
  #12066);
#13535 = PRESENTATION_STYLE_ASSIGNMENT((#13536));
#13536 = SURFACE_STYLE_USAGE(.BOTH.,#13537);
#13537 = SURFACE_SIDE_STYLE('',(#13538));
#13538 = SURFACE_STYLE_FILL_AREA(#13539);
#13539 = FILL_AREA_STYLE('',(#13540));
#13540 = FILL_AREA_STYLE_COLOUR('',#12084);
#13541 = OVER_RIDING_STYLED_ITEM('overriding color',(#13542),#10070,
  #12066);
#13542 = PRESENTATION_STYLE_ASSIGNMENT((#13543));
#13543 = SURFACE_STYLE_USAGE(.BOTH.,#13544);
#13544 = SURFACE_SIDE_STYLE('',(#13545));
#13545 = SURFACE_STYLE_FILL_AREA(#13546);
#13546 = FILL_AREA_STYLE('',(#13547));
#13547 = FILL_AREA_STYLE_COLOUR('',#12084);
#13548 = OVER_RIDING_STYLED_ITEM('overriding color',(#13549),#10087,
  #12066);
#13549 = PRESENTATION_STYLE_ASSIGNMENT((#13550));
#13550 = SURFACE_STYLE_USAGE(.BOTH.,#13551);
#13551 = SURFACE_SIDE_STYLE('',(#13552));
#13552 = SURFACE_STYLE_FILL_AREA(#13553);
#13553 = FILL_AREA_STYLE('',(#13554));
#13554 = FILL_AREA_STYLE_COLOUR('',#12084);
#13555 = OVER_RIDING_STYLED_ITEM('overriding color',(#13556),#10104,
  #12066);
#13556 = PRESENTATION_STYLE_ASSIGNMENT((#13557));
#13557 = SURFACE_STYLE_USAGE(.BOTH.,#13558);
#13558 = SURFACE_SIDE_STYLE('',(#13559));
#13559 = SURFACE_STYLE_FILL_AREA(#13560);
#13560 = FILL_AREA_STYLE('',(#13561));
#13561 = FILL_AREA_STYLE_COLOUR('',#12084);
#13562 = OVER_RIDING_STYLED_ITEM('overriding color',(#13563),#10116,
  #12066);
#13563 = PRESENTATION_STYLE_ASSIGNMENT((#13564));
#13564 = SURFACE_STYLE_USAGE(.BOTH.,#13565);
#13565 = SURFACE_SIDE_STYLE('',(#13566));
#13566 = SURFACE_STYLE_FILL_AREA(#13567);
#13567 = FILL_AREA_STYLE('',(#13568));
#13568 = FILL_AREA_STYLE_COLOUR('',#12084);
#13569 = OVER_RIDING_STYLED_ITEM('overriding color',(#13570),#10128,
  #12066);
#13570 = PRESENTATION_STYLE_ASSIGNMENT((#13571));
#13571 = SURFACE_STYLE_USAGE(.BOTH.,#13572);
#13572 = SURFACE_SIDE_STYLE('',(#13573));
#13573 = SURFACE_STYLE_FILL_AREA(#13574);
#13574 = FILL_AREA_STYLE('',(#13575));
#13575 = FILL_AREA_STYLE_COLOUR('',#12084);
#13576 = OVER_RIDING_STYLED_ITEM('overriding color',(#13577),#10145,
  #12066);
#13577 = PRESENTATION_STYLE_ASSIGNMENT((#13578));
#13578 = SURFACE_STYLE_USAGE(.BOTH.,#13579);
#13579 = SURFACE_SIDE_STYLE('',(#13580));
#13580 = SURFACE_STYLE_FILL_AREA(#13581);
#13581 = FILL_AREA_STYLE('',(#13582));
#13582 = FILL_AREA_STYLE_COLOUR('',#12084);
#13583 = OVER_RIDING_STYLED_ITEM('overriding color',(#13584),#10157,
  #12066);
#13584 = PRESENTATION_STYLE_ASSIGNMENT((#13585));
#13585 = SURFACE_STYLE_USAGE(.BOTH.,#13586);
#13586 = SURFACE_SIDE_STYLE('',(#13587));
#13587 = SURFACE_STYLE_FILL_AREA(#13588);
#13588 = FILL_AREA_STYLE('',(#13589));
#13589 = FILL_AREA_STYLE_COLOUR('',#12084);
#13590 = OVER_RIDING_STYLED_ITEM('overriding color',(#13591),#10169,
  #12066);
#13591 = PRESENTATION_STYLE_ASSIGNMENT((#13592));
#13592 = SURFACE_STYLE_USAGE(.BOTH.,#13593);
#13593 = SURFACE_SIDE_STYLE('',(#13594));
#13594 = SURFACE_STYLE_FILL_AREA(#13595);
#13595 = FILL_AREA_STYLE('',(#13596));
#13596 = FILL_AREA_STYLE_COLOUR('',#12084);
#13597 = OVER_RIDING_STYLED_ITEM('overriding color',(#13598),#10186,
  #12066);
#13598 = PRESENTATION_STYLE_ASSIGNMENT((#13599));
#13599 = SURFACE_STYLE_USAGE(.BOTH.,#13600);
#13600 = SURFACE_SIDE_STYLE('',(#13601));
#13601 = SURFACE_STYLE_FILL_AREA(#13602);
#13602 = FILL_AREA_STYLE('',(#13603));
#13603 = FILL_AREA_STYLE_COLOUR('',#12084);
#13604 = OVER_RIDING_STYLED_ITEM('overriding color',(#13605),#10198,
  #12066);
#13605 = PRESENTATION_STYLE_ASSIGNMENT((#13606));
#13606 = SURFACE_STYLE_USAGE(.BOTH.,#13607);
#13607 = SURFACE_SIDE_STYLE('',(#13608));
#13608 = SURFACE_STYLE_FILL_AREA(#13609);
#13609 = FILL_AREA_STYLE('',(#13610));
#13610 = FILL_AREA_STYLE_COLOUR('',#12084);
#13611 = OVER_RIDING_STYLED_ITEM('overriding color',(#13612),#10210,
  #12066);
#13612 = PRESENTATION_STYLE_ASSIGNMENT((#13613));
#13613 = SURFACE_STYLE_USAGE(.BOTH.,#13614);
#13614 = SURFACE_SIDE_STYLE('',(#13615));
#13615 = SURFACE_STYLE_FILL_AREA(#13616);
#13616 = FILL_AREA_STYLE('',(#13617));
#13617 = FILL_AREA_STYLE_COLOUR('',#12084);
#13618 = OVER_RIDING_STYLED_ITEM('overriding color',(#13619),#10227,
  #12066);
#13619 = PRESENTATION_STYLE_ASSIGNMENT((#13620));
#13620 = SURFACE_STYLE_USAGE(.BOTH.,#13621);
#13621 = SURFACE_SIDE_STYLE('',(#13622));
#13622 = SURFACE_STYLE_FILL_AREA(#13623);
#13623 = FILL_AREA_STYLE('',(#13624));
#13624 = FILL_AREA_STYLE_COLOUR('',#12084);
#13625 = OVER_RIDING_STYLED_ITEM('overriding color',(#13626),#10239,
  #12066);
#13626 = PRESENTATION_STYLE_ASSIGNMENT((#13627));
#13627 = SURFACE_STYLE_USAGE(.BOTH.,#13628);
#13628 = SURFACE_SIDE_STYLE('',(#13629));
#13629 = SURFACE_STYLE_FILL_AREA(#13630);
#13630 = FILL_AREA_STYLE('',(#13631));
#13631 = FILL_AREA_STYLE_COLOUR('',#12084);
#13632 = OVER_RIDING_STYLED_ITEM('overriding color',(#13633),#10251,
  #12066);
#13633 = PRESENTATION_STYLE_ASSIGNMENT((#13634));
#13634 = SURFACE_STYLE_USAGE(.BOTH.,#13635);
#13635 = SURFACE_SIDE_STYLE('',(#13636));
#13636 = SURFACE_STYLE_FILL_AREA(#13637);
#13637 = FILL_AREA_STYLE('',(#13638));
#13638 = FILL_AREA_STYLE_COLOUR('',#12084);
#13639 = OVER_RIDING_STYLED_ITEM('overriding color',(#13640),#10268,
  #12066);
#13640 = PRESENTATION_STYLE_ASSIGNMENT((#13641));
#13641 = SURFACE_STYLE_USAGE(.BOTH.,#13642);
#13642 = SURFACE_SIDE_STYLE('',(#13643));
#13643 = SURFACE_STYLE_FILL_AREA(#13644);
#13644 = FILL_AREA_STYLE('',(#13645));
#13645 = FILL_AREA_STYLE_COLOUR('',#12084);
#13646 = OVER_RIDING_STYLED_ITEM('overriding color',(#13647),#10280,
  #12066);
#13647 = PRESENTATION_STYLE_ASSIGNMENT((#13648));
#13648 = SURFACE_STYLE_USAGE(.BOTH.,#13649);
#13649 = SURFACE_SIDE_STYLE('',(#13650));
#13650 = SURFACE_STYLE_FILL_AREA(#13651);
#13651 = FILL_AREA_STYLE('',(#13652));
#13652 = FILL_AREA_STYLE_COLOUR('',#12084);
#13653 = OVER_RIDING_STYLED_ITEM('overriding color',(#13654),#10292,
  #12066);
#13654 = PRESENTATION_STYLE_ASSIGNMENT((#13655));
#13655 = SURFACE_STYLE_USAGE(.BOTH.,#13656);
#13656 = SURFACE_SIDE_STYLE('',(#13657));
#13657 = SURFACE_STYLE_FILL_AREA(#13658);
#13658 = FILL_AREA_STYLE('',(#13659));
#13659 = FILL_AREA_STYLE_COLOUR('',#12084);
#13660 = OVER_RIDING_STYLED_ITEM('overriding color',(#13661),#10309,
  #12066);
#13661 = PRESENTATION_STYLE_ASSIGNMENT((#13662));
#13662 = SURFACE_STYLE_USAGE(.BOTH.,#13663);
#13663 = SURFACE_SIDE_STYLE('',(#13664));
#13664 = SURFACE_STYLE_FILL_AREA(#13665);
#13665 = FILL_AREA_STYLE('',(#13666));
#13666 = FILL_AREA_STYLE_COLOUR('',#12084);
#13667 = OVER_RIDING_STYLED_ITEM('overriding color',(#13668),#10321,
  #12066);
#13668 = PRESENTATION_STYLE_ASSIGNMENT((#13669));
#13669 = SURFACE_STYLE_USAGE(.BOTH.,#13670);
#13670 = SURFACE_SIDE_STYLE('',(#13671));
#13671 = SURFACE_STYLE_FILL_AREA(#13672);
#13672 = FILL_AREA_STYLE('',(#13673));
#13673 = FILL_AREA_STYLE_COLOUR('',#12084);
#13674 = OVER_RIDING_STYLED_ITEM('overriding color',(#13675),#10333,
  #12066);
#13675 = PRESENTATION_STYLE_ASSIGNMENT((#13676));
#13676 = SURFACE_STYLE_USAGE(.BOTH.,#13677);
#13677 = SURFACE_SIDE_STYLE('',(#13678));
#13678 = SURFACE_STYLE_FILL_AREA(#13679);
#13679 = FILL_AREA_STYLE('',(#13680));
#13680 = FILL_AREA_STYLE_COLOUR('',#12084);
#13681 = OVER_RIDING_STYLED_ITEM('overriding color',(#13682),#10350,
  #12066);
#13682 = PRESENTATION_STYLE_ASSIGNMENT((#13683));
#13683 = SURFACE_STYLE_USAGE(.BOTH.,#13684);
#13684 = SURFACE_SIDE_STYLE('',(#13685));
#13685 = SURFACE_STYLE_FILL_AREA(#13686);
#13686 = FILL_AREA_STYLE('',(#13687));
#13687 = FILL_AREA_STYLE_COLOUR('',#12084);
#13688 = OVER_RIDING_STYLED_ITEM('overriding color',(#13689),#10362,
  #12066);
#13689 = PRESENTATION_STYLE_ASSIGNMENT((#13690));
#13690 = SURFACE_STYLE_USAGE(.BOTH.,#13691);
#13691 = SURFACE_SIDE_STYLE('',(#13692));
#13692 = SURFACE_STYLE_FILL_AREA(#13693);
#13693 = FILL_AREA_STYLE('',(#13694));
#13694 = FILL_AREA_STYLE_COLOUR('',#12084);
#13695 = OVER_RIDING_STYLED_ITEM('overriding color',(#13696),#10374,
  #12066);
#13696 = PRESENTATION_STYLE_ASSIGNMENT((#13697));
#13697 = SURFACE_STYLE_USAGE(.BOTH.,#13698);
#13698 = SURFACE_SIDE_STYLE('',(#13699));
#13699 = SURFACE_STYLE_FILL_AREA(#13700);
#13700 = FILL_AREA_STYLE('',(#13701));
#13701 = FILL_AREA_STYLE_COLOUR('',#12084);
#13702 = OVER_RIDING_STYLED_ITEM('overriding color',(#13703),#10391,
  #12066);
#13703 = PRESENTATION_STYLE_ASSIGNMENT((#13704));
#13704 = SURFACE_STYLE_USAGE(.BOTH.,#13705);
#13705 = SURFACE_SIDE_STYLE('',(#13706));
#13706 = SURFACE_STYLE_FILL_AREA(#13707);
#13707 = FILL_AREA_STYLE('',(#13708));
#13708 = FILL_AREA_STYLE_COLOUR('',#12084);
#13709 = OVER_RIDING_STYLED_ITEM('overriding color',(#13710),#10403,
  #12066);
#13710 = PRESENTATION_STYLE_ASSIGNMENT((#13711));
#13711 = SURFACE_STYLE_USAGE(.BOTH.,#13712);
#13712 = SURFACE_SIDE_STYLE('',(#13713));
#13713 = SURFACE_STYLE_FILL_AREA(#13714);
#13714 = FILL_AREA_STYLE('',(#13715));
#13715 = FILL_AREA_STYLE_COLOUR('',#12084);
#13716 = OVER_RIDING_STYLED_ITEM('overriding color',(#13717),#10415,
  #12066);
#13717 = PRESENTATION_STYLE_ASSIGNMENT((#13718));
#13718 = SURFACE_STYLE_USAGE(.BOTH.,#13719);
#13719 = SURFACE_SIDE_STYLE('',(#13720));
#13720 = SURFACE_STYLE_FILL_AREA(#13721);
#13721 = FILL_AREA_STYLE('',(#13722));
#13722 = FILL_AREA_STYLE_COLOUR('',#12084);
#13723 = OVER_RIDING_STYLED_ITEM('overriding color',(#13724),#10432,
  #12066);
#13724 = PRESENTATION_STYLE_ASSIGNMENT((#13725));
#13725 = SURFACE_STYLE_USAGE(.BOTH.,#13726);
#13726 = SURFACE_SIDE_STYLE('',(#13727));
#13727 = SURFACE_STYLE_FILL_AREA(#13728);
#13728 = FILL_AREA_STYLE('',(#13729));
#13729 = FILL_AREA_STYLE_COLOUR('',#12084);
#13730 = OVER_RIDING_STYLED_ITEM('overriding color',(#13731),#10444,
  #12066);
#13731 = PRESENTATION_STYLE_ASSIGNMENT((#13732));
#13732 = SURFACE_STYLE_USAGE(.BOTH.,#13733);
#13733 = SURFACE_SIDE_STYLE('',(#13734));
#13734 = SURFACE_STYLE_FILL_AREA(#13735);
#13735 = FILL_AREA_STYLE('',(#13736));
#13736 = FILL_AREA_STYLE_COLOUR('',#12084);
#13737 = OVER_RIDING_STYLED_ITEM('overriding color',(#13738),#10456,
  #12066);
#13738 = PRESENTATION_STYLE_ASSIGNMENT((#13739));
#13739 = SURFACE_STYLE_USAGE(.BOTH.,#13740);
#13740 = SURFACE_SIDE_STYLE('',(#13741));
#13741 = SURFACE_STYLE_FILL_AREA(#13742);
#13742 = FILL_AREA_STYLE('',(#13743));
#13743 = FILL_AREA_STYLE_COLOUR('',#12084);
#13744 = OVER_RIDING_STYLED_ITEM('overriding color',(#13745),#10473,
  #12066);
#13745 = PRESENTATION_STYLE_ASSIGNMENT((#13746));
#13746 = SURFACE_STYLE_USAGE(.BOTH.,#13747);
#13747 = SURFACE_SIDE_STYLE('',(#13748));
#13748 = SURFACE_STYLE_FILL_AREA(#13749);
#13749 = FILL_AREA_STYLE('',(#13750));
#13750 = FILL_AREA_STYLE_COLOUR('',#12084);
#13751 = OVER_RIDING_STYLED_ITEM('overriding color',(#13752),#10485,
  #12066);
#13752 = PRESENTATION_STYLE_ASSIGNMENT((#13753));
#13753 = SURFACE_STYLE_USAGE(.BOTH.,#13754);
#13754 = SURFACE_SIDE_STYLE('',(#13755));
#13755 = SURFACE_STYLE_FILL_AREA(#13756);
#13756 = FILL_AREA_STYLE('',(#13757));
#13757 = FILL_AREA_STYLE_COLOUR('',#12084);
#13758 = OVER_RIDING_STYLED_ITEM('overriding color',(#13759),#10707,
  #12066);
#13759 = PRESENTATION_STYLE_ASSIGNMENT((#13760));
#13760 = SURFACE_STYLE_USAGE(.BOTH.,#13761);
#13761 = SURFACE_SIDE_STYLE('',(#13762));
#13762 = SURFACE_STYLE_FILL_AREA(#13763);
#13763 = FILL_AREA_STYLE('',(#13764));
#13764 = FILL_AREA_STYLE_COLOUR('',#12084);
#13765 = OVER_RIDING_STYLED_ITEM('overriding color',(#13766),#10724,
  #12066);
#13766 = PRESENTATION_STYLE_ASSIGNMENT((#13767));
#13767 = SURFACE_STYLE_USAGE(.BOTH.,#13768);
#13768 = SURFACE_SIDE_STYLE('',(#13769));
#13769 = SURFACE_STYLE_FILL_AREA(#13770);
#13770 = FILL_AREA_STYLE('',(#13771));
#13771 = FILL_AREA_STYLE_COLOUR('',#12084);
#13772 = OVER_RIDING_STYLED_ITEM('overriding color',(#13773),#10736,
  #12066);
#13773 = PRESENTATION_STYLE_ASSIGNMENT((#13774));
#13774 = SURFACE_STYLE_USAGE(.BOTH.,#13775);
#13775 = SURFACE_SIDE_STYLE('',(#13776));
#13776 = SURFACE_STYLE_FILL_AREA(#13777);
#13777 = FILL_AREA_STYLE('',(#13778));
#13778 = FILL_AREA_STYLE_COLOUR('',#12084);
#13779 = OVER_RIDING_STYLED_ITEM('overriding color',(#13780),#10753,
  #12066);
#13780 = PRESENTATION_STYLE_ASSIGNMENT((#13781));
#13781 = SURFACE_STYLE_USAGE(.BOTH.,#13782);
#13782 = SURFACE_SIDE_STYLE('',(#13783));
#13783 = SURFACE_STYLE_FILL_AREA(#13784);
#13784 = FILL_AREA_STYLE('',(#13785));
#13785 = FILL_AREA_STYLE_COLOUR('',#12084);
#13786 = OVER_RIDING_STYLED_ITEM('overriding color',(#13787),#10765,
  #12066);
#13787 = PRESENTATION_STYLE_ASSIGNMENT((#13788));
#13788 = SURFACE_STYLE_USAGE(.BOTH.,#13789);
#13789 = SURFACE_SIDE_STYLE('',(#13790));
#13790 = SURFACE_STYLE_FILL_AREA(#13791);
#13791 = FILL_AREA_STYLE('',(#13792));
#13792 = FILL_AREA_STYLE_COLOUR('',#12084);
#13793 = OVER_RIDING_STYLED_ITEM('overriding color',(#13794),#10782,
  #12066);
#13794 = PRESENTATION_STYLE_ASSIGNMENT((#13795));
#13795 = SURFACE_STYLE_USAGE(.BOTH.,#13796);
#13796 = SURFACE_SIDE_STYLE('',(#13797));
#13797 = SURFACE_STYLE_FILL_AREA(#13798);
#13798 = FILL_AREA_STYLE('',(#13799));
#13799 = FILL_AREA_STYLE_COLOUR('',#12084);
#13800 = OVER_RIDING_STYLED_ITEM('overriding color',(#13801),#10794,
  #12066);
#13801 = PRESENTATION_STYLE_ASSIGNMENT((#13802));
#13802 = SURFACE_STYLE_USAGE(.BOTH.,#13803);
#13803 = SURFACE_SIDE_STYLE('',(#13804));
#13804 = SURFACE_STYLE_FILL_AREA(#13805);
#13805 = FILL_AREA_STYLE('',(#13806));
#13806 = FILL_AREA_STYLE_COLOUR('',#12084);
#13807 = OVER_RIDING_STYLED_ITEM('overriding color',(#13808),#10811,
  #12066);
#13808 = PRESENTATION_STYLE_ASSIGNMENT((#13809));
#13809 = SURFACE_STYLE_USAGE(.BOTH.,#13810);
#13810 = SURFACE_SIDE_STYLE('',(#13811));
#13811 = SURFACE_STYLE_FILL_AREA(#13812);
#13812 = FILL_AREA_STYLE('',(#13813));
#13813 = FILL_AREA_STYLE_COLOUR('',#12084);
#13814 = OVER_RIDING_STYLED_ITEM('overriding color',(#13815),#10823,
  #12066);
#13815 = PRESENTATION_STYLE_ASSIGNMENT((#13816));
#13816 = SURFACE_STYLE_USAGE(.BOTH.,#13817);
#13817 = SURFACE_SIDE_STYLE('',(#13818));
#13818 = SURFACE_STYLE_FILL_AREA(#13819);
#13819 = FILL_AREA_STYLE('',(#13820));
#13820 = FILL_AREA_STYLE_COLOUR('',#12084);
#13821 = OVER_RIDING_STYLED_ITEM('overriding color',(#13822),#10840,
  #12066);
#13822 = PRESENTATION_STYLE_ASSIGNMENT((#13823));
#13823 = SURFACE_STYLE_USAGE(.BOTH.,#13824);
#13824 = SURFACE_SIDE_STYLE('',(#13825));
#13825 = SURFACE_STYLE_FILL_AREA(#13826);
#13826 = FILL_AREA_STYLE('',(#13827));
#13827 = FILL_AREA_STYLE_COLOUR('',#12084);
#13828 = OVER_RIDING_STYLED_ITEM('overriding color',(#13829),#10852,
  #12066);
#13829 = PRESENTATION_STYLE_ASSIGNMENT((#13830));
#13830 = SURFACE_STYLE_USAGE(.BOTH.,#13831);
#13831 = SURFACE_SIDE_STYLE('',(#13832));
#13832 = SURFACE_STYLE_FILL_AREA(#13833);
#13833 = FILL_AREA_STYLE('',(#13834));
#13834 = FILL_AREA_STYLE_COLOUR('',#12084);
#13835 = OVER_RIDING_STYLED_ITEM('overriding color',(#13836),#10869,
  #12066);
#13836 = PRESENTATION_STYLE_ASSIGNMENT((#13837));
#13837 = SURFACE_STYLE_USAGE(.BOTH.,#13838);
#13838 = SURFACE_SIDE_STYLE('',(#13839));
#13839 = SURFACE_STYLE_FILL_AREA(#13840);
#13840 = FILL_AREA_STYLE('',(#13841));
#13841 = FILL_AREA_STYLE_COLOUR('',#12084);
#13842 = OVER_RIDING_STYLED_ITEM('overriding color',(#13843),#10881,
  #12066);
#13843 = PRESENTATION_STYLE_ASSIGNMENT((#13844));
#13844 = SURFACE_STYLE_USAGE(.BOTH.,#13845);
#13845 = SURFACE_SIDE_STYLE('',(#13846));
#13846 = SURFACE_STYLE_FILL_AREA(#13847);
#13847 = FILL_AREA_STYLE('',(#13848));
#13848 = FILL_AREA_STYLE_COLOUR('',#12084);
#13849 = OVER_RIDING_STYLED_ITEM('overriding color',(#13850),#10898,
  #12066);
#13850 = PRESENTATION_STYLE_ASSIGNMENT((#13851));
#13851 = SURFACE_STYLE_USAGE(.BOTH.,#13852);
#13852 = SURFACE_SIDE_STYLE('',(#13853));
#13853 = SURFACE_STYLE_FILL_AREA(#13854);
#13854 = FILL_AREA_STYLE('',(#13855));
#13855 = FILL_AREA_STYLE_COLOUR('',#12084);
#13856 = OVER_RIDING_STYLED_ITEM('overriding color',(#13857),#10910,
  #12066);
#13857 = PRESENTATION_STYLE_ASSIGNMENT((#13858));
#13858 = SURFACE_STYLE_USAGE(.BOTH.,#13859);
#13859 = SURFACE_SIDE_STYLE('',(#13860));
#13860 = SURFACE_STYLE_FILL_AREA(#13861);
#13861 = FILL_AREA_STYLE('',(#13862));
#13862 = FILL_AREA_STYLE_COLOUR('',#12084);
#13863 = OVER_RIDING_STYLED_ITEM('overriding color',(#13864),#10927,
  #12066);
#13864 = PRESENTATION_STYLE_ASSIGNMENT((#13865));
#13865 = SURFACE_STYLE_USAGE(.BOTH.,#13866);
#13866 = SURFACE_SIDE_STYLE('',(#13867));
#13867 = SURFACE_STYLE_FILL_AREA(#13868);
#13868 = FILL_AREA_STYLE('',(#13869));
#13869 = FILL_AREA_STYLE_COLOUR('',#12084);
#13870 = OVER_RIDING_STYLED_ITEM('overriding color',(#13871),#10939,
  #12066);
#13871 = PRESENTATION_STYLE_ASSIGNMENT((#13872));
#13872 = SURFACE_STYLE_USAGE(.BOTH.,#13873);
#13873 = SURFACE_SIDE_STYLE('',(#13874));
#13874 = SURFACE_STYLE_FILL_AREA(#13875);
#13875 = FILL_AREA_STYLE('',(#13876));
#13876 = FILL_AREA_STYLE_COLOUR('',#12084);
#13877 = OVER_RIDING_STYLED_ITEM('overriding color',(#13878),#10956,
  #12066);
#13878 = PRESENTATION_STYLE_ASSIGNMENT((#13879));
#13879 = SURFACE_STYLE_USAGE(.BOTH.,#13880);
#13880 = SURFACE_SIDE_STYLE('',(#13881));
#13881 = SURFACE_STYLE_FILL_AREA(#13882);
#13882 = FILL_AREA_STYLE('',(#13883));
#13883 = FILL_AREA_STYLE_COLOUR('',#12084);
#13884 = OVER_RIDING_STYLED_ITEM('overriding color',(#13885),#10968,
  #12066);
#13885 = PRESENTATION_STYLE_ASSIGNMENT((#13886));
#13886 = SURFACE_STYLE_USAGE(.BOTH.,#13887);
#13887 = SURFACE_SIDE_STYLE('',(#13888));
#13888 = SURFACE_STYLE_FILL_AREA(#13889);
#13889 = FILL_AREA_STYLE('',(#13890));
#13890 = FILL_AREA_STYLE_COLOUR('',#12084);
#13891 = OVER_RIDING_STYLED_ITEM('overriding color',(#13892),#10985,
  #12066);
#13892 = PRESENTATION_STYLE_ASSIGNMENT((#13893));
#13893 = SURFACE_STYLE_USAGE(.BOTH.,#13894);
#13894 = SURFACE_SIDE_STYLE('',(#13895));
#13895 = SURFACE_STYLE_FILL_AREA(#13896);
#13896 = FILL_AREA_STYLE('',(#13897));
#13897 = FILL_AREA_STYLE_COLOUR('',#12084);
#13898 = OVER_RIDING_STYLED_ITEM('overriding color',(#13899),#10997,
  #12066);
#13899 = PRESENTATION_STYLE_ASSIGNMENT((#13900));
#13900 = SURFACE_STYLE_USAGE(.BOTH.,#13901);
#13901 = SURFACE_SIDE_STYLE('',(#13902));
#13902 = SURFACE_STYLE_FILL_AREA(#13903);
#13903 = FILL_AREA_STYLE('',(#13904));
#13904 = FILL_AREA_STYLE_COLOUR('',#12084);
#13905 = OVER_RIDING_STYLED_ITEM('overriding color',(#13906),#11014,
  #12066);
#13906 = PRESENTATION_STYLE_ASSIGNMENT((#13907));
#13907 = SURFACE_STYLE_USAGE(.BOTH.,#13908);
#13908 = SURFACE_SIDE_STYLE('',(#13909));
#13909 = SURFACE_STYLE_FILL_AREA(#13910);
#13910 = FILL_AREA_STYLE('',(#13911));
#13911 = FILL_AREA_STYLE_COLOUR('',#12084);
#13912 = OVER_RIDING_STYLED_ITEM('overriding color',(#13913),#11026,
  #12066);
#13913 = PRESENTATION_STYLE_ASSIGNMENT((#13914));
#13914 = SURFACE_STYLE_USAGE(.BOTH.,#13915);
#13915 = SURFACE_SIDE_STYLE('',(#13916));
#13916 = SURFACE_STYLE_FILL_AREA(#13917);
#13917 = FILL_AREA_STYLE('',(#13918));
#13918 = FILL_AREA_STYLE_COLOUR('',#12084);
#13919 = OVER_RIDING_STYLED_ITEM('overriding color',(#13920),#11043,
  #12066);
#13920 = PRESENTATION_STYLE_ASSIGNMENT((#13921));
#13921 = SURFACE_STYLE_USAGE(.BOTH.,#13922);
#13922 = SURFACE_SIDE_STYLE('',(#13923));
#13923 = SURFACE_STYLE_FILL_AREA(#13924);
#13924 = FILL_AREA_STYLE('',(#13925));
#13925 = FILL_AREA_STYLE_COLOUR('',#12084);
#13926 = OVER_RIDING_STYLED_ITEM('overriding color',(#13927),#11055,
  #12066);
#13927 = PRESENTATION_STYLE_ASSIGNMENT((#13928));
#13928 = SURFACE_STYLE_USAGE(.BOTH.,#13929);
#13929 = SURFACE_SIDE_STYLE('',(#13930));
#13930 = SURFACE_STYLE_FILL_AREA(#13931);
#13931 = FILL_AREA_STYLE('',(#13932));
#13932 = FILL_AREA_STYLE_COLOUR('',#12084);
#13933 = OVER_RIDING_STYLED_ITEM('overriding color',(#13934),#11072,
  #12066);
#13934 = PRESENTATION_STYLE_ASSIGNMENT((#13935));
#13935 = SURFACE_STYLE_USAGE(.BOTH.,#13936);
#13936 = SURFACE_SIDE_STYLE('',(#13937));
#13937 = SURFACE_STYLE_FILL_AREA(#13938);
#13938 = FILL_AREA_STYLE('',(#13939));
#13939 = FILL_AREA_STYLE_COLOUR('',#12084);
#13940 = OVER_RIDING_STYLED_ITEM('overriding color',(#13941),#11084,
  #12066);
#13941 = PRESENTATION_STYLE_ASSIGNMENT((#13942));
#13942 = SURFACE_STYLE_USAGE(.BOTH.,#13943);
#13943 = SURFACE_SIDE_STYLE('',(#13944));
#13944 = SURFACE_STYLE_FILL_AREA(#13945);
#13945 = FILL_AREA_STYLE('',(#13946));
#13946 = FILL_AREA_STYLE_COLOUR('',#12084);
#13947 = OVER_RIDING_STYLED_ITEM('overriding color',(#13948),#11101,
  #12066);
#13948 = PRESENTATION_STYLE_ASSIGNMENT((#13949));
#13949 = SURFACE_STYLE_USAGE(.BOTH.,#13950);
#13950 = SURFACE_SIDE_STYLE('',(#13951));
#13951 = SURFACE_STYLE_FILL_AREA(#13952);
#13952 = FILL_AREA_STYLE('',(#13953));
#13953 = FILL_AREA_STYLE_COLOUR('',#12084);
#13954 = OVER_RIDING_STYLED_ITEM('overriding color',(#13955),#11113,
  #12066);
#13955 = PRESENTATION_STYLE_ASSIGNMENT((#13956));
#13956 = SURFACE_STYLE_USAGE(.BOTH.,#13957);
#13957 = SURFACE_SIDE_STYLE('',(#13958));
#13958 = SURFACE_STYLE_FILL_AREA(#13959);
#13959 = FILL_AREA_STYLE('',(#13960));
#13960 = FILL_AREA_STYLE_COLOUR('',#12084);
#13961 = OVER_RIDING_STYLED_ITEM('overriding color',(#13962),#11130,
  #12066);
#13962 = PRESENTATION_STYLE_ASSIGNMENT((#13963));
#13963 = SURFACE_STYLE_USAGE(.BOTH.,#13964);
#13964 = SURFACE_SIDE_STYLE('',(#13965));
#13965 = SURFACE_STYLE_FILL_AREA(#13966);
#13966 = FILL_AREA_STYLE('',(#13967));
#13967 = FILL_AREA_STYLE_COLOUR('',#12084);
#13968 = OVER_RIDING_STYLED_ITEM('overriding color',(#13969),#11142,
  #12066);
#13969 = PRESENTATION_STYLE_ASSIGNMENT((#13970));
#13970 = SURFACE_STYLE_USAGE(.BOTH.,#13971);
#13971 = SURFACE_SIDE_STYLE('',(#13972));
#13972 = SURFACE_STYLE_FILL_AREA(#13973);
#13973 = FILL_AREA_STYLE('',(#13974));
#13974 = FILL_AREA_STYLE_COLOUR('',#12084);
#13975 = OVER_RIDING_STYLED_ITEM('overriding color',(#13976),#11159,
  #12066);
#13976 = PRESENTATION_STYLE_ASSIGNMENT((#13977));
#13977 = SURFACE_STYLE_USAGE(.BOTH.,#13978);
#13978 = SURFACE_SIDE_STYLE('',(#13979));
#13979 = SURFACE_STYLE_FILL_AREA(#13980);
#13980 = FILL_AREA_STYLE('',(#13981));
#13981 = FILL_AREA_STYLE_COLOUR('',#12084);
#13982 = OVER_RIDING_STYLED_ITEM('overriding color',(#13983),#11171,
  #12066);
#13983 = PRESENTATION_STYLE_ASSIGNMENT((#13984));
#13984 = SURFACE_STYLE_USAGE(.BOTH.,#13985);
#13985 = SURFACE_SIDE_STYLE('',(#13986));
#13986 = SURFACE_STYLE_FILL_AREA(#13987);
#13987 = FILL_AREA_STYLE('',(#13988));
#13988 = FILL_AREA_STYLE_COLOUR('',#12084);
#13989 = OVER_RIDING_STYLED_ITEM('overriding color',(#13990),#11188,
  #12066);
#13990 = PRESENTATION_STYLE_ASSIGNMENT((#13991));
#13991 = SURFACE_STYLE_USAGE(.BOTH.,#13992);
#13992 = SURFACE_SIDE_STYLE('',(#13993));
#13993 = SURFACE_STYLE_FILL_AREA(#13994);
#13994 = FILL_AREA_STYLE('',(#13995));
#13995 = FILL_AREA_STYLE_COLOUR('',#12084);
#13996 = OVER_RIDING_STYLED_ITEM('overriding color',(#13997),#11200,
  #12066);
#13997 = PRESENTATION_STYLE_ASSIGNMENT((#13998));
#13998 = SURFACE_STYLE_USAGE(.BOTH.,#13999);
#13999 = SURFACE_SIDE_STYLE('',(#14000));
#14000 = SURFACE_STYLE_FILL_AREA(#14001);
#14001 = FILL_AREA_STYLE('',(#14002));
#14002 = FILL_AREA_STYLE_COLOUR('',#12084);
#14003 = OVER_RIDING_STYLED_ITEM('overriding color',(#14004),#11217,
  #12066);
#14004 = PRESENTATION_STYLE_ASSIGNMENT((#14005));
#14005 = SURFACE_STYLE_USAGE(.BOTH.,#14006);
#14006 = SURFACE_SIDE_STYLE('',(#14007));
#14007 = SURFACE_STYLE_FILL_AREA(#14008);
#14008 = FILL_AREA_STYLE('',(#14009));
#14009 = FILL_AREA_STYLE_COLOUR('',#12084);
#14010 = OVER_RIDING_STYLED_ITEM('overriding color',(#14011),#11229,
  #12066);
#14011 = PRESENTATION_STYLE_ASSIGNMENT((#14012));
#14012 = SURFACE_STYLE_USAGE(.BOTH.,#14013);
#14013 = SURFACE_SIDE_STYLE('',(#14014));
#14014 = SURFACE_STYLE_FILL_AREA(#14015);
#14015 = FILL_AREA_STYLE('',(#14016));
#14016 = FILL_AREA_STYLE_COLOUR('',#12084);
#14017 = OVER_RIDING_STYLED_ITEM('overriding color',(#14018),#11246,
  #12066);
#14018 = PRESENTATION_STYLE_ASSIGNMENT((#14019));
#14019 = SURFACE_STYLE_USAGE(.BOTH.,#14020);
#14020 = SURFACE_SIDE_STYLE('',(#14021));
#14021 = SURFACE_STYLE_FILL_AREA(#14022);
#14022 = FILL_AREA_STYLE('',(#14023));
#14023 = FILL_AREA_STYLE_COLOUR('',#12084);
#14024 = OVER_RIDING_STYLED_ITEM('overriding color',(#14025),#11258,
  #12066);
#14025 = PRESENTATION_STYLE_ASSIGNMENT((#14026));
#14026 = SURFACE_STYLE_USAGE(.BOTH.,#14027);
#14027 = SURFACE_SIDE_STYLE('',(#14028));
#14028 = SURFACE_STYLE_FILL_AREA(#14029);
#14029 = FILL_AREA_STYLE('',(#14030));
#14030 = FILL_AREA_STYLE_COLOUR('',#12084);
#14031 = OVER_RIDING_STYLED_ITEM('overriding color',(#14032),#11275,
  #12066);
#14032 = PRESENTATION_STYLE_ASSIGNMENT((#14033));
#14033 = SURFACE_STYLE_USAGE(.BOTH.,#14034);
#14034 = SURFACE_SIDE_STYLE('',(#14035));
#14035 = SURFACE_STYLE_FILL_AREA(#14036);
#14036 = FILL_AREA_STYLE('',(#14037));
#14037 = FILL_AREA_STYLE_COLOUR('',#12084);
#14038 = OVER_RIDING_STYLED_ITEM('overriding color',(#14039),#11479,
  #12066);
#14039 = PRESENTATION_STYLE_ASSIGNMENT((#14040));
#14040 = SURFACE_STYLE_USAGE(.BOTH.,#14041);
#14041 = SURFACE_SIDE_STYLE('',(#14042));
#14042 = SURFACE_STYLE_FILL_AREA(#14043);
#14043 = FILL_AREA_STYLE('',(#14044));
#14044 = FILL_AREA_STYLE_COLOUR('',#12084);
#14045 = OVER_RIDING_STYLED_ITEM('overriding color',(#14046),#11496,
  #12066);
#14046 = PRESENTATION_STYLE_ASSIGNMENT((#14047));
#14047 = SURFACE_STYLE_USAGE(.BOTH.,#14048);
#14048 = SURFACE_SIDE_STYLE('',(#14049));
#14049 = SURFACE_STYLE_FILL_AREA(#14050);
#14050 = FILL_AREA_STYLE('',(#14051));
#14051 = FILL_AREA_STYLE_COLOUR('',#12084);
#14052 = OVER_RIDING_STYLED_ITEM('overriding color',(#14053),#11508,
  #12066);
#14053 = PRESENTATION_STYLE_ASSIGNMENT((#14054));
#14054 = SURFACE_STYLE_USAGE(.BOTH.,#14055);
#14055 = SURFACE_SIDE_STYLE('',(#14056));
#14056 = SURFACE_STYLE_FILL_AREA(#14057);
#14057 = FILL_AREA_STYLE('',(#14058));
#14058 = FILL_AREA_STYLE_COLOUR('',#12084);
#14059 = OVER_RIDING_STYLED_ITEM('overriding color',(#14060),#11525,
  #12066);
#14060 = PRESENTATION_STYLE_ASSIGNMENT((#14061));
#14061 = SURFACE_STYLE_USAGE(.BOTH.,#14062);
#14062 = SURFACE_SIDE_STYLE('',(#14063));
#14063 = SURFACE_STYLE_FILL_AREA(#14064);
#14064 = FILL_AREA_STYLE('',(#14065));
#14065 = FILL_AREA_STYLE_COLOUR('',#12084);
#14066 = OVER_RIDING_STYLED_ITEM('overriding color',(#14067),#11537,
  #12066);
#14067 = PRESENTATION_STYLE_ASSIGNMENT((#14068));
#14068 = SURFACE_STYLE_USAGE(.BOTH.,#14069);
#14069 = SURFACE_SIDE_STYLE('',(#14070));
#14070 = SURFACE_STYLE_FILL_AREA(#14071);
#14071 = FILL_AREA_STYLE('',(#14072));
#14072 = FILL_AREA_STYLE_COLOUR('',#12084);
#14073 = OVER_RIDING_STYLED_ITEM('overriding color',(#14074),#11554,
  #12066);
#14074 = PRESENTATION_STYLE_ASSIGNMENT((#14075));
#14075 = SURFACE_STYLE_USAGE(.BOTH.,#14076);
#14076 = SURFACE_SIDE_STYLE('',(#14077));
#14077 = SURFACE_STYLE_FILL_AREA(#14078);
#14078 = FILL_AREA_STYLE('',(#14079));
#14079 = FILL_AREA_STYLE_COLOUR('',#12084);
#14080 = OVER_RIDING_STYLED_ITEM('overriding color',(#14081),#11566,
  #12066);
#14081 = PRESENTATION_STYLE_ASSIGNMENT((#14082));
#14082 = SURFACE_STYLE_USAGE(.BOTH.,#14083);
#14083 = SURFACE_SIDE_STYLE('',(#14084));
#14084 = SURFACE_STYLE_FILL_AREA(#14085);
#14085 = FILL_AREA_STYLE('',(#14086));
#14086 = FILL_AREA_STYLE_COLOUR('',#12084);
#14087 = OVER_RIDING_STYLED_ITEM('overriding color',(#14088),#11583,
  #12066);
#14088 = PRESENTATION_STYLE_ASSIGNMENT((#14089));
#14089 = SURFACE_STYLE_USAGE(.BOTH.,#14090);
#14090 = SURFACE_SIDE_STYLE('',(#14091));
#14091 = SURFACE_STYLE_FILL_AREA(#14092);
#14092 = FILL_AREA_STYLE('',(#14093));
#14093 = FILL_AREA_STYLE_COLOUR('',#12084);
#14094 = OVER_RIDING_STYLED_ITEM('overriding color',(#14095),#11595,
  #12066);
#14095 = PRESENTATION_STYLE_ASSIGNMENT((#14096));
#14096 = SURFACE_STYLE_USAGE(.BOTH.,#14097);
#14097 = SURFACE_SIDE_STYLE('',(#14098));
#14098 = SURFACE_STYLE_FILL_AREA(#14099);
#14099 = FILL_AREA_STYLE('',(#14100));
#14100 = FILL_AREA_STYLE_COLOUR('',#12084);
#14101 = OVER_RIDING_STYLED_ITEM('overriding color',(#14102),#11612,
  #12066);
#14102 = PRESENTATION_STYLE_ASSIGNMENT((#14103));
#14103 = SURFACE_STYLE_USAGE(.BOTH.,#14104);
#14104 = SURFACE_SIDE_STYLE('',(#14105));
#14105 = SURFACE_STYLE_FILL_AREA(#14106);
#14106 = FILL_AREA_STYLE('',(#14107));
#14107 = FILL_AREA_STYLE_COLOUR('',#12084);
#14108 = OVER_RIDING_STYLED_ITEM('overriding color',(#14109),#11624,
  #12066);
#14109 = PRESENTATION_STYLE_ASSIGNMENT((#14110));
#14110 = SURFACE_STYLE_USAGE(.BOTH.,#14111);
#14111 = SURFACE_SIDE_STYLE('',(#14112));
#14112 = SURFACE_STYLE_FILL_AREA(#14113);
#14113 = FILL_AREA_STYLE('',(#14114));
#14114 = FILL_AREA_STYLE_COLOUR('',#12084);
#14115 = OVER_RIDING_STYLED_ITEM('overriding color',(#14116),#11641,
  #12066);
#14116 = PRESENTATION_STYLE_ASSIGNMENT((#14117));
#14117 = SURFACE_STYLE_USAGE(.BOTH.,#14118);
#14118 = SURFACE_SIDE_STYLE('',(#14119));
#14119 = SURFACE_STYLE_FILL_AREA(#14120);
#14120 = FILL_AREA_STYLE('',(#14121));
#14121 = FILL_AREA_STYLE_COLOUR('',#12084);
#14122 = OVER_RIDING_STYLED_ITEM('overriding color',(#14123),#11653,
  #12066);
#14123 = PRESENTATION_STYLE_ASSIGNMENT((#14124));
#14124 = SURFACE_STYLE_USAGE(.BOTH.,#14125);
#14125 = SURFACE_SIDE_STYLE('',(#14126));
#14126 = SURFACE_STYLE_FILL_AREA(#14127);
#14127 = FILL_AREA_STYLE('',(#14128));
#14128 = FILL_AREA_STYLE_COLOUR('',#12084);
#14129 = OVER_RIDING_STYLED_ITEM('overriding color',(#14130),#11670,
  #12066);
#14130 = PRESENTATION_STYLE_ASSIGNMENT((#14131));
#14131 = SURFACE_STYLE_USAGE(.BOTH.,#14132);
#14132 = SURFACE_SIDE_STYLE('',(#14133));
#14133 = SURFACE_STYLE_FILL_AREA(#14134);
#14134 = FILL_AREA_STYLE('',(#14135));
#14135 = FILL_AREA_STYLE_COLOUR('',#12084);
#14136 = OVER_RIDING_STYLED_ITEM('overriding color',(#14137),#11682,
  #12066);
#14137 = PRESENTATION_STYLE_ASSIGNMENT((#14138));
#14138 = SURFACE_STYLE_USAGE(.BOTH.,#14139);
#14139 = SURFACE_SIDE_STYLE('',(#14140));
#14140 = SURFACE_STYLE_FILL_AREA(#14141);
#14141 = FILL_AREA_STYLE('',(#14142));
#14142 = FILL_AREA_STYLE_COLOUR('',#12084);
#14143 = OVER_RIDING_STYLED_ITEM('overriding color',(#14144),#11699,
  #12066);
#14144 = PRESENTATION_STYLE_ASSIGNMENT((#14145));
#14145 = SURFACE_STYLE_USAGE(.BOTH.,#14146);
#14146 = SURFACE_SIDE_STYLE('',(#14147));
#14147 = SURFACE_STYLE_FILL_AREA(#14148);
#14148 = FILL_AREA_STYLE('',(#14149));
#14149 = FILL_AREA_STYLE_COLOUR('',#12084);
#14150 = OVER_RIDING_STYLED_ITEM('overriding color',(#14151),#11711,
  #12066);
#14151 = PRESENTATION_STYLE_ASSIGNMENT((#14152));
#14152 = SURFACE_STYLE_USAGE(.BOTH.,#14153);
#14153 = SURFACE_SIDE_STYLE('',(#14154));
#14154 = SURFACE_STYLE_FILL_AREA(#14155);
#14155 = FILL_AREA_STYLE('',(#14156));
#14156 = FILL_AREA_STYLE_COLOUR('',#12084);
#14157 = OVER_RIDING_STYLED_ITEM('overriding color',(#14158),#11728,
  #12066);
#14158 = PRESENTATION_STYLE_ASSIGNMENT((#14159));
#14159 = SURFACE_STYLE_USAGE(.BOTH.,#14160);
#14160 = SURFACE_SIDE_STYLE('',(#14161));
#14161 = SURFACE_STYLE_FILL_AREA(#14162);
#14162 = FILL_AREA_STYLE('',(#14163));
#14163 = FILL_AREA_STYLE_COLOUR('',#12084);
#14164 = OVER_RIDING_STYLED_ITEM('overriding color',(#14165),#11740,
  #12066);
#14165 = PRESENTATION_STYLE_ASSIGNMENT((#14166));
#14166 = SURFACE_STYLE_USAGE(.BOTH.,#14167);
#14167 = SURFACE_SIDE_STYLE('',(#14168));
#14168 = SURFACE_STYLE_FILL_AREA(#14169);
#14169 = FILL_AREA_STYLE('',(#14170));
#14170 = FILL_AREA_STYLE_COLOUR('',#12084);
#14171 = OVER_RIDING_STYLED_ITEM('overriding color',(#14172),#11757,
  #12066);
#14172 = PRESENTATION_STYLE_ASSIGNMENT((#14173));
#14173 = SURFACE_STYLE_USAGE(.BOTH.,#14174);
#14174 = SURFACE_SIDE_STYLE('',(#14175));
#14175 = SURFACE_STYLE_FILL_AREA(#14176);
#14176 = FILL_AREA_STYLE('',(#14177));
#14177 = FILL_AREA_STYLE_COLOUR('',#12084);
#14178 = OVER_RIDING_STYLED_ITEM('overriding color',(#14179),#11769,
  #12066);
#14179 = PRESENTATION_STYLE_ASSIGNMENT((#14180));
#14180 = SURFACE_STYLE_USAGE(.BOTH.,#14181);
#14181 = SURFACE_SIDE_STYLE('',(#14182));
#14182 = SURFACE_STYLE_FILL_AREA(#14183);
#14183 = FILL_AREA_STYLE('',(#14184));
#14184 = FILL_AREA_STYLE_COLOUR('',#12084);
#14185 = OVER_RIDING_STYLED_ITEM('overriding color',(#14186),#11786,
  #12066);
#14186 = PRESENTATION_STYLE_ASSIGNMENT((#14187));
#14187 = SURFACE_STYLE_USAGE(.BOTH.,#14188);
#14188 = SURFACE_SIDE_STYLE('',(#14189));
#14189 = SURFACE_STYLE_FILL_AREA(#14190);
#14190 = FILL_AREA_STYLE('',(#14191));
#14191 = FILL_AREA_STYLE_COLOUR('',#12084);
#14192 = OVER_RIDING_STYLED_ITEM('overriding color',(#14193),#11798,
  #12066);
#14193 = PRESENTATION_STYLE_ASSIGNMENT((#14194));
#14194 = SURFACE_STYLE_USAGE(.BOTH.,#14195);
#14195 = SURFACE_SIDE_STYLE('',(#14196));
#14196 = SURFACE_STYLE_FILL_AREA(#14197);
#14197 = FILL_AREA_STYLE('',(#14198));
#14198 = FILL_AREA_STYLE_COLOUR('',#12084);
#14199 = OVER_RIDING_STYLED_ITEM('overriding color',(#14200),#11815,
  #12066);
#14200 = PRESENTATION_STYLE_ASSIGNMENT((#14201));
#14201 = SURFACE_STYLE_USAGE(.BOTH.,#14202);
#14202 = SURFACE_SIDE_STYLE('',(#14203));
#14203 = SURFACE_STYLE_FILL_AREA(#14204);
#14204 = FILL_AREA_STYLE('',(#14205));
#14205 = FILL_AREA_STYLE_COLOUR('',#12084);
#14206 = OVER_RIDING_STYLED_ITEM('overriding color',(#14207),#11827,
  #12066);
#14207 = PRESENTATION_STYLE_ASSIGNMENT((#14208));
#14208 = SURFACE_STYLE_USAGE(.BOTH.,#14209);
#14209 = SURFACE_SIDE_STYLE('',(#14210));
#14210 = SURFACE_STYLE_FILL_AREA(#14211);
#14211 = FILL_AREA_STYLE('',(#14212));
#14212 = FILL_AREA_STYLE_COLOUR('',#12084);
#14213 = OVER_RIDING_STYLED_ITEM('overriding color',(#14214),#11844,
  #12066);
#14214 = PRESENTATION_STYLE_ASSIGNMENT((#14215));
#14215 = SURFACE_STYLE_USAGE(.BOTH.,#14216);
#14216 = SURFACE_SIDE_STYLE('',(#14217));
#14217 = SURFACE_STYLE_FILL_AREA(#14218);
#14218 = FILL_AREA_STYLE('',(#14219));
#14219 = FILL_AREA_STYLE_COLOUR('',#12084);
#14220 = OVER_RIDING_STYLED_ITEM('overriding color',(#14221),#11856,
  #12066);
#14221 = PRESENTATION_STYLE_ASSIGNMENT((#14222));
#14222 = SURFACE_STYLE_USAGE(.BOTH.,#14223);
#14223 = SURFACE_SIDE_STYLE('',(#14224));
#14224 = SURFACE_STYLE_FILL_AREA(#14225);
#14225 = FILL_AREA_STYLE('',(#14226));
#14226 = FILL_AREA_STYLE_COLOUR('',#12084);
#14227 = OVER_RIDING_STYLED_ITEM('overriding color',(#14228),#11873,
  #12066);
#14228 = PRESENTATION_STYLE_ASSIGNMENT((#14229));
#14229 = SURFACE_STYLE_USAGE(.BOTH.,#14230);
#14230 = SURFACE_SIDE_STYLE('',(#14231));
#14231 = SURFACE_STYLE_FILL_AREA(#14232);
#14232 = FILL_AREA_STYLE('',(#14233));
#14233 = FILL_AREA_STYLE_COLOUR('',#12084);
#14234 = OVER_RIDING_STYLED_ITEM('overriding color',(#14235),#11885,
  #12066);
#14235 = PRESENTATION_STYLE_ASSIGNMENT((#14236));
#14236 = SURFACE_STYLE_USAGE(.BOTH.,#14237);
#14237 = SURFACE_SIDE_STYLE('',(#14238));
#14238 = SURFACE_STYLE_FILL_AREA(#14239);
#14239 = FILL_AREA_STYLE('',(#14240));
#14240 = FILL_AREA_STYLE_COLOUR('',#12084);
#14241 = OVER_RIDING_STYLED_ITEM('overriding color',(#14242),#11902,
  #12066);
#14242 = PRESENTATION_STYLE_ASSIGNMENT((#14243));
#14243 = SURFACE_STYLE_USAGE(.BOTH.,#14244);
#14244 = SURFACE_SIDE_STYLE('',(#14245));
#14245 = SURFACE_STYLE_FILL_AREA(#14246);
#14246 = FILL_AREA_STYLE('',(#14247));
#14247 = FILL_AREA_STYLE_COLOUR('',#12084);
#14248 = OVER_RIDING_STYLED_ITEM('overriding color',(#14249),#11914,
  #12066);
#14249 = PRESENTATION_STYLE_ASSIGNMENT((#14250));
#14250 = SURFACE_STYLE_USAGE(.BOTH.,#14251);
#14251 = SURFACE_SIDE_STYLE('',(#14252));
#14252 = SURFACE_STYLE_FILL_AREA(#14253);
#14253 = FILL_AREA_STYLE('',(#14254));
#14254 = FILL_AREA_STYLE_COLOUR('',#12084);
#14255 = OVER_RIDING_STYLED_ITEM('overriding color',(#14256),#11931,
  #12066);
#14256 = PRESENTATION_STYLE_ASSIGNMENT((#14257));
#14257 = SURFACE_STYLE_USAGE(.BOTH.,#14258);
#14258 = SURFACE_SIDE_STYLE('',(#14259));
#14259 = SURFACE_STYLE_FILL_AREA(#14260);
#14260 = FILL_AREA_STYLE('',(#14261));
#14261 = FILL_AREA_STYLE_COLOUR('',#12084);
#14262 = OVER_RIDING_STYLED_ITEM('overriding color',(#14263),#11943,
  #12066);
#14263 = PRESENTATION_STYLE_ASSIGNMENT((#14264));
#14264 = SURFACE_STYLE_USAGE(.BOTH.,#14265);
#14265 = SURFACE_SIDE_STYLE('',(#14266));
#14266 = SURFACE_STYLE_FILL_AREA(#14267);
#14267 = FILL_AREA_STYLE('',(#14268));
#14268 = FILL_AREA_STYLE_COLOUR('',#12084);
#14269 = OVER_RIDING_STYLED_ITEM('overriding color',(#14270),#11960,
  #12066);
#14270 = PRESENTATION_STYLE_ASSIGNMENT((#14271));
#14271 = SURFACE_STYLE_USAGE(.BOTH.,#14272);
#14272 = SURFACE_SIDE_STYLE('',(#14273));
#14273 = SURFACE_STYLE_FILL_AREA(#14274);
#14274 = FILL_AREA_STYLE('',(#14275));
#14275 = FILL_AREA_STYLE_COLOUR('',#12084);
#14276 = OVER_RIDING_STYLED_ITEM('overriding color',(#14277),#11972,
  #12066);
#14277 = PRESENTATION_STYLE_ASSIGNMENT((#14278));
#14278 = SURFACE_STYLE_USAGE(.BOTH.,#14279);
#14279 = SURFACE_SIDE_STYLE('',(#14280));
#14280 = SURFACE_STYLE_FILL_AREA(#14281);
#14281 = FILL_AREA_STYLE('',(#14282));
#14282 = FILL_AREA_STYLE_COLOUR('',#12084);
#14283 = OVER_RIDING_STYLED_ITEM('overriding color',(#14284),#11989,
  #12066);
#14284 = PRESENTATION_STYLE_ASSIGNMENT((#14285));
#14285 = SURFACE_STYLE_USAGE(.BOTH.,#14286);
#14286 = SURFACE_SIDE_STYLE('',(#14287));
#14287 = SURFACE_STYLE_FILL_AREA(#14288);
#14288 = FILL_AREA_STYLE('',(#14289));
#14289 = FILL_AREA_STYLE_COLOUR('',#12084);
#14290 = OVER_RIDING_STYLED_ITEM('overriding color',(#14291),#12001,
  #12066);
#14291 = PRESENTATION_STYLE_ASSIGNMENT((#14292));
#14292 = SURFACE_STYLE_USAGE(.BOTH.,#14293);
#14293 = SURFACE_SIDE_STYLE('',(#14294));
#14294 = SURFACE_STYLE_FILL_AREA(#14295);
#14295 = FILL_AREA_STYLE('',(#14296));
#14296 = FILL_AREA_STYLE_COLOUR('',#12084);
#14297 = OVER_RIDING_STYLED_ITEM('overriding color',(#14298),#12018,
  #12066);
#14298 = PRESENTATION_STYLE_ASSIGNMENT((#14299));
#14299 = SURFACE_STYLE_USAGE(.BOTH.,#14300);
#14300 = SURFACE_SIDE_STYLE('',(#14301));
#14301 = SURFACE_STYLE_FILL_AREA(#14302);
#14302 = FILL_AREA_STYLE('',(#14303));
#14303 = FILL_AREA_STYLE_COLOUR('',#12084);
#14304 = OVER_RIDING_STYLED_ITEM('overriding color',(#14305),#12030,
  #12066);
#14305 = PRESENTATION_STYLE_ASSIGNMENT((#14306));
#14306 = SURFACE_STYLE_USAGE(.BOTH.,#14307);
#14307 = SURFACE_SIDE_STYLE('',(#14308));
#14308 = SURFACE_STYLE_FILL_AREA(#14309);
#14309 = FILL_AREA_STYLE('',(#14310));
#14310 = FILL_AREA_STYLE_COLOUR('',#12084);
#14311 = OVER_RIDING_STYLED_ITEM('overriding color',(#14312),#12047,
  #12066);
#14312 = PRESENTATION_STYLE_ASSIGNMENT((#14313));
#14313 = SURFACE_STYLE_USAGE(.BOTH.,#14314);
#14314 = SURFACE_SIDE_STYLE('',(#14315));
#14315 = SURFACE_STYLE_FILL_AREA(#14316);
#14316 = FILL_AREA_STYLE('',(#14317));
#14317 = FILL_AREA_STYLE_COLOUR('',#12084);
ENDSEC;
END-ISO-10303-21;
