ISO-10303-21;
HEADER;
FILE_DESCRIPTION(('FreeCAD Model'),'2;1');
FILE_NAME('Open CASCADE Shape Model','2026-07-22T17:27:17',('Author'),(
    ''),'Open CASCADE STEP processor 7.8','FreeCAD','Unknown');
FILE_SCHEMA(('AUTOMOTIVE_DESIGN { 1 0 10303 214 1 1 1 1 }'));
ENDSEC;
DATA;
#1 = APPLICATION_PROTOCOL_DEFINITION('international standard',
  'automotive_design',2000,#2);
#2 = APPLICATION_CONTEXT(
  'core data for automotive mechanical design processes');
#3 = SHAPE_DEFINITION_REPRESENTATION(#4,#10);
#4 = PRODUCT_DEFINITION_SHAPE('','',#5);
#5 = PRODUCT_DEFINITION('design','',#6,#9);
#6 = PRODUCT_DEFINITION_FORMATION('','',#7);
#7 = PRODUCT('Pad003','Pad003','',(#8));
#8 = PRODUCT_CONTEXT('',#2,'mechanical');
#9 = PRODUCT_DEFINITION_CONTEXT('part definition',#2,'design');
#10 = ADVANCED_BREP_SHAPE_REPRESENTATION('',(#11,#15),#5147);
#11 = AXIS2_PLACEMENT_3D('',#12,#13,#14);
#12 = CARTESIAN_POINT('',(0.,0.,0.));
#13 = DIRECTION('',(0.,0.,1.));
#14 = DIRECTION('',(1.,0.,-0.));
#15 = MANIFOLD_SOLID_BREP('',#16);
#16 = CLOSED_SHELL('',(#17,#121,#152,#183,#442,#473,#504,#535,#566,#1163
    ,#1203,#1242,#1274,#1298,#1322,#1354,#1379,#1418,#1450,#1474,#1498,
    #1530,#1555,#1594,#1626,#1650,#1674,#1706,#1731,#1770,#1802,#1826,
    #1850,#1882,#1907,#1932,#1957,#1974,#1991,#2008,#2025,#2056,#2080,
    #2120,#2144,#2184,#2208,#2248,#2272,#2312,#2336,#2376,#2400,#2440,
    #2464,#2504,#2528,#2568,#2592,#2616,#2640,#2680,#2704,#2744,#2768,
    #2808,#2832,#2872,#2896,#2936,#2960,#3000,#3024,#3064,#3088,#3128,
    #3145,#3176,#3200,#3240,#3264,#3304,#3328,#3368,#3392,#3432,#3456,
    #3496,#3520,#3560,#3584,#3624,#3648,#3688,#3712,#3736,#3760,#3800,
    #3824,#3864,#3888,#3928,#3952,#3992,#4016,#4056,#4080,#4120,#4144,
    #4184,#4208,#4248,#4265,#4282,#4299,#4316,#4333,#4350,#4362,#4374,
    #4391,#4403,#4415,#4432,#4444,#4456,#4473,#4485,#4497,#4506,#4515,
    #4599,#4616,#4628,#4645,#4657,#4674,#4686,#4703,#4715,#4732,#4744,
    #4761,#4773,#4790,#4802,#4819,#4831,#4915,#4932,#4944,#4961,#4973,
    #4990,#5002,#5019,#5031,#5048,#5060,#5077,#5089,#5106,#5118,#5135));
#17 = ADVANCED_FACE('',(#18),#116,.F.);
#18 = FACE_BOUND('',#19,.F.);
#19 = EDGE_LOOP('',(#20,#30,#38,#46,#54,#62,#70,#78,#86,#94,#102,#110));
#20 = ORIENTED_EDGE('',*,*,#21,.T.);
#21 = EDGE_CURVE('',#22,#24,#26,.T.);
#22 = VERTEX_POINT('',#23);
#23 = CARTESIAN_POINT('',(0.,0.,0.));
#24 = VERTEX_POINT('',#25);
#25 = CARTESIAN_POINT('',(0.,0.,3.));
#26 = LINE('',#27,#28);
#27 = CARTESIAN_POINT('',(0.,0.,0.));
#28 = VECTOR('',#29,1.);
#29 = DIRECTION('',(0.,0.,1.));
#30 = ORIENTED_EDGE('',*,*,#31,.T.);
#31 = EDGE_CURVE('',#24,#32,#34,.T.);
#32 = VERTEX_POINT('',#33);
#33 = CARTESIAN_POINT('',(5.1,0.,3.));
#34 = LINE('',#35,#36);
#35 = CARTESIAN_POINT('',(0.,0.,3.));
#36 = VECTOR('',#37,1.);
#37 = DIRECTION('',(1.,0.,0.));
#38 = ORIENTED_EDGE('',*,*,#39,.F.);
#39 = EDGE_CURVE('',#40,#32,#42,.T.);
#40 = VERTEX_POINT('',#41);
#41 = CARTESIAN_POINT('',(5.1,0.,0.));
#42 = LINE('',#43,#44);
#43 = CARTESIAN_POINT('',(5.1,0.,0.));
#44 = VECTOR('',#45,1.);
#45 = DIRECTION('',(0.,0.,1.));
#46 = ORIENTED_EDGE('',*,*,#47,.F.);
#47 = EDGE_CURVE('',#48,#40,#50,.T.);
#48 = VERTEX_POINT('',#49);
#49 = CARTESIAN_POINT('',(3.85,0.,0.));
#50 = LINE('',#51,#52);
#51 = CARTESIAN_POINT('',(0.,0.,0.));
#52 = VECTOR('',#53,1.);
#53 = DIRECTION('',(1.,0.,0.));
#54 = ORIENTED_EDGE('',*,*,#55,.F.);
#55 = EDGE_CURVE('',#56,#48,#58,.T.);
#56 = VERTEX_POINT('',#57);
#57 = CARTESIAN_POINT('',(3.6,0.,0.));
#58 = LINE('',#59,#60);
#59 = CARTESIAN_POINT('',(0.,0.,0.));
#60 = VECTOR('',#61,1.);
#61 = DIRECTION('',(1.,0.,0.));
#62 = ORIENTED_EDGE('',*,*,#63,.F.);
#63 = EDGE_CURVE('',#64,#56,#66,.T.);
#64 = VERTEX_POINT('',#65);
#65 = CARTESIAN_POINT('',(3.05,0.,0.));
#66 = LINE('',#67,#68);
#67 = CARTESIAN_POINT('',(0.,0.,0.));
#68 = VECTOR('',#69,1.);
#69 = DIRECTION('',(1.,0.,0.));
#70 = ORIENTED_EDGE('',*,*,#71,.F.);
#71 = EDGE_CURVE('',#72,#64,#74,.T.);
#72 = VERTEX_POINT('',#73);
#73 = CARTESIAN_POINT('',(2.8,0.,0.));
#74 = LINE('',#75,#76);
#75 = CARTESIAN_POINT('',(0.,0.,0.));
#76 = VECTOR('',#77,1.);
#77 = DIRECTION('',(1.,0.,0.));
#78 = ORIENTED_EDGE('',*,*,#79,.F.);
#79 = EDGE_CURVE('',#80,#72,#82,.T.);
#80 = VERTEX_POINT('',#81);
#81 = CARTESIAN_POINT('',(2.25,0.,0.));
#82 = LINE('',#83,#84);
#83 = CARTESIAN_POINT('',(0.,0.,0.));
#84 = VECTOR('',#85,1.);
#85 = DIRECTION('',(1.,0.,0.));
#86 = ORIENTED_EDGE('',*,*,#87,.F.);
#87 = EDGE_CURVE('',#88,#80,#90,.T.);
#88 = VERTEX_POINT('',#89);
#89 = CARTESIAN_POINT('',(2.,0.,0.));
#90 = LINE('',#91,#92);
#91 = CARTESIAN_POINT('',(0.,0.,0.));
#92 = VECTOR('',#93,1.);
#93 = DIRECTION('',(1.,0.,0.));
#94 = ORIENTED_EDGE('',*,*,#95,.F.);
#95 = EDGE_CURVE('',#96,#88,#98,.T.);
#96 = VERTEX_POINT('',#97);
#97 = CARTESIAN_POINT('',(1.45,0.,0.));
#98 = LINE('',#99,#100);
#99 = CARTESIAN_POINT('',(0.,0.,0.));
#100 = VECTOR('',#101,1.);
#101 = DIRECTION('',(1.,0.,0.));
#102 = ORIENTED_EDGE('',*,*,#103,.F.);
#103 = EDGE_CURVE('',#104,#96,#106,.T.);
#104 = VERTEX_POINT('',#105);
#105 = CARTESIAN_POINT('',(1.2,0.,0.));
#106 = LINE('',#107,#108);
#107 = CARTESIAN_POINT('',(0.,0.,0.));
#108 = VECTOR('',#109,1.);
#109 = DIRECTION('',(1.,0.,0.));
#110 = ORIENTED_EDGE('',*,*,#111,.F.);
#111 = EDGE_CURVE('',#22,#104,#112,.T.);
#112 = LINE('',#113,#114);
#113 = CARTESIAN_POINT('',(0.,0.,0.));
#114 = VECTOR('',#115,1.);
#115 = DIRECTION('',(1.,0.,0.));
#116 = PLANE('',#117);
#117 = AXIS2_PLACEMENT_3D('',#118,#119,#120);
#118 = CARTESIAN_POINT('',(0.,0.,0.));
#119 = DIRECTION('',(0.,1.,0.));
#120 = DIRECTION('',(1.,0.,0.));
#121 = ADVANCED_FACE('',(#122),#147,.F.);
#122 = FACE_BOUND('',#123,.F.);
#123 = EDGE_LOOP('',(#124,#134,#140,#141));
#124 = ORIENTED_EDGE('',*,*,#125,.T.);
#125 = EDGE_CURVE('',#126,#128,#130,.T.);
#126 = VERTEX_POINT('',#127);
#127 = CARTESIAN_POINT('',(0.,4.4,0.));
#128 = VERTEX_POINT('',#129);
#129 = CARTESIAN_POINT('',(0.,4.4,3.));
#130 = LINE('',#131,#132);
#131 = CARTESIAN_POINT('',(0.,4.4,0.));
#132 = VECTOR('',#133,1.);
#133 = DIRECTION('',(0.,0.,1.));
#134 = ORIENTED_EDGE('',*,*,#135,.T.);
#135 = EDGE_CURVE('',#128,#24,#136,.T.);
#136 = LINE('',#137,#138);
#137 = CARTESIAN_POINT('',(0.,4.4,3.));
#138 = VECTOR('',#139,1.);
#139 = DIRECTION('',(0.,-1.,0.));
#140 = ORIENTED_EDGE('',*,*,#21,.F.);
#141 = ORIENTED_EDGE('',*,*,#142,.F.);
#142 = EDGE_CURVE('',#126,#22,#143,.T.);
#143 = LINE('',#144,#145);
#144 = CARTESIAN_POINT('',(0.,4.4,0.));
#145 = VECTOR('',#146,1.);
#146 = DIRECTION('',(0.,-1.,0.));
#147 = PLANE('',#148);
#148 = AXIS2_PLACEMENT_3D('',#149,#150,#151);
#149 = CARTESIAN_POINT('',(0.,4.4,0.));
#150 = DIRECTION('',(1.,0.,0.));
#151 = DIRECTION('',(0.,-1.,0.));
#152 = ADVANCED_FACE('',(#153),#178,.F.);
#153 = FACE_BOUND('',#154,.F.);
#154 = EDGE_LOOP('',(#155,#156,#164,#172));
#155 = ORIENTED_EDGE('',*,*,#39,.T.);
#156 = ORIENTED_EDGE('',*,*,#157,.T.);
#157 = EDGE_CURVE('',#32,#158,#160,.T.);
#158 = VERTEX_POINT('',#159);
#159 = CARTESIAN_POINT('',(5.1,4.4,3.));
#160 = LINE('',#161,#162);
#161 = CARTESIAN_POINT('',(5.1,0.,3.));
#162 = VECTOR('',#163,1.);
#163 = DIRECTION('',(0.,1.,0.));
#164 = ORIENTED_EDGE('',*,*,#165,.F.);
#165 = EDGE_CURVE('',#166,#158,#168,.T.);
#166 = VERTEX_POINT('',#167);
#167 = CARTESIAN_POINT('',(5.1,4.4,0.));
#168 = LINE('',#169,#170);
#169 = CARTESIAN_POINT('',(5.1,4.4,0.));
#170 = VECTOR('',#171,1.);
#171 = DIRECTION('',(0.,0.,1.));
#172 = ORIENTED_EDGE('',*,*,#173,.F.);
#173 = EDGE_CURVE('',#40,#166,#174,.T.);
#174 = LINE('',#175,#176);
#175 = CARTESIAN_POINT('',(5.1,0.,0.));
#176 = VECTOR('',#177,1.);
#177 = DIRECTION('',(0.,1.,0.));
#178 = PLANE('',#179);
#179 = AXIS2_PLACEMENT_3D('',#180,#181,#182);
#180 = CARTESIAN_POINT('',(5.1,0.,0.));
#181 = DIRECTION('',(-1.,0.,0.));
#182 = DIRECTION('',(0.,1.,0.));
#183 = ADVANCED_FACE('',(#184,#415,#426),#437,.F.);
#184 = FACE_BOUND('',#185,.F.);
#185 = EDGE_LOOP('',(#186,#187,#188,#196,#204,#210,#211,#219,#227,#233,
    #234,#242,#250,#256,#257,#265,#273,#279,#280,#281,#289,#297,#305,
    #313,#321,#329,#337,#345,#353,#361,#369,#377,#385,#393,#401,#409));
#186 = ORIENTED_EDGE('',*,*,#142,.T.);
#187 = ORIENTED_EDGE('',*,*,#111,.T.);
#188 = ORIENTED_EDGE('',*,*,#189,.F.);
#189 = EDGE_CURVE('',#190,#104,#192,.T.);
#190 = VERTEX_POINT('',#191);
#191 = CARTESIAN_POINT('',(1.2,1.2,0.));
#192 = LINE('',#193,#194);
#193 = CARTESIAN_POINT('',(1.2,1.2,0.));
#194 = VECTOR('',#195,1.);
#195 = DIRECTION('',(0.,-1.,0.));
#196 = ORIENTED_EDGE('',*,*,#197,.F.);
#197 = EDGE_CURVE('',#198,#190,#200,.T.);
#198 = VERTEX_POINT('',#199);
#199 = CARTESIAN_POINT('',(1.45,1.2,0.));
#200 = LINE('',#201,#202);
#201 = CARTESIAN_POINT('',(1.45,1.2,0.));
#202 = VECTOR('',#203,1.);
#203 = DIRECTION('',(-1.,0.,0.));
#204 = ORIENTED_EDGE('',*,*,#205,.F.);
#205 = EDGE_CURVE('',#96,#198,#206,.T.);
#206 = LINE('',#207,#208);
#207 = CARTESIAN_POINT('',(1.45,-0.6,0.));
#208 = VECTOR('',#209,1.);
#209 = DIRECTION('',(0.,1.,0.));
#210 = ORIENTED_EDGE('',*,*,#95,.T.);
#211 = ORIENTED_EDGE('',*,*,#212,.F.);
#212 = EDGE_CURVE('',#213,#88,#215,.T.);
#213 = VERTEX_POINT('',#214);
#214 = CARTESIAN_POINT('',(2.,1.2,0.));
#215 = LINE('',#216,#217);
#216 = CARTESIAN_POINT('',(2.,1.2,0.));
#217 = VECTOR('',#218,1.);
#218 = DIRECTION('',(0.,-1.,0.));
#219 = ORIENTED_EDGE('',*,*,#220,.F.);
#220 = EDGE_CURVE('',#221,#213,#223,.T.);
#221 = VERTEX_POINT('',#222);
#222 = CARTESIAN_POINT('',(2.25,1.2,0.));
#223 = LINE('',#224,#225);
#224 = CARTESIAN_POINT('',(2.25,1.2,0.));
#225 = VECTOR('',#226,1.);
#226 = DIRECTION('',(-1.,0.,0.));
#227 = ORIENTED_EDGE('',*,*,#228,.F.);
#228 = EDGE_CURVE('',#80,#221,#229,.T.);
#229 = LINE('',#230,#231);
#230 = CARTESIAN_POINT('',(2.25,-0.6,0.));
#231 = VECTOR('',#232,1.);
#232 = DIRECTION('',(0.,1.,0.));
#233 = ORIENTED_EDGE('',*,*,#79,.T.);
#234 = ORIENTED_EDGE('',*,*,#235,.F.);
#235 = EDGE_CURVE('',#236,#72,#238,.T.);
#236 = VERTEX_POINT('',#237);
#237 = CARTESIAN_POINT('',(2.8,1.2,0.));
#238 = LINE('',#239,#240);
#239 = CARTESIAN_POINT('',(2.8,1.2,0.));
#240 = VECTOR('',#241,1.);
#241 = DIRECTION('',(0.,-1.,0.));
#242 = ORIENTED_EDGE('',*,*,#243,.F.);
#243 = EDGE_CURVE('',#244,#236,#246,.T.);
#244 = VERTEX_POINT('',#245);
#245 = CARTESIAN_POINT('',(3.05,1.2,0.));
#246 = LINE('',#247,#248);
#247 = CARTESIAN_POINT('',(3.05,1.2,0.));
#248 = VECTOR('',#249,1.);
#249 = DIRECTION('',(-1.,0.,0.));
#250 = ORIENTED_EDGE('',*,*,#251,.F.);
#251 = EDGE_CURVE('',#64,#244,#252,.T.);
#252 = LINE('',#253,#254);
#253 = CARTESIAN_POINT('',(3.05,-0.6,0.));
#254 = VECTOR('',#255,1.);
#255 = DIRECTION('',(0.,1.,0.));
#256 = ORIENTED_EDGE('',*,*,#63,.T.);
#257 = ORIENTED_EDGE('',*,*,#258,.F.);
#258 = EDGE_CURVE('',#259,#56,#261,.T.);
#259 = VERTEX_POINT('',#260);
#260 = CARTESIAN_POINT('',(3.6,1.2,0.));
#261 = LINE('',#262,#263);
#262 = CARTESIAN_POINT('',(3.6,1.2,0.));
#263 = VECTOR('',#264,1.);
#264 = DIRECTION('',(0.,-1.,0.));
#265 = ORIENTED_EDGE('',*,*,#266,.F.);
#266 = EDGE_CURVE('',#267,#259,#269,.T.);
#267 = VERTEX_POINT('',#268);
#268 = CARTESIAN_POINT('',(3.85,1.2,0.));
#269 = LINE('',#270,#271);
#270 = CARTESIAN_POINT('',(3.85,1.2,0.));
#271 = VECTOR('',#272,1.);
#272 = DIRECTION('',(-1.,0.,0.));
#273 = ORIENTED_EDGE('',*,*,#274,.F.);
#274 = EDGE_CURVE('',#48,#267,#275,.T.);
#275 = LINE('',#276,#277);
#276 = CARTESIAN_POINT('',(3.85,-0.6,0.));
#277 = VECTOR('',#278,1.);
#278 = DIRECTION('',(0.,1.,0.));
#279 = ORIENTED_EDGE('',*,*,#47,.T.);
#280 = ORIENTED_EDGE('',*,*,#173,.T.);
#281 = ORIENTED_EDGE('',*,*,#282,.T.);
#282 = EDGE_CURVE('',#166,#283,#285,.T.);
#283 = VERTEX_POINT('',#284);
#284 = CARTESIAN_POINT('',(3.85,4.4,0.));
#285 = LINE('',#286,#287);
#286 = CARTESIAN_POINT('',(5.1,4.4,0.));
#287 = VECTOR('',#288,1.);
#288 = DIRECTION('',(-1.,0.,0.));
#289 = ORIENTED_EDGE('',*,*,#290,.F.);
#290 = EDGE_CURVE('',#291,#283,#293,.T.);
#291 = VERTEX_POINT('',#292);
#292 = CARTESIAN_POINT('',(3.85,3.2,0.));
#293 = LINE('',#294,#295);
#294 = CARTESIAN_POINT('',(3.85,3.2,0.));
#295 = VECTOR('',#296,1.);
#296 = DIRECTION('',(0.,1.,0.));
#297 = ORIENTED_EDGE('',*,*,#298,.F.);
#298 = EDGE_CURVE('',#299,#291,#301,.T.);
#299 = VERTEX_POINT('',#300);
#300 = CARTESIAN_POINT('',(3.6,3.2,0.));
#301 = LINE('',#302,#303);
#302 = CARTESIAN_POINT('',(3.6,3.2,0.));
#303 = VECTOR('',#304,1.);
#304 = DIRECTION('',(1.,0.,0.));
#305 = ORIENTED_EDGE('',*,*,#306,.F.);
#306 = EDGE_CURVE('',#307,#299,#309,.T.);
#307 = VERTEX_POINT('',#308);
#308 = CARTESIAN_POINT('',(3.6,4.4,0.));
#309 = LINE('',#310,#311);
#310 = CARTESIAN_POINT('',(3.6,5.,0.));
#311 = VECTOR('',#312,1.);
#312 = DIRECTION('',(0.,-1.,0.));
#313 = ORIENTED_EDGE('',*,*,#314,.T.);
#314 = EDGE_CURVE('',#307,#315,#317,.T.);
#315 = VERTEX_POINT('',#316);
#316 = CARTESIAN_POINT('',(3.05,4.4,0.));
#317 = LINE('',#318,#319);
#318 = CARTESIAN_POINT('',(5.1,4.4,0.));
#319 = VECTOR('',#320,1.);
#320 = DIRECTION('',(-1.,0.,0.));
#321 = ORIENTED_EDGE('',*,*,#322,.F.);
#322 = EDGE_CURVE('',#323,#315,#325,.T.);
#323 = VERTEX_POINT('',#324);
#324 = CARTESIAN_POINT('',(3.05,3.2,0.));
#325 = LINE('',#326,#327);
#326 = CARTESIAN_POINT('',(3.05,3.2,0.));
#327 = VECTOR('',#328,1.);
#328 = DIRECTION('',(0.,1.,0.));
#329 = ORIENTED_EDGE('',*,*,#330,.F.);
#330 = EDGE_CURVE('',#331,#323,#333,.T.);
#331 = VERTEX_POINT('',#332);
#332 = CARTESIAN_POINT('',(2.8,3.2,0.));
#333 = LINE('',#334,#335);
#334 = CARTESIAN_POINT('',(2.8,3.2,0.));
#335 = VECTOR('',#336,1.);
#336 = DIRECTION('',(1.,0.,0.));
#337 = ORIENTED_EDGE('',*,*,#338,.F.);
#338 = EDGE_CURVE('',#339,#331,#341,.T.);
#339 = VERTEX_POINT('',#340);
#340 = CARTESIAN_POINT('',(2.8,4.4,0.));
#341 = LINE('',#342,#343);
#342 = CARTESIAN_POINT('',(2.8,5.,0.));
#343 = VECTOR('',#344,1.);
#344 = DIRECTION('',(0.,-1.,0.));
#345 = ORIENTED_EDGE('',*,*,#346,.T.);
#346 = EDGE_CURVE('',#339,#347,#349,.T.);
#347 = VERTEX_POINT('',#348);
#348 = CARTESIAN_POINT('',(2.25,4.4,0.));
#349 = LINE('',#350,#351);
#350 = CARTESIAN_POINT('',(5.1,4.4,0.));
#351 = VECTOR('',#352,1.);
#352 = DIRECTION('',(-1.,0.,0.));
#353 = ORIENTED_EDGE('',*,*,#354,.F.);
#354 = EDGE_CURVE('',#355,#347,#357,.T.);
#355 = VERTEX_POINT('',#356);
#356 = CARTESIAN_POINT('',(2.25,3.2,0.));
#357 = LINE('',#358,#359);
#358 = CARTESIAN_POINT('',(2.25,3.2,0.));
#359 = VECTOR('',#360,1.);
#360 = DIRECTION('',(0.,1.,0.));
#361 = ORIENTED_EDGE('',*,*,#362,.F.);
#362 = EDGE_CURVE('',#363,#355,#365,.T.);
#363 = VERTEX_POINT('',#364);
#364 = CARTESIAN_POINT('',(2.,3.2,0.));
#365 = LINE('',#366,#367);
#366 = CARTESIAN_POINT('',(2.,3.2,0.));
#367 = VECTOR('',#368,1.);
#368 = DIRECTION('',(1.,0.,0.));
#369 = ORIENTED_EDGE('',*,*,#370,.F.);
#370 = EDGE_CURVE('',#371,#363,#373,.T.);
#371 = VERTEX_POINT('',#372);
#372 = CARTESIAN_POINT('',(2.,4.4,0.));
#373 = LINE('',#374,#375);
#374 = CARTESIAN_POINT('',(2.,5.,0.));
#375 = VECTOR('',#376,1.);
#376 = DIRECTION('',(0.,-1.,0.));
#377 = ORIENTED_EDGE('',*,*,#378,.T.);
#378 = EDGE_CURVE('',#371,#379,#381,.T.);
#379 = VERTEX_POINT('',#380);
#380 = CARTESIAN_POINT('',(1.45,4.4,0.));
#381 = LINE('',#382,#383);
#382 = CARTESIAN_POINT('',(5.1,4.4,0.));
#383 = VECTOR('',#384,1.);
#384 = DIRECTION('',(-1.,0.,0.));
#385 = ORIENTED_EDGE('',*,*,#386,.F.);
#386 = EDGE_CURVE('',#387,#379,#389,.T.);
#387 = VERTEX_POINT('',#388);
#388 = CARTESIAN_POINT('',(1.45,3.2,0.));
#389 = LINE('',#390,#391);
#390 = CARTESIAN_POINT('',(1.45,3.2,0.));
#391 = VECTOR('',#392,1.);
#392 = DIRECTION('',(0.,1.,0.));
#393 = ORIENTED_EDGE('',*,*,#394,.F.);
#394 = EDGE_CURVE('',#395,#387,#397,.T.);
#395 = VERTEX_POINT('',#396);
#396 = CARTESIAN_POINT('',(1.2,3.2,0.));
#397 = LINE('',#398,#399);
#398 = CARTESIAN_POINT('',(1.2,3.2,0.));
#399 = VECTOR('',#400,1.);
#400 = DIRECTION('',(1.,0.,0.));
#401 = ORIENTED_EDGE('',*,*,#402,.F.);
#402 = EDGE_CURVE('',#403,#395,#405,.T.);
#403 = VERTEX_POINT('',#404);
#404 = CARTESIAN_POINT('',(1.2,4.4,0.));
#405 = LINE('',#406,#407);
#406 = CARTESIAN_POINT('',(1.2,5.,0.));
#407 = VECTOR('',#408,1.);
#408 = DIRECTION('',(0.,-1.,0.));
#409 = ORIENTED_EDGE('',*,*,#410,.T.);
#410 = EDGE_CURVE('',#403,#126,#411,.T.);
#411 = LINE('',#412,#413);
#412 = CARTESIAN_POINT('',(5.1,4.4,0.));
#413 = VECTOR('',#414,1.);
#414 = DIRECTION('',(-1.,0.,0.));
#415 = FACE_BOUND('',#416,.F.);
#416 = EDGE_LOOP('',(#417));
#417 = ORIENTED_EDGE('',*,*,#418,.T.);
#418 = EDGE_CURVE('',#419,#419,#421,.T.);
#419 = VERTEX_POINT('',#420);
#420 = CARTESIAN_POINT('',(0.7,0.95,0.));
#421 = CIRCLE('',#422,0.25);
#422 = AXIS2_PLACEMENT_3D('',#423,#424,#425);
#423 = CARTESIAN_POINT('',(0.45,0.95,0.));
#424 = DIRECTION('',(0.,0.,-1.));
#425 = DIRECTION('',(1.,0.,0.));
#426 = FACE_BOUND('',#427,.F.);
#427 = EDGE_LOOP('',(#428));
#428 = ORIENTED_EDGE('',*,*,#429,.T.);
#429 = EDGE_CURVE('',#430,#430,#432,.T.);
#430 = VERTEX_POINT('',#431);
#431 = CARTESIAN_POINT('',(4.9,0.95,0.));
#432 = CIRCLE('',#433,0.25);
#433 = AXIS2_PLACEMENT_3D('',#434,#435,#436);
#434 = CARTESIAN_POINT('',(4.65,0.95,0.));
#435 = DIRECTION('',(0.,0.,-1.));
#436 = DIRECTION('',(1.,0.,0.));
#437 = PLANE('',#438);
#438 = AXIS2_PLACEMENT_3D('',#439,#440,#441);
#439 = CARTESIAN_POINT('',(2.55,2.2,0.));
#440 = DIRECTION('',(0.,0.,1.));
#441 = DIRECTION('',(1.,0.,0.));
#442 = ADVANCED_FACE('',(#443),#468,.T.);
#443 = FACE_BOUND('',#444,.T.);
#444 = EDGE_LOOP('',(#445,#446,#454,#462));
#445 = ORIENTED_EDGE('',*,*,#103,.F.);
#446 = ORIENTED_EDGE('',*,*,#447,.T.);
#447 = EDGE_CURVE('',#104,#448,#450,.T.);
#448 = VERTEX_POINT('',#449);
#449 = CARTESIAN_POINT('',(1.2,-0.6,0.));
#450 = LINE('',#451,#452);
#451 = CARTESIAN_POINT('',(1.2,1.2,0.));
#452 = VECTOR('',#453,1.);
#453 = DIRECTION('',(0.,-1.,0.));
#454 = ORIENTED_EDGE('',*,*,#455,.T.);
#455 = EDGE_CURVE('',#448,#456,#458,.T.);
#456 = VERTEX_POINT('',#457);
#457 = CARTESIAN_POINT('',(1.45,-0.6,0.));
#458 = LINE('',#459,#460);
#459 = CARTESIAN_POINT('',(1.2,-0.6,0.));
#460 = VECTOR('',#461,1.);
#461 = DIRECTION('',(1.,0.,0.));
#462 = ORIENTED_EDGE('',*,*,#463,.T.);
#463 = EDGE_CURVE('',#456,#96,#464,.T.);
#464 = LINE('',#465,#466);
#465 = CARTESIAN_POINT('',(1.45,-0.6,0.));
#466 = VECTOR('',#467,1.);
#467 = DIRECTION('',(0.,1.,0.));
#468 = PLANE('',#469);
#469 = AXIS2_PLACEMENT_3D('',#470,#471,#472);
#470 = CARTESIAN_POINT('',(2.525,2.2,0.));
#471 = DIRECTION('',(0.,0.,1.));
#472 = DIRECTION('',(1.,0.,0.));
#473 = ADVANCED_FACE('',(#474),#499,.T.);
#474 = FACE_BOUND('',#475,.T.);
#475 = EDGE_LOOP('',(#476,#477,#485,#493));
#476 = ORIENTED_EDGE('',*,*,#87,.F.);
#477 = ORIENTED_EDGE('',*,*,#478,.T.);
#478 = EDGE_CURVE('',#88,#479,#481,.T.);
#479 = VERTEX_POINT('',#480);
#480 = CARTESIAN_POINT('',(2.,-0.6,0.));
#481 = LINE('',#482,#483);
#482 = CARTESIAN_POINT('',(2.,1.2,0.));
#483 = VECTOR('',#484,1.);
#484 = DIRECTION('',(0.,-1.,0.));
#485 = ORIENTED_EDGE('',*,*,#486,.T.);
#486 = EDGE_CURVE('',#479,#487,#489,.T.);
#487 = VERTEX_POINT('',#488);
#488 = CARTESIAN_POINT('',(2.25,-0.6,0.));
#489 = LINE('',#490,#491);
#490 = CARTESIAN_POINT('',(2.,-0.6,0.));
#491 = VECTOR('',#492,1.);
#492 = DIRECTION('',(1.,0.,0.));
#493 = ORIENTED_EDGE('',*,*,#494,.T.);
#494 = EDGE_CURVE('',#487,#80,#495,.T.);
#495 = LINE('',#496,#497);
#496 = CARTESIAN_POINT('',(2.25,-0.6,0.));
#497 = VECTOR('',#498,1.);
#498 = DIRECTION('',(0.,1.,0.));
#499 = PLANE('',#500);
#500 = AXIS2_PLACEMENT_3D('',#501,#502,#503);
#501 = CARTESIAN_POINT('',(2.525,2.2,0.));
#502 = DIRECTION('',(0.,0.,1.));
#503 = DIRECTION('',(1.,0.,0.));
#504 = ADVANCED_FACE('',(#505),#530,.T.);
#505 = FACE_BOUND('',#506,.T.);
#506 = EDGE_LOOP('',(#507,#508,#516,#524));
#507 = ORIENTED_EDGE('',*,*,#71,.F.);
#508 = ORIENTED_EDGE('',*,*,#509,.T.);
#509 = EDGE_CURVE('',#72,#510,#512,.T.);
#510 = VERTEX_POINT('',#511);
#511 = CARTESIAN_POINT('',(2.8,-0.6,0.));
#512 = LINE('',#513,#514);
#513 = CARTESIAN_POINT('',(2.8,1.2,0.));
#514 = VECTOR('',#515,1.);
#515 = DIRECTION('',(0.,-1.,0.));
#516 = ORIENTED_EDGE('',*,*,#517,.T.);
#517 = EDGE_CURVE('',#510,#518,#520,.T.);
#518 = VERTEX_POINT('',#519);
#519 = CARTESIAN_POINT('',(3.05,-0.6,0.));
#520 = LINE('',#521,#522);
#521 = CARTESIAN_POINT('',(2.8,-0.6,0.));
#522 = VECTOR('',#523,1.);
#523 = DIRECTION('',(1.,0.,0.));
#524 = ORIENTED_EDGE('',*,*,#525,.T.);
#525 = EDGE_CURVE('',#518,#64,#526,.T.);
#526 = LINE('',#527,#528);
#527 = CARTESIAN_POINT('',(3.05,-0.6,0.));
#528 = VECTOR('',#529,1.);
#529 = DIRECTION('',(0.,1.,0.));
#530 = PLANE('',#531);
#531 = AXIS2_PLACEMENT_3D('',#532,#533,#534);
#532 = CARTESIAN_POINT('',(2.525,2.2,0.));
#533 = DIRECTION('',(0.,0.,1.));
#534 = DIRECTION('',(1.,0.,0.));
#535 = ADVANCED_FACE('',(#536),#561,.T.);
#536 = FACE_BOUND('',#537,.T.);
#537 = EDGE_LOOP('',(#538,#539,#547,#555));
#538 = ORIENTED_EDGE('',*,*,#55,.F.);
#539 = ORIENTED_EDGE('',*,*,#540,.T.);
#540 = EDGE_CURVE('',#56,#541,#543,.T.);
#541 = VERTEX_POINT('',#542);
#542 = CARTESIAN_POINT('',(3.6,-0.6,0.));
#543 = LINE('',#544,#545);
#544 = CARTESIAN_POINT('',(3.6,1.2,0.));
#545 = VECTOR('',#546,1.);
#546 = DIRECTION('',(0.,-1.,0.));
#547 = ORIENTED_EDGE('',*,*,#548,.T.);
#548 = EDGE_CURVE('',#541,#549,#551,.T.);
#549 = VERTEX_POINT('',#550);
#550 = CARTESIAN_POINT('',(3.85,-0.6,0.));
#551 = LINE('',#552,#553);
#552 = CARTESIAN_POINT('',(3.6,-0.6,0.));
#553 = VECTOR('',#554,1.);
#554 = DIRECTION('',(1.,0.,0.));
#555 = ORIENTED_EDGE('',*,*,#556,.T.);
#556 = EDGE_CURVE('',#549,#48,#557,.T.);
#557 = LINE('',#558,#559);
#558 = CARTESIAN_POINT('',(3.85,-0.6,0.));
#559 = VECTOR('',#560,1.);
#560 = DIRECTION('',(0.,1.,0.));
#561 = PLANE('',#562);
#562 = AXIS2_PLACEMENT_3D('',#563,#564,#565);
#563 = CARTESIAN_POINT('',(2.525,2.2,0.));
#564 = DIRECTION('',(0.,0.,1.));
#565 = DIRECTION('',(1.,0.,0.));
#566 = ADVANCED_FACE('',(#567,#578,#868),#1158,.T.);
#567 = FACE_BOUND('',#568,.T.);
#568 = EDGE_LOOP('',(#569,#570,#571,#577));
#569 = ORIENTED_EDGE('',*,*,#31,.T.);
#570 = ORIENTED_EDGE('',*,*,#157,.T.);
#571 = ORIENTED_EDGE('',*,*,#572,.T.);
#572 = EDGE_CURVE('',#158,#128,#573,.T.);
#573 = LINE('',#574,#575);
#574 = CARTESIAN_POINT('',(5.1,4.4,3.));
#575 = VECTOR('',#576,1.);
#576 = DIRECTION('',(-1.,0.,0.));
#577 = ORIENTED_EDGE('',*,*,#135,.T.);
#578 = FACE_BOUND('',#579,.T.);
#579 = EDGE_LOOP('',(#580,#590,#598,#606,#614,#622,#630,#638,#646,#654,
    #662,#670,#678,#686,#694,#702,#710,#718,#726,#734,#742,#750,#758,
    #766,#774,#782,#790,#798,#806,#814,#822,#830,#838,#846,#854,#862));
#580 = ORIENTED_EDGE('',*,*,#581,.F.);
#581 = EDGE_CURVE('',#582,#584,#586,.T.);
#582 = VERTEX_POINT('',#583);
#583 = CARTESIAN_POINT('',(0.82,1.649653,3.));
#584 = VERTEX_POINT('',#585);
#585 = CARTESIAN_POINT('',(0.82,0.849653,3.));
#586 = LINE('',#587,#588);
#587 = CARTESIAN_POINT('',(0.82,1.649653,3.));
#588 = VECTOR('',#589,1.);
#589 = DIRECTION('',(0.,-1.,0.));
#590 = ORIENTED_EDGE('',*,*,#591,.F.);
#591 = EDGE_CURVE('',#592,#582,#594,.T.);
#592 = VERTEX_POINT('',#593);
#593 = CARTESIAN_POINT('',(1.2,1.649653,3.));
#594 = LINE('',#595,#596);
#595 = CARTESIAN_POINT('',(4.28,1.649653,3.));
#596 = VECTOR('',#597,1.);
#597 = DIRECTION('',(-1.,0.,0.));
#598 = ORIENTED_EDGE('',*,*,#599,.T.);
#599 = EDGE_CURVE('',#592,#600,#602,.T.);
#600 = VERTEX_POINT('',#601);
#601 = CARTESIAN_POINT('',(1.2,1.747161,3.));
#602 = LINE('',#603,#604);
#603 = CARTESIAN_POINT('',(1.2,1.9735805,3.));
#604 = VECTOR('',#605,1.);
#605 = DIRECTION('',(-0.,1.,0.));
#606 = ORIENTED_EDGE('',*,*,#607,.T.);
#607 = EDGE_CURVE('',#600,#608,#610,.T.);
#608 = VERTEX_POINT('',#609);
#609 = CARTESIAN_POINT('',(1.45,1.747161,3.));
#610 = LINE('',#611,#612);
#611 = CARTESIAN_POINT('',(2.,1.747161,3.));
#612 = VECTOR('',#613,1.);
#613 = DIRECTION('',(1.,0.,-0.));
#614 = ORIENTED_EDGE('',*,*,#615,.T.);
#615 = EDGE_CURVE('',#608,#616,#618,.T.);
#616 = VERTEX_POINT('',#617);
#617 = CARTESIAN_POINT('',(1.45,1.649653,3.));
#618 = LINE('',#619,#620);
#619 = CARTESIAN_POINT('',(1.45,1.873581,3.));
#620 = VECTOR('',#621,1.);
#621 = DIRECTION('',(0.,-1.,0.));
#622 = ORIENTED_EDGE('',*,*,#623,.F.);
#623 = EDGE_CURVE('',#624,#616,#626,.T.);
#624 = VERTEX_POINT('',#625);
#625 = CARTESIAN_POINT('',(2.,1.649653,3.));
#626 = LINE('',#627,#628);
#627 = CARTESIAN_POINT('',(4.28,1.649653,3.));
#628 = VECTOR('',#629,1.);
#629 = DIRECTION('',(-1.,0.,0.));
#630 = ORIENTED_EDGE('',*,*,#631,.T.);
#631 = EDGE_CURVE('',#624,#632,#634,.T.);
#632 = VERTEX_POINT('',#633);
#633 = CARTESIAN_POINT('',(2.,1.747161,3.));
#634 = LINE('',#635,#636);
#635 = CARTESIAN_POINT('',(2.,1.9735805,3.));
#636 = VECTOR('',#637,1.);
#637 = DIRECTION('',(-0.,1.,0.));
#638 = ORIENTED_EDGE('',*,*,#639,.T.);
#639 = EDGE_CURVE('',#632,#640,#642,.T.);
#640 = VERTEX_POINT('',#641);
#641 = CARTESIAN_POINT('',(2.25,1.747161,3.));
#642 = LINE('',#643,#644);
#643 = CARTESIAN_POINT('',(2.4,1.747161,3.));
#644 = VECTOR('',#645,1.);
#645 = DIRECTION('',(1.,0.,-0.));
#646 = ORIENTED_EDGE('',*,*,#647,.T.);
#647 = EDGE_CURVE('',#640,#648,#650,.T.);
#648 = VERTEX_POINT('',#649);
#649 = CARTESIAN_POINT('',(2.25,1.649653,3.));
#650 = LINE('',#651,#652);
#651 = CARTESIAN_POINT('',(2.25,1.8735805,3.));
#652 = VECTOR('',#653,1.);
#653 = DIRECTION('',(0.,-1.,0.));
#654 = ORIENTED_EDGE('',*,*,#655,.F.);
#655 = EDGE_CURVE('',#656,#648,#658,.T.);
#656 = VERTEX_POINT('',#657);
#657 = CARTESIAN_POINT('',(2.8,1.649653,3.));
#658 = LINE('',#659,#660);
#659 = CARTESIAN_POINT('',(4.28,1.649653,3.));
#660 = VECTOR('',#661,1.);
#661 = DIRECTION('',(-1.,0.,0.));
#662 = ORIENTED_EDGE('',*,*,#663,.T.);
#663 = EDGE_CURVE('',#656,#664,#666,.T.);
#664 = VERTEX_POINT('',#665);
#665 = CARTESIAN_POINT('',(2.8,1.747161,3.));
#666 = LINE('',#667,#668);
#667 = CARTESIAN_POINT('',(2.8,1.9735805,3.));
#668 = VECTOR('',#669,1.);
#669 = DIRECTION('',(-0.,1.,0.));
#670 = ORIENTED_EDGE('',*,*,#671,.T.);
#671 = EDGE_CURVE('',#664,#672,#674,.T.);
#672 = VERTEX_POINT('',#673);
#673 = CARTESIAN_POINT('',(3.05,1.747161,3.));
#674 = LINE('',#675,#676);
#675 = CARTESIAN_POINT('',(2.8,1.747161,3.));
#676 = VECTOR('',#677,1.);
#677 = DIRECTION('',(1.,0.,-0.));
#678 = ORIENTED_EDGE('',*,*,#679,.T.);
#679 = EDGE_CURVE('',#672,#680,#682,.T.);
#680 = VERTEX_POINT('',#681);
#681 = CARTESIAN_POINT('',(3.05,1.649653,3.));
#682 = LINE('',#683,#684);
#683 = CARTESIAN_POINT('',(3.05,1.8735805,3.));
#684 = VECTOR('',#685,1.);
#685 = DIRECTION('',(0.,-1.,0.));
#686 = ORIENTED_EDGE('',*,*,#687,.F.);
#687 = EDGE_CURVE('',#688,#680,#690,.T.);
#688 = VERTEX_POINT('',#689);
#689 = CARTESIAN_POINT('',(3.6,1.649653,3.));
#690 = LINE('',#691,#692);
#691 = CARTESIAN_POINT('',(4.28,1.649653,3.));
#692 = VECTOR('',#693,1.);
#693 = DIRECTION('',(-1.,0.,0.));
#694 = ORIENTED_EDGE('',*,*,#695,.T.);
#695 = EDGE_CURVE('',#688,#696,#698,.T.);
#696 = VERTEX_POINT('',#697);
#697 = CARTESIAN_POINT('',(3.6,1.747161,3.));
#698 = LINE('',#699,#700);
#699 = CARTESIAN_POINT('',(3.6,1.9735805,3.));
#700 = VECTOR('',#701,1.);
#701 = DIRECTION('',(-0.,1.,0.));
#702 = ORIENTED_EDGE('',*,*,#703,.T.);
#703 = EDGE_CURVE('',#696,#704,#706,.T.);
#704 = VERTEX_POINT('',#705);
#705 = CARTESIAN_POINT('',(3.85,1.747161,3.));
#706 = LINE('',#707,#708);
#707 = CARTESIAN_POINT('',(3.2,1.747161,3.));
#708 = VECTOR('',#709,1.);
#709 = DIRECTION('',(1.,0.,-0.));
#710 = ORIENTED_EDGE('',*,*,#711,.T.);
#711 = EDGE_CURVE('',#704,#712,#714,.T.);
#712 = VERTEX_POINT('',#713);
#713 = CARTESIAN_POINT('',(3.85,1.649653,3.));
#714 = LINE('',#715,#716);
#715 = CARTESIAN_POINT('',(3.85,1.8735805,3.));
#716 = VECTOR('',#717,1.);
#717 = DIRECTION('',(0.,-1.,0.));
#718 = ORIENTED_EDGE('',*,*,#719,.F.);
#719 = EDGE_CURVE('',#720,#712,#722,.T.);
#720 = VERTEX_POINT('',#721);
#721 = CARTESIAN_POINT('',(4.28,1.649653,3.));
#722 = LINE('',#723,#724);
#723 = CARTESIAN_POINT('',(4.28,1.649653,3.));
#724 = VECTOR('',#725,1.);
#725 = DIRECTION('',(-1.,0.,0.));
#726 = ORIENTED_EDGE('',*,*,#727,.F.);
#727 = EDGE_CURVE('',#728,#720,#730,.T.);
#728 = VERTEX_POINT('',#729);
#729 = CARTESIAN_POINT('',(4.28,0.849653,3.));
#730 = LINE('',#731,#732);
#731 = CARTESIAN_POINT('',(4.28,0.849653,3.));
#732 = VECTOR('',#733,1.);
#733 = DIRECTION('',(0.,1.,0.));
#734 = ORIENTED_EDGE('',*,*,#735,.F.);
#735 = EDGE_CURVE('',#736,#728,#738,.T.);
#736 = VERTEX_POINT('',#737);
#737 = CARTESIAN_POINT('',(3.85,0.849653,3.));
#738 = LINE('',#739,#740);
#739 = CARTESIAN_POINT('',(0.82,0.849653,3.));
#740 = VECTOR('',#741,1.);
#741 = DIRECTION('',(1.,0.,0.));
#742 = ORIENTED_EDGE('',*,*,#743,.T.);
#743 = EDGE_CURVE('',#736,#744,#746,.T.);
#744 = VERTEX_POINT('',#745);
#745 = CARTESIAN_POINT('',(3.85,0.747161,3.));
#746 = LINE('',#747,#748);
#747 = CARTESIAN_POINT('',(3.85,1.4735805,3.));
#748 = VECTOR('',#749,1.);
#749 = DIRECTION('',(0.,-1.,0.));
#750 = ORIENTED_EDGE('',*,*,#751,.T.);
#751 = EDGE_CURVE('',#744,#752,#754,.T.);
#752 = VERTEX_POINT('',#753);
#753 = CARTESIAN_POINT('',(3.6,0.747161,3.));
#754 = LINE('',#755,#756);
#755 = CARTESIAN_POINT('',(3.075,0.747161,3.));
#756 = VECTOR('',#757,1.);
#757 = DIRECTION('',(-1.,0.,0.));
#758 = ORIENTED_EDGE('',*,*,#759,.T.);
#759 = EDGE_CURVE('',#752,#760,#762,.T.);
#760 = VERTEX_POINT('',#761);
#761 = CARTESIAN_POINT('',(3.6,0.849653,3.));
#762 = LINE('',#763,#764);
#763 = CARTESIAN_POINT('',(3.6,1.5735805,3.));
#764 = VECTOR('',#765,1.);
#765 = DIRECTION('',(-0.,1.,0.));
#766 = ORIENTED_EDGE('',*,*,#767,.F.);
#767 = EDGE_CURVE('',#768,#760,#770,.T.);
#768 = VERTEX_POINT('',#769);
#769 = CARTESIAN_POINT('',(3.05,0.849653,3.));
#770 = LINE('',#771,#772);
#771 = CARTESIAN_POINT('',(0.82,0.849653,3.));
#772 = VECTOR('',#773,1.);
#773 = DIRECTION('',(1.,0.,0.));
#774 = ORIENTED_EDGE('',*,*,#775,.T.);
#775 = EDGE_CURVE('',#768,#776,#778,.T.);
#776 = VERTEX_POINT('',#777);
#777 = CARTESIAN_POINT('',(3.05,0.747161,3.));
#778 = LINE('',#779,#780);
#779 = CARTESIAN_POINT('',(3.05,1.4735805,3.));
#780 = VECTOR('',#781,1.);
#781 = DIRECTION('',(0.,-1.,0.));
#782 = ORIENTED_EDGE('',*,*,#783,.T.);
#783 = EDGE_CURVE('',#776,#784,#786,.T.);
#784 = VERTEX_POINT('',#785);
#785 = CARTESIAN_POINT('',(2.8,0.747161,3.));
#786 = LINE('',#787,#788);
#787 = CARTESIAN_POINT('',(2.675,0.747161,3.));
#788 = VECTOR('',#789,1.);
#789 = DIRECTION('',(-1.,0.,0.));
#790 = ORIENTED_EDGE('',*,*,#791,.T.);
#791 = EDGE_CURVE('',#784,#792,#794,.T.);
#792 = VERTEX_POINT('',#793);
#793 = CARTESIAN_POINT('',(2.8,0.849653,3.));
#794 = LINE('',#795,#796);
#795 = CARTESIAN_POINT('',(2.8,1.5735805,3.));
#796 = VECTOR('',#797,1.);
#797 = DIRECTION('',(-0.,1.,0.));
#798 = ORIENTED_EDGE('',*,*,#799,.F.);
#799 = EDGE_CURVE('',#800,#792,#802,.T.);
#800 = VERTEX_POINT('',#801);
#801 = CARTESIAN_POINT('',(2.25,0.849653,3.));
#802 = LINE('',#803,#804);
#803 = CARTESIAN_POINT('',(0.82,0.849653,3.));
#804 = VECTOR('',#805,1.);
#805 = DIRECTION('',(1.,0.,0.));
#806 = ORIENTED_EDGE('',*,*,#807,.T.);
#807 = EDGE_CURVE('',#800,#808,#810,.T.);
#808 = VERTEX_POINT('',#809);
#809 = CARTESIAN_POINT('',(2.25,0.747161,3.));
#810 = LINE('',#811,#812);
#811 = CARTESIAN_POINT('',(2.25,1.4735805,3.));
#812 = VECTOR('',#813,1.);
#813 = DIRECTION('',(0.,-1.,0.));
#814 = ORIENTED_EDGE('',*,*,#815,.T.);
#815 = EDGE_CURVE('',#808,#816,#818,.T.);
#816 = VERTEX_POINT('',#817);
#817 = CARTESIAN_POINT('',(2.,0.747161,3.));
#818 = LINE('',#819,#820);
#819 = CARTESIAN_POINT('',(2.275,0.747161,3.));
#820 = VECTOR('',#821,1.);
#821 = DIRECTION('',(-1.,0.,0.));
#822 = ORIENTED_EDGE('',*,*,#823,.T.);
#823 = EDGE_CURVE('',#816,#824,#826,.T.);
#824 = VERTEX_POINT('',#825);
#825 = CARTESIAN_POINT('',(2.,0.849653,3.));
#826 = LINE('',#827,#828);
#827 = CARTESIAN_POINT('',(2.,1.5735805,3.));
#828 = VECTOR('',#829,1.);
#829 = DIRECTION('',(-0.,1.,0.));
#830 = ORIENTED_EDGE('',*,*,#831,.F.);
#831 = EDGE_CURVE('',#832,#824,#834,.T.);
#832 = VERTEX_POINT('',#833);
#833 = CARTESIAN_POINT('',(1.45,0.849653,3.));
#834 = LINE('',#835,#836);
#835 = CARTESIAN_POINT('',(0.82,0.849653,3.));
#836 = VECTOR('',#837,1.);
#837 = DIRECTION('',(1.,0.,0.));
#838 = ORIENTED_EDGE('',*,*,#839,.T.);
#839 = EDGE_CURVE('',#832,#840,#842,.T.);
#840 = VERTEX_POINT('',#841);
#841 = CARTESIAN_POINT('',(1.45,0.747161,3.));
#842 = LINE('',#843,#844);
#843 = CARTESIAN_POINT('',(1.45,1.4735805,3.));
#844 = VECTOR('',#845,1.);
#845 = DIRECTION('',(0.,-1.,0.));
#846 = ORIENTED_EDGE('',*,*,#847,.T.);
#847 = EDGE_CURVE('',#840,#848,#850,.T.);
#848 = VERTEX_POINT('',#849);
#849 = CARTESIAN_POINT('',(1.2,0.747161,3.));
#850 = LINE('',#851,#852);
#851 = CARTESIAN_POINT('',(1.875,0.747161,3.));
#852 = VECTOR('',#853,1.);
#853 = DIRECTION('',(-1.,0.,0.));
#854 = ORIENTED_EDGE('',*,*,#855,.T.);
#855 = EDGE_CURVE('',#848,#856,#858,.T.);
#856 = VERTEX_POINT('',#857);
#857 = CARTESIAN_POINT('',(1.2,0.849653,3.));
#858 = LINE('',#859,#860);
#859 = CARTESIAN_POINT('',(1.2,1.5735805,3.));
#860 = VECTOR('',#861,1.);
#861 = DIRECTION('',(-0.,1.,0.));
#862 = ORIENTED_EDGE('',*,*,#863,.F.);
#863 = EDGE_CURVE('',#584,#856,#864,.T.);
#864 = LINE('',#865,#866);
#865 = CARTESIAN_POINT('',(0.82,0.849653,3.));
#866 = VECTOR('',#867,1.);
#867 = DIRECTION('',(1.,0.,0.));
#868 = FACE_BOUND('',#869,.T.);
#869 = EDGE_LOOP('',(#870,#880,#888,#896,#904,#912,#920,#928,#936,#944,
    #952,#960,#968,#976,#984,#992,#1000,#1008,#1016,#1024,#1032,#1040,
    #1048,#1056,#1064,#1072,#1080,#1088,#1096,#1104,#1112,#1120,#1128,
    #1136,#1144,#1152));
#870 = ORIENTED_EDGE('',*,*,#871,.F.);
#871 = EDGE_CURVE('',#872,#874,#876,.T.);
#872 = VERTEX_POINT('',#873);
#873 = CARTESIAN_POINT('',(0.82,3.549724,3.));
#874 = VERTEX_POINT('',#875);
#875 = CARTESIAN_POINT('',(0.82,2.749724,3.));
#876 = LINE('',#877,#878);
#877 = CARTESIAN_POINT('',(0.82,3.549724,3.));
#878 = VECTOR('',#879,1.);
#879 = DIRECTION('',(0.,-1.,0.));
#880 = ORIENTED_EDGE('',*,*,#881,.F.);
#881 = EDGE_CURVE('',#882,#872,#884,.T.);
#882 = VERTEX_POINT('',#883);
#883 = CARTESIAN_POINT('',(1.2,3.549724,3.));
#884 = LINE('',#885,#886);
#885 = CARTESIAN_POINT('',(4.28,3.549724,3.));
#886 = VECTOR('',#887,1.);
#887 = DIRECTION('',(-1.,0.,0.));
#888 = ORIENTED_EDGE('',*,*,#889,.T.);
#889 = EDGE_CURVE('',#882,#890,#892,.T.);
#890 = VERTEX_POINT('',#891);
#891 = CARTESIAN_POINT('',(1.2,3.6471615,3.));
#892 = LINE('',#893,#894);
#893 = CARTESIAN_POINT('',(1.2,2.92358075,3.));
#894 = VECTOR('',#895,1.);
#895 = DIRECTION('',(-0.,1.,0.));
#896 = ORIENTED_EDGE('',*,*,#897,.T.);
#897 = EDGE_CURVE('',#890,#898,#900,.T.);
#898 = VERTEX_POINT('',#899);
#899 = CARTESIAN_POINT('',(1.45,3.6471615,3.));
#900 = LINE('',#901,#902);
#901 = CARTESIAN_POINT('',(2.,3.6471615,3.));
#902 = VECTOR('',#903,1.);
#903 = DIRECTION('',(1.,0.,-0.));
#904 = ORIENTED_EDGE('',*,*,#905,.T.);
#905 = EDGE_CURVE('',#898,#906,#908,.T.);
#906 = VERTEX_POINT('',#907);
#907 = CARTESIAN_POINT('',(1.45,3.549724,3.));
#908 = LINE('',#909,#910);
#909 = CARTESIAN_POINT('',(1.45,2.82358075,3.));
#910 = VECTOR('',#911,1.);
#911 = DIRECTION('',(0.,-1.,0.));
#912 = ORIENTED_EDGE('',*,*,#913,.F.);
#913 = EDGE_CURVE('',#914,#906,#916,.T.);
#914 = VERTEX_POINT('',#915);
#915 = CARTESIAN_POINT('',(2.,3.549724,3.));
#916 = LINE('',#917,#918);
#917 = CARTESIAN_POINT('',(4.28,3.549724,3.));
#918 = VECTOR('',#919,1.);
#919 = DIRECTION('',(-1.,0.,0.));
#920 = ORIENTED_EDGE('',*,*,#921,.T.);
#921 = EDGE_CURVE('',#914,#922,#924,.T.);
#922 = VERTEX_POINT('',#923);
#923 = CARTESIAN_POINT('',(2.,3.647161,3.));
#924 = LINE('',#925,#926);
#925 = CARTESIAN_POINT('',(2.,2.9235805,3.));
#926 = VECTOR('',#927,1.);
#927 = DIRECTION('',(-0.,1.,0.));
#928 = ORIENTED_EDGE('',*,*,#929,.T.);
#929 = EDGE_CURVE('',#922,#930,#932,.T.);
#930 = VERTEX_POINT('',#931);
#931 = CARTESIAN_POINT('',(2.25,3.647161,3.));
#932 = LINE('',#933,#934);
#933 = CARTESIAN_POINT('',(2.4,3.647161,3.));
#934 = VECTOR('',#935,1.);
#935 = DIRECTION('',(1.,0.,-0.));
#936 = ORIENTED_EDGE('',*,*,#937,.T.);
#937 = EDGE_CURVE('',#930,#938,#940,.T.);
#938 = VERTEX_POINT('',#939);
#939 = CARTESIAN_POINT('',(2.25,3.549724,3.));
#940 = LINE('',#941,#942);
#941 = CARTESIAN_POINT('',(2.25,2.8235805,3.));
#942 = VECTOR('',#943,1.);
#943 = DIRECTION('',(0.,-1.,0.));
#944 = ORIENTED_EDGE('',*,*,#945,.F.);
#945 = EDGE_CURVE('',#946,#938,#948,.T.);
#946 = VERTEX_POINT('',#947);
#947 = CARTESIAN_POINT('',(2.8,3.549724,3.));
#948 = LINE('',#949,#950);
#949 = CARTESIAN_POINT('',(4.28,3.549724,3.));
#950 = VECTOR('',#951,1.);
#951 = DIRECTION('',(-1.,0.,0.));
#952 = ORIENTED_EDGE('',*,*,#953,.T.);
#953 = EDGE_CURVE('',#946,#954,#956,.T.);
#954 = VERTEX_POINT('',#955);
#955 = CARTESIAN_POINT('',(2.8,3.647161,3.));
#956 = LINE('',#957,#958);
#957 = CARTESIAN_POINT('',(2.8,2.9235805,3.));
#958 = VECTOR('',#959,1.);
#959 = DIRECTION('',(-0.,1.,0.));
#960 = ORIENTED_EDGE('',*,*,#961,.T.);
#961 = EDGE_CURVE('',#954,#962,#964,.T.);
#962 = VERTEX_POINT('',#963);
#963 = CARTESIAN_POINT('',(3.05,3.647161,3.));
#964 = LINE('',#965,#966);
#965 = CARTESIAN_POINT('',(2.8,3.647161,3.));
#966 = VECTOR('',#967,1.);
#967 = DIRECTION('',(1.,0.,-0.));
#968 = ORIENTED_EDGE('',*,*,#969,.T.);
#969 = EDGE_CURVE('',#962,#970,#972,.T.);
#970 = VERTEX_POINT('',#971);
#971 = CARTESIAN_POINT('',(3.05,3.549724,3.));
#972 = LINE('',#973,#974);
#973 = CARTESIAN_POINT('',(3.05,2.8235805,3.));
#974 = VECTOR('',#975,1.);
#975 = DIRECTION('',(0.,-1.,0.));
#976 = ORIENTED_EDGE('',*,*,#977,.F.);
#977 = EDGE_CURVE('',#978,#970,#980,.T.);
#978 = VERTEX_POINT('',#979);
#979 = CARTESIAN_POINT('',(3.6,3.549724,3.));
#980 = LINE('',#981,#982);
#981 = CARTESIAN_POINT('',(4.28,3.549724,3.));
#982 = VECTOR('',#983,1.);
#983 = DIRECTION('',(-1.,0.,0.));
#984 = ORIENTED_EDGE('',*,*,#985,.T.);
#985 = EDGE_CURVE('',#978,#986,#988,.T.);
#986 = VERTEX_POINT('',#987);
#987 = CARTESIAN_POINT('',(3.6,3.647161,3.));
#988 = LINE('',#989,#990);
#989 = CARTESIAN_POINT('',(3.6,2.9235805,3.));
#990 = VECTOR('',#991,1.);
#991 = DIRECTION('',(-0.,1.,0.));
#992 = ORIENTED_EDGE('',*,*,#993,.T.);
#993 = EDGE_CURVE('',#986,#994,#996,.T.);
#994 = VERTEX_POINT('',#995);
#995 = CARTESIAN_POINT('',(3.85,3.647161,3.));
#996 = LINE('',#997,#998);
#997 = CARTESIAN_POINT('',(3.2,3.647161,3.));
#998 = VECTOR('',#999,1.);
#999 = DIRECTION('',(1.,0.,-0.));
#1000 = ORIENTED_EDGE('',*,*,#1001,.T.);
#1001 = EDGE_CURVE('',#994,#1002,#1004,.T.);
#1002 = VERTEX_POINT('',#1003);
#1003 = CARTESIAN_POINT('',(3.85,3.549724,3.));
#1004 = LINE('',#1005,#1006);
#1005 = CARTESIAN_POINT('',(3.85,2.8235805,3.));
#1006 = VECTOR('',#1007,1.);
#1007 = DIRECTION('',(0.,-1.,0.));
#1008 = ORIENTED_EDGE('',*,*,#1009,.F.);
#1009 = EDGE_CURVE('',#1010,#1002,#1012,.T.);
#1010 = VERTEX_POINT('',#1011);
#1011 = CARTESIAN_POINT('',(4.28,3.549724,3.));
#1012 = LINE('',#1013,#1014);
#1013 = CARTESIAN_POINT('',(4.28,3.549724,3.));
#1014 = VECTOR('',#1015,1.);
#1015 = DIRECTION('',(-1.,0.,0.));
#1016 = ORIENTED_EDGE('',*,*,#1017,.F.);
#1017 = EDGE_CURVE('',#1018,#1010,#1020,.T.);
#1018 = VERTEX_POINT('',#1019);
#1019 = CARTESIAN_POINT('',(4.28,2.749724,3.));
#1020 = LINE('',#1021,#1022);
#1021 = CARTESIAN_POINT('',(4.28,2.749724,3.));
#1022 = VECTOR('',#1023,1.);
#1023 = DIRECTION('',(0.,1.,0.));
#1024 = ORIENTED_EDGE('',*,*,#1025,.F.);
#1025 = EDGE_CURVE('',#1026,#1018,#1028,.T.);
#1026 = VERTEX_POINT('',#1027);
#1027 = CARTESIAN_POINT('',(3.85,2.749724,3.));
#1028 = LINE('',#1029,#1030);
#1029 = CARTESIAN_POINT('',(0.82,2.749724,3.));
#1030 = VECTOR('',#1031,1.);
#1031 = DIRECTION('',(1.,0.,0.));
#1032 = ORIENTED_EDGE('',*,*,#1033,.T.);
#1033 = EDGE_CURVE('',#1026,#1034,#1036,.T.);
#1034 = VERTEX_POINT('',#1035);
#1035 = CARTESIAN_POINT('',(3.85,2.647161,3.));
#1036 = LINE('',#1037,#1038);
#1037 = CARTESIAN_POINT('',(3.85,2.4235805,3.));
#1038 = VECTOR('',#1039,1.);
#1039 = DIRECTION('',(0.,-1.,0.));
#1040 = ORIENTED_EDGE('',*,*,#1041,.T.);
#1041 = EDGE_CURVE('',#1034,#1042,#1044,.T.);
#1042 = VERTEX_POINT('',#1043);
#1043 = CARTESIAN_POINT('',(3.6,2.647161,3.));
#1044 = LINE('',#1045,#1046);
#1045 = CARTESIAN_POINT('',(3.075,2.647161,3.));
#1046 = VECTOR('',#1047,1.);
#1047 = DIRECTION('',(-1.,0.,0.));
#1048 = ORIENTED_EDGE('',*,*,#1049,.T.);
#1049 = EDGE_CURVE('',#1042,#1050,#1052,.T.);
#1050 = VERTEX_POINT('',#1051);
#1051 = CARTESIAN_POINT('',(3.6,2.749724,3.));
#1052 = LINE('',#1053,#1054);
#1053 = CARTESIAN_POINT('',(3.6,2.5235805,3.));
#1054 = VECTOR('',#1055,1.);
#1055 = DIRECTION('',(-0.,1.,0.));
#1056 = ORIENTED_EDGE('',*,*,#1057,.F.);
#1057 = EDGE_CURVE('',#1058,#1050,#1060,.T.);
#1058 = VERTEX_POINT('',#1059);
#1059 = CARTESIAN_POINT('',(3.05,2.749724,3.));
#1060 = LINE('',#1061,#1062);
#1061 = CARTESIAN_POINT('',(0.82,2.749724,3.));
#1062 = VECTOR('',#1063,1.);
#1063 = DIRECTION('',(1.,0.,0.));
#1064 = ORIENTED_EDGE('',*,*,#1065,.T.);
#1065 = EDGE_CURVE('',#1058,#1066,#1068,.T.);
#1066 = VERTEX_POINT('',#1067);
#1067 = CARTESIAN_POINT('',(3.05,2.647161,3.));
#1068 = LINE('',#1069,#1070);
#1069 = CARTESIAN_POINT('',(3.05,2.4235805,3.));
#1070 = VECTOR('',#1071,1.);
#1071 = DIRECTION('',(0.,-1.,0.));
#1072 = ORIENTED_EDGE('',*,*,#1073,.T.);
#1073 = EDGE_CURVE('',#1066,#1074,#1076,.T.);
#1074 = VERTEX_POINT('',#1075);
#1075 = CARTESIAN_POINT('',(2.8,2.647161,3.));
#1076 = LINE('',#1077,#1078);
#1077 = CARTESIAN_POINT('',(2.675,2.647161,3.));
#1078 = VECTOR('',#1079,1.);
#1079 = DIRECTION('',(-1.,0.,0.));
#1080 = ORIENTED_EDGE('',*,*,#1081,.T.);
#1081 = EDGE_CURVE('',#1074,#1082,#1084,.T.);
#1082 = VERTEX_POINT('',#1083);
#1083 = CARTESIAN_POINT('',(2.8,2.749724,3.));
#1084 = LINE('',#1085,#1086);
#1085 = CARTESIAN_POINT('',(2.8,2.5235805,3.));
#1086 = VECTOR('',#1087,1.);
#1087 = DIRECTION('',(-0.,1.,0.));
#1088 = ORIENTED_EDGE('',*,*,#1089,.F.);
#1089 = EDGE_CURVE('',#1090,#1082,#1092,.T.);
#1090 = VERTEX_POINT('',#1091);
#1091 = CARTESIAN_POINT('',(2.25,2.749724,3.));
#1092 = LINE('',#1093,#1094);
#1093 = CARTESIAN_POINT('',(0.82,2.749724,3.));
#1094 = VECTOR('',#1095,1.);
#1095 = DIRECTION('',(1.,0.,0.));
#1096 = ORIENTED_EDGE('',*,*,#1097,.T.);
#1097 = EDGE_CURVE('',#1090,#1098,#1100,.T.);
#1098 = VERTEX_POINT('',#1099);
#1099 = CARTESIAN_POINT('',(2.25,2.647161,3.));
#1100 = LINE('',#1101,#1102);
#1101 = CARTESIAN_POINT('',(2.25,2.4235805,3.));
#1102 = VECTOR('',#1103,1.);
#1103 = DIRECTION('',(0.,-1.,0.));
#1104 = ORIENTED_EDGE('',*,*,#1105,.T.);
#1105 = EDGE_CURVE('',#1098,#1106,#1108,.T.);
#1106 = VERTEX_POINT('',#1107);
#1107 = CARTESIAN_POINT('',(2.,2.647161,3.));
#1108 = LINE('',#1109,#1110);
#1109 = CARTESIAN_POINT('',(2.275,2.647161,3.));
#1110 = VECTOR('',#1111,1.);
#1111 = DIRECTION('',(-1.,0.,0.));
#1112 = ORIENTED_EDGE('',*,*,#1113,.T.);
#1113 = EDGE_CURVE('',#1106,#1114,#1116,.T.);
#1114 = VERTEX_POINT('',#1115);
#1115 = CARTESIAN_POINT('',(2.,2.749724,3.));
#1116 = LINE('',#1117,#1118);
#1117 = CARTESIAN_POINT('',(2.,2.5235805,3.));
#1118 = VECTOR('',#1119,1.);
#1119 = DIRECTION('',(-0.,1.,0.));
#1120 = ORIENTED_EDGE('',*,*,#1121,.F.);
#1121 = EDGE_CURVE('',#1122,#1114,#1124,.T.);
#1122 = VERTEX_POINT('',#1123);
#1123 = CARTESIAN_POINT('',(1.45,2.749724,3.));
#1124 = LINE('',#1125,#1126);
#1125 = CARTESIAN_POINT('',(0.82,2.749724,3.));
#1126 = VECTOR('',#1127,1.);
#1127 = DIRECTION('',(1.,0.,0.));
#1128 = ORIENTED_EDGE('',*,*,#1129,.T.);
#1129 = EDGE_CURVE('',#1122,#1130,#1132,.T.);
#1130 = VERTEX_POINT('',#1131);
#1131 = CARTESIAN_POINT('',(1.45,2.647161,3.));
#1132 = LINE('',#1133,#1134);
#1133 = CARTESIAN_POINT('',(1.45,2.4235805,3.));
#1134 = VECTOR('',#1135,1.);
#1135 = DIRECTION('',(0.,-1.,0.));
#1136 = ORIENTED_EDGE('',*,*,#1137,.T.);
#1137 = EDGE_CURVE('',#1130,#1138,#1140,.T.);
#1138 = VERTEX_POINT('',#1139);
#1139 = CARTESIAN_POINT('',(1.2,2.647161,3.));
#1140 = LINE('',#1141,#1142);
#1141 = CARTESIAN_POINT('',(1.875,2.647161,3.));
#1142 = VECTOR('',#1143,1.);
#1143 = DIRECTION('',(-1.,0.,0.));
#1144 = ORIENTED_EDGE('',*,*,#1145,.T.);
#1145 = EDGE_CURVE('',#1138,#1146,#1148,.T.);
#1146 = VERTEX_POINT('',#1147);
#1147 = CARTESIAN_POINT('',(1.2,2.749724,3.));
#1148 = LINE('',#1149,#1150);
#1149 = CARTESIAN_POINT('',(1.2,2.5235805,3.));
#1150 = VECTOR('',#1151,1.);
#1151 = DIRECTION('',(-0.,1.,0.));
#1152 = ORIENTED_EDGE('',*,*,#1153,.F.);
#1153 = EDGE_CURVE('',#874,#1146,#1154,.T.);
#1154 = LINE('',#1155,#1156);
#1155 = CARTESIAN_POINT('',(0.82,2.749724,3.));
#1156 = VECTOR('',#1157,1.);
#1157 = DIRECTION('',(1.,0.,0.));
#1158 = PLANE('',#1159);
#1159 = AXIS2_PLACEMENT_3D('',#1160,#1161,#1162);
#1160 = CARTESIAN_POINT('',(2.55,2.2,3.));
#1161 = DIRECTION('',(0.,0.,1.));
#1162 = DIRECTION('',(1.,0.,0.));
#1163 = ADVANCED_FACE('',(#1164),#1198,.F.);
#1164 = FACE_BOUND('',#1165,.F.);
#1165 = EDGE_LOOP('',(#1166,#1167,#1168,#1169,#1170,#1176,#1177,#1183,
    #1184,#1190,#1191,#1197));
#1166 = ORIENTED_EDGE('',*,*,#165,.T.);
#1167 = ORIENTED_EDGE('',*,*,#572,.T.);
#1168 = ORIENTED_EDGE('',*,*,#125,.F.);
#1169 = ORIENTED_EDGE('',*,*,#410,.F.);
#1170 = ORIENTED_EDGE('',*,*,#1171,.F.);
#1171 = EDGE_CURVE('',#379,#403,#1172,.T.);
#1172 = LINE('',#1173,#1174);
#1173 = CARTESIAN_POINT('',(5.1,4.4,0.));
#1174 = VECTOR('',#1175,1.);
#1175 = DIRECTION('',(-1.,0.,0.));
#1176 = ORIENTED_EDGE('',*,*,#378,.F.);
#1177 = ORIENTED_EDGE('',*,*,#1178,.F.);
#1178 = EDGE_CURVE('',#347,#371,#1179,.T.);
#1179 = LINE('',#1180,#1181);
#1180 = CARTESIAN_POINT('',(5.1,4.4,0.));
#1181 = VECTOR('',#1182,1.);
#1182 = DIRECTION('',(-1.,0.,0.));
#1183 = ORIENTED_EDGE('',*,*,#346,.F.);
#1184 = ORIENTED_EDGE('',*,*,#1185,.F.);
#1185 = EDGE_CURVE('',#315,#339,#1186,.T.);
#1186 = LINE('',#1187,#1188);
#1187 = CARTESIAN_POINT('',(5.1,4.4,0.));
#1188 = VECTOR('',#1189,1.);
#1189 = DIRECTION('',(-1.,0.,0.));
#1190 = ORIENTED_EDGE('',*,*,#314,.F.);
#1191 = ORIENTED_EDGE('',*,*,#1192,.F.);
#1192 = EDGE_CURVE('',#283,#307,#1193,.T.);
#1193 = LINE('',#1194,#1195);
#1194 = CARTESIAN_POINT('',(5.1,4.4,0.));
#1195 = VECTOR('',#1196,1.);
#1196 = DIRECTION('',(-1.,0.,0.));
#1197 = ORIENTED_EDGE('',*,*,#282,.F.);
#1198 = PLANE('',#1199);
#1199 = AXIS2_PLACEMENT_3D('',#1200,#1201,#1202);
#1200 = CARTESIAN_POINT('',(5.1,4.4,0.));
#1201 = DIRECTION('',(0.,-1.,0.));
#1202 = DIRECTION('',(-1.,0.,0.));
#1203 = ADVANCED_FACE('',(#1204),#1237,.T.);
#1204 = FACE_BOUND('',#1205,.T.);
#1205 = EDGE_LOOP('',(#1206,#1216,#1224,#1230,#1231));
#1206 = ORIENTED_EDGE('',*,*,#1207,.T.);
#1207 = EDGE_CURVE('',#1208,#1210,#1212,.T.);
#1208 = VERTEX_POINT('',#1209);
#1209 = CARTESIAN_POINT('',(1.2,5.,0.));
#1210 = VERTEX_POINT('',#1211);
#1211 = CARTESIAN_POINT('',(1.2,5.,-0.1));
#1212 = LINE('',#1213,#1214);
#1213 = CARTESIAN_POINT('',(1.2,5.,0.));
#1214 = VECTOR('',#1215,1.);
#1215 = DIRECTION('',(-0.,-0.,-1.));
#1216 = ORIENTED_EDGE('',*,*,#1217,.T.);
#1217 = EDGE_CURVE('',#1210,#1218,#1220,.T.);
#1218 = VERTEX_POINT('',#1219);
#1219 = CARTESIAN_POINT('',(1.2,3.2,-0.1));
#1220 = LINE('',#1221,#1222);
#1221 = CARTESIAN_POINT('',(1.2,5.,-0.1));
#1222 = VECTOR('',#1223,1.);
#1223 = DIRECTION('',(0.,-1.,0.));
#1224 = ORIENTED_EDGE('',*,*,#1225,.F.);
#1225 = EDGE_CURVE('',#395,#1218,#1226,.T.);
#1226 = LINE('',#1227,#1228);
#1227 = CARTESIAN_POINT('',(1.2,3.2,0.));
#1228 = VECTOR('',#1229,1.);
#1229 = DIRECTION('',(-0.,-0.,-1.));
#1230 = ORIENTED_EDGE('',*,*,#402,.F.);
#1231 = ORIENTED_EDGE('',*,*,#1232,.F.);
#1232 = EDGE_CURVE('',#1208,#403,#1233,.T.);
#1233 = LINE('',#1234,#1235);
#1234 = CARTESIAN_POINT('',(1.2,5.,0.));
#1235 = VECTOR('',#1236,1.);
#1236 = DIRECTION('',(0.,-1.,0.));
#1237 = PLANE('',#1238);
#1238 = AXIS2_PLACEMENT_3D('',#1239,#1240,#1241);
#1239 = CARTESIAN_POINT('',(1.2,5.,0.));
#1240 = DIRECTION('',(-1.,0.,0.));
#1241 = DIRECTION('',(0.,-1.,0.));
#1242 = ADVANCED_FACE('',(#1243),#1269,.T.);
#1243 = FACE_BOUND('',#1244,.T.);
#1244 = EDGE_LOOP('',(#1245,#1253,#1261,#1267,#1268));
#1245 = ORIENTED_EDGE('',*,*,#1246,.T.);
#1246 = EDGE_CURVE('',#190,#1247,#1249,.T.);
#1247 = VERTEX_POINT('',#1248);
#1248 = CARTESIAN_POINT('',(1.2,1.2,-0.1));
#1249 = LINE('',#1250,#1251);
#1250 = CARTESIAN_POINT('',(1.2,1.2,0.));
#1251 = VECTOR('',#1252,1.);
#1252 = DIRECTION('',(-0.,-0.,-1.));
#1253 = ORIENTED_EDGE('',*,*,#1254,.T.);
#1254 = EDGE_CURVE('',#1247,#1255,#1257,.T.);
#1255 = VERTEX_POINT('',#1256);
#1256 = CARTESIAN_POINT('',(1.2,-0.6,-0.1));
#1257 = LINE('',#1258,#1259);
#1258 = CARTESIAN_POINT('',(1.2,1.2,-0.1));
#1259 = VECTOR('',#1260,1.);
#1260 = DIRECTION('',(0.,-1.,0.));
#1261 = ORIENTED_EDGE('',*,*,#1262,.F.);
#1262 = EDGE_CURVE('',#448,#1255,#1263,.T.);
#1263 = LINE('',#1264,#1265);
#1264 = CARTESIAN_POINT('',(1.2,-0.6,0.));
#1265 = VECTOR('',#1266,1.);
#1266 = DIRECTION('',(-0.,-0.,-1.));
#1267 = ORIENTED_EDGE('',*,*,#447,.F.);
#1268 = ORIENTED_EDGE('',*,*,#189,.F.);
#1269 = PLANE('',#1270);
#1270 = AXIS2_PLACEMENT_3D('',#1271,#1272,#1273);
#1271 = CARTESIAN_POINT('',(1.2,1.2,0.));
#1272 = DIRECTION('',(-1.,0.,0.));
#1273 = DIRECTION('',(0.,-1.,0.));
#1274 = ADVANCED_FACE('',(#1275),#1293,.T.);
#1275 = FACE_BOUND('',#1276,.T.);
#1276 = EDGE_LOOP('',(#1277,#1278,#1286,#1292));
#1277 = ORIENTED_EDGE('',*,*,#1225,.T.);
#1278 = ORIENTED_EDGE('',*,*,#1279,.T.);
#1279 = EDGE_CURVE('',#1218,#1280,#1282,.T.);
#1280 = VERTEX_POINT('',#1281);
#1281 = CARTESIAN_POINT('',(1.45,3.2,-0.1));
#1282 = LINE('',#1283,#1284);
#1283 = CARTESIAN_POINT('',(1.2,3.2,-0.1));
#1284 = VECTOR('',#1285,1.);
#1285 = DIRECTION('',(1.,0.,0.));
#1286 = ORIENTED_EDGE('',*,*,#1287,.F.);
#1287 = EDGE_CURVE('',#387,#1280,#1288,.T.);
#1288 = LINE('',#1289,#1290);
#1289 = CARTESIAN_POINT('',(1.45,3.2,0.));
#1290 = VECTOR('',#1291,1.);
#1291 = DIRECTION('',(-0.,-0.,-1.));
#1292 = ORIENTED_EDGE('',*,*,#394,.F.);
#1293 = PLANE('',#1294);
#1294 = AXIS2_PLACEMENT_3D('',#1295,#1296,#1297);
#1295 = CARTESIAN_POINT('',(1.2,3.2,0.));
#1296 = DIRECTION('',(0.,-1.,0.));
#1297 = DIRECTION('',(1.,0.,0.));
#1298 = ADVANCED_FACE('',(#1299),#1317,.T.);
#1299 = FACE_BOUND('',#1300,.T.);
#1300 = EDGE_LOOP('',(#1301,#1309,#1315,#1316));
#1301 = ORIENTED_EDGE('',*,*,#1302,.T.);
#1302 = EDGE_CURVE('',#198,#1303,#1305,.T.);
#1303 = VERTEX_POINT('',#1304);
#1304 = CARTESIAN_POINT('',(1.45,1.2,-0.1));
#1305 = LINE('',#1306,#1307);
#1306 = CARTESIAN_POINT('',(1.45,1.2,0.));
#1307 = VECTOR('',#1308,1.);
#1308 = DIRECTION('',(-0.,-0.,-1.));
#1309 = ORIENTED_EDGE('',*,*,#1310,.T.);
#1310 = EDGE_CURVE('',#1303,#1247,#1311,.T.);
#1311 = LINE('',#1312,#1313);
#1312 = CARTESIAN_POINT('',(1.45,1.2,-0.1));
#1313 = VECTOR('',#1314,1.);
#1314 = DIRECTION('',(-1.,0.,0.));
#1315 = ORIENTED_EDGE('',*,*,#1246,.F.);
#1316 = ORIENTED_EDGE('',*,*,#197,.F.);
#1317 = PLANE('',#1318);
#1318 = AXIS2_PLACEMENT_3D('',#1319,#1320,#1321);
#1319 = CARTESIAN_POINT('',(1.45,1.2,0.));
#1320 = DIRECTION('',(0.,1.,0.));
#1321 = DIRECTION('',(-1.,0.,0.));
#1322 = ADVANCED_FACE('',(#1323),#1349,.T.);
#1323 = FACE_BOUND('',#1324,.T.);
#1324 = EDGE_LOOP('',(#1325,#1326,#1334,#1342,#1348));
#1325 = ORIENTED_EDGE('',*,*,#1287,.T.);
#1326 = ORIENTED_EDGE('',*,*,#1327,.T.);
#1327 = EDGE_CURVE('',#1280,#1328,#1330,.T.);
#1328 = VERTEX_POINT('',#1329);
#1329 = CARTESIAN_POINT('',(1.45,5.,-0.1));
#1330 = LINE('',#1331,#1332);
#1331 = CARTESIAN_POINT('',(1.45,3.2,-0.1));
#1332 = VECTOR('',#1333,1.);
#1333 = DIRECTION('',(0.,1.,0.));
#1334 = ORIENTED_EDGE('',*,*,#1335,.F.);
#1335 = EDGE_CURVE('',#1336,#1328,#1338,.T.);
#1336 = VERTEX_POINT('',#1337);
#1337 = CARTESIAN_POINT('',(1.45,5.,0.));
#1338 = LINE('',#1339,#1340);
#1339 = CARTESIAN_POINT('',(1.45,5.,0.));
#1340 = VECTOR('',#1341,1.);
#1341 = DIRECTION('',(-0.,-0.,-1.));
#1342 = ORIENTED_EDGE('',*,*,#1343,.F.);
#1343 = EDGE_CURVE('',#379,#1336,#1344,.T.);
#1344 = LINE('',#1345,#1346);
#1345 = CARTESIAN_POINT('',(1.45,3.2,0.));
#1346 = VECTOR('',#1347,1.);
#1347 = DIRECTION('',(0.,1.,0.));
#1348 = ORIENTED_EDGE('',*,*,#386,.F.);
#1349 = PLANE('',#1350);
#1350 = AXIS2_PLACEMENT_3D('',#1351,#1352,#1353);
#1351 = CARTESIAN_POINT('',(1.45,3.2,0.));
#1352 = DIRECTION('',(1.,0.,0.));
#1353 = DIRECTION('',(0.,1.,0.));
#1354 = ADVANCED_FACE('',(#1355),#1374,.T.);
#1355 = FACE_BOUND('',#1356,.T.);
#1356 = EDGE_LOOP('',(#1357,#1365,#1371,#1372,#1373));
#1357 = ORIENTED_EDGE('',*,*,#1358,.T.);
#1358 = EDGE_CURVE('',#456,#1359,#1361,.T.);
#1359 = VERTEX_POINT('',#1360);
#1360 = CARTESIAN_POINT('',(1.45,-0.6,-0.1));
#1361 = LINE('',#1362,#1363);
#1362 = CARTESIAN_POINT('',(1.45,-0.6,0.));
#1363 = VECTOR('',#1364,1.);
#1364 = DIRECTION('',(-0.,-0.,-1.));
#1365 = ORIENTED_EDGE('',*,*,#1366,.T.);
#1366 = EDGE_CURVE('',#1359,#1303,#1367,.T.);
#1367 = LINE('',#1368,#1369);
#1368 = CARTESIAN_POINT('',(1.45,-0.6,-0.1));
#1369 = VECTOR('',#1370,1.);
#1370 = DIRECTION('',(0.,1.,0.));
#1371 = ORIENTED_EDGE('',*,*,#1302,.F.);
#1372 = ORIENTED_EDGE('',*,*,#205,.F.);
#1373 = ORIENTED_EDGE('',*,*,#463,.F.);
#1374 = PLANE('',#1375);
#1375 = AXIS2_PLACEMENT_3D('',#1376,#1377,#1378);
#1376 = CARTESIAN_POINT('',(1.45,-0.6,0.));
#1377 = DIRECTION('',(1.,0.,0.));
#1378 = DIRECTION('',(0.,1.,0.));
#1379 = ADVANCED_FACE('',(#1380),#1413,.T.);
#1380 = FACE_BOUND('',#1381,.T.);
#1381 = EDGE_LOOP('',(#1382,#1392,#1400,#1406,#1407));
#1382 = ORIENTED_EDGE('',*,*,#1383,.T.);
#1383 = EDGE_CURVE('',#1384,#1386,#1388,.T.);
#1384 = VERTEX_POINT('',#1385);
#1385 = CARTESIAN_POINT('',(2.,5.,0.));
#1386 = VERTEX_POINT('',#1387);
#1387 = CARTESIAN_POINT('',(2.,5.,-0.1));
#1388 = LINE('',#1389,#1390);
#1389 = CARTESIAN_POINT('',(2.,5.,0.));
#1390 = VECTOR('',#1391,1.);
#1391 = DIRECTION('',(-0.,-0.,-1.));
#1392 = ORIENTED_EDGE('',*,*,#1393,.T.);
#1393 = EDGE_CURVE('',#1386,#1394,#1396,.T.);
#1394 = VERTEX_POINT('',#1395);
#1395 = CARTESIAN_POINT('',(2.,3.2,-0.1));
#1396 = LINE('',#1397,#1398);
#1397 = CARTESIAN_POINT('',(2.,5.,-0.1));
#1398 = VECTOR('',#1399,1.);
#1399 = DIRECTION('',(0.,-1.,0.));
#1400 = ORIENTED_EDGE('',*,*,#1401,.F.);
#1401 = EDGE_CURVE('',#363,#1394,#1402,.T.);
#1402 = LINE('',#1403,#1404);
#1403 = CARTESIAN_POINT('',(2.,3.2,0.));
#1404 = VECTOR('',#1405,1.);
#1405 = DIRECTION('',(-0.,-0.,-1.));
#1406 = ORIENTED_EDGE('',*,*,#370,.F.);
#1407 = ORIENTED_EDGE('',*,*,#1408,.F.);
#1408 = EDGE_CURVE('',#1384,#371,#1409,.T.);
#1409 = LINE('',#1410,#1411);
#1410 = CARTESIAN_POINT('',(2.,5.,0.));
#1411 = VECTOR('',#1412,1.);
#1412 = DIRECTION('',(0.,-1.,0.));
#1413 = PLANE('',#1414);
#1414 = AXIS2_PLACEMENT_3D('',#1415,#1416,#1417);
#1415 = CARTESIAN_POINT('',(2.,5.,0.));
#1416 = DIRECTION('',(-1.,0.,0.));
#1417 = DIRECTION('',(0.,-1.,0.));
#1418 = ADVANCED_FACE('',(#1419),#1445,.T.);
#1419 = FACE_BOUND('',#1420,.T.);
#1420 = EDGE_LOOP('',(#1421,#1429,#1437,#1443,#1444));
#1421 = ORIENTED_EDGE('',*,*,#1422,.T.);
#1422 = EDGE_CURVE('',#213,#1423,#1425,.T.);
#1423 = VERTEX_POINT('',#1424);
#1424 = CARTESIAN_POINT('',(2.,1.2,-0.1));
#1425 = LINE('',#1426,#1427);
#1426 = CARTESIAN_POINT('',(2.,1.2,0.));
#1427 = VECTOR('',#1428,1.);
#1428 = DIRECTION('',(-0.,-0.,-1.));
#1429 = ORIENTED_EDGE('',*,*,#1430,.T.);
#1430 = EDGE_CURVE('',#1423,#1431,#1433,.T.);
#1431 = VERTEX_POINT('',#1432);
#1432 = CARTESIAN_POINT('',(2.,-0.6,-0.1));
#1433 = LINE('',#1434,#1435);
#1434 = CARTESIAN_POINT('',(2.,1.2,-0.1));
#1435 = VECTOR('',#1436,1.);
#1436 = DIRECTION('',(0.,-1.,0.));
#1437 = ORIENTED_EDGE('',*,*,#1438,.F.);
#1438 = EDGE_CURVE('',#479,#1431,#1439,.T.);
#1439 = LINE('',#1440,#1441);
#1440 = CARTESIAN_POINT('',(2.,-0.6,0.));
#1441 = VECTOR('',#1442,1.);
#1442 = DIRECTION('',(-0.,-0.,-1.));
#1443 = ORIENTED_EDGE('',*,*,#478,.F.);
#1444 = ORIENTED_EDGE('',*,*,#212,.F.);
#1445 = PLANE('',#1446);
#1446 = AXIS2_PLACEMENT_3D('',#1447,#1448,#1449);
#1447 = CARTESIAN_POINT('',(2.,1.2,0.));
#1448 = DIRECTION('',(-1.,0.,0.));
#1449 = DIRECTION('',(0.,-1.,0.));
#1450 = ADVANCED_FACE('',(#1451),#1469,.T.);
#1451 = FACE_BOUND('',#1452,.T.);
#1452 = EDGE_LOOP('',(#1453,#1454,#1462,#1468));
#1453 = ORIENTED_EDGE('',*,*,#1401,.T.);
#1454 = ORIENTED_EDGE('',*,*,#1455,.T.);
#1455 = EDGE_CURVE('',#1394,#1456,#1458,.T.);
#1456 = VERTEX_POINT('',#1457);
#1457 = CARTESIAN_POINT('',(2.25,3.2,-0.1));
#1458 = LINE('',#1459,#1460);
#1459 = CARTESIAN_POINT('',(2.,3.2,-0.1));
#1460 = VECTOR('',#1461,1.);
#1461 = DIRECTION('',(1.,0.,0.));
#1462 = ORIENTED_EDGE('',*,*,#1463,.F.);
#1463 = EDGE_CURVE('',#355,#1456,#1464,.T.);
#1464 = LINE('',#1465,#1466);
#1465 = CARTESIAN_POINT('',(2.25,3.2,0.));
#1466 = VECTOR('',#1467,1.);
#1467 = DIRECTION('',(-0.,-0.,-1.));
#1468 = ORIENTED_EDGE('',*,*,#362,.F.);
#1469 = PLANE('',#1470);
#1470 = AXIS2_PLACEMENT_3D('',#1471,#1472,#1473);
#1471 = CARTESIAN_POINT('',(2.,3.2,0.));
#1472 = DIRECTION('',(0.,-1.,0.));
#1473 = DIRECTION('',(1.,0.,0.));
#1474 = ADVANCED_FACE('',(#1475),#1493,.T.);
#1475 = FACE_BOUND('',#1476,.T.);
#1476 = EDGE_LOOP('',(#1477,#1485,#1491,#1492));
#1477 = ORIENTED_EDGE('',*,*,#1478,.T.);
#1478 = EDGE_CURVE('',#221,#1479,#1481,.T.);
#1479 = VERTEX_POINT('',#1480);
#1480 = CARTESIAN_POINT('',(2.25,1.2,-0.1));
#1481 = LINE('',#1482,#1483);
#1482 = CARTESIAN_POINT('',(2.25,1.2,0.));
#1483 = VECTOR('',#1484,1.);
#1484 = DIRECTION('',(-0.,-0.,-1.));
#1485 = ORIENTED_EDGE('',*,*,#1486,.T.);
#1486 = EDGE_CURVE('',#1479,#1423,#1487,.T.);
#1487 = LINE('',#1488,#1489);
#1488 = CARTESIAN_POINT('',(2.25,1.2,-0.1));
#1489 = VECTOR('',#1490,1.);
#1490 = DIRECTION('',(-1.,0.,0.));
#1491 = ORIENTED_EDGE('',*,*,#1422,.F.);
#1492 = ORIENTED_EDGE('',*,*,#220,.F.);
#1493 = PLANE('',#1494);
#1494 = AXIS2_PLACEMENT_3D('',#1495,#1496,#1497);
#1495 = CARTESIAN_POINT('',(2.25,1.2,0.));
#1496 = DIRECTION('',(0.,1.,0.));
#1497 = DIRECTION('',(-1.,0.,0.));
#1498 = ADVANCED_FACE('',(#1499),#1525,.T.);
#1499 = FACE_BOUND('',#1500,.T.);
#1500 = EDGE_LOOP('',(#1501,#1502,#1510,#1518,#1524));
#1501 = ORIENTED_EDGE('',*,*,#1463,.T.);
#1502 = ORIENTED_EDGE('',*,*,#1503,.T.);
#1503 = EDGE_CURVE('',#1456,#1504,#1506,.T.);
#1504 = VERTEX_POINT('',#1505);
#1505 = CARTESIAN_POINT('',(2.25,5.,-0.1));
#1506 = LINE('',#1507,#1508);
#1507 = CARTESIAN_POINT('',(2.25,3.2,-0.1));
#1508 = VECTOR('',#1509,1.);
#1509 = DIRECTION('',(0.,1.,0.));
#1510 = ORIENTED_EDGE('',*,*,#1511,.F.);
#1511 = EDGE_CURVE('',#1512,#1504,#1514,.T.);
#1512 = VERTEX_POINT('',#1513);
#1513 = CARTESIAN_POINT('',(2.25,5.,0.));
#1514 = LINE('',#1515,#1516);
#1515 = CARTESIAN_POINT('',(2.25,5.,0.));
#1516 = VECTOR('',#1517,1.);
#1517 = DIRECTION('',(-0.,-0.,-1.));
#1518 = ORIENTED_EDGE('',*,*,#1519,.F.);
#1519 = EDGE_CURVE('',#347,#1512,#1520,.T.);
#1520 = LINE('',#1521,#1522);
#1521 = CARTESIAN_POINT('',(2.25,3.2,0.));
#1522 = VECTOR('',#1523,1.);
#1523 = DIRECTION('',(0.,1.,0.));
#1524 = ORIENTED_EDGE('',*,*,#354,.F.);
#1525 = PLANE('',#1526);
#1526 = AXIS2_PLACEMENT_3D('',#1527,#1528,#1529);
#1527 = CARTESIAN_POINT('',(2.25,3.2,0.));
#1528 = DIRECTION('',(1.,0.,0.));
#1529 = DIRECTION('',(0.,1.,0.));
#1530 = ADVANCED_FACE('',(#1531),#1550,.T.);
#1531 = FACE_BOUND('',#1532,.T.);
#1532 = EDGE_LOOP('',(#1533,#1541,#1547,#1548,#1549));
#1533 = ORIENTED_EDGE('',*,*,#1534,.T.);
#1534 = EDGE_CURVE('',#487,#1535,#1537,.T.);
#1535 = VERTEX_POINT('',#1536);
#1536 = CARTESIAN_POINT('',(2.25,-0.6,-0.1));
#1537 = LINE('',#1538,#1539);
#1538 = CARTESIAN_POINT('',(2.25,-0.6,0.));
#1539 = VECTOR('',#1540,1.);
#1540 = DIRECTION('',(-0.,-0.,-1.));
#1541 = ORIENTED_EDGE('',*,*,#1542,.T.);
#1542 = EDGE_CURVE('',#1535,#1479,#1543,.T.);
#1543 = LINE('',#1544,#1545);
#1544 = CARTESIAN_POINT('',(2.25,-0.6,-0.1));
#1545 = VECTOR('',#1546,1.);
#1546 = DIRECTION('',(0.,1.,0.));
#1547 = ORIENTED_EDGE('',*,*,#1478,.F.);
#1548 = ORIENTED_EDGE('',*,*,#228,.F.);
#1549 = ORIENTED_EDGE('',*,*,#494,.F.);
#1550 = PLANE('',#1551);
#1551 = AXIS2_PLACEMENT_3D('',#1552,#1553,#1554);
#1552 = CARTESIAN_POINT('',(2.25,-0.6,0.));
#1553 = DIRECTION('',(1.,0.,0.));
#1554 = DIRECTION('',(0.,1.,0.));
#1555 = ADVANCED_FACE('',(#1556),#1589,.T.);
#1556 = FACE_BOUND('',#1557,.T.);
#1557 = EDGE_LOOP('',(#1558,#1568,#1576,#1582,#1583));
#1558 = ORIENTED_EDGE('',*,*,#1559,.T.);
#1559 = EDGE_CURVE('',#1560,#1562,#1564,.T.);
#1560 = VERTEX_POINT('',#1561);
#1561 = CARTESIAN_POINT('',(2.8,5.,0.));
#1562 = VERTEX_POINT('',#1563);
#1563 = CARTESIAN_POINT('',(2.8,5.,-0.1));
#1564 = LINE('',#1565,#1566);
#1565 = CARTESIAN_POINT('',(2.8,5.,0.));
#1566 = VECTOR('',#1567,1.);
#1567 = DIRECTION('',(-0.,-0.,-1.));
#1568 = ORIENTED_EDGE('',*,*,#1569,.T.);
#1569 = EDGE_CURVE('',#1562,#1570,#1572,.T.);
#1570 = VERTEX_POINT('',#1571);
#1571 = CARTESIAN_POINT('',(2.8,3.2,-0.1));
#1572 = LINE('',#1573,#1574);
#1573 = CARTESIAN_POINT('',(2.8,5.,-0.1));
#1574 = VECTOR('',#1575,1.);
#1575 = DIRECTION('',(0.,-1.,0.));
#1576 = ORIENTED_EDGE('',*,*,#1577,.F.);
#1577 = EDGE_CURVE('',#331,#1570,#1578,.T.);
#1578 = LINE('',#1579,#1580);
#1579 = CARTESIAN_POINT('',(2.8,3.2,0.));
#1580 = VECTOR('',#1581,1.);
#1581 = DIRECTION('',(-0.,-0.,-1.));
#1582 = ORIENTED_EDGE('',*,*,#338,.F.);
#1583 = ORIENTED_EDGE('',*,*,#1584,.F.);
#1584 = EDGE_CURVE('',#1560,#339,#1585,.T.);
#1585 = LINE('',#1586,#1587);
#1586 = CARTESIAN_POINT('',(2.8,5.,0.));
#1587 = VECTOR('',#1588,1.);
#1588 = DIRECTION('',(0.,-1.,0.));
#1589 = PLANE('',#1590);
#1590 = AXIS2_PLACEMENT_3D('',#1591,#1592,#1593);
#1591 = CARTESIAN_POINT('',(2.8,5.,0.));
#1592 = DIRECTION('',(-1.,0.,0.));
#1593 = DIRECTION('',(0.,-1.,0.));
#1594 = ADVANCED_FACE('',(#1595),#1621,.T.);
#1595 = FACE_BOUND('',#1596,.T.);
#1596 = EDGE_LOOP('',(#1597,#1605,#1613,#1619,#1620));
#1597 = ORIENTED_EDGE('',*,*,#1598,.T.);
#1598 = EDGE_CURVE('',#236,#1599,#1601,.T.);
#1599 = VERTEX_POINT('',#1600);
#1600 = CARTESIAN_POINT('',(2.8,1.2,-0.1));
#1601 = LINE('',#1602,#1603);
#1602 = CARTESIAN_POINT('',(2.8,1.2,0.));
#1603 = VECTOR('',#1604,1.);
#1604 = DIRECTION('',(-0.,-0.,-1.));
#1605 = ORIENTED_EDGE('',*,*,#1606,.T.);
#1606 = EDGE_CURVE('',#1599,#1607,#1609,.T.);
#1607 = VERTEX_POINT('',#1608);
#1608 = CARTESIAN_POINT('',(2.8,-0.6,-0.1));
#1609 = LINE('',#1610,#1611);
#1610 = CARTESIAN_POINT('',(2.8,1.2,-0.1));
#1611 = VECTOR('',#1612,1.);
#1612 = DIRECTION('',(0.,-1.,0.));
#1613 = ORIENTED_EDGE('',*,*,#1614,.F.);
#1614 = EDGE_CURVE('',#510,#1607,#1615,.T.);
#1615 = LINE('',#1616,#1617);
#1616 = CARTESIAN_POINT('',(2.8,-0.6,0.));
#1617 = VECTOR('',#1618,1.);
#1618 = DIRECTION('',(-0.,-0.,-1.));
#1619 = ORIENTED_EDGE('',*,*,#509,.F.);
#1620 = ORIENTED_EDGE('',*,*,#235,.F.);
#1621 = PLANE('',#1622);
#1622 = AXIS2_PLACEMENT_3D('',#1623,#1624,#1625);
#1623 = CARTESIAN_POINT('',(2.8,1.2,0.));
#1624 = DIRECTION('',(-1.,0.,0.));
#1625 = DIRECTION('',(0.,-1.,0.));
#1626 = ADVANCED_FACE('',(#1627),#1645,.T.);
#1627 = FACE_BOUND('',#1628,.T.);
#1628 = EDGE_LOOP('',(#1629,#1630,#1638,#1644));
#1629 = ORIENTED_EDGE('',*,*,#1577,.T.);
#1630 = ORIENTED_EDGE('',*,*,#1631,.T.);
#1631 = EDGE_CURVE('',#1570,#1632,#1634,.T.);
#1632 = VERTEX_POINT('',#1633);
#1633 = CARTESIAN_POINT('',(3.05,3.2,-0.1));
#1634 = LINE('',#1635,#1636);
#1635 = CARTESIAN_POINT('',(2.8,3.2,-0.1));
#1636 = VECTOR('',#1637,1.);
#1637 = DIRECTION('',(1.,0.,0.));
#1638 = ORIENTED_EDGE('',*,*,#1639,.F.);
#1639 = EDGE_CURVE('',#323,#1632,#1640,.T.);
#1640 = LINE('',#1641,#1642);
#1641 = CARTESIAN_POINT('',(3.05,3.2,0.));
#1642 = VECTOR('',#1643,1.);
#1643 = DIRECTION('',(-0.,-0.,-1.));
#1644 = ORIENTED_EDGE('',*,*,#330,.F.);
#1645 = PLANE('',#1646);
#1646 = AXIS2_PLACEMENT_3D('',#1647,#1648,#1649);
#1647 = CARTESIAN_POINT('',(2.8,3.2,0.));
#1648 = DIRECTION('',(0.,-1.,0.));
#1649 = DIRECTION('',(1.,0.,0.));
#1650 = ADVANCED_FACE('',(#1651),#1669,.T.);
#1651 = FACE_BOUND('',#1652,.T.);
#1652 = EDGE_LOOP('',(#1653,#1661,#1667,#1668));
#1653 = ORIENTED_EDGE('',*,*,#1654,.T.);
#1654 = EDGE_CURVE('',#244,#1655,#1657,.T.);
#1655 = VERTEX_POINT('',#1656);
#1656 = CARTESIAN_POINT('',(3.05,1.2,-0.1));
#1657 = LINE('',#1658,#1659);
#1658 = CARTESIAN_POINT('',(3.05,1.2,0.));
#1659 = VECTOR('',#1660,1.);
#1660 = DIRECTION('',(-0.,-0.,-1.));
#1661 = ORIENTED_EDGE('',*,*,#1662,.T.);
#1662 = EDGE_CURVE('',#1655,#1599,#1663,.T.);
#1663 = LINE('',#1664,#1665);
#1664 = CARTESIAN_POINT('',(3.05,1.2,-0.1));
#1665 = VECTOR('',#1666,1.);
#1666 = DIRECTION('',(-1.,0.,0.));
#1667 = ORIENTED_EDGE('',*,*,#1598,.F.);
#1668 = ORIENTED_EDGE('',*,*,#243,.F.);
#1669 = PLANE('',#1670);
#1670 = AXIS2_PLACEMENT_3D('',#1671,#1672,#1673);
#1671 = CARTESIAN_POINT('',(3.05,1.2,0.));
#1672 = DIRECTION('',(0.,1.,0.));
#1673 = DIRECTION('',(-1.,0.,0.));
#1674 = ADVANCED_FACE('',(#1675),#1701,.T.);
#1675 = FACE_BOUND('',#1676,.T.);
#1676 = EDGE_LOOP('',(#1677,#1678,#1686,#1694,#1700));
#1677 = ORIENTED_EDGE('',*,*,#1639,.T.);
#1678 = ORIENTED_EDGE('',*,*,#1679,.T.);
#1679 = EDGE_CURVE('',#1632,#1680,#1682,.T.);
#1680 = VERTEX_POINT('',#1681);
#1681 = CARTESIAN_POINT('',(3.05,5.,-0.1));
#1682 = LINE('',#1683,#1684);
#1683 = CARTESIAN_POINT('',(3.05,3.2,-0.1));
#1684 = VECTOR('',#1685,1.);
#1685 = DIRECTION('',(0.,1.,0.));
#1686 = ORIENTED_EDGE('',*,*,#1687,.F.);
#1687 = EDGE_CURVE('',#1688,#1680,#1690,.T.);
#1688 = VERTEX_POINT('',#1689);
#1689 = CARTESIAN_POINT('',(3.05,5.,0.));
#1690 = LINE('',#1691,#1692);
#1691 = CARTESIAN_POINT('',(3.05,5.,0.));
#1692 = VECTOR('',#1693,1.);
#1693 = DIRECTION('',(-0.,-0.,-1.));
#1694 = ORIENTED_EDGE('',*,*,#1695,.F.);
#1695 = EDGE_CURVE('',#315,#1688,#1696,.T.);
#1696 = LINE('',#1697,#1698);
#1697 = CARTESIAN_POINT('',(3.05,3.2,0.));
#1698 = VECTOR('',#1699,1.);
#1699 = DIRECTION('',(0.,1.,0.));
#1700 = ORIENTED_EDGE('',*,*,#322,.F.);
#1701 = PLANE('',#1702);
#1702 = AXIS2_PLACEMENT_3D('',#1703,#1704,#1705);
#1703 = CARTESIAN_POINT('',(3.05,3.2,0.));
#1704 = DIRECTION('',(1.,0.,0.));
#1705 = DIRECTION('',(0.,1.,0.));
#1706 = ADVANCED_FACE('',(#1707),#1726,.T.);
#1707 = FACE_BOUND('',#1708,.T.);
#1708 = EDGE_LOOP('',(#1709,#1717,#1723,#1724,#1725));
#1709 = ORIENTED_EDGE('',*,*,#1710,.T.);
#1710 = EDGE_CURVE('',#518,#1711,#1713,.T.);
#1711 = VERTEX_POINT('',#1712);
#1712 = CARTESIAN_POINT('',(3.05,-0.6,-0.1));
#1713 = LINE('',#1714,#1715);
#1714 = CARTESIAN_POINT('',(3.05,-0.6,0.));
#1715 = VECTOR('',#1716,1.);
#1716 = DIRECTION('',(-0.,-0.,-1.));
#1717 = ORIENTED_EDGE('',*,*,#1718,.T.);
#1718 = EDGE_CURVE('',#1711,#1655,#1719,.T.);
#1719 = LINE('',#1720,#1721);
#1720 = CARTESIAN_POINT('',(3.05,-0.6,-0.1));
#1721 = VECTOR('',#1722,1.);
#1722 = DIRECTION('',(0.,1.,0.));
#1723 = ORIENTED_EDGE('',*,*,#1654,.F.);
#1724 = ORIENTED_EDGE('',*,*,#251,.F.);
#1725 = ORIENTED_EDGE('',*,*,#525,.F.);
#1726 = PLANE('',#1727);
#1727 = AXIS2_PLACEMENT_3D('',#1728,#1729,#1730);
#1728 = CARTESIAN_POINT('',(3.05,-0.6,0.));
#1729 = DIRECTION('',(1.,0.,0.));
#1730 = DIRECTION('',(0.,1.,0.));
#1731 = ADVANCED_FACE('',(#1732),#1765,.T.);
#1732 = FACE_BOUND('',#1733,.T.);
#1733 = EDGE_LOOP('',(#1734,#1744,#1752,#1758,#1759));
#1734 = ORIENTED_EDGE('',*,*,#1735,.T.);
#1735 = EDGE_CURVE('',#1736,#1738,#1740,.T.);
#1736 = VERTEX_POINT('',#1737);
#1737 = CARTESIAN_POINT('',(3.6,5.,0.));
#1738 = VERTEX_POINT('',#1739);
#1739 = CARTESIAN_POINT('',(3.6,5.,-0.1));
#1740 = LINE('',#1741,#1742);
#1741 = CARTESIAN_POINT('',(3.6,5.,0.));
#1742 = VECTOR('',#1743,1.);
#1743 = DIRECTION('',(-0.,-0.,-1.));
#1744 = ORIENTED_EDGE('',*,*,#1745,.T.);
#1745 = EDGE_CURVE('',#1738,#1746,#1748,.T.);
#1746 = VERTEX_POINT('',#1747);
#1747 = CARTESIAN_POINT('',(3.6,3.2,-0.1));
#1748 = LINE('',#1749,#1750);
#1749 = CARTESIAN_POINT('',(3.6,5.,-0.1));
#1750 = VECTOR('',#1751,1.);
#1751 = DIRECTION('',(0.,-1.,0.));
#1752 = ORIENTED_EDGE('',*,*,#1753,.F.);
#1753 = EDGE_CURVE('',#299,#1746,#1754,.T.);
#1754 = LINE('',#1755,#1756);
#1755 = CARTESIAN_POINT('',(3.6,3.2,0.));
#1756 = VECTOR('',#1757,1.);
#1757 = DIRECTION('',(-0.,-0.,-1.));
#1758 = ORIENTED_EDGE('',*,*,#306,.F.);
#1759 = ORIENTED_EDGE('',*,*,#1760,.F.);
#1760 = EDGE_CURVE('',#1736,#307,#1761,.T.);
#1761 = LINE('',#1762,#1763);
#1762 = CARTESIAN_POINT('',(3.6,5.,0.));
#1763 = VECTOR('',#1764,1.);
#1764 = DIRECTION('',(0.,-1.,0.));
#1765 = PLANE('',#1766);
#1766 = AXIS2_PLACEMENT_3D('',#1767,#1768,#1769);
#1767 = CARTESIAN_POINT('',(3.6,5.,0.));
#1768 = DIRECTION('',(-1.,0.,0.));
#1769 = DIRECTION('',(0.,-1.,0.));
#1770 = ADVANCED_FACE('',(#1771),#1797,.T.);
#1771 = FACE_BOUND('',#1772,.T.);
#1772 = EDGE_LOOP('',(#1773,#1781,#1789,#1795,#1796));
#1773 = ORIENTED_EDGE('',*,*,#1774,.T.);
#1774 = EDGE_CURVE('',#259,#1775,#1777,.T.);
#1775 = VERTEX_POINT('',#1776);
#1776 = CARTESIAN_POINT('',(3.6,1.2,-0.1));
#1777 = LINE('',#1778,#1779);
#1778 = CARTESIAN_POINT('',(3.6,1.2,0.));
#1779 = VECTOR('',#1780,1.);
#1780 = DIRECTION('',(-0.,-0.,-1.));
#1781 = ORIENTED_EDGE('',*,*,#1782,.T.);
#1782 = EDGE_CURVE('',#1775,#1783,#1785,.T.);
#1783 = VERTEX_POINT('',#1784);
#1784 = CARTESIAN_POINT('',(3.6,-0.6,-0.1));
#1785 = LINE('',#1786,#1787);
#1786 = CARTESIAN_POINT('',(3.6,1.2,-0.1));
#1787 = VECTOR('',#1788,1.);
#1788 = DIRECTION('',(0.,-1.,0.));
#1789 = ORIENTED_EDGE('',*,*,#1790,.F.);
#1790 = EDGE_CURVE('',#541,#1783,#1791,.T.);
#1791 = LINE('',#1792,#1793);
#1792 = CARTESIAN_POINT('',(3.6,-0.6,0.));
#1793 = VECTOR('',#1794,1.);
#1794 = DIRECTION('',(-0.,-0.,-1.));
#1795 = ORIENTED_EDGE('',*,*,#540,.F.);
#1796 = ORIENTED_EDGE('',*,*,#258,.F.);
#1797 = PLANE('',#1798);
#1798 = AXIS2_PLACEMENT_3D('',#1799,#1800,#1801);
#1799 = CARTESIAN_POINT('',(3.6,1.2,0.));
#1800 = DIRECTION('',(-1.,0.,0.));
#1801 = DIRECTION('',(0.,-1.,0.));
#1802 = ADVANCED_FACE('',(#1803),#1821,.T.);
#1803 = FACE_BOUND('',#1804,.T.);
#1804 = EDGE_LOOP('',(#1805,#1806,#1814,#1820));
#1805 = ORIENTED_EDGE('',*,*,#1753,.T.);
#1806 = ORIENTED_EDGE('',*,*,#1807,.T.);
#1807 = EDGE_CURVE('',#1746,#1808,#1810,.T.);
#1808 = VERTEX_POINT('',#1809);
#1809 = CARTESIAN_POINT('',(3.85,3.2,-0.1));
#1810 = LINE('',#1811,#1812);
#1811 = CARTESIAN_POINT('',(3.6,3.2,-0.1));
#1812 = VECTOR('',#1813,1.);
#1813 = DIRECTION('',(1.,0.,0.));
#1814 = ORIENTED_EDGE('',*,*,#1815,.F.);
#1815 = EDGE_CURVE('',#291,#1808,#1816,.T.);
#1816 = LINE('',#1817,#1818);
#1817 = CARTESIAN_POINT('',(3.85,3.2,0.));
#1818 = VECTOR('',#1819,1.);
#1819 = DIRECTION('',(-0.,-0.,-1.));
#1820 = ORIENTED_EDGE('',*,*,#298,.F.);
#1821 = PLANE('',#1822);
#1822 = AXIS2_PLACEMENT_3D('',#1823,#1824,#1825);
#1823 = CARTESIAN_POINT('',(3.6,3.2,0.));
#1824 = DIRECTION('',(0.,-1.,0.));
#1825 = DIRECTION('',(1.,0.,0.));
#1826 = ADVANCED_FACE('',(#1827),#1845,.T.);
#1827 = FACE_BOUND('',#1828,.T.);
#1828 = EDGE_LOOP('',(#1829,#1837,#1843,#1844));
#1829 = ORIENTED_EDGE('',*,*,#1830,.T.);
#1830 = EDGE_CURVE('',#267,#1831,#1833,.T.);
#1831 = VERTEX_POINT('',#1832);
#1832 = CARTESIAN_POINT('',(3.85,1.2,-0.1));
#1833 = LINE('',#1834,#1835);
#1834 = CARTESIAN_POINT('',(3.85,1.2,0.));
#1835 = VECTOR('',#1836,1.);
#1836 = DIRECTION('',(-0.,-0.,-1.));
#1837 = ORIENTED_EDGE('',*,*,#1838,.T.);
#1838 = EDGE_CURVE('',#1831,#1775,#1839,.T.);
#1839 = LINE('',#1840,#1841);
#1840 = CARTESIAN_POINT('',(3.85,1.2,-0.1));
#1841 = VECTOR('',#1842,1.);
#1842 = DIRECTION('',(-1.,0.,0.));
#1843 = ORIENTED_EDGE('',*,*,#1774,.F.);
#1844 = ORIENTED_EDGE('',*,*,#266,.F.);
#1845 = PLANE('',#1846);
#1846 = AXIS2_PLACEMENT_3D('',#1847,#1848,#1849);
#1847 = CARTESIAN_POINT('',(3.85,1.2,0.));
#1848 = DIRECTION('',(0.,1.,0.));
#1849 = DIRECTION('',(-1.,0.,0.));
#1850 = ADVANCED_FACE('',(#1851),#1877,.T.);
#1851 = FACE_BOUND('',#1852,.T.);
#1852 = EDGE_LOOP('',(#1853,#1854,#1862,#1870,#1876));
#1853 = ORIENTED_EDGE('',*,*,#1815,.T.);
#1854 = ORIENTED_EDGE('',*,*,#1855,.T.);
#1855 = EDGE_CURVE('',#1808,#1856,#1858,.T.);
#1856 = VERTEX_POINT('',#1857);
#1857 = CARTESIAN_POINT('',(3.85,5.,-0.1));
#1858 = LINE('',#1859,#1860);
#1859 = CARTESIAN_POINT('',(3.85,3.2,-0.1));
#1860 = VECTOR('',#1861,1.);
#1861 = DIRECTION('',(0.,1.,0.));
#1862 = ORIENTED_EDGE('',*,*,#1863,.F.);
#1863 = EDGE_CURVE('',#1864,#1856,#1866,.T.);
#1864 = VERTEX_POINT('',#1865);
#1865 = CARTESIAN_POINT('',(3.85,5.,0.));
#1866 = LINE('',#1867,#1868);
#1867 = CARTESIAN_POINT('',(3.85,5.,0.));
#1868 = VECTOR('',#1869,1.);
#1869 = DIRECTION('',(-0.,-0.,-1.));
#1870 = ORIENTED_EDGE('',*,*,#1871,.F.);
#1871 = EDGE_CURVE('',#283,#1864,#1872,.T.);
#1872 = LINE('',#1873,#1874);
#1873 = CARTESIAN_POINT('',(3.85,3.2,0.));
#1874 = VECTOR('',#1875,1.);
#1875 = DIRECTION('',(0.,1.,0.));
#1876 = ORIENTED_EDGE('',*,*,#290,.F.);
#1877 = PLANE('',#1878);
#1878 = AXIS2_PLACEMENT_3D('',#1879,#1880,#1881);
#1879 = CARTESIAN_POINT('',(3.85,3.2,0.));
#1880 = DIRECTION('',(1.,0.,0.));
#1881 = DIRECTION('',(0.,1.,0.));
#1882 = ADVANCED_FACE('',(#1883),#1902,.T.);
#1883 = FACE_BOUND('',#1884,.T.);
#1884 = EDGE_LOOP('',(#1885,#1893,#1899,#1900,#1901));
#1885 = ORIENTED_EDGE('',*,*,#1886,.T.);
#1886 = EDGE_CURVE('',#549,#1887,#1889,.T.);
#1887 = VERTEX_POINT('',#1888);
#1888 = CARTESIAN_POINT('',(3.85,-0.6,-0.1));
#1889 = LINE('',#1890,#1891);
#1890 = CARTESIAN_POINT('',(3.85,-0.6,0.));
#1891 = VECTOR('',#1892,1.);
#1892 = DIRECTION('',(-0.,-0.,-1.));
#1893 = ORIENTED_EDGE('',*,*,#1894,.T.);
#1894 = EDGE_CURVE('',#1887,#1831,#1895,.T.);
#1895 = LINE('',#1896,#1897);
#1896 = CARTESIAN_POINT('',(3.85,-0.6,-0.1));
#1897 = VECTOR('',#1898,1.);
#1898 = DIRECTION('',(0.,1.,0.));
#1899 = ORIENTED_EDGE('',*,*,#1830,.F.);
#1900 = ORIENTED_EDGE('',*,*,#274,.F.);
#1901 = ORIENTED_EDGE('',*,*,#556,.F.);
#1902 = PLANE('',#1903);
#1903 = AXIS2_PLACEMENT_3D('',#1904,#1905,#1906);
#1904 = CARTESIAN_POINT('',(3.85,-0.6,0.));
#1905 = DIRECTION('',(1.,0.,0.));
#1906 = DIRECTION('',(0.,1.,0.));
#1907 = ADVANCED_FACE('',(#1908),#1927,.T.);
#1908 = FACE_BOUND('',#1909,.F.);
#1909 = EDGE_LOOP('',(#1910,#1918,#1925,#1926));
#1910 = ORIENTED_EDGE('',*,*,#1911,.T.);
#1911 = EDGE_CURVE('',#419,#1912,#1914,.T.);
#1912 = VERTEX_POINT('',#1913);
#1913 = CARTESIAN_POINT('',(0.7,0.95,-0.6));
#1914 = LINE('',#1915,#1916);
#1915 = CARTESIAN_POINT('',(0.7,0.95,0.));
#1916 = VECTOR('',#1917,1.);
#1917 = DIRECTION('',(0.,0.,-1.));
#1918 = ORIENTED_EDGE('',*,*,#1919,.T.);
#1919 = EDGE_CURVE('',#1912,#1912,#1920,.T.);
#1920 = CIRCLE('',#1921,0.25);
#1921 = AXIS2_PLACEMENT_3D('',#1922,#1923,#1924);
#1922 = CARTESIAN_POINT('',(0.45,0.95,-0.6));
#1923 = DIRECTION('',(0.,0.,-1.));
#1924 = DIRECTION('',(1.,0.,0.));
#1925 = ORIENTED_EDGE('',*,*,#1911,.F.);
#1926 = ORIENTED_EDGE('',*,*,#418,.F.);
#1927 = CYLINDRICAL_SURFACE('',#1928,0.25);
#1928 = AXIS2_PLACEMENT_3D('',#1929,#1930,#1931);
#1929 = CARTESIAN_POINT('',(0.45,0.95,0.));
#1930 = DIRECTION('',(0.,0.,1.));
#1931 = DIRECTION('',(1.,0.,0.));
#1932 = ADVANCED_FACE('',(#1933),#1952,.T.);
#1933 = FACE_BOUND('',#1934,.F.);
#1934 = EDGE_LOOP('',(#1935,#1943,#1950,#1951));
#1935 = ORIENTED_EDGE('',*,*,#1936,.T.);
#1936 = EDGE_CURVE('',#430,#1937,#1939,.T.);
#1937 = VERTEX_POINT('',#1938);
#1938 = CARTESIAN_POINT('',(4.9,0.95,-0.6));
#1939 = LINE('',#1940,#1941);
#1940 = CARTESIAN_POINT('',(4.9,0.95,0.));
#1941 = VECTOR('',#1942,1.);
#1942 = DIRECTION('',(0.,0.,-1.));
#1943 = ORIENTED_EDGE('',*,*,#1944,.T.);
#1944 = EDGE_CURVE('',#1937,#1937,#1945,.T.);
#1945 = CIRCLE('',#1946,0.25);
#1946 = AXIS2_PLACEMENT_3D('',#1947,#1948,#1949);
#1947 = CARTESIAN_POINT('',(4.65,0.95,-0.6));
#1948 = DIRECTION('',(0.,0.,-1.));
#1949 = DIRECTION('',(1.,0.,0.));
#1950 = ORIENTED_EDGE('',*,*,#1936,.F.);
#1951 = ORIENTED_EDGE('',*,*,#429,.F.);
#1952 = CYLINDRICAL_SURFACE('',#1953,0.25);
#1953 = AXIS2_PLACEMENT_3D('',#1954,#1955,#1956);
#1954 = CARTESIAN_POINT('',(4.65,0.95,0.));
#1955 = DIRECTION('',(0.,0.,1.));
#1956 = DIRECTION('',(1.,0.,0.));
#1957 = ADVANCED_FACE('',(#1958),#1969,.T.);
#1958 = FACE_BOUND('',#1959,.T.);
#1959 = EDGE_LOOP('',(#1960,#1961,#1967,#1968));
#1960 = ORIENTED_EDGE('',*,*,#1262,.T.);
#1961 = ORIENTED_EDGE('',*,*,#1962,.T.);
#1962 = EDGE_CURVE('',#1255,#1359,#1963,.T.);
#1963 = LINE('',#1964,#1965);
#1964 = CARTESIAN_POINT('',(1.2,-0.6,-0.1));
#1965 = VECTOR('',#1966,1.);
#1966 = DIRECTION('',(1.,0.,0.));
#1967 = ORIENTED_EDGE('',*,*,#1358,.F.);
#1968 = ORIENTED_EDGE('',*,*,#455,.F.);
#1969 = PLANE('',#1970);
#1970 = AXIS2_PLACEMENT_3D('',#1971,#1972,#1973);
#1971 = CARTESIAN_POINT('',(1.2,-0.6,0.));
#1972 = DIRECTION('',(0.,-1.,0.));
#1973 = DIRECTION('',(1.,0.,0.));
#1974 = ADVANCED_FACE('',(#1975),#1986,.T.);
#1975 = FACE_BOUND('',#1976,.T.);
#1976 = EDGE_LOOP('',(#1977,#1978,#1984,#1985));
#1977 = ORIENTED_EDGE('',*,*,#1438,.T.);
#1978 = ORIENTED_EDGE('',*,*,#1979,.T.);
#1979 = EDGE_CURVE('',#1431,#1535,#1980,.T.);
#1980 = LINE('',#1981,#1982);
#1981 = CARTESIAN_POINT('',(2.,-0.6,-0.1));
#1982 = VECTOR('',#1983,1.);
#1983 = DIRECTION('',(1.,0.,0.));
#1984 = ORIENTED_EDGE('',*,*,#1534,.F.);
#1985 = ORIENTED_EDGE('',*,*,#486,.F.);
#1986 = PLANE('',#1987);
#1987 = AXIS2_PLACEMENT_3D('',#1988,#1989,#1990);
#1988 = CARTESIAN_POINT('',(2.,-0.6,0.));
#1989 = DIRECTION('',(0.,-1.,0.));
#1990 = DIRECTION('',(1.,0.,0.));
#1991 = ADVANCED_FACE('',(#1992),#2003,.T.);
#1992 = FACE_BOUND('',#1993,.T.);
#1993 = EDGE_LOOP('',(#1994,#1995,#2001,#2002));
#1994 = ORIENTED_EDGE('',*,*,#1614,.T.);
#1995 = ORIENTED_EDGE('',*,*,#1996,.T.);
#1996 = EDGE_CURVE('',#1607,#1711,#1997,.T.);
#1997 = LINE('',#1998,#1999);
#1998 = CARTESIAN_POINT('',(2.8,-0.6,-0.1));
#1999 = VECTOR('',#2000,1.);
#2000 = DIRECTION('',(1.,0.,0.));
#2001 = ORIENTED_EDGE('',*,*,#1710,.F.);
#2002 = ORIENTED_EDGE('',*,*,#517,.F.);
#2003 = PLANE('',#2004);
#2004 = AXIS2_PLACEMENT_3D('',#2005,#2006,#2007);
#2005 = CARTESIAN_POINT('',(2.8,-0.6,0.));
#2006 = DIRECTION('',(0.,-1.,0.));
#2007 = DIRECTION('',(1.,0.,0.));
#2008 = ADVANCED_FACE('',(#2009),#2020,.T.);
#2009 = FACE_BOUND('',#2010,.T.);
#2010 = EDGE_LOOP('',(#2011,#2012,#2018,#2019));
#2011 = ORIENTED_EDGE('',*,*,#1790,.T.);
#2012 = ORIENTED_EDGE('',*,*,#2013,.T.);
#2013 = EDGE_CURVE('',#1783,#1887,#2014,.T.);
#2014 = LINE('',#2015,#2016);
#2015 = CARTESIAN_POINT('',(3.6,-0.6,-0.1));
#2016 = VECTOR('',#2017,1.);
#2017 = DIRECTION('',(1.,0.,0.));
#2018 = ORIENTED_EDGE('',*,*,#1886,.F.);
#2019 = ORIENTED_EDGE('',*,*,#548,.F.);
#2020 = PLANE('',#2021);
#2021 = AXIS2_PLACEMENT_3D('',#2022,#2023,#2024);
#2022 = CARTESIAN_POINT('',(3.6,-0.6,0.));
#2023 = DIRECTION('',(0.,-1.,0.));
#2024 = DIRECTION('',(1.,0.,0.));
#2025 = ADVANCED_FACE('',(#2026),#2051,.F.);
#2026 = FACE_BOUND('',#2027,.F.);
#2027 = EDGE_LOOP('',(#2028,#2036,#2044,#2050));
#2028 = ORIENTED_EDGE('',*,*,#2029,.T.);
#2029 = EDGE_CURVE('',#582,#2030,#2032,.T.);
#2030 = VERTEX_POINT('',#2031);
#2031 = CARTESIAN_POINT('',(0.82,1.649653,1.1));
#2032 = LINE('',#2033,#2034);
#2033 = CARTESIAN_POINT('',(0.82,1.649653,3.));
#2034 = VECTOR('',#2035,1.);
#2035 = DIRECTION('',(-0.,-0.,-1.));
#2036 = ORIENTED_EDGE('',*,*,#2037,.T.);
#2037 = EDGE_CURVE('',#2030,#2038,#2040,.T.);
#2038 = VERTEX_POINT('',#2039);
#2039 = CARTESIAN_POINT('',(0.82,0.849653,1.1));
#2040 = LINE('',#2041,#2042);
#2041 = CARTESIAN_POINT('',(0.82,1.649653,1.1));
#2042 = VECTOR('',#2043,1.);
#2043 = DIRECTION('',(0.,-1.,0.));
#2044 = ORIENTED_EDGE('',*,*,#2045,.F.);
#2045 = EDGE_CURVE('',#584,#2038,#2046,.T.);
#2046 = LINE('',#2047,#2048);
#2047 = CARTESIAN_POINT('',(0.82,0.849653,3.));
#2048 = VECTOR('',#2049,1.);
#2049 = DIRECTION('',(-0.,-0.,-1.));
#2050 = ORIENTED_EDGE('',*,*,#581,.F.);
#2051 = PLANE('',#2052);
#2052 = AXIS2_PLACEMENT_3D('',#2053,#2054,#2055);
#2053 = CARTESIAN_POINT('',(0.82,1.649653,3.));
#2054 = DIRECTION('',(-1.,0.,0.));
#2055 = DIRECTION('',(0.,-1.,0.));
#2056 = ADVANCED_FACE('',(#2057),#2075,.F.);
#2057 = FACE_BOUND('',#2058,.F.);
#2058 = EDGE_LOOP('',(#2059,#2060,#2061,#2069));
#2059 = ORIENTED_EDGE('',*,*,#863,.F.);
#2060 = ORIENTED_EDGE('',*,*,#2045,.T.);
#2061 = ORIENTED_EDGE('',*,*,#2062,.T.);
#2062 = EDGE_CURVE('',#2038,#2063,#2065,.T.);
#2063 = VERTEX_POINT('',#2064);
#2064 = CARTESIAN_POINT('',(1.2,0.849653,1.1));
#2065 = LINE('',#2066,#2067);
#2066 = CARTESIAN_POINT('',(0.82,0.849653,1.1));
#2067 = VECTOR('',#2068,1.);
#2068 = DIRECTION('',(1.,0.,0.));
#2069 = ORIENTED_EDGE('',*,*,#2070,.T.);
#2070 = EDGE_CURVE('',#2063,#856,#2071,.T.);
#2071 = LINE('',#2072,#2073);
#2072 = CARTESIAN_POINT('',(1.2,0.849653,2.05));
#2073 = VECTOR('',#2074,1.);
#2074 = DIRECTION('',(0.,0.,1.));
#2075 = PLANE('',#2076);
#2076 = AXIS2_PLACEMENT_3D('',#2077,#2078,#2079);
#2077 = CARTESIAN_POINT('',(0.82,0.849653,3.));
#2078 = DIRECTION('',(0.,-1.,0.));
#2079 = DIRECTION('',(1.,0.,0.));
#2080 = ADVANCED_FACE('',(#2081),#2115,.F.);
#2081 = FACE_BOUND('',#2082,.F.);
#2082 = EDGE_LOOP('',(#2083,#2091,#2099,#2107,#2113,#2114));
#2083 = ORIENTED_EDGE('',*,*,#2084,.F.);
#2084 = EDGE_CURVE('',#2085,#2063,#2087,.T.);
#2085 = VERTEX_POINT('',#2086);
#2086 = CARTESIAN_POINT('',(1.2,0.947161,1.1));
#2087 = LINE('',#2088,#2089);
#2088 = CARTESIAN_POINT('',(1.2,0.947161,1.1));
#2089 = VECTOR('',#2090,1.);
#2090 = DIRECTION('',(0.,-1.,0.));
#2091 = ORIENTED_EDGE('',*,*,#2092,.T.);
#2092 = EDGE_CURVE('',#2085,#2093,#2095,.T.);
#2093 = VERTEX_POINT('',#2094);
#2094 = CARTESIAN_POINT('',(1.2,0.947161,3.1));
#2095 = LINE('',#2096,#2097);
#2096 = CARTESIAN_POINT('',(1.2,0.947161,1.1));
#2097 = VECTOR('',#2098,1.);
#2098 = DIRECTION('',(0.,0.,1.));
#2099 = ORIENTED_EDGE('',*,*,#2100,.T.);
#2100 = EDGE_CURVE('',#2093,#2101,#2103,.T.);
#2101 = VERTEX_POINT('',#2102);
#2102 = CARTESIAN_POINT('',(1.2,0.747161,3.1));
#2103 = LINE('',#2104,#2105);
#2104 = CARTESIAN_POINT('',(1.2,0.947161,3.1));
#2105 = VECTOR('',#2106,1.);
#2106 = DIRECTION('',(0.,-1.,0.));
#2107 = ORIENTED_EDGE('',*,*,#2108,.F.);
#2108 = EDGE_CURVE('',#848,#2101,#2109,.T.);
#2109 = LINE('',#2110,#2111);
#2110 = CARTESIAN_POINT('',(1.2,0.747161,1.1));
#2111 = VECTOR('',#2112,1.);
#2112 = DIRECTION('',(0.,0.,1.));
#2113 = ORIENTED_EDGE('',*,*,#855,.T.);
#2114 = ORIENTED_EDGE('',*,*,#2070,.F.);
#2115 = PLANE('',#2116);
#2116 = AXIS2_PLACEMENT_3D('',#2117,#2118,#2119);
#2117 = CARTESIAN_POINT('',(1.2,0.947161,1.1));
#2118 = DIRECTION('',(1.,0.,-0.));
#2119 = DIRECTION('',(0.,-1.,0.));
#2120 = ADVANCED_FACE('',(#2121),#2139,.F.);
#2121 = FACE_BOUND('',#2122,.F.);
#2122 = EDGE_LOOP('',(#2123,#2124,#2125,#2133));
#2123 = ORIENTED_EDGE('',*,*,#847,.T.);
#2124 = ORIENTED_EDGE('',*,*,#2108,.T.);
#2125 = ORIENTED_EDGE('',*,*,#2126,.T.);
#2126 = EDGE_CURVE('',#2101,#2127,#2129,.T.);
#2127 = VERTEX_POINT('',#2128);
#2128 = CARTESIAN_POINT('',(1.45,0.747161,3.1));
#2129 = LINE('',#2130,#2131);
#2130 = CARTESIAN_POINT('',(1.2,0.747161,3.1));
#2131 = VECTOR('',#2132,1.);
#2132 = DIRECTION('',(1.,0.,0.));
#2133 = ORIENTED_EDGE('',*,*,#2134,.F.);
#2134 = EDGE_CURVE('',#840,#2127,#2135,.T.);
#2135 = LINE('',#2136,#2137);
#2136 = CARTESIAN_POINT('',(1.45,0.747161,1.1));
#2137 = VECTOR('',#2138,1.);
#2138 = DIRECTION('',(0.,0.,1.));
#2139 = PLANE('',#2140);
#2140 = AXIS2_PLACEMENT_3D('',#2141,#2142,#2143);
#2141 = CARTESIAN_POINT('',(1.2,0.747161,1.1));
#2142 = DIRECTION('',(0.,1.,0.));
#2143 = DIRECTION('',(1.,0.,0.));
#2144 = ADVANCED_FACE('',(#2145),#2179,.F.);
#2145 = FACE_BOUND('',#2146,.F.);
#2146 = EDGE_LOOP('',(#2147,#2148,#2149,#2157,#2165,#2173));
#2147 = ORIENTED_EDGE('',*,*,#839,.T.);
#2148 = ORIENTED_EDGE('',*,*,#2134,.T.);
#2149 = ORIENTED_EDGE('',*,*,#2150,.T.);
#2150 = EDGE_CURVE('',#2127,#2151,#2153,.T.);
#2151 = VERTEX_POINT('',#2152);
#2152 = CARTESIAN_POINT('',(1.45,0.947161,3.1));
#2153 = LINE('',#2154,#2155);
#2154 = CARTESIAN_POINT('',(1.45,0.747161,3.1));
#2155 = VECTOR('',#2156,1.);
#2156 = DIRECTION('',(0.,1.,0.));
#2157 = ORIENTED_EDGE('',*,*,#2158,.F.);
#2158 = EDGE_CURVE('',#2159,#2151,#2161,.T.);
#2159 = VERTEX_POINT('',#2160);
#2160 = CARTESIAN_POINT('',(1.45,0.947161,1.1));
#2161 = LINE('',#2162,#2163);
#2162 = CARTESIAN_POINT('',(1.45,0.947161,1.1));
#2163 = VECTOR('',#2164,1.);
#2164 = DIRECTION('',(0.,0.,1.));
#2165 = ORIENTED_EDGE('',*,*,#2166,.F.);
#2166 = EDGE_CURVE('',#2167,#2159,#2169,.T.);
#2167 = VERTEX_POINT('',#2168);
#2168 = CARTESIAN_POINT('',(1.45,0.849653,1.1));
#2169 = LINE('',#2170,#2171);
#2170 = CARTESIAN_POINT('',(1.45,0.747161,1.1));
#2171 = VECTOR('',#2172,1.);
#2172 = DIRECTION('',(0.,1.,0.));
#2173 = ORIENTED_EDGE('',*,*,#2174,.F.);
#2174 = EDGE_CURVE('',#832,#2167,#2175,.T.);
#2175 = LINE('',#2176,#2177);
#2176 = CARTESIAN_POINT('',(1.45,0.849653,2.05));
#2177 = VECTOR('',#2178,1.);
#2178 = DIRECTION('',(-0.,-0.,-1.));
#2179 = PLANE('',#2180);
#2180 = AXIS2_PLACEMENT_3D('',#2181,#2182,#2183);
#2181 = CARTESIAN_POINT('',(1.45,0.747161,1.1));
#2182 = DIRECTION('',(-1.,0.,0.));
#2183 = DIRECTION('',(0.,1.,0.));
#2184 = ADVANCED_FACE('',(#2185),#2203,.F.);
#2185 = FACE_BOUND('',#2186,.F.);
#2186 = EDGE_LOOP('',(#2187,#2188,#2189,#2197));
#2187 = ORIENTED_EDGE('',*,*,#831,.F.);
#2188 = ORIENTED_EDGE('',*,*,#2174,.T.);
#2189 = ORIENTED_EDGE('',*,*,#2190,.T.);
#2190 = EDGE_CURVE('',#2167,#2191,#2193,.T.);
#2191 = VERTEX_POINT('',#2192);
#2192 = CARTESIAN_POINT('',(2.,0.849653,1.1));
#2193 = LINE('',#2194,#2195);
#2194 = CARTESIAN_POINT('',(0.82,0.849653,1.1));
#2195 = VECTOR('',#2196,1.);
#2196 = DIRECTION('',(1.,0.,0.));
#2197 = ORIENTED_EDGE('',*,*,#2198,.T.);
#2198 = EDGE_CURVE('',#2191,#824,#2199,.T.);
#2199 = LINE('',#2200,#2201);
#2200 = CARTESIAN_POINT('',(2.,0.849653,2.05));
#2201 = VECTOR('',#2202,1.);
#2202 = DIRECTION('',(0.,0.,1.));
#2203 = PLANE('',#2204);
#2204 = AXIS2_PLACEMENT_3D('',#2205,#2206,#2207);
#2205 = CARTESIAN_POINT('',(0.82,0.849653,3.));
#2206 = DIRECTION('',(0.,-1.,0.));
#2207 = DIRECTION('',(1.,0.,0.));
#2208 = ADVANCED_FACE('',(#2209),#2243,.F.);
#2209 = FACE_BOUND('',#2210,.F.);
#2210 = EDGE_LOOP('',(#2211,#2219,#2227,#2235,#2241,#2242));
#2211 = ORIENTED_EDGE('',*,*,#2212,.F.);
#2212 = EDGE_CURVE('',#2213,#2191,#2215,.T.);
#2213 = VERTEX_POINT('',#2214);
#2214 = CARTESIAN_POINT('',(2.,0.947161,1.1));
#2215 = LINE('',#2216,#2217);
#2216 = CARTESIAN_POINT('',(2.,0.947161,1.1));
#2217 = VECTOR('',#2218,1.);
#2218 = DIRECTION('',(0.,-1.,0.));
#2219 = ORIENTED_EDGE('',*,*,#2220,.T.);
#2220 = EDGE_CURVE('',#2213,#2221,#2223,.T.);
#2221 = VERTEX_POINT('',#2222);
#2222 = CARTESIAN_POINT('',(2.,0.947161,3.1));
#2223 = LINE('',#2224,#2225);
#2224 = CARTESIAN_POINT('',(2.,0.947161,1.1));
#2225 = VECTOR('',#2226,1.);
#2226 = DIRECTION('',(0.,0.,1.));
#2227 = ORIENTED_EDGE('',*,*,#2228,.T.);
#2228 = EDGE_CURVE('',#2221,#2229,#2231,.T.);
#2229 = VERTEX_POINT('',#2230);
#2230 = CARTESIAN_POINT('',(2.,0.747161,3.1));
#2231 = LINE('',#2232,#2233);
#2232 = CARTESIAN_POINT('',(2.,0.947161,3.1));
#2233 = VECTOR('',#2234,1.);
#2234 = DIRECTION('',(0.,-1.,0.));
#2235 = ORIENTED_EDGE('',*,*,#2236,.F.);
#2236 = EDGE_CURVE('',#816,#2229,#2237,.T.);
#2237 = LINE('',#2238,#2239);
#2238 = CARTESIAN_POINT('',(2.,0.747161,1.1));
#2239 = VECTOR('',#2240,1.);
#2240 = DIRECTION('',(0.,0.,1.));
#2241 = ORIENTED_EDGE('',*,*,#823,.T.);
#2242 = ORIENTED_EDGE('',*,*,#2198,.F.);
#2243 = PLANE('',#2244);
#2244 = AXIS2_PLACEMENT_3D('',#2245,#2246,#2247);
#2245 = CARTESIAN_POINT('',(2.,0.947161,1.1));
#2246 = DIRECTION('',(1.,0.,-0.));
#2247 = DIRECTION('',(0.,-1.,0.));
#2248 = ADVANCED_FACE('',(#2249),#2267,.F.);
#2249 = FACE_BOUND('',#2250,.F.);
#2250 = EDGE_LOOP('',(#2251,#2252,#2253,#2261));
#2251 = ORIENTED_EDGE('',*,*,#815,.T.);
#2252 = ORIENTED_EDGE('',*,*,#2236,.T.);
#2253 = ORIENTED_EDGE('',*,*,#2254,.T.);
#2254 = EDGE_CURVE('',#2229,#2255,#2257,.T.);
#2255 = VERTEX_POINT('',#2256);
#2256 = CARTESIAN_POINT('',(2.25,0.747161,3.1));
#2257 = LINE('',#2258,#2259);
#2258 = CARTESIAN_POINT('',(2.,0.747161,3.1));
#2259 = VECTOR('',#2260,1.);
#2260 = DIRECTION('',(1.,0.,0.));
#2261 = ORIENTED_EDGE('',*,*,#2262,.F.);
#2262 = EDGE_CURVE('',#808,#2255,#2263,.T.);
#2263 = LINE('',#2264,#2265);
#2264 = CARTESIAN_POINT('',(2.25,0.747161,1.1));
#2265 = VECTOR('',#2266,1.);
#2266 = DIRECTION('',(0.,0.,1.));
#2267 = PLANE('',#2268);
#2268 = AXIS2_PLACEMENT_3D('',#2269,#2270,#2271);
#2269 = CARTESIAN_POINT('',(2.,0.747161,1.1));
#2270 = DIRECTION('',(0.,1.,0.));
#2271 = DIRECTION('',(1.,0.,0.));
#2272 = ADVANCED_FACE('',(#2273),#2307,.F.);
#2273 = FACE_BOUND('',#2274,.F.);
#2274 = EDGE_LOOP('',(#2275,#2276,#2277,#2285,#2293,#2301));
#2275 = ORIENTED_EDGE('',*,*,#807,.T.);
#2276 = ORIENTED_EDGE('',*,*,#2262,.T.);
#2277 = ORIENTED_EDGE('',*,*,#2278,.T.);
#2278 = EDGE_CURVE('',#2255,#2279,#2281,.T.);
#2279 = VERTEX_POINT('',#2280);
#2280 = CARTESIAN_POINT('',(2.25,0.947161,3.1));
#2281 = LINE('',#2282,#2283);
#2282 = CARTESIAN_POINT('',(2.25,0.747161,3.1));
#2283 = VECTOR('',#2284,1.);
#2284 = DIRECTION('',(0.,1.,0.));
#2285 = ORIENTED_EDGE('',*,*,#2286,.F.);
#2286 = EDGE_CURVE('',#2287,#2279,#2289,.T.);
#2287 = VERTEX_POINT('',#2288);
#2288 = CARTESIAN_POINT('',(2.25,0.947161,1.1));
#2289 = LINE('',#2290,#2291);
#2290 = CARTESIAN_POINT('',(2.25,0.947161,1.1));
#2291 = VECTOR('',#2292,1.);
#2292 = DIRECTION('',(0.,0.,1.));
#2293 = ORIENTED_EDGE('',*,*,#2294,.F.);
#2294 = EDGE_CURVE('',#2295,#2287,#2297,.T.);
#2295 = VERTEX_POINT('',#2296);
#2296 = CARTESIAN_POINT('',(2.25,0.849653,1.1));
#2297 = LINE('',#2298,#2299);
#2298 = CARTESIAN_POINT('',(2.25,0.747161,1.1));
#2299 = VECTOR('',#2300,1.);
#2300 = DIRECTION('',(0.,1.,0.));
#2301 = ORIENTED_EDGE('',*,*,#2302,.F.);
#2302 = EDGE_CURVE('',#800,#2295,#2303,.T.);
#2303 = LINE('',#2304,#2305);
#2304 = CARTESIAN_POINT('',(2.25,0.849653,2.05));
#2305 = VECTOR('',#2306,1.);
#2306 = DIRECTION('',(-0.,-0.,-1.));
#2307 = PLANE('',#2308);
#2308 = AXIS2_PLACEMENT_3D('',#2309,#2310,#2311);
#2309 = CARTESIAN_POINT('',(2.25,0.747161,1.1));
#2310 = DIRECTION('',(-1.,0.,0.));
#2311 = DIRECTION('',(0.,1.,0.));
#2312 = ADVANCED_FACE('',(#2313),#2331,.F.);
#2313 = FACE_BOUND('',#2314,.F.);
#2314 = EDGE_LOOP('',(#2315,#2316,#2317,#2325));
#2315 = ORIENTED_EDGE('',*,*,#799,.F.);
#2316 = ORIENTED_EDGE('',*,*,#2302,.T.);
#2317 = ORIENTED_EDGE('',*,*,#2318,.T.);
#2318 = EDGE_CURVE('',#2295,#2319,#2321,.T.);
#2319 = VERTEX_POINT('',#2320);
#2320 = CARTESIAN_POINT('',(2.8,0.849653,1.1));
#2321 = LINE('',#2322,#2323);
#2322 = CARTESIAN_POINT('',(0.82,0.849653,1.1));
#2323 = VECTOR('',#2324,1.);
#2324 = DIRECTION('',(1.,0.,0.));
#2325 = ORIENTED_EDGE('',*,*,#2326,.T.);
#2326 = EDGE_CURVE('',#2319,#792,#2327,.T.);
#2327 = LINE('',#2328,#2329);
#2328 = CARTESIAN_POINT('',(2.8,0.849653,2.05));
#2329 = VECTOR('',#2330,1.);
#2330 = DIRECTION('',(0.,0.,1.));
#2331 = PLANE('',#2332);
#2332 = AXIS2_PLACEMENT_3D('',#2333,#2334,#2335);
#2333 = CARTESIAN_POINT('',(0.82,0.849653,3.));
#2334 = DIRECTION('',(0.,-1.,0.));
#2335 = DIRECTION('',(1.,0.,0.));
#2336 = ADVANCED_FACE('',(#2337),#2371,.F.);
#2337 = FACE_BOUND('',#2338,.F.);
#2338 = EDGE_LOOP('',(#2339,#2347,#2355,#2363,#2369,#2370));
#2339 = ORIENTED_EDGE('',*,*,#2340,.F.);
#2340 = EDGE_CURVE('',#2341,#2319,#2343,.T.);
#2341 = VERTEX_POINT('',#2342);
#2342 = CARTESIAN_POINT('',(2.8,0.947161,1.1));
#2343 = LINE('',#2344,#2345);
#2344 = CARTESIAN_POINT('',(2.8,0.947161,1.1));
#2345 = VECTOR('',#2346,1.);
#2346 = DIRECTION('',(0.,-1.,0.));
#2347 = ORIENTED_EDGE('',*,*,#2348,.T.);
#2348 = EDGE_CURVE('',#2341,#2349,#2351,.T.);
#2349 = VERTEX_POINT('',#2350);
#2350 = CARTESIAN_POINT('',(2.8,0.947161,3.1));
#2351 = LINE('',#2352,#2353);
#2352 = CARTESIAN_POINT('',(2.8,0.947161,1.1));
#2353 = VECTOR('',#2354,1.);
#2354 = DIRECTION('',(0.,0.,1.));
#2355 = ORIENTED_EDGE('',*,*,#2356,.T.);
#2356 = EDGE_CURVE('',#2349,#2357,#2359,.T.);
#2357 = VERTEX_POINT('',#2358);
#2358 = CARTESIAN_POINT('',(2.8,0.747161,3.1));
#2359 = LINE('',#2360,#2361);
#2360 = CARTESIAN_POINT('',(2.8,0.947161,3.1));
#2361 = VECTOR('',#2362,1.);
#2362 = DIRECTION('',(0.,-1.,0.));
#2363 = ORIENTED_EDGE('',*,*,#2364,.F.);
#2364 = EDGE_CURVE('',#784,#2357,#2365,.T.);
#2365 = LINE('',#2366,#2367);
#2366 = CARTESIAN_POINT('',(2.8,0.747161,1.1));
#2367 = VECTOR('',#2368,1.);
#2368 = DIRECTION('',(0.,0.,1.));
#2369 = ORIENTED_EDGE('',*,*,#791,.T.);
#2370 = ORIENTED_EDGE('',*,*,#2326,.F.);
#2371 = PLANE('',#2372);
#2372 = AXIS2_PLACEMENT_3D('',#2373,#2374,#2375);
#2373 = CARTESIAN_POINT('',(2.8,0.947161,1.1));
#2374 = DIRECTION('',(1.,0.,-0.));
#2375 = DIRECTION('',(0.,-1.,0.));
#2376 = ADVANCED_FACE('',(#2377),#2395,.F.);
#2377 = FACE_BOUND('',#2378,.F.);
#2378 = EDGE_LOOP('',(#2379,#2380,#2381,#2389));
#2379 = ORIENTED_EDGE('',*,*,#783,.T.);
#2380 = ORIENTED_EDGE('',*,*,#2364,.T.);
#2381 = ORIENTED_EDGE('',*,*,#2382,.T.);
#2382 = EDGE_CURVE('',#2357,#2383,#2385,.T.);
#2383 = VERTEX_POINT('',#2384);
#2384 = CARTESIAN_POINT('',(3.05,0.747161,3.1));
#2385 = LINE('',#2386,#2387);
#2386 = CARTESIAN_POINT('',(2.8,0.747161,3.1));
#2387 = VECTOR('',#2388,1.);
#2388 = DIRECTION('',(1.,0.,0.));
#2389 = ORIENTED_EDGE('',*,*,#2390,.F.);
#2390 = EDGE_CURVE('',#776,#2383,#2391,.T.);
#2391 = LINE('',#2392,#2393);
#2392 = CARTESIAN_POINT('',(3.05,0.747161,1.1));
#2393 = VECTOR('',#2394,1.);
#2394 = DIRECTION('',(0.,0.,1.));
#2395 = PLANE('',#2396);
#2396 = AXIS2_PLACEMENT_3D('',#2397,#2398,#2399);
#2397 = CARTESIAN_POINT('',(2.8,0.747161,1.1));
#2398 = DIRECTION('',(0.,1.,0.));
#2399 = DIRECTION('',(1.,0.,0.));
#2400 = ADVANCED_FACE('',(#2401),#2435,.F.);
#2401 = FACE_BOUND('',#2402,.F.);
#2402 = EDGE_LOOP('',(#2403,#2404,#2405,#2413,#2421,#2429));
#2403 = ORIENTED_EDGE('',*,*,#775,.T.);
#2404 = ORIENTED_EDGE('',*,*,#2390,.T.);
#2405 = ORIENTED_EDGE('',*,*,#2406,.T.);
#2406 = EDGE_CURVE('',#2383,#2407,#2409,.T.);
#2407 = VERTEX_POINT('',#2408);
#2408 = CARTESIAN_POINT('',(3.05,0.947161,3.1));
#2409 = LINE('',#2410,#2411);
#2410 = CARTESIAN_POINT('',(3.05,0.747161,3.1));
#2411 = VECTOR('',#2412,1.);
#2412 = DIRECTION('',(0.,1.,0.));
#2413 = ORIENTED_EDGE('',*,*,#2414,.F.);
#2414 = EDGE_CURVE('',#2415,#2407,#2417,.T.);
#2415 = VERTEX_POINT('',#2416);
#2416 = CARTESIAN_POINT('',(3.05,0.947161,1.1));
#2417 = LINE('',#2418,#2419);
#2418 = CARTESIAN_POINT('',(3.05,0.947161,1.1));
#2419 = VECTOR('',#2420,1.);
#2420 = DIRECTION('',(0.,0.,1.));
#2421 = ORIENTED_EDGE('',*,*,#2422,.F.);
#2422 = EDGE_CURVE('',#2423,#2415,#2425,.T.);
#2423 = VERTEX_POINT('',#2424);
#2424 = CARTESIAN_POINT('',(3.05,0.849653,1.1));
#2425 = LINE('',#2426,#2427);
#2426 = CARTESIAN_POINT('',(3.05,0.747161,1.1));
#2427 = VECTOR('',#2428,1.);
#2428 = DIRECTION('',(0.,1.,0.));
#2429 = ORIENTED_EDGE('',*,*,#2430,.F.);
#2430 = EDGE_CURVE('',#768,#2423,#2431,.T.);
#2431 = LINE('',#2432,#2433);
#2432 = CARTESIAN_POINT('',(3.05,0.849653,2.05));
#2433 = VECTOR('',#2434,1.);
#2434 = DIRECTION('',(-0.,-0.,-1.));
#2435 = PLANE('',#2436);
#2436 = AXIS2_PLACEMENT_3D('',#2437,#2438,#2439);
#2437 = CARTESIAN_POINT('',(3.05,0.747161,1.1));
#2438 = DIRECTION('',(-1.,0.,0.));
#2439 = DIRECTION('',(0.,1.,0.));
#2440 = ADVANCED_FACE('',(#2441),#2459,.F.);
#2441 = FACE_BOUND('',#2442,.F.);
#2442 = EDGE_LOOP('',(#2443,#2444,#2445,#2453));
#2443 = ORIENTED_EDGE('',*,*,#767,.F.);
#2444 = ORIENTED_EDGE('',*,*,#2430,.T.);
#2445 = ORIENTED_EDGE('',*,*,#2446,.T.);
#2446 = EDGE_CURVE('',#2423,#2447,#2449,.T.);
#2447 = VERTEX_POINT('',#2448);
#2448 = CARTESIAN_POINT('',(3.6,0.849653,1.1));
#2449 = LINE('',#2450,#2451);
#2450 = CARTESIAN_POINT('',(0.82,0.849653,1.1));
#2451 = VECTOR('',#2452,1.);
#2452 = DIRECTION('',(1.,0.,0.));
#2453 = ORIENTED_EDGE('',*,*,#2454,.T.);
#2454 = EDGE_CURVE('',#2447,#760,#2455,.T.);
#2455 = LINE('',#2456,#2457);
#2456 = CARTESIAN_POINT('',(3.6,0.849653,2.05));
#2457 = VECTOR('',#2458,1.);
#2458 = DIRECTION('',(0.,0.,1.));
#2459 = PLANE('',#2460);
#2460 = AXIS2_PLACEMENT_3D('',#2461,#2462,#2463);
#2461 = CARTESIAN_POINT('',(0.82,0.849653,3.));
#2462 = DIRECTION('',(0.,-1.,0.));
#2463 = DIRECTION('',(1.,0.,0.));
#2464 = ADVANCED_FACE('',(#2465),#2499,.F.);
#2465 = FACE_BOUND('',#2466,.F.);
#2466 = EDGE_LOOP('',(#2467,#2475,#2483,#2491,#2497,#2498));
#2467 = ORIENTED_EDGE('',*,*,#2468,.F.);
#2468 = EDGE_CURVE('',#2469,#2447,#2471,.T.);
#2469 = VERTEX_POINT('',#2470);
#2470 = CARTESIAN_POINT('',(3.6,0.947161,1.1));
#2471 = LINE('',#2472,#2473);
#2472 = CARTESIAN_POINT('',(3.6,0.947161,1.1));
#2473 = VECTOR('',#2474,1.);
#2474 = DIRECTION('',(0.,-1.,0.));
#2475 = ORIENTED_EDGE('',*,*,#2476,.T.);
#2476 = EDGE_CURVE('',#2469,#2477,#2479,.T.);
#2477 = VERTEX_POINT('',#2478);
#2478 = CARTESIAN_POINT('',(3.6,0.947161,3.1));
#2479 = LINE('',#2480,#2481);
#2480 = CARTESIAN_POINT('',(3.6,0.947161,1.1));
#2481 = VECTOR('',#2482,1.);
#2482 = DIRECTION('',(0.,0.,1.));
#2483 = ORIENTED_EDGE('',*,*,#2484,.T.);
#2484 = EDGE_CURVE('',#2477,#2485,#2487,.T.);
#2485 = VERTEX_POINT('',#2486);
#2486 = CARTESIAN_POINT('',(3.6,0.747161,3.1));
#2487 = LINE('',#2488,#2489);
#2488 = CARTESIAN_POINT('',(3.6,0.947161,3.1));
#2489 = VECTOR('',#2490,1.);
#2490 = DIRECTION('',(0.,-1.,0.));
#2491 = ORIENTED_EDGE('',*,*,#2492,.F.);
#2492 = EDGE_CURVE('',#752,#2485,#2493,.T.);
#2493 = LINE('',#2494,#2495);
#2494 = CARTESIAN_POINT('',(3.6,0.747161,1.1));
#2495 = VECTOR('',#2496,1.);
#2496 = DIRECTION('',(0.,0.,1.));
#2497 = ORIENTED_EDGE('',*,*,#759,.T.);
#2498 = ORIENTED_EDGE('',*,*,#2454,.F.);
#2499 = PLANE('',#2500);
#2500 = AXIS2_PLACEMENT_3D('',#2501,#2502,#2503);
#2501 = CARTESIAN_POINT('',(3.6,0.947161,1.1));
#2502 = DIRECTION('',(1.,0.,-0.));
#2503 = DIRECTION('',(0.,-1.,0.));
#2504 = ADVANCED_FACE('',(#2505),#2523,.F.);
#2505 = FACE_BOUND('',#2506,.F.);
#2506 = EDGE_LOOP('',(#2507,#2508,#2509,#2517));
#2507 = ORIENTED_EDGE('',*,*,#751,.T.);
#2508 = ORIENTED_EDGE('',*,*,#2492,.T.);
#2509 = ORIENTED_EDGE('',*,*,#2510,.T.);
#2510 = EDGE_CURVE('',#2485,#2511,#2513,.T.);
#2511 = VERTEX_POINT('',#2512);
#2512 = CARTESIAN_POINT('',(3.85,0.747161,3.1));
#2513 = LINE('',#2514,#2515);
#2514 = CARTESIAN_POINT('',(3.6,0.747161,3.1));
#2515 = VECTOR('',#2516,1.);
#2516 = DIRECTION('',(1.,0.,0.));
#2517 = ORIENTED_EDGE('',*,*,#2518,.F.);
#2518 = EDGE_CURVE('',#744,#2511,#2519,.T.);
#2519 = LINE('',#2520,#2521);
#2520 = CARTESIAN_POINT('',(3.85,0.747161,1.1));
#2521 = VECTOR('',#2522,1.);
#2522 = DIRECTION('',(0.,0.,1.));
#2523 = PLANE('',#2524);
#2524 = AXIS2_PLACEMENT_3D('',#2525,#2526,#2527);
#2525 = CARTESIAN_POINT('',(3.6,0.747161,1.1));
#2526 = DIRECTION('',(0.,1.,0.));
#2527 = DIRECTION('',(1.,0.,0.));
#2528 = ADVANCED_FACE('',(#2529),#2563,.F.);
#2529 = FACE_BOUND('',#2530,.F.);
#2530 = EDGE_LOOP('',(#2531,#2532,#2533,#2541,#2549,#2557));
#2531 = ORIENTED_EDGE('',*,*,#743,.T.);
#2532 = ORIENTED_EDGE('',*,*,#2518,.T.);
#2533 = ORIENTED_EDGE('',*,*,#2534,.T.);
#2534 = EDGE_CURVE('',#2511,#2535,#2537,.T.);
#2535 = VERTEX_POINT('',#2536);
#2536 = CARTESIAN_POINT('',(3.85,0.947161,3.1));
#2537 = LINE('',#2538,#2539);
#2538 = CARTESIAN_POINT('',(3.85,0.747161,3.1));
#2539 = VECTOR('',#2540,1.);
#2540 = DIRECTION('',(0.,1.,0.));
#2541 = ORIENTED_EDGE('',*,*,#2542,.F.);
#2542 = EDGE_CURVE('',#2543,#2535,#2545,.T.);
#2543 = VERTEX_POINT('',#2544);
#2544 = CARTESIAN_POINT('',(3.85,0.947161,1.1));
#2545 = LINE('',#2546,#2547);
#2546 = CARTESIAN_POINT('',(3.85,0.947161,1.1));
#2547 = VECTOR('',#2548,1.);
#2548 = DIRECTION('',(0.,0.,1.));
#2549 = ORIENTED_EDGE('',*,*,#2550,.F.);
#2550 = EDGE_CURVE('',#2551,#2543,#2553,.T.);
#2551 = VERTEX_POINT('',#2552);
#2552 = CARTESIAN_POINT('',(3.85,0.849653,1.1));
#2553 = LINE('',#2554,#2555);
#2554 = CARTESIAN_POINT('',(3.85,0.747161,1.1));
#2555 = VECTOR('',#2556,1.);
#2556 = DIRECTION('',(0.,1.,0.));
#2557 = ORIENTED_EDGE('',*,*,#2558,.F.);
#2558 = EDGE_CURVE('',#736,#2551,#2559,.T.);
#2559 = LINE('',#2560,#2561);
#2560 = CARTESIAN_POINT('',(3.85,0.849653,2.05));
#2561 = VECTOR('',#2562,1.);
#2562 = DIRECTION('',(-0.,-0.,-1.));
#2563 = PLANE('',#2564);
#2564 = AXIS2_PLACEMENT_3D('',#2565,#2566,#2567);
#2565 = CARTESIAN_POINT('',(3.85,0.747161,1.1));
#2566 = DIRECTION('',(-1.,0.,0.));
#2567 = DIRECTION('',(0.,1.,0.));
#2568 = ADVANCED_FACE('',(#2569),#2587,.F.);
#2569 = FACE_BOUND('',#2570,.F.);
#2570 = EDGE_LOOP('',(#2571,#2572,#2573,#2581));
#2571 = ORIENTED_EDGE('',*,*,#735,.F.);
#2572 = ORIENTED_EDGE('',*,*,#2558,.T.);
#2573 = ORIENTED_EDGE('',*,*,#2574,.T.);
#2574 = EDGE_CURVE('',#2551,#2575,#2577,.T.);
#2575 = VERTEX_POINT('',#2576);
#2576 = CARTESIAN_POINT('',(4.28,0.849653,1.1));
#2577 = LINE('',#2578,#2579);
#2578 = CARTESIAN_POINT('',(0.82,0.849653,1.1));
#2579 = VECTOR('',#2580,1.);
#2580 = DIRECTION('',(1.,0.,0.));
#2581 = ORIENTED_EDGE('',*,*,#2582,.F.);
#2582 = EDGE_CURVE('',#728,#2575,#2583,.T.);
#2583 = LINE('',#2584,#2585);
#2584 = CARTESIAN_POINT('',(4.28,0.849653,3.));
#2585 = VECTOR('',#2586,1.);
#2586 = DIRECTION('',(-0.,-0.,-1.));
#2587 = PLANE('',#2588);
#2588 = AXIS2_PLACEMENT_3D('',#2589,#2590,#2591);
#2589 = CARTESIAN_POINT('',(0.82,0.849653,3.));
#2590 = DIRECTION('',(0.,-1.,0.));
#2591 = DIRECTION('',(1.,0.,0.));
#2592 = ADVANCED_FACE('',(#2593),#2611,.F.);
#2593 = FACE_BOUND('',#2594,.F.);
#2594 = EDGE_LOOP('',(#2595,#2596,#2604,#2610));
#2595 = ORIENTED_EDGE('',*,*,#2582,.T.);
#2596 = ORIENTED_EDGE('',*,*,#2597,.T.);
#2597 = EDGE_CURVE('',#2575,#2598,#2600,.T.);
#2598 = VERTEX_POINT('',#2599);
#2599 = CARTESIAN_POINT('',(4.28,1.649653,1.1));
#2600 = LINE('',#2601,#2602);
#2601 = CARTESIAN_POINT('',(4.28,0.849653,1.1));
#2602 = VECTOR('',#2603,1.);
#2603 = DIRECTION('',(0.,1.,0.));
#2604 = ORIENTED_EDGE('',*,*,#2605,.F.);
#2605 = EDGE_CURVE('',#720,#2598,#2606,.T.);
#2606 = LINE('',#2607,#2608);
#2607 = CARTESIAN_POINT('',(4.28,1.649653,3.));
#2608 = VECTOR('',#2609,1.);
#2609 = DIRECTION('',(-0.,-0.,-1.));
#2610 = ORIENTED_EDGE('',*,*,#727,.F.);
#2611 = PLANE('',#2612);
#2612 = AXIS2_PLACEMENT_3D('',#2613,#2614,#2615);
#2613 = CARTESIAN_POINT('',(4.28,0.849653,3.));
#2614 = DIRECTION('',(1.,0.,0.));
#2615 = DIRECTION('',(0.,1.,0.));
#2616 = ADVANCED_FACE('',(#2617),#2635,.F.);
#2617 = FACE_BOUND('',#2618,.F.);
#2618 = EDGE_LOOP('',(#2619,#2620,#2621,#2629));
#2619 = ORIENTED_EDGE('',*,*,#719,.F.);
#2620 = ORIENTED_EDGE('',*,*,#2605,.T.);
#2621 = ORIENTED_EDGE('',*,*,#2622,.T.);
#2622 = EDGE_CURVE('',#2598,#2623,#2625,.T.);
#2623 = VERTEX_POINT('',#2624);
#2624 = CARTESIAN_POINT('',(3.85,1.649653,1.1));
#2625 = LINE('',#2626,#2627);
#2626 = CARTESIAN_POINT('',(4.28,1.649653,1.1));
#2627 = VECTOR('',#2628,1.);
#2628 = DIRECTION('',(-1.,0.,0.));
#2629 = ORIENTED_EDGE('',*,*,#2630,.T.);
#2630 = EDGE_CURVE('',#2623,#712,#2631,.T.);
#2631 = LINE('',#2632,#2633);
#2632 = CARTESIAN_POINT('',(3.85,1.649653,2.05));
#2633 = VECTOR('',#2634,1.);
#2634 = DIRECTION('',(0.,-0.,1.));
#2635 = PLANE('',#2636);
#2636 = AXIS2_PLACEMENT_3D('',#2637,#2638,#2639);
#2637 = CARTESIAN_POINT('',(4.28,1.649653,3.));
#2638 = DIRECTION('',(0.,1.,0.));
#2639 = DIRECTION('',(-1.,0.,0.));
#2640 = ADVANCED_FACE('',(#2641),#2675,.F.);
#2641 = FACE_BOUND('',#2642,.F.);
#2642 = EDGE_LOOP('',(#2643,#2651,#2659,#2667,#2673,#2674));
#2643 = ORIENTED_EDGE('',*,*,#2644,.F.);
#2644 = EDGE_CURVE('',#2645,#2623,#2647,.T.);
#2645 = VERTEX_POINT('',#2646);
#2646 = CARTESIAN_POINT('',(3.85,1.547161,1.1));
#2647 = LINE('',#2648,#2649);
#2648 = CARTESIAN_POINT('',(3.85,1.547161,1.1));
#2649 = VECTOR('',#2650,1.);
#2650 = DIRECTION('',(0.,1.,0.));
#2651 = ORIENTED_EDGE('',*,*,#2652,.T.);
#2652 = EDGE_CURVE('',#2645,#2653,#2655,.T.);
#2653 = VERTEX_POINT('',#2654);
#2654 = CARTESIAN_POINT('',(3.85,1.547161,3.1));
#2655 = LINE('',#2656,#2657);
#2656 = CARTESIAN_POINT('',(3.85,1.547161,1.1));
#2657 = VECTOR('',#2658,1.);
#2658 = DIRECTION('',(0.,0.,1.));
#2659 = ORIENTED_EDGE('',*,*,#2660,.T.);
#2660 = EDGE_CURVE('',#2653,#2661,#2663,.T.);
#2661 = VERTEX_POINT('',#2662);
#2662 = CARTESIAN_POINT('',(3.85,1.747161,3.1));
#2663 = LINE('',#2664,#2665);
#2664 = CARTESIAN_POINT('',(3.85,1.547161,3.1));
#2665 = VECTOR('',#2666,1.);
#2666 = DIRECTION('',(0.,1.,0.));
#2667 = ORIENTED_EDGE('',*,*,#2668,.F.);
#2668 = EDGE_CURVE('',#704,#2661,#2669,.T.);
#2669 = LINE('',#2670,#2671);
#2670 = CARTESIAN_POINT('',(3.85,1.747161,1.1));
#2671 = VECTOR('',#2672,1.);
#2672 = DIRECTION('',(0.,0.,1.));
#2673 = ORIENTED_EDGE('',*,*,#711,.T.);
#2674 = ORIENTED_EDGE('',*,*,#2630,.F.);
#2675 = PLANE('',#2676);
#2676 = AXIS2_PLACEMENT_3D('',#2677,#2678,#2679);
#2677 = CARTESIAN_POINT('',(3.85,1.547161,1.1));
#2678 = DIRECTION('',(-1.,0.,0.));
#2679 = DIRECTION('',(0.,1.,0.));
#2680 = ADVANCED_FACE('',(#2681),#2699,.F.);
#2681 = FACE_BOUND('',#2682,.F.);
#2682 = EDGE_LOOP('',(#2683,#2684,#2685,#2693));
#2683 = ORIENTED_EDGE('',*,*,#703,.T.);
#2684 = ORIENTED_EDGE('',*,*,#2668,.T.);
#2685 = ORIENTED_EDGE('',*,*,#2686,.T.);
#2686 = EDGE_CURVE('',#2661,#2687,#2689,.T.);
#2687 = VERTEX_POINT('',#2688);
#2688 = CARTESIAN_POINT('',(3.6,1.747161,3.1));
#2689 = LINE('',#2690,#2691);
#2690 = CARTESIAN_POINT('',(3.85,1.747161,3.1));
#2691 = VECTOR('',#2692,1.);
#2692 = DIRECTION('',(-1.,0.,0.));
#2693 = ORIENTED_EDGE('',*,*,#2694,.F.);
#2694 = EDGE_CURVE('',#696,#2687,#2695,.T.);
#2695 = LINE('',#2696,#2697);
#2696 = CARTESIAN_POINT('',(3.6,1.747161,1.1));
#2697 = VECTOR('',#2698,1.);
#2698 = DIRECTION('',(0.,0.,1.));
#2699 = PLANE('',#2700);
#2700 = AXIS2_PLACEMENT_3D('',#2701,#2702,#2703);
#2701 = CARTESIAN_POINT('',(3.85,1.747161,1.1));
#2702 = DIRECTION('',(0.,-1.,0.));
#2703 = DIRECTION('',(-1.,0.,0.));
#2704 = ADVANCED_FACE('',(#2705),#2739,.F.);
#2705 = FACE_BOUND('',#2706,.F.);
#2706 = EDGE_LOOP('',(#2707,#2708,#2709,#2717,#2725,#2733));
#2707 = ORIENTED_EDGE('',*,*,#695,.T.);
#2708 = ORIENTED_EDGE('',*,*,#2694,.T.);
#2709 = ORIENTED_EDGE('',*,*,#2710,.T.);
#2710 = EDGE_CURVE('',#2687,#2711,#2713,.T.);
#2711 = VERTEX_POINT('',#2712);
#2712 = CARTESIAN_POINT('',(3.6,1.547161,3.1));
#2713 = LINE('',#2714,#2715);
#2714 = CARTESIAN_POINT('',(3.6,1.747161,3.1));
#2715 = VECTOR('',#2716,1.);
#2716 = DIRECTION('',(0.,-1.,0.));
#2717 = ORIENTED_EDGE('',*,*,#2718,.F.);
#2718 = EDGE_CURVE('',#2719,#2711,#2721,.T.);
#2719 = VERTEX_POINT('',#2720);
#2720 = CARTESIAN_POINT('',(3.6,1.547161,1.1));
#2721 = LINE('',#2722,#2723);
#2722 = CARTESIAN_POINT('',(3.6,1.547161,1.1));
#2723 = VECTOR('',#2724,1.);
#2724 = DIRECTION('',(0.,0.,1.));
#2725 = ORIENTED_EDGE('',*,*,#2726,.F.);
#2726 = EDGE_CURVE('',#2727,#2719,#2729,.T.);
#2727 = VERTEX_POINT('',#2728);
#2728 = CARTESIAN_POINT('',(3.6,1.649653,1.1));
#2729 = LINE('',#2730,#2731);
#2730 = CARTESIAN_POINT('',(3.6,1.747161,1.1));
#2731 = VECTOR('',#2732,1.);
#2732 = DIRECTION('',(0.,-1.,0.));
#2733 = ORIENTED_EDGE('',*,*,#2734,.F.);
#2734 = EDGE_CURVE('',#688,#2727,#2735,.T.);
#2735 = LINE('',#2736,#2737);
#2736 = CARTESIAN_POINT('',(3.6,1.649653,2.05));
#2737 = VECTOR('',#2738,1.);
#2738 = DIRECTION('',(-0.,0.,-1.));
#2739 = PLANE('',#2740);
#2740 = AXIS2_PLACEMENT_3D('',#2741,#2742,#2743);
#2741 = CARTESIAN_POINT('',(3.6,1.747161,1.1));
#2742 = DIRECTION('',(1.,0.,-0.));
#2743 = DIRECTION('',(0.,-1.,0.));
#2744 = ADVANCED_FACE('',(#2745),#2763,.F.);
#2745 = FACE_BOUND('',#2746,.F.);
#2746 = EDGE_LOOP('',(#2747,#2748,#2749,#2757));
#2747 = ORIENTED_EDGE('',*,*,#687,.F.);
#2748 = ORIENTED_EDGE('',*,*,#2734,.T.);
#2749 = ORIENTED_EDGE('',*,*,#2750,.T.);
#2750 = EDGE_CURVE('',#2727,#2751,#2753,.T.);
#2751 = VERTEX_POINT('',#2752);
#2752 = CARTESIAN_POINT('',(3.05,1.649653,1.1));
#2753 = LINE('',#2754,#2755);
#2754 = CARTESIAN_POINT('',(4.28,1.649653,1.1));
#2755 = VECTOR('',#2756,1.);
#2756 = DIRECTION('',(-1.,0.,0.));
#2757 = ORIENTED_EDGE('',*,*,#2758,.T.);
#2758 = EDGE_CURVE('',#2751,#680,#2759,.T.);
#2759 = LINE('',#2760,#2761);
#2760 = CARTESIAN_POINT('',(3.05,1.649653,2.05));
#2761 = VECTOR('',#2762,1.);
#2762 = DIRECTION('',(0.,-0.,1.));
#2763 = PLANE('',#2764);
#2764 = AXIS2_PLACEMENT_3D('',#2765,#2766,#2767);
#2765 = CARTESIAN_POINT('',(4.28,1.649653,3.));
#2766 = DIRECTION('',(0.,1.,0.));
#2767 = DIRECTION('',(-1.,0.,0.));
#2768 = ADVANCED_FACE('',(#2769),#2803,.F.);
#2769 = FACE_BOUND('',#2770,.F.);
#2770 = EDGE_LOOP('',(#2771,#2779,#2787,#2795,#2801,#2802));
#2771 = ORIENTED_EDGE('',*,*,#2772,.F.);
#2772 = EDGE_CURVE('',#2773,#2751,#2775,.T.);
#2773 = VERTEX_POINT('',#2774);
#2774 = CARTESIAN_POINT('',(3.05,1.547161,1.1));
#2775 = LINE('',#2776,#2777);
#2776 = CARTESIAN_POINT('',(3.05,1.547161,1.1));
#2777 = VECTOR('',#2778,1.);
#2778 = DIRECTION('',(0.,1.,0.));
#2779 = ORIENTED_EDGE('',*,*,#2780,.T.);
#2780 = EDGE_CURVE('',#2773,#2781,#2783,.T.);
#2781 = VERTEX_POINT('',#2782);
#2782 = CARTESIAN_POINT('',(3.05,1.547161,3.1));
#2783 = LINE('',#2784,#2785);
#2784 = CARTESIAN_POINT('',(3.05,1.547161,1.1));
#2785 = VECTOR('',#2786,1.);
#2786 = DIRECTION('',(0.,0.,1.));
#2787 = ORIENTED_EDGE('',*,*,#2788,.T.);
#2788 = EDGE_CURVE('',#2781,#2789,#2791,.T.);
#2789 = VERTEX_POINT('',#2790);
#2790 = CARTESIAN_POINT('',(3.05,1.747161,3.1));
#2791 = LINE('',#2792,#2793);
#2792 = CARTESIAN_POINT('',(3.05,1.547161,3.1));
#2793 = VECTOR('',#2794,1.);
#2794 = DIRECTION('',(0.,1.,0.));
#2795 = ORIENTED_EDGE('',*,*,#2796,.F.);
#2796 = EDGE_CURVE('',#672,#2789,#2797,.T.);
#2797 = LINE('',#2798,#2799);
#2798 = CARTESIAN_POINT('',(3.05,1.747161,1.1));
#2799 = VECTOR('',#2800,1.);
#2800 = DIRECTION('',(0.,0.,1.));
#2801 = ORIENTED_EDGE('',*,*,#679,.T.);
#2802 = ORIENTED_EDGE('',*,*,#2758,.F.);
#2803 = PLANE('',#2804);
#2804 = AXIS2_PLACEMENT_3D('',#2805,#2806,#2807);
#2805 = CARTESIAN_POINT('',(3.05,1.547161,1.1));
#2806 = DIRECTION('',(-1.,0.,0.));
#2807 = DIRECTION('',(0.,1.,0.));
#2808 = ADVANCED_FACE('',(#2809),#2827,.F.);
#2809 = FACE_BOUND('',#2810,.F.);
#2810 = EDGE_LOOP('',(#2811,#2812,#2813,#2821));
#2811 = ORIENTED_EDGE('',*,*,#671,.T.);
#2812 = ORIENTED_EDGE('',*,*,#2796,.T.);
#2813 = ORIENTED_EDGE('',*,*,#2814,.T.);
#2814 = EDGE_CURVE('',#2789,#2815,#2817,.T.);
#2815 = VERTEX_POINT('',#2816);
#2816 = CARTESIAN_POINT('',(2.8,1.747161,3.1));
#2817 = LINE('',#2818,#2819);
#2818 = CARTESIAN_POINT('',(3.05,1.747161,3.1));
#2819 = VECTOR('',#2820,1.);
#2820 = DIRECTION('',(-1.,0.,0.));
#2821 = ORIENTED_EDGE('',*,*,#2822,.F.);
#2822 = EDGE_CURVE('',#664,#2815,#2823,.T.);
#2823 = LINE('',#2824,#2825);
#2824 = CARTESIAN_POINT('',(2.8,1.747161,1.1));
#2825 = VECTOR('',#2826,1.);
#2826 = DIRECTION('',(0.,0.,1.));
#2827 = PLANE('',#2828);
#2828 = AXIS2_PLACEMENT_3D('',#2829,#2830,#2831);
#2829 = CARTESIAN_POINT('',(3.05,1.747161,1.1));
#2830 = DIRECTION('',(0.,-1.,0.));
#2831 = DIRECTION('',(-1.,0.,0.));
#2832 = ADVANCED_FACE('',(#2833),#2867,.F.);
#2833 = FACE_BOUND('',#2834,.F.);
#2834 = EDGE_LOOP('',(#2835,#2836,#2837,#2845,#2853,#2861));
#2835 = ORIENTED_EDGE('',*,*,#663,.T.);
#2836 = ORIENTED_EDGE('',*,*,#2822,.T.);
#2837 = ORIENTED_EDGE('',*,*,#2838,.T.);
#2838 = EDGE_CURVE('',#2815,#2839,#2841,.T.);
#2839 = VERTEX_POINT('',#2840);
#2840 = CARTESIAN_POINT('',(2.8,1.547161,3.1));
#2841 = LINE('',#2842,#2843);
#2842 = CARTESIAN_POINT('',(2.8,1.747161,3.1));
#2843 = VECTOR('',#2844,1.);
#2844 = DIRECTION('',(0.,-1.,0.));
#2845 = ORIENTED_EDGE('',*,*,#2846,.F.);
#2846 = EDGE_CURVE('',#2847,#2839,#2849,.T.);
#2847 = VERTEX_POINT('',#2848);
#2848 = CARTESIAN_POINT('',(2.8,1.547161,1.1));
#2849 = LINE('',#2850,#2851);
#2850 = CARTESIAN_POINT('',(2.8,1.547161,1.1));
#2851 = VECTOR('',#2852,1.);
#2852 = DIRECTION('',(0.,0.,1.));
#2853 = ORIENTED_EDGE('',*,*,#2854,.F.);
#2854 = EDGE_CURVE('',#2855,#2847,#2857,.T.);
#2855 = VERTEX_POINT('',#2856);
#2856 = CARTESIAN_POINT('',(2.8,1.649653,1.1));
#2857 = LINE('',#2858,#2859);
#2858 = CARTESIAN_POINT('',(2.8,1.747161,1.1));
#2859 = VECTOR('',#2860,1.);
#2860 = DIRECTION('',(0.,-1.,0.));
#2861 = ORIENTED_EDGE('',*,*,#2862,.F.);
#2862 = EDGE_CURVE('',#656,#2855,#2863,.T.);
#2863 = LINE('',#2864,#2865);
#2864 = CARTESIAN_POINT('',(2.8,1.649653,2.05));
#2865 = VECTOR('',#2866,1.);
#2866 = DIRECTION('',(-0.,0.,-1.));
#2867 = PLANE('',#2868);
#2868 = AXIS2_PLACEMENT_3D('',#2869,#2870,#2871);
#2869 = CARTESIAN_POINT('',(2.8,1.747161,1.1));
#2870 = DIRECTION('',(1.,0.,-0.));
#2871 = DIRECTION('',(0.,-1.,0.));
#2872 = ADVANCED_FACE('',(#2873),#2891,.F.);
#2873 = FACE_BOUND('',#2874,.F.);
#2874 = EDGE_LOOP('',(#2875,#2876,#2877,#2885));
#2875 = ORIENTED_EDGE('',*,*,#655,.F.);
#2876 = ORIENTED_EDGE('',*,*,#2862,.T.);
#2877 = ORIENTED_EDGE('',*,*,#2878,.T.);
#2878 = EDGE_CURVE('',#2855,#2879,#2881,.T.);
#2879 = VERTEX_POINT('',#2880);
#2880 = CARTESIAN_POINT('',(2.25,1.649653,1.1));
#2881 = LINE('',#2882,#2883);
#2882 = CARTESIAN_POINT('',(4.28,1.649653,1.1));
#2883 = VECTOR('',#2884,1.);
#2884 = DIRECTION('',(-1.,0.,0.));
#2885 = ORIENTED_EDGE('',*,*,#2886,.T.);
#2886 = EDGE_CURVE('',#2879,#648,#2887,.T.);
#2887 = LINE('',#2888,#2889);
#2888 = CARTESIAN_POINT('',(2.25,1.649653,2.05));
#2889 = VECTOR('',#2890,1.);
#2890 = DIRECTION('',(0.,-0.,1.));
#2891 = PLANE('',#2892);
#2892 = AXIS2_PLACEMENT_3D('',#2893,#2894,#2895);
#2893 = CARTESIAN_POINT('',(4.28,1.649653,3.));
#2894 = DIRECTION('',(0.,1.,0.));
#2895 = DIRECTION('',(-1.,0.,0.));
#2896 = ADVANCED_FACE('',(#2897),#2931,.F.);
#2897 = FACE_BOUND('',#2898,.F.);
#2898 = EDGE_LOOP('',(#2899,#2907,#2915,#2923,#2929,#2930));
#2899 = ORIENTED_EDGE('',*,*,#2900,.F.);
#2900 = EDGE_CURVE('',#2901,#2879,#2903,.T.);
#2901 = VERTEX_POINT('',#2902);
#2902 = CARTESIAN_POINT('',(2.25,1.547161,1.1));
#2903 = LINE('',#2904,#2905);
#2904 = CARTESIAN_POINT('',(2.25,1.547161,1.1));
#2905 = VECTOR('',#2906,1.);
#2906 = DIRECTION('',(0.,1.,0.));
#2907 = ORIENTED_EDGE('',*,*,#2908,.T.);
#2908 = EDGE_CURVE('',#2901,#2909,#2911,.T.);
#2909 = VERTEX_POINT('',#2910);
#2910 = CARTESIAN_POINT('',(2.25,1.547161,3.1));
#2911 = LINE('',#2912,#2913);
#2912 = CARTESIAN_POINT('',(2.25,1.547161,1.1));
#2913 = VECTOR('',#2914,1.);
#2914 = DIRECTION('',(0.,0.,1.));
#2915 = ORIENTED_EDGE('',*,*,#2916,.T.);
#2916 = EDGE_CURVE('',#2909,#2917,#2919,.T.);
#2917 = VERTEX_POINT('',#2918);
#2918 = CARTESIAN_POINT('',(2.25,1.747161,3.1));
#2919 = LINE('',#2920,#2921);
#2920 = CARTESIAN_POINT('',(2.25,1.547161,3.1));
#2921 = VECTOR('',#2922,1.);
#2922 = DIRECTION('',(0.,1.,0.));
#2923 = ORIENTED_EDGE('',*,*,#2924,.F.);
#2924 = EDGE_CURVE('',#640,#2917,#2925,.T.);
#2925 = LINE('',#2926,#2927);
#2926 = CARTESIAN_POINT('',(2.25,1.747161,1.1));
#2927 = VECTOR('',#2928,1.);
#2928 = DIRECTION('',(0.,0.,1.));
#2929 = ORIENTED_EDGE('',*,*,#647,.T.);
#2930 = ORIENTED_EDGE('',*,*,#2886,.F.);
#2931 = PLANE('',#2932);
#2932 = AXIS2_PLACEMENT_3D('',#2933,#2934,#2935);
#2933 = CARTESIAN_POINT('',(2.25,1.547161,1.1));
#2934 = DIRECTION('',(-1.,0.,0.));
#2935 = DIRECTION('',(0.,1.,0.));
#2936 = ADVANCED_FACE('',(#2937),#2955,.F.);
#2937 = FACE_BOUND('',#2938,.F.);
#2938 = EDGE_LOOP('',(#2939,#2940,#2941,#2949));
#2939 = ORIENTED_EDGE('',*,*,#639,.T.);
#2940 = ORIENTED_EDGE('',*,*,#2924,.T.);
#2941 = ORIENTED_EDGE('',*,*,#2942,.T.);
#2942 = EDGE_CURVE('',#2917,#2943,#2945,.T.);
#2943 = VERTEX_POINT('',#2944);
#2944 = CARTESIAN_POINT('',(2.,1.747161,3.1));
#2945 = LINE('',#2946,#2947);
#2946 = CARTESIAN_POINT('',(2.25,1.747161,3.1));
#2947 = VECTOR('',#2948,1.);
#2948 = DIRECTION('',(-1.,0.,0.));
#2949 = ORIENTED_EDGE('',*,*,#2950,.F.);
#2950 = EDGE_CURVE('',#632,#2943,#2951,.T.);
#2951 = LINE('',#2952,#2953);
#2952 = CARTESIAN_POINT('',(2.,1.747161,1.1));
#2953 = VECTOR('',#2954,1.);
#2954 = DIRECTION('',(0.,0.,1.));
#2955 = PLANE('',#2956);
#2956 = AXIS2_PLACEMENT_3D('',#2957,#2958,#2959);
#2957 = CARTESIAN_POINT('',(2.25,1.747161,1.1));
#2958 = DIRECTION('',(0.,-1.,0.));
#2959 = DIRECTION('',(-1.,0.,0.));
#2960 = ADVANCED_FACE('',(#2961),#2995,.F.);
#2961 = FACE_BOUND('',#2962,.F.);
#2962 = EDGE_LOOP('',(#2963,#2964,#2965,#2973,#2981,#2989));
#2963 = ORIENTED_EDGE('',*,*,#631,.T.);
#2964 = ORIENTED_EDGE('',*,*,#2950,.T.);
#2965 = ORIENTED_EDGE('',*,*,#2966,.T.);
#2966 = EDGE_CURVE('',#2943,#2967,#2969,.T.);
#2967 = VERTEX_POINT('',#2968);
#2968 = CARTESIAN_POINT('',(2.,1.547161,3.1));
#2969 = LINE('',#2970,#2971);
#2970 = CARTESIAN_POINT('',(2.,1.747161,3.1));
#2971 = VECTOR('',#2972,1.);
#2972 = DIRECTION('',(0.,-1.,0.));
#2973 = ORIENTED_EDGE('',*,*,#2974,.F.);
#2974 = EDGE_CURVE('',#2975,#2967,#2977,.T.);
#2975 = VERTEX_POINT('',#2976);
#2976 = CARTESIAN_POINT('',(2.,1.547161,1.1));
#2977 = LINE('',#2978,#2979);
#2978 = CARTESIAN_POINT('',(2.,1.547161,1.1));
#2979 = VECTOR('',#2980,1.);
#2980 = DIRECTION('',(0.,0.,1.));
#2981 = ORIENTED_EDGE('',*,*,#2982,.F.);
#2982 = EDGE_CURVE('',#2983,#2975,#2985,.T.);
#2983 = VERTEX_POINT('',#2984);
#2984 = CARTESIAN_POINT('',(2.,1.649653,1.1));
#2985 = LINE('',#2986,#2987);
#2986 = CARTESIAN_POINT('',(2.,1.747161,1.1));
#2987 = VECTOR('',#2988,1.);
#2988 = DIRECTION('',(0.,-1.,0.));
#2989 = ORIENTED_EDGE('',*,*,#2990,.F.);
#2990 = EDGE_CURVE('',#624,#2983,#2991,.T.);
#2991 = LINE('',#2992,#2993);
#2992 = CARTESIAN_POINT('',(2.,1.649653,2.05));
#2993 = VECTOR('',#2994,1.);
#2994 = DIRECTION('',(-0.,0.,-1.));
#2995 = PLANE('',#2996);
#2996 = AXIS2_PLACEMENT_3D('',#2997,#2998,#2999);
#2997 = CARTESIAN_POINT('',(2.,1.747161,1.1));
#2998 = DIRECTION('',(1.,0.,-0.));
#2999 = DIRECTION('',(0.,-1.,0.));
#3000 = ADVANCED_FACE('',(#3001),#3019,.F.);
#3001 = FACE_BOUND('',#3002,.F.);
#3002 = EDGE_LOOP('',(#3003,#3004,#3005,#3013));
#3003 = ORIENTED_EDGE('',*,*,#623,.F.);
#3004 = ORIENTED_EDGE('',*,*,#2990,.T.);
#3005 = ORIENTED_EDGE('',*,*,#3006,.T.);
#3006 = EDGE_CURVE('',#2983,#3007,#3009,.T.);
#3007 = VERTEX_POINT('',#3008);
#3008 = CARTESIAN_POINT('',(1.45,1.649653,1.1));
#3009 = LINE('',#3010,#3011);
#3010 = CARTESIAN_POINT('',(4.28,1.649653,1.1));
#3011 = VECTOR('',#3012,1.);
#3012 = DIRECTION('',(-1.,0.,0.));
#3013 = ORIENTED_EDGE('',*,*,#3014,.T.);
#3014 = EDGE_CURVE('',#3007,#616,#3015,.T.);
#3015 = LINE('',#3016,#3017);
#3016 = CARTESIAN_POINT('',(1.45,1.649653,2.05));
#3017 = VECTOR('',#3018,1.);
#3018 = DIRECTION('',(0.,-0.,1.));
#3019 = PLANE('',#3020);
#3020 = AXIS2_PLACEMENT_3D('',#3021,#3022,#3023);
#3021 = CARTESIAN_POINT('',(4.28,1.649653,3.));
#3022 = DIRECTION('',(0.,1.,0.));
#3023 = DIRECTION('',(-1.,0.,0.));
#3024 = ADVANCED_FACE('',(#3025),#3059,.F.);
#3025 = FACE_BOUND('',#3026,.F.);
#3026 = EDGE_LOOP('',(#3027,#3035,#3043,#3051,#3057,#3058));
#3027 = ORIENTED_EDGE('',*,*,#3028,.F.);
#3028 = EDGE_CURVE('',#3029,#3007,#3031,.T.);
#3029 = VERTEX_POINT('',#3030);
#3030 = CARTESIAN_POINT('',(1.45,1.547162,1.1));
#3031 = LINE('',#3032,#3033);
#3032 = CARTESIAN_POINT('',(1.45,1.547162,1.1));
#3033 = VECTOR('',#3034,1.);
#3034 = DIRECTION('',(0.,1.,0.));
#3035 = ORIENTED_EDGE('',*,*,#3036,.T.);
#3036 = EDGE_CURVE('',#3029,#3037,#3039,.T.);
#3037 = VERTEX_POINT('',#3038);
#3038 = CARTESIAN_POINT('',(1.45,1.547162,3.1));
#3039 = LINE('',#3040,#3041);
#3040 = CARTESIAN_POINT('',(1.45,1.547162,1.1));
#3041 = VECTOR('',#3042,1.);
#3042 = DIRECTION('',(0.,0.,1.));
#3043 = ORIENTED_EDGE('',*,*,#3044,.T.);
#3044 = EDGE_CURVE('',#3037,#3045,#3047,.T.);
#3045 = VERTEX_POINT('',#3046);
#3046 = CARTESIAN_POINT('',(1.45,1.747161,3.1));
#3047 = LINE('',#3048,#3049);
#3048 = CARTESIAN_POINT('',(1.45,1.547162,3.1));
#3049 = VECTOR('',#3050,1.);
#3050 = DIRECTION('',(0.,1.,0.));
#3051 = ORIENTED_EDGE('',*,*,#3052,.F.);
#3052 = EDGE_CURVE('',#608,#3045,#3053,.T.);
#3053 = LINE('',#3054,#3055);
#3054 = CARTESIAN_POINT('',(1.45,1.747161,1.1));
#3055 = VECTOR('',#3056,1.);
#3056 = DIRECTION('',(0.,0.,1.));
#3057 = ORIENTED_EDGE('',*,*,#615,.T.);
#3058 = ORIENTED_EDGE('',*,*,#3014,.F.);
#3059 = PLANE('',#3060);
#3060 = AXIS2_PLACEMENT_3D('',#3061,#3062,#3063);
#3061 = CARTESIAN_POINT('',(1.45,1.547162,1.1));
#3062 = DIRECTION('',(-1.,0.,0.));
#3063 = DIRECTION('',(0.,1.,0.));
#3064 = ADVANCED_FACE('',(#3065),#3083,.F.);
#3065 = FACE_BOUND('',#3066,.F.);
#3066 = EDGE_LOOP('',(#3067,#3068,#3069,#3077));
#3067 = ORIENTED_EDGE('',*,*,#607,.T.);
#3068 = ORIENTED_EDGE('',*,*,#3052,.T.);
#3069 = ORIENTED_EDGE('',*,*,#3070,.T.);
#3070 = EDGE_CURVE('',#3045,#3071,#3073,.T.);
#3071 = VERTEX_POINT('',#3072);
#3072 = CARTESIAN_POINT('',(1.2,1.747161,3.1));
#3073 = LINE('',#3074,#3075);
#3074 = CARTESIAN_POINT('',(1.45,1.747161,3.1));
#3075 = VECTOR('',#3076,1.);
#3076 = DIRECTION('',(-1.,0.,0.));
#3077 = ORIENTED_EDGE('',*,*,#3078,.F.);
#3078 = EDGE_CURVE('',#600,#3071,#3079,.T.);
#3079 = LINE('',#3080,#3081);
#3080 = CARTESIAN_POINT('',(1.2,1.747161,1.1));
#3081 = VECTOR('',#3082,1.);
#3082 = DIRECTION('',(0.,0.,1.));
#3083 = PLANE('',#3084);
#3084 = AXIS2_PLACEMENT_3D('',#3085,#3086,#3087);
#3085 = CARTESIAN_POINT('',(1.45,1.747161,1.1));
#3086 = DIRECTION('',(0.,-1.,0.));
#3087 = DIRECTION('',(-1.,0.,0.));
#3088 = ADVANCED_FACE('',(#3089),#3123,.F.);
#3089 = FACE_BOUND('',#3090,.F.);
#3090 = EDGE_LOOP('',(#3091,#3092,#3093,#3101,#3109,#3117));
#3091 = ORIENTED_EDGE('',*,*,#599,.T.);
#3092 = ORIENTED_EDGE('',*,*,#3078,.T.);
#3093 = ORIENTED_EDGE('',*,*,#3094,.T.);
#3094 = EDGE_CURVE('',#3071,#3095,#3097,.T.);
#3095 = VERTEX_POINT('',#3096);
#3096 = CARTESIAN_POINT('',(1.2,1.547162,3.1));
#3097 = LINE('',#3098,#3099);
#3098 = CARTESIAN_POINT('',(1.2,1.747161,3.1));
#3099 = VECTOR('',#3100,1.);
#3100 = DIRECTION('',(0.,-1.,0.));
#3101 = ORIENTED_EDGE('',*,*,#3102,.F.);
#3102 = EDGE_CURVE('',#3103,#3095,#3105,.T.);
#3103 = VERTEX_POINT('',#3104);
#3104 = CARTESIAN_POINT('',(1.2,1.547162,1.1));
#3105 = LINE('',#3106,#3107);
#3106 = CARTESIAN_POINT('',(1.2,1.547162,1.1));
#3107 = VECTOR('',#3108,1.);
#3108 = DIRECTION('',(0.,0.,1.));
#3109 = ORIENTED_EDGE('',*,*,#3110,.F.);
#3110 = EDGE_CURVE('',#3111,#3103,#3113,.T.);
#3111 = VERTEX_POINT('',#3112);
#3112 = CARTESIAN_POINT('',(1.2,1.649653,1.1));
#3113 = LINE('',#3114,#3115);
#3114 = CARTESIAN_POINT('',(1.2,1.747161,1.1));
#3115 = VECTOR('',#3116,1.);
#3116 = DIRECTION('',(0.,-1.,0.));
#3117 = ORIENTED_EDGE('',*,*,#3118,.F.);
#3118 = EDGE_CURVE('',#592,#3111,#3119,.T.);
#3119 = LINE('',#3120,#3121);
#3120 = CARTESIAN_POINT('',(1.2,1.649653,2.05));
#3121 = VECTOR('',#3122,1.);
#3122 = DIRECTION('',(-0.,0.,-1.));
#3123 = PLANE('',#3124);
#3124 = AXIS2_PLACEMENT_3D('',#3125,#3126,#3127);
#3125 = CARTESIAN_POINT('',(1.2,1.747161,1.1));
#3126 = DIRECTION('',(1.,0.,-0.));
#3127 = DIRECTION('',(0.,-1.,0.));
#3128 = ADVANCED_FACE('',(#3129),#3140,.F.);
#3129 = FACE_BOUND('',#3130,.F.);
#3130 = EDGE_LOOP('',(#3131,#3132,#3133,#3139));
#3131 = ORIENTED_EDGE('',*,*,#591,.F.);
#3132 = ORIENTED_EDGE('',*,*,#3118,.T.);
#3133 = ORIENTED_EDGE('',*,*,#3134,.T.);
#3134 = EDGE_CURVE('',#3111,#2030,#3135,.T.);
#3135 = LINE('',#3136,#3137);
#3136 = CARTESIAN_POINT('',(4.28,1.649653,1.1));
#3137 = VECTOR('',#3138,1.);
#3138 = DIRECTION('',(-1.,0.,0.));
#3139 = ORIENTED_EDGE('',*,*,#2029,.F.);
#3140 = PLANE('',#3141);
#3141 = AXIS2_PLACEMENT_3D('',#3142,#3143,#3144);
#3142 = CARTESIAN_POINT('',(4.28,1.649653,3.));
#3143 = DIRECTION('',(0.,1.,0.));
#3144 = DIRECTION('',(-1.,0.,0.));
#3145 = ADVANCED_FACE('',(#3146),#3171,.F.);
#3146 = FACE_BOUND('',#3147,.F.);
#3147 = EDGE_LOOP('',(#3148,#3156,#3164,#3170));
#3148 = ORIENTED_EDGE('',*,*,#3149,.T.);
#3149 = EDGE_CURVE('',#872,#3150,#3152,.T.);
#3150 = VERTEX_POINT('',#3151);
#3151 = CARTESIAN_POINT('',(0.82,3.549724,1.1));
#3152 = LINE('',#3153,#3154);
#3153 = CARTESIAN_POINT('',(0.82,3.549724,3.));
#3154 = VECTOR('',#3155,1.);
#3155 = DIRECTION('',(-0.,-0.,-1.));
#3156 = ORIENTED_EDGE('',*,*,#3157,.T.);
#3157 = EDGE_CURVE('',#3150,#3158,#3160,.T.);
#3158 = VERTEX_POINT('',#3159);
#3159 = CARTESIAN_POINT('',(0.82,2.749724,1.1));
#3160 = LINE('',#3161,#3162);
#3161 = CARTESIAN_POINT('',(0.82,3.549724,1.1));
#3162 = VECTOR('',#3163,1.);
#3163 = DIRECTION('',(0.,-1.,0.));
#3164 = ORIENTED_EDGE('',*,*,#3165,.F.);
#3165 = EDGE_CURVE('',#874,#3158,#3166,.T.);
#3166 = LINE('',#3167,#3168);
#3167 = CARTESIAN_POINT('',(0.82,2.749724,3.));
#3168 = VECTOR('',#3169,1.);
#3169 = DIRECTION('',(-0.,-0.,-1.));
#3170 = ORIENTED_EDGE('',*,*,#871,.F.);
#3171 = PLANE('',#3172);
#3172 = AXIS2_PLACEMENT_3D('',#3173,#3174,#3175);
#3173 = CARTESIAN_POINT('',(0.82,3.549724,3.));
#3174 = DIRECTION('',(-1.,0.,0.));
#3175 = DIRECTION('',(0.,-1.,0.));
#3176 = ADVANCED_FACE('',(#3177),#3195,.F.);
#3177 = FACE_BOUND('',#3178,.F.);
#3178 = EDGE_LOOP('',(#3179,#3180,#3181,#3189));
#3179 = ORIENTED_EDGE('',*,*,#1153,.F.);
#3180 = ORIENTED_EDGE('',*,*,#3165,.T.);
#3181 = ORIENTED_EDGE('',*,*,#3182,.T.);
#3182 = EDGE_CURVE('',#3158,#3183,#3185,.T.);
#3183 = VERTEX_POINT('',#3184);
#3184 = CARTESIAN_POINT('',(1.2,2.749724,1.1));
#3185 = LINE('',#3186,#3187);
#3186 = CARTESIAN_POINT('',(0.82,2.749724,1.1));
#3187 = VECTOR('',#3188,1.);
#3188 = DIRECTION('',(1.,0.,0.));
#3189 = ORIENTED_EDGE('',*,*,#3190,.T.);
#3190 = EDGE_CURVE('',#3183,#1146,#3191,.T.);
#3191 = LINE('',#3192,#3193);
#3192 = CARTESIAN_POINT('',(1.2,2.749724,2.05));
#3193 = VECTOR('',#3194,1.);
#3194 = DIRECTION('',(0.,0.,1.));
#3195 = PLANE('',#3196);
#3196 = AXIS2_PLACEMENT_3D('',#3197,#3198,#3199);
#3197 = CARTESIAN_POINT('',(0.82,2.749724,3.));
#3198 = DIRECTION('',(0.,-1.,0.));
#3199 = DIRECTION('',(1.,0.,0.));
#3200 = ADVANCED_FACE('',(#3201),#3235,.F.);
#3201 = FACE_BOUND('',#3202,.F.);
#3202 = EDGE_LOOP('',(#3203,#3211,#3219,#3227,#3233,#3234));
#3203 = ORIENTED_EDGE('',*,*,#3204,.F.);
#3204 = EDGE_CURVE('',#3205,#3183,#3207,.T.);
#3205 = VERTEX_POINT('',#3206);
#3206 = CARTESIAN_POINT('',(1.2,2.847161,1.1));
#3207 = LINE('',#3208,#3209);
#3208 = CARTESIAN_POINT('',(1.2,2.847161,1.1));
#3209 = VECTOR('',#3210,1.);
#3210 = DIRECTION('',(0.,-1.,0.));
#3211 = ORIENTED_EDGE('',*,*,#3212,.T.);
#3212 = EDGE_CURVE('',#3205,#3213,#3215,.T.);
#3213 = VERTEX_POINT('',#3214);
#3214 = CARTESIAN_POINT('',(1.2,2.847161,3.1));
#3215 = LINE('',#3216,#3217);
#3216 = CARTESIAN_POINT('',(1.2,2.847161,1.1));
#3217 = VECTOR('',#3218,1.);
#3218 = DIRECTION('',(0.,0.,1.));
#3219 = ORIENTED_EDGE('',*,*,#3220,.T.);
#3220 = EDGE_CURVE('',#3213,#3221,#3223,.T.);
#3221 = VERTEX_POINT('',#3222);
#3222 = CARTESIAN_POINT('',(1.2,2.647161,3.1));
#3223 = LINE('',#3224,#3225);
#3224 = CARTESIAN_POINT('',(1.2,2.847161,3.1));
#3225 = VECTOR('',#3226,1.);
#3226 = DIRECTION('',(0.,-1.,0.));
#3227 = ORIENTED_EDGE('',*,*,#3228,.F.);
#3228 = EDGE_CURVE('',#1138,#3221,#3229,.T.);
#3229 = LINE('',#3230,#3231);
#3230 = CARTESIAN_POINT('',(1.2,2.647161,1.1));
#3231 = VECTOR('',#3232,1.);
#3232 = DIRECTION('',(0.,0.,1.));
#3233 = ORIENTED_EDGE('',*,*,#1145,.T.);
#3234 = ORIENTED_EDGE('',*,*,#3190,.F.);
#3235 = PLANE('',#3236);
#3236 = AXIS2_PLACEMENT_3D('',#3237,#3238,#3239);
#3237 = CARTESIAN_POINT('',(1.2,2.847161,1.1));
#3238 = DIRECTION('',(1.,0.,-0.));
#3239 = DIRECTION('',(0.,-1.,0.));
#3240 = ADVANCED_FACE('',(#3241),#3259,.F.);
#3241 = FACE_BOUND('',#3242,.F.);
#3242 = EDGE_LOOP('',(#3243,#3244,#3245,#3253));
#3243 = ORIENTED_EDGE('',*,*,#1137,.T.);
#3244 = ORIENTED_EDGE('',*,*,#3228,.T.);
#3245 = ORIENTED_EDGE('',*,*,#3246,.T.);
#3246 = EDGE_CURVE('',#3221,#3247,#3249,.T.);
#3247 = VERTEX_POINT('',#3248);
#3248 = CARTESIAN_POINT('',(1.45,2.647161,3.1));
#3249 = LINE('',#3250,#3251);
#3250 = CARTESIAN_POINT('',(1.2,2.647161,3.1));
#3251 = VECTOR('',#3252,1.);
#3252 = DIRECTION('',(1.,0.,0.));
#3253 = ORIENTED_EDGE('',*,*,#3254,.F.);
#3254 = EDGE_CURVE('',#1130,#3247,#3255,.T.);
#3255 = LINE('',#3256,#3257);
#3256 = CARTESIAN_POINT('',(1.45,2.647161,1.1));
#3257 = VECTOR('',#3258,1.);
#3258 = DIRECTION('',(0.,0.,1.));
#3259 = PLANE('',#3260);
#3260 = AXIS2_PLACEMENT_3D('',#3261,#3262,#3263);
#3261 = CARTESIAN_POINT('',(1.2,2.647161,1.1));
#3262 = DIRECTION('',(0.,1.,0.));
#3263 = DIRECTION('',(1.,0.,0.));
#3264 = ADVANCED_FACE('',(#3265),#3299,.F.);
#3265 = FACE_BOUND('',#3266,.F.);
#3266 = EDGE_LOOP('',(#3267,#3268,#3269,#3277,#3285,#3293));
#3267 = ORIENTED_EDGE('',*,*,#1129,.T.);
#3268 = ORIENTED_EDGE('',*,*,#3254,.T.);
#3269 = ORIENTED_EDGE('',*,*,#3270,.T.);
#3270 = EDGE_CURVE('',#3247,#3271,#3273,.T.);
#3271 = VERTEX_POINT('',#3272);
#3272 = CARTESIAN_POINT('',(1.45,2.847161,3.1));
#3273 = LINE('',#3274,#3275);
#3274 = CARTESIAN_POINT('',(1.45,2.647161,3.1));
#3275 = VECTOR('',#3276,1.);
#3276 = DIRECTION('',(0.,1.,0.));
#3277 = ORIENTED_EDGE('',*,*,#3278,.F.);
#3278 = EDGE_CURVE('',#3279,#3271,#3281,.T.);
#3279 = VERTEX_POINT('',#3280);
#3280 = CARTESIAN_POINT('',(1.45,2.847161,1.1));
#3281 = LINE('',#3282,#3283);
#3282 = CARTESIAN_POINT('',(1.45,2.847161,1.1));
#3283 = VECTOR('',#3284,1.);
#3284 = DIRECTION('',(0.,0.,1.));
#3285 = ORIENTED_EDGE('',*,*,#3286,.F.);
#3286 = EDGE_CURVE('',#3287,#3279,#3289,.T.);
#3287 = VERTEX_POINT('',#3288);
#3288 = CARTESIAN_POINT('',(1.45,2.749724,1.1));
#3289 = LINE('',#3290,#3291);
#3290 = CARTESIAN_POINT('',(1.45,2.647161,1.1));
#3291 = VECTOR('',#3292,1.);
#3292 = DIRECTION('',(0.,1.,0.));
#3293 = ORIENTED_EDGE('',*,*,#3294,.F.);
#3294 = EDGE_CURVE('',#1122,#3287,#3295,.T.);
#3295 = LINE('',#3296,#3297);
#3296 = CARTESIAN_POINT('',(1.45,2.749724,2.05));
#3297 = VECTOR('',#3298,1.);
#3298 = DIRECTION('',(-0.,-0.,-1.));
#3299 = PLANE('',#3300);
#3300 = AXIS2_PLACEMENT_3D('',#3301,#3302,#3303);
#3301 = CARTESIAN_POINT('',(1.45,2.647161,1.1));
#3302 = DIRECTION('',(-1.,0.,0.));
#3303 = DIRECTION('',(0.,1.,0.));
#3304 = ADVANCED_FACE('',(#3305),#3323,.F.);
#3305 = FACE_BOUND('',#3306,.F.);
#3306 = EDGE_LOOP('',(#3307,#3308,#3309,#3317));
#3307 = ORIENTED_EDGE('',*,*,#1121,.F.);
#3308 = ORIENTED_EDGE('',*,*,#3294,.T.);
#3309 = ORIENTED_EDGE('',*,*,#3310,.T.);
#3310 = EDGE_CURVE('',#3287,#3311,#3313,.T.);
#3311 = VERTEX_POINT('',#3312);
#3312 = CARTESIAN_POINT('',(2.,2.749724,1.1));
#3313 = LINE('',#3314,#3315);
#3314 = CARTESIAN_POINT('',(0.82,2.749724,1.1));
#3315 = VECTOR('',#3316,1.);
#3316 = DIRECTION('',(1.,0.,0.));
#3317 = ORIENTED_EDGE('',*,*,#3318,.T.);
#3318 = EDGE_CURVE('',#3311,#1114,#3319,.T.);
#3319 = LINE('',#3320,#3321);
#3320 = CARTESIAN_POINT('',(2.,2.749724,2.05));
#3321 = VECTOR('',#3322,1.);
#3322 = DIRECTION('',(0.,0.,1.));
#3323 = PLANE('',#3324);
#3324 = AXIS2_PLACEMENT_3D('',#3325,#3326,#3327);
#3325 = CARTESIAN_POINT('',(0.82,2.749724,3.));
#3326 = DIRECTION('',(0.,-1.,0.));
#3327 = DIRECTION('',(1.,0.,0.));
#3328 = ADVANCED_FACE('',(#3329),#3363,.F.);
#3329 = FACE_BOUND('',#3330,.F.);
#3330 = EDGE_LOOP('',(#3331,#3339,#3347,#3355,#3361,#3362));
#3331 = ORIENTED_EDGE('',*,*,#3332,.F.);
#3332 = EDGE_CURVE('',#3333,#3311,#3335,.T.);
#3333 = VERTEX_POINT('',#3334);
#3334 = CARTESIAN_POINT('',(2.,2.847161,1.1));
#3335 = LINE('',#3336,#3337);
#3336 = CARTESIAN_POINT('',(2.,2.847161,1.1));
#3337 = VECTOR('',#3338,1.);
#3338 = DIRECTION('',(0.,-1.,0.));
#3339 = ORIENTED_EDGE('',*,*,#3340,.T.);
#3340 = EDGE_CURVE('',#3333,#3341,#3343,.T.);
#3341 = VERTEX_POINT('',#3342);
#3342 = CARTESIAN_POINT('',(2.,2.847161,3.1));
#3343 = LINE('',#3344,#3345);
#3344 = CARTESIAN_POINT('',(2.,2.847161,1.1));
#3345 = VECTOR('',#3346,1.);
#3346 = DIRECTION('',(0.,0.,1.));
#3347 = ORIENTED_EDGE('',*,*,#3348,.T.);
#3348 = EDGE_CURVE('',#3341,#3349,#3351,.T.);
#3349 = VERTEX_POINT('',#3350);
#3350 = CARTESIAN_POINT('',(2.,2.647161,3.1));
#3351 = LINE('',#3352,#3353);
#3352 = CARTESIAN_POINT('',(2.,2.847161,3.1));
#3353 = VECTOR('',#3354,1.);
#3354 = DIRECTION('',(0.,-1.,0.));
#3355 = ORIENTED_EDGE('',*,*,#3356,.F.);
#3356 = EDGE_CURVE('',#1106,#3349,#3357,.T.);
#3357 = LINE('',#3358,#3359);
#3358 = CARTESIAN_POINT('',(2.,2.647161,1.1));
#3359 = VECTOR('',#3360,1.);
#3360 = DIRECTION('',(0.,0.,1.));
#3361 = ORIENTED_EDGE('',*,*,#1113,.T.);
#3362 = ORIENTED_EDGE('',*,*,#3318,.F.);
#3363 = PLANE('',#3364);
#3364 = AXIS2_PLACEMENT_3D('',#3365,#3366,#3367);
#3365 = CARTESIAN_POINT('',(2.,2.847161,1.1));
#3366 = DIRECTION('',(1.,0.,-0.));
#3367 = DIRECTION('',(0.,-1.,0.));
#3368 = ADVANCED_FACE('',(#3369),#3387,.F.);
#3369 = FACE_BOUND('',#3370,.F.);
#3370 = EDGE_LOOP('',(#3371,#3372,#3373,#3381));
#3371 = ORIENTED_EDGE('',*,*,#1105,.T.);
#3372 = ORIENTED_EDGE('',*,*,#3356,.T.);
#3373 = ORIENTED_EDGE('',*,*,#3374,.T.);
#3374 = EDGE_CURVE('',#3349,#3375,#3377,.T.);
#3375 = VERTEX_POINT('',#3376);
#3376 = CARTESIAN_POINT('',(2.25,2.647161,3.1));
#3377 = LINE('',#3378,#3379);
#3378 = CARTESIAN_POINT('',(2.,2.647161,3.1));
#3379 = VECTOR('',#3380,1.);
#3380 = DIRECTION('',(1.,0.,0.));
#3381 = ORIENTED_EDGE('',*,*,#3382,.F.);
#3382 = EDGE_CURVE('',#1098,#3375,#3383,.T.);
#3383 = LINE('',#3384,#3385);
#3384 = CARTESIAN_POINT('',(2.25,2.647161,1.1));
#3385 = VECTOR('',#3386,1.);
#3386 = DIRECTION('',(0.,0.,1.));
#3387 = PLANE('',#3388);
#3388 = AXIS2_PLACEMENT_3D('',#3389,#3390,#3391);
#3389 = CARTESIAN_POINT('',(2.,2.647161,1.1));
#3390 = DIRECTION('',(0.,1.,0.));
#3391 = DIRECTION('',(1.,0.,0.));
#3392 = ADVANCED_FACE('',(#3393),#3427,.F.);
#3393 = FACE_BOUND('',#3394,.F.);
#3394 = EDGE_LOOP('',(#3395,#3396,#3397,#3405,#3413,#3421));
#3395 = ORIENTED_EDGE('',*,*,#1097,.T.);
#3396 = ORIENTED_EDGE('',*,*,#3382,.T.);
#3397 = ORIENTED_EDGE('',*,*,#3398,.T.);
#3398 = EDGE_CURVE('',#3375,#3399,#3401,.T.);
#3399 = VERTEX_POINT('',#3400);
#3400 = CARTESIAN_POINT('',(2.25,2.847161,3.1));
#3401 = LINE('',#3402,#3403);
#3402 = CARTESIAN_POINT('',(2.25,2.647161,3.1));
#3403 = VECTOR('',#3404,1.);
#3404 = DIRECTION('',(0.,1.,0.));
#3405 = ORIENTED_EDGE('',*,*,#3406,.F.);
#3406 = EDGE_CURVE('',#3407,#3399,#3409,.T.);
#3407 = VERTEX_POINT('',#3408);
#3408 = CARTESIAN_POINT('',(2.25,2.847161,1.1));
#3409 = LINE('',#3410,#3411);
#3410 = CARTESIAN_POINT('',(2.25,2.847161,1.1));
#3411 = VECTOR('',#3412,1.);
#3412 = DIRECTION('',(0.,0.,1.));
#3413 = ORIENTED_EDGE('',*,*,#3414,.F.);
#3414 = EDGE_CURVE('',#3415,#3407,#3417,.T.);
#3415 = VERTEX_POINT('',#3416);
#3416 = CARTESIAN_POINT('',(2.25,2.749724,1.1));
#3417 = LINE('',#3418,#3419);
#3418 = CARTESIAN_POINT('',(2.25,2.647161,1.1));
#3419 = VECTOR('',#3420,1.);
#3420 = DIRECTION('',(0.,1.,0.));
#3421 = ORIENTED_EDGE('',*,*,#3422,.F.);
#3422 = EDGE_CURVE('',#1090,#3415,#3423,.T.);
#3423 = LINE('',#3424,#3425);
#3424 = CARTESIAN_POINT('',(2.25,2.749724,2.05));
#3425 = VECTOR('',#3426,1.);
#3426 = DIRECTION('',(-0.,-0.,-1.));
#3427 = PLANE('',#3428);
#3428 = AXIS2_PLACEMENT_3D('',#3429,#3430,#3431);
#3429 = CARTESIAN_POINT('',(2.25,2.647161,1.1));
#3430 = DIRECTION('',(-1.,0.,0.));
#3431 = DIRECTION('',(0.,1.,0.));
#3432 = ADVANCED_FACE('',(#3433),#3451,.F.);
#3433 = FACE_BOUND('',#3434,.F.);
#3434 = EDGE_LOOP('',(#3435,#3436,#3437,#3445));
#3435 = ORIENTED_EDGE('',*,*,#1089,.F.);
#3436 = ORIENTED_EDGE('',*,*,#3422,.T.);
#3437 = ORIENTED_EDGE('',*,*,#3438,.T.);
#3438 = EDGE_CURVE('',#3415,#3439,#3441,.T.);
#3439 = VERTEX_POINT('',#3440);
#3440 = CARTESIAN_POINT('',(2.8,2.749724,1.1));
#3441 = LINE('',#3442,#3443);
#3442 = CARTESIAN_POINT('',(0.82,2.749724,1.1));
#3443 = VECTOR('',#3444,1.);
#3444 = DIRECTION('',(1.,0.,0.));
#3445 = ORIENTED_EDGE('',*,*,#3446,.T.);
#3446 = EDGE_CURVE('',#3439,#1082,#3447,.T.);
#3447 = LINE('',#3448,#3449);
#3448 = CARTESIAN_POINT('',(2.8,2.749724,2.05));
#3449 = VECTOR('',#3450,1.);
#3450 = DIRECTION('',(0.,0.,1.));
#3451 = PLANE('',#3452);
#3452 = AXIS2_PLACEMENT_3D('',#3453,#3454,#3455);
#3453 = CARTESIAN_POINT('',(0.82,2.749724,3.));
#3454 = DIRECTION('',(0.,-1.,0.));
#3455 = DIRECTION('',(1.,0.,0.));
#3456 = ADVANCED_FACE('',(#3457),#3491,.F.);
#3457 = FACE_BOUND('',#3458,.F.);
#3458 = EDGE_LOOP('',(#3459,#3467,#3475,#3483,#3489,#3490));
#3459 = ORIENTED_EDGE('',*,*,#3460,.F.);
#3460 = EDGE_CURVE('',#3461,#3439,#3463,.T.);
#3461 = VERTEX_POINT('',#3462);
#3462 = CARTESIAN_POINT('',(2.8,2.847161,1.1));
#3463 = LINE('',#3464,#3465);
#3464 = CARTESIAN_POINT('',(2.8,2.847161,1.1));
#3465 = VECTOR('',#3466,1.);
#3466 = DIRECTION('',(0.,-1.,0.));
#3467 = ORIENTED_EDGE('',*,*,#3468,.T.);
#3468 = EDGE_CURVE('',#3461,#3469,#3471,.T.);
#3469 = VERTEX_POINT('',#3470);
#3470 = CARTESIAN_POINT('',(2.8,2.847161,3.1));
#3471 = LINE('',#3472,#3473);
#3472 = CARTESIAN_POINT('',(2.8,2.847161,1.1));
#3473 = VECTOR('',#3474,1.);
#3474 = DIRECTION('',(0.,0.,1.));
#3475 = ORIENTED_EDGE('',*,*,#3476,.T.);
#3476 = EDGE_CURVE('',#3469,#3477,#3479,.T.);
#3477 = VERTEX_POINT('',#3478);
#3478 = CARTESIAN_POINT('',(2.8,2.647161,3.1));
#3479 = LINE('',#3480,#3481);
#3480 = CARTESIAN_POINT('',(2.8,2.847161,3.1));
#3481 = VECTOR('',#3482,1.);
#3482 = DIRECTION('',(0.,-1.,0.));
#3483 = ORIENTED_EDGE('',*,*,#3484,.F.);
#3484 = EDGE_CURVE('',#1074,#3477,#3485,.T.);
#3485 = LINE('',#3486,#3487);
#3486 = CARTESIAN_POINT('',(2.8,2.647161,1.1));
#3487 = VECTOR('',#3488,1.);
#3488 = DIRECTION('',(0.,0.,1.));
#3489 = ORIENTED_EDGE('',*,*,#1081,.T.);
#3490 = ORIENTED_EDGE('',*,*,#3446,.F.);
#3491 = PLANE('',#3492);
#3492 = AXIS2_PLACEMENT_3D('',#3493,#3494,#3495);
#3493 = CARTESIAN_POINT('',(2.8,2.847161,1.1));
#3494 = DIRECTION('',(1.,0.,-0.));
#3495 = DIRECTION('',(0.,-1.,0.));
#3496 = ADVANCED_FACE('',(#3497),#3515,.F.);
#3497 = FACE_BOUND('',#3498,.F.);
#3498 = EDGE_LOOP('',(#3499,#3500,#3501,#3509));
#3499 = ORIENTED_EDGE('',*,*,#1073,.T.);
#3500 = ORIENTED_EDGE('',*,*,#3484,.T.);
#3501 = ORIENTED_EDGE('',*,*,#3502,.T.);
#3502 = EDGE_CURVE('',#3477,#3503,#3505,.T.);
#3503 = VERTEX_POINT('',#3504);
#3504 = CARTESIAN_POINT('',(3.05,2.647161,3.1));
#3505 = LINE('',#3506,#3507);
#3506 = CARTESIAN_POINT('',(2.8,2.647161,3.1));
#3507 = VECTOR('',#3508,1.);
#3508 = DIRECTION('',(1.,0.,0.));
#3509 = ORIENTED_EDGE('',*,*,#3510,.F.);
#3510 = EDGE_CURVE('',#1066,#3503,#3511,.T.);
#3511 = LINE('',#3512,#3513);
#3512 = CARTESIAN_POINT('',(3.05,2.647161,1.1));
#3513 = VECTOR('',#3514,1.);
#3514 = DIRECTION('',(0.,0.,1.));
#3515 = PLANE('',#3516);
#3516 = AXIS2_PLACEMENT_3D('',#3517,#3518,#3519);
#3517 = CARTESIAN_POINT('',(2.8,2.647161,1.1));
#3518 = DIRECTION('',(0.,1.,0.));
#3519 = DIRECTION('',(1.,0.,0.));
#3520 = ADVANCED_FACE('',(#3521),#3555,.F.);
#3521 = FACE_BOUND('',#3522,.F.);
#3522 = EDGE_LOOP('',(#3523,#3524,#3525,#3533,#3541,#3549));
#3523 = ORIENTED_EDGE('',*,*,#1065,.T.);
#3524 = ORIENTED_EDGE('',*,*,#3510,.T.);
#3525 = ORIENTED_EDGE('',*,*,#3526,.T.);
#3526 = EDGE_CURVE('',#3503,#3527,#3529,.T.);
#3527 = VERTEX_POINT('',#3528);
#3528 = CARTESIAN_POINT('',(3.05,2.847161,3.1));
#3529 = LINE('',#3530,#3531);
#3530 = CARTESIAN_POINT('',(3.05,2.647161,3.1));
#3531 = VECTOR('',#3532,1.);
#3532 = DIRECTION('',(0.,1.,0.));
#3533 = ORIENTED_EDGE('',*,*,#3534,.F.);
#3534 = EDGE_CURVE('',#3535,#3527,#3537,.T.);
#3535 = VERTEX_POINT('',#3536);
#3536 = CARTESIAN_POINT('',(3.05,2.847161,1.1));
#3537 = LINE('',#3538,#3539);
#3538 = CARTESIAN_POINT('',(3.05,2.847161,1.1));
#3539 = VECTOR('',#3540,1.);
#3540 = DIRECTION('',(0.,0.,1.));
#3541 = ORIENTED_EDGE('',*,*,#3542,.F.);
#3542 = EDGE_CURVE('',#3543,#3535,#3545,.T.);
#3543 = VERTEX_POINT('',#3544);
#3544 = CARTESIAN_POINT('',(3.05,2.749724,1.1));
#3545 = LINE('',#3546,#3547);
#3546 = CARTESIAN_POINT('',(3.05,2.647161,1.1));
#3547 = VECTOR('',#3548,1.);
#3548 = DIRECTION('',(0.,1.,0.));
#3549 = ORIENTED_EDGE('',*,*,#3550,.F.);
#3550 = EDGE_CURVE('',#1058,#3543,#3551,.T.);
#3551 = LINE('',#3552,#3553);
#3552 = CARTESIAN_POINT('',(3.05,2.749724,2.05));
#3553 = VECTOR('',#3554,1.);
#3554 = DIRECTION('',(-0.,-0.,-1.));
#3555 = PLANE('',#3556);
#3556 = AXIS2_PLACEMENT_3D('',#3557,#3558,#3559);
#3557 = CARTESIAN_POINT('',(3.05,2.647161,1.1));
#3558 = DIRECTION('',(-1.,0.,0.));
#3559 = DIRECTION('',(0.,1.,0.));
#3560 = ADVANCED_FACE('',(#3561),#3579,.F.);
#3561 = FACE_BOUND('',#3562,.F.);
#3562 = EDGE_LOOP('',(#3563,#3564,#3565,#3573));
#3563 = ORIENTED_EDGE('',*,*,#1057,.F.);
#3564 = ORIENTED_EDGE('',*,*,#3550,.T.);
#3565 = ORIENTED_EDGE('',*,*,#3566,.T.);
#3566 = EDGE_CURVE('',#3543,#3567,#3569,.T.);
#3567 = VERTEX_POINT('',#3568);
#3568 = CARTESIAN_POINT('',(3.6,2.749724,1.1));
#3569 = LINE('',#3570,#3571);
#3570 = CARTESIAN_POINT('',(0.82,2.749724,1.1));
#3571 = VECTOR('',#3572,1.);
#3572 = DIRECTION('',(1.,0.,0.));
#3573 = ORIENTED_EDGE('',*,*,#3574,.T.);
#3574 = EDGE_CURVE('',#3567,#1050,#3575,.T.);
#3575 = LINE('',#3576,#3577);
#3576 = CARTESIAN_POINT('',(3.6,2.749724,2.05));
#3577 = VECTOR('',#3578,1.);
#3578 = DIRECTION('',(0.,0.,1.));
#3579 = PLANE('',#3580);
#3580 = AXIS2_PLACEMENT_3D('',#3581,#3582,#3583);
#3581 = CARTESIAN_POINT('',(0.82,2.749724,3.));
#3582 = DIRECTION('',(0.,-1.,0.));
#3583 = DIRECTION('',(1.,0.,0.));
#3584 = ADVANCED_FACE('',(#3585),#3619,.F.);
#3585 = FACE_BOUND('',#3586,.F.);
#3586 = EDGE_LOOP('',(#3587,#3595,#3603,#3611,#3617,#3618));
#3587 = ORIENTED_EDGE('',*,*,#3588,.F.);
#3588 = EDGE_CURVE('',#3589,#3567,#3591,.T.);
#3589 = VERTEX_POINT('',#3590);
#3590 = CARTESIAN_POINT('',(3.6,2.847161,1.1));
#3591 = LINE('',#3592,#3593);
#3592 = CARTESIAN_POINT('',(3.6,2.847161,1.1));
#3593 = VECTOR('',#3594,1.);
#3594 = DIRECTION('',(0.,-1.,0.));
#3595 = ORIENTED_EDGE('',*,*,#3596,.T.);
#3596 = EDGE_CURVE('',#3589,#3597,#3599,.T.);
#3597 = VERTEX_POINT('',#3598);
#3598 = CARTESIAN_POINT('',(3.6,2.847161,3.1));
#3599 = LINE('',#3600,#3601);
#3600 = CARTESIAN_POINT('',(3.6,2.847161,1.1));
#3601 = VECTOR('',#3602,1.);
#3602 = DIRECTION('',(0.,0.,1.));
#3603 = ORIENTED_EDGE('',*,*,#3604,.T.);
#3604 = EDGE_CURVE('',#3597,#3605,#3607,.T.);
#3605 = VERTEX_POINT('',#3606);
#3606 = CARTESIAN_POINT('',(3.6,2.647161,3.1));
#3607 = LINE('',#3608,#3609);
#3608 = CARTESIAN_POINT('',(3.6,2.847161,3.1));
#3609 = VECTOR('',#3610,1.);
#3610 = DIRECTION('',(0.,-1.,0.));
#3611 = ORIENTED_EDGE('',*,*,#3612,.F.);
#3612 = EDGE_CURVE('',#1042,#3605,#3613,.T.);
#3613 = LINE('',#3614,#3615);
#3614 = CARTESIAN_POINT('',(3.6,2.647161,1.1));
#3615 = VECTOR('',#3616,1.);
#3616 = DIRECTION('',(0.,0.,1.));
#3617 = ORIENTED_EDGE('',*,*,#1049,.T.);
#3618 = ORIENTED_EDGE('',*,*,#3574,.F.);
#3619 = PLANE('',#3620);
#3620 = AXIS2_PLACEMENT_3D('',#3621,#3622,#3623);
#3621 = CARTESIAN_POINT('',(3.6,2.847161,1.1));
#3622 = DIRECTION('',(1.,0.,-0.));
#3623 = DIRECTION('',(0.,-1.,0.));
#3624 = ADVANCED_FACE('',(#3625),#3643,.F.);
#3625 = FACE_BOUND('',#3626,.F.);
#3626 = EDGE_LOOP('',(#3627,#3628,#3629,#3637));
#3627 = ORIENTED_EDGE('',*,*,#1041,.T.);
#3628 = ORIENTED_EDGE('',*,*,#3612,.T.);
#3629 = ORIENTED_EDGE('',*,*,#3630,.T.);
#3630 = EDGE_CURVE('',#3605,#3631,#3633,.T.);
#3631 = VERTEX_POINT('',#3632);
#3632 = CARTESIAN_POINT('',(3.85,2.647161,3.1));
#3633 = LINE('',#3634,#3635);
#3634 = CARTESIAN_POINT('',(3.6,2.647161,3.1));
#3635 = VECTOR('',#3636,1.);
#3636 = DIRECTION('',(1.,0.,0.));
#3637 = ORIENTED_EDGE('',*,*,#3638,.F.);
#3638 = EDGE_CURVE('',#1034,#3631,#3639,.T.);
#3639 = LINE('',#3640,#3641);
#3640 = CARTESIAN_POINT('',(3.85,2.647161,1.1));
#3641 = VECTOR('',#3642,1.);
#3642 = DIRECTION('',(0.,0.,1.));
#3643 = PLANE('',#3644);
#3644 = AXIS2_PLACEMENT_3D('',#3645,#3646,#3647);
#3645 = CARTESIAN_POINT('',(3.6,2.647161,1.1));
#3646 = DIRECTION('',(0.,1.,0.));
#3647 = DIRECTION('',(1.,0.,0.));
#3648 = ADVANCED_FACE('',(#3649),#3683,.F.);
#3649 = FACE_BOUND('',#3650,.F.);
#3650 = EDGE_LOOP('',(#3651,#3652,#3653,#3661,#3669,#3677));
#3651 = ORIENTED_EDGE('',*,*,#1033,.T.);
#3652 = ORIENTED_EDGE('',*,*,#3638,.T.);
#3653 = ORIENTED_EDGE('',*,*,#3654,.T.);
#3654 = EDGE_CURVE('',#3631,#3655,#3657,.T.);
#3655 = VERTEX_POINT('',#3656);
#3656 = CARTESIAN_POINT('',(3.85,2.847161,3.1));
#3657 = LINE('',#3658,#3659);
#3658 = CARTESIAN_POINT('',(3.85,2.647161,3.1));
#3659 = VECTOR('',#3660,1.);
#3660 = DIRECTION('',(0.,1.,0.));
#3661 = ORIENTED_EDGE('',*,*,#3662,.F.);
#3662 = EDGE_CURVE('',#3663,#3655,#3665,.T.);
#3663 = VERTEX_POINT('',#3664);
#3664 = CARTESIAN_POINT('',(3.85,2.847161,1.1));
#3665 = LINE('',#3666,#3667);
#3666 = CARTESIAN_POINT('',(3.85,2.847161,1.1));
#3667 = VECTOR('',#3668,1.);
#3668 = DIRECTION('',(0.,0.,1.));
#3669 = ORIENTED_EDGE('',*,*,#3670,.F.);
#3670 = EDGE_CURVE('',#3671,#3663,#3673,.T.);
#3671 = VERTEX_POINT('',#3672);
#3672 = CARTESIAN_POINT('',(3.85,2.749724,1.1));
#3673 = LINE('',#3674,#3675);
#3674 = CARTESIAN_POINT('',(3.85,2.647161,1.1));
#3675 = VECTOR('',#3676,1.);
#3676 = DIRECTION('',(0.,1.,0.));
#3677 = ORIENTED_EDGE('',*,*,#3678,.F.);
#3678 = EDGE_CURVE('',#1026,#3671,#3679,.T.);
#3679 = LINE('',#3680,#3681);
#3680 = CARTESIAN_POINT('',(3.85,2.749724,2.05));
#3681 = VECTOR('',#3682,1.);
#3682 = DIRECTION('',(-0.,-0.,-1.));
#3683 = PLANE('',#3684);
#3684 = AXIS2_PLACEMENT_3D('',#3685,#3686,#3687);
#3685 = CARTESIAN_POINT('',(3.85,2.647161,1.1));
#3686 = DIRECTION('',(-1.,0.,0.));
#3687 = DIRECTION('',(0.,1.,0.));
#3688 = ADVANCED_FACE('',(#3689),#3707,.F.);
#3689 = FACE_BOUND('',#3690,.F.);
#3690 = EDGE_LOOP('',(#3691,#3692,#3693,#3701));
#3691 = ORIENTED_EDGE('',*,*,#1025,.F.);
#3692 = ORIENTED_EDGE('',*,*,#3678,.T.);
#3693 = ORIENTED_EDGE('',*,*,#3694,.T.);
#3694 = EDGE_CURVE('',#3671,#3695,#3697,.T.);
#3695 = VERTEX_POINT('',#3696);
#3696 = CARTESIAN_POINT('',(4.28,2.749724,1.1));
#3697 = LINE('',#3698,#3699);
#3698 = CARTESIAN_POINT('',(0.82,2.749724,1.1));
#3699 = VECTOR('',#3700,1.);
#3700 = DIRECTION('',(1.,0.,0.));
#3701 = ORIENTED_EDGE('',*,*,#3702,.F.);
#3702 = EDGE_CURVE('',#1018,#3695,#3703,.T.);
#3703 = LINE('',#3704,#3705);
#3704 = CARTESIAN_POINT('',(4.28,2.749724,3.));
#3705 = VECTOR('',#3706,1.);
#3706 = DIRECTION('',(-0.,-0.,-1.));
#3707 = PLANE('',#3708);
#3708 = AXIS2_PLACEMENT_3D('',#3709,#3710,#3711);
#3709 = CARTESIAN_POINT('',(0.82,2.749724,3.));
#3710 = DIRECTION('',(0.,-1.,0.));
#3711 = DIRECTION('',(1.,0.,0.));
#3712 = ADVANCED_FACE('',(#3713),#3731,.F.);
#3713 = FACE_BOUND('',#3714,.F.);
#3714 = EDGE_LOOP('',(#3715,#3716,#3724,#3730));
#3715 = ORIENTED_EDGE('',*,*,#3702,.T.);
#3716 = ORIENTED_EDGE('',*,*,#3717,.T.);
#3717 = EDGE_CURVE('',#3695,#3718,#3720,.T.);
#3718 = VERTEX_POINT('',#3719);
#3719 = CARTESIAN_POINT('',(4.28,3.549724,1.1));
#3720 = LINE('',#3721,#3722);
#3721 = CARTESIAN_POINT('',(4.28,2.749724,1.1));
#3722 = VECTOR('',#3723,1.);
#3723 = DIRECTION('',(0.,1.,0.));
#3724 = ORIENTED_EDGE('',*,*,#3725,.F.);
#3725 = EDGE_CURVE('',#1010,#3718,#3726,.T.);
#3726 = LINE('',#3727,#3728);
#3727 = CARTESIAN_POINT('',(4.28,3.549724,3.));
#3728 = VECTOR('',#3729,1.);
#3729 = DIRECTION('',(-0.,-0.,-1.));
#3730 = ORIENTED_EDGE('',*,*,#1017,.F.);
#3731 = PLANE('',#3732);
#3732 = AXIS2_PLACEMENT_3D('',#3733,#3734,#3735);
#3733 = CARTESIAN_POINT('',(4.28,2.749724,3.));
#3734 = DIRECTION('',(1.,0.,0.));
#3735 = DIRECTION('',(0.,1.,0.));
#3736 = ADVANCED_FACE('',(#3737),#3755,.F.);
#3737 = FACE_BOUND('',#3738,.F.);
#3738 = EDGE_LOOP('',(#3739,#3740,#3741,#3749));
#3739 = ORIENTED_EDGE('',*,*,#1009,.F.);
#3740 = ORIENTED_EDGE('',*,*,#3725,.T.);
#3741 = ORIENTED_EDGE('',*,*,#3742,.T.);
#3742 = EDGE_CURVE('',#3718,#3743,#3745,.T.);
#3743 = VERTEX_POINT('',#3744);
#3744 = CARTESIAN_POINT('',(3.85,3.549724,1.1));
#3745 = LINE('',#3746,#3747);
#3746 = CARTESIAN_POINT('',(4.28,3.549724,1.1));
#3747 = VECTOR('',#3748,1.);
#3748 = DIRECTION('',(-1.,0.,0.));
#3749 = ORIENTED_EDGE('',*,*,#3750,.T.);
#3750 = EDGE_CURVE('',#3743,#1002,#3751,.T.);
#3751 = LINE('',#3752,#3753);
#3752 = CARTESIAN_POINT('',(3.85,3.549724,2.05));
#3753 = VECTOR('',#3754,1.);
#3754 = DIRECTION('',(0.,-0.,1.));
#3755 = PLANE('',#3756);
#3756 = AXIS2_PLACEMENT_3D('',#3757,#3758,#3759);
#3757 = CARTESIAN_POINT('',(4.28,3.549724,3.));
#3758 = DIRECTION('',(0.,1.,0.));
#3759 = DIRECTION('',(-1.,0.,0.));
#3760 = ADVANCED_FACE('',(#3761),#3795,.F.);
#3761 = FACE_BOUND('',#3762,.F.);
#3762 = EDGE_LOOP('',(#3763,#3771,#3779,#3787,#3793,#3794));
#3763 = ORIENTED_EDGE('',*,*,#3764,.F.);
#3764 = EDGE_CURVE('',#3765,#3743,#3767,.T.);
#3765 = VERTEX_POINT('',#3766);
#3766 = CARTESIAN_POINT('',(3.85,3.447161,1.1));
#3767 = LINE('',#3768,#3769);
#3768 = CARTESIAN_POINT('',(3.85,3.447161,1.1));
#3769 = VECTOR('',#3770,1.);
#3770 = DIRECTION('',(0.,1.,0.));
#3771 = ORIENTED_EDGE('',*,*,#3772,.T.);
#3772 = EDGE_CURVE('',#3765,#3773,#3775,.T.);
#3773 = VERTEX_POINT('',#3774);
#3774 = CARTESIAN_POINT('',(3.85,3.447161,3.1));
#3775 = LINE('',#3776,#3777);
#3776 = CARTESIAN_POINT('',(3.85,3.447161,1.1));
#3777 = VECTOR('',#3778,1.);
#3778 = DIRECTION('',(0.,0.,1.));
#3779 = ORIENTED_EDGE('',*,*,#3780,.T.);
#3780 = EDGE_CURVE('',#3773,#3781,#3783,.T.);
#3781 = VERTEX_POINT('',#3782);
#3782 = CARTESIAN_POINT('',(3.85,3.647161,3.1));
#3783 = LINE('',#3784,#3785);
#3784 = CARTESIAN_POINT('',(3.85,3.447161,3.1));
#3785 = VECTOR('',#3786,1.);
#3786 = DIRECTION('',(0.,1.,0.));
#3787 = ORIENTED_EDGE('',*,*,#3788,.F.);
#3788 = EDGE_CURVE('',#994,#3781,#3789,.T.);
#3789 = LINE('',#3790,#3791);
#3790 = CARTESIAN_POINT('',(3.85,3.647161,1.1));
#3791 = VECTOR('',#3792,1.);
#3792 = DIRECTION('',(0.,0.,1.));
#3793 = ORIENTED_EDGE('',*,*,#1001,.T.);
#3794 = ORIENTED_EDGE('',*,*,#3750,.F.);
#3795 = PLANE('',#3796);
#3796 = AXIS2_PLACEMENT_3D('',#3797,#3798,#3799);
#3797 = CARTESIAN_POINT('',(3.85,3.447161,1.1));
#3798 = DIRECTION('',(-1.,0.,0.));
#3799 = DIRECTION('',(0.,1.,0.));
#3800 = ADVANCED_FACE('',(#3801),#3819,.F.);
#3801 = FACE_BOUND('',#3802,.F.);
#3802 = EDGE_LOOP('',(#3803,#3804,#3805,#3813));
#3803 = ORIENTED_EDGE('',*,*,#993,.T.);
#3804 = ORIENTED_EDGE('',*,*,#3788,.T.);
#3805 = ORIENTED_EDGE('',*,*,#3806,.T.);
#3806 = EDGE_CURVE('',#3781,#3807,#3809,.T.);
#3807 = VERTEX_POINT('',#3808);
#3808 = CARTESIAN_POINT('',(3.6,3.647161,3.1));
#3809 = LINE('',#3810,#3811);
#3810 = CARTESIAN_POINT('',(3.85,3.647161,3.1));
#3811 = VECTOR('',#3812,1.);
#3812 = DIRECTION('',(-1.,0.,0.));
#3813 = ORIENTED_EDGE('',*,*,#3814,.F.);
#3814 = EDGE_CURVE('',#986,#3807,#3815,.T.);
#3815 = LINE('',#3816,#3817);
#3816 = CARTESIAN_POINT('',(3.6,3.647161,1.1));
#3817 = VECTOR('',#3818,1.);
#3818 = DIRECTION('',(0.,0.,1.));
#3819 = PLANE('',#3820);
#3820 = AXIS2_PLACEMENT_3D('',#3821,#3822,#3823);
#3821 = CARTESIAN_POINT('',(3.85,3.647161,1.1));
#3822 = DIRECTION('',(0.,-1.,0.));
#3823 = DIRECTION('',(-1.,0.,0.));
#3824 = ADVANCED_FACE('',(#3825),#3859,.F.);
#3825 = FACE_BOUND('',#3826,.F.);
#3826 = EDGE_LOOP('',(#3827,#3828,#3829,#3837,#3845,#3853));
#3827 = ORIENTED_EDGE('',*,*,#985,.T.);
#3828 = ORIENTED_EDGE('',*,*,#3814,.T.);
#3829 = ORIENTED_EDGE('',*,*,#3830,.T.);
#3830 = EDGE_CURVE('',#3807,#3831,#3833,.T.);
#3831 = VERTEX_POINT('',#3832);
#3832 = CARTESIAN_POINT('',(3.6,3.447161,3.1));
#3833 = LINE('',#3834,#3835);
#3834 = CARTESIAN_POINT('',(3.6,3.647161,3.1));
#3835 = VECTOR('',#3836,1.);
#3836 = DIRECTION('',(0.,-1.,0.));
#3837 = ORIENTED_EDGE('',*,*,#3838,.F.);
#3838 = EDGE_CURVE('',#3839,#3831,#3841,.T.);
#3839 = VERTEX_POINT('',#3840);
#3840 = CARTESIAN_POINT('',(3.6,3.447161,1.1));
#3841 = LINE('',#3842,#3843);
#3842 = CARTESIAN_POINT('',(3.6,3.447161,1.1));
#3843 = VECTOR('',#3844,1.);
#3844 = DIRECTION('',(0.,0.,1.));
#3845 = ORIENTED_EDGE('',*,*,#3846,.F.);
#3846 = EDGE_CURVE('',#3847,#3839,#3849,.T.);
#3847 = VERTEX_POINT('',#3848);
#3848 = CARTESIAN_POINT('',(3.6,3.549724,1.1));
#3849 = LINE('',#3850,#3851);
#3850 = CARTESIAN_POINT('',(3.6,3.647161,1.1));
#3851 = VECTOR('',#3852,1.);
#3852 = DIRECTION('',(0.,-1.,0.));
#3853 = ORIENTED_EDGE('',*,*,#3854,.F.);
#3854 = EDGE_CURVE('',#978,#3847,#3855,.T.);
#3855 = LINE('',#3856,#3857);
#3856 = CARTESIAN_POINT('',(3.6,3.549724,2.05));
#3857 = VECTOR('',#3858,1.);
#3858 = DIRECTION('',(-0.,0.,-1.));
#3859 = PLANE('',#3860);
#3860 = AXIS2_PLACEMENT_3D('',#3861,#3862,#3863);
#3861 = CARTESIAN_POINT('',(3.6,3.647161,1.1));
#3862 = DIRECTION('',(1.,0.,-0.));
#3863 = DIRECTION('',(0.,-1.,0.));
#3864 = ADVANCED_FACE('',(#3865),#3883,.F.);
#3865 = FACE_BOUND('',#3866,.F.);
#3866 = EDGE_LOOP('',(#3867,#3868,#3869,#3877));
#3867 = ORIENTED_EDGE('',*,*,#977,.F.);
#3868 = ORIENTED_EDGE('',*,*,#3854,.T.);
#3869 = ORIENTED_EDGE('',*,*,#3870,.T.);
#3870 = EDGE_CURVE('',#3847,#3871,#3873,.T.);
#3871 = VERTEX_POINT('',#3872);
#3872 = CARTESIAN_POINT('',(3.05,3.549724,1.1));
#3873 = LINE('',#3874,#3875);
#3874 = CARTESIAN_POINT('',(4.28,3.549724,1.1));
#3875 = VECTOR('',#3876,1.);
#3876 = DIRECTION('',(-1.,0.,0.));
#3877 = ORIENTED_EDGE('',*,*,#3878,.T.);
#3878 = EDGE_CURVE('',#3871,#970,#3879,.T.);
#3879 = LINE('',#3880,#3881);
#3880 = CARTESIAN_POINT('',(3.05,3.549724,2.05));
#3881 = VECTOR('',#3882,1.);
#3882 = DIRECTION('',(0.,-0.,1.));
#3883 = PLANE('',#3884);
#3884 = AXIS2_PLACEMENT_3D('',#3885,#3886,#3887);
#3885 = CARTESIAN_POINT('',(4.28,3.549724,3.));
#3886 = DIRECTION('',(0.,1.,0.));
#3887 = DIRECTION('',(-1.,0.,0.));
#3888 = ADVANCED_FACE('',(#3889),#3923,.F.);
#3889 = FACE_BOUND('',#3890,.F.);
#3890 = EDGE_LOOP('',(#3891,#3899,#3907,#3915,#3921,#3922));
#3891 = ORIENTED_EDGE('',*,*,#3892,.F.);
#3892 = EDGE_CURVE('',#3893,#3871,#3895,.T.);
#3893 = VERTEX_POINT('',#3894);
#3894 = CARTESIAN_POINT('',(3.05,3.447161,1.1));
#3895 = LINE('',#3896,#3897);
#3896 = CARTESIAN_POINT('',(3.05,3.447161,1.1));
#3897 = VECTOR('',#3898,1.);
#3898 = DIRECTION('',(0.,1.,0.));
#3899 = ORIENTED_EDGE('',*,*,#3900,.T.);
#3900 = EDGE_CURVE('',#3893,#3901,#3903,.T.);
#3901 = VERTEX_POINT('',#3902);
#3902 = CARTESIAN_POINT('',(3.05,3.447161,3.1));
#3903 = LINE('',#3904,#3905);
#3904 = CARTESIAN_POINT('',(3.05,3.447161,1.1));
#3905 = VECTOR('',#3906,1.);
#3906 = DIRECTION('',(0.,0.,1.));
#3907 = ORIENTED_EDGE('',*,*,#3908,.T.);
#3908 = EDGE_CURVE('',#3901,#3909,#3911,.T.);
#3909 = VERTEX_POINT('',#3910);
#3910 = CARTESIAN_POINT('',(3.05,3.647161,3.1));
#3911 = LINE('',#3912,#3913);
#3912 = CARTESIAN_POINT('',(3.05,3.447161,3.1));
#3913 = VECTOR('',#3914,1.);
#3914 = DIRECTION('',(0.,1.,0.));
#3915 = ORIENTED_EDGE('',*,*,#3916,.F.);
#3916 = EDGE_CURVE('',#962,#3909,#3917,.T.);
#3917 = LINE('',#3918,#3919);
#3918 = CARTESIAN_POINT('',(3.05,3.647161,1.1));
#3919 = VECTOR('',#3920,1.);
#3920 = DIRECTION('',(0.,0.,1.));
#3921 = ORIENTED_EDGE('',*,*,#969,.T.);
#3922 = ORIENTED_EDGE('',*,*,#3878,.F.);
#3923 = PLANE('',#3924);
#3924 = AXIS2_PLACEMENT_3D('',#3925,#3926,#3927);
#3925 = CARTESIAN_POINT('',(3.05,3.447161,1.1));
#3926 = DIRECTION('',(-1.,0.,0.));
#3927 = DIRECTION('',(0.,1.,0.));
#3928 = ADVANCED_FACE('',(#3929),#3947,.F.);
#3929 = FACE_BOUND('',#3930,.F.);
#3930 = EDGE_LOOP('',(#3931,#3932,#3933,#3941));
#3931 = ORIENTED_EDGE('',*,*,#961,.T.);
#3932 = ORIENTED_EDGE('',*,*,#3916,.T.);
#3933 = ORIENTED_EDGE('',*,*,#3934,.T.);
#3934 = EDGE_CURVE('',#3909,#3935,#3937,.T.);
#3935 = VERTEX_POINT('',#3936);
#3936 = CARTESIAN_POINT('',(2.8,3.647161,3.1));
#3937 = LINE('',#3938,#3939);
#3938 = CARTESIAN_POINT('',(3.05,3.647161,3.1));
#3939 = VECTOR('',#3940,1.);
#3940 = DIRECTION('',(-1.,0.,0.));
#3941 = ORIENTED_EDGE('',*,*,#3942,.F.);
#3942 = EDGE_CURVE('',#954,#3935,#3943,.T.);
#3943 = LINE('',#3944,#3945);
#3944 = CARTESIAN_POINT('',(2.8,3.647161,1.1));
#3945 = VECTOR('',#3946,1.);
#3946 = DIRECTION('',(0.,0.,1.));
#3947 = PLANE('',#3948);
#3948 = AXIS2_PLACEMENT_3D('',#3949,#3950,#3951);
#3949 = CARTESIAN_POINT('',(3.05,3.647161,1.1));
#3950 = DIRECTION('',(0.,-1.,0.));
#3951 = DIRECTION('',(-1.,0.,0.));
#3952 = ADVANCED_FACE('',(#3953),#3987,.F.);
#3953 = FACE_BOUND('',#3954,.F.);
#3954 = EDGE_LOOP('',(#3955,#3956,#3957,#3965,#3973,#3981));
#3955 = ORIENTED_EDGE('',*,*,#953,.T.);
#3956 = ORIENTED_EDGE('',*,*,#3942,.T.);
#3957 = ORIENTED_EDGE('',*,*,#3958,.T.);
#3958 = EDGE_CURVE('',#3935,#3959,#3961,.T.);
#3959 = VERTEX_POINT('',#3960);
#3960 = CARTESIAN_POINT('',(2.8,3.447161,3.1));
#3961 = LINE('',#3962,#3963);
#3962 = CARTESIAN_POINT('',(2.8,3.647161,3.1));
#3963 = VECTOR('',#3964,1.);
#3964 = DIRECTION('',(0.,-1.,0.));
#3965 = ORIENTED_EDGE('',*,*,#3966,.F.);
#3966 = EDGE_CURVE('',#3967,#3959,#3969,.T.);
#3967 = VERTEX_POINT('',#3968);
#3968 = CARTESIAN_POINT('',(2.8,3.447161,1.1));
#3969 = LINE('',#3970,#3971);
#3970 = CARTESIAN_POINT('',(2.8,3.447161,1.1));
#3971 = VECTOR('',#3972,1.);
#3972 = DIRECTION('',(0.,0.,1.));
#3973 = ORIENTED_EDGE('',*,*,#3974,.F.);
#3974 = EDGE_CURVE('',#3975,#3967,#3977,.T.);
#3975 = VERTEX_POINT('',#3976);
#3976 = CARTESIAN_POINT('',(2.8,3.549724,1.1));
#3977 = LINE('',#3978,#3979);
#3978 = CARTESIAN_POINT('',(2.8,3.647161,1.1));
#3979 = VECTOR('',#3980,1.);
#3980 = DIRECTION('',(0.,-1.,0.));
#3981 = ORIENTED_EDGE('',*,*,#3982,.F.);
#3982 = EDGE_CURVE('',#946,#3975,#3983,.T.);
#3983 = LINE('',#3984,#3985);
#3984 = CARTESIAN_POINT('',(2.8,3.549724,2.05));
#3985 = VECTOR('',#3986,1.);
#3986 = DIRECTION('',(-0.,0.,-1.));
#3987 = PLANE('',#3988);
#3988 = AXIS2_PLACEMENT_3D('',#3989,#3990,#3991);
#3989 = CARTESIAN_POINT('',(2.8,3.647161,1.1));
#3990 = DIRECTION('',(1.,0.,-0.));
#3991 = DIRECTION('',(0.,-1.,0.));
#3992 = ADVANCED_FACE('',(#3993),#4011,.F.);
#3993 = FACE_BOUND('',#3994,.F.);
#3994 = EDGE_LOOP('',(#3995,#3996,#3997,#4005));
#3995 = ORIENTED_EDGE('',*,*,#945,.F.);
#3996 = ORIENTED_EDGE('',*,*,#3982,.T.);
#3997 = ORIENTED_EDGE('',*,*,#3998,.T.);
#3998 = EDGE_CURVE('',#3975,#3999,#4001,.T.);
#3999 = VERTEX_POINT('',#4000);
#4000 = CARTESIAN_POINT('',(2.25,3.549724,1.1));
#4001 = LINE('',#4002,#4003);
#4002 = CARTESIAN_POINT('',(4.28,3.549724,1.1));
#4003 = VECTOR('',#4004,1.);
#4004 = DIRECTION('',(-1.,0.,0.));
#4005 = ORIENTED_EDGE('',*,*,#4006,.T.);
#4006 = EDGE_CURVE('',#3999,#938,#4007,.T.);
#4007 = LINE('',#4008,#4009);
#4008 = CARTESIAN_POINT('',(2.25,3.549724,2.05));
#4009 = VECTOR('',#4010,1.);
#4010 = DIRECTION('',(0.,-0.,1.));
#4011 = PLANE('',#4012);
#4012 = AXIS2_PLACEMENT_3D('',#4013,#4014,#4015);
#4013 = CARTESIAN_POINT('',(4.28,3.549724,3.));
#4014 = DIRECTION('',(0.,1.,0.));
#4015 = DIRECTION('',(-1.,0.,0.));
#4016 = ADVANCED_FACE('',(#4017),#4051,.F.);
#4017 = FACE_BOUND('',#4018,.F.);
#4018 = EDGE_LOOP('',(#4019,#4027,#4035,#4043,#4049,#4050));
#4019 = ORIENTED_EDGE('',*,*,#4020,.F.);
#4020 = EDGE_CURVE('',#4021,#3999,#4023,.T.);
#4021 = VERTEX_POINT('',#4022);
#4022 = CARTESIAN_POINT('',(2.25,3.447161,1.1));
#4023 = LINE('',#4024,#4025);
#4024 = CARTESIAN_POINT('',(2.25,3.447161,1.1));
#4025 = VECTOR('',#4026,1.);
#4026 = DIRECTION('',(0.,1.,0.));
#4027 = ORIENTED_EDGE('',*,*,#4028,.T.);
#4028 = EDGE_CURVE('',#4021,#4029,#4031,.T.);
#4029 = VERTEX_POINT('',#4030);
#4030 = CARTESIAN_POINT('',(2.25,3.447161,3.1));
#4031 = LINE('',#4032,#4033);
#4032 = CARTESIAN_POINT('',(2.25,3.447161,1.1));
#4033 = VECTOR('',#4034,1.);
#4034 = DIRECTION('',(0.,0.,1.));
#4035 = ORIENTED_EDGE('',*,*,#4036,.T.);
#4036 = EDGE_CURVE('',#4029,#4037,#4039,.T.);
#4037 = VERTEX_POINT('',#4038);
#4038 = CARTESIAN_POINT('',(2.25,3.647161,3.1));
#4039 = LINE('',#4040,#4041);
#4040 = CARTESIAN_POINT('',(2.25,3.447161,3.1));
#4041 = VECTOR('',#4042,1.);
#4042 = DIRECTION('',(0.,1.,0.));
#4043 = ORIENTED_EDGE('',*,*,#4044,.F.);
#4044 = EDGE_CURVE('',#930,#4037,#4045,.T.);
#4045 = LINE('',#4046,#4047);
#4046 = CARTESIAN_POINT('',(2.25,3.647161,1.1));
#4047 = VECTOR('',#4048,1.);
#4048 = DIRECTION('',(0.,0.,1.));
#4049 = ORIENTED_EDGE('',*,*,#937,.T.);
#4050 = ORIENTED_EDGE('',*,*,#4006,.F.);
#4051 = PLANE('',#4052);
#4052 = AXIS2_PLACEMENT_3D('',#4053,#4054,#4055);
#4053 = CARTESIAN_POINT('',(2.25,3.447161,1.1));
#4054 = DIRECTION('',(-1.,0.,0.));
#4055 = DIRECTION('',(0.,1.,0.));
#4056 = ADVANCED_FACE('',(#4057),#4075,.F.);
#4057 = FACE_BOUND('',#4058,.F.);
#4058 = EDGE_LOOP('',(#4059,#4060,#4061,#4069));
#4059 = ORIENTED_EDGE('',*,*,#929,.T.);
#4060 = ORIENTED_EDGE('',*,*,#4044,.T.);
#4061 = ORIENTED_EDGE('',*,*,#4062,.T.);
#4062 = EDGE_CURVE('',#4037,#4063,#4065,.T.);
#4063 = VERTEX_POINT('',#4064);
#4064 = CARTESIAN_POINT('',(2.,3.647161,3.1));
#4065 = LINE('',#4066,#4067);
#4066 = CARTESIAN_POINT('',(2.25,3.647161,3.1));
#4067 = VECTOR('',#4068,1.);
#4068 = DIRECTION('',(-1.,0.,0.));
#4069 = ORIENTED_EDGE('',*,*,#4070,.F.);
#4070 = EDGE_CURVE('',#922,#4063,#4071,.T.);
#4071 = LINE('',#4072,#4073);
#4072 = CARTESIAN_POINT('',(2.,3.647161,1.1));
#4073 = VECTOR('',#4074,1.);
#4074 = DIRECTION('',(0.,0.,1.));
#4075 = PLANE('',#4076);
#4076 = AXIS2_PLACEMENT_3D('',#4077,#4078,#4079);
#4077 = CARTESIAN_POINT('',(2.25,3.647161,1.1));
#4078 = DIRECTION('',(0.,-1.,0.));
#4079 = DIRECTION('',(-1.,0.,0.));
#4080 = ADVANCED_FACE('',(#4081),#4115,.F.);
#4081 = FACE_BOUND('',#4082,.F.);
#4082 = EDGE_LOOP('',(#4083,#4084,#4085,#4093,#4101,#4109));
#4083 = ORIENTED_EDGE('',*,*,#921,.T.);
#4084 = ORIENTED_EDGE('',*,*,#4070,.T.);
#4085 = ORIENTED_EDGE('',*,*,#4086,.T.);
#4086 = EDGE_CURVE('',#4063,#4087,#4089,.T.);
#4087 = VERTEX_POINT('',#4088);
#4088 = CARTESIAN_POINT('',(2.,3.447161,3.1));
#4089 = LINE('',#4090,#4091);
#4090 = CARTESIAN_POINT('',(2.,3.647161,3.1));
#4091 = VECTOR('',#4092,1.);
#4092 = DIRECTION('',(0.,-1.,0.));
#4093 = ORIENTED_EDGE('',*,*,#4094,.F.);
#4094 = EDGE_CURVE('',#4095,#4087,#4097,.T.);
#4095 = VERTEX_POINT('',#4096);
#4096 = CARTESIAN_POINT('',(2.,3.447161,1.1));
#4097 = LINE('',#4098,#4099);
#4098 = CARTESIAN_POINT('',(2.,3.447161,1.1));
#4099 = VECTOR('',#4100,1.);
#4100 = DIRECTION('',(0.,0.,1.));
#4101 = ORIENTED_EDGE('',*,*,#4102,.F.);
#4102 = EDGE_CURVE('',#4103,#4095,#4105,.T.);
#4103 = VERTEX_POINT('',#4104);
#4104 = CARTESIAN_POINT('',(2.,3.549724,1.1));
#4105 = LINE('',#4106,#4107);
#4106 = CARTESIAN_POINT('',(2.,3.647161,1.1));
#4107 = VECTOR('',#4108,1.);
#4108 = DIRECTION('',(0.,-1.,0.));
#4109 = ORIENTED_EDGE('',*,*,#4110,.F.);
#4110 = EDGE_CURVE('',#914,#4103,#4111,.T.);
#4111 = LINE('',#4112,#4113);
#4112 = CARTESIAN_POINT('',(2.,3.549724,2.05));
#4113 = VECTOR('',#4114,1.);
#4114 = DIRECTION('',(-0.,0.,-1.));
#4115 = PLANE('',#4116);
#4116 = AXIS2_PLACEMENT_3D('',#4117,#4118,#4119);
#4117 = CARTESIAN_POINT('',(2.,3.647161,1.1));
#4118 = DIRECTION('',(1.,0.,-0.));
#4119 = DIRECTION('',(0.,-1.,0.));
#4120 = ADVANCED_FACE('',(#4121),#4139,.F.);
#4121 = FACE_BOUND('',#4122,.F.);
#4122 = EDGE_LOOP('',(#4123,#4124,#4125,#4133));
#4123 = ORIENTED_EDGE('',*,*,#913,.F.);
#4124 = ORIENTED_EDGE('',*,*,#4110,.T.);
#4125 = ORIENTED_EDGE('',*,*,#4126,.T.);
#4126 = EDGE_CURVE('',#4103,#4127,#4129,.T.);
#4127 = VERTEX_POINT('',#4128);
#4128 = CARTESIAN_POINT('',(1.45,3.549724,1.1));
#4129 = LINE('',#4130,#4131);
#4130 = CARTESIAN_POINT('',(4.28,3.549724,1.1));
#4131 = VECTOR('',#4132,1.);
#4132 = DIRECTION('',(-1.,0.,0.));
#4133 = ORIENTED_EDGE('',*,*,#4134,.T.);
#4134 = EDGE_CURVE('',#4127,#906,#4135,.T.);
#4135 = LINE('',#4136,#4137);
#4136 = CARTESIAN_POINT('',(1.45,3.549724,2.05));
#4137 = VECTOR('',#4138,1.);
#4138 = DIRECTION('',(0.,-0.,1.));
#4139 = PLANE('',#4140);
#4140 = AXIS2_PLACEMENT_3D('',#4141,#4142,#4143);
#4141 = CARTESIAN_POINT('',(4.28,3.549724,3.));
#4142 = DIRECTION('',(0.,1.,0.));
#4143 = DIRECTION('',(-1.,0.,0.));
#4144 = ADVANCED_FACE('',(#4145),#4179,.F.);
#4145 = FACE_BOUND('',#4146,.F.);
#4146 = EDGE_LOOP('',(#4147,#4155,#4163,#4171,#4177,#4178));
#4147 = ORIENTED_EDGE('',*,*,#4148,.F.);
#4148 = EDGE_CURVE('',#4149,#4127,#4151,.T.);
#4149 = VERTEX_POINT('',#4150);
#4150 = CARTESIAN_POINT('',(1.45,3.4471615,1.1));
#4151 = LINE('',#4152,#4153);
#4152 = CARTESIAN_POINT('',(1.45,3.4471615,1.1));
#4153 = VECTOR('',#4154,1.);
#4154 = DIRECTION('',(0.,1.,0.));
#4155 = ORIENTED_EDGE('',*,*,#4156,.T.);
#4156 = EDGE_CURVE('',#4149,#4157,#4159,.T.);
#4157 = VERTEX_POINT('',#4158);
#4158 = CARTESIAN_POINT('',(1.45,3.4471615,3.1));
#4159 = LINE('',#4160,#4161);
#4160 = CARTESIAN_POINT('',(1.45,3.4471615,1.1));
#4161 = VECTOR('',#4162,1.);
#4162 = DIRECTION('',(0.,0.,1.));
#4163 = ORIENTED_EDGE('',*,*,#4164,.T.);
#4164 = EDGE_CURVE('',#4157,#4165,#4167,.T.);
#4165 = VERTEX_POINT('',#4166);
#4166 = CARTESIAN_POINT('',(1.45,3.6471615,3.1));
#4167 = LINE('',#4168,#4169);
#4168 = CARTESIAN_POINT('',(1.45,3.4471615,3.1));
#4169 = VECTOR('',#4170,1.);
#4170 = DIRECTION('',(0.,1.,0.));
#4171 = ORIENTED_EDGE('',*,*,#4172,.F.);
#4172 = EDGE_CURVE('',#898,#4165,#4173,.T.);
#4173 = LINE('',#4174,#4175);
#4174 = CARTESIAN_POINT('',(1.45,3.6471615,1.1));
#4175 = VECTOR('',#4176,1.);
#4176 = DIRECTION('',(0.,0.,1.));
#4177 = ORIENTED_EDGE('',*,*,#905,.T.);
#4178 = ORIENTED_EDGE('',*,*,#4134,.F.);
#4179 = PLANE('',#4180);
#4180 = AXIS2_PLACEMENT_3D('',#4181,#4182,#4183);
#4181 = CARTESIAN_POINT('',(1.45,3.4471615,1.1));
#4182 = DIRECTION('',(-1.,0.,0.));
#4183 = DIRECTION('',(0.,1.,0.));
#4184 = ADVANCED_FACE('',(#4185),#4203,.F.);
#4185 = FACE_BOUND('',#4186,.F.);
#4186 = EDGE_LOOP('',(#4187,#4188,#4189,#4197));
#4187 = ORIENTED_EDGE('',*,*,#897,.T.);
#4188 = ORIENTED_EDGE('',*,*,#4172,.T.);
#4189 = ORIENTED_EDGE('',*,*,#4190,.T.);
#4190 = EDGE_CURVE('',#4165,#4191,#4193,.T.);
#4191 = VERTEX_POINT('',#4192);
#4192 = CARTESIAN_POINT('',(1.2,3.6471615,3.1));
#4193 = LINE('',#4194,#4195);
#4194 = CARTESIAN_POINT('',(1.45,3.6471615,3.1));
#4195 = VECTOR('',#4196,1.);
#4196 = DIRECTION('',(-1.,0.,0.));
#4197 = ORIENTED_EDGE('',*,*,#4198,.F.);
#4198 = EDGE_CURVE('',#890,#4191,#4199,.T.);
#4199 = LINE('',#4200,#4201);
#4200 = CARTESIAN_POINT('',(1.2,3.6471615,1.1));
#4201 = VECTOR('',#4202,1.);
#4202 = DIRECTION('',(0.,0.,1.));
#4203 = PLANE('',#4204);
#4204 = AXIS2_PLACEMENT_3D('',#4205,#4206,#4207);
#4205 = CARTESIAN_POINT('',(1.45,3.6471615,1.1));
#4206 = DIRECTION('',(0.,-1.,0.));
#4207 = DIRECTION('',(-1.,0.,0.));
#4208 = ADVANCED_FACE('',(#4209),#4243,.F.);
#4209 = FACE_BOUND('',#4210,.F.);
#4210 = EDGE_LOOP('',(#4211,#4212,#4213,#4221,#4229,#4237));
#4211 = ORIENTED_EDGE('',*,*,#889,.T.);
#4212 = ORIENTED_EDGE('',*,*,#4198,.T.);
#4213 = ORIENTED_EDGE('',*,*,#4214,.T.);
#4214 = EDGE_CURVE('',#4191,#4215,#4217,.T.);
#4215 = VERTEX_POINT('',#4216);
#4216 = CARTESIAN_POINT('',(1.2,3.4471615,3.1));
#4217 = LINE('',#4218,#4219);
#4218 = CARTESIAN_POINT('',(1.2,3.6471615,3.1));
#4219 = VECTOR('',#4220,1.);
#4220 = DIRECTION('',(0.,-1.,0.));
#4221 = ORIENTED_EDGE('',*,*,#4222,.F.);
#4222 = EDGE_CURVE('',#4223,#4215,#4225,.T.);
#4223 = VERTEX_POINT('',#4224);
#4224 = CARTESIAN_POINT('',(1.2,3.4471615,1.1));
#4225 = LINE('',#4226,#4227);
#4226 = CARTESIAN_POINT('',(1.2,3.4471615,1.1));
#4227 = VECTOR('',#4228,1.);
#4228 = DIRECTION('',(0.,0.,1.));
#4229 = ORIENTED_EDGE('',*,*,#4230,.F.);
#4230 = EDGE_CURVE('',#4231,#4223,#4233,.T.);
#4231 = VERTEX_POINT('',#4232);
#4232 = CARTESIAN_POINT('',(1.2,3.549724,1.1));
#4233 = LINE('',#4234,#4235);
#4234 = CARTESIAN_POINT('',(1.2,3.6471615,1.1));
#4235 = VECTOR('',#4236,1.);
#4236 = DIRECTION('',(0.,-1.,0.));
#4237 = ORIENTED_EDGE('',*,*,#4238,.F.);
#4238 = EDGE_CURVE('',#882,#4231,#4239,.T.);
#4239 = LINE('',#4240,#4241);
#4240 = CARTESIAN_POINT('',(1.2,3.549724,2.05));
#4241 = VECTOR('',#4242,1.);
#4242 = DIRECTION('',(-0.,0.,-1.));
#4243 = PLANE('',#4244);
#4244 = AXIS2_PLACEMENT_3D('',#4245,#4246,#4247);
#4245 = CARTESIAN_POINT('',(1.2,3.6471615,1.1));
#4246 = DIRECTION('',(1.,0.,-0.));
#4247 = DIRECTION('',(0.,-1.,0.));
#4248 = ADVANCED_FACE('',(#4249),#4260,.F.);
#4249 = FACE_BOUND('',#4250,.F.);
#4250 = EDGE_LOOP('',(#4251,#4252,#4253,#4259));
#4251 = ORIENTED_EDGE('',*,*,#881,.F.);
#4252 = ORIENTED_EDGE('',*,*,#4238,.T.);
#4253 = ORIENTED_EDGE('',*,*,#4254,.T.);
#4254 = EDGE_CURVE('',#4231,#3150,#4255,.T.);
#4255 = LINE('',#4256,#4257);
#4256 = CARTESIAN_POINT('',(4.28,3.549724,1.1));
#4257 = VECTOR('',#4258,1.);
#4258 = DIRECTION('',(-1.,0.,0.));
#4259 = ORIENTED_EDGE('',*,*,#3149,.F.);
#4260 = PLANE('',#4261);
#4261 = AXIS2_PLACEMENT_3D('',#4262,#4263,#4264);
#4262 = CARTESIAN_POINT('',(4.28,3.549724,3.));
#4263 = DIRECTION('',(0.,1.,0.));
#4264 = DIRECTION('',(-1.,0.,0.));
#4265 = ADVANCED_FACE('',(#4266),#4277,.T.);
#4266 = FACE_BOUND('',#4267,.T.);
#4267 = EDGE_LOOP('',(#4268,#4274,#4275,#4276));
#4268 = ORIENTED_EDGE('',*,*,#4269,.T.);
#4269 = EDGE_CURVE('',#1864,#1736,#4270,.T.);
#4270 = LINE('',#4271,#4272);
#4271 = CARTESIAN_POINT('',(3.85,5.,0.));
#4272 = VECTOR('',#4273,1.);
#4273 = DIRECTION('',(-1.,0.,0.));
#4274 = ORIENTED_EDGE('',*,*,#1760,.T.);
#4275 = ORIENTED_EDGE('',*,*,#1192,.F.);
#4276 = ORIENTED_EDGE('',*,*,#1871,.T.);
#4277 = PLANE('',#4278);
#4278 = AXIS2_PLACEMENT_3D('',#4279,#4280,#4281);
#4279 = CARTESIAN_POINT('',(2.525,2.2,0.));
#4280 = DIRECTION('',(0.,0.,1.));
#4281 = DIRECTION('',(1.,0.,0.));
#4282 = ADVANCED_FACE('',(#4283),#4294,.T.);
#4283 = FACE_BOUND('',#4284,.T.);
#4284 = EDGE_LOOP('',(#4285,#4291,#4292,#4293));
#4285 = ORIENTED_EDGE('',*,*,#4286,.T.);
#4286 = EDGE_CURVE('',#1688,#1560,#4287,.T.);
#4287 = LINE('',#4288,#4289);
#4288 = CARTESIAN_POINT('',(3.05,5.,0.));
#4289 = VECTOR('',#4290,1.);
#4290 = DIRECTION('',(-1.,0.,0.));
#4291 = ORIENTED_EDGE('',*,*,#1584,.T.);
#4292 = ORIENTED_EDGE('',*,*,#1185,.F.);
#4293 = ORIENTED_EDGE('',*,*,#1695,.T.);
#4294 = PLANE('',#4295);
#4295 = AXIS2_PLACEMENT_3D('',#4296,#4297,#4298);
#4296 = CARTESIAN_POINT('',(2.525,2.2,0.));
#4297 = DIRECTION('',(0.,0.,1.));
#4298 = DIRECTION('',(1.,0.,0.));
#4299 = ADVANCED_FACE('',(#4300),#4311,.T.);
#4300 = FACE_BOUND('',#4301,.T.);
#4301 = EDGE_LOOP('',(#4302,#4308,#4309,#4310));
#4302 = ORIENTED_EDGE('',*,*,#4303,.T.);
#4303 = EDGE_CURVE('',#1512,#1384,#4304,.T.);
#4304 = LINE('',#4305,#4306);
#4305 = CARTESIAN_POINT('',(2.25,5.,0.));
#4306 = VECTOR('',#4307,1.);
#4307 = DIRECTION('',(-1.,0.,0.));
#4308 = ORIENTED_EDGE('',*,*,#1408,.T.);
#4309 = ORIENTED_EDGE('',*,*,#1178,.F.);
#4310 = ORIENTED_EDGE('',*,*,#1519,.T.);
#4311 = PLANE('',#4312);
#4312 = AXIS2_PLACEMENT_3D('',#4313,#4314,#4315);
#4313 = CARTESIAN_POINT('',(2.525,2.2,0.));
#4314 = DIRECTION('',(0.,0.,1.));
#4315 = DIRECTION('',(1.,0.,0.));
#4316 = ADVANCED_FACE('',(#4317),#4328,.T.);
#4317 = FACE_BOUND('',#4318,.T.);
#4318 = EDGE_LOOP('',(#4319,#4325,#4326,#4327));
#4319 = ORIENTED_EDGE('',*,*,#4320,.T.);
#4320 = EDGE_CURVE('',#1336,#1208,#4321,.T.);
#4321 = LINE('',#4322,#4323);
#4322 = CARTESIAN_POINT('',(1.45,5.,0.));
#4323 = VECTOR('',#4324,1.);
#4324 = DIRECTION('',(-1.,0.,0.));
#4325 = ORIENTED_EDGE('',*,*,#1232,.T.);
#4326 = ORIENTED_EDGE('',*,*,#1171,.F.);
#4327 = ORIENTED_EDGE('',*,*,#1343,.T.);
#4328 = PLANE('',#4329);
#4329 = AXIS2_PLACEMENT_3D('',#4330,#4331,#4332);
#4330 = CARTESIAN_POINT('',(2.525,2.2,0.));
#4331 = DIRECTION('',(0.,0.,1.));
#4332 = DIRECTION('',(1.,0.,0.));
#4333 = ADVANCED_FACE('',(#4334),#4345,.T.);
#4334 = FACE_BOUND('',#4335,.T.);
#4335 = EDGE_LOOP('',(#4336,#4337,#4343,#4344));
#4336 = ORIENTED_EDGE('',*,*,#1335,.T.);
#4337 = ORIENTED_EDGE('',*,*,#4338,.T.);
#4338 = EDGE_CURVE('',#1328,#1210,#4339,.T.);
#4339 = LINE('',#4340,#4341);
#4340 = CARTESIAN_POINT('',(1.45,5.,-0.1));
#4341 = VECTOR('',#4342,1.);
#4342 = DIRECTION('',(-1.,0.,0.));
#4343 = ORIENTED_EDGE('',*,*,#1207,.F.);
#4344 = ORIENTED_EDGE('',*,*,#4320,.F.);
#4345 = PLANE('',#4346);
#4346 = AXIS2_PLACEMENT_3D('',#4347,#4348,#4349);
#4347 = CARTESIAN_POINT('',(1.45,5.,0.));
#4348 = DIRECTION('',(0.,1.,0.));
#4349 = DIRECTION('',(-1.,0.,0.));
#4350 = ADVANCED_FACE('',(#4351),#4357,.F.);
#4351 = FACE_BOUND('',#4352,.F.);
#4352 = EDGE_LOOP('',(#4353,#4354,#4355,#4356));
#4353 = ORIENTED_EDGE('',*,*,#1217,.T.);
#4354 = ORIENTED_EDGE('',*,*,#1279,.T.);
#4355 = ORIENTED_EDGE('',*,*,#1327,.T.);
#4356 = ORIENTED_EDGE('',*,*,#4338,.T.);
#4357 = PLANE('',#4358);
#4358 = AXIS2_PLACEMENT_3D('',#4359,#4360,#4361);
#4359 = CARTESIAN_POINT('',(2.525,2.2,-0.1));
#4360 = DIRECTION('',(0.,0.,1.));
#4361 = DIRECTION('',(1.,0.,0.));
#4362 = ADVANCED_FACE('',(#4363),#4369,.F.);
#4363 = FACE_BOUND('',#4364,.F.);
#4364 = EDGE_LOOP('',(#4365,#4366,#4367,#4368));
#4365 = ORIENTED_EDGE('',*,*,#1254,.T.);
#4366 = ORIENTED_EDGE('',*,*,#1962,.T.);
#4367 = ORIENTED_EDGE('',*,*,#1366,.T.);
#4368 = ORIENTED_EDGE('',*,*,#1310,.T.);
#4369 = PLANE('',#4370);
#4370 = AXIS2_PLACEMENT_3D('',#4371,#4372,#4373);
#4371 = CARTESIAN_POINT('',(2.525,2.2,-0.1));
#4372 = DIRECTION('',(0.,0.,1.));
#4373 = DIRECTION('',(1.,0.,0.));
#4374 = ADVANCED_FACE('',(#4375),#4386,.T.);
#4375 = FACE_BOUND('',#4376,.T.);
#4376 = EDGE_LOOP('',(#4377,#4378,#4384,#4385));
#4377 = ORIENTED_EDGE('',*,*,#1511,.T.);
#4378 = ORIENTED_EDGE('',*,*,#4379,.T.);
#4379 = EDGE_CURVE('',#1504,#1386,#4380,.T.);
#4380 = LINE('',#4381,#4382);
#4381 = CARTESIAN_POINT('',(2.25,5.,-0.1));
#4382 = VECTOR('',#4383,1.);
#4383 = DIRECTION('',(-1.,0.,0.));
#4384 = ORIENTED_EDGE('',*,*,#1383,.F.);
#4385 = ORIENTED_EDGE('',*,*,#4303,.F.);
#4386 = PLANE('',#4387);
#4387 = AXIS2_PLACEMENT_3D('',#4388,#4389,#4390);
#4388 = CARTESIAN_POINT('',(2.25,5.,0.));
#4389 = DIRECTION('',(0.,1.,0.));
#4390 = DIRECTION('',(-1.,0.,0.));
#4391 = ADVANCED_FACE('',(#4392),#4398,.F.);
#4392 = FACE_BOUND('',#4393,.F.);
#4393 = EDGE_LOOP('',(#4394,#4395,#4396,#4397));
#4394 = ORIENTED_EDGE('',*,*,#1393,.T.);
#4395 = ORIENTED_EDGE('',*,*,#1455,.T.);
#4396 = ORIENTED_EDGE('',*,*,#1503,.T.);
#4397 = ORIENTED_EDGE('',*,*,#4379,.T.);
#4398 = PLANE('',#4399);
#4399 = AXIS2_PLACEMENT_3D('',#4400,#4401,#4402);
#4400 = CARTESIAN_POINT('',(2.525,2.2,-0.1));
#4401 = DIRECTION('',(0.,0.,1.));
#4402 = DIRECTION('',(1.,0.,0.));
#4403 = ADVANCED_FACE('',(#4404),#4410,.F.);
#4404 = FACE_BOUND('',#4405,.F.);
#4405 = EDGE_LOOP('',(#4406,#4407,#4408,#4409));
#4406 = ORIENTED_EDGE('',*,*,#1430,.T.);
#4407 = ORIENTED_EDGE('',*,*,#1979,.T.);
#4408 = ORIENTED_EDGE('',*,*,#1542,.T.);
#4409 = ORIENTED_EDGE('',*,*,#1486,.T.);
#4410 = PLANE('',#4411);
#4411 = AXIS2_PLACEMENT_3D('',#4412,#4413,#4414);
#4412 = CARTESIAN_POINT('',(2.525,2.2,-0.1));
#4413 = DIRECTION('',(0.,0.,1.));
#4414 = DIRECTION('',(1.,0.,0.));
#4415 = ADVANCED_FACE('',(#4416),#4427,.T.);
#4416 = FACE_BOUND('',#4417,.T.);
#4417 = EDGE_LOOP('',(#4418,#4419,#4425,#4426));
#4418 = ORIENTED_EDGE('',*,*,#1687,.T.);
#4419 = ORIENTED_EDGE('',*,*,#4420,.T.);
#4420 = EDGE_CURVE('',#1680,#1562,#4421,.T.);
#4421 = LINE('',#4422,#4423);
#4422 = CARTESIAN_POINT('',(3.05,5.,-0.1));
#4423 = VECTOR('',#4424,1.);
#4424 = DIRECTION('',(-1.,0.,0.));
#4425 = ORIENTED_EDGE('',*,*,#1559,.F.);
#4426 = ORIENTED_EDGE('',*,*,#4286,.F.);
#4427 = PLANE('',#4428);
#4428 = AXIS2_PLACEMENT_3D('',#4429,#4430,#4431);
#4429 = CARTESIAN_POINT('',(3.05,5.,0.));
#4430 = DIRECTION('',(0.,1.,0.));
#4431 = DIRECTION('',(-1.,0.,0.));
#4432 = ADVANCED_FACE('',(#4433),#4439,.F.);
#4433 = FACE_BOUND('',#4434,.F.);
#4434 = EDGE_LOOP('',(#4435,#4436,#4437,#4438));
#4435 = ORIENTED_EDGE('',*,*,#1569,.T.);
#4436 = ORIENTED_EDGE('',*,*,#1631,.T.);
#4437 = ORIENTED_EDGE('',*,*,#1679,.T.);
#4438 = ORIENTED_EDGE('',*,*,#4420,.T.);
#4439 = PLANE('',#4440);
#4440 = AXIS2_PLACEMENT_3D('',#4441,#4442,#4443);
#4441 = CARTESIAN_POINT('',(2.525,2.2,-0.1));
#4442 = DIRECTION('',(0.,0.,1.));
#4443 = DIRECTION('',(1.,0.,0.));
#4444 = ADVANCED_FACE('',(#4445),#4451,.F.);
#4445 = FACE_BOUND('',#4446,.F.);
#4446 = EDGE_LOOP('',(#4447,#4448,#4449,#4450));
#4447 = ORIENTED_EDGE('',*,*,#1606,.T.);
#4448 = ORIENTED_EDGE('',*,*,#1996,.T.);
#4449 = ORIENTED_EDGE('',*,*,#1718,.T.);
#4450 = ORIENTED_EDGE('',*,*,#1662,.T.);
#4451 = PLANE('',#4452);
#4452 = AXIS2_PLACEMENT_3D('',#4453,#4454,#4455);
#4453 = CARTESIAN_POINT('',(2.525,2.2,-0.1));
#4454 = DIRECTION('',(0.,0.,1.));
#4455 = DIRECTION('',(1.,0.,0.));
#4456 = ADVANCED_FACE('',(#4457),#4468,.T.);
#4457 = FACE_BOUND('',#4458,.T.);
#4458 = EDGE_LOOP('',(#4459,#4460,#4466,#4467));
#4459 = ORIENTED_EDGE('',*,*,#1863,.T.);
#4460 = ORIENTED_EDGE('',*,*,#4461,.T.);
#4461 = EDGE_CURVE('',#1856,#1738,#4462,.T.);
#4462 = LINE('',#4463,#4464);
#4463 = CARTESIAN_POINT('',(3.85,5.,-0.1));
#4464 = VECTOR('',#4465,1.);
#4465 = DIRECTION('',(-1.,0.,0.));
#4466 = ORIENTED_EDGE('',*,*,#1735,.F.);
#4467 = ORIENTED_EDGE('',*,*,#4269,.F.);
#4468 = PLANE('',#4469);
#4469 = AXIS2_PLACEMENT_3D('',#4470,#4471,#4472);
#4470 = CARTESIAN_POINT('',(3.85,5.,0.));
#4471 = DIRECTION('',(0.,1.,0.));
#4472 = DIRECTION('',(-1.,0.,0.));
#4473 = ADVANCED_FACE('',(#4474),#4480,.F.);
#4474 = FACE_BOUND('',#4475,.F.);
#4475 = EDGE_LOOP('',(#4476,#4477,#4478,#4479));
#4476 = ORIENTED_EDGE('',*,*,#1745,.T.);
#4477 = ORIENTED_EDGE('',*,*,#1807,.T.);
#4478 = ORIENTED_EDGE('',*,*,#1855,.T.);
#4479 = ORIENTED_EDGE('',*,*,#4461,.T.);
#4480 = PLANE('',#4481);
#4481 = AXIS2_PLACEMENT_3D('',#4482,#4483,#4484);
#4482 = CARTESIAN_POINT('',(2.525,2.2,-0.1));
#4483 = DIRECTION('',(0.,0.,1.));
#4484 = DIRECTION('',(1.,0.,0.));
#4485 = ADVANCED_FACE('',(#4486),#4492,.F.);
#4486 = FACE_BOUND('',#4487,.F.);
#4487 = EDGE_LOOP('',(#4488,#4489,#4490,#4491));
#4488 = ORIENTED_EDGE('',*,*,#1782,.T.);
#4489 = ORIENTED_EDGE('',*,*,#2013,.T.);
#4490 = ORIENTED_EDGE('',*,*,#1894,.T.);
#4491 = ORIENTED_EDGE('',*,*,#1838,.T.);
#4492 = PLANE('',#4493);
#4493 = AXIS2_PLACEMENT_3D('',#4494,#4495,#4496);
#4494 = CARTESIAN_POINT('',(2.525,2.2,-0.1));
#4495 = DIRECTION('',(0.,0.,1.));
#4496 = DIRECTION('',(1.,0.,0.));
#4497 = ADVANCED_FACE('',(#4498),#4501,.F.);
#4498 = FACE_BOUND('',#4499,.T.);
#4499 = EDGE_LOOP('',(#4500));
#4500 = ORIENTED_EDGE('',*,*,#1919,.T.);
#4501 = PLANE('',#4502);
#4502 = AXIS2_PLACEMENT_3D('',#4503,#4504,#4505);
#4503 = CARTESIAN_POINT('',(2.55,0.95,-0.6));
#4504 = DIRECTION('',(0.,0.,1.));
#4505 = DIRECTION('',(1.,0.,0.));
#4506 = ADVANCED_FACE('',(#4507),#4510,.F.);
#4507 = FACE_BOUND('',#4508,.T.);
#4508 = EDGE_LOOP('',(#4509));
#4509 = ORIENTED_EDGE('',*,*,#1944,.T.);
#4510 = PLANE('',#4511);
#4511 = AXIS2_PLACEMENT_3D('',#4512,#4513,#4514);
#4512 = CARTESIAN_POINT('',(2.55,0.95,-0.6));
#4513 = DIRECTION('',(0.,0.,1.));
#4514 = DIRECTION('',(1.,0.,0.));
#4515 = ADVANCED_FACE('',(#4516),#4594,.T.);
#4516 = FACE_BOUND('',#4517,.T.);
#4517 = EDGE_LOOP('',(#4518,#4519,#4520,#4521,#4522,#4528,#4529,#4530,
    #4531,#4537,#4538,#4539,#4540,#4546,#4547,#4548,#4549,#4555,#4556,
    #4557,#4558,#4559,#4560,#4566,#4567,#4568,#4569,#4575,#4576,#4577,
    #4578,#4584,#4585,#4586,#4587,#4593));
#4518 = ORIENTED_EDGE('',*,*,#3134,.T.);
#4519 = ORIENTED_EDGE('',*,*,#2037,.T.);
#4520 = ORIENTED_EDGE('',*,*,#2062,.T.);
#4521 = ORIENTED_EDGE('',*,*,#2084,.F.);
#4522 = ORIENTED_EDGE('',*,*,#4523,.F.);
#4523 = EDGE_CURVE('',#2159,#2085,#4524,.T.);
#4524 = LINE('',#4525,#4526);
#4525 = CARTESIAN_POINT('',(1.45,0.947161,1.1));
#4526 = VECTOR('',#4527,1.);
#4527 = DIRECTION('',(-1.,0.,0.));
#4528 = ORIENTED_EDGE('',*,*,#2166,.F.);
#4529 = ORIENTED_EDGE('',*,*,#2190,.T.);
#4530 = ORIENTED_EDGE('',*,*,#2212,.F.);
#4531 = ORIENTED_EDGE('',*,*,#4532,.F.);
#4532 = EDGE_CURVE('',#2287,#2213,#4533,.T.);
#4533 = LINE('',#4534,#4535);
#4534 = CARTESIAN_POINT('',(2.25,0.947161,1.1));
#4535 = VECTOR('',#4536,1.);
#4536 = DIRECTION('',(-1.,0.,0.));
#4537 = ORIENTED_EDGE('',*,*,#2294,.F.);
#4538 = ORIENTED_EDGE('',*,*,#2318,.T.);
#4539 = ORIENTED_EDGE('',*,*,#2340,.F.);
#4540 = ORIENTED_EDGE('',*,*,#4541,.F.);
#4541 = EDGE_CURVE('',#2415,#2341,#4542,.T.);
#4542 = LINE('',#4543,#4544);
#4543 = CARTESIAN_POINT('',(3.05,0.947161,1.1));
#4544 = VECTOR('',#4545,1.);
#4545 = DIRECTION('',(-1.,0.,0.));
#4546 = ORIENTED_EDGE('',*,*,#2422,.F.);
#4547 = ORIENTED_EDGE('',*,*,#2446,.T.);
#4548 = ORIENTED_EDGE('',*,*,#2468,.F.);
#4549 = ORIENTED_EDGE('',*,*,#4550,.F.);
#4550 = EDGE_CURVE('',#2543,#2469,#4551,.T.);
#4551 = LINE('',#4552,#4553);
#4552 = CARTESIAN_POINT('',(3.85,0.947161,1.1));
#4553 = VECTOR('',#4554,1.);
#4554 = DIRECTION('',(-1.,0.,0.));
#4555 = ORIENTED_EDGE('',*,*,#2550,.F.);
#4556 = ORIENTED_EDGE('',*,*,#2574,.T.);
#4557 = ORIENTED_EDGE('',*,*,#2597,.T.);
#4558 = ORIENTED_EDGE('',*,*,#2622,.T.);
#4559 = ORIENTED_EDGE('',*,*,#2644,.F.);
#4560 = ORIENTED_EDGE('',*,*,#4561,.F.);
#4561 = EDGE_CURVE('',#2719,#2645,#4562,.T.);
#4562 = LINE('',#4563,#4564);
#4563 = CARTESIAN_POINT('',(3.6,1.547161,1.1));
#4564 = VECTOR('',#4565,1.);
#4565 = DIRECTION('',(1.,0.,0.));
#4566 = ORIENTED_EDGE('',*,*,#2726,.F.);
#4567 = ORIENTED_EDGE('',*,*,#2750,.T.);
#4568 = ORIENTED_EDGE('',*,*,#2772,.F.);
#4569 = ORIENTED_EDGE('',*,*,#4570,.F.);
#4570 = EDGE_CURVE('',#2847,#2773,#4571,.T.);
#4571 = LINE('',#4572,#4573);
#4572 = CARTESIAN_POINT('',(2.8,1.547161,1.1));
#4573 = VECTOR('',#4574,1.);
#4574 = DIRECTION('',(1.,0.,0.));
#4575 = ORIENTED_EDGE('',*,*,#2854,.F.);
#4576 = ORIENTED_EDGE('',*,*,#2878,.T.);
#4577 = ORIENTED_EDGE('',*,*,#2900,.F.);
#4578 = ORIENTED_EDGE('',*,*,#4579,.F.);
#4579 = EDGE_CURVE('',#2975,#2901,#4580,.T.);
#4580 = LINE('',#4581,#4582);
#4581 = CARTESIAN_POINT('',(2.,1.547161,1.1));
#4582 = VECTOR('',#4583,1.);
#4583 = DIRECTION('',(1.,0.,0.));
#4584 = ORIENTED_EDGE('',*,*,#2982,.F.);
#4585 = ORIENTED_EDGE('',*,*,#3006,.T.);
#4586 = ORIENTED_EDGE('',*,*,#3028,.F.);
#4587 = ORIENTED_EDGE('',*,*,#4588,.F.);
#4588 = EDGE_CURVE('',#3103,#3029,#4589,.T.);
#4589 = LINE('',#4590,#4591);
#4590 = CARTESIAN_POINT('',(1.2,1.547162,1.1));
#4591 = VECTOR('',#4592,1.);
#4592 = DIRECTION('',(1.,0.,0.));
#4593 = ORIENTED_EDGE('',*,*,#3110,.F.);
#4594 = PLANE('',#4595);
#4595 = AXIS2_PLACEMENT_3D('',#4596,#4597,#4598);
#4596 = CARTESIAN_POINT('',(2.55,2.1996885,1.1));
#4597 = DIRECTION('',(0.,0.,1.));
#4598 = DIRECTION('',(1.,0.,0.));
#4599 = ADVANCED_FACE('',(#4600),#4611,.T.);
#4600 = FACE_BOUND('',#4601,.T.);
#4601 = EDGE_LOOP('',(#4602,#4603,#4604,#4605));
#4602 = ORIENTED_EDGE('',*,*,#2100,.T.);
#4603 = ORIENTED_EDGE('',*,*,#2126,.T.);
#4604 = ORIENTED_EDGE('',*,*,#2150,.T.);
#4605 = ORIENTED_EDGE('',*,*,#4606,.T.);
#4606 = EDGE_CURVE('',#2151,#2093,#4607,.T.);
#4607 = LINE('',#4608,#4609);
#4608 = CARTESIAN_POINT('',(1.45,0.947161,3.1));
#4609 = VECTOR('',#4610,1.);
#4610 = DIRECTION('',(-1.,0.,0.));
#4611 = PLANE('',#4612);
#4612 = AXIS2_PLACEMENT_3D('',#4613,#4614,#4615);
#4613 = CARTESIAN_POINT('',(2.525000166667,2.197161138889,3.1));
#4614 = DIRECTION('',(0.,0.,1.));
#4615 = DIRECTION('',(1.,0.,0.));
#4616 = ADVANCED_FACE('',(#4617),#4623,.F.);
#4617 = FACE_BOUND('',#4618,.F.);
#4618 = EDGE_LOOP('',(#4619,#4620,#4621,#4622));
#4619 = ORIENTED_EDGE('',*,*,#2158,.T.);
#4620 = ORIENTED_EDGE('',*,*,#4606,.T.);
#4621 = ORIENTED_EDGE('',*,*,#2092,.F.);
#4622 = ORIENTED_EDGE('',*,*,#4523,.F.);
#4623 = PLANE('',#4624);
#4624 = AXIS2_PLACEMENT_3D('',#4625,#4626,#4627);
#4625 = CARTESIAN_POINT('',(1.45,0.947161,1.1));
#4626 = DIRECTION('',(0.,-1.,0.));
#4627 = DIRECTION('',(-1.,0.,0.));
#4628 = ADVANCED_FACE('',(#4629),#4640,.T.);
#4629 = FACE_BOUND('',#4630,.T.);
#4630 = EDGE_LOOP('',(#4631,#4632,#4633,#4634));
#4631 = ORIENTED_EDGE('',*,*,#2228,.T.);
#4632 = ORIENTED_EDGE('',*,*,#2254,.T.);
#4633 = ORIENTED_EDGE('',*,*,#2278,.T.);
#4634 = ORIENTED_EDGE('',*,*,#4635,.T.);
#4635 = EDGE_CURVE('',#2279,#2221,#4636,.T.);
#4636 = LINE('',#4637,#4638);
#4637 = CARTESIAN_POINT('',(2.25,0.947161,3.1));
#4638 = VECTOR('',#4639,1.);
#4639 = DIRECTION('',(-1.,0.,0.));
#4640 = PLANE('',#4641);
#4641 = AXIS2_PLACEMENT_3D('',#4642,#4643,#4644);
#4642 = CARTESIAN_POINT('',(2.525000166667,2.197161138889,3.1));
#4643 = DIRECTION('',(0.,0.,1.));
#4644 = DIRECTION('',(1.,0.,0.));
#4645 = ADVANCED_FACE('',(#4646),#4652,.F.);
#4646 = FACE_BOUND('',#4647,.F.);
#4647 = EDGE_LOOP('',(#4648,#4649,#4650,#4651));
#4648 = ORIENTED_EDGE('',*,*,#2286,.T.);
#4649 = ORIENTED_EDGE('',*,*,#4635,.T.);
#4650 = ORIENTED_EDGE('',*,*,#2220,.F.);
#4651 = ORIENTED_EDGE('',*,*,#4532,.F.);
#4652 = PLANE('',#4653);
#4653 = AXIS2_PLACEMENT_3D('',#4654,#4655,#4656);
#4654 = CARTESIAN_POINT('',(2.25,0.947161,1.1));
#4655 = DIRECTION('',(0.,-1.,0.));
#4656 = DIRECTION('',(-1.,0.,0.));
#4657 = ADVANCED_FACE('',(#4658),#4669,.T.);
#4658 = FACE_BOUND('',#4659,.T.);
#4659 = EDGE_LOOP('',(#4660,#4661,#4662,#4663));
#4660 = ORIENTED_EDGE('',*,*,#2356,.T.);
#4661 = ORIENTED_EDGE('',*,*,#2382,.T.);
#4662 = ORIENTED_EDGE('',*,*,#2406,.T.);
#4663 = ORIENTED_EDGE('',*,*,#4664,.T.);
#4664 = EDGE_CURVE('',#2407,#2349,#4665,.T.);
#4665 = LINE('',#4666,#4667);
#4666 = CARTESIAN_POINT('',(3.05,0.947161,3.1));
#4667 = VECTOR('',#4668,1.);
#4668 = DIRECTION('',(-1.,0.,0.));
#4669 = PLANE('',#4670);
#4670 = AXIS2_PLACEMENT_3D('',#4671,#4672,#4673);
#4671 = CARTESIAN_POINT('',(2.525000166667,2.197161138889,3.1));
#4672 = DIRECTION('',(0.,0.,1.));
#4673 = DIRECTION('',(1.,0.,0.));
#4674 = ADVANCED_FACE('',(#4675),#4681,.F.);
#4675 = FACE_BOUND('',#4676,.F.);
#4676 = EDGE_LOOP('',(#4677,#4678,#4679,#4680));
#4677 = ORIENTED_EDGE('',*,*,#2414,.T.);
#4678 = ORIENTED_EDGE('',*,*,#4664,.T.);
#4679 = ORIENTED_EDGE('',*,*,#2348,.F.);
#4680 = ORIENTED_EDGE('',*,*,#4541,.F.);
#4681 = PLANE('',#4682);
#4682 = AXIS2_PLACEMENT_3D('',#4683,#4684,#4685);
#4683 = CARTESIAN_POINT('',(3.05,0.947161,1.1));
#4684 = DIRECTION('',(0.,-1.,0.));
#4685 = DIRECTION('',(-1.,0.,0.));
#4686 = ADVANCED_FACE('',(#4687),#4698,.T.);
#4687 = FACE_BOUND('',#4688,.T.);
#4688 = EDGE_LOOP('',(#4689,#4690,#4691,#4692));
#4689 = ORIENTED_EDGE('',*,*,#2484,.T.);
#4690 = ORIENTED_EDGE('',*,*,#2510,.T.);
#4691 = ORIENTED_EDGE('',*,*,#2534,.T.);
#4692 = ORIENTED_EDGE('',*,*,#4693,.T.);
#4693 = EDGE_CURVE('',#2535,#2477,#4694,.T.);
#4694 = LINE('',#4695,#4696);
#4695 = CARTESIAN_POINT('',(3.85,0.947161,3.1));
#4696 = VECTOR('',#4697,1.);
#4697 = DIRECTION('',(-1.,0.,0.));
#4698 = PLANE('',#4699);
#4699 = AXIS2_PLACEMENT_3D('',#4700,#4701,#4702);
#4700 = CARTESIAN_POINT('',(2.525000166667,2.197161138889,3.1));
#4701 = DIRECTION('',(0.,0.,1.));
#4702 = DIRECTION('',(1.,0.,0.));
#4703 = ADVANCED_FACE('',(#4704),#4710,.F.);
#4704 = FACE_BOUND('',#4705,.F.);
#4705 = EDGE_LOOP('',(#4706,#4707,#4708,#4709));
#4706 = ORIENTED_EDGE('',*,*,#2542,.T.);
#4707 = ORIENTED_EDGE('',*,*,#4693,.T.);
#4708 = ORIENTED_EDGE('',*,*,#2476,.F.);
#4709 = ORIENTED_EDGE('',*,*,#4550,.F.);
#4710 = PLANE('',#4711);
#4711 = AXIS2_PLACEMENT_3D('',#4712,#4713,#4714);
#4712 = CARTESIAN_POINT('',(3.85,0.947161,1.1));
#4713 = DIRECTION('',(0.,-1.,0.));
#4714 = DIRECTION('',(-1.,0.,0.));
#4715 = ADVANCED_FACE('',(#4716),#4727,.T.);
#4716 = FACE_BOUND('',#4717,.T.);
#4717 = EDGE_LOOP('',(#4718,#4719,#4725,#4726));
#4718 = ORIENTED_EDGE('',*,*,#2710,.T.);
#4719 = ORIENTED_EDGE('',*,*,#4720,.T.);
#4720 = EDGE_CURVE('',#2711,#2653,#4721,.T.);
#4721 = LINE('',#4722,#4723);
#4722 = CARTESIAN_POINT('',(3.6,1.547161,3.1));
#4723 = VECTOR('',#4724,1.);
#4724 = DIRECTION('',(1.,0.,0.));
#4725 = ORIENTED_EDGE('',*,*,#2660,.T.);
#4726 = ORIENTED_EDGE('',*,*,#2686,.T.);
#4727 = PLANE('',#4728);
#4728 = AXIS2_PLACEMENT_3D('',#4729,#4730,#4731);
#4729 = CARTESIAN_POINT('',(2.525000166667,2.197161138889,3.1));
#4730 = DIRECTION('',(0.,0.,1.));
#4731 = DIRECTION('',(1.,0.,0.));
#4732 = ADVANCED_FACE('',(#4733),#4739,.F.);
#4733 = FACE_BOUND('',#4734,.F.);
#4734 = EDGE_LOOP('',(#4735,#4736,#4737,#4738));
#4735 = ORIENTED_EDGE('',*,*,#2718,.T.);
#4736 = ORIENTED_EDGE('',*,*,#4720,.T.);
#4737 = ORIENTED_EDGE('',*,*,#2652,.F.);
#4738 = ORIENTED_EDGE('',*,*,#4561,.F.);
#4739 = PLANE('',#4740);
#4740 = AXIS2_PLACEMENT_3D('',#4741,#4742,#4743);
#4741 = CARTESIAN_POINT('',(3.6,1.547161,1.1));
#4742 = DIRECTION('',(0.,1.,0.));
#4743 = DIRECTION('',(1.,0.,0.));
#4744 = ADVANCED_FACE('',(#4745),#4756,.T.);
#4745 = FACE_BOUND('',#4746,.T.);
#4746 = EDGE_LOOP('',(#4747,#4748,#4754,#4755));
#4747 = ORIENTED_EDGE('',*,*,#2838,.T.);
#4748 = ORIENTED_EDGE('',*,*,#4749,.T.);
#4749 = EDGE_CURVE('',#2839,#2781,#4750,.T.);
#4750 = LINE('',#4751,#4752);
#4751 = CARTESIAN_POINT('',(2.8,1.547161,3.1));
#4752 = VECTOR('',#4753,1.);
#4753 = DIRECTION('',(1.,0.,0.));
#4754 = ORIENTED_EDGE('',*,*,#2788,.T.);
#4755 = ORIENTED_EDGE('',*,*,#2814,.T.);
#4756 = PLANE('',#4757);
#4757 = AXIS2_PLACEMENT_3D('',#4758,#4759,#4760);
#4758 = CARTESIAN_POINT('',(2.525000166667,2.197161138889,3.1));
#4759 = DIRECTION('',(0.,0.,1.));
#4760 = DIRECTION('',(1.,0.,0.));
#4761 = ADVANCED_FACE('',(#4762),#4768,.F.);
#4762 = FACE_BOUND('',#4763,.F.);
#4763 = EDGE_LOOP('',(#4764,#4765,#4766,#4767));
#4764 = ORIENTED_EDGE('',*,*,#2846,.T.);
#4765 = ORIENTED_EDGE('',*,*,#4749,.T.);
#4766 = ORIENTED_EDGE('',*,*,#2780,.F.);
#4767 = ORIENTED_EDGE('',*,*,#4570,.F.);
#4768 = PLANE('',#4769);
#4769 = AXIS2_PLACEMENT_3D('',#4770,#4771,#4772);
#4770 = CARTESIAN_POINT('',(2.8,1.547161,1.1));
#4771 = DIRECTION('',(0.,1.,0.));
#4772 = DIRECTION('',(1.,0.,0.));
#4773 = ADVANCED_FACE('',(#4774),#4785,.T.);
#4774 = FACE_BOUND('',#4775,.T.);
#4775 = EDGE_LOOP('',(#4776,#4777,#4783,#4784));
#4776 = ORIENTED_EDGE('',*,*,#2966,.T.);
#4777 = ORIENTED_EDGE('',*,*,#4778,.T.);
#4778 = EDGE_CURVE('',#2967,#2909,#4779,.T.);
#4779 = LINE('',#4780,#4781);
#4780 = CARTESIAN_POINT('',(2.,1.547161,3.1));
#4781 = VECTOR('',#4782,1.);
#4782 = DIRECTION('',(1.,0.,0.));
#4783 = ORIENTED_EDGE('',*,*,#2916,.T.);
#4784 = ORIENTED_EDGE('',*,*,#2942,.T.);
#4785 = PLANE('',#4786);
#4786 = AXIS2_PLACEMENT_3D('',#4787,#4788,#4789);
#4787 = CARTESIAN_POINT('',(2.525000166667,2.197161138889,3.1));
#4788 = DIRECTION('',(0.,0.,1.));
#4789 = DIRECTION('',(1.,0.,0.));
#4790 = ADVANCED_FACE('',(#4791),#4797,.F.);
#4791 = FACE_BOUND('',#4792,.F.);
#4792 = EDGE_LOOP('',(#4793,#4794,#4795,#4796));
#4793 = ORIENTED_EDGE('',*,*,#2974,.T.);
#4794 = ORIENTED_EDGE('',*,*,#4778,.T.);
#4795 = ORIENTED_EDGE('',*,*,#2908,.F.);
#4796 = ORIENTED_EDGE('',*,*,#4579,.F.);
#4797 = PLANE('',#4798);
#4798 = AXIS2_PLACEMENT_3D('',#4799,#4800,#4801);
#4799 = CARTESIAN_POINT('',(2.,1.547161,1.1));
#4800 = DIRECTION('',(0.,1.,0.));
#4801 = DIRECTION('',(1.,0.,0.));
#4802 = ADVANCED_FACE('',(#4803),#4814,.T.);
#4803 = FACE_BOUND('',#4804,.T.);
#4804 = EDGE_LOOP('',(#4805,#4806,#4812,#4813));
#4805 = ORIENTED_EDGE('',*,*,#3094,.T.);
#4806 = ORIENTED_EDGE('',*,*,#4807,.T.);
#4807 = EDGE_CURVE('',#3095,#3037,#4808,.T.);
#4808 = LINE('',#4809,#4810);
#4809 = CARTESIAN_POINT('',(1.2,1.547162,3.1));
#4810 = VECTOR('',#4811,1.);
#4811 = DIRECTION('',(1.,0.,0.));
#4812 = ORIENTED_EDGE('',*,*,#3044,.T.);
#4813 = ORIENTED_EDGE('',*,*,#3070,.T.);
#4814 = PLANE('',#4815);
#4815 = AXIS2_PLACEMENT_3D('',#4816,#4817,#4818);
#4816 = CARTESIAN_POINT('',(2.525000166667,2.197161138889,3.1));
#4817 = DIRECTION('',(0.,0.,1.));
#4818 = DIRECTION('',(1.,0.,0.));
#4819 = ADVANCED_FACE('',(#4820),#4826,.F.);
#4820 = FACE_BOUND('',#4821,.F.);
#4821 = EDGE_LOOP('',(#4822,#4823,#4824,#4825));
#4822 = ORIENTED_EDGE('',*,*,#3102,.T.);
#4823 = ORIENTED_EDGE('',*,*,#4807,.T.);
#4824 = ORIENTED_EDGE('',*,*,#3036,.F.);
#4825 = ORIENTED_EDGE('',*,*,#4588,.F.);
#4826 = PLANE('',#4827);
#4827 = AXIS2_PLACEMENT_3D('',#4828,#4829,#4830);
#4828 = CARTESIAN_POINT('',(1.2,1.547162,1.1));
#4829 = DIRECTION('',(0.,1.,0.));
#4830 = DIRECTION('',(1.,0.,0.));
#4831 = ADVANCED_FACE('',(#4832),#4910,.T.);
#4832 = FACE_BOUND('',#4833,.T.);
#4833 = EDGE_LOOP('',(#4834,#4835,#4836,#4837,#4838,#4844,#4845,#4846,
    #4847,#4853,#4854,#4855,#4856,#4862,#4863,#4864,#4865,#4871,#4872,
    #4873,#4874,#4875,#4876,#4882,#4883,#4884,#4885,#4891,#4892,#4893,
    #4894,#4900,#4901,#4902,#4903,#4909));
#4834 = ORIENTED_EDGE('',*,*,#4254,.T.);
#4835 = ORIENTED_EDGE('',*,*,#3157,.T.);
#4836 = ORIENTED_EDGE('',*,*,#3182,.T.);
#4837 = ORIENTED_EDGE('',*,*,#3204,.F.);
#4838 = ORIENTED_EDGE('',*,*,#4839,.F.);
#4839 = EDGE_CURVE('',#3279,#3205,#4840,.T.);
#4840 = LINE('',#4841,#4842);
#4841 = CARTESIAN_POINT('',(1.45,2.847161,1.1));
#4842 = VECTOR('',#4843,1.);
#4843 = DIRECTION('',(-1.,0.,0.));
#4844 = ORIENTED_EDGE('',*,*,#3286,.F.);
#4845 = ORIENTED_EDGE('',*,*,#3310,.T.);
#4846 = ORIENTED_EDGE('',*,*,#3332,.F.);
#4847 = ORIENTED_EDGE('',*,*,#4848,.F.);
#4848 = EDGE_CURVE('',#3407,#3333,#4849,.T.);
#4849 = LINE('',#4850,#4851);
#4850 = CARTESIAN_POINT('',(2.25,2.847161,1.1));
#4851 = VECTOR('',#4852,1.);
#4852 = DIRECTION('',(-1.,0.,0.));
#4853 = ORIENTED_EDGE('',*,*,#3414,.F.);
#4854 = ORIENTED_EDGE('',*,*,#3438,.T.);
#4855 = ORIENTED_EDGE('',*,*,#3460,.F.);
#4856 = ORIENTED_EDGE('',*,*,#4857,.F.);
#4857 = EDGE_CURVE('',#3535,#3461,#4858,.T.);
#4858 = LINE('',#4859,#4860);
#4859 = CARTESIAN_POINT('',(3.05,2.847161,1.1));
#4860 = VECTOR('',#4861,1.);
#4861 = DIRECTION('',(-1.,0.,0.));
#4862 = ORIENTED_EDGE('',*,*,#3542,.F.);
#4863 = ORIENTED_EDGE('',*,*,#3566,.T.);
#4864 = ORIENTED_EDGE('',*,*,#3588,.F.);
#4865 = ORIENTED_EDGE('',*,*,#4866,.F.);
#4866 = EDGE_CURVE('',#3663,#3589,#4867,.T.);
#4867 = LINE('',#4868,#4869);
#4868 = CARTESIAN_POINT('',(3.85,2.847161,1.1));
#4869 = VECTOR('',#4870,1.);
#4870 = DIRECTION('',(-1.,0.,0.));
#4871 = ORIENTED_EDGE('',*,*,#3670,.F.);
#4872 = ORIENTED_EDGE('',*,*,#3694,.T.);
#4873 = ORIENTED_EDGE('',*,*,#3717,.T.);
#4874 = ORIENTED_EDGE('',*,*,#3742,.T.);
#4875 = ORIENTED_EDGE('',*,*,#3764,.F.);
#4876 = ORIENTED_EDGE('',*,*,#4877,.F.);
#4877 = EDGE_CURVE('',#3839,#3765,#4878,.T.);
#4878 = LINE('',#4879,#4880);
#4879 = CARTESIAN_POINT('',(3.6,3.447161,1.1));
#4880 = VECTOR('',#4881,1.);
#4881 = DIRECTION('',(1.,0.,0.));
#4882 = ORIENTED_EDGE('',*,*,#3846,.F.);
#4883 = ORIENTED_EDGE('',*,*,#3870,.T.);
#4884 = ORIENTED_EDGE('',*,*,#3892,.F.);
#4885 = ORIENTED_EDGE('',*,*,#4886,.F.);
#4886 = EDGE_CURVE('',#3967,#3893,#4887,.T.);
#4887 = LINE('',#4888,#4889);
#4888 = CARTESIAN_POINT('',(2.8,3.447161,1.1));
#4889 = VECTOR('',#4890,1.);
#4890 = DIRECTION('',(1.,0.,0.));
#4891 = ORIENTED_EDGE('',*,*,#3974,.F.);
#4892 = ORIENTED_EDGE('',*,*,#3998,.T.);
#4893 = ORIENTED_EDGE('',*,*,#4020,.F.);
#4894 = ORIENTED_EDGE('',*,*,#4895,.F.);
#4895 = EDGE_CURVE('',#4095,#4021,#4896,.T.);
#4896 = LINE('',#4897,#4898);
#4897 = CARTESIAN_POINT('',(2.,3.447161,1.1));
#4898 = VECTOR('',#4899,1.);
#4899 = DIRECTION('',(1.,0.,0.));
#4900 = ORIENTED_EDGE('',*,*,#4102,.F.);
#4901 = ORIENTED_EDGE('',*,*,#4126,.T.);
#4902 = ORIENTED_EDGE('',*,*,#4148,.F.);
#4903 = ORIENTED_EDGE('',*,*,#4904,.F.);
#4904 = EDGE_CURVE('',#4223,#4149,#4905,.T.);
#4905 = LINE('',#4906,#4907);
#4906 = CARTESIAN_POINT('',(1.2,3.4471615,1.1));
#4907 = VECTOR('',#4908,1.);
#4908 = DIRECTION('',(1.,0.,0.));
#4909 = ORIENTED_EDGE('',*,*,#4230,.F.);
#4910 = PLANE('',#4911);
#4911 = AXIS2_PLACEMENT_3D('',#4912,#4913,#4914);
#4912 = CARTESIAN_POINT('',(2.55,2.1996885,1.1));
#4913 = DIRECTION('',(0.,0.,1.));
#4914 = DIRECTION('',(1.,0.,0.));
#4915 = ADVANCED_FACE('',(#4916),#4927,.T.);
#4916 = FACE_BOUND('',#4917,.T.);
#4917 = EDGE_LOOP('',(#4918,#4919,#4920,#4921));
#4918 = ORIENTED_EDGE('',*,*,#3220,.T.);
#4919 = ORIENTED_EDGE('',*,*,#3246,.T.);
#4920 = ORIENTED_EDGE('',*,*,#3270,.T.);
#4921 = ORIENTED_EDGE('',*,*,#4922,.T.);
#4922 = EDGE_CURVE('',#3271,#3213,#4923,.T.);
#4923 = LINE('',#4924,#4925);
#4924 = CARTESIAN_POINT('',(1.45,2.847161,3.1));
#4925 = VECTOR('',#4926,1.);
#4926 = DIRECTION('',(-1.,0.,0.));
#4927 = PLANE('',#4928);
#4928 = AXIS2_PLACEMENT_3D('',#4929,#4930,#4931);
#4929 = CARTESIAN_POINT('',(2.525000166667,2.197161138889,3.1));
#4930 = DIRECTION('',(0.,0.,1.));
#4931 = DIRECTION('',(1.,0.,0.));
#4932 = ADVANCED_FACE('',(#4933),#4939,.F.);
#4933 = FACE_BOUND('',#4934,.F.);
#4934 = EDGE_LOOP('',(#4935,#4936,#4937,#4938));
#4935 = ORIENTED_EDGE('',*,*,#3278,.T.);
#4936 = ORIENTED_EDGE('',*,*,#4922,.T.);
#4937 = ORIENTED_EDGE('',*,*,#3212,.F.);
#4938 = ORIENTED_EDGE('',*,*,#4839,.F.);
#4939 = PLANE('',#4940);
#4940 = AXIS2_PLACEMENT_3D('',#4941,#4942,#4943);
#4941 = CARTESIAN_POINT('',(1.45,2.847161,1.1));
#4942 = DIRECTION('',(0.,-1.,0.));
#4943 = DIRECTION('',(-1.,0.,0.));
#4944 = ADVANCED_FACE('',(#4945),#4956,.T.);
#4945 = FACE_BOUND('',#4946,.T.);
#4946 = EDGE_LOOP('',(#4947,#4948,#4949,#4950));
#4947 = ORIENTED_EDGE('',*,*,#3348,.T.);
#4948 = ORIENTED_EDGE('',*,*,#3374,.T.);
#4949 = ORIENTED_EDGE('',*,*,#3398,.T.);
#4950 = ORIENTED_EDGE('',*,*,#4951,.T.);
#4951 = EDGE_CURVE('',#3399,#3341,#4952,.T.);
#4952 = LINE('',#4953,#4954);
#4953 = CARTESIAN_POINT('',(2.25,2.847161,3.1));
#4954 = VECTOR('',#4955,1.);
#4955 = DIRECTION('',(-1.,0.,0.));
#4956 = PLANE('',#4957);
#4957 = AXIS2_PLACEMENT_3D('',#4958,#4959,#4960);
#4958 = CARTESIAN_POINT('',(2.525000166667,2.197161138889,3.1));
#4959 = DIRECTION('',(0.,0.,1.));
#4960 = DIRECTION('',(1.,0.,0.));
#4961 = ADVANCED_FACE('',(#4962),#4968,.F.);
#4962 = FACE_BOUND('',#4963,.F.);
#4963 = EDGE_LOOP('',(#4964,#4965,#4966,#4967));
#4964 = ORIENTED_EDGE('',*,*,#3406,.T.);
#4965 = ORIENTED_EDGE('',*,*,#4951,.T.);
#4966 = ORIENTED_EDGE('',*,*,#3340,.F.);
#4967 = ORIENTED_EDGE('',*,*,#4848,.F.);
#4968 = PLANE('',#4969);
#4969 = AXIS2_PLACEMENT_3D('',#4970,#4971,#4972);
#4970 = CARTESIAN_POINT('',(2.25,2.847161,1.1));
#4971 = DIRECTION('',(0.,-1.,0.));
#4972 = DIRECTION('',(-1.,0.,0.));
#4973 = ADVANCED_FACE('',(#4974),#4985,.T.);
#4974 = FACE_BOUND('',#4975,.T.);
#4975 = EDGE_LOOP('',(#4976,#4977,#4978,#4979));
#4976 = ORIENTED_EDGE('',*,*,#3476,.T.);
#4977 = ORIENTED_EDGE('',*,*,#3502,.T.);
#4978 = ORIENTED_EDGE('',*,*,#3526,.T.);
#4979 = ORIENTED_EDGE('',*,*,#4980,.T.);
#4980 = EDGE_CURVE('',#3527,#3469,#4981,.T.);
#4981 = LINE('',#4982,#4983);
#4982 = CARTESIAN_POINT('',(3.05,2.847161,3.1));
#4983 = VECTOR('',#4984,1.);
#4984 = DIRECTION('',(-1.,0.,0.));
#4985 = PLANE('',#4986);
#4986 = AXIS2_PLACEMENT_3D('',#4987,#4988,#4989);
#4987 = CARTESIAN_POINT('',(2.525000166667,2.197161138889,3.1));
#4988 = DIRECTION('',(0.,0.,1.));
#4989 = DIRECTION('',(1.,0.,0.));
#4990 = ADVANCED_FACE('',(#4991),#4997,.F.);
#4991 = FACE_BOUND('',#4992,.F.);
#4992 = EDGE_LOOP('',(#4993,#4994,#4995,#4996));
#4993 = ORIENTED_EDGE('',*,*,#3534,.T.);
#4994 = ORIENTED_EDGE('',*,*,#4980,.T.);
#4995 = ORIENTED_EDGE('',*,*,#3468,.F.);
#4996 = ORIENTED_EDGE('',*,*,#4857,.F.);
#4997 = PLANE('',#4998);
#4998 = AXIS2_PLACEMENT_3D('',#4999,#5000,#5001);
#4999 = CARTESIAN_POINT('',(3.05,2.847161,1.1));
#5000 = DIRECTION('',(0.,-1.,0.));
#5001 = DIRECTION('',(-1.,0.,0.));
#5002 = ADVANCED_FACE('',(#5003),#5014,.T.);
#5003 = FACE_BOUND('',#5004,.T.);
#5004 = EDGE_LOOP('',(#5005,#5006,#5007,#5008));
#5005 = ORIENTED_EDGE('',*,*,#3604,.T.);
#5006 = ORIENTED_EDGE('',*,*,#3630,.T.);
#5007 = ORIENTED_EDGE('',*,*,#3654,.T.);
#5008 = ORIENTED_EDGE('',*,*,#5009,.T.);
#5009 = EDGE_CURVE('',#3655,#3597,#5010,.T.);
#5010 = LINE('',#5011,#5012);
#5011 = CARTESIAN_POINT('',(3.85,2.847161,3.1));
#5012 = VECTOR('',#5013,1.);
#5013 = DIRECTION('',(-1.,0.,0.));
#5014 = PLANE('',#5015);
#5015 = AXIS2_PLACEMENT_3D('',#5016,#5017,#5018);
#5016 = CARTESIAN_POINT('',(2.525000166667,2.197161138889,3.1));
#5017 = DIRECTION('',(0.,0.,1.));
#5018 = DIRECTION('',(1.,0.,0.));
#5019 = ADVANCED_FACE('',(#5020),#5026,.F.);
#5020 = FACE_BOUND('',#5021,.F.);
#5021 = EDGE_LOOP('',(#5022,#5023,#5024,#5025));
#5022 = ORIENTED_EDGE('',*,*,#3662,.T.);
#5023 = ORIENTED_EDGE('',*,*,#5009,.T.);
#5024 = ORIENTED_EDGE('',*,*,#3596,.F.);
#5025 = ORIENTED_EDGE('',*,*,#4866,.F.);
#5026 = PLANE('',#5027);
#5027 = AXIS2_PLACEMENT_3D('',#5028,#5029,#5030);
#5028 = CARTESIAN_POINT('',(3.85,2.847161,1.1));
#5029 = DIRECTION('',(0.,-1.,0.));
#5030 = DIRECTION('',(-1.,0.,0.));
#5031 = ADVANCED_FACE('',(#5032),#5043,.T.);
#5032 = FACE_BOUND('',#5033,.T.);
#5033 = EDGE_LOOP('',(#5034,#5035,#5041,#5042));
#5034 = ORIENTED_EDGE('',*,*,#3830,.T.);
#5035 = ORIENTED_EDGE('',*,*,#5036,.T.);
#5036 = EDGE_CURVE('',#3831,#3773,#5037,.T.);
#5037 = LINE('',#5038,#5039);
#5038 = CARTESIAN_POINT('',(3.6,3.447161,3.1));
#5039 = VECTOR('',#5040,1.);
#5040 = DIRECTION('',(1.,0.,0.));
#5041 = ORIENTED_EDGE('',*,*,#3780,.T.);
#5042 = ORIENTED_EDGE('',*,*,#3806,.T.);
#5043 = PLANE('',#5044);
#5044 = AXIS2_PLACEMENT_3D('',#5045,#5046,#5047);
#5045 = CARTESIAN_POINT('',(2.525000166667,2.197161138889,3.1));
#5046 = DIRECTION('',(0.,0.,1.));
#5047 = DIRECTION('',(1.,0.,0.));
#5048 = ADVANCED_FACE('',(#5049),#5055,.F.);
#5049 = FACE_BOUND('',#5050,.F.);
#5050 = EDGE_LOOP('',(#5051,#5052,#5053,#5054));
#5051 = ORIENTED_EDGE('',*,*,#3838,.T.);
#5052 = ORIENTED_EDGE('',*,*,#5036,.T.);
#5053 = ORIENTED_EDGE('',*,*,#3772,.F.);
#5054 = ORIENTED_EDGE('',*,*,#4877,.F.);
#5055 = PLANE('',#5056);
#5056 = AXIS2_PLACEMENT_3D('',#5057,#5058,#5059);
#5057 = CARTESIAN_POINT('',(3.6,3.447161,1.1));
#5058 = DIRECTION('',(0.,1.,0.));
#5059 = DIRECTION('',(1.,0.,0.));
#5060 = ADVANCED_FACE('',(#5061),#5072,.T.);
#5061 = FACE_BOUND('',#5062,.T.);
#5062 = EDGE_LOOP('',(#5063,#5064,#5070,#5071));
#5063 = ORIENTED_EDGE('',*,*,#3958,.T.);
#5064 = ORIENTED_EDGE('',*,*,#5065,.T.);
#5065 = EDGE_CURVE('',#3959,#3901,#5066,.T.);
#5066 = LINE('',#5067,#5068);
#5067 = CARTESIAN_POINT('',(2.8,3.447161,3.1));
#5068 = VECTOR('',#5069,1.);
#5069 = DIRECTION('',(1.,0.,0.));
#5070 = ORIENTED_EDGE('',*,*,#3908,.T.);
#5071 = ORIENTED_EDGE('',*,*,#3934,.T.);
#5072 = PLANE('',#5073);
#5073 = AXIS2_PLACEMENT_3D('',#5074,#5075,#5076);
#5074 = CARTESIAN_POINT('',(2.525000166667,2.197161138889,3.1));
#5075 = DIRECTION('',(0.,0.,1.));
#5076 = DIRECTION('',(1.,0.,0.));
#5077 = ADVANCED_FACE('',(#5078),#5084,.F.);
#5078 = FACE_BOUND('',#5079,.F.);
#5079 = EDGE_LOOP('',(#5080,#5081,#5082,#5083));
#5080 = ORIENTED_EDGE('',*,*,#3966,.T.);
#5081 = ORIENTED_EDGE('',*,*,#5065,.T.);
#5082 = ORIENTED_EDGE('',*,*,#3900,.F.);
#5083 = ORIENTED_EDGE('',*,*,#4886,.F.);
#5084 = PLANE('',#5085);
#5085 = AXIS2_PLACEMENT_3D('',#5086,#5087,#5088);
#5086 = CARTESIAN_POINT('',(2.8,3.447161,1.1));
#5087 = DIRECTION('',(0.,1.,0.));
#5088 = DIRECTION('',(1.,0.,0.));
#5089 = ADVANCED_FACE('',(#5090),#5101,.T.);
#5090 = FACE_BOUND('',#5091,.T.);
#5091 = EDGE_LOOP('',(#5092,#5093,#5099,#5100));
#5092 = ORIENTED_EDGE('',*,*,#4086,.T.);
#5093 = ORIENTED_EDGE('',*,*,#5094,.T.);
#5094 = EDGE_CURVE('',#4087,#4029,#5095,.T.);
#5095 = LINE('',#5096,#5097);
#5096 = CARTESIAN_POINT('',(2.,3.447161,3.1));
#5097 = VECTOR('',#5098,1.);
#5098 = DIRECTION('',(1.,0.,0.));
#5099 = ORIENTED_EDGE('',*,*,#4036,.T.);
#5100 = ORIENTED_EDGE('',*,*,#4062,.T.);
#5101 = PLANE('',#5102);
#5102 = AXIS2_PLACEMENT_3D('',#5103,#5104,#5105);
#5103 = CARTESIAN_POINT('',(2.525000166667,2.197161138889,3.1));
#5104 = DIRECTION('',(0.,0.,1.));
#5105 = DIRECTION('',(1.,0.,0.));
#5106 = ADVANCED_FACE('',(#5107),#5113,.F.);
#5107 = FACE_BOUND('',#5108,.F.);
#5108 = EDGE_LOOP('',(#5109,#5110,#5111,#5112));
#5109 = ORIENTED_EDGE('',*,*,#4094,.T.);
#5110 = ORIENTED_EDGE('',*,*,#5094,.T.);
#5111 = ORIENTED_EDGE('',*,*,#4028,.F.);
#5112 = ORIENTED_EDGE('',*,*,#4895,.F.);
#5113 = PLANE('',#5114);
#5114 = AXIS2_PLACEMENT_3D('',#5115,#5116,#5117);
#5115 = CARTESIAN_POINT('',(2.,3.447161,1.1));
#5116 = DIRECTION('',(0.,1.,0.));
#5117 = DIRECTION('',(1.,0.,0.));
#5118 = ADVANCED_FACE('',(#5119),#5130,.T.);
#5119 = FACE_BOUND('',#5120,.T.);
#5120 = EDGE_LOOP('',(#5121,#5122,#5128,#5129));
#5121 = ORIENTED_EDGE('',*,*,#4214,.T.);
#5122 = ORIENTED_EDGE('',*,*,#5123,.T.);
#5123 = EDGE_CURVE('',#4215,#4157,#5124,.T.);
#5124 = LINE('',#5125,#5126);
#5125 = CARTESIAN_POINT('',(1.2,3.4471615,3.1));
#5126 = VECTOR('',#5127,1.);
#5127 = DIRECTION('',(1.,0.,0.));
#5128 = ORIENTED_EDGE('',*,*,#4164,.T.);
#5129 = ORIENTED_EDGE('',*,*,#4190,.T.);
#5130 = PLANE('',#5131);
#5131 = AXIS2_PLACEMENT_3D('',#5132,#5133,#5134);
#5132 = CARTESIAN_POINT('',(2.525000166667,2.197161138889,3.1));
#5133 = DIRECTION('',(0.,0.,1.));
#5134 = DIRECTION('',(1.,0.,0.));
#5135 = ADVANCED_FACE('',(#5136),#5142,.F.);
#5136 = FACE_BOUND('',#5137,.F.);
#5137 = EDGE_LOOP('',(#5138,#5139,#5140,#5141));
#5138 = ORIENTED_EDGE('',*,*,#4222,.T.);
#5139 = ORIENTED_EDGE('',*,*,#5123,.T.);
#5140 = ORIENTED_EDGE('',*,*,#4156,.F.);
#5141 = ORIENTED_EDGE('',*,*,#4904,.F.);
#5142 = PLANE('',#5143);
#5143 = AXIS2_PLACEMENT_3D('',#5144,#5145,#5146);
#5144 = CARTESIAN_POINT('',(1.2,3.4471615,1.1));
#5145 = DIRECTION('',(0.,1.,0.));
#5146 = DIRECTION('',(1.,0.,0.));
#5147 = ( GEOMETRIC_REPRESENTATION_CONTEXT(3) 
GLOBAL_UNCERTAINTY_ASSIGNED_CONTEXT((#5151)) 
GLOBAL_UNIT_ASSIGNED_CONTEXT((#5148,#5149,#5150)) REPRESENTATION_CONTEXT
('Context #1','3D Context with UNIT and UNCERTAINTY') );
#5148 = ( LENGTH_UNIT() NAMED_UNIT(*) SI_UNIT(.MILLI.,.METRE.) );
#5149 = ( NAMED_UNIT(*) PLANE_ANGLE_UNIT() SI_UNIT($,.RADIAN.) );
#5150 = ( NAMED_UNIT(*) SI_UNIT($,.STERADIAN.) SOLID_ANGLE_UNIT() );
#5151 = UNCERTAINTY_MEASURE_WITH_UNIT(LENGTH_MEASURE(1.E-06),#5148,
  'distance_accuracy_value','confusion accuracy');
#5152 = PRODUCT_RELATED_PRODUCT_CATEGORY('part',$,(#7));
#5153 = MECHANICAL_DESIGN_GEOMETRIC_PRESENTATION_REPRESENTATION('',(
    #5154,#5165,#5173,#5180,#5187,#5194,#5201,#5208,#5215,#5222,#5229,
    #5236,#5243,#5250,#5257,#5264,#5271,#5278,#5285,#5292,#5299,#5306,
    #5313,#5320,#5327,#5334,#5341,#5348,#5355,#5362,#5369,#5376,#5383,
    #5390,#5397,#5404,#5411,#5418,#5425,#5432,#5439,#5446,#5453,#5460,
    #5467,#5474,#5481,#5488,#5495,#5502,#5509,#5516,#5523,#5530,#5537,
    #5544,#5551,#5558,#5565,#5572,#5579,#5586,#5593,#5600,#5607,#5614,
    #5621,#5628,#5635,#5642,#5649,#5656,#5663,#5670,#5677,#5684,#5691,
    #5698,#5705,#5712,#5719,#5726,#5733,#5740,#5747,#5754,#5761,#5768,
    #5775,#5782,#5789,#5796,#5803,#5810,#5817,#5824,#5831,#5838,#5845,
    #5852,#5859,#5866,#5873,#5880,#5887,#5894,#5901,#5908,#5915,#5922,
    #5929,#5936,#5943,#5950,#5957,#5964,#5971,#5978,#5985,#5992,#5999,
    #6006,#6013,#6020,#6027,#6034,#6041,#6048,#6055),#5147);
#5154 = STYLED_ITEM('color',(#5155),#15);
#5155 = PRESENTATION_STYLE_ASSIGNMENT((#5156,#5162));
#5156 = SURFACE_STYLE_USAGE(.BOTH.,#5157);
#5157 = SURFACE_SIDE_STYLE('',(#5158));
#5158 = SURFACE_STYLE_FILL_AREA(#5159);
#5159 = FILL_AREA_STYLE('',(#5160));
#5160 = FILL_AREA_STYLE_COLOUR('',#5161);
#5161 = COLOUR_RGB('',0.133333336917,0.133333336917,0.133333336917);
#5162 = CURVE_STYLE('',#5163,POSITIVE_LENGTH_MEASURE(0.1),#5164);
#5163 = DRAUGHTING_PRE_DEFINED_CURVE_FONT('continuous');
#5164 = COLOUR_RGB('',9.803921802644E-02,9.803921802644E-02,
  9.803921802644E-02);
#5165 = OVER_RIDING_STYLED_ITEM('overriding color',(#5166),#442,#5154);
#5166 = PRESENTATION_STYLE_ASSIGNMENT((#5167));
#5167 = SURFACE_STYLE_USAGE(.BOTH.,#5168);
#5168 = SURFACE_SIDE_STYLE('',(#5169));
#5169 = SURFACE_STYLE_FILL_AREA(#5170);
#5170 = FILL_AREA_STYLE('',(#5171));
#5171 = FILL_AREA_STYLE_COLOUR('',#5172);
#5172 = COLOUR_RGB('',0.745098043297,0.745098043297,0.745098043297);
#5173 = OVER_RIDING_STYLED_ITEM('overriding color',(#5174),#473,#5154);
#5174 = PRESENTATION_STYLE_ASSIGNMENT((#5175));
#5175 = SURFACE_STYLE_USAGE(.BOTH.,#5176);
#5176 = SURFACE_SIDE_STYLE('',(#5177));
#5177 = SURFACE_STYLE_FILL_AREA(#5178);
#5178 = FILL_AREA_STYLE('',(#5179));
#5179 = FILL_AREA_STYLE_COLOUR('',#5172);
#5180 = OVER_RIDING_STYLED_ITEM('overriding color',(#5181),#504,#5154);
#5181 = PRESENTATION_STYLE_ASSIGNMENT((#5182));
#5182 = SURFACE_STYLE_USAGE(.BOTH.,#5183);
#5183 = SURFACE_SIDE_STYLE('',(#5184));
#5184 = SURFACE_STYLE_FILL_AREA(#5185);
#5185 = FILL_AREA_STYLE('',(#5186));
#5186 = FILL_AREA_STYLE_COLOUR('',#5172);
#5187 = OVER_RIDING_STYLED_ITEM('overriding color',(#5188),#535,#5154);
#5188 = PRESENTATION_STYLE_ASSIGNMENT((#5189));
#5189 = SURFACE_STYLE_USAGE(.BOTH.,#5190);
#5190 = SURFACE_SIDE_STYLE('',(#5191));
#5191 = SURFACE_STYLE_FILL_AREA(#5192);
#5192 = FILL_AREA_STYLE('',(#5193));
#5193 = FILL_AREA_STYLE_COLOUR('',#5172);
#5194 = OVER_RIDING_STYLED_ITEM('overriding color',(#5195),#1203,#5154);
#5195 = PRESENTATION_STYLE_ASSIGNMENT((#5196));
#5196 = SURFACE_STYLE_USAGE(.BOTH.,#5197);
#5197 = SURFACE_SIDE_STYLE('',(#5198));
#5198 = SURFACE_STYLE_FILL_AREA(#5199);
#5199 = FILL_AREA_STYLE('',(#5200));
#5200 = FILL_AREA_STYLE_COLOUR('',#5172);
#5201 = OVER_RIDING_STYLED_ITEM('overriding color',(#5202),#1242,#5154);
#5202 = PRESENTATION_STYLE_ASSIGNMENT((#5203));
#5203 = SURFACE_STYLE_USAGE(.BOTH.,#5204);
#5204 = SURFACE_SIDE_STYLE('',(#5205));
#5205 = SURFACE_STYLE_FILL_AREA(#5206);
#5206 = FILL_AREA_STYLE('',(#5207));
#5207 = FILL_AREA_STYLE_COLOUR('',#5172);
#5208 = OVER_RIDING_STYLED_ITEM('overriding color',(#5209),#1274,#5154);
#5209 = PRESENTATION_STYLE_ASSIGNMENT((#5210));
#5210 = SURFACE_STYLE_USAGE(.BOTH.,#5211);
#5211 = SURFACE_SIDE_STYLE('',(#5212));
#5212 = SURFACE_STYLE_FILL_AREA(#5213);
#5213 = FILL_AREA_STYLE('',(#5214));
#5214 = FILL_AREA_STYLE_COLOUR('',#5172);
#5215 = OVER_RIDING_STYLED_ITEM('overriding color',(#5216),#1298,#5154);
#5216 = PRESENTATION_STYLE_ASSIGNMENT((#5217));
#5217 = SURFACE_STYLE_USAGE(.BOTH.,#5218);
#5218 = SURFACE_SIDE_STYLE('',(#5219));
#5219 = SURFACE_STYLE_FILL_AREA(#5220);
#5220 = FILL_AREA_STYLE('',(#5221));
#5221 = FILL_AREA_STYLE_COLOUR('',#5172);
#5222 = OVER_RIDING_STYLED_ITEM('overriding color',(#5223),#1322,#5154);
#5223 = PRESENTATION_STYLE_ASSIGNMENT((#5224));
#5224 = SURFACE_STYLE_USAGE(.BOTH.,#5225);
#5225 = SURFACE_SIDE_STYLE('',(#5226));
#5226 = SURFACE_STYLE_FILL_AREA(#5227);
#5227 = FILL_AREA_STYLE('',(#5228));
#5228 = FILL_AREA_STYLE_COLOUR('',#5172);
#5229 = OVER_RIDING_STYLED_ITEM('overriding color',(#5230),#1354,#5154);
#5230 = PRESENTATION_STYLE_ASSIGNMENT((#5231));
#5231 = SURFACE_STYLE_USAGE(.BOTH.,#5232);
#5232 = SURFACE_SIDE_STYLE('',(#5233));
#5233 = SURFACE_STYLE_FILL_AREA(#5234);
#5234 = FILL_AREA_STYLE('',(#5235));
#5235 = FILL_AREA_STYLE_COLOUR('',#5172);
#5236 = OVER_RIDING_STYLED_ITEM('overriding color',(#5237),#1379,#5154);
#5237 = PRESENTATION_STYLE_ASSIGNMENT((#5238));
#5238 = SURFACE_STYLE_USAGE(.BOTH.,#5239);
#5239 = SURFACE_SIDE_STYLE('',(#5240));
#5240 = SURFACE_STYLE_FILL_AREA(#5241);
#5241 = FILL_AREA_STYLE('',(#5242));
#5242 = FILL_AREA_STYLE_COLOUR('',#5172);
#5243 = OVER_RIDING_STYLED_ITEM('overriding color',(#5244),#1418,#5154);
#5244 = PRESENTATION_STYLE_ASSIGNMENT((#5245));
#5245 = SURFACE_STYLE_USAGE(.BOTH.,#5246);
#5246 = SURFACE_SIDE_STYLE('',(#5247));
#5247 = SURFACE_STYLE_FILL_AREA(#5248);
#5248 = FILL_AREA_STYLE('',(#5249));
#5249 = FILL_AREA_STYLE_COLOUR('',#5172);
#5250 = OVER_RIDING_STYLED_ITEM('overriding color',(#5251),#1450,#5154);
#5251 = PRESENTATION_STYLE_ASSIGNMENT((#5252));
#5252 = SURFACE_STYLE_USAGE(.BOTH.,#5253);
#5253 = SURFACE_SIDE_STYLE('',(#5254));
#5254 = SURFACE_STYLE_FILL_AREA(#5255);
#5255 = FILL_AREA_STYLE('',(#5256));
#5256 = FILL_AREA_STYLE_COLOUR('',#5172);
#5257 = OVER_RIDING_STYLED_ITEM('overriding color',(#5258),#1474,#5154);
#5258 = PRESENTATION_STYLE_ASSIGNMENT((#5259));
#5259 = SURFACE_STYLE_USAGE(.BOTH.,#5260);
#5260 = SURFACE_SIDE_STYLE('',(#5261));
#5261 = SURFACE_STYLE_FILL_AREA(#5262);
#5262 = FILL_AREA_STYLE('',(#5263));
#5263 = FILL_AREA_STYLE_COLOUR('',#5172);
#5264 = OVER_RIDING_STYLED_ITEM('overriding color',(#5265),#1498,#5154);
#5265 = PRESENTATION_STYLE_ASSIGNMENT((#5266));
#5266 = SURFACE_STYLE_USAGE(.BOTH.,#5267);
#5267 = SURFACE_SIDE_STYLE('',(#5268));
#5268 = SURFACE_STYLE_FILL_AREA(#5269);
#5269 = FILL_AREA_STYLE('',(#5270));
#5270 = FILL_AREA_STYLE_COLOUR('',#5172);
#5271 = OVER_RIDING_STYLED_ITEM('overriding color',(#5272),#1530,#5154);
#5272 = PRESENTATION_STYLE_ASSIGNMENT((#5273));
#5273 = SURFACE_STYLE_USAGE(.BOTH.,#5274);
#5274 = SURFACE_SIDE_STYLE('',(#5275));
#5275 = SURFACE_STYLE_FILL_AREA(#5276);
#5276 = FILL_AREA_STYLE('',(#5277));
#5277 = FILL_AREA_STYLE_COLOUR('',#5172);
#5278 = OVER_RIDING_STYLED_ITEM('overriding color',(#5279),#1555,#5154);
#5279 = PRESENTATION_STYLE_ASSIGNMENT((#5280));
#5280 = SURFACE_STYLE_USAGE(.BOTH.,#5281);
#5281 = SURFACE_SIDE_STYLE('',(#5282));
#5282 = SURFACE_STYLE_FILL_AREA(#5283);
#5283 = FILL_AREA_STYLE('',(#5284));
#5284 = FILL_AREA_STYLE_COLOUR('',#5172);
#5285 = OVER_RIDING_STYLED_ITEM('overriding color',(#5286),#1594,#5154);
#5286 = PRESENTATION_STYLE_ASSIGNMENT((#5287));
#5287 = SURFACE_STYLE_USAGE(.BOTH.,#5288);
#5288 = SURFACE_SIDE_STYLE('',(#5289));
#5289 = SURFACE_STYLE_FILL_AREA(#5290);
#5290 = FILL_AREA_STYLE('',(#5291));
#5291 = FILL_AREA_STYLE_COLOUR('',#5172);
#5292 = OVER_RIDING_STYLED_ITEM('overriding color',(#5293),#1626,#5154);
#5293 = PRESENTATION_STYLE_ASSIGNMENT((#5294));
#5294 = SURFACE_STYLE_USAGE(.BOTH.,#5295);
#5295 = SURFACE_SIDE_STYLE('',(#5296));
#5296 = SURFACE_STYLE_FILL_AREA(#5297);
#5297 = FILL_AREA_STYLE('',(#5298));
#5298 = FILL_AREA_STYLE_COLOUR('',#5172);
#5299 = OVER_RIDING_STYLED_ITEM('overriding color',(#5300),#1650,#5154);
#5300 = PRESENTATION_STYLE_ASSIGNMENT((#5301));
#5301 = SURFACE_STYLE_USAGE(.BOTH.,#5302);
#5302 = SURFACE_SIDE_STYLE('',(#5303));
#5303 = SURFACE_STYLE_FILL_AREA(#5304);
#5304 = FILL_AREA_STYLE('',(#5305));
#5305 = FILL_AREA_STYLE_COLOUR('',#5172);
#5306 = OVER_RIDING_STYLED_ITEM('overriding color',(#5307),#1674,#5154);
#5307 = PRESENTATION_STYLE_ASSIGNMENT((#5308));
#5308 = SURFACE_STYLE_USAGE(.BOTH.,#5309);
#5309 = SURFACE_SIDE_STYLE('',(#5310));
#5310 = SURFACE_STYLE_FILL_AREA(#5311);
#5311 = FILL_AREA_STYLE('',(#5312));
#5312 = FILL_AREA_STYLE_COLOUR('',#5172);
#5313 = OVER_RIDING_STYLED_ITEM('overriding color',(#5314),#1706,#5154);
#5314 = PRESENTATION_STYLE_ASSIGNMENT((#5315));
#5315 = SURFACE_STYLE_USAGE(.BOTH.,#5316);
#5316 = SURFACE_SIDE_STYLE('',(#5317));
#5317 = SURFACE_STYLE_FILL_AREA(#5318);
#5318 = FILL_AREA_STYLE('',(#5319));
#5319 = FILL_AREA_STYLE_COLOUR('',#5172);
#5320 = OVER_RIDING_STYLED_ITEM('overriding color',(#5321),#1731,#5154);
#5321 = PRESENTATION_STYLE_ASSIGNMENT((#5322));
#5322 = SURFACE_STYLE_USAGE(.BOTH.,#5323);
#5323 = SURFACE_SIDE_STYLE('',(#5324));
#5324 = SURFACE_STYLE_FILL_AREA(#5325);
#5325 = FILL_AREA_STYLE('',(#5326));
#5326 = FILL_AREA_STYLE_COLOUR('',#5172);
#5327 = OVER_RIDING_STYLED_ITEM('overriding color',(#5328),#1770,#5154);
#5328 = PRESENTATION_STYLE_ASSIGNMENT((#5329));
#5329 = SURFACE_STYLE_USAGE(.BOTH.,#5330);
#5330 = SURFACE_SIDE_STYLE('',(#5331));
#5331 = SURFACE_STYLE_FILL_AREA(#5332);
#5332 = FILL_AREA_STYLE('',(#5333));
#5333 = FILL_AREA_STYLE_COLOUR('',#5172);
#5334 = OVER_RIDING_STYLED_ITEM('overriding color',(#5335),#1802,#5154);
#5335 = PRESENTATION_STYLE_ASSIGNMENT((#5336));
#5336 = SURFACE_STYLE_USAGE(.BOTH.,#5337);
#5337 = SURFACE_SIDE_STYLE('',(#5338));
#5338 = SURFACE_STYLE_FILL_AREA(#5339);
#5339 = FILL_AREA_STYLE('',(#5340));
#5340 = FILL_AREA_STYLE_COLOUR('',#5172);
#5341 = OVER_RIDING_STYLED_ITEM('overriding color',(#5342),#1826,#5154);
#5342 = PRESENTATION_STYLE_ASSIGNMENT((#5343));
#5343 = SURFACE_STYLE_USAGE(.BOTH.,#5344);
#5344 = SURFACE_SIDE_STYLE('',(#5345));
#5345 = SURFACE_STYLE_FILL_AREA(#5346);
#5346 = FILL_AREA_STYLE('',(#5347));
#5347 = FILL_AREA_STYLE_COLOUR('',#5172);
#5348 = OVER_RIDING_STYLED_ITEM('overriding color',(#5349),#1850,#5154);
#5349 = PRESENTATION_STYLE_ASSIGNMENT((#5350));
#5350 = SURFACE_STYLE_USAGE(.BOTH.,#5351);
#5351 = SURFACE_SIDE_STYLE('',(#5352));
#5352 = SURFACE_STYLE_FILL_AREA(#5353);
#5353 = FILL_AREA_STYLE('',(#5354));
#5354 = FILL_AREA_STYLE_COLOUR('',#5172);
#5355 = OVER_RIDING_STYLED_ITEM('overriding color',(#5356),#1882,#5154);
#5356 = PRESENTATION_STYLE_ASSIGNMENT((#5357));
#5357 = SURFACE_STYLE_USAGE(.BOTH.,#5358);
#5358 = SURFACE_SIDE_STYLE('',(#5359));
#5359 = SURFACE_STYLE_FILL_AREA(#5360);
#5360 = FILL_AREA_STYLE('',(#5361));
#5361 = FILL_AREA_STYLE_COLOUR('',#5172);
#5362 = OVER_RIDING_STYLED_ITEM('overriding color',(#5363),#1957,#5154);
#5363 = PRESENTATION_STYLE_ASSIGNMENT((#5364));
#5364 = SURFACE_STYLE_USAGE(.BOTH.,#5365);
#5365 = SURFACE_SIDE_STYLE('',(#5366));
#5366 = SURFACE_STYLE_FILL_AREA(#5367);
#5367 = FILL_AREA_STYLE('',(#5368));
#5368 = FILL_AREA_STYLE_COLOUR('',#5172);
#5369 = OVER_RIDING_STYLED_ITEM('overriding color',(#5370),#1974,#5154);
#5370 = PRESENTATION_STYLE_ASSIGNMENT((#5371));
#5371 = SURFACE_STYLE_USAGE(.BOTH.,#5372);
#5372 = SURFACE_SIDE_STYLE('',(#5373));
#5373 = SURFACE_STYLE_FILL_AREA(#5374);
#5374 = FILL_AREA_STYLE('',(#5375));
#5375 = FILL_AREA_STYLE_COLOUR('',#5172);
#5376 = OVER_RIDING_STYLED_ITEM('overriding color',(#5377),#1991,#5154);
#5377 = PRESENTATION_STYLE_ASSIGNMENT((#5378));
#5378 = SURFACE_STYLE_USAGE(.BOTH.,#5379);
#5379 = SURFACE_SIDE_STYLE('',(#5380));
#5380 = SURFACE_STYLE_FILL_AREA(#5381);
#5381 = FILL_AREA_STYLE('',(#5382));
#5382 = FILL_AREA_STYLE_COLOUR('',#5172);
#5383 = OVER_RIDING_STYLED_ITEM('overriding color',(#5384),#2008,#5154);
#5384 = PRESENTATION_STYLE_ASSIGNMENT((#5385));
#5385 = SURFACE_STYLE_USAGE(.BOTH.,#5386);
#5386 = SURFACE_SIDE_STYLE('',(#5387));
#5387 = SURFACE_STYLE_FILL_AREA(#5388);
#5388 = FILL_AREA_STYLE('',(#5389));
#5389 = FILL_AREA_STYLE_COLOUR('',#5172);
#5390 = OVER_RIDING_STYLED_ITEM('overriding color',(#5391),#2080,#5154);
#5391 = PRESENTATION_STYLE_ASSIGNMENT((#5392));
#5392 = SURFACE_STYLE_USAGE(.BOTH.,#5393);
#5393 = SURFACE_SIDE_STYLE('',(#5394));
#5394 = SURFACE_STYLE_FILL_AREA(#5395);
#5395 = FILL_AREA_STYLE('',(#5396));
#5396 = FILL_AREA_STYLE_COLOUR('',#5172);
#5397 = OVER_RIDING_STYLED_ITEM('overriding color',(#5398),#2120,#5154);
#5398 = PRESENTATION_STYLE_ASSIGNMENT((#5399));
#5399 = SURFACE_STYLE_USAGE(.BOTH.,#5400);
#5400 = SURFACE_SIDE_STYLE('',(#5401));
#5401 = SURFACE_STYLE_FILL_AREA(#5402);
#5402 = FILL_AREA_STYLE('',(#5403));
#5403 = FILL_AREA_STYLE_COLOUR('',#5172);
#5404 = OVER_RIDING_STYLED_ITEM('overriding color',(#5405),#2144,#5154);
#5405 = PRESENTATION_STYLE_ASSIGNMENT((#5406));
#5406 = SURFACE_STYLE_USAGE(.BOTH.,#5407);
#5407 = SURFACE_SIDE_STYLE('',(#5408));
#5408 = SURFACE_STYLE_FILL_AREA(#5409);
#5409 = FILL_AREA_STYLE('',(#5410));
#5410 = FILL_AREA_STYLE_COLOUR('',#5172);
#5411 = OVER_RIDING_STYLED_ITEM('overriding color',(#5412),#2208,#5154);
#5412 = PRESENTATION_STYLE_ASSIGNMENT((#5413));
#5413 = SURFACE_STYLE_USAGE(.BOTH.,#5414);
#5414 = SURFACE_SIDE_STYLE('',(#5415));
#5415 = SURFACE_STYLE_FILL_AREA(#5416);
#5416 = FILL_AREA_STYLE('',(#5417));
#5417 = FILL_AREA_STYLE_COLOUR('',#5172);
#5418 = OVER_RIDING_STYLED_ITEM('overriding color',(#5419),#2248,#5154);
#5419 = PRESENTATION_STYLE_ASSIGNMENT((#5420));
#5420 = SURFACE_STYLE_USAGE(.BOTH.,#5421);
#5421 = SURFACE_SIDE_STYLE('',(#5422));
#5422 = SURFACE_STYLE_FILL_AREA(#5423);
#5423 = FILL_AREA_STYLE('',(#5424));
#5424 = FILL_AREA_STYLE_COLOUR('',#5172);
#5425 = OVER_RIDING_STYLED_ITEM('overriding color',(#5426),#2272,#5154);
#5426 = PRESENTATION_STYLE_ASSIGNMENT((#5427));
#5427 = SURFACE_STYLE_USAGE(.BOTH.,#5428);
#5428 = SURFACE_SIDE_STYLE('',(#5429));
#5429 = SURFACE_STYLE_FILL_AREA(#5430);
#5430 = FILL_AREA_STYLE('',(#5431));
#5431 = FILL_AREA_STYLE_COLOUR('',#5172);
#5432 = OVER_RIDING_STYLED_ITEM('overriding color',(#5433),#2336,#5154);
#5433 = PRESENTATION_STYLE_ASSIGNMENT((#5434));
#5434 = SURFACE_STYLE_USAGE(.BOTH.,#5435);
#5435 = SURFACE_SIDE_STYLE('',(#5436));
#5436 = SURFACE_STYLE_FILL_AREA(#5437);
#5437 = FILL_AREA_STYLE('',(#5438));
#5438 = FILL_AREA_STYLE_COLOUR('',#5172);
#5439 = OVER_RIDING_STYLED_ITEM('overriding color',(#5440),#2376,#5154);
#5440 = PRESENTATION_STYLE_ASSIGNMENT((#5441));
#5441 = SURFACE_STYLE_USAGE(.BOTH.,#5442);
#5442 = SURFACE_SIDE_STYLE('',(#5443));
#5443 = SURFACE_STYLE_FILL_AREA(#5444);
#5444 = FILL_AREA_STYLE('',(#5445));
#5445 = FILL_AREA_STYLE_COLOUR('',#5172);
#5446 = OVER_RIDING_STYLED_ITEM('overriding color',(#5447),#2400,#5154);
#5447 = PRESENTATION_STYLE_ASSIGNMENT((#5448));
#5448 = SURFACE_STYLE_USAGE(.BOTH.,#5449);
#5449 = SURFACE_SIDE_STYLE('',(#5450));
#5450 = SURFACE_STYLE_FILL_AREA(#5451);
#5451 = FILL_AREA_STYLE('',(#5452));
#5452 = FILL_AREA_STYLE_COLOUR('',#5172);
#5453 = OVER_RIDING_STYLED_ITEM('overriding color',(#5454),#2464,#5154);
#5454 = PRESENTATION_STYLE_ASSIGNMENT((#5455));
#5455 = SURFACE_STYLE_USAGE(.BOTH.,#5456);
#5456 = SURFACE_SIDE_STYLE('',(#5457));
#5457 = SURFACE_STYLE_FILL_AREA(#5458);
#5458 = FILL_AREA_STYLE('',(#5459));
#5459 = FILL_AREA_STYLE_COLOUR('',#5172);
#5460 = OVER_RIDING_STYLED_ITEM('overriding color',(#5461),#2504,#5154);
#5461 = PRESENTATION_STYLE_ASSIGNMENT((#5462));
#5462 = SURFACE_STYLE_USAGE(.BOTH.,#5463);
#5463 = SURFACE_SIDE_STYLE('',(#5464));
#5464 = SURFACE_STYLE_FILL_AREA(#5465);
#5465 = FILL_AREA_STYLE('',(#5466));
#5466 = FILL_AREA_STYLE_COLOUR('',#5172);
#5467 = OVER_RIDING_STYLED_ITEM('overriding color',(#5468),#2528,#5154);
#5468 = PRESENTATION_STYLE_ASSIGNMENT((#5469));
#5469 = SURFACE_STYLE_USAGE(.BOTH.,#5470);
#5470 = SURFACE_SIDE_STYLE('',(#5471));
#5471 = SURFACE_STYLE_FILL_AREA(#5472);
#5472 = FILL_AREA_STYLE('',(#5473));
#5473 = FILL_AREA_STYLE_COLOUR('',#5172);
#5474 = OVER_RIDING_STYLED_ITEM('overriding color',(#5475),#2640,#5154);
#5475 = PRESENTATION_STYLE_ASSIGNMENT((#5476));
#5476 = SURFACE_STYLE_USAGE(.BOTH.,#5477);
#5477 = SURFACE_SIDE_STYLE('',(#5478));
#5478 = SURFACE_STYLE_FILL_AREA(#5479);
#5479 = FILL_AREA_STYLE('',(#5480));
#5480 = FILL_AREA_STYLE_COLOUR('',#5172);
#5481 = OVER_RIDING_STYLED_ITEM('overriding color',(#5482),#2680,#5154);
#5482 = PRESENTATION_STYLE_ASSIGNMENT((#5483));
#5483 = SURFACE_STYLE_USAGE(.BOTH.,#5484);
#5484 = SURFACE_SIDE_STYLE('',(#5485));
#5485 = SURFACE_STYLE_FILL_AREA(#5486);
#5486 = FILL_AREA_STYLE('',(#5487));
#5487 = FILL_AREA_STYLE_COLOUR('',#5172);
#5488 = OVER_RIDING_STYLED_ITEM('overriding color',(#5489),#2704,#5154);
#5489 = PRESENTATION_STYLE_ASSIGNMENT((#5490));
#5490 = SURFACE_STYLE_USAGE(.BOTH.,#5491);
#5491 = SURFACE_SIDE_STYLE('',(#5492));
#5492 = SURFACE_STYLE_FILL_AREA(#5493);
#5493 = FILL_AREA_STYLE('',(#5494));
#5494 = FILL_AREA_STYLE_COLOUR('',#5172);
#5495 = OVER_RIDING_STYLED_ITEM('overriding color',(#5496),#2768,#5154);
#5496 = PRESENTATION_STYLE_ASSIGNMENT((#5497));
#5497 = SURFACE_STYLE_USAGE(.BOTH.,#5498);
#5498 = SURFACE_SIDE_STYLE('',(#5499));
#5499 = SURFACE_STYLE_FILL_AREA(#5500);
#5500 = FILL_AREA_STYLE('',(#5501));
#5501 = FILL_AREA_STYLE_COLOUR('',#5172);
#5502 = OVER_RIDING_STYLED_ITEM('overriding color',(#5503),#2808,#5154);
#5503 = PRESENTATION_STYLE_ASSIGNMENT((#5504));
#5504 = SURFACE_STYLE_USAGE(.BOTH.,#5505);
#5505 = SURFACE_SIDE_STYLE('',(#5506));
#5506 = SURFACE_STYLE_FILL_AREA(#5507);
#5507 = FILL_AREA_STYLE('',(#5508));
#5508 = FILL_AREA_STYLE_COLOUR('',#5172);
#5509 = OVER_RIDING_STYLED_ITEM('overriding color',(#5510),#2832,#5154);
#5510 = PRESENTATION_STYLE_ASSIGNMENT((#5511));
#5511 = SURFACE_STYLE_USAGE(.BOTH.,#5512);
#5512 = SURFACE_SIDE_STYLE('',(#5513));
#5513 = SURFACE_STYLE_FILL_AREA(#5514);
#5514 = FILL_AREA_STYLE('',(#5515));
#5515 = FILL_AREA_STYLE_COLOUR('',#5172);
#5516 = OVER_RIDING_STYLED_ITEM('overriding color',(#5517),#2896,#5154);
#5517 = PRESENTATION_STYLE_ASSIGNMENT((#5518));
#5518 = SURFACE_STYLE_USAGE(.BOTH.,#5519);
#5519 = SURFACE_SIDE_STYLE('',(#5520));
#5520 = SURFACE_STYLE_FILL_AREA(#5521);
#5521 = FILL_AREA_STYLE('',(#5522));
#5522 = FILL_AREA_STYLE_COLOUR('',#5172);
#5523 = OVER_RIDING_STYLED_ITEM('overriding color',(#5524),#2936,#5154);
#5524 = PRESENTATION_STYLE_ASSIGNMENT((#5525));
#5525 = SURFACE_STYLE_USAGE(.BOTH.,#5526);
#5526 = SURFACE_SIDE_STYLE('',(#5527));
#5527 = SURFACE_STYLE_FILL_AREA(#5528);
#5528 = FILL_AREA_STYLE('',(#5529));
#5529 = FILL_AREA_STYLE_COLOUR('',#5172);
#5530 = OVER_RIDING_STYLED_ITEM('overriding color',(#5531),#2960,#5154);
#5531 = PRESENTATION_STYLE_ASSIGNMENT((#5532));
#5532 = SURFACE_STYLE_USAGE(.BOTH.,#5533);
#5533 = SURFACE_SIDE_STYLE('',(#5534));
#5534 = SURFACE_STYLE_FILL_AREA(#5535);
#5535 = FILL_AREA_STYLE('',(#5536));
#5536 = FILL_AREA_STYLE_COLOUR('',#5172);
#5537 = OVER_RIDING_STYLED_ITEM('overriding color',(#5538),#3024,#5154);
#5538 = PRESENTATION_STYLE_ASSIGNMENT((#5539));
#5539 = SURFACE_STYLE_USAGE(.BOTH.,#5540);
#5540 = SURFACE_SIDE_STYLE('',(#5541));
#5541 = SURFACE_STYLE_FILL_AREA(#5542);
#5542 = FILL_AREA_STYLE('',(#5543));
#5543 = FILL_AREA_STYLE_COLOUR('',#5172);
#5544 = OVER_RIDING_STYLED_ITEM('overriding color',(#5545),#3064,#5154);
#5545 = PRESENTATION_STYLE_ASSIGNMENT((#5546));
#5546 = SURFACE_STYLE_USAGE(.BOTH.,#5547);
#5547 = SURFACE_SIDE_STYLE('',(#5548));
#5548 = SURFACE_STYLE_FILL_AREA(#5549);
#5549 = FILL_AREA_STYLE('',(#5550));
#5550 = FILL_AREA_STYLE_COLOUR('',#5172);
#5551 = OVER_RIDING_STYLED_ITEM('overriding color',(#5552),#3088,#5154);
#5552 = PRESENTATION_STYLE_ASSIGNMENT((#5553));
#5553 = SURFACE_STYLE_USAGE(.BOTH.,#5554);
#5554 = SURFACE_SIDE_STYLE('',(#5555));
#5555 = SURFACE_STYLE_FILL_AREA(#5556);
#5556 = FILL_AREA_STYLE('',(#5557));
#5557 = FILL_AREA_STYLE_COLOUR('',#5172);
#5558 = OVER_RIDING_STYLED_ITEM('overriding color',(#5559),#3200,#5154);
#5559 = PRESENTATION_STYLE_ASSIGNMENT((#5560));
#5560 = SURFACE_STYLE_USAGE(.BOTH.,#5561);
#5561 = SURFACE_SIDE_STYLE('',(#5562));
#5562 = SURFACE_STYLE_FILL_AREA(#5563);
#5563 = FILL_AREA_STYLE('',(#5564));
#5564 = FILL_AREA_STYLE_COLOUR('',#5172);
#5565 = OVER_RIDING_STYLED_ITEM('overriding color',(#5566),#3240,#5154);
#5566 = PRESENTATION_STYLE_ASSIGNMENT((#5567));
#5567 = SURFACE_STYLE_USAGE(.BOTH.,#5568);
#5568 = SURFACE_SIDE_STYLE('',(#5569));
#5569 = SURFACE_STYLE_FILL_AREA(#5570);
#5570 = FILL_AREA_STYLE('',(#5571));
#5571 = FILL_AREA_STYLE_COLOUR('',#5172);
#5572 = OVER_RIDING_STYLED_ITEM('overriding color',(#5573),#3264,#5154);
#5573 = PRESENTATION_STYLE_ASSIGNMENT((#5574));
#5574 = SURFACE_STYLE_USAGE(.BOTH.,#5575);
#5575 = SURFACE_SIDE_STYLE('',(#5576));
#5576 = SURFACE_STYLE_FILL_AREA(#5577);
#5577 = FILL_AREA_STYLE('',(#5578));
#5578 = FILL_AREA_STYLE_COLOUR('',#5172);
#5579 = OVER_RIDING_STYLED_ITEM('overriding color',(#5580),#3328,#5154);
#5580 = PRESENTATION_STYLE_ASSIGNMENT((#5581));
#5581 = SURFACE_STYLE_USAGE(.BOTH.,#5582);
#5582 = SURFACE_SIDE_STYLE('',(#5583));
#5583 = SURFACE_STYLE_FILL_AREA(#5584);
#5584 = FILL_AREA_STYLE('',(#5585));
#5585 = FILL_AREA_STYLE_COLOUR('',#5172);
#5586 = OVER_RIDING_STYLED_ITEM('overriding color',(#5587),#3368,#5154);
#5587 = PRESENTATION_STYLE_ASSIGNMENT((#5588));
#5588 = SURFACE_STYLE_USAGE(.BOTH.,#5589);
#5589 = SURFACE_SIDE_STYLE('',(#5590));
#5590 = SURFACE_STYLE_FILL_AREA(#5591);
#5591 = FILL_AREA_STYLE('',(#5592));
#5592 = FILL_AREA_STYLE_COLOUR('',#5172);
#5593 = OVER_RIDING_STYLED_ITEM('overriding color',(#5594),#3392,#5154);
#5594 = PRESENTATION_STYLE_ASSIGNMENT((#5595));
#5595 = SURFACE_STYLE_USAGE(.BOTH.,#5596);
#5596 = SURFACE_SIDE_STYLE('',(#5597));
#5597 = SURFACE_STYLE_FILL_AREA(#5598);
#5598 = FILL_AREA_STYLE('',(#5599));
#5599 = FILL_AREA_STYLE_COLOUR('',#5172);
#5600 = OVER_RIDING_STYLED_ITEM('overriding color',(#5601),#3456,#5154);
#5601 = PRESENTATION_STYLE_ASSIGNMENT((#5602));
#5602 = SURFACE_STYLE_USAGE(.BOTH.,#5603);
#5603 = SURFACE_SIDE_STYLE('',(#5604));
#5604 = SURFACE_STYLE_FILL_AREA(#5605);
#5605 = FILL_AREA_STYLE('',(#5606));
#5606 = FILL_AREA_STYLE_COLOUR('',#5172);
#5607 = OVER_RIDING_STYLED_ITEM('overriding color',(#5608),#3496,#5154);
#5608 = PRESENTATION_STYLE_ASSIGNMENT((#5609));
#5609 = SURFACE_STYLE_USAGE(.BOTH.,#5610);
#5610 = SURFACE_SIDE_STYLE('',(#5611));
#5611 = SURFACE_STYLE_FILL_AREA(#5612);
#5612 = FILL_AREA_STYLE('',(#5613));
#5613 = FILL_AREA_STYLE_COLOUR('',#5172);
#5614 = OVER_RIDING_STYLED_ITEM('overriding color',(#5615),#3520,#5154);
#5615 = PRESENTATION_STYLE_ASSIGNMENT((#5616));
#5616 = SURFACE_STYLE_USAGE(.BOTH.,#5617);
#5617 = SURFACE_SIDE_STYLE('',(#5618));
#5618 = SURFACE_STYLE_FILL_AREA(#5619);
#5619 = FILL_AREA_STYLE('',(#5620));
#5620 = FILL_AREA_STYLE_COLOUR('',#5172);
#5621 = OVER_RIDING_STYLED_ITEM('overriding color',(#5622),#3584,#5154);
#5622 = PRESENTATION_STYLE_ASSIGNMENT((#5623));
#5623 = SURFACE_STYLE_USAGE(.BOTH.,#5624);
#5624 = SURFACE_SIDE_STYLE('',(#5625));
#5625 = SURFACE_STYLE_FILL_AREA(#5626);
#5626 = FILL_AREA_STYLE('',(#5627));
#5627 = FILL_AREA_STYLE_COLOUR('',#5172);
#5628 = OVER_RIDING_STYLED_ITEM('overriding color',(#5629),#3624,#5154);
#5629 = PRESENTATION_STYLE_ASSIGNMENT((#5630));
#5630 = SURFACE_STYLE_USAGE(.BOTH.,#5631);
#5631 = SURFACE_SIDE_STYLE('',(#5632));
#5632 = SURFACE_STYLE_FILL_AREA(#5633);
#5633 = FILL_AREA_STYLE('',(#5634));
#5634 = FILL_AREA_STYLE_COLOUR('',#5172);
#5635 = OVER_RIDING_STYLED_ITEM('overriding color',(#5636),#3648,#5154);
#5636 = PRESENTATION_STYLE_ASSIGNMENT((#5637));
#5637 = SURFACE_STYLE_USAGE(.BOTH.,#5638);
#5638 = SURFACE_SIDE_STYLE('',(#5639));
#5639 = SURFACE_STYLE_FILL_AREA(#5640);
#5640 = FILL_AREA_STYLE('',(#5641));
#5641 = FILL_AREA_STYLE_COLOUR('',#5172);
#5642 = OVER_RIDING_STYLED_ITEM('overriding color',(#5643),#3760,#5154);
#5643 = PRESENTATION_STYLE_ASSIGNMENT((#5644));
#5644 = SURFACE_STYLE_USAGE(.BOTH.,#5645);
#5645 = SURFACE_SIDE_STYLE('',(#5646));
#5646 = SURFACE_STYLE_FILL_AREA(#5647);
#5647 = FILL_AREA_STYLE('',(#5648));
#5648 = FILL_AREA_STYLE_COLOUR('',#5172);
#5649 = OVER_RIDING_STYLED_ITEM('overriding color',(#5650),#3800,#5154);
#5650 = PRESENTATION_STYLE_ASSIGNMENT((#5651));
#5651 = SURFACE_STYLE_USAGE(.BOTH.,#5652);
#5652 = SURFACE_SIDE_STYLE('',(#5653));
#5653 = SURFACE_STYLE_FILL_AREA(#5654);
#5654 = FILL_AREA_STYLE('',(#5655));
#5655 = FILL_AREA_STYLE_COLOUR('',#5172);
#5656 = OVER_RIDING_STYLED_ITEM('overriding color',(#5657),#3824,#5154);
#5657 = PRESENTATION_STYLE_ASSIGNMENT((#5658));
#5658 = SURFACE_STYLE_USAGE(.BOTH.,#5659);
#5659 = SURFACE_SIDE_STYLE('',(#5660));
#5660 = SURFACE_STYLE_FILL_AREA(#5661);
#5661 = FILL_AREA_STYLE('',(#5662));
#5662 = FILL_AREA_STYLE_COLOUR('',#5172);
#5663 = OVER_RIDING_STYLED_ITEM('overriding color',(#5664),#3888,#5154);
#5664 = PRESENTATION_STYLE_ASSIGNMENT((#5665));
#5665 = SURFACE_STYLE_USAGE(.BOTH.,#5666);
#5666 = SURFACE_SIDE_STYLE('',(#5667));
#5667 = SURFACE_STYLE_FILL_AREA(#5668);
#5668 = FILL_AREA_STYLE('',(#5669));
#5669 = FILL_AREA_STYLE_COLOUR('',#5172);
#5670 = OVER_RIDING_STYLED_ITEM('overriding color',(#5671),#3928,#5154);
#5671 = PRESENTATION_STYLE_ASSIGNMENT((#5672));
#5672 = SURFACE_STYLE_USAGE(.BOTH.,#5673);
#5673 = SURFACE_SIDE_STYLE('',(#5674));
#5674 = SURFACE_STYLE_FILL_AREA(#5675);
#5675 = FILL_AREA_STYLE('',(#5676));
#5676 = FILL_AREA_STYLE_COLOUR('',#5172);
#5677 = OVER_RIDING_STYLED_ITEM('overriding color',(#5678),#3952,#5154);
#5678 = PRESENTATION_STYLE_ASSIGNMENT((#5679));
#5679 = SURFACE_STYLE_USAGE(.BOTH.,#5680);
#5680 = SURFACE_SIDE_STYLE('',(#5681));
#5681 = SURFACE_STYLE_FILL_AREA(#5682);
#5682 = FILL_AREA_STYLE('',(#5683));
#5683 = FILL_AREA_STYLE_COLOUR('',#5172);
#5684 = OVER_RIDING_STYLED_ITEM('overriding color',(#5685),#4016,#5154);
#5685 = PRESENTATION_STYLE_ASSIGNMENT((#5686));
#5686 = SURFACE_STYLE_USAGE(.BOTH.,#5687);
#5687 = SURFACE_SIDE_STYLE('',(#5688));
#5688 = SURFACE_STYLE_FILL_AREA(#5689);
#5689 = FILL_AREA_STYLE('',(#5690));
#5690 = FILL_AREA_STYLE_COLOUR('',#5172);
#5691 = OVER_RIDING_STYLED_ITEM('overriding color',(#5692),#4056,#5154);
#5692 = PRESENTATION_STYLE_ASSIGNMENT((#5693));
#5693 = SURFACE_STYLE_USAGE(.BOTH.,#5694);
#5694 = SURFACE_SIDE_STYLE('',(#5695));
#5695 = SURFACE_STYLE_FILL_AREA(#5696);
#5696 = FILL_AREA_STYLE('',(#5697));
#5697 = FILL_AREA_STYLE_COLOUR('',#5172);
#5698 = OVER_RIDING_STYLED_ITEM('overriding color',(#5699),#4080,#5154);
#5699 = PRESENTATION_STYLE_ASSIGNMENT((#5700));
#5700 = SURFACE_STYLE_USAGE(.BOTH.,#5701);
#5701 = SURFACE_SIDE_STYLE('',(#5702));
#5702 = SURFACE_STYLE_FILL_AREA(#5703);
#5703 = FILL_AREA_STYLE('',(#5704));
#5704 = FILL_AREA_STYLE_COLOUR('',#5172);
#5705 = OVER_RIDING_STYLED_ITEM('overriding color',(#5706),#4144,#5154);
#5706 = PRESENTATION_STYLE_ASSIGNMENT((#5707));
#5707 = SURFACE_STYLE_USAGE(.BOTH.,#5708);
#5708 = SURFACE_SIDE_STYLE('',(#5709));
#5709 = SURFACE_STYLE_FILL_AREA(#5710);
#5710 = FILL_AREA_STYLE('',(#5711));
#5711 = FILL_AREA_STYLE_COLOUR('',#5172);
#5712 = OVER_RIDING_STYLED_ITEM('overriding color',(#5713),#4184,#5154);
#5713 = PRESENTATION_STYLE_ASSIGNMENT((#5714));
#5714 = SURFACE_STYLE_USAGE(.BOTH.,#5715);
#5715 = SURFACE_SIDE_STYLE('',(#5716));
#5716 = SURFACE_STYLE_FILL_AREA(#5717);
#5717 = FILL_AREA_STYLE('',(#5718));
#5718 = FILL_AREA_STYLE_COLOUR('',#5172);
#5719 = OVER_RIDING_STYLED_ITEM('overriding color',(#5720),#4208,#5154);
#5720 = PRESENTATION_STYLE_ASSIGNMENT((#5721));
#5721 = SURFACE_STYLE_USAGE(.BOTH.,#5722);
#5722 = SURFACE_SIDE_STYLE('',(#5723));
#5723 = SURFACE_STYLE_FILL_AREA(#5724);
#5724 = FILL_AREA_STYLE('',(#5725));
#5725 = FILL_AREA_STYLE_COLOUR('',#5172);
#5726 = OVER_RIDING_STYLED_ITEM('overriding color',(#5727),#4265,#5154);
#5727 = PRESENTATION_STYLE_ASSIGNMENT((#5728));
#5728 = SURFACE_STYLE_USAGE(.BOTH.,#5729);
#5729 = SURFACE_SIDE_STYLE('',(#5730));
#5730 = SURFACE_STYLE_FILL_AREA(#5731);
#5731 = FILL_AREA_STYLE('',(#5732));
#5732 = FILL_AREA_STYLE_COLOUR('',#5172);
#5733 = OVER_RIDING_STYLED_ITEM('overriding color',(#5734),#4282,#5154);
#5734 = PRESENTATION_STYLE_ASSIGNMENT((#5735));
#5735 = SURFACE_STYLE_USAGE(.BOTH.,#5736);
#5736 = SURFACE_SIDE_STYLE('',(#5737));
#5737 = SURFACE_STYLE_FILL_AREA(#5738);
#5738 = FILL_AREA_STYLE('',(#5739));
#5739 = FILL_AREA_STYLE_COLOUR('',#5172);
#5740 = OVER_RIDING_STYLED_ITEM('overriding color',(#5741),#4299,#5154);
#5741 = PRESENTATION_STYLE_ASSIGNMENT((#5742));
#5742 = SURFACE_STYLE_USAGE(.BOTH.,#5743);
#5743 = SURFACE_SIDE_STYLE('',(#5744));
#5744 = SURFACE_STYLE_FILL_AREA(#5745);
#5745 = FILL_AREA_STYLE('',(#5746));
#5746 = FILL_AREA_STYLE_COLOUR('',#5172);
#5747 = OVER_RIDING_STYLED_ITEM('overriding color',(#5748),#4316,#5154);
#5748 = PRESENTATION_STYLE_ASSIGNMENT((#5749));
#5749 = SURFACE_STYLE_USAGE(.BOTH.,#5750);
#5750 = SURFACE_SIDE_STYLE('',(#5751));
#5751 = SURFACE_STYLE_FILL_AREA(#5752);
#5752 = FILL_AREA_STYLE('',(#5753));
#5753 = FILL_AREA_STYLE_COLOUR('',#5172);
#5754 = OVER_RIDING_STYLED_ITEM('overriding color',(#5755),#4333,#5154);
#5755 = PRESENTATION_STYLE_ASSIGNMENT((#5756));
#5756 = SURFACE_STYLE_USAGE(.BOTH.,#5757);
#5757 = SURFACE_SIDE_STYLE('',(#5758));
#5758 = SURFACE_STYLE_FILL_AREA(#5759);
#5759 = FILL_AREA_STYLE('',(#5760));
#5760 = FILL_AREA_STYLE_COLOUR('',#5172);
#5761 = OVER_RIDING_STYLED_ITEM('overriding color',(#5762),#4350,#5154);
#5762 = PRESENTATION_STYLE_ASSIGNMENT((#5763));
#5763 = SURFACE_STYLE_USAGE(.BOTH.,#5764);
#5764 = SURFACE_SIDE_STYLE('',(#5765));
#5765 = SURFACE_STYLE_FILL_AREA(#5766);
#5766 = FILL_AREA_STYLE('',(#5767));
#5767 = FILL_AREA_STYLE_COLOUR('',#5172);
#5768 = OVER_RIDING_STYLED_ITEM('overriding color',(#5769),#4362,#5154);
#5769 = PRESENTATION_STYLE_ASSIGNMENT((#5770));
#5770 = SURFACE_STYLE_USAGE(.BOTH.,#5771);
#5771 = SURFACE_SIDE_STYLE('',(#5772));
#5772 = SURFACE_STYLE_FILL_AREA(#5773);
#5773 = FILL_AREA_STYLE('',(#5774));
#5774 = FILL_AREA_STYLE_COLOUR('',#5172);
#5775 = OVER_RIDING_STYLED_ITEM('overriding color',(#5776),#4374,#5154);
#5776 = PRESENTATION_STYLE_ASSIGNMENT((#5777));
#5777 = SURFACE_STYLE_USAGE(.BOTH.,#5778);
#5778 = SURFACE_SIDE_STYLE('',(#5779));
#5779 = SURFACE_STYLE_FILL_AREA(#5780);
#5780 = FILL_AREA_STYLE('',(#5781));
#5781 = FILL_AREA_STYLE_COLOUR('',#5172);
#5782 = OVER_RIDING_STYLED_ITEM('overriding color',(#5783),#4391,#5154);
#5783 = PRESENTATION_STYLE_ASSIGNMENT((#5784));
#5784 = SURFACE_STYLE_USAGE(.BOTH.,#5785);
#5785 = SURFACE_SIDE_STYLE('',(#5786));
#5786 = SURFACE_STYLE_FILL_AREA(#5787);
#5787 = FILL_AREA_STYLE('',(#5788));
#5788 = FILL_AREA_STYLE_COLOUR('',#5172);
#5789 = OVER_RIDING_STYLED_ITEM('overriding color',(#5790),#4403,#5154);
#5790 = PRESENTATION_STYLE_ASSIGNMENT((#5791));
#5791 = SURFACE_STYLE_USAGE(.BOTH.,#5792);
#5792 = SURFACE_SIDE_STYLE('',(#5793));
#5793 = SURFACE_STYLE_FILL_AREA(#5794);
#5794 = FILL_AREA_STYLE('',(#5795));
#5795 = FILL_AREA_STYLE_COLOUR('',#5172);
#5796 = OVER_RIDING_STYLED_ITEM('overriding color',(#5797),#4415,#5154);
#5797 = PRESENTATION_STYLE_ASSIGNMENT((#5798));
#5798 = SURFACE_STYLE_USAGE(.BOTH.,#5799);
#5799 = SURFACE_SIDE_STYLE('',(#5800));
#5800 = SURFACE_STYLE_FILL_AREA(#5801);
#5801 = FILL_AREA_STYLE('',(#5802));
#5802 = FILL_AREA_STYLE_COLOUR('',#5172);
#5803 = OVER_RIDING_STYLED_ITEM('overriding color',(#5804),#4432,#5154);
#5804 = PRESENTATION_STYLE_ASSIGNMENT((#5805));
#5805 = SURFACE_STYLE_USAGE(.BOTH.,#5806);
#5806 = SURFACE_SIDE_STYLE('',(#5807));
#5807 = SURFACE_STYLE_FILL_AREA(#5808);
#5808 = FILL_AREA_STYLE('',(#5809));
#5809 = FILL_AREA_STYLE_COLOUR('',#5172);
#5810 = OVER_RIDING_STYLED_ITEM('overriding color',(#5811),#4444,#5154);
#5811 = PRESENTATION_STYLE_ASSIGNMENT((#5812));
#5812 = SURFACE_STYLE_USAGE(.BOTH.,#5813);
#5813 = SURFACE_SIDE_STYLE('',(#5814));
#5814 = SURFACE_STYLE_FILL_AREA(#5815);
#5815 = FILL_AREA_STYLE('',(#5816));
#5816 = FILL_AREA_STYLE_COLOUR('',#5172);
#5817 = OVER_RIDING_STYLED_ITEM('overriding color',(#5818),#4456,#5154);
#5818 = PRESENTATION_STYLE_ASSIGNMENT((#5819));
#5819 = SURFACE_STYLE_USAGE(.BOTH.,#5820);
#5820 = SURFACE_SIDE_STYLE('',(#5821));
#5821 = SURFACE_STYLE_FILL_AREA(#5822);
#5822 = FILL_AREA_STYLE('',(#5823));
#5823 = FILL_AREA_STYLE_COLOUR('',#5172);
#5824 = OVER_RIDING_STYLED_ITEM('overriding color',(#5825),#4473,#5154);
#5825 = PRESENTATION_STYLE_ASSIGNMENT((#5826));
#5826 = SURFACE_STYLE_USAGE(.BOTH.,#5827);
#5827 = SURFACE_SIDE_STYLE('',(#5828));
#5828 = SURFACE_STYLE_FILL_AREA(#5829);
#5829 = FILL_AREA_STYLE('',(#5830));
#5830 = FILL_AREA_STYLE_COLOUR('',#5172);
#5831 = OVER_RIDING_STYLED_ITEM('overriding color',(#5832),#4485,#5154);
#5832 = PRESENTATION_STYLE_ASSIGNMENT((#5833));
#5833 = SURFACE_STYLE_USAGE(.BOTH.,#5834);
#5834 = SURFACE_SIDE_STYLE('',(#5835));
#5835 = SURFACE_STYLE_FILL_AREA(#5836);
#5836 = FILL_AREA_STYLE('',(#5837));
#5837 = FILL_AREA_STYLE_COLOUR('',#5172);
#5838 = OVER_RIDING_STYLED_ITEM('overriding color',(#5839),#4599,#5154);
#5839 = PRESENTATION_STYLE_ASSIGNMENT((#5840));
#5840 = SURFACE_STYLE_USAGE(.BOTH.,#5841);
#5841 = SURFACE_SIDE_STYLE('',(#5842));
#5842 = SURFACE_STYLE_FILL_AREA(#5843);
#5843 = FILL_AREA_STYLE('',(#5844));
#5844 = FILL_AREA_STYLE_COLOUR('',#5172);
#5845 = OVER_RIDING_STYLED_ITEM('overriding color',(#5846),#4616,#5154);
#5846 = PRESENTATION_STYLE_ASSIGNMENT((#5847));
#5847 = SURFACE_STYLE_USAGE(.BOTH.,#5848);
#5848 = SURFACE_SIDE_STYLE('',(#5849));
#5849 = SURFACE_STYLE_FILL_AREA(#5850);
#5850 = FILL_AREA_STYLE('',(#5851));
#5851 = FILL_AREA_STYLE_COLOUR('',#5172);
#5852 = OVER_RIDING_STYLED_ITEM('overriding color',(#5853),#4628,#5154);
#5853 = PRESENTATION_STYLE_ASSIGNMENT((#5854));
#5854 = SURFACE_STYLE_USAGE(.BOTH.,#5855);
#5855 = SURFACE_SIDE_STYLE('',(#5856));
#5856 = SURFACE_STYLE_FILL_AREA(#5857);
#5857 = FILL_AREA_STYLE('',(#5858));
#5858 = FILL_AREA_STYLE_COLOUR('',#5172);
#5859 = OVER_RIDING_STYLED_ITEM('overriding color',(#5860),#4645,#5154);
#5860 = PRESENTATION_STYLE_ASSIGNMENT((#5861));
#5861 = SURFACE_STYLE_USAGE(.BOTH.,#5862);
#5862 = SURFACE_SIDE_STYLE('',(#5863));
#5863 = SURFACE_STYLE_FILL_AREA(#5864);
#5864 = FILL_AREA_STYLE('',(#5865));
#5865 = FILL_AREA_STYLE_COLOUR('',#5172);
#5866 = OVER_RIDING_STYLED_ITEM('overriding color',(#5867),#4657,#5154);
#5867 = PRESENTATION_STYLE_ASSIGNMENT((#5868));
#5868 = SURFACE_STYLE_USAGE(.BOTH.,#5869);
#5869 = SURFACE_SIDE_STYLE('',(#5870));
#5870 = SURFACE_STYLE_FILL_AREA(#5871);
#5871 = FILL_AREA_STYLE('',(#5872));
#5872 = FILL_AREA_STYLE_COLOUR('',#5172);
#5873 = OVER_RIDING_STYLED_ITEM('overriding color',(#5874),#4674,#5154);
#5874 = PRESENTATION_STYLE_ASSIGNMENT((#5875));
#5875 = SURFACE_STYLE_USAGE(.BOTH.,#5876);
#5876 = SURFACE_SIDE_STYLE('',(#5877));
#5877 = SURFACE_STYLE_FILL_AREA(#5878);
#5878 = FILL_AREA_STYLE('',(#5879));
#5879 = FILL_AREA_STYLE_COLOUR('',#5172);
#5880 = OVER_RIDING_STYLED_ITEM('overriding color',(#5881),#4686,#5154);
#5881 = PRESENTATION_STYLE_ASSIGNMENT((#5882));
#5882 = SURFACE_STYLE_USAGE(.BOTH.,#5883);
#5883 = SURFACE_SIDE_STYLE('',(#5884));
#5884 = SURFACE_STYLE_FILL_AREA(#5885);
#5885 = FILL_AREA_STYLE('',(#5886));
#5886 = FILL_AREA_STYLE_COLOUR('',#5172);
#5887 = OVER_RIDING_STYLED_ITEM('overriding color',(#5888),#4703,#5154);
#5888 = PRESENTATION_STYLE_ASSIGNMENT((#5889));
#5889 = SURFACE_STYLE_USAGE(.BOTH.,#5890);
#5890 = SURFACE_SIDE_STYLE('',(#5891));
#5891 = SURFACE_STYLE_FILL_AREA(#5892);
#5892 = FILL_AREA_STYLE('',(#5893));
#5893 = FILL_AREA_STYLE_COLOUR('',#5172);
#5894 = OVER_RIDING_STYLED_ITEM('overriding color',(#5895),#4715,#5154);
#5895 = PRESENTATION_STYLE_ASSIGNMENT((#5896));
#5896 = SURFACE_STYLE_USAGE(.BOTH.,#5897);
#5897 = SURFACE_SIDE_STYLE('',(#5898));
#5898 = SURFACE_STYLE_FILL_AREA(#5899);
#5899 = FILL_AREA_STYLE('',(#5900));
#5900 = FILL_AREA_STYLE_COLOUR('',#5172);
#5901 = OVER_RIDING_STYLED_ITEM('overriding color',(#5902),#4732,#5154);
#5902 = PRESENTATION_STYLE_ASSIGNMENT((#5903));
#5903 = SURFACE_STYLE_USAGE(.BOTH.,#5904);
#5904 = SURFACE_SIDE_STYLE('',(#5905));
#5905 = SURFACE_STYLE_FILL_AREA(#5906);
#5906 = FILL_AREA_STYLE('',(#5907));
#5907 = FILL_AREA_STYLE_COLOUR('',#5172);
#5908 = OVER_RIDING_STYLED_ITEM('overriding color',(#5909),#4744,#5154);
#5909 = PRESENTATION_STYLE_ASSIGNMENT((#5910));
#5910 = SURFACE_STYLE_USAGE(.BOTH.,#5911);
#5911 = SURFACE_SIDE_STYLE('',(#5912));
#5912 = SURFACE_STYLE_FILL_AREA(#5913);
#5913 = FILL_AREA_STYLE('',(#5914));
#5914 = FILL_AREA_STYLE_COLOUR('',#5172);
#5915 = OVER_RIDING_STYLED_ITEM('overriding color',(#5916),#4761,#5154);
#5916 = PRESENTATION_STYLE_ASSIGNMENT((#5917));
#5917 = SURFACE_STYLE_USAGE(.BOTH.,#5918);
#5918 = SURFACE_SIDE_STYLE('',(#5919));
#5919 = SURFACE_STYLE_FILL_AREA(#5920);
#5920 = FILL_AREA_STYLE('',(#5921));
#5921 = FILL_AREA_STYLE_COLOUR('',#5172);
#5922 = OVER_RIDING_STYLED_ITEM('overriding color',(#5923),#4773,#5154);
#5923 = PRESENTATION_STYLE_ASSIGNMENT((#5924));
#5924 = SURFACE_STYLE_USAGE(.BOTH.,#5925);
#5925 = SURFACE_SIDE_STYLE('',(#5926));
#5926 = SURFACE_STYLE_FILL_AREA(#5927);
#5927 = FILL_AREA_STYLE('',(#5928));
#5928 = FILL_AREA_STYLE_COLOUR('',#5172);
#5929 = OVER_RIDING_STYLED_ITEM('overriding color',(#5930),#4790,#5154);
#5930 = PRESENTATION_STYLE_ASSIGNMENT((#5931));
#5931 = SURFACE_STYLE_USAGE(.BOTH.,#5932);
#5932 = SURFACE_SIDE_STYLE('',(#5933));
#5933 = SURFACE_STYLE_FILL_AREA(#5934);
#5934 = FILL_AREA_STYLE('',(#5935));
#5935 = FILL_AREA_STYLE_COLOUR('',#5172);
#5936 = OVER_RIDING_STYLED_ITEM('overriding color',(#5937),#4802,#5154);
#5937 = PRESENTATION_STYLE_ASSIGNMENT((#5938));
#5938 = SURFACE_STYLE_USAGE(.BOTH.,#5939);
#5939 = SURFACE_SIDE_STYLE('',(#5940));
#5940 = SURFACE_STYLE_FILL_AREA(#5941);
#5941 = FILL_AREA_STYLE('',(#5942));
#5942 = FILL_AREA_STYLE_COLOUR('',#5172);
#5943 = OVER_RIDING_STYLED_ITEM('overriding color',(#5944),#4819,#5154);
#5944 = PRESENTATION_STYLE_ASSIGNMENT((#5945));
#5945 = SURFACE_STYLE_USAGE(.BOTH.,#5946);
#5946 = SURFACE_SIDE_STYLE('',(#5947));
#5947 = SURFACE_STYLE_FILL_AREA(#5948);
#5948 = FILL_AREA_STYLE('',(#5949));
#5949 = FILL_AREA_STYLE_COLOUR('',#5172);
#5950 = OVER_RIDING_STYLED_ITEM('overriding color',(#5951),#4915,#5154);
#5951 = PRESENTATION_STYLE_ASSIGNMENT((#5952));
#5952 = SURFACE_STYLE_USAGE(.BOTH.,#5953);
#5953 = SURFACE_SIDE_STYLE('',(#5954));
#5954 = SURFACE_STYLE_FILL_AREA(#5955);
#5955 = FILL_AREA_STYLE('',(#5956));
#5956 = FILL_AREA_STYLE_COLOUR('',#5172);
#5957 = OVER_RIDING_STYLED_ITEM('overriding color',(#5958),#4932,#5154);
#5958 = PRESENTATION_STYLE_ASSIGNMENT((#5959));
#5959 = SURFACE_STYLE_USAGE(.BOTH.,#5960);
#5960 = SURFACE_SIDE_STYLE('',(#5961));
#5961 = SURFACE_STYLE_FILL_AREA(#5962);
#5962 = FILL_AREA_STYLE('',(#5963));
#5963 = FILL_AREA_STYLE_COLOUR('',#5172);
#5964 = OVER_RIDING_STYLED_ITEM('overriding color',(#5965),#4944,#5154);
#5965 = PRESENTATION_STYLE_ASSIGNMENT((#5966));
#5966 = SURFACE_STYLE_USAGE(.BOTH.,#5967);
#5967 = SURFACE_SIDE_STYLE('',(#5968));
#5968 = SURFACE_STYLE_FILL_AREA(#5969);
#5969 = FILL_AREA_STYLE('',(#5970));
#5970 = FILL_AREA_STYLE_COLOUR('',#5172);
#5971 = OVER_RIDING_STYLED_ITEM('overriding color',(#5972),#4961,#5154);
#5972 = PRESENTATION_STYLE_ASSIGNMENT((#5973));
#5973 = SURFACE_STYLE_USAGE(.BOTH.,#5974);
#5974 = SURFACE_SIDE_STYLE('',(#5975));
#5975 = SURFACE_STYLE_FILL_AREA(#5976);
#5976 = FILL_AREA_STYLE('',(#5977));
#5977 = FILL_AREA_STYLE_COLOUR('',#5172);
#5978 = OVER_RIDING_STYLED_ITEM('overriding color',(#5979),#4973,#5154);
#5979 = PRESENTATION_STYLE_ASSIGNMENT((#5980));
#5980 = SURFACE_STYLE_USAGE(.BOTH.,#5981);
#5981 = SURFACE_SIDE_STYLE('',(#5982));
#5982 = SURFACE_STYLE_FILL_AREA(#5983);
#5983 = FILL_AREA_STYLE('',(#5984));
#5984 = FILL_AREA_STYLE_COLOUR('',#5172);
#5985 = OVER_RIDING_STYLED_ITEM('overriding color',(#5986),#4990,#5154);
#5986 = PRESENTATION_STYLE_ASSIGNMENT((#5987));
#5987 = SURFACE_STYLE_USAGE(.BOTH.,#5988);
#5988 = SURFACE_SIDE_STYLE('',(#5989));
#5989 = SURFACE_STYLE_FILL_AREA(#5990);
#5990 = FILL_AREA_STYLE('',(#5991));
#5991 = FILL_AREA_STYLE_COLOUR('',#5172);
#5992 = OVER_RIDING_STYLED_ITEM('overriding color',(#5993),#5002,#5154);
#5993 = PRESENTATION_STYLE_ASSIGNMENT((#5994));
#5994 = SURFACE_STYLE_USAGE(.BOTH.,#5995);
#5995 = SURFACE_SIDE_STYLE('',(#5996));
#5996 = SURFACE_STYLE_FILL_AREA(#5997);
#5997 = FILL_AREA_STYLE('',(#5998));
#5998 = FILL_AREA_STYLE_COLOUR('',#5172);
#5999 = OVER_RIDING_STYLED_ITEM('overriding color',(#6000),#5019,#5154);
#6000 = PRESENTATION_STYLE_ASSIGNMENT((#6001));
#6001 = SURFACE_STYLE_USAGE(.BOTH.,#6002);
#6002 = SURFACE_SIDE_STYLE('',(#6003));
#6003 = SURFACE_STYLE_FILL_AREA(#6004);
#6004 = FILL_AREA_STYLE('',(#6005));
#6005 = FILL_AREA_STYLE_COLOUR('',#5172);
#6006 = OVER_RIDING_STYLED_ITEM('overriding color',(#6007),#5031,#5154);
#6007 = PRESENTATION_STYLE_ASSIGNMENT((#6008));
#6008 = SURFACE_STYLE_USAGE(.BOTH.,#6009);
#6009 = SURFACE_SIDE_STYLE('',(#6010));
#6010 = SURFACE_STYLE_FILL_AREA(#6011);
#6011 = FILL_AREA_STYLE('',(#6012));
#6012 = FILL_AREA_STYLE_COLOUR('',#5172);
#6013 = OVER_RIDING_STYLED_ITEM('overriding color',(#6014),#5048,#5154);
#6014 = PRESENTATION_STYLE_ASSIGNMENT((#6015));
#6015 = SURFACE_STYLE_USAGE(.BOTH.,#6016);
#6016 = SURFACE_SIDE_STYLE('',(#6017));
#6017 = SURFACE_STYLE_FILL_AREA(#6018);
#6018 = FILL_AREA_STYLE('',(#6019));
#6019 = FILL_AREA_STYLE_COLOUR('',#5172);
#6020 = OVER_RIDING_STYLED_ITEM('overriding color',(#6021),#5060,#5154);
#6021 = PRESENTATION_STYLE_ASSIGNMENT((#6022));
#6022 = SURFACE_STYLE_USAGE(.BOTH.,#6023);
#6023 = SURFACE_SIDE_STYLE('',(#6024));
#6024 = SURFACE_STYLE_FILL_AREA(#6025);
#6025 = FILL_AREA_STYLE('',(#6026));
#6026 = FILL_AREA_STYLE_COLOUR('',#5172);
#6027 = OVER_RIDING_STYLED_ITEM('overriding color',(#6028),#5077,#5154);
#6028 = PRESENTATION_STYLE_ASSIGNMENT((#6029));
#6029 = SURFACE_STYLE_USAGE(.BOTH.,#6030);
#6030 = SURFACE_SIDE_STYLE('',(#6031));
#6031 = SURFACE_STYLE_FILL_AREA(#6032);
#6032 = FILL_AREA_STYLE('',(#6033));
#6033 = FILL_AREA_STYLE_COLOUR('',#5172);
#6034 = OVER_RIDING_STYLED_ITEM('overriding color',(#6035),#5089,#5154);
#6035 = PRESENTATION_STYLE_ASSIGNMENT((#6036));
#6036 = SURFACE_STYLE_USAGE(.BOTH.,#6037);
#6037 = SURFACE_SIDE_STYLE('',(#6038));
#6038 = SURFACE_STYLE_FILL_AREA(#6039);
#6039 = FILL_AREA_STYLE('',(#6040));
#6040 = FILL_AREA_STYLE_COLOUR('',#5172);
#6041 = OVER_RIDING_STYLED_ITEM('overriding color',(#6042),#5106,#5154);
#6042 = PRESENTATION_STYLE_ASSIGNMENT((#6043));
#6043 = SURFACE_STYLE_USAGE(.BOTH.,#6044);
#6044 = SURFACE_SIDE_STYLE('',(#6045));
#6045 = SURFACE_STYLE_FILL_AREA(#6046);
#6046 = FILL_AREA_STYLE('',(#6047));
#6047 = FILL_AREA_STYLE_COLOUR('',#5172);
#6048 = OVER_RIDING_STYLED_ITEM('overriding color',(#6049),#5118,#5154);
#6049 = PRESENTATION_STYLE_ASSIGNMENT((#6050));
#6050 = SURFACE_STYLE_USAGE(.BOTH.,#6051);
#6051 = SURFACE_SIDE_STYLE('',(#6052));
#6052 = SURFACE_STYLE_FILL_AREA(#6053);
#6053 = FILL_AREA_STYLE('',(#6054));
#6054 = FILL_AREA_STYLE_COLOUR('',#5172);
#6055 = OVER_RIDING_STYLED_ITEM('overriding color',(#6056),#5135,#5154);
#6056 = PRESENTATION_STYLE_ASSIGNMENT((#6057));
#6057 = SURFACE_STYLE_USAGE(.BOTH.,#6058);
#6058 = SURFACE_SIDE_STYLE('',(#6059));
#6059 = SURFACE_STYLE_FILL_AREA(#6060);
#6060 = FILL_AREA_STYLE('',(#6061));
#6061 = FILL_AREA_STYLE_COLOUR('',#5172);
ENDSEC;
END-ISO-10303-21;
