ISO-10303-21;
HEADER;
FILE_DESCRIPTION(('FreeCAD Model'),'2;1');
FILE_NAME('Open CASCADE Shape Model','2026-07-28T18:16:40',('Author'),(
    ''),'Open CASCADE STEP processor 7.8','FreeCAD','Unknown');
FILE_SCHEMA(('AUTOMOTIVE_DESIGN { 1 0 10303 214 1 1 1 1 }'));
ENDSEC;
DATA;
#1 = APPLICATION_PROTOCOL_DEFINITION('international standard',
  'automotive_design',2000,#2);
#2 = APPLICATION_CONTEXT(
  'core data for automotive mechanical design processes');
#3 = SHAPE_DEFINITION_REPRESENTATION(#4,#10);
#4 = PRODUCT_DEFINITION_SHAPE('','',#5);
#5 = PRODUCT_DEFINITION('design','',#6,#9);
#6 = PRODUCT_DEFINITION_FORMATION('','',#7);
#7 = PRODUCT('Unnamed','Unnamed','',(#8));
#8 = PRODUCT_CONTEXT('',#2,'mechanical');
#9 = PRODUCT_DEFINITION_CONTEXT('part definition',#2,'design');
#10 = SHAPE_REPRESENTATION('',(#11,#15,#19,#23),#27);
#11 = AXIS2_PLACEMENT_3D('',#12,#13,#14);
#12 = CARTESIAN_POINT('',(0.,0.,0.));
#13 = DIRECTION('',(0.,0.,1.));
#14 = DIRECTION('',(1.,0.,-0.));
#15 = AXIS2_PLACEMENT_3D('',#16,#17,#18);
#16 = CARTESIAN_POINT('',(0.,0.,0.));
#17 = DIRECTION('',(0.,0.,1.));
#18 = DIRECTION('',(1.,0.,0.));
#19 = AXIS2_PLACEMENT_3D('',#20,#21,#22);
#20 = CARTESIAN_POINT('',(0.,0.,0.));
#21 = DIRECTION('',(0.,0.,1.));
#22 = DIRECTION('',(1.,0.,0.));
#23 = AXIS2_PLACEMENT_3D('',#24,#25,#26);
#24 = CARTESIAN_POINT('',(0.,0.,0.));
#25 = DIRECTION('',(0.,0.,1.));
#26 = DIRECTION('',(1.,0.,0.));
#27 = ( GEOMETRIC_REPRESENTATION_CONTEXT(3) 
GLOBAL_UNCERTAINTY_ASSIGNED_CONTEXT((#31)) GLOBAL_UNIT_ASSIGNED_CONTEXT(
(#28,#29,#30)) REPRESENTATION_CONTEXT('Context #1',
  '3D Context with UNIT and UNCERTAINTY') );
#28 = ( LENGTH_UNIT() NAMED_UNIT(*) SI_UNIT(.MILLI.,.METRE.) );
#29 = ( NAMED_UNIT(*) PLANE_ANGLE_UNIT() SI_UNIT($,.RADIAN.) );
#30 = ( NAMED_UNIT(*) SI_UNIT($,.STERADIAN.) SOLID_ANGLE_UNIT() );
#31 = UNCERTAINTY_MEASURE_WITH_UNIT(LENGTH_MEASURE(5.E-05),#28,
  'distance_accuracy_value','confusion accuracy');
#32 = PRODUCT_RELATED_PRODUCT_CATEGORY('part',$,(#7));
#33 = SHAPE_DEFINITION_REPRESENTATION(#34,#40);
#34 = PRODUCT_DEFINITION_SHAPE('','',#35);
#35 = PRODUCT_DEFINITION('design','',#36,#39);
#36 = PRODUCT_DEFINITION_FORMATION('','',#37);
#37 = PRODUCT('Shell','Shell','',(#38));
#38 = PRODUCT_CONTEXT('',#2,'mechanical');
#39 = PRODUCT_DEFINITION_CONTEXT('part definition',#2,'design');
#40 = MANIFOLD_SURFACE_SHAPE_REPRESENTATION('',(#11,#41),#3264);
#41 = SHELL_BASED_SURFACE_MODEL('',(#42));
#42 = CLOSED_SHELL('',(#43,#85,#117,#643,#679,#711,#794,#836,#890,#916,
    #973,#996,#1028,#1051,#1098,#1152,#1176,#1200,#1224,#1241,#1258,
    #1283,#1295,#1313,#1334,#1352,#1364,#1389,#1406,#1418,#1449,#1474,
    #1498,#1516,#1528,#1559,#1589,#1613,#1631,#1643,#1674,#1698,#1748,
    #1772,#1822,#1846,#1863,#1878,#1959,#2033,#2083,#2107,#2157,#2231,
    #2305,#2379,#2403,#2427,#2451,#2475,#2542,#2563,#2644,#2718,#2768,
    #2792,#2842,#2916,#2990,#3064,#3088,#3112,#3136,#3160,#3227,#3248));
#43 = ADVANCED_FACE('',(#44),#80,.T.);
#44 = FACE_BOUND('',#45,.T.);
#45 = EDGE_LOOP('',(#46,#57,#65,#74));
#46 = ORIENTED_EDGE('',*,*,#47,.F.);
#47 = EDGE_CURVE('',#48,#50,#52,.T.);
#48 = VERTEX_POINT('',#49);
#49 = CARTESIAN_POINT('',(3.699999999999,4.592425496802E-16,4.2));
#50 = VERTEX_POINT('',#51);
#51 = CARTESIAN_POINT('',(-3.699999999999,0.,4.2));
#52 = CIRCLE('',#53,3.699999999999);
#53 = AXIS2_PLACEMENT_3D('',#54,#55,#56);
#54 = CARTESIAN_POINT('',(0.,0.,4.2));
#55 = DIRECTION('',(0.,0.,1.));
#56 = DIRECTION('',(1.,0.,0.));
#57 = ORIENTED_EDGE('',*,*,#58,.T.);
#58 = EDGE_CURVE('',#48,#59,#61,.T.);
#59 = VERTEX_POINT('',#60);
#60 = CARTESIAN_POINT('',(3.799999999999,0.,4.099999999999));
#61 = LINE('',#62,#63);
#62 = CARTESIAN_POINT('',(3.699999999999,4.531193156845E-16,4.2));
#63 = VECTOR('',#64,1.);
#64 = DIRECTION('',(0.707106781187,8.659560562361E-17,-0.707106781187));
#65 = ORIENTED_EDGE('',*,*,#66,.F.);
#66 = EDGE_CURVE('',#67,#59,#69,.T.);
#67 = VERTEX_POINT('',#68);
#68 = CARTESIAN_POINT('',(-3.799999999999,4.653657836759E-16,
    4.099999999999));
#69 = CIRCLE('',#70,3.799999999999);
#70 = AXIS2_PLACEMENT_3D('',#71,#72,#73);
#71 = CARTESIAN_POINT('',(0.,0.,4.099999999999));
#72 = DIRECTION('',(0.,0.,-1.));
#73 = DIRECTION('',(1.,0.,0.));
#74 = ORIENTED_EDGE('',*,*,#75,.F.);
#75 = EDGE_CURVE('',#50,#67,#76,.T.);
#76 = LINE('',#77,#78);
#77 = CARTESIAN_POINT('',(-3.699999999999,0.,4.2));
#78 = VECTOR('',#79,1.);
#79 = DIRECTION('',(-0.707106781187,0.,-0.707106781187));
#80 = CONICAL_SURFACE('',#81,3.699999999999,0.785398163397);
#81 = AXIS2_PLACEMENT_3D('',#82,#83,#84);
#82 = CARTESIAN_POINT('',(0.,0.,4.2));
#83 = DIRECTION('',(0.,0.,-1.));
#84 = DIRECTION('',(-1.,0.,0.));
#85 = ADVANCED_FACE('',(#86),#112,.T.);
#86 = FACE_BOUND('',#87,.T.);
#87 = EDGE_LOOP('',(#88,#99,#105,#106));
#88 = ORIENTED_EDGE('',*,*,#89,.T.);
#89 = EDGE_CURVE('',#90,#92,#94,.T.);
#90 = VERTEX_POINT('',#91);
#91 = CARTESIAN_POINT('',(3.799999999999,0.,2.599999999999));
#92 = VERTEX_POINT('',#93);
#93 = CARTESIAN_POINT('',(-3.799999999999,4.653657836759E-16,
    2.599999999999));
#94 = CIRCLE('',#95,3.799999999999);
#95 = AXIS2_PLACEMENT_3D('',#96,#97,#98);
#96 = CARTESIAN_POINT('',(0.,0.,2.599999999999));
#97 = DIRECTION('',(0.,0.,1.));
#98 = DIRECTION('',(1.,0.,0.));
#99 = ORIENTED_EDGE('',*,*,#100,.T.);
#100 = EDGE_CURVE('',#92,#67,#101,.T.);
#101 = LINE('',#102,#103);
#102 = CARTESIAN_POINT('',(-3.799999999999,4.653657836759E-16,
    2.599999999999));
#103 = VECTOR('',#104,1.);
#104 = DIRECTION('',(0.,0.,1.));
#105 = ORIENTED_EDGE('',*,*,#66,.T.);
#106 = ORIENTED_EDGE('',*,*,#107,.F.);
#107 = EDGE_CURVE('',#90,#59,#108,.T.);
#108 = LINE('',#109,#110);
#109 = CARTESIAN_POINT('',(3.799999999999,0.,2.599999999999));
#110 = VECTOR('',#111,1.);
#111 = DIRECTION('',(0.,0.,1.));
#112 = CYLINDRICAL_SURFACE('',#113,3.799999999999);
#113 = AXIS2_PLACEMENT_3D('',#114,#115,#116);
#114 = CARTESIAN_POINT('',(0.,0.,2.599999999999));
#115 = DIRECTION('',(0.,0.,1.));
#116 = DIRECTION('',(1.,0.,0.));
#117 = ADVANCED_FACE('',(#118,#128,#202,#420),#638,.T.);
#118 = FACE_BOUND('',#119,.T.);
#119 = EDGE_LOOP('',(#120,#127));
#120 = ORIENTED_EDGE('',*,*,#121,.T.);
#121 = EDGE_CURVE('',#50,#48,#122,.T.);
#122 = CIRCLE('',#123,3.699999999999);
#123 = AXIS2_PLACEMENT_3D('',#124,#125,#126);
#124 = CARTESIAN_POINT('',(0.,0.,4.2));
#125 = DIRECTION('',(0.,0.,1.));
#126 = DIRECTION('',(1.,0.,0.));
#127 = ORIENTED_EDGE('',*,*,#47,.T.);
#128 = FACE_BOUND('',#129,.T.);
#129 = EDGE_LOOP('',(#130,#140,#148,#156,#172,#180,#196));
#130 = ORIENTED_EDGE('',*,*,#131,.T.);
#131 = EDGE_CURVE('',#132,#134,#136,.T.);
#132 = VERTEX_POINT('',#133);
#133 = CARTESIAN_POINT('',(1.407204662735,0.835755167915,4.2));
#134 = VERTEX_POINT('',#135);
#135 = CARTESIAN_POINT('',(1.407204662735,-0.682537515011,4.2));
#136 = LINE('',#137,#138);
#137 = CARTESIAN_POINT('',(1.407204662735,0.835755167915,4.2));
#138 = VECTOR('',#139,1.);
#139 = DIRECTION('',(0.,-1.,0.));
#140 = ORIENTED_EDGE('',*,*,#141,.T.);
#141 = EDGE_CURVE('',#134,#142,#144,.T.);
#142 = VERTEX_POINT('',#143);
#143 = CARTESIAN_POINT('',(1.224277833466,-0.682537515011,4.2));
#144 = LINE('',#145,#146);
#145 = CARTESIAN_POINT('',(1.407204662735,-0.682537515011,4.2));
#146 = VECTOR('',#147,1.);
#147 = DIRECTION('',(-1.,0.,0.));
#148 = ORIENTED_EDGE('',*,*,#149,.T.);
#149 = EDGE_CURVE('',#142,#150,#152,.T.);
#150 = VERTEX_POINT('',#151);
#151 = CARTESIAN_POINT('',(1.224277833466,0.59166218011,4.2));
#152 = LINE('',#153,#154);
#153 = CARTESIAN_POINT('',(1.224277833466,-0.682537515011,4.2));
#154 = VECTOR('',#155,1.);
#155 = DIRECTION('',(0.,1.,0.));
#156 = ORIENTED_EDGE('',*,*,#157,.T.);
#157 = EDGE_CURVE('',#150,#158,#160,.T.);
#158 = VERTEX_POINT('',#159);
#159 = CARTESIAN_POINT('',(0.876716857857,0.415023460598,4.2));
#160 = B_SPLINE_CURVE_WITH_KNOTS('',3,(#161,#162,#163,#164,#165,#166,
    #167,#168,#169,#170,#171),.UNSPECIFIED.,.F.,.F.,(4,1,1,1,1,1,1,1,4),
  (0.,8.8118195626E-02,0.194050828016,0.318164819684,0.461353165014,
    0.608692228916,0.747543051547,0.877526849563,1.),.UNSPECIFIED.);
#161 = CARTESIAN_POINT('',(1.224277833466,0.59166218011,4.2));
#162 = CARTESIAN_POINT('',(1.21577486158,0.583832113761,4.2));
#163 = CARTESIAN_POINT('',(1.197049912397,0.566589013767,4.2));
#164 = CARTESIAN_POINT('',(1.162365044979,0.543281646937,4.2));
#165 = CARTESIAN_POINT('',(1.120971796171,0.517268710068,4.2));
#166 = CARTESIAN_POINT('',(1.072996183126,0.491715477929,4.2));
#167 = CARTESIAN_POINT('',(1.022626485997,0.466619625692,4.2));
#168 = CARTESIAN_POINT('',(0.972229194607,0.445773636368,4.2));
#169 = CARTESIAN_POINT('',(0.924205109421,0.42768486677,4.2));
#170 = CARTESIAN_POINT('',(0.89222917814,0.419159384354,4.2));
#171 = CARTESIAN_POINT('',(0.876716857857,0.415023460598,4.2));
#172 = ORIENTED_EDGE('',*,*,#173,.T.);
#173 = EDGE_CURVE('',#158,#174,#176,.T.);
#174 = VERTEX_POINT('',#175);
#175 = CARTESIAN_POINT('',(0.876716857857,0.597950289866,4.2));
#176 = LINE('',#177,#178);
#177 = CARTESIAN_POINT('',(0.876716857857,0.415023460598,4.2));
#178 = VECTOR('',#179,1.);
#179 = DIRECTION('',(0.,1.,0.));
#180 = ORIENTED_EDGE('',*,*,#181,.T.);
#181 = EDGE_CURVE('',#174,#182,#184,.T.);
#182 = VERTEX_POINT('',#183);
#183 = CARTESIAN_POINT('',(1.336034693222,0.835755167915,4.2));
#184 = B_SPLINE_CURVE_WITH_KNOTS('',3,(#185,#186,#187,#188,#189,#190,
    #191,#192,#193,#194,#195),.UNSPECIFIED.,.F.,.F.,(4,1,1,1,1,1,1,1,4),
  (0.,0.121241716272,0.248824178072,0.383591751809,0.525538703232,
    0.664908718228,0.789887097054,0.901546186402,1.),.UNSPECIFIED.);
#185 = CARTESIAN_POINT('',(0.876716857857,0.597950289866,4.2));
#186 = CARTESIAN_POINT('',(0.896921375405,0.603842526764,4.2));
#187 = CARTESIAN_POINT('',(0.938387074067,0.615935155012,4.2));
#188 = CARTESIAN_POINT('',(1.000331792709,0.640432887691,4.2));
#189 = CARTESIAN_POINT('',(1.064823031195,0.668065131166,4.2));
#190 = CARTESIAN_POINT('',(1.129175939055,0.70086664044,4.199999999999)
  );
#191 = CARTESIAN_POINT('',(1.190937271925,0.734873277452,4.2));
#192 = CARTESIAN_POINT('',(1.24662243028,0.768886466183,4.2));
#193 = CARTESIAN_POINT('',(1.294684550598,0.801717312374,4.2));
#194 = CARTESIAN_POINT('',(1.322841179418,0.824894772075,4.199999999999)
  );
#195 = CARTESIAN_POINT('',(1.336034693222,0.835755167915,4.2));
#196 = ORIENTED_EDGE('',*,*,#197,.T.);
#197 = EDGE_CURVE('',#182,#132,#198,.T.);
#198 = LINE('',#199,#200);
#199 = CARTESIAN_POINT('',(1.336034693222,0.835755167915,4.2));
#200 = VECTOR('',#201,1.);
#201 = DIRECTION('',(1.,0.,0.));
#202 = FACE_BOUND('',#203,.T.);
#203 = EDGE_LOOP('',(#204,#230,#254,#278,#294,#302,#318,#342,#366,#390,
    #398,#406,#414));
#204 = ORIENTED_EDGE('',*,*,#205,.T.);
#205 = EDGE_CURVE('',#206,#208,#210,.T.);
#206 = VERTEX_POINT('',#207);
#207 = CARTESIAN_POINT('',(-0.367185581167,-0.608223490621,4.2));
#208 = VERTEX_POINT('',#209);
#209 = CARTESIAN_POINT('',(4.0112437125E-02,-8.566478426E-03,4.2));
#210 = B_SPLINE_CURVE_WITH_KNOTS('',3,(#211,#212,#213,#214,#215,#216,
    #217,#218,#219,#220,#221,#222,#223,#224,#225,#226,#227,#228,#229),
  .UNSPECIFIED.,.F.,.F.,(4,1,1,1,1,1,1,1,1,1,1,1,1,1,1,1,4),(0.,
    8.1358462719E-02,0.157158416669,0.22726263074,0.292665763214,
    0.357039133308,0.424764165763,0.49550426326,0.570614939055,
    0.611150275168,0.655432632097,0.703226099241,0.755132330953,
    0.81060363101,0.869726631125,0.933055712686,1.),.UNSPECIFIED.);
#211 = CARTESIAN_POINT('',(-0.367185581167,-0.608223490621,4.2));
#212 = CARTESIAN_POINT('',(-0.366747143755,-0.587532260178,4.2));
#213 = CARTESIAN_POINT('',(-0.365900223507,-0.547563449231,
    4.199999999999));
#214 = CARTESIAN_POINT('',(-0.359434666324,-0.490035742743,4.2));
#215 = CARTESIAN_POINT('',(-0.34833849433,-0.437380954861,4.2));
#216 = CARTESIAN_POINT('',(-0.332806934883,-0.38886452375,4.2));
#217 = CARTESIAN_POINT('',(-0.311567686516,-0.343217787067,4.2));
#218 = CARTESIAN_POINT('',(-0.284815235029,-0.299029216105,
    4.199999999999));
#219 = CARTESIAN_POINT('',(-0.25258334261,-0.255209875649,4.2));
#220 = CARTESIAN_POINT('',(-0.220801835137,-0.219980780885,
    4.199999999999));
#221 = CARTESIAN_POINT('',(-0.192383564782,-0.190873252016,4.2));
#222 = CARTESIAN_POINT('',(-0.167341195897,-0.168270290752,4.2));
#223 = CARTESIAN_POINT('',(-0.139898657096,-0.144030293626,4.2));
#224 = CARTESIAN_POINT('',(-0.109275582499,-0.119135414789,4.2));
#225 = CARTESIAN_POINT('',(-7.6188196311E-02,-9.2716943247E-02,4.2));
#226 = CARTESIAN_POINT('',(-4.0005012357E-02,-6.554358377E-02,4.2));
#227 = CARTESIAN_POINT('',(-9.25631579E-04,-3.7392958256E-02,
    4.199999999999));
#228 = CARTESIAN_POINT('',(2.6182323994E-02,-1.835144487E-02,
    4.199999999999));
#229 = CARTESIAN_POINT('',(4.0112437125E-02,-8.566478426E-03,4.2));
#230 = ORIENTED_EDGE('',*,*,#231,.T.);
#231 = EDGE_CURVE('',#208,#232,#234,.T.);
#232 = VERTEX_POINT('',#233);
#233 = CARTESIAN_POINT('',(0.346229052979,0.419310808159,4.2));
#234 = B_SPLINE_CURVE_WITH_KNOTS('',3,(#235,#236,#237,#238,#239,#240,
    #241,#242,#243,#244,#245,#246,#247,#248,#249,#250,#251,#252,#253),
  .UNSPECIFIED.,.F.,.F.,(4,1,1,1,1,1,1,1,1,1,1,1,1,1,1,1,4),(0.,
    9.4946371017E-02,0.183528990616,0.265917511754,0.342850332499,
    0.413024061559,0.478019871152,0.537269670906,0.591374949314,
    0.642508483092,0.693149292468,0.743128277156,0.793215033364,
    0.843588945081,0.894814666004,0.946997228792,1.),.UNSPECIFIED.);
#235 = CARTESIAN_POINT('',(4.0112437125E-02,-8.566478426E-03,4.2));
#236 = CARTESIAN_POINT('',(5.4380530588E-02,1.433838512E-03,4.2));
#237 = CARTESIAN_POINT('',(8.1960402923E-02,2.076420421E-02,
    4.199999999999));
#238 = CARTESIAN_POINT('',(0.12074847359,5.0376329803E-02,4.2));
#239 = CARTESIAN_POINT('',(0.156477231591,7.8546785361E-02,
    4.199999999999));
#240 = CARTESIAN_POINT('',(0.188209359769,0.106243037915,4.2));
#241 = CARTESIAN_POINT('',(0.216916516934,0.132542250062,4.2));
#242 = CARTESIAN_POINT('',(0.241658581754,0.158267826849,4.199999999999)
  );
#243 = CARTESIAN_POINT('',(0.263304517988,0.182830210509,4.2));
#244 = CARTESIAN_POINT('',(0.281660093427,0.206831527473,4.199999999999)
  );
#245 = CARTESIAN_POINT('',(0.297044881721,0.230981491842,4.2));
#246 = CARTESIAN_POINT('',(0.310180226247,0.255563314677,4.199999999999)
  );
#247 = CARTESIAN_POINT('',(0.321403724046,0.280859190434,4.2));
#248 = CARTESIAN_POINT('',(0.330684350954,0.306901515419,4.2));
#249 = CARTESIAN_POINT('',(0.33734683427,0.333952331077,4.2));
#250 = CARTESIAN_POINT('',(0.342705467304,0.361680178036,4.2));
#251 = CARTESIAN_POINT('',(0.345415309749,0.390294219743,4.2));
#252 = CARTESIAN_POINT('',(0.345956398811,0.409588461494,4.2));
#253 = CARTESIAN_POINT('',(0.346229052979,0.419310808159,4.2));
#254 = ORIENTED_EDGE('',*,*,#255,.T.);
#255 = EDGE_CURVE('',#232,#256,#258,.T.);
#256 = VERTEX_POINT('',#257);
#257 = CARTESIAN_POINT('',(5.7547650539E-02,0.671121021573,4.2));
#258 = B_SPLINE_CURVE_WITH_KNOTS('',3,(#259,#260,#261,#262,#263,#264,
    #265,#266,#267,#268,#269,#270,#271,#272,#273,#274,#275,#276,#277),
  .UNSPECIFIED.,.F.,.F.,(4,1,1,1,1,1,1,1,1,1,1,1,1,1,1,1,4),(0.,
    6.6030844719E-02,0.129294159676,0.189627139685,0.247856302636,
    0.305101558446,0.362384823195,0.419576824054,0.477910554596,
    0.537166073287,0.597031868114,0.657821282832,0.720448352392,
    0.785432577929,0.853770076472,0.924738698814,1.),.UNSPECIFIED.);
#259 = CARTESIAN_POINT('',(0.346229052979,0.419310808159,4.2));
#260 = CARTESIAN_POINT('',(0.346047694518,0.428852590204,4.2));
#261 = CARTESIAN_POINT('',(0.345692578818,0.447536232623,4.2));
#262 = CARTESIAN_POINT('',(0.341802218714,0.47469632536,4.199999999999)
  );
#263 = CARTESIAN_POINT('',(0.335982873237,0.50034757722,4.2));
#264 = CARTESIAN_POINT('',(0.327219456871,0.524234835614,4.199999999999)
  );
#265 = CARTESIAN_POINT('',(0.316387976056,0.546762767224,4.2));
#266 = CARTESIAN_POINT('',(0.302869480223,0.567620927938,4.2));
#267 = CARTESIAN_POINT('',(0.287069722979,0.587014888917,4.199999999999)
  );
#268 = CARTESIAN_POINT('',(0.268643390384,0.604349898487,4.2));
#269 = CARTESIAN_POINT('',(0.24836888899,0.620074269674,4.2));
#270 = CARTESIAN_POINT('',(0.226306781242,0.633896189595,4.2));
#271 = CARTESIAN_POINT('',(0.202370573408,0.645306191479,4.199999999999)
  );
#272 = CARTESIAN_POINT('',(0.176818510543,0.654728752984,4.2));
#273 = CARTESIAN_POINT('',(0.149500208641,0.662275695155,4.199999999999)
  );
#274 = CARTESIAN_POINT('',(0.120379343473,0.66719201023,4.2));
#275 = CARTESIAN_POINT('',(8.9538587231E-02,0.670467379632,
    4.199999999999));
#276 = CARTESIAN_POINT('',(6.8417966168E-02,0.670898918223,4.2));
#277 = CARTESIAN_POINT('',(5.7547650539E-02,0.671121021573,4.2));
#278 = ORIENTED_EDGE('',*,*,#279,.T.);
#279 = EDGE_CURVE('',#256,#280,#282,.T.);
#280 = VERTEX_POINT('',#281);
#281 = CARTESIAN_POINT('',(-0.312307532386,0.488765838646,4.2));
#282 = B_SPLINE_CURVE_WITH_KNOTS('',3,(#283,#284,#285,#286,#287,#288,
    #289,#290,#291,#292,#293),.UNSPECIFIED.,.F.,.F.,(4,1,1,1,1,1,1,1,4),
  (0.,0.111554841178,0.225516891655,0.343554219769,0.467170028746,
    0.594332573775,0.724983929808,0.859692508059,0.999999999999),
  .UNSPECIFIED.);
#283 = CARTESIAN_POINT('',(5.7547650539E-02,0.671121021573,4.2));
#284 = CARTESIAN_POINT('',(4.1786657493E-02,0.670580974567,4.2));
#285 = CARTESIAN_POINT('',(9.924569539E-03,0.669489227037,4.2));
#286 = CARTESIAN_POINT('',(-3.7853864972E-02,0.660117903408,4.2));
#287 = CARTESIAN_POINT('',(-8.5865745322E-02,0.645165344057,4.2));
#288 = CARTESIAN_POINT('',(-0.133610926362,0.624153703242,4.2));
#289 = CARTESIAN_POINT('',(-0.180853230268,0.598158122484,4.2));
#290 = CARTESIAN_POINT('',(-0.226655004924,0.566829077175,4.199999999999
    ));
#291 = CARTESIAN_POINT('',(-0.270973190219,0.530394872607,4.2));
#292 = CARTESIAN_POINT('',(-0.298343677673,0.502829248189,4.2));
#293 = CARTESIAN_POINT('',(-0.312307532386,0.488765838646,4.2));
#294 = ORIENTED_EDGE('',*,*,#295,.T.);
#295 = EDGE_CURVE('',#280,#296,#298,.T.);
#296 = VERTEX_POINT('',#297);
#297 = CARTESIAN_POINT('',(-0.312307532386,0.672264314256,4.2));
#298 = LINE('',#299,#300);
#299 = CARTESIAN_POINT('',(-0.312307532386,0.488765838646,4.2));
#300 = VECTOR('',#301,1.);
#301 = DIRECTION('',(0.,1.,0.));
#302 = ORIENTED_EDGE('',*,*,#303,.T.);
#303 = EDGE_CURVE('',#296,#304,#306,.T.);
#304 = VERTEX_POINT('',#305);
#305 = CARTESIAN_POINT('',(7.5840333466E-02,0.835755167915,4.2));
#306 = B_SPLINE_CURVE_WITH_KNOTS('',3,(#307,#308,#309,#310,#311,#312,
    #313,#314,#315,#316,#317),.UNSPECIFIED.,.F.,.F.,(4,1,1,1,1,1,1,1,4),
  (0.,0.122881588571,0.243149494643,0.361274925634,0.479609211095,
    0.600631177826,0.726103079565,0.859023881482,1.),.UNSPECIFIED.);
#307 = CARTESIAN_POINT('',(-0.312307532386,0.672264314256,4.2));
#308 = CARTESIAN_POINT('',(-0.299756623021,0.684878974009,4.2));
#309 = CARTESIAN_POINT('',(-0.274921761225,0.709839980616,4.199999999999
    ));
#310 = CARTESIAN_POINT('',(-0.234254487596,0.742930952309,4.2));
#311 = CARTESIAN_POINT('',(-0.19061272955,0.770689071249,4.2));
#312 = CARTESIAN_POINT('',(-0.144593414388,0.794525922308,4.199999999999
    ));
#313 = CARTESIAN_POINT('',(-9.5071119907E-02,0.813281509843,4.2));
#314 = CARTESIAN_POINT('',(-4.1605848622E-02,0.82626809134,
    4.199999999999));
#315 = CARTESIAN_POINT('',(1.5753153989E-02,0.834474734078,4.2));
#316 = CARTESIAN_POINT('',(5.5422382575E-02,0.835320069522,4.2));
#317 = CARTESIAN_POINT('',(7.5840333466E-02,0.835755167915,4.2));
#318 = ORIENTED_EDGE('',*,*,#319,.T.);
#319 = EDGE_CURVE('',#304,#320,#322,.T.);
#320 = VERTEX_POINT('',#321);
#321 = CARTESIAN_POINT('',(0.529155882247,0.433887789866,4.2));
#322 = B_SPLINE_CURVE_WITH_KNOTS('',3,(#323,#324,#325,#326,#327,#328,
    #329,#330,#331,#332,#333,#334,#335,#336,#337,#338,#339,#340,#341),
  .UNSPECIFIED.,.F.,.F.,(4,1,1,1,1,1,1,1,1,1,1,1,1,1,1,1,4),(0.,
    7.2853708443E-02,0.142723709844,0.209531835111,0.273908006946,
    0.336157393249,0.397538572412,0.457907256518,0.518097293835,
    0.577577682083,0.635816047572,0.693618322727,0.751444827289,
    0.810218915018,0.87091158883,0.933819924419,1.),.UNSPECIFIED.);
#323 = CARTESIAN_POINT('',(7.5840333466E-02,0.835755167915,4.2));
#324 = CARTESIAN_POINT('',(9.2433878368E-02,0.835449744243,4.2));
#325 = CARTESIAN_POINT('',(0.124941383317,0.834851405457,4.2));
#326 = CARTESIAN_POINT('',(0.172398374799,0.82947302314,4.199999999999)
  );
#327 = CARTESIAN_POINT('',(0.217531969486,0.821503280827,4.199999999999)
  );
#328 = CARTESIAN_POINT('',(0.259911844673,0.809285429928,4.2));
#329 = CARTESIAN_POINT('',(0.300059942279,0.794255945404,4.199999999999)
  );
#330 = CARTESIAN_POINT('',(0.337475794103,0.775242599451,4.2));
#331 = CARTESIAN_POINT('',(0.372631788529,0.753214520793,4.2));
#332 = CARTESIAN_POINT('',(0.40487529286,0.727770025831,4.2));
#333 = CARTESIAN_POINT('',(0.434002218193,0.699527398914,4.2));
#334 = CARTESIAN_POINT('',(0.459732761395,0.668835059661,4.2));
#335 = CARTESIAN_POINT('',(0.481250303578,0.635481378403,4.2));
#336 = CARTESIAN_POINT('',(0.498721631351,0.599739049748,4.2));
#337 = CARTESIAN_POINT('',(0.512615287238,0.561747423237,4.199999999999)
  );
#338 = CARTESIAN_POINT('',(0.52221289208,0.521266736095,4.199999999999)
  );
#339 = CARTESIAN_POINT('',(0.528012429357,0.47835873486,4.2));
#340 = CARTESIAN_POINT('',(0.528768345067,0.448959809677,4.2));
#341 = CARTESIAN_POINT('',(0.529155882247,0.433887789866,4.2));
#342 = ORIENTED_EDGE('',*,*,#343,.T.);
#343 = EDGE_CURVE('',#320,#344,#346,.T.);
#344 = VERTEX_POINT('',#345);
#345 = CARTESIAN_POINT('',(0.193885302979,-0.10002989306,4.2));
#346 = B_SPLINE_CURVE_WITH_KNOTS('',3,(#347,#348,#349,#350,#351,#352,
    #353,#354,#355,#356,#357,#358,#359,#360,#361,#362,#363,#364,#365),
  .UNSPECIFIED.,.F.,.F.,(4,1,1,1,1,1,1,1,1,1,1,1,1,1,1,1,4),(0.,
    6.1423136907E-02,0.121356548907,0.179082885599,0.235830946564,
    0.291494634483,0.346255914793,0.400407811521,0.454253298306,
    0.509659450128,0.568478222515,0.630635089558,0.696370529068,
    0.766466386812,0.840152334238,0.917818258663,1.),.UNSPECIFIED.);
#347 = CARTESIAN_POINT('',(0.529155882247,0.433887789866,4.2));
#348 = CARTESIAN_POINT('',(0.528974581505,0.420348449444,4.2));
#349 = CARTESIAN_POINT('',(0.528616377195,0.393598144741,4.2));
#350 = CARTESIAN_POINT('',(0.524635049718,0.354302702977,4.2));
#351 = CARTESIAN_POINT('',(0.519106094079,0.316255261847,4.2));
#352 = CARTESIAN_POINT('',(0.510821377337,0.27964655856,4.2));
#353 = CARTESIAN_POINT('',(0.499897394634,0.244434717357,4.199999999999)
  );
#354 = CARTESIAN_POINT('',(0.486749103258,0.21060484602,4.2));
#355 = CARTESIAN_POINT('',(0.471275108128,0.178214572824,4.2));
#356 = CARTESIAN_POINT('',(0.453344537386,0.146949382703,4.199999999999)
  );
#357 = CARTESIAN_POINT('',(0.43243906475,0.116342722172,4.2));
#358 = CARTESIAN_POINT('',(0.408426586793,8.5742060506E-02,
    4.199999999999));
#359 = CARTESIAN_POINT('',(0.380771575751,5.5252173576E-02,4.2));
#360 = CARTESIAN_POINT('',(0.350121405914,2.418568788E-02,4.2));
#361 = CARTESIAN_POINT('',(0.315842146469,-6.774822801E-03,4.2));
#362 = CARTESIAN_POINT('',(0.278237749097,-3.7876678391E-02,
    4.199999999999));
#363 = CARTESIAN_POINT('',(0.237677397644,-6.9576440325E-02,
    4.199999999999));
#364 = CARTESIAN_POINT('',(0.208755027445,-8.9689340623E-02,4.2));
#365 = CARTESIAN_POINT('',(0.193885302979,-0.10002989306,4.2));
#366 = ORIENTED_EDGE('',*,*,#367,.T.);
#367 = EDGE_CURVE('',#344,#368,#370,.T.);
#368 = VERTEX_POINT('',#369);
#369 = CARTESIAN_POINT('',(-0.170539239703,-0.51790336867,4.2));
#370 = B_SPLINE_CURVE_WITH_KNOTS('',3,(#371,#372,#373,#374,#375,#376,
    #377,#378,#379,#380,#381,#382,#383,#384,#385,#386,#387,#388,#389),
  .UNSPECIFIED.,.F.,.F.,(4,1,1,1,1,1,1,1,1,1,1,1,1,1,1,1,4),(0.,
    9.4117563362E-02,0.181014635352,0.259725157265,0.330541192163,
    0.394164029876,0.450008890076,0.497997598119,0.538163229728,
    0.607477229205,0.67057959466,0.727603929465,0.779215356773,
    0.829143152911,0.882179650141,0.938867052006,1.),.UNSPECIFIED.);
#371 = CARTESIAN_POINT('',(0.193885302979,-0.10002989306,4.2));
#372 = CARTESIAN_POINT('',(0.178901967347,-0.110378737433,4.2));
#373 = CARTESIAN_POINT('',(0.150084784467,-0.130282485721,4.199999999999
    ));
#374 = CARTESIAN_POINT('',(0.109139178476,-0.159415199778,4.2));
#375 = CARTESIAN_POINT('',(7.1887573762E-02,-0.185960776264,4.2));
#376 = CARTESIAN_POINT('',(3.856971691E-02,-0.210268517103,4.2));
#377 = CARTESIAN_POINT('',(9.309097612E-03,-0.232612758161,4.2));
#378 = CARTESIAN_POINT('',(-1.6504580532E-02,-0.252193545909,4.2));
#379 = CARTESIAN_POINT('',(-3.826228486E-02,-0.269601717113,
    4.199999999999));
#380 = CARTESIAN_POINT('',(-6.1464903437E-02,-0.289354715072,4.2));
#381 = CARTESIAN_POINT('',(-8.5693878286E-02,-0.312369656932,
    4.199999999999));
#382 = CARTESIAN_POINT('',(-0.110490783051,-0.339417343414,4.2));
#383 = CARTESIAN_POINT('',(-0.130462000826,-0.366050643603,4.2));
#384 = CARTESIAN_POINT('',(-0.145895121132,-0.392677508205,
    4.199999999999));
#385 = CARTESIAN_POINT('',(-0.156979372328,-0.420545187311,4.2));
#386 = CARTESIAN_POINT('',(-0.165075188954,-0.450429972506,4.2));
#387 = CARTESIAN_POINT('',(-0.169480938105,-0.483284535977,
    4.199999999999));
#388 = CARTESIAN_POINT('',(-0.170177709084,-0.506077091512,4.2));
#389 = CARTESIAN_POINT('',(-0.170539239703,-0.51790336867,4.2));
#390 = ORIENTED_EDGE('',*,*,#391,.T.);
#391 = EDGE_CURVE('',#368,#392,#394,.T.);
#392 = VERTEX_POINT('',#393);
#393 = CARTESIAN_POINT('',(0.5657412481,-0.51790336867,4.2));
#394 = LINE('',#395,#396);
#395 = CARTESIAN_POINT('',(-0.170539239703,-0.51790336867,4.2));
#396 = VECTOR('',#397,1.);
#397 = DIRECTION('',(1.,0.,0.));
#398 = ORIENTED_EDGE('',*,*,#399,.T.);
#399 = EDGE_CURVE('',#392,#400,#402,.T.);
#400 = VERTEX_POINT('',#401);
#401 = CARTESIAN_POINT('',(0.5657412481,-0.682537515011,4.2));
#402 = LINE('',#403,#404);
#403 = CARTESIAN_POINT('',(0.5657412481,-0.51790336867,4.2));
#404 = VECTOR('',#405,1.);
#405 = DIRECTION('',(0.,-1.,0.));
#406 = ORIENTED_EDGE('',*,*,#407,.T.);
#407 = EDGE_CURVE('',#400,#408,#410,.T.);
#408 = VERTEX_POINT('',#409);
#409 = CARTESIAN_POINT('',(-0.367185581167,-0.682537515011,4.2));
#410 = LINE('',#411,#412);
#411 = CARTESIAN_POINT('',(0.5657412481,-0.682537515011,4.2));
#412 = VECTOR('',#413,1.);
#413 = DIRECTION('',(-1.,0.,0.));
#414 = ORIENTED_EDGE('',*,*,#415,.T.);
#415 = EDGE_CURVE('',#408,#206,#416,.T.);
#416 = LINE('',#417,#418);
#417 = CARTESIAN_POINT('',(-0.367185581167,-0.682537515011,4.2));
#418 = VECTOR('',#419,1.);
#419 = DIRECTION('',(0.,1.,0.));
#420 = FACE_BOUND('',#421,.T.);
#421 = EDGE_LOOP('',(#422,#448,#472,#496,#512,#520,#536,#560,#584,#608,
    #616,#624,#632));
#422 = ORIENTED_EDGE('',*,*,#423,.T.);
#423 = EDGE_CURVE('',#424,#426,#428,.T.);
#424 = VERTEX_POINT('',#425);
#425 = CARTESIAN_POINT('',(-1.519624605557,-0.608223490621,4.2));
#426 = VERTEX_POINT('',#427);
#427 = CARTESIAN_POINT('',(-1.112326587264,-8.566478426E-03,4.2));
#428 = B_SPLINE_CURVE_WITH_KNOTS('',3,(#429,#430,#431,#432,#433,#434,
    #435,#436,#437,#438,#439,#440,#441,#442,#443,#444,#445,#446,#447),
  .UNSPECIFIED.,.F.,.F.,(4,1,1,1,1,1,1,1,1,1,1,1,1,1,1,1,4),(0.,
    8.1358462719E-02,0.157158416669,0.22726263074,0.292665763214,
    0.357039133308,0.424764165763,0.49550426326,0.570614939055,
    0.611150275168,0.655432632097,0.703226099241,0.755132330953,
    0.81060363101,0.869726631125,0.933055712686,1.),.UNSPECIFIED.);
#429 = CARTESIAN_POINT('',(-1.519624605557,-0.608223490621,4.2));
#430 = CARTESIAN_POINT('',(-1.519186168145,-0.587532260178,4.2));
#431 = CARTESIAN_POINT('',(-1.518339247897,-0.547563449231,
    4.199999999999));
#432 = CARTESIAN_POINT('',(-1.511873690714,-0.490035742743,4.2));
#433 = CARTESIAN_POINT('',(-1.50077751872,-0.437380954861,4.2));
#434 = CARTESIAN_POINT('',(-1.485245959273,-0.38886452375,4.2));
#435 = CARTESIAN_POINT('',(-1.464006710906,-0.343217787067,4.2));
#436 = CARTESIAN_POINT('',(-1.437254259419,-0.299029216105,
    4.199999999999));
#437 = CARTESIAN_POINT('',(-1.405022367001,-0.255209875649,4.2));
#438 = CARTESIAN_POINT('',(-1.373240859528,-0.219980780885,4.2));
#439 = CARTESIAN_POINT('',(-1.344822589172,-0.190873252016,
    4.199999999999));
#440 = CARTESIAN_POINT('',(-1.319780220287,-0.168270290752,4.2));
#441 = CARTESIAN_POINT('',(-1.292337681486,-0.144030293626,4.2));
#442 = CARTESIAN_POINT('',(-1.261714606889,-0.119135414789,
    4.199999999999));
#443 = CARTESIAN_POINT('',(-1.228627220701,-9.2716943247E-02,4.2));
#444 = CARTESIAN_POINT('',(-1.192444036747,-6.554358377E-02,
    4.199999999999));
#445 = CARTESIAN_POINT('',(-1.15336465597,-3.7392958256E-02,4.2));
#446 = CARTESIAN_POINT('',(-1.126256700396,-1.835144487E-02,4.2));
#447 = CARTESIAN_POINT('',(-1.112326587264,-8.566478426E-03,4.2));
#448 = ORIENTED_EDGE('',*,*,#449,.T.);
#449 = EDGE_CURVE('',#426,#450,#452,.T.);
#450 = VERTEX_POINT('',#451);
#451 = CARTESIAN_POINT('',(-0.806209971411,0.419310808159,4.2));
#452 = B_SPLINE_CURVE_WITH_KNOTS('',3,(#453,#454,#455,#456,#457,#458,
    #459,#460,#461,#462,#463,#464,#465,#466,#467,#468,#469,#470,#471),
  .UNSPECIFIED.,.F.,.F.,(4,1,1,1,1,1,1,1,1,1,1,1,1,1,1,1,4),(0.,
    9.4946371017E-02,0.183528990616,0.265917511754,0.342850332499,
    0.413024061559,0.478019871152,0.537269670906,0.591374949314,
    0.642508483092,0.693149292468,0.743128277156,0.793215033364,
    0.843588945081,0.894814666004,0.946997228792,1.),.UNSPECIFIED.);
#453 = CARTESIAN_POINT('',(-1.112326587264,-8.566478426E-03,4.2));
#454 = CARTESIAN_POINT('',(-1.098058493801,1.433838512E-03,4.2));
#455 = CARTESIAN_POINT('',(-1.070478621466,2.076420421E-02,
    4.199999999999));
#456 = CARTESIAN_POINT('',(-1.031690550799,5.0376329803E-02,4.2));
#457 = CARTESIAN_POINT('',(-0.995961792798,7.8546785361E-02,4.2));
#458 = CARTESIAN_POINT('',(-0.96422966462,0.106243037915,4.2));
#459 = CARTESIAN_POINT('',(-0.935522507455,0.132542250062,4.2));
#460 = CARTESIAN_POINT('',(-0.910780442635,0.158267826849,4.2));
#461 = CARTESIAN_POINT('',(-0.889134506401,0.182830210509,4.2));
#462 = CARTESIAN_POINT('',(-0.870778930963,0.206831527473,4.2));
#463 = CARTESIAN_POINT('',(-0.855394142668,0.230981491842,4.2));
#464 = CARTESIAN_POINT('',(-0.842258798142,0.255563314677,4.2));
#465 = CARTESIAN_POINT('',(-0.831035300343,0.280859190434,4.2));
#466 = CARTESIAN_POINT('',(-0.821754673435,0.306901515419,4.2));
#467 = CARTESIAN_POINT('',(-0.815092190119,0.333952331077,4.2));
#468 = CARTESIAN_POINT('',(-0.809733557085,0.361680178036,4.199999999999
    ));
#469 = CARTESIAN_POINT('',(-0.80702371464,0.390294219743,4.2));
#470 = CARTESIAN_POINT('',(-0.806482625579,0.409588461494,4.2));
#471 = CARTESIAN_POINT('',(-0.806209971411,0.419310808159,4.2));
#472 = ORIENTED_EDGE('',*,*,#473,.T.);
#473 = EDGE_CURVE('',#450,#474,#476,.T.);
#474 = VERTEX_POINT('',#475);
#475 = CARTESIAN_POINT('',(-1.09489137385,0.671121021573,4.2));
#476 = B_SPLINE_CURVE_WITH_KNOTS('',3,(#477,#478,#479,#480,#481,#482,
    #483,#484,#485,#486,#487,#488,#489,#490,#491,#492,#493,#494,#495),
  .UNSPECIFIED.,.F.,.F.,(4,1,1,1,1,1,1,1,1,1,1,1,1,1,1,1,4),(0.,
    6.6030844719E-02,0.129294159676,0.189627139685,0.247856302636,
    0.305101558446,0.362384823195,0.419576824054,0.477910554596,
    0.537166073287,0.597031868114,0.657821282832,0.720448352392,
    0.785432577929,0.853770076472,0.924738698814,1.),.UNSPECIFIED.);
#477 = CARTESIAN_POINT('',(-0.806209971411,0.419310808159,4.2));
#478 = CARTESIAN_POINT('',(-0.806391329871,0.428852590204,4.2));
#479 = CARTESIAN_POINT('',(-0.806746445572,0.447536232623,4.199999999999
    ));
#480 = CARTESIAN_POINT('',(-0.810636805675,0.47469632536,4.2));
#481 = CARTESIAN_POINT('',(-0.816456151152,0.50034757722,4.2));
#482 = CARTESIAN_POINT('',(-0.825219567518,0.524234835614,4.2));
#483 = CARTESIAN_POINT('',(-0.836051048333,0.546762767224,4.2));
#484 = CARTESIAN_POINT('',(-0.849569544166,0.567620927938,4.2));
#485 = CARTESIAN_POINT('',(-0.86536930141,0.587014888917,4.199999999999)
  );
#486 = CARTESIAN_POINT('',(-0.883795634005,0.604349898487,4.2));
#487 = CARTESIAN_POINT('',(-0.904070135399,0.620074269674,4.2));
#488 = CARTESIAN_POINT('',(-0.926132243148,0.633896189595,4.2));
#489 = CARTESIAN_POINT('',(-0.950068450981,0.645306191479,4.2));
#490 = CARTESIAN_POINT('',(-0.975620513846,0.654728752984,4.2));
#491 = CARTESIAN_POINT('',(-1.002938815748,0.662275695155,4.199999999999
    ));
#492 = CARTESIAN_POINT('',(-1.032059680916,0.66719201023,4.2));
#493 = CARTESIAN_POINT('',(-1.062900437158,0.670467379632,4.199999999999
    ));
#494 = CARTESIAN_POINT('',(-1.084021058221,0.670898918223,4.2));
#495 = CARTESIAN_POINT('',(-1.09489137385,0.671121021573,4.2));
#496 = ORIENTED_EDGE('',*,*,#497,.T.);
#497 = EDGE_CURVE('',#474,#498,#500,.T.);
#498 = VERTEX_POINT('',#499);
#499 = CARTESIAN_POINT('',(-1.464746556777,0.488765838646,4.2));
#500 = B_SPLINE_CURVE_WITH_KNOTS('',3,(#501,#502,#503,#504,#505,#506,
    #507,#508,#509,#510,#511),.UNSPECIFIED.,.F.,.F.,(4,1,1,1,1,1,1,1,4),
  (0.,0.111554841178,0.225516891655,0.343554219769,0.467170028746,
    0.594332573775,0.724983929808,0.859692508059,0.999999999999),
  .UNSPECIFIED.);
#501 = CARTESIAN_POINT('',(-1.09489137385,0.671121021573,4.2));
#502 = CARTESIAN_POINT('',(-1.110652366896,0.670580974567,4.2));
#503 = CARTESIAN_POINT('',(-1.14251445485,0.669489227037,4.2));
#504 = CARTESIAN_POINT('',(-1.190292889362,0.660117903408,4.2));
#505 = CARTESIAN_POINT('',(-1.238304769712,0.645165344057,4.2));
#506 = CARTESIAN_POINT('',(-1.286049950752,0.624153703242,4.2));
#507 = CARTESIAN_POINT('',(-1.333292254658,0.598158122484,4.2));
#508 = CARTESIAN_POINT('',(-1.379094029314,0.566829077175,4.199999999999
    ));
#509 = CARTESIAN_POINT('',(-1.423412214609,0.530394872607,4.2));
#510 = CARTESIAN_POINT('',(-1.450782702063,0.502829248189,4.2));
#511 = CARTESIAN_POINT('',(-1.464746556777,0.488765838646,4.2));
#512 = ORIENTED_EDGE('',*,*,#513,.T.);
#513 = EDGE_CURVE('',#498,#514,#516,.T.);
#514 = VERTEX_POINT('',#515);
#515 = CARTESIAN_POINT('',(-1.464746556777,0.672264314256,4.2));
#516 = LINE('',#517,#518);
#517 = CARTESIAN_POINT('',(-1.464746556777,0.488765838646,4.2));
#518 = VECTOR('',#519,1.);
#519 = DIRECTION('',(0.,1.,0.));
#520 = ORIENTED_EDGE('',*,*,#521,.T.);
#521 = EDGE_CURVE('',#514,#522,#524,.T.);
#522 = VERTEX_POINT('',#523);
#523 = CARTESIAN_POINT('',(-1.076598690923,0.835755167915,4.2));
#524 = B_SPLINE_CURVE_WITH_KNOTS('',3,(#525,#526,#527,#528,#529,#530,
    #531,#532,#533,#534,#535),.UNSPECIFIED.,.F.,.F.,(4,1,1,1,1,1,1,1,4),
  (0.,0.122881588571,0.243149494643,0.361274925634,0.479609211095,
    0.600631177826,0.726103079565,0.859023881482,1.),.UNSPECIFIED.);
#525 = CARTESIAN_POINT('',(-1.464746556777,0.672264314256,4.2));
#526 = CARTESIAN_POINT('',(-1.452195647411,0.684878974009,4.2));
#527 = CARTESIAN_POINT('',(-1.427360785615,0.709839980616,4.199999999999
    ));
#528 = CARTESIAN_POINT('',(-1.386693511986,0.742930952309,4.2));
#529 = CARTESIAN_POINT('',(-1.34305175394,0.770689071249,4.199999999999)
  );
#530 = CARTESIAN_POINT('',(-1.297032438778,0.794525922308,4.2));
#531 = CARTESIAN_POINT('',(-1.247510144297,0.813281509843,4.199999999999
    ));
#532 = CARTESIAN_POINT('',(-1.194044873012,0.82626809134,4.2));
#533 = CARTESIAN_POINT('',(-1.1366858704,0.834474734078,4.2));
#534 = CARTESIAN_POINT('',(-1.097016641814,0.835320069522,4.2));
#535 = CARTESIAN_POINT('',(-1.076598690923,0.835755167915,4.2));
#536 = ORIENTED_EDGE('',*,*,#537,.T.);
#537 = EDGE_CURVE('',#522,#538,#540,.T.);
#538 = VERTEX_POINT('',#539);
#539 = CARTESIAN_POINT('',(-0.623283142142,0.433887789866,4.2));
#540 = B_SPLINE_CURVE_WITH_KNOTS('',3,(#541,#542,#543,#544,#545,#546,
    #547,#548,#549,#550,#551,#552,#553,#554,#555,#556,#557,#558,#559),
  .UNSPECIFIED.,.F.,.F.,(4,1,1,1,1,1,1,1,1,1,1,1,1,1,1,1,4),(0.,
    7.2853708443E-02,0.142723709844,0.209531835111,0.273908006946,
    0.336157393249,0.397538572412,0.457907256518,0.518097293835,
    0.577577682083,0.635816047572,0.693618322727,0.751444827289,
    0.810218915018,0.87091158883,0.933819924419,1.),.UNSPECIFIED.);
#541 = CARTESIAN_POINT('',(-1.076598690923,0.835755167915,4.2));
#542 = CARTESIAN_POINT('',(-1.060005146021,0.835449744243,4.2));
#543 = CARTESIAN_POINT('',(-1.027497641072,0.834851405457,4.2));
#544 = CARTESIAN_POINT('',(-0.980040649591,0.82947302314,4.199999999999)
  );
#545 = CARTESIAN_POINT('',(-0.934907054903,0.821503280827,4.199999999999
    ));
#546 = CARTESIAN_POINT('',(-0.892527179716,0.809285429928,4.2));
#547 = CARTESIAN_POINT('',(-0.85237908211,0.794255945404,4.199999999999)
  );
#548 = CARTESIAN_POINT('',(-0.814963230286,0.775242599451,4.2));
#549 = CARTESIAN_POINT('',(-0.779807235861,0.753214520793,4.199999999999
    ));
#550 = CARTESIAN_POINT('',(-0.747563731529,0.727770025831,4.2));
#551 = CARTESIAN_POINT('',(-0.718436806196,0.699527398914,4.2));
#552 = CARTESIAN_POINT('',(-0.692706262994,0.668835059661,4.199999999999
    ));
#553 = CARTESIAN_POINT('',(-0.671188720811,0.635481378403,4.2));
#554 = CARTESIAN_POINT('',(-0.653717393039,0.599739049748,4.199999999999
    ));
#555 = CARTESIAN_POINT('',(-0.639823737152,0.561747423237,4.2));
#556 = CARTESIAN_POINT('',(-0.63022613231,0.521266736095,4.199999999999)
  );
#557 = CARTESIAN_POINT('',(-0.624426595032,0.47835873486,4.2));
#558 = CARTESIAN_POINT('',(-0.623670679322,0.448959809677,4.2));
#559 = CARTESIAN_POINT('',(-0.623283142142,0.433887789866,4.2));
#560 = ORIENTED_EDGE('',*,*,#561,.T.);
#561 = EDGE_CURVE('',#538,#562,#564,.T.);
#562 = VERTEX_POINT('',#563);
#563 = CARTESIAN_POINT('',(-0.958553721411,-0.10002989306,4.2));
#564 = B_SPLINE_CURVE_WITH_KNOTS('',3,(#565,#566,#567,#568,#569,#570,
    #571,#572,#573,#574,#575,#576,#577,#578,#579,#580,#581,#582,#583),
  .UNSPECIFIED.,.F.,.F.,(4,1,1,1,1,1,1,1,1,1,1,1,1,1,1,1,4),(0.,
    6.1423136907E-02,0.121356548907,0.179082885599,0.235830946564,
    0.291494634483,0.346255914793,0.400407811521,0.454253298306,
    0.509659450128,0.568478222515,0.630635089558,0.696370529068,
    0.766466386812,0.840152334238,0.917818258663,1.),.UNSPECIFIED.);
#565 = CARTESIAN_POINT('',(-0.623283142142,0.433887789866,4.2));
#566 = CARTESIAN_POINT('',(-0.623464442884,0.420348449444,4.2));
#567 = CARTESIAN_POINT('',(-0.623822647194,0.393598144741,4.2));
#568 = CARTESIAN_POINT('',(-0.627803974672,0.354302702977,4.2));
#569 = CARTESIAN_POINT('',(-0.633332930311,0.316255261847,4.2));
#570 = CARTESIAN_POINT('',(-0.641617647052,0.27964655856,4.2));
#571 = CARTESIAN_POINT('',(-0.652541629756,0.244434717357,4.199999999999
    ));
#572 = CARTESIAN_POINT('',(-0.665689921132,0.21060484602,4.2));
#573 = CARTESIAN_POINT('',(-0.681163916261,0.178214572824,4.2));
#574 = CARTESIAN_POINT('',(-0.699094487003,0.146949382703,4.199999999999
    ));
#575 = CARTESIAN_POINT('',(-0.719999959639,0.116342722172,4.2));
#576 = CARTESIAN_POINT('',(-0.744012437597,8.5742060506E-02,4.2));
#577 = CARTESIAN_POINT('',(-0.771667448638,5.5252173576E-02,4.2));
#578 = CARTESIAN_POINT('',(-0.802317618475,2.418568788E-02,
    4.199999999999));
#579 = CARTESIAN_POINT('',(-0.83659687792,-6.774822801E-03,4.2));
#580 = CARTESIAN_POINT('',(-0.874201275292,-3.7876678391E-02,
    4.199999999999));
#581 = CARTESIAN_POINT('',(-0.914761626745,-6.9576440325E-02,4.2));
#582 = CARTESIAN_POINT('',(-0.943683996944,-8.9689340623E-02,4.2));
#583 = CARTESIAN_POINT('',(-0.958553721411,-0.10002989306,4.2));
#584 = ORIENTED_EDGE('',*,*,#585,.T.);
#585 = EDGE_CURVE('',#562,#586,#588,.T.);
#586 = VERTEX_POINT('',#587);
#587 = CARTESIAN_POINT('',(-1.322978264094,-0.51790336867,4.2));
#588 = B_SPLINE_CURVE_WITH_KNOTS('',3,(#589,#590,#591,#592,#593,#594,
    #595,#596,#597,#598,#599,#600,#601,#602,#603,#604,#605,#606,#607),
  .UNSPECIFIED.,.F.,.F.,(4,1,1,1,1,1,1,1,1,1,1,1,1,1,1,1,4),(0.,
    9.4117563362E-02,0.181014635352,0.259725157265,0.330541192163,
    0.394164029876,0.450008890076,0.497997598119,0.538163229728,
    0.607477229205,0.67057959466,0.727603929465,0.779215356773,
    0.829143152911,0.882179650141,0.938867052006,1.),.UNSPECIFIED.);
#589 = CARTESIAN_POINT('',(-0.958553721411,-0.10002989306,4.2));
#590 = CARTESIAN_POINT('',(-0.973537057042,-0.110378737433,
    4.199999999999));
#591 = CARTESIAN_POINT('',(-1.002354239922,-0.130282485721,4.2));
#592 = CARTESIAN_POINT('',(-1.043299845914,-0.159415199778,4.2));
#593 = CARTESIAN_POINT('',(-1.080551450627,-0.185960776264,4.2));
#594 = CARTESIAN_POINT('',(-1.113869307479,-0.210268517103,4.2));
#595 = CARTESIAN_POINT('',(-1.143129926777,-0.232612758161,4.2));
#596 = CARTESIAN_POINT('',(-1.168943604923,-0.252193545909,4.2));
#597 = CARTESIAN_POINT('',(-1.19070130925,-0.269601717113,4.199999999999
    ));
#598 = CARTESIAN_POINT('',(-1.213903927828,-0.289354715072,4.2));
#599 = CARTESIAN_POINT('',(-1.238132902676,-0.312369656932,4.2));
#600 = CARTESIAN_POINT('',(-1.262929807441,-0.339417343414,
    4.199999999999));
#601 = CARTESIAN_POINT('',(-1.282901025216,-0.366050643603,4.2));
#602 = CARTESIAN_POINT('',(-1.298334145522,-0.392677508205,
    4.199999999999));
#603 = CARTESIAN_POINT('',(-1.309418396719,-0.420545187311,4.2));
#604 = CARTESIAN_POINT('',(-1.317514213344,-0.450429972506,4.2));
#605 = CARTESIAN_POINT('',(-1.321919962495,-0.483284535977,
    4.199999999999));
#606 = CARTESIAN_POINT('',(-1.322616733474,-0.506077091512,
    4.199999999999));
#607 = CARTESIAN_POINT('',(-1.322978264094,-0.51790336867,4.2));
#608 = ORIENTED_EDGE('',*,*,#609,.T.);
#609 = EDGE_CURVE('',#586,#610,#612,.T.);
#610 = VERTEX_POINT('',#611);
#611 = CARTESIAN_POINT('',(-0.586697776289,-0.51790336867,4.2));
#612 = LINE('',#613,#614);
#613 = CARTESIAN_POINT('',(-1.322978264094,-0.51790336867,4.2));
#614 = VECTOR('',#615,1.);
#615 = DIRECTION('',(1.,0.,0.));
#616 = ORIENTED_EDGE('',*,*,#617,.T.);
#617 = EDGE_CURVE('',#610,#618,#620,.T.);
#618 = VERTEX_POINT('',#619);
#619 = CARTESIAN_POINT('',(-0.586697776289,-0.682537515011,4.2));
#620 = LINE('',#621,#622);
#621 = CARTESIAN_POINT('',(-0.586697776289,-0.51790336867,4.2));
#622 = VECTOR('',#623,1.);
#623 = DIRECTION('',(0.,-1.,0.));
#624 = ORIENTED_EDGE('',*,*,#625,.T.);
#625 = EDGE_CURVE('',#618,#626,#628,.T.);
#626 = VERTEX_POINT('',#627);
#627 = CARTESIAN_POINT('',(-1.519624605557,-0.682537515011,4.2));
#628 = LINE('',#629,#630);
#629 = CARTESIAN_POINT('',(-0.586697776289,-0.682537515011,4.2));
#630 = VECTOR('',#631,1.);
#631 = DIRECTION('',(-1.,0.,0.));
#632 = ORIENTED_EDGE('',*,*,#633,.T.);
#633 = EDGE_CURVE('',#626,#424,#634,.T.);
#634 = LINE('',#635,#636);
#635 = CARTESIAN_POINT('',(-1.519624605557,-0.682537515011,4.2));
#636 = VECTOR('',#637,1.);
#637 = DIRECTION('',(0.,1.,0.));
#638 = PLANE('',#639);
#639 = AXIS2_PLACEMENT_3D('',#640,#641,#642);
#640 = CARTESIAN_POINT('',(0.,0.,4.2));
#641 = DIRECTION('',(0.,0.,1.));
#642 = DIRECTION('',(1.,0.,0.));
#643 = ADVANCED_FACE('',(#644,#654),#674,.T.);
#644 = FACE_BOUND('',#645,.T.);
#645 = EDGE_LOOP('',(#646,#647));
#646 = ORIENTED_EDGE('',*,*,#89,.F.);
#647 = ORIENTED_EDGE('',*,*,#648,.F.);
#648 = EDGE_CURVE('',#92,#90,#649,.T.);
#649 = CIRCLE('',#650,3.799999999999);
#650 = AXIS2_PLACEMENT_3D('',#651,#652,#653);
#651 = CARTESIAN_POINT('',(0.,0.,2.599999999999));
#652 = DIRECTION('',(0.,0.,1.));
#653 = DIRECTION('',(1.,0.,0.));
#654 = FACE_BOUND('',#655,.T.);
#655 = EDGE_LOOP('',(#656,#667));
#656 = ORIENTED_EDGE('',*,*,#657,.T.);
#657 = EDGE_CURVE('',#658,#660,#662,.T.);
#658 = VERTEX_POINT('',#659);
#659 = CARTESIAN_POINT('',(4.,0.,2.599999999999));
#660 = VERTEX_POINT('',#661);
#661 = CARTESIAN_POINT('',(-4.,4.898587196589E-16,2.599999999999));
#662 = CIRCLE('',#663,4.);
#663 = AXIS2_PLACEMENT_3D('',#664,#665,#666);
#664 = CARTESIAN_POINT('',(0.,0.,2.599999999999));
#665 = DIRECTION('',(0.,0.,1.));
#666 = DIRECTION('',(1.,0.,0.));
#667 = ORIENTED_EDGE('',*,*,#668,.T.);
#668 = EDGE_CURVE('',#660,#658,#669,.T.);
#669 = CIRCLE('',#670,4.);
#670 = AXIS2_PLACEMENT_3D('',#671,#672,#673);
#671 = CARTESIAN_POINT('',(0.,0.,2.599999999999));
#672 = DIRECTION('',(0.,0.,1.));
#673 = DIRECTION('',(1.,0.,0.));
#674 = PLANE('',#675);
#675 = AXIS2_PLACEMENT_3D('',#676,#677,#678);
#676 = CARTESIAN_POINT('',(0.,0.,2.599999999999));
#677 = DIRECTION('',(0.,0.,1.));
#678 = DIRECTION('',(1.,0.,0.));
#679 = ADVANCED_FACE('',(#680),#706,.F.);
#680 = FACE_BOUND('',#681,.F.);
#681 = EDGE_LOOP('',(#682,#690,#699,#705));
#682 = ORIENTED_EDGE('',*,*,#683,.T.);
#683 = EDGE_CURVE('',#658,#684,#686,.T.);
#684 = VERTEX_POINT('',#685);
#685 = CARTESIAN_POINT('',(4.,0.,4.099999999999));
#686 = LINE('',#687,#688);
#687 = CARTESIAN_POINT('',(4.,0.,2.599999999999));
#688 = VECTOR('',#689,1.);
#689 = DIRECTION('',(0.,0.,1.));
#690 = ORIENTED_EDGE('',*,*,#691,.F.);
#691 = EDGE_CURVE('',#692,#684,#694,.T.);
#692 = VERTEX_POINT('',#693);
#693 = CARTESIAN_POINT('',(-4.,4.898587196589E-16,4.099999999999));
#694 = CIRCLE('',#695,4.);
#695 = AXIS2_PLACEMENT_3D('',#696,#697,#698);
#696 = CARTESIAN_POINT('',(0.,0.,4.099999999999));
#697 = DIRECTION('',(0.,0.,1.));
#698 = DIRECTION('',(1.,0.,0.));
#699 = ORIENTED_EDGE('',*,*,#700,.F.);
#700 = EDGE_CURVE('',#660,#692,#701,.T.);
#701 = LINE('',#702,#703);
#702 = CARTESIAN_POINT('',(-4.,4.898587196589E-16,2.599999999999));
#703 = VECTOR('',#704,1.);
#704 = DIRECTION('',(0.,0.,1.));
#705 = ORIENTED_EDGE('',*,*,#668,.T.);
#706 = CYLINDRICAL_SURFACE('',#707,4.);
#707 = AXIS2_PLACEMENT_3D('',#708,#709,#710);
#708 = CARTESIAN_POINT('',(0.,0.,2.599999999999));
#709 = DIRECTION('',(0.,0.,1.));
#710 = DIRECTION('',(1.,0.,0.));
#711 = ADVANCED_FACE('',(#712,#722),#789,.T.);
#712 = FACE_BOUND('',#713,.T.);
#713 = EDGE_LOOP('',(#714,#721));
#714 = ORIENTED_EDGE('',*,*,#715,.F.);
#715 = EDGE_CURVE('',#684,#692,#716,.T.);
#716 = CIRCLE('',#717,4.);
#717 = AXIS2_PLACEMENT_3D('',#718,#719,#720);
#718 = CARTESIAN_POINT('',(0.,0.,4.099999999999));
#719 = DIRECTION('',(0.,0.,1.));
#720 = DIRECTION('',(1.,0.,0.));
#721 = ORIENTED_EDGE('',*,*,#691,.F.);
#722 = FACE_BOUND('',#723,.T.);
#723 = EDGE_LOOP('',(#724,#734,#743,#751,#759,#767,#775,#783));
#724 = ORIENTED_EDGE('',*,*,#725,.T.);
#725 = EDGE_CURVE('',#726,#728,#730,.T.);
#726 = VERTEX_POINT('',#727);
#727 = CARTESIAN_POINT('',(-3.149999999999,-5.15,4.099999999999));
#728 = VERTEX_POINT('',#729);
#729 = CARTESIAN_POINT('',(3.949999999999,-5.15,4.099999999999));
#730 = LINE('',#731,#732);
#731 = CARTESIAN_POINT('',(-5.149999999999,-5.15,4.099999999999));
#732 = VECTOR('',#733,1.);
#733 = DIRECTION('',(1.,0.,0.));
#734 = ORIENTED_EDGE('',*,*,#735,.T.);
#735 = EDGE_CURVE('',#728,#736,#738,.T.);
#736 = VERTEX_POINT('',#737);
#737 = CARTESIAN_POINT('',(5.15,-3.949999999999,4.099999999999));
#738 = CIRCLE('',#739,1.199999999999);
#739 = AXIS2_PLACEMENT_3D('',#740,#741,#742);
#740 = CARTESIAN_POINT('',(3.95,-3.95,4.099999999999));
#741 = DIRECTION('',(0.,0.,1.));
#742 = DIRECTION('',(1.,0.,0.));
#743 = ORIENTED_EDGE('',*,*,#744,.T.);
#744 = EDGE_CURVE('',#736,#745,#747,.T.);
#745 = VERTEX_POINT('',#746);
#746 = CARTESIAN_POINT('',(5.15,3.149999999999,4.099999999999));
#747 = LINE('',#748,#749);
#748 = CARTESIAN_POINT('',(5.15,5.149999999999,4.099999999999));
#749 = VECTOR('',#750,1.);
#750 = DIRECTION('',(-1.684197549492E-16,1.,0.));
#751 = ORIENTED_EDGE('',*,*,#752,.T.);
#752 = EDGE_CURVE('',#745,#753,#755,.T.);
#753 = VERTEX_POINT('',#754);
#754 = CARTESIAN_POINT('',(3.149999999999,5.149999999999,4.099999999999)
  );
#755 = LINE('',#756,#757);
#756 = CARTESIAN_POINT('',(4.15,4.149999999999,4.099999999999));
#757 = VECTOR('',#758,1.);
#758 = DIRECTION('',(-0.707106781187,0.707106781187,0.));
#759 = ORIENTED_EDGE('',*,*,#760,.T.);
#760 = EDGE_CURVE('',#753,#761,#763,.T.);
#761 = VERTEX_POINT('',#762);
#762 = CARTESIAN_POINT('',(-3.649999999999,5.149999999999,4.099999999999
    ));
#763 = LINE('',#764,#765);
#764 = CARTESIAN_POINT('',(-5.15,5.149999999999,4.099999999999));
#765 = VECTOR('',#766,1.);
#766 = DIRECTION('',(-1.,0.,0.));
#767 = ORIENTED_EDGE('',*,*,#768,.T.);
#768 = EDGE_CURVE('',#761,#769,#771,.T.);
#769 = VERTEX_POINT('',#770);
#770 = CARTESIAN_POINT('',(-5.15,3.65,4.099999999999));
#771 = LINE('',#772,#773);
#772 = CARTESIAN_POINT('',(-4.399999999999,4.4,4.099999999999));
#773 = VECTOR('',#774,1.);
#774 = DIRECTION('',(-0.707106781187,-0.707106781187,0.));
#775 = ORIENTED_EDGE('',*,*,#776,.T.);
#776 = EDGE_CURVE('',#769,#777,#779,.T.);
#777 = VERTEX_POINT('',#778);
#778 = CARTESIAN_POINT('',(-5.149999999999,-3.149999999999,
    4.099999999999));
#779 = LINE('',#780,#781);
#780 = CARTESIAN_POINT('',(-5.15,5.149999999999,4.099999999999));
#781 = VECTOR('',#782,1.);
#782 = DIRECTION('',(1.684197549492E-16,-1.,0.));
#783 = ORIENTED_EDGE('',*,*,#784,.T.);
#784 = EDGE_CURVE('',#777,#726,#785,.T.);
#785 = LINE('',#786,#787);
#786 = CARTESIAN_POINT('',(-4.15,-4.149999999999,4.099999999999));
#787 = VECTOR('',#788,1.);
#788 = DIRECTION('',(0.707106781187,-0.707106781187,0.));
#789 = PLANE('',#790);
#790 = AXIS2_PLACEMENT_3D('',#791,#792,#793);
#791 = CARTESIAN_POINT('',(0.,0.,4.099999999999));
#792 = DIRECTION('',(0.,0.,1.));
#793 = DIRECTION('',(1.,0.,0.));
#794 = ADVANCED_FACE('',(#795),#831,.F.);
#795 = FACE_BOUND('',#796,.T.);
#796 = EDGE_LOOP('',(#797,#807,#816,#824));
#797 = ORIENTED_EDGE('',*,*,#798,.F.);
#798 = EDGE_CURVE('',#799,#801,#803,.T.);
#799 = VERTEX_POINT('',#800);
#800 = CARTESIAN_POINT('',(5.15,-1.03746839049,0.));
#801 = VERTEX_POINT('',#802);
#802 = CARTESIAN_POINT('',(5.149999999999,8.673617379884E-16,0.));
#803 = LINE('',#804,#805);
#804 = CARTESIAN_POINT('',(5.15,5.149999999999,0.));
#805 = VECTOR('',#806,1.);
#806 = DIRECTION('',(-1.684197549492E-16,1.,0.));
#807 = ORIENTED_EDGE('',*,*,#808,.T.);
#808 = EDGE_CURVE('',#799,#809,#811,.T.);
#809 = VERTEX_POINT('',#810);
#810 = CARTESIAN_POINT('',(1.812354312741,-5.15,0.));
#811 = CIRCLE('',#812,5.315005099934);
#812 = AXIS2_PLACEMENT_3D('',#813,#814,#815);
#813 = CARTESIAN_POINT('',(-9.6971349484E-02,-0.189782794282,0.));
#814 = DIRECTION('',(0.,0.,-1.));
#815 = DIRECTION('',(-1.,0.,0.));
#816 = ORIENTED_EDGE('',*,*,#817,.F.);
#817 = EDGE_CURVE('',#818,#809,#820,.T.);
#818 = VERTEX_POINT('',#819);
#819 = CARTESIAN_POINT('',(0.,-5.149999999999,0.));
#820 = LINE('',#821,#822);
#821 = CARTESIAN_POINT('',(-5.149999999999,-5.15,0.));
#822 = VECTOR('',#823,1.);
#823 = DIRECTION('',(1.,0.,0.));
#824 = ORIENTED_EDGE('',*,*,#825,.F.);
#825 = EDGE_CURVE('',#801,#818,#826,.T.);
#826 = CIRCLE('',#827,5.149999999999);
#827 = AXIS2_PLACEMENT_3D('',#828,#829,#830);
#828 = CARTESIAN_POINT('',(0.,0.,0.));
#829 = DIRECTION('',(0.,0.,-1.));
#830 = DIRECTION('',(-1.,0.,0.));
#831 = PLANE('',#832);
#832 = AXIS2_PLACEMENT_3D('',#833,#834,#835);
#833 = CARTESIAN_POINT('',(0.,0.,0.));
#834 = DIRECTION('',(0.,0.,1.));
#835 = DIRECTION('',(1.,0.,0.));
#836 = ADVANCED_FACE('',(#837),#885,.F.);
#837 = FACE_BOUND('',#838,.T.);
#838 = EDGE_LOOP('',(#839,#847,#848,#856,#864,#870,#871,#879));
#839 = ORIENTED_EDGE('',*,*,#840,.T.);
#840 = EDGE_CURVE('',#841,#818,#843,.T.);
#841 = VERTEX_POINT('',#842);
#842 = CARTESIAN_POINT('',(-3.15,-5.149999999999,0.));
#843 = LINE('',#844,#845);
#844 = CARTESIAN_POINT('',(-5.149999999999,-5.15,0.));
#845 = VECTOR('',#846,1.);
#846 = DIRECTION('',(1.,0.,0.));
#847 = ORIENTED_EDGE('',*,*,#817,.T.);
#848 = ORIENTED_EDGE('',*,*,#849,.F.);
#849 = EDGE_CURVE('',#850,#809,#852,.T.);
#850 = VERTEX_POINT('',#851);
#851 = CARTESIAN_POINT('',(1.812354312741,-5.149999999999,
    -0.699999999999));
#852 = LINE('',#853,#854);
#853 = CARTESIAN_POINT('',(1.812354312741,-5.149999999999,
    -0.699999999999));
#854 = VECTOR('',#855,1.);
#855 = DIRECTION('',(0.,0.,1.));
#856 = ORIENTED_EDGE('',*,*,#857,.F.);
#857 = EDGE_CURVE('',#858,#850,#860,.T.);
#858 = VERTEX_POINT('',#859);
#859 = CARTESIAN_POINT('',(3.949999999999,-5.15,-0.699999999999));
#860 = LINE('',#861,#862);
#861 = CARTESIAN_POINT('',(-4.179282822467E-15,-5.149999999999,
    -0.699999999999));
#862 = VECTOR('',#863,1.);
#863 = DIRECTION('',(-1.,8.115112276636E-16,0.));
#864 = ORIENTED_EDGE('',*,*,#865,.T.);
#865 = EDGE_CURVE('',#858,#728,#866,.T.);
#866 = LINE('',#867,#868);
#867 = CARTESIAN_POINT('',(3.95,-5.15,4.099999999999));
#868 = VECTOR('',#869,1.);
#869 = DIRECTION('',(0.,0.,1.));
#870 = ORIENTED_EDGE('',*,*,#725,.F.);
#871 = ORIENTED_EDGE('',*,*,#872,.T.);
#872 = EDGE_CURVE('',#726,#873,#875,.T.);
#873 = VERTEX_POINT('',#874);
#874 = CARTESIAN_POINT('',(-3.15,-5.149999999999,1.249999999999));
#875 = LINE('',#876,#877);
#876 = CARTESIAN_POINT('',(-3.149999999999,-5.15,4.099999999999));
#877 = VECTOR('',#878,1.);
#878 = DIRECTION('',(0.,0.,-1.));
#879 = ORIENTED_EDGE('',*,*,#880,.F.);
#880 = EDGE_CURVE('',#841,#873,#881,.T.);
#881 = LINE('',#882,#883);
#882 = CARTESIAN_POINT('',(-3.15,-5.149999999999,0.));
#883 = VECTOR('',#884,1.);
#884 = DIRECTION('',(0.,0.,1.));
#885 = PLANE('',#886);
#886 = AXIS2_PLACEMENT_3D('',#887,#888,#889);
#887 = CARTESIAN_POINT('',(-5.149999999999,-5.15,4.099999999999));
#888 = DIRECTION('',(0.,1.,0.));
#889 = DIRECTION('',(0.,0.,1.));
#890 = ADVANCED_FACE('',(#891),#911,.T.);
#891 = FACE_BOUND('',#892,.T.);
#892 = EDGE_LOOP('',(#893,#904));
#893 = ORIENTED_EDGE('',*,*,#894,.T.);
#894 = EDGE_CURVE('',#895,#897,#899,.T.);
#895 = VERTEX_POINT('',#896);
#896 = CARTESIAN_POINT('',(5.149999999999,0.,-0.699999999999));
#897 = VERTEX_POINT('',#898);
#898 = CARTESIAN_POINT('',(-5.149999999999,6.306931015608E-16,
    -0.699999999999));
#899 = CIRCLE('',#900,5.149999999999);
#900 = AXIS2_PLACEMENT_3D('',#901,#902,#903);
#901 = CARTESIAN_POINT('',(0.,0.,-0.699999999999));
#902 = DIRECTION('',(0.,0.,-1.));
#903 = DIRECTION('',(-1.,0.,0.));
#904 = ORIENTED_EDGE('',*,*,#905,.T.);
#905 = EDGE_CURVE('',#897,#895,#906,.T.);
#906 = CIRCLE('',#907,5.149999999999);
#907 = AXIS2_PLACEMENT_3D('',#908,#909,#910);
#908 = CARTESIAN_POINT('',(0.,0.,-0.699999999999));
#909 = DIRECTION('',(0.,0.,-1.));
#910 = DIRECTION('',(-1.,0.,0.));
#911 = PLANE('',#912);
#912 = AXIS2_PLACEMENT_3D('',#913,#914,#915);
#913 = CARTESIAN_POINT('',(3.44923658136E-16,1.675323111754E-16,
    -0.699999999999));
#914 = DIRECTION('',(-0.,-0.,-1.));
#915 = DIRECTION('',(-1.,0.,0.));
#916 = ADVANCED_FACE('',(#917),#968,.T.);
#917 = FACE_BOUND('',#918,.T.);
#918 = EDGE_LOOP('',(#919,#920,#928,#937,#946,#955,#962));
#919 = ORIENTED_EDGE('',*,*,#905,.F.);
#920 = ORIENTED_EDGE('',*,*,#921,.T.);
#921 = EDGE_CURVE('',#897,#922,#924,.T.);
#922 = VERTEX_POINT('',#923);
#923 = CARTESIAN_POINT('',(-5.149999999999,-8.673617379884E-16,0.));
#924 = LINE('',#925,#926);
#925 = CARTESIAN_POINT('',(-5.149999999999,6.306931015608E-16,
    -0.699999999999));
#926 = VECTOR('',#927,1.);
#927 = DIRECTION('',(0.,0.,1.));
#928 = ORIENTED_EDGE('',*,*,#929,.T.);
#929 = EDGE_CURVE('',#922,#930,#932,.T.);
#930 = VERTEX_POINT('',#931);
#931 = CARTESIAN_POINT('',(0.,5.149999999999,0.));
#932 = CIRCLE('',#933,5.149999999999);
#933 = AXIS2_PLACEMENT_3D('',#934,#935,#936);
#934 = CARTESIAN_POINT('',(0.,0.,0.));
#935 = DIRECTION('',(0.,0.,-1.));
#936 = DIRECTION('',(-1.,0.,0.));
#937 = ORIENTED_EDGE('',*,*,#938,.T.);
#938 = EDGE_CURVE('',#930,#939,#941,.T.);
#939 = VERTEX_POINT('',#940);
#940 = CARTESIAN_POINT('',(2.501606774039,4.501606774039,0.));
#941 = CIRCLE('',#942,5.149999999999);
#942 = AXIS2_PLACEMENT_3D('',#943,#944,#945);
#943 = CARTESIAN_POINT('',(0.,0.,0.));
#944 = DIRECTION('',(0.,0.,-1.));
#945 = DIRECTION('',(-1.,0.,0.));
#946 = ORIENTED_EDGE('',*,*,#947,.T.);
#947 = EDGE_CURVE('',#939,#948,#950,.T.);
#948 = VERTEX_POINT('',#949);
#949 = CARTESIAN_POINT('',(4.501606774039,2.501606774039,0.));
#950 = CIRCLE('',#951,5.149999999999);
#951 = AXIS2_PLACEMENT_3D('',#952,#953,#954);
#952 = CARTESIAN_POINT('',(0.,0.,0.));
#953 = DIRECTION('',(0.,0.,-1.));
#954 = DIRECTION('',(-1.,0.,0.));
#955 = ORIENTED_EDGE('',*,*,#956,.T.);
#956 = EDGE_CURVE('',#948,#801,#957,.T.);
#957 = CIRCLE('',#958,5.149999999999);
#958 = AXIS2_PLACEMENT_3D('',#959,#960,#961);
#959 = CARTESIAN_POINT('',(0.,0.,0.));
#960 = DIRECTION('',(0.,0.,-1.));
#961 = DIRECTION('',(-1.,0.,0.));
#962 = ORIENTED_EDGE('',*,*,#963,.F.);
#963 = EDGE_CURVE('',#895,#801,#964,.T.);
#964 = LINE('',#965,#966);
#965 = CARTESIAN_POINT('',(5.149999999999,0.,-0.699999999999));
#966 = VECTOR('',#967,1.);
#967 = DIRECTION('',(0.,0.,1.));
#968 = CYLINDRICAL_SURFACE('',#969,5.149999999999);
#969 = AXIS2_PLACEMENT_3D('',#970,#971,#972);
#970 = CARTESIAN_POINT('',(0.,0.,-0.699999999999));
#971 = DIRECTION('',(0.,0.,1.));
#972 = DIRECTION('',(1.,0.,0.));
#973 = ADVANCED_FACE('',(#974),#991,.F.);
#974 = FACE_BOUND('',#975,.T.);
#975 = EDGE_LOOP('',(#976,#977,#985));
#976 = ORIENTED_EDGE('',*,*,#956,.F.);
#977 = ORIENTED_EDGE('',*,*,#978,.T.);
#978 = EDGE_CURVE('',#948,#979,#981,.T.);
#979 = VERTEX_POINT('',#980);
#980 = CARTESIAN_POINT('',(5.15,3.149999999999,0.));
#981 = LINE('',#982,#983);
#982 = CARTESIAN_POINT('',(4.08933982822,2.08933982822,0.));
#983 = VECTOR('',#984,1.);
#984 = DIRECTION('',(0.707106781187,0.707106781187,0.));
#985 = ORIENTED_EDGE('',*,*,#986,.F.);
#986 = EDGE_CURVE('',#801,#979,#987,.T.);
#987 = LINE('',#988,#989);
#988 = CARTESIAN_POINT('',(5.15,5.149999999999,0.));
#989 = VECTOR('',#990,1.);
#990 = DIRECTION('',(-1.684197549492E-16,1.,0.));
#991 = PLANE('',#992);
#992 = AXIS2_PLACEMENT_3D('',#993,#994,#995);
#993 = CARTESIAN_POINT('',(0.,0.,0.));
#994 = DIRECTION('',(0.,0.,1.));
#995 = DIRECTION('',(1.,0.,0.));
#996 = ADVANCED_FACE('',(#997),#1023,.F.);
#997 = FACE_BOUND('',#998,.T.);
#998 = EDGE_LOOP('',(#999,#1007,#1016,#1022));
#999 = ORIENTED_EDGE('',*,*,#1000,.F.);
#1000 = EDGE_CURVE('',#1001,#922,#1003,.T.);
#1001 = VERTEX_POINT('',#1002);
#1002 = CARTESIAN_POINT('',(-5.149999999999,1.004987562112,0.));
#1003 = LINE('',#1004,#1005);
#1004 = CARTESIAN_POINT('',(-5.15,5.149999999999,0.));
#1005 = VECTOR('',#1006,1.);
#1006 = DIRECTION('',(1.684197549492E-16,-1.,0.));
#1007 = ORIENTED_EDGE('',*,*,#1008,.T.);
#1008 = EDGE_CURVE('',#1001,#1009,#1011,.T.);
#1009 = VERTEX_POINT('',#1010);
#1010 = CARTESIAN_POINT('',(-1.004987562112,5.149999999999,0.));
#1011 = CIRCLE('',#1012,5.247142079265);
#1012 = AXIS2_PLACEMENT_3D('',#1013,#1014,#1015);
#1013 = CARTESIAN_POINT('',(0.,0.,0.));
#1014 = DIRECTION('',(0.,0.,-1.));
#1015 = DIRECTION('',(-1.,0.,0.));
#1016 = ORIENTED_EDGE('',*,*,#1017,.F.);
#1017 = EDGE_CURVE('',#930,#1009,#1018,.T.);
#1018 = LINE('',#1019,#1020);
#1019 = CARTESIAN_POINT('',(-5.15,5.149999999999,0.));
#1020 = VECTOR('',#1021,1.);
#1021 = DIRECTION('',(-1.,0.,0.));
#1022 = ORIENTED_EDGE('',*,*,#929,.F.);
#1023 = PLANE('',#1024);
#1024 = AXIS2_PLACEMENT_3D('',#1025,#1026,#1027);
#1025 = CARTESIAN_POINT('',(0.,0.,0.));
#1026 = DIRECTION('',(0.,0.,1.));
#1027 = DIRECTION('',(1.,0.,0.));
#1028 = ADVANCED_FACE('',(#1029),#1046,.F.);
#1029 = FACE_BOUND('',#1030,.T.);
#1030 = EDGE_LOOP('',(#1031,#1039,#1045));
#1031 = ORIENTED_EDGE('',*,*,#1032,.F.);
#1032 = EDGE_CURVE('',#1033,#930,#1035,.T.);
#1033 = VERTEX_POINT('',#1034);
#1034 = CARTESIAN_POINT('',(3.15,5.149999999999,0.));
#1035 = LINE('',#1036,#1037);
#1036 = CARTESIAN_POINT('',(-5.15,5.149999999999,0.));
#1037 = VECTOR('',#1038,1.);
#1038 = DIRECTION('',(-1.,0.,0.));
#1039 = ORIENTED_EDGE('',*,*,#1040,.F.);
#1040 = EDGE_CURVE('',#939,#1033,#1041,.T.);
#1041 = LINE('',#1042,#1043);
#1042 = CARTESIAN_POINT('',(2.08933982822,4.08933982822,0.));
#1043 = VECTOR('',#1044,1.);
#1044 = DIRECTION('',(0.707106781187,0.707106781187,0.));
#1045 = ORIENTED_EDGE('',*,*,#938,.F.);
#1046 = PLANE('',#1047);
#1047 = AXIS2_PLACEMENT_3D('',#1048,#1049,#1050);
#1048 = CARTESIAN_POINT('',(0.,0.,0.));
#1049 = DIRECTION('',(0.,0.,1.));
#1050 = DIRECTION('',(1.,0.,0.));
#1051 = ADVANCED_FACE('',(#1052),#1093,.F.);
#1052 = FACE_BOUND('',#1053,.T.);
#1053 = EDGE_LOOP('',(#1054,#1055,#1056,#1064,#1072,#1078,#1079,#1087));
#1054 = ORIENTED_EDGE('',*,*,#1032,.T.);
#1055 = ORIENTED_EDGE('',*,*,#1017,.T.);
#1056 = ORIENTED_EDGE('',*,*,#1057,.F.);
#1057 = EDGE_CURVE('',#1058,#1009,#1060,.T.);
#1058 = VERTEX_POINT('',#1059);
#1059 = CARTESIAN_POINT('',(-1.004987562112,5.149999999999,
    -0.699999999999));
#1060 = LINE('',#1061,#1062);
#1061 = CARTESIAN_POINT('',(-1.004987562112,5.149999999999,
    -0.699999999999));
#1062 = VECTOR('',#1063,1.);
#1063 = DIRECTION('',(0.,0.,1.));
#1064 = ORIENTED_EDGE('',*,*,#1065,.F.);
#1065 = EDGE_CURVE('',#1066,#1058,#1068,.T.);
#1066 = VERTEX_POINT('',#1067);
#1067 = CARTESIAN_POINT('',(-3.649999999999,5.149999999999,
    -0.699999999999));
#1068 = LINE('',#1069,#1070);
#1069 = CARTESIAN_POINT('',(1.688806028529E-15,5.149999999999,
    -0.699999999999));
#1070 = VECTOR('',#1071,1.);
#1071 = DIRECTION('',(1.,-3.279235006853E-16,0.));
#1072 = ORIENTED_EDGE('',*,*,#1073,.T.);
#1073 = EDGE_CURVE('',#1066,#761,#1074,.T.);
#1074 = LINE('',#1075,#1076);
#1075 = CARTESIAN_POINT('',(-3.649999999999,5.149999999999,
    4.099999999999));
#1076 = VECTOR('',#1077,1.);
#1077 = DIRECTION('',(0.,0.,1.));
#1078 = ORIENTED_EDGE('',*,*,#760,.F.);
#1079 = ORIENTED_EDGE('',*,*,#1080,.T.);
#1080 = EDGE_CURVE('',#753,#1081,#1083,.T.);
#1081 = VERTEX_POINT('',#1082);
#1082 = CARTESIAN_POINT('',(3.15,5.149999999999,1.249999999999));
#1083 = LINE('',#1084,#1085);
#1084 = CARTESIAN_POINT('',(3.149999999999,5.149999999999,4.099999999999
    ));
#1085 = VECTOR('',#1086,1.);
#1086 = DIRECTION('',(0.,0.,-1.));
#1087 = ORIENTED_EDGE('',*,*,#1088,.F.);
#1088 = EDGE_CURVE('',#1033,#1081,#1089,.T.);
#1089 = LINE('',#1090,#1091);
#1090 = CARTESIAN_POINT('',(3.15,5.149999999999,0.));
#1091 = VECTOR('',#1092,1.);
#1092 = DIRECTION('',(0.,0.,1.));
#1093 = PLANE('',#1094);
#1094 = AXIS2_PLACEMENT_3D('',#1095,#1096,#1097);
#1095 = CARTESIAN_POINT('',(-5.15,5.149999999999,4.099999999999));
#1096 = DIRECTION('',(0.,-1.,0.));
#1097 = DIRECTION('',(0.,0.,-1.));
#1098 = ADVANCED_FACE('',(#1099),#1147,.F.);
#1099 = FACE_BOUND('',#1100,.T.);
#1100 = EDGE_LOOP('',(#1101,#1102,#1110,#1118,#1124,#1125,#1133,#1141));
#1101 = ORIENTED_EDGE('',*,*,#776,.F.);
#1102 = ORIENTED_EDGE('',*,*,#1103,.T.);
#1103 = EDGE_CURVE('',#769,#1104,#1106,.T.);
#1104 = VERTEX_POINT('',#1105);
#1105 = CARTESIAN_POINT('',(-5.15,3.65,-0.699999999999));
#1106 = LINE('',#1107,#1108);
#1107 = CARTESIAN_POINT('',(-5.15,3.65,4.099999999999));
#1108 = VECTOR('',#1109,1.);
#1109 = DIRECTION('',(0.,0.,-1.));
#1110 = ORIENTED_EDGE('',*,*,#1111,.F.);
#1111 = EDGE_CURVE('',#1112,#1104,#1114,.T.);
#1112 = VERTEX_POINT('',#1113);
#1113 = CARTESIAN_POINT('',(-5.149999999999,1.004987562112,
    -0.699999999999));
#1114 = LINE('',#1115,#1116);
#1115 = CARTESIAN_POINT('',(-5.149999999999,-5.066418085588E-15,
    -0.699999999999));
#1116 = VECTOR('',#1117,1.);
#1117 = DIRECTION('',(-9.837705020559E-16,1.,0.));
#1118 = ORIENTED_EDGE('',*,*,#1119,.T.);
#1119 = EDGE_CURVE('',#1112,#1001,#1120,.T.);
#1120 = LINE('',#1121,#1122);
#1121 = CARTESIAN_POINT('',(-5.149999999999,1.004987562112,
    -0.699999999999));
#1122 = VECTOR('',#1123,1.);
#1123 = DIRECTION('',(0.,0.,1.));
#1124 = ORIENTED_EDGE('',*,*,#1000,.T.);
#1125 = ORIENTED_EDGE('',*,*,#1126,.T.);
#1126 = EDGE_CURVE('',#922,#1127,#1129,.T.);
#1127 = VERTEX_POINT('',#1128);
#1128 = CARTESIAN_POINT('',(-5.15,-3.149999999999,0.));
#1129 = LINE('',#1130,#1131);
#1130 = CARTESIAN_POINT('',(-5.15,5.149999999999,0.));
#1131 = VECTOR('',#1132,1.);
#1132 = DIRECTION('',(1.684197549492E-16,-1.,0.));
#1133 = ORIENTED_EDGE('',*,*,#1134,.T.);
#1134 = EDGE_CURVE('',#1127,#1135,#1137,.T.);
#1135 = VERTEX_POINT('',#1136);
#1136 = CARTESIAN_POINT('',(-5.15,-3.149999999999,1.249999999999));
#1137 = LINE('',#1138,#1139);
#1138 = CARTESIAN_POINT('',(-5.149999999999,-3.149999999999,
    4.099999999999));
#1139 = VECTOR('',#1140,1.);
#1140 = DIRECTION('',(0.,0.,1.));
#1141 = ORIENTED_EDGE('',*,*,#1142,.T.);
#1142 = EDGE_CURVE('',#1135,#777,#1143,.T.);
#1143 = LINE('',#1144,#1145);
#1144 = CARTESIAN_POINT('',(-5.149999999999,-3.149999999999,
    4.099999999999));
#1145 = VECTOR('',#1146,1.);
#1146 = DIRECTION('',(0.,0.,1.));
#1147 = PLANE('',#1148);
#1148 = AXIS2_PLACEMENT_3D('',#1149,#1150,#1151);
#1149 = CARTESIAN_POINT('',(-5.15,5.149999999999,4.099999999999));
#1150 = DIRECTION('',(1.,1.684197549492E-16,0.));
#1151 = DIRECTION('',(-1.684197549492E-16,1.,0.));
#1152 = ADVANCED_FACE('',(#1153),#1171,.F.);
#1153 = FACE_BOUND('',#1154,.T.);
#1154 = EDGE_LOOP('',(#1155,#1164,#1170));
#1155 = ORIENTED_EDGE('',*,*,#1156,.F.);
#1156 = EDGE_CURVE('',#1157,#922,#1159,.T.);
#1157 = VERTEX_POINT('',#1158);
#1158 = CARTESIAN_POINT('',(-4.501606774039,-2.501606774039,0.));
#1159 = CIRCLE('',#1160,5.149999999999);
#1160 = AXIS2_PLACEMENT_3D('',#1161,#1162,#1163);
#1161 = CARTESIAN_POINT('',(0.,0.,0.));
#1162 = DIRECTION('',(0.,0.,-1.));
#1163 = DIRECTION('',(-1.,0.,0.));
#1164 = ORIENTED_EDGE('',*,*,#1165,.T.);
#1165 = EDGE_CURVE('',#1157,#1127,#1166,.T.);
#1166 = LINE('',#1167,#1168);
#1167 = CARTESIAN_POINT('',(-4.08933982822,-2.08933982822,0.));
#1168 = VECTOR('',#1169,1.);
#1169 = DIRECTION('',(-0.707106781187,-0.707106781187,0.));
#1170 = ORIENTED_EDGE('',*,*,#1126,.F.);
#1171 = PLANE('',#1172);
#1172 = AXIS2_PLACEMENT_3D('',#1173,#1174,#1175);
#1173 = CARTESIAN_POINT('',(0.,0.,0.));
#1174 = DIRECTION('',(0.,0.,1.));
#1175 = DIRECTION('',(1.,0.,0.));
#1176 = ADVANCED_FACE('',(#1177),#1195,.F.);
#1177 = FACE_BOUND('',#1178,.T.);
#1178 = EDGE_LOOP('',(#1179,#1180,#1188));
#1179 = ORIENTED_EDGE('',*,*,#840,.F.);
#1180 = ORIENTED_EDGE('',*,*,#1181,.F.);
#1181 = EDGE_CURVE('',#1182,#841,#1184,.T.);
#1182 = VERTEX_POINT('',#1183);
#1183 = CARTESIAN_POINT('',(-2.501606774039,-4.501606774039,0.));
#1184 = LINE('',#1185,#1186);
#1185 = CARTESIAN_POINT('',(-2.08933982822,-4.08933982822,0.));
#1186 = VECTOR('',#1187,1.);
#1187 = DIRECTION('',(-0.707106781187,-0.707106781187,0.));
#1188 = ORIENTED_EDGE('',*,*,#1189,.F.);
#1189 = EDGE_CURVE('',#818,#1182,#1190,.T.);
#1190 = CIRCLE('',#1191,5.149999999999);
#1191 = AXIS2_PLACEMENT_3D('',#1192,#1193,#1194);
#1192 = CARTESIAN_POINT('',(0.,0.,0.));
#1193 = DIRECTION('',(0.,0.,-1.));
#1194 = DIRECTION('',(-1.,0.,0.));
#1195 = PLANE('',#1196);
#1196 = AXIS2_PLACEMENT_3D('',#1197,#1198,#1199);
#1197 = CARTESIAN_POINT('',(0.,0.,0.));
#1198 = DIRECTION('',(0.,0.,1.));
#1199 = DIRECTION('',(1.,0.,0.));
#1200 = ADVANCED_FACE('',(#1201),#1219,.F.);
#1201 = FACE_BOUND('',#1202,.T.);
#1202 = EDGE_LOOP('',(#1203,#1211,#1212,#1213));
#1203 = ORIENTED_EDGE('',*,*,#1204,.F.);
#1204 = EDGE_CURVE('',#1081,#1205,#1207,.T.);
#1205 = VERTEX_POINT('',#1206);
#1206 = CARTESIAN_POINT('',(5.15,3.149999999999,1.249999999999));
#1207 = LINE('',#1208,#1209);
#1208 = CARTESIAN_POINT('',(3.15,5.149999999999,1.249999999999));
#1209 = VECTOR('',#1210,1.);
#1210 = DIRECTION('',(0.707106781187,-0.707106781187,0.));
#1211 = ORIENTED_EDGE('',*,*,#1080,.F.);
#1212 = ORIENTED_EDGE('',*,*,#752,.F.);
#1213 = ORIENTED_EDGE('',*,*,#1214,.F.);
#1214 = EDGE_CURVE('',#1205,#745,#1215,.T.);
#1215 = LINE('',#1216,#1217);
#1216 = CARTESIAN_POINT('',(5.15,3.149999999999,4.099999999999));
#1217 = VECTOR('',#1218,1.);
#1218 = DIRECTION('',(0.,0.,1.));
#1219 = PLANE('',#1220);
#1220 = AXIS2_PLACEMENT_3D('',#1221,#1222,#1223);
#1221 = CARTESIAN_POINT('',(3.149999999999,5.149999999999,4.099999999999
    ));
#1222 = DIRECTION('',(-0.707106781187,-0.707106781187,0.));
#1223 = DIRECTION('',(0.,0.,-1.));
#1224 = ADVANCED_FACE('',(#1225),#1236,.F.);
#1225 = FACE_BOUND('',#1226,.T.);
#1226 = EDGE_LOOP('',(#1227,#1233,#1234,#1235));
#1227 = ORIENTED_EDGE('',*,*,#1228,.F.);
#1228 = EDGE_CURVE('',#873,#1135,#1229,.T.);
#1229 = LINE('',#1230,#1231);
#1230 = CARTESIAN_POINT('',(-3.15,-5.149999999999,1.249999999999));
#1231 = VECTOR('',#1232,1.);
#1232 = DIRECTION('',(-0.707106781187,0.707106781187,0.));
#1233 = ORIENTED_EDGE('',*,*,#872,.F.);
#1234 = ORIENTED_EDGE('',*,*,#784,.F.);
#1235 = ORIENTED_EDGE('',*,*,#1142,.F.);
#1236 = PLANE('',#1237);
#1237 = AXIS2_PLACEMENT_3D('',#1238,#1239,#1240);
#1238 = CARTESIAN_POINT('',(-3.149999999999,-5.15,4.099999999999));
#1239 = DIRECTION('',(0.707106781187,0.707106781187,0.));
#1240 = DIRECTION('',(0.,0.,-1.));
#1241 = ADVANCED_FACE('',(#1242),#1253,.F.);
#1242 = FACE_BOUND('',#1243,.T.);
#1243 = EDGE_LOOP('',(#1244,#1245,#1246,#1252));
#1244 = ORIENTED_EDGE('',*,*,#768,.F.);
#1245 = ORIENTED_EDGE('',*,*,#1073,.F.);
#1246 = ORIENTED_EDGE('',*,*,#1247,.F.);
#1247 = EDGE_CURVE('',#1104,#1066,#1248,.T.);
#1248 = LINE('',#1249,#1250);
#1249 = CARTESIAN_POINT('',(-4.399999999999,4.4,-0.699999999999));
#1250 = VECTOR('',#1251,1.);
#1251 = DIRECTION('',(0.707106781187,0.707106781187,0.));
#1252 = ORIENTED_EDGE('',*,*,#1103,.F.);
#1253 = PLANE('',#1254);
#1254 = AXIS2_PLACEMENT_3D('',#1255,#1256,#1257);
#1255 = CARTESIAN_POINT('',(-5.15,3.65,4.099999999999));
#1256 = DIRECTION('',(0.707106781187,-0.707106781187,0.));
#1257 = DIRECTION('',(0.,0.,-1.));
#1258 = ADVANCED_FACE('',(#1259),#1278,.T.);
#1259 = FACE_BOUND('',#1260,.T.);
#1260 = EDGE_LOOP('',(#1261,#1262,#1263,#1272));
#1261 = ORIENTED_EDGE('',*,*,#735,.F.);
#1262 = ORIENTED_EDGE('',*,*,#865,.F.);
#1263 = ORIENTED_EDGE('',*,*,#1264,.F.);
#1264 = EDGE_CURVE('',#1265,#858,#1267,.T.);
#1265 = VERTEX_POINT('',#1266);
#1266 = CARTESIAN_POINT('',(5.15,-3.949999999999,-0.699999999999));
#1267 = CIRCLE('',#1268,1.199999999999);
#1268 = AXIS2_PLACEMENT_3D('',#1269,#1270,#1271);
#1269 = CARTESIAN_POINT('',(3.95,-3.95,-0.699999999999));
#1270 = DIRECTION('',(0.,0.,-1.));
#1271 = DIRECTION('',(-1.,0.,0.));
#1272 = ORIENTED_EDGE('',*,*,#1273,.F.);
#1273 = EDGE_CURVE('',#736,#1265,#1274,.T.);
#1274 = LINE('',#1275,#1276);
#1275 = CARTESIAN_POINT('',(5.15,-3.95,4.099999999999));
#1276 = VECTOR('',#1277,1.);
#1277 = DIRECTION('',(0.,0.,-1.));
#1278 = CYLINDRICAL_SURFACE('',#1279,1.199999999999);
#1279 = AXIS2_PLACEMENT_3D('',#1280,#1281,#1282);
#1280 = CARTESIAN_POINT('',(3.95,-3.95,4.099999999999));
#1281 = DIRECTION('',(0.,0.,-1.));
#1282 = DIRECTION('',(-1.,0.,0.));
#1283 = ADVANCED_FACE('',(#1284),#1290,.F.);
#1284 = FACE_BOUND('',#1285,.F.);
#1285 = EDGE_LOOP('',(#1286,#1287,#1288,#1289));
#1286 = ORIENTED_EDGE('',*,*,#715,.F.);
#1287 = ORIENTED_EDGE('',*,*,#683,.F.);
#1288 = ORIENTED_EDGE('',*,*,#657,.T.);
#1289 = ORIENTED_EDGE('',*,*,#700,.T.);
#1290 = CYLINDRICAL_SURFACE('',#1291,4.);
#1291 = AXIS2_PLACEMENT_3D('',#1292,#1293,#1294);
#1292 = CARTESIAN_POINT('',(0.,0.,2.599999999999));
#1293 = DIRECTION('',(0.,0.,1.));
#1294 = DIRECTION('',(1.,0.,0.));
#1295 = ADVANCED_FACE('',(#1296),#1308,.T.);
#1296 = FACE_BOUND('',#1297,.T.);
#1297 = EDGE_LOOP('',(#1298,#1299,#1300,#1301));
#1298 = ORIENTED_EDGE('',*,*,#100,.F.);
#1299 = ORIENTED_EDGE('',*,*,#648,.T.);
#1300 = ORIENTED_EDGE('',*,*,#107,.T.);
#1301 = ORIENTED_EDGE('',*,*,#1302,.T.);
#1302 = EDGE_CURVE('',#59,#67,#1303,.T.);
#1303 = CIRCLE('',#1304,3.799999999999);
#1304 = AXIS2_PLACEMENT_3D('',#1305,#1306,#1307);
#1305 = CARTESIAN_POINT('',(0.,0.,4.099999999999));
#1306 = DIRECTION('',(0.,0.,-1.));
#1307 = DIRECTION('',(1.,0.,0.));
#1308 = CYLINDRICAL_SURFACE('',#1309,3.799999999999);
#1309 = AXIS2_PLACEMENT_3D('',#1310,#1311,#1312);
#1310 = CARTESIAN_POINT('',(0.,0.,2.599999999999));
#1311 = DIRECTION('',(0.,0.,1.));
#1312 = DIRECTION('',(1.,0.,0.));
#1313 = ADVANCED_FACE('',(#1314),#1329,.T.);
#1314 = FACE_BOUND('',#1315,.T.);
#1315 = EDGE_LOOP('',(#1316,#1317,#1318,#1319,#1320,#1321,#1328));
#1316 = ORIENTED_EDGE('',*,*,#921,.F.);
#1317 = ORIENTED_EDGE('',*,*,#894,.F.);
#1318 = ORIENTED_EDGE('',*,*,#963,.T.);
#1319 = ORIENTED_EDGE('',*,*,#825,.T.);
#1320 = ORIENTED_EDGE('',*,*,#1189,.T.);
#1321 = ORIENTED_EDGE('',*,*,#1322,.T.);
#1322 = EDGE_CURVE('',#1182,#1157,#1323,.T.);
#1323 = CIRCLE('',#1324,5.149999999999);
#1324 = AXIS2_PLACEMENT_3D('',#1325,#1326,#1327);
#1325 = CARTESIAN_POINT('',(0.,0.,0.));
#1326 = DIRECTION('',(0.,0.,-1.));
#1327 = DIRECTION('',(-1.,0.,0.));
#1328 = ORIENTED_EDGE('',*,*,#1156,.T.);
#1329 = CYLINDRICAL_SURFACE('',#1330,5.149999999999);
#1330 = AXIS2_PLACEMENT_3D('',#1331,#1332,#1333);
#1331 = CARTESIAN_POINT('',(0.,0.,-0.699999999999));
#1332 = DIRECTION('',(0.,0.,1.));
#1333 = DIRECTION('',(1.,0.,0.));
#1334 = ADVANCED_FACE('',(#1335),#1347,.F.);
#1335 = FACE_BOUND('',#1336,.F.);
#1336 = EDGE_LOOP('',(#1337,#1338,#1345,#1346));
#1337 = ORIENTED_EDGE('',*,*,#1057,.F.);
#1338 = ORIENTED_EDGE('',*,*,#1339,.F.);
#1339 = EDGE_CURVE('',#1112,#1058,#1340,.T.);
#1340 = CIRCLE('',#1341,5.247142079265);
#1341 = AXIS2_PLACEMENT_3D('',#1342,#1343,#1344);
#1342 = CARTESIAN_POINT('',(0.,0.,-0.699999999999));
#1343 = DIRECTION('',(0.,0.,-1.));
#1344 = DIRECTION('',(-1.,0.,0.));
#1345 = ORIENTED_EDGE('',*,*,#1119,.T.);
#1346 = ORIENTED_EDGE('',*,*,#1008,.T.);
#1347 = CYLINDRICAL_SURFACE('',#1348,5.247142079265);
#1348 = AXIS2_PLACEMENT_3D('',#1349,#1350,#1351);
#1349 = CARTESIAN_POINT('',(0.,0.,-0.699999999999));
#1350 = DIRECTION('',(0.,0.,1.));
#1351 = DIRECTION('',(1.,0.,0.));
#1352 = ADVANCED_FACE('',(#1353),#1359,.T.);
#1353 = FACE_BOUND('',#1354,.T.);
#1354 = EDGE_LOOP('',(#1355,#1356,#1357,#1358));
#1355 = ORIENTED_EDGE('',*,*,#1339,.F.);
#1356 = ORIENTED_EDGE('',*,*,#1111,.T.);
#1357 = ORIENTED_EDGE('',*,*,#1247,.T.);
#1358 = ORIENTED_EDGE('',*,*,#1065,.T.);
#1359 = PLANE('',#1360);
#1360 = AXIS2_PLACEMENT_3D('',#1361,#1362,#1363);
#1361 = CARTESIAN_POINT('',(0.,0.,-0.699999999999));
#1362 = DIRECTION('',(0.,0.,-1.));
#1363 = DIRECTION('',(-1.,0.,0.));
#1364 = ADVANCED_FACE('',(#1365),#1384,.F.);
#1365 = FACE_BOUND('',#1366,.F.);
#1366 = EDGE_LOOP('',(#1367,#1368,#1377,#1383));
#1367 = ORIENTED_EDGE('',*,*,#849,.F.);
#1368 = ORIENTED_EDGE('',*,*,#1369,.F.);
#1369 = EDGE_CURVE('',#1370,#850,#1372,.T.);
#1370 = VERTEX_POINT('',#1371);
#1371 = CARTESIAN_POINT('',(5.149999999999,-1.03746839049,
    -0.699999999999));
#1372 = CIRCLE('',#1373,5.315005099934);
#1373 = AXIS2_PLACEMENT_3D('',#1374,#1375,#1376);
#1374 = CARTESIAN_POINT('',(-9.6971349484E-02,-0.189782794282,
    -0.699999999999));
#1375 = DIRECTION('',(0.,0.,-1.));
#1376 = DIRECTION('',(-1.,0.,0.));
#1377 = ORIENTED_EDGE('',*,*,#1378,.T.);
#1378 = EDGE_CURVE('',#1370,#799,#1379,.T.);
#1379 = LINE('',#1380,#1381);
#1380 = CARTESIAN_POINT('',(5.149999999999,-1.03746839049,
    -0.699999999999));
#1381 = VECTOR('',#1382,1.);
#1382 = DIRECTION('',(0.,0.,1.));
#1383 = ORIENTED_EDGE('',*,*,#808,.T.);
#1384 = CYLINDRICAL_SURFACE('',#1385,5.315005099934);
#1385 = AXIS2_PLACEMENT_3D('',#1386,#1387,#1388);
#1386 = CARTESIAN_POINT('',(-9.6971349484E-02,-0.189782794282,
    -0.699999999999));
#1387 = DIRECTION('',(0.,0.,1.));
#1388 = DIRECTION('',(1.,0.,0.));
#1389 = ADVANCED_FACE('',(#1390),#1401,.T.);
#1390 = FACE_BOUND('',#1391,.T.);
#1391 = EDGE_LOOP('',(#1392,#1393,#1399,#1400));
#1392 = ORIENTED_EDGE('',*,*,#1369,.F.);
#1393 = ORIENTED_EDGE('',*,*,#1394,.T.);
#1394 = EDGE_CURVE('',#1370,#1265,#1395,.T.);
#1395 = LINE('',#1396,#1397);
#1396 = CARTESIAN_POINT('',(5.149999999999,4.601062116602E-15,
    -0.699999999999));
#1397 = VECTOR('',#1398,1.);
#1398 = DIRECTION('',(8.934101197287E-16,-1.,0.));
#1399 = ORIENTED_EDGE('',*,*,#1264,.T.);
#1400 = ORIENTED_EDGE('',*,*,#857,.T.);
#1401 = PLANE('',#1402);
#1402 = AXIS2_PLACEMENT_3D('',#1403,#1404,#1405);
#1403 = CARTESIAN_POINT('',(0.,0.,-0.699999999999));
#1404 = DIRECTION('',(0.,0.,-1.));
#1405 = DIRECTION('',(-1.,0.,0.));
#1406 = ADVANCED_FACE('',(#1407),#1413,.T.);
#1407 = FACE_BOUND('',#1408,.T.);
#1408 = EDGE_LOOP('',(#1409,#1410,#1411,#1412));
#1409 = ORIENTED_EDGE('',*,*,#58,.F.);
#1410 = ORIENTED_EDGE('',*,*,#121,.F.);
#1411 = ORIENTED_EDGE('',*,*,#75,.T.);
#1412 = ORIENTED_EDGE('',*,*,#1302,.F.);
#1413 = CONICAL_SURFACE('',#1414,3.699999999999,0.785398163397);
#1414 = AXIS2_PLACEMENT_3D('',#1415,#1416,#1417);
#1415 = CARTESIAN_POINT('',(0.,0.,4.2));
#1416 = DIRECTION('',(0.,0.,-1.));
#1417 = DIRECTION('',(-1.,0.,0.));
#1418 = ADVANCED_FACE('',(#1419),#1444,.F.);
#1419 = FACE_BOUND('',#1420,.T.);
#1420 = EDGE_LOOP('',(#1421,#1429,#1437,#1443));
#1421 = ORIENTED_EDGE('',*,*,#1422,.F.);
#1422 = EDGE_CURVE('',#1423,#1182,#1425,.T.);
#1423 = VERTEX_POINT('',#1424);
#1424 = CARTESIAN_POINT('',(-2.08933982822,-4.08933982822,0.));
#1425 = LINE('',#1426,#1427);
#1426 = CARTESIAN_POINT('',(-2.08933982822,-4.08933982822,0.));
#1427 = VECTOR('',#1428,1.);
#1428 = DIRECTION('',(-0.707106781187,-0.707106781187,0.));
#1429 = ORIENTED_EDGE('',*,*,#1430,.F.);
#1430 = EDGE_CURVE('',#1431,#1423,#1433,.T.);
#1431 = VERTEX_POINT('',#1432);
#1432 = CARTESIAN_POINT('',(-4.08933982822,-2.08933982822,0.));
#1433 = LINE('',#1434,#1435);
#1434 = CARTESIAN_POINT('',(-2.08933982822,-4.08933982822,0.));
#1435 = VECTOR('',#1436,1.);
#1436 = DIRECTION('',(0.707106781187,-0.707106781187,0.));
#1437 = ORIENTED_EDGE('',*,*,#1438,.T.);
#1438 = EDGE_CURVE('',#1431,#1157,#1439,.T.);
#1439 = LINE('',#1440,#1441);
#1440 = CARTESIAN_POINT('',(-4.08933982822,-2.08933982822,0.));
#1441 = VECTOR('',#1442,1.);
#1442 = DIRECTION('',(-0.707106781187,-0.707106781187,0.));
#1443 = ORIENTED_EDGE('',*,*,#1322,.F.);
#1444 = PLANE('',#1445);
#1445 = AXIS2_PLACEMENT_3D('',#1446,#1447,#1448);
#1446 = CARTESIAN_POINT('',(-2.08933982822,-4.08933982822,0.));
#1447 = DIRECTION('',(0.,0.,-1.));
#1448 = DIRECTION('',(-1.,0.,0.));
#1449 = ADVANCED_FACE('',(#1450),#1469,.F.);
#1450 = FACE_BOUND('',#1451,.T.);
#1451 = EDGE_LOOP('',(#1452,#1453,#1454,#1455,#1463));
#1452 = ORIENTED_EDGE('',*,*,#1134,.F.);
#1453 = ORIENTED_EDGE('',*,*,#1165,.F.);
#1454 = ORIENTED_EDGE('',*,*,#1438,.F.);
#1455 = ORIENTED_EDGE('',*,*,#1456,.F.);
#1456 = EDGE_CURVE('',#1457,#1431,#1459,.T.);
#1457 = VERTEX_POINT('',#1458);
#1458 = CARTESIAN_POINT('',(-4.08933982822,-2.08933982822,1.249999999999
    ));
#1459 = LINE('',#1460,#1461);
#1460 = CARTESIAN_POINT('',(-4.08933982822,-2.08933982822,0.));
#1461 = VECTOR('',#1462,1.);
#1462 = DIRECTION('',(0.,0.,-1.));
#1463 = ORIENTED_EDGE('',*,*,#1464,.T.);
#1464 = EDGE_CURVE('',#1457,#1135,#1465,.T.);
#1465 = LINE('',#1466,#1467);
#1466 = CARTESIAN_POINT('',(-4.08933982822,-2.08933982822,1.249999999999
    ));
#1467 = VECTOR('',#1468,1.);
#1468 = DIRECTION('',(-0.707106781187,-0.707106781187,0.));
#1469 = PLANE('',#1470);
#1470 = AXIS2_PLACEMENT_3D('',#1471,#1472,#1473);
#1471 = CARTESIAN_POINT('',(-4.08933982822,-2.08933982822,0.));
#1472 = DIRECTION('',(-0.707106781187,0.707106781187,0.));
#1473 = DIRECTION('',(-0.707106781187,-0.707106781187,0.));
#1474 = ADVANCED_FACE('',(#1475),#1493,.F.);
#1475 = FACE_BOUND('',#1476,.T.);
#1476 = EDGE_LOOP('',(#1477,#1478,#1479,#1487));
#1477 = ORIENTED_EDGE('',*,*,#1228,.T.);
#1478 = ORIENTED_EDGE('',*,*,#1464,.F.);
#1479 = ORIENTED_EDGE('',*,*,#1480,.F.);
#1480 = EDGE_CURVE('',#1481,#1457,#1483,.T.);
#1481 = VERTEX_POINT('',#1482);
#1482 = CARTESIAN_POINT('',(-2.08933982822,-4.08933982822,1.249999999999
    ));
#1483 = LINE('',#1484,#1485);
#1484 = CARTESIAN_POINT('',(-2.08933982822,-4.08933982822,1.249999999999
    ));
#1485 = VECTOR('',#1486,1.);
#1486 = DIRECTION('',(-0.707106781187,0.707106781187,0.));
#1487 = ORIENTED_EDGE('',*,*,#1488,.T.);
#1488 = EDGE_CURVE('',#1481,#873,#1489,.T.);
#1489 = LINE('',#1490,#1491);
#1490 = CARTESIAN_POINT('',(-2.08933982822,-4.08933982822,1.249999999999
    ));
#1491 = VECTOR('',#1492,1.);
#1492 = DIRECTION('',(-0.707106781187,-0.707106781187,0.));
#1493 = PLANE('',#1494);
#1494 = AXIS2_PLACEMENT_3D('',#1495,#1496,#1497);
#1495 = CARTESIAN_POINT('',(-2.08933982822,-4.08933982822,1.249999999999
    ));
#1496 = DIRECTION('',(0.,0.,1.));
#1497 = DIRECTION('',(1.,0.,0.));
#1498 = ADVANCED_FACE('',(#1499),#1511,.F.);
#1499 = FACE_BOUND('',#1500,.T.);
#1500 = EDGE_LOOP('',(#1501,#1502,#1503,#1509,#1510));
#1501 = ORIENTED_EDGE('',*,*,#880,.T.);
#1502 = ORIENTED_EDGE('',*,*,#1488,.F.);
#1503 = ORIENTED_EDGE('',*,*,#1504,.F.);
#1504 = EDGE_CURVE('',#1423,#1481,#1505,.T.);
#1505 = LINE('',#1506,#1507);
#1506 = CARTESIAN_POINT('',(-2.08933982822,-4.08933982822,0.));
#1507 = VECTOR('',#1508,1.);
#1508 = DIRECTION('',(0.,0.,1.));
#1509 = ORIENTED_EDGE('',*,*,#1422,.T.);
#1510 = ORIENTED_EDGE('',*,*,#1181,.T.);
#1511 = PLANE('',#1512);
#1512 = AXIS2_PLACEMENT_3D('',#1513,#1514,#1515);
#1513 = CARTESIAN_POINT('',(-2.08933982822,-4.08933982822,0.));
#1514 = DIRECTION('',(0.707106781187,-0.707106781187,0.));
#1515 = DIRECTION('',(0.707106781187,0.707106781187,0.));
#1516 = ADVANCED_FACE('',(#1517),#1523,.F.);
#1517 = FACE_BOUND('',#1518,.T.);
#1518 = EDGE_LOOP('',(#1519,#1520,#1521,#1522));
#1519 = ORIENTED_EDGE('',*,*,#1430,.T.);
#1520 = ORIENTED_EDGE('',*,*,#1504,.T.);
#1521 = ORIENTED_EDGE('',*,*,#1480,.T.);
#1522 = ORIENTED_EDGE('',*,*,#1456,.T.);
#1523 = PLANE('',#1524);
#1524 = AXIS2_PLACEMENT_3D('',#1525,#1526,#1527);
#1525 = CARTESIAN_POINT('',(-3.08933982822,-3.08933982822,0.));
#1526 = DIRECTION('',(0.707106781187,0.707106781187,0.));
#1527 = DIRECTION('',(-0.707106781187,0.707106781187,0.));
#1528 = ADVANCED_FACE('',(#1529),#1554,.F.);
#1529 = FACE_BOUND('',#1530,.T.);
#1530 = EDGE_LOOP('',(#1531,#1539,#1547,#1553));
#1531 = ORIENTED_EDGE('',*,*,#1532,.F.);
#1532 = EDGE_CURVE('',#1533,#939,#1535,.T.);
#1533 = VERTEX_POINT('',#1534);
#1534 = CARTESIAN_POINT('',(2.08933982822,4.08933982822,0.));
#1535 = LINE('',#1536,#1537);
#1536 = CARTESIAN_POINT('',(2.08933982822,4.08933982822,0.));
#1537 = VECTOR('',#1538,1.);
#1538 = DIRECTION('',(0.707106781187,0.707106781187,0.));
#1539 = ORIENTED_EDGE('',*,*,#1540,.F.);
#1540 = EDGE_CURVE('',#1541,#1533,#1543,.T.);
#1541 = VERTEX_POINT('',#1542);
#1542 = CARTESIAN_POINT('',(4.08933982822,2.08933982822,0.));
#1543 = LINE('',#1544,#1545);
#1544 = CARTESIAN_POINT('',(2.08933982822,4.08933982822,0.));
#1545 = VECTOR('',#1546,1.);
#1546 = DIRECTION('',(-0.707106781187,0.707106781187,0.));
#1547 = ORIENTED_EDGE('',*,*,#1548,.T.);
#1548 = EDGE_CURVE('',#1541,#948,#1549,.T.);
#1549 = LINE('',#1550,#1551);
#1550 = CARTESIAN_POINT('',(4.08933982822,2.08933982822,0.));
#1551 = VECTOR('',#1552,1.);
#1552 = DIRECTION('',(0.707106781187,0.707106781187,0.));
#1553 = ORIENTED_EDGE('',*,*,#947,.F.);
#1554 = PLANE('',#1555);
#1555 = AXIS2_PLACEMENT_3D('',#1556,#1557,#1558);
#1556 = CARTESIAN_POINT('',(2.08933982822,4.08933982822,0.));
#1557 = DIRECTION('',(0.,0.,-1.));
#1558 = DIRECTION('',(-1.,0.,0.));
#1559 = ADVANCED_FACE('',(#1560),#1584,.F.);
#1560 = FACE_BOUND('',#1561,.T.);
#1561 = EDGE_LOOP('',(#1562,#1568,#1569,#1570,#1578));
#1562 = ORIENTED_EDGE('',*,*,#1563,.F.);
#1563 = EDGE_CURVE('',#979,#1205,#1564,.T.);
#1564 = LINE('',#1565,#1566);
#1565 = CARTESIAN_POINT('',(5.15,3.149999999999,4.099999999999));
#1566 = VECTOR('',#1567,1.);
#1567 = DIRECTION('',(0.,0.,1.));
#1568 = ORIENTED_EDGE('',*,*,#978,.F.);
#1569 = ORIENTED_EDGE('',*,*,#1548,.F.);
#1570 = ORIENTED_EDGE('',*,*,#1571,.F.);
#1571 = EDGE_CURVE('',#1572,#1541,#1574,.T.);
#1572 = VERTEX_POINT('',#1573);
#1573 = CARTESIAN_POINT('',(4.08933982822,2.08933982822,1.249999999999)
  );
#1574 = LINE('',#1575,#1576);
#1575 = CARTESIAN_POINT('',(4.08933982822,2.08933982822,0.));
#1576 = VECTOR('',#1577,1.);
#1577 = DIRECTION('',(0.,0.,-1.));
#1578 = ORIENTED_EDGE('',*,*,#1579,.T.);
#1579 = EDGE_CURVE('',#1572,#1205,#1580,.T.);
#1580 = LINE('',#1581,#1582);
#1581 = CARTESIAN_POINT('',(4.08933982822,2.08933982822,1.249999999999)
  );
#1582 = VECTOR('',#1583,1.);
#1583 = DIRECTION('',(0.707106781187,0.707106781187,0.));
#1584 = PLANE('',#1585);
#1585 = AXIS2_PLACEMENT_3D('',#1586,#1587,#1588);
#1586 = CARTESIAN_POINT('',(4.08933982822,2.08933982822,0.));
#1587 = DIRECTION('',(0.707106781187,-0.707106781187,0.));
#1588 = DIRECTION('',(0.707106781187,0.707106781187,0.));
#1589 = ADVANCED_FACE('',(#1590),#1608,.F.);
#1590 = FACE_BOUND('',#1591,.T.);
#1591 = EDGE_LOOP('',(#1592,#1593,#1594,#1602));
#1592 = ORIENTED_EDGE('',*,*,#1204,.T.);
#1593 = ORIENTED_EDGE('',*,*,#1579,.F.);
#1594 = ORIENTED_EDGE('',*,*,#1595,.F.);
#1595 = EDGE_CURVE('',#1596,#1572,#1598,.T.);
#1596 = VERTEX_POINT('',#1597);
#1597 = CARTESIAN_POINT('',(2.08933982822,4.08933982822,1.249999999999)
  );
#1598 = LINE('',#1599,#1600);
#1599 = CARTESIAN_POINT('',(2.08933982822,4.08933982822,1.249999999999)
  );
#1600 = VECTOR('',#1601,1.);
#1601 = DIRECTION('',(0.707106781187,-0.707106781187,0.));
#1602 = ORIENTED_EDGE('',*,*,#1603,.T.);
#1603 = EDGE_CURVE('',#1596,#1081,#1604,.T.);
#1604 = LINE('',#1605,#1606);
#1605 = CARTESIAN_POINT('',(2.08933982822,4.08933982822,1.249999999999)
  );
#1606 = VECTOR('',#1607,1.);
#1607 = DIRECTION('',(0.707106781187,0.707106781187,0.));
#1608 = PLANE('',#1609);
#1609 = AXIS2_PLACEMENT_3D('',#1610,#1611,#1612);
#1610 = CARTESIAN_POINT('',(2.08933982822,4.08933982822,1.249999999999)
  );
#1611 = DIRECTION('',(0.,0.,1.));
#1612 = DIRECTION('',(1.,0.,0.));
#1613 = ADVANCED_FACE('',(#1614),#1626,.F.);
#1614 = FACE_BOUND('',#1615,.T.);
#1615 = EDGE_LOOP('',(#1616,#1617,#1618,#1624,#1625));
#1616 = ORIENTED_EDGE('',*,*,#1088,.T.);
#1617 = ORIENTED_EDGE('',*,*,#1603,.F.);
#1618 = ORIENTED_EDGE('',*,*,#1619,.F.);
#1619 = EDGE_CURVE('',#1533,#1596,#1620,.T.);
#1620 = LINE('',#1621,#1622);
#1621 = CARTESIAN_POINT('',(2.08933982822,4.08933982822,0.));
#1622 = VECTOR('',#1623,1.);
#1623 = DIRECTION('',(0.,0.,1.));
#1624 = ORIENTED_EDGE('',*,*,#1532,.T.);
#1625 = ORIENTED_EDGE('',*,*,#1040,.T.);
#1626 = PLANE('',#1627);
#1627 = AXIS2_PLACEMENT_3D('',#1628,#1629,#1630);
#1628 = CARTESIAN_POINT('',(2.08933982822,4.08933982822,0.));
#1629 = DIRECTION('',(-0.707106781187,0.707106781187,0.));
#1630 = DIRECTION('',(-0.707106781187,-0.707106781187,0.));
#1631 = ADVANCED_FACE('',(#1632),#1638,.F.);
#1632 = FACE_BOUND('',#1633,.T.);
#1633 = EDGE_LOOP('',(#1634,#1635,#1636,#1637));
#1634 = ORIENTED_EDGE('',*,*,#1540,.T.);
#1635 = ORIENTED_EDGE('',*,*,#1619,.T.);
#1636 = ORIENTED_EDGE('',*,*,#1595,.T.);
#1637 = ORIENTED_EDGE('',*,*,#1571,.T.);
#1638 = PLANE('',#1639);
#1639 = AXIS2_PLACEMENT_3D('',#1640,#1641,#1642);
#1640 = CARTESIAN_POINT('',(3.08933982822,3.08933982822,0.));
#1641 = DIRECTION('',(-0.707106781187,-0.707106781187,0.));
#1642 = DIRECTION('',(0.707106781187,-0.707106781187,0.));
#1643 = ADVANCED_FACE('',(#1644),#1669,.T.);
#1644 = FACE_BOUND('',#1645,.T.);
#1645 = EDGE_LOOP('',(#1646,#1647,#1655,#1663));
#1646 = ORIENTED_EDGE('',*,*,#141,.F.);
#1647 = ORIENTED_EDGE('',*,*,#1648,.F.);
#1648 = EDGE_CURVE('',#1649,#134,#1651,.T.);
#1649 = VERTEX_POINT('',#1650);
#1650 = CARTESIAN_POINT('',(1.407204662735,-0.682537515011,
    4.198999999999));
#1651 = LINE('',#1652,#1653);
#1652 = CARTESIAN_POINT('',(1.407204662735,-0.682537515011,
    4.198999999999));
#1653 = VECTOR('',#1654,1.);
#1654 = DIRECTION('',(0.,0.,1.));
#1655 = ORIENTED_EDGE('',*,*,#1656,.T.);
#1656 = EDGE_CURVE('',#1649,#1657,#1659,.T.);
#1657 = VERTEX_POINT('',#1658);
#1658 = CARTESIAN_POINT('',(1.224277833466,-0.682537515011,
    4.198999999999));
#1659 = LINE('',#1660,#1661);
#1660 = CARTESIAN_POINT('',(1.407204662735,-0.682537515011,
    4.198999999999));
#1661 = VECTOR('',#1662,1.);
#1662 = DIRECTION('',(-1.,0.,0.));
#1663 = ORIENTED_EDGE('',*,*,#1664,.T.);
#1664 = EDGE_CURVE('',#1657,#142,#1665,.T.);
#1665 = LINE('',#1666,#1667);
#1666 = CARTESIAN_POINT('',(1.224277833466,-0.682537515011,
    4.198999999999));
#1667 = VECTOR('',#1668,1.);
#1668 = DIRECTION('',(0.,0.,1.));
#1669 = PLANE('',#1670);
#1670 = AXIS2_PLACEMENT_3D('',#1671,#1672,#1673);
#1671 = CARTESIAN_POINT('',(1.407204662735,-0.682537515011,
    4.198999999999));
#1672 = DIRECTION('',(0.,1.,0.));
#1673 = DIRECTION('',(0.,0.,1.));
#1674 = ADVANCED_FACE('',(#1675),#1693,.T.);
#1675 = FACE_BOUND('',#1676,.T.);
#1676 = EDGE_LOOP('',(#1677,#1678,#1679,#1687));
#1677 = ORIENTED_EDGE('',*,*,#149,.F.);
#1678 = ORIENTED_EDGE('',*,*,#1664,.F.);
#1679 = ORIENTED_EDGE('',*,*,#1680,.T.);
#1680 = EDGE_CURVE('',#1657,#1681,#1683,.T.);
#1681 = VERTEX_POINT('',#1682);
#1682 = CARTESIAN_POINT('',(1.224277833466,0.59166218011,4.198999999999)
  );
#1683 = LINE('',#1684,#1685);
#1684 = CARTESIAN_POINT('',(1.224277833466,-0.682537515011,
    4.198999999999));
#1685 = VECTOR('',#1686,1.);
#1686 = DIRECTION('',(0.,1.,0.));
#1687 = ORIENTED_EDGE('',*,*,#1688,.T.);
#1688 = EDGE_CURVE('',#1681,#150,#1689,.T.);
#1689 = LINE('',#1690,#1691);
#1690 = CARTESIAN_POINT('',(1.224277833466,0.59166218011,4.198999999999)
  );
#1691 = VECTOR('',#1692,1.);
#1692 = DIRECTION('',(0.,0.,1.));
#1693 = PLANE('',#1694);
#1694 = AXIS2_PLACEMENT_3D('',#1695,#1696,#1697);
#1695 = CARTESIAN_POINT('',(1.224277833466,-0.682537515011,
    4.198999999999));
#1696 = DIRECTION('',(1.,0.,0.));
#1697 = DIRECTION('',(0.,0.,-1.));
#1698 = ADVANCED_FACE('',(#1699),#1725,.T.);
#1699 = FACE_BOUND('',#1700,.T.);
#1700 = EDGE_LOOP('',(#1701,#1702,#1703,#1719));
#1701 = ORIENTED_EDGE('',*,*,#157,.F.);
#1702 = ORIENTED_EDGE('',*,*,#1688,.F.);
#1703 = ORIENTED_EDGE('',*,*,#1704,.T.);
#1704 = EDGE_CURVE('',#1681,#1705,#1707,.T.);
#1705 = VERTEX_POINT('',#1706);
#1706 = CARTESIAN_POINT('',(0.876716857857,0.415023460598,4.199));
#1707 = B_SPLINE_CURVE_WITH_KNOTS('',3,(#1708,#1709,#1710,#1711,#1712,
    #1713,#1714,#1715,#1716,#1717,#1718),.UNSPECIFIED.,.F.,.F.,(4,1,1,1,
    1,1,1,1,4),(0.,8.8118195626E-02,0.194050828016,0.318164819684,
    0.461353165014,0.608692228916,0.747543051547,0.877526849563,1.),
  .UNSPECIFIED.);
#1708 = CARTESIAN_POINT('',(1.224277833466,0.59166218011,4.198999999999)
  );
#1709 = CARTESIAN_POINT('',(1.21577486158,0.583832113761,4.198999999999)
  );
#1710 = CARTESIAN_POINT('',(1.197049912397,0.566589013767,4.199));
#1711 = CARTESIAN_POINT('',(1.162365044979,0.543281646937,4.198999999999
    ));
#1712 = CARTESIAN_POINT('',(1.120971796171,0.517268710068,4.199));
#1713 = CARTESIAN_POINT('',(1.072996183126,0.491715477929,4.198999999999
    ));
#1714 = CARTESIAN_POINT('',(1.022626485997,0.466619625692,4.198999999999
    ));
#1715 = CARTESIAN_POINT('',(0.972229194607,0.445773636368,4.198999999999
    ));
#1716 = CARTESIAN_POINT('',(0.924205109421,0.42768486677,4.198999999999)
  );
#1717 = CARTESIAN_POINT('',(0.89222917814,0.419159384354,4.199));
#1718 = CARTESIAN_POINT('',(0.876716857857,0.415023460598,4.199));
#1719 = ORIENTED_EDGE('',*,*,#1720,.T.);
#1720 = EDGE_CURVE('',#1705,#158,#1721,.T.);
#1721 = LINE('',#1722,#1723);
#1722 = CARTESIAN_POINT('',(0.876716857857,0.415023460598,4.199));
#1723 = VECTOR('',#1724,1.);
#1724 = DIRECTION('',(0.,0.,1.));
#1725 = B_SPLINE_SURFACE_WITH_KNOTS('',3,1,(
    (#1726,#1727)
    ,(#1728,#1729)
    ,(#1730,#1731)
    ,(#1732,#1733)
    ,(#1734,#1735)
    ,(#1736,#1737)
    ,(#1738,#1739)
    ,(#1740,#1741)
    ,(#1742,#1743)
    ,(#1744,#1745)
    ,(#1746,#1747
  )),.UNSPECIFIED.,.F.,.F.,.F.,(4,1,1,1,1,1,1,1,4),(2,2),(0.,
    8.8118195626E-02,0.194050828016,0.318164819684,0.461353165014,
    0.608692228916,0.747543051547,0.877526849563,1.),(0.,1.),
  .UNSPECIFIED.);
#1726 = CARTESIAN_POINT('',(1.224277833466,0.59166218011,4.198999999999)
  );
#1727 = CARTESIAN_POINT('',(1.224277833466,0.59166218011,4.2));
#1728 = CARTESIAN_POINT('',(1.21577486158,0.583832113761,4.198999999999)
  );
#1729 = CARTESIAN_POINT('',(1.21577486158,0.583832113761,4.2));
#1730 = CARTESIAN_POINT('',(1.197049912397,0.566589013767,4.199));
#1731 = CARTESIAN_POINT('',(1.197049912397,0.566589013767,4.2));
#1732 = CARTESIAN_POINT('',(1.162365044979,0.543281646937,4.198999999999
    ));
#1733 = CARTESIAN_POINT('',(1.162365044979,0.543281646937,4.2));
#1734 = CARTESIAN_POINT('',(1.120971796171,0.517268710068,4.199));
#1735 = CARTESIAN_POINT('',(1.120971796171,0.517268710068,4.2));
#1736 = CARTESIAN_POINT('',(1.072996183126,0.491715477929,4.198999999999
    ));
#1737 = CARTESIAN_POINT('',(1.072996183126,0.491715477929,4.2));
#1738 = CARTESIAN_POINT('',(1.022626485997,0.466619625692,4.198999999999
    ));
#1739 = CARTESIAN_POINT('',(1.022626485997,0.466619625692,4.2));
#1740 = CARTESIAN_POINT('',(0.972229194607,0.445773636368,4.198999999999
    ));
#1741 = CARTESIAN_POINT('',(0.972229194607,0.445773636368,4.2));
#1742 = CARTESIAN_POINT('',(0.924205109421,0.42768486677,4.198999999999)
  );
#1743 = CARTESIAN_POINT('',(0.924205109421,0.42768486677,4.2));
#1744 = CARTESIAN_POINT('',(0.89222917814,0.419159384354,4.199));
#1745 = CARTESIAN_POINT('',(0.89222917814,0.419159384354,4.2));
#1746 = CARTESIAN_POINT('',(0.876716857857,0.415023460598,4.199));
#1747 = CARTESIAN_POINT('',(0.876716857857,0.415023460598,4.2));
#1748 = ADVANCED_FACE('',(#1749),#1767,.T.);
#1749 = FACE_BOUND('',#1750,.T.);
#1750 = EDGE_LOOP('',(#1751,#1752,#1753,#1761));
#1751 = ORIENTED_EDGE('',*,*,#173,.F.);
#1752 = ORIENTED_EDGE('',*,*,#1720,.F.);
#1753 = ORIENTED_EDGE('',*,*,#1754,.T.);
#1754 = EDGE_CURVE('',#1705,#1755,#1757,.T.);
#1755 = VERTEX_POINT('',#1756);
#1756 = CARTESIAN_POINT('',(0.876716857857,0.597950289866,4.198999999999
    ));
#1757 = LINE('',#1758,#1759);
#1758 = CARTESIAN_POINT('',(0.876716857857,0.415023460598,4.198999999999
    ));
#1759 = VECTOR('',#1760,1.);
#1760 = DIRECTION('',(0.,1.,0.));
#1761 = ORIENTED_EDGE('',*,*,#1762,.T.);
#1762 = EDGE_CURVE('',#1755,#174,#1763,.T.);
#1763 = LINE('',#1764,#1765);
#1764 = CARTESIAN_POINT('',(0.876716857857,0.597950289866,4.198999999999
    ));
#1765 = VECTOR('',#1766,1.);
#1766 = DIRECTION('',(0.,0.,1.));
#1767 = PLANE('',#1768);
#1768 = AXIS2_PLACEMENT_3D('',#1769,#1770,#1771);
#1769 = CARTESIAN_POINT('',(0.876716857857,0.415023460598,4.198999999999
    ));
#1770 = DIRECTION('',(1.,0.,0.));
#1771 = DIRECTION('',(0.,0.,-1.));
#1772 = ADVANCED_FACE('',(#1773),#1799,.T.);
#1773 = FACE_BOUND('',#1774,.T.);
#1774 = EDGE_LOOP('',(#1775,#1776,#1777,#1793));
#1775 = ORIENTED_EDGE('',*,*,#181,.F.);
#1776 = ORIENTED_EDGE('',*,*,#1762,.F.);
#1777 = ORIENTED_EDGE('',*,*,#1778,.T.);
#1778 = EDGE_CURVE('',#1755,#1779,#1781,.T.);
#1779 = VERTEX_POINT('',#1780);
#1780 = CARTESIAN_POINT('',(1.336034693222,0.835755167915,4.198999999999
    ));
#1781 = B_SPLINE_CURVE_WITH_KNOTS('',3,(#1782,#1783,#1784,#1785,#1786,
    #1787,#1788,#1789,#1790,#1791,#1792),.UNSPECIFIED.,.F.,.F.,(4,1,1,1,
    1,1,1,1,4),(0.,0.121241716272,0.248824178072,0.383591751809,
    0.525538703232,0.664908718228,0.789887097054,0.901546186402,1.),
  .UNSPECIFIED.);
#1782 = CARTESIAN_POINT('',(0.876716857857,0.597950289866,4.198999999999
    ));
#1783 = CARTESIAN_POINT('',(0.896921375405,0.603842526764,4.198999999999
    ));
#1784 = CARTESIAN_POINT('',(0.938387074067,0.615935155012,4.198999999999
    ));
#1785 = CARTESIAN_POINT('',(1.000331792709,0.640432887691,4.198999999999
    ));
#1786 = CARTESIAN_POINT('',(1.064823031195,0.668065131166,4.199));
#1787 = CARTESIAN_POINT('',(1.129175939055,0.70086664044,4.198999999999)
  );
#1788 = CARTESIAN_POINT('',(1.190937271925,0.734873277452,4.198999999999
    ));
#1789 = CARTESIAN_POINT('',(1.24662243028,0.768886466183,4.198999999999)
  );
#1790 = CARTESIAN_POINT('',(1.294684550598,0.801717312374,4.198999999999
    ));
#1791 = CARTESIAN_POINT('',(1.322841179418,0.824894772075,4.198999999999
    ));
#1792 = CARTESIAN_POINT('',(1.336034693222,0.835755167915,4.198999999999
    ));
#1793 = ORIENTED_EDGE('',*,*,#1794,.T.);
#1794 = EDGE_CURVE('',#1779,#182,#1795,.T.);
#1795 = LINE('',#1796,#1797);
#1796 = CARTESIAN_POINT('',(1.336034693222,0.835755167915,4.198999999999
    ));
#1797 = VECTOR('',#1798,1.);
#1798 = DIRECTION('',(0.,0.,1.));
#1799 = B_SPLINE_SURFACE_WITH_KNOTS('',3,1,(
    (#1800,#1801)
    ,(#1802,#1803)
    ,(#1804,#1805)
    ,(#1806,#1807)
    ,(#1808,#1809)
    ,(#1810,#1811)
    ,(#1812,#1813)
    ,(#1814,#1815)
    ,(#1816,#1817)
    ,(#1818,#1819)
    ,(#1820,#1821
  )),.UNSPECIFIED.,.F.,.F.,.F.,(4,1,1,1,1,1,1,1,4),(2,2),(0.,
    0.121241716272,0.248824178072,0.383591751809,0.525538703232,
    0.664908718228,0.789887097054,0.901546186402,1.),(0.,1.),
  .UNSPECIFIED.);
#1800 = CARTESIAN_POINT('',(0.876716857857,0.597950289866,4.198999999999
    ));
#1801 = CARTESIAN_POINT('',(0.876716857857,0.597950289866,4.2));
#1802 = CARTESIAN_POINT('',(0.896921375405,0.603842526764,4.198999999999
    ));
#1803 = CARTESIAN_POINT('',(0.896921375405,0.603842526764,4.2));
#1804 = CARTESIAN_POINT('',(0.938387074067,0.615935155012,4.198999999999
    ));
#1805 = CARTESIAN_POINT('',(0.938387074067,0.615935155012,4.2));
#1806 = CARTESIAN_POINT('',(1.000331792709,0.640432887691,4.198999999999
    ));
#1807 = CARTESIAN_POINT('',(1.000331792709,0.640432887691,4.2));
#1808 = CARTESIAN_POINT('',(1.064823031195,0.668065131166,4.199));
#1809 = CARTESIAN_POINT('',(1.064823031195,0.668065131166,4.2));
#1810 = CARTESIAN_POINT('',(1.129175939055,0.70086664044,4.198999999999)
  );
#1811 = CARTESIAN_POINT('',(1.129175939055,0.70086664044,4.199999999999)
  );
#1812 = CARTESIAN_POINT('',(1.190937271925,0.734873277452,4.198999999999
    ));
#1813 = CARTESIAN_POINT('',(1.190937271925,0.734873277452,4.2));
#1814 = CARTESIAN_POINT('',(1.24662243028,0.768886466183,4.198999999999)
  );
#1815 = CARTESIAN_POINT('',(1.24662243028,0.768886466183,4.2));
#1816 = CARTESIAN_POINT('',(1.294684550598,0.801717312374,4.198999999999
    ));
#1817 = CARTESIAN_POINT('',(1.294684550598,0.801717312374,4.2));
#1818 = CARTESIAN_POINT('',(1.322841179418,0.824894772075,4.198999999999
    ));
#1819 = CARTESIAN_POINT('',(1.322841179418,0.824894772075,4.199999999999
    ));
#1820 = CARTESIAN_POINT('',(1.336034693222,0.835755167915,4.198999999999
    ));
#1821 = CARTESIAN_POINT('',(1.336034693222,0.835755167915,4.2));
#1822 = ADVANCED_FACE('',(#1823),#1841,.T.);
#1823 = FACE_BOUND('',#1824,.T.);
#1824 = EDGE_LOOP('',(#1825,#1826,#1827,#1835));
#1825 = ORIENTED_EDGE('',*,*,#197,.F.);
#1826 = ORIENTED_EDGE('',*,*,#1794,.F.);
#1827 = ORIENTED_EDGE('',*,*,#1828,.T.);
#1828 = EDGE_CURVE('',#1779,#1829,#1831,.T.);
#1829 = VERTEX_POINT('',#1830);
#1830 = CARTESIAN_POINT('',(1.407204662735,0.835755167915,4.198999999999
    ));
#1831 = LINE('',#1832,#1833);
#1832 = CARTESIAN_POINT('',(1.336034693222,0.835755167915,4.198999999999
    ));
#1833 = VECTOR('',#1834,1.);
#1834 = DIRECTION('',(1.,0.,0.));
#1835 = ORIENTED_EDGE('',*,*,#1836,.T.);
#1836 = EDGE_CURVE('',#1829,#132,#1837,.T.);
#1837 = LINE('',#1838,#1839);
#1838 = CARTESIAN_POINT('',(1.407204662735,0.835755167915,4.198999999999
    ));
#1839 = VECTOR('',#1840,1.);
#1840 = DIRECTION('',(0.,0.,1.));
#1841 = PLANE('',#1842);
#1842 = AXIS2_PLACEMENT_3D('',#1843,#1844,#1845);
#1843 = CARTESIAN_POINT('',(1.336034693222,0.835755167915,4.198999999999
    ));
#1844 = DIRECTION('',(0.,-1.,0.));
#1845 = DIRECTION('',(0.,0.,-1.));
#1846 = ADVANCED_FACE('',(#1847),#1858,.T.);
#1847 = FACE_BOUND('',#1848,.T.);
#1848 = EDGE_LOOP('',(#1849,#1850,#1851,#1857));
#1849 = ORIENTED_EDGE('',*,*,#131,.F.);
#1850 = ORIENTED_EDGE('',*,*,#1836,.F.);
#1851 = ORIENTED_EDGE('',*,*,#1852,.T.);
#1852 = EDGE_CURVE('',#1829,#1649,#1853,.T.);
#1853 = LINE('',#1854,#1855);
#1854 = CARTESIAN_POINT('',(1.407204662735,0.835755167915,4.198999999999
    ));
#1855 = VECTOR('',#1856,1.);
#1856 = DIRECTION('',(0.,-1.,0.));
#1857 = ORIENTED_EDGE('',*,*,#1648,.T.);
#1858 = PLANE('',#1859);
#1859 = AXIS2_PLACEMENT_3D('',#1860,#1861,#1862);
#1860 = CARTESIAN_POINT('',(1.407204662735,0.835755167915,4.198999999999
    ));
#1861 = DIRECTION('',(-1.,0.,0.));
#1862 = DIRECTION('',(0.,0.,1.));
#1863 = ADVANCED_FACE('',(#1864),#1873,.T.);
#1864 = FACE_BOUND('',#1865,.T.);
#1865 = EDGE_LOOP('',(#1866,#1867,#1868,#1869,#1870,#1871,#1872));
#1866 = ORIENTED_EDGE('',*,*,#1656,.F.);
#1867 = ORIENTED_EDGE('',*,*,#1852,.F.);
#1868 = ORIENTED_EDGE('',*,*,#1828,.F.);
#1869 = ORIENTED_EDGE('',*,*,#1778,.F.);
#1870 = ORIENTED_EDGE('',*,*,#1754,.F.);
#1871 = ORIENTED_EDGE('',*,*,#1704,.F.);
#1872 = ORIENTED_EDGE('',*,*,#1680,.F.);
#1873 = PLANE('',#1874);
#1874 = AXIS2_PLACEMENT_3D('',#1875,#1876,#1877);
#1875 = CARTESIAN_POINT('',(1.059828975887,0.485288548663,4.198999999999
    ));
#1876 = DIRECTION('',(0.,0.,1.));
#1877 = DIRECTION('',(1.,0.,0.));
#1878 = ADVANCED_FACE('',(#1879),#1920,.T.);
#1879 = FACE_BOUND('',#1880,.T.);
#1880 = EDGE_LOOP('',(#1881,#1882,#1890,#1914));
#1881 = ORIENTED_EDGE('',*,*,#231,.F.);
#1882 = ORIENTED_EDGE('',*,*,#1883,.F.);
#1883 = EDGE_CURVE('',#1884,#208,#1886,.T.);
#1884 = VERTEX_POINT('',#1885);
#1885 = CARTESIAN_POINT('',(4.0112437125E-02,-8.566478426E-03,
    4.198999999999));
#1886 = LINE('',#1887,#1888);
#1887 = CARTESIAN_POINT('',(4.0112437125E-02,-8.566478426E-03,
    4.198999999999));
#1888 = VECTOR('',#1889,1.);
#1889 = DIRECTION('',(0.,0.,1.));
#1890 = ORIENTED_EDGE('',*,*,#1891,.T.);
#1891 = EDGE_CURVE('',#1884,#1892,#1894,.T.);
#1892 = VERTEX_POINT('',#1893);
#1893 = CARTESIAN_POINT('',(0.346229052979,0.419310808159,4.198999999999
    ));
#1894 = B_SPLINE_CURVE_WITH_KNOTS('',3,(#1895,#1896,#1897,#1898,#1899,
    #1900,#1901,#1902,#1903,#1904,#1905,#1906,#1907,#1908,#1909,#1910,
    #1911,#1912,#1913),.UNSPECIFIED.,.F.,.F.,(4,1,1,1,1,1,1,1,1,1,1,1,1,
    1,1,1,4),(0.,9.4946371017E-02,0.183528990616,0.265917511754,
    0.342850332499,0.413024061559,0.478019871152,0.537269670906,
    0.591374949314,0.642508483092,0.693149292468,0.743128277156,
    0.793215033364,0.843588945081,0.894814666004,0.946997228792,1.),
  .UNSPECIFIED.);
#1895 = CARTESIAN_POINT('',(4.0112437125E-02,-8.566478426E-03,
    4.198999999999));
#1896 = CARTESIAN_POINT('',(5.4380530588E-02,1.433838512E-03,
    4.198999999999));
#1897 = CARTESIAN_POINT('',(8.1960402923E-02,2.076420421E-02,
    4.198999999999));
#1898 = CARTESIAN_POINT('',(0.12074847359,5.0376329803E-02,4.199));
#1899 = CARTESIAN_POINT('',(0.156477231591,7.8546785361E-02,
    4.198999999999));
#1900 = CARTESIAN_POINT('',(0.188209359769,0.106243037915,4.198999999999
    ));
#1901 = CARTESIAN_POINT('',(0.216916516934,0.132542250062,4.199));
#1902 = CARTESIAN_POINT('',(0.241658581754,0.158267826849,4.198999999999
    ));
#1903 = CARTESIAN_POINT('',(0.263304517988,0.182830210509,4.199));
#1904 = CARTESIAN_POINT('',(0.281660093427,0.206831527473,4.198999999999
    ));
#1905 = CARTESIAN_POINT('',(0.297044881721,0.230981491842,4.199));
#1906 = CARTESIAN_POINT('',(0.310180226247,0.255563314677,4.198999999999
    ));
#1907 = CARTESIAN_POINT('',(0.321403724046,0.280859190434,4.199));
#1908 = CARTESIAN_POINT('',(0.330684350954,0.306901515419,4.199));
#1909 = CARTESIAN_POINT('',(0.33734683427,0.333952331077,4.198999999999)
  );
#1910 = CARTESIAN_POINT('',(0.342705467304,0.361680178036,4.198999999999
    ));
#1911 = CARTESIAN_POINT('',(0.345415309749,0.390294219743,4.198999999999
    ));
#1912 = CARTESIAN_POINT('',(0.345956398811,0.409588461494,4.198999999999
    ));
#1913 = CARTESIAN_POINT('',(0.346229052979,0.419310808159,4.198999999999
    ));
#1914 = ORIENTED_EDGE('',*,*,#1915,.T.);
#1915 = EDGE_CURVE('',#1892,#232,#1916,.T.);
#1916 = LINE('',#1917,#1918);
#1917 = CARTESIAN_POINT('',(0.346229052979,0.419310808159,4.198999999999
    ));
#1918 = VECTOR('',#1919,1.);
#1919 = DIRECTION('',(0.,0.,1.));
#1920 = B_SPLINE_SURFACE_WITH_KNOTS('',3,1,(
    (#1921,#1922)
    ,(#1923,#1924)
    ,(#1925,#1926)
    ,(#1927,#1928)
    ,(#1929,#1930)
    ,(#1931,#1932)
    ,(#1933,#1934)
    ,(#1935,#1936)
    ,(#1937,#1938)
    ,(#1939,#1940)
    ,(#1941,#1942)
    ,(#1943,#1944)
    ,(#1945,#1946)
    ,(#1947,#1948)
    ,(#1949,#1950)
    ,(#1951,#1952)
    ,(#1953,#1954)
    ,(#1955,#1956)
    ,(#1957,#1958
    )),.UNSPECIFIED.,.F.,.F.,.F.,(4,1,1,1,1,1,1,1,1,1,1,1,1,1,1,1,4),(2,
    2),(0.,9.4946371017E-02,0.183528990616,0.265917511754,0.342850332499
    ,0.413024061559,0.478019871152,0.537269670906,0.591374949314,
    0.642508483092,0.693149292468,0.743128277156,0.793215033364,
    0.843588945081,0.894814666004,0.946997228792,1.),(0.,1.),
  .UNSPECIFIED.);
#1921 = CARTESIAN_POINT('',(4.0112437125E-02,-8.566478426E-03,
    4.198999999999));
#1922 = CARTESIAN_POINT('',(4.0112437125E-02,-8.566478426E-03,4.2));
#1923 = CARTESIAN_POINT('',(5.4380530588E-02,1.433838512E-03,
    4.198999999999));
#1924 = CARTESIAN_POINT('',(5.4380530588E-02,1.433838512E-03,4.2));
#1925 = CARTESIAN_POINT('',(8.1960402923E-02,2.076420421E-02,
    4.198999999999));
#1926 = CARTESIAN_POINT('',(8.1960402923E-02,2.076420421E-02,
    4.199999999999));
#1927 = CARTESIAN_POINT('',(0.12074847359,5.0376329803E-02,4.199));
#1928 = CARTESIAN_POINT('',(0.12074847359,5.0376329803E-02,4.2));
#1929 = CARTESIAN_POINT('',(0.156477231591,7.8546785361E-02,
    4.198999999999));
#1930 = CARTESIAN_POINT('',(0.156477231591,7.8546785361E-02,
    4.199999999999));
#1931 = CARTESIAN_POINT('',(0.188209359769,0.106243037915,4.198999999999
    ));
#1932 = CARTESIAN_POINT('',(0.188209359769,0.106243037915,4.2));
#1933 = CARTESIAN_POINT('',(0.216916516934,0.132542250062,4.199));
#1934 = CARTESIAN_POINT('',(0.216916516934,0.132542250062,4.2));
#1935 = CARTESIAN_POINT('',(0.241658581754,0.158267826849,4.198999999999
    ));
#1936 = CARTESIAN_POINT('',(0.241658581754,0.158267826849,4.199999999999
    ));
#1937 = CARTESIAN_POINT('',(0.263304517988,0.182830210509,4.199));
#1938 = CARTESIAN_POINT('',(0.263304517988,0.182830210509,4.2));
#1939 = CARTESIAN_POINT('',(0.281660093427,0.206831527473,4.198999999999
    ));
#1940 = CARTESIAN_POINT('',(0.281660093427,0.206831527473,4.199999999999
    ));
#1941 = CARTESIAN_POINT('',(0.297044881721,0.230981491842,4.199));
#1942 = CARTESIAN_POINT('',(0.297044881721,0.230981491842,4.2));
#1943 = CARTESIAN_POINT('',(0.310180226247,0.255563314677,4.198999999999
    ));
#1944 = CARTESIAN_POINT('',(0.310180226247,0.255563314677,4.199999999999
    ));
#1945 = CARTESIAN_POINT('',(0.321403724046,0.280859190434,4.199));
#1946 = CARTESIAN_POINT('',(0.321403724046,0.280859190434,4.2));
#1947 = CARTESIAN_POINT('',(0.330684350954,0.306901515419,4.199));
#1948 = CARTESIAN_POINT('',(0.330684350954,0.306901515419,4.2));
#1949 = CARTESIAN_POINT('',(0.33734683427,0.333952331077,4.198999999999)
  );
#1950 = CARTESIAN_POINT('',(0.33734683427,0.333952331077,4.2));
#1951 = CARTESIAN_POINT('',(0.342705467304,0.361680178036,4.198999999999
    ));
#1952 = CARTESIAN_POINT('',(0.342705467304,0.361680178036,4.2));
#1953 = CARTESIAN_POINT('',(0.345415309749,0.390294219743,4.198999999999
    ));
#1954 = CARTESIAN_POINT('',(0.345415309749,0.390294219743,4.2));
#1955 = CARTESIAN_POINT('',(0.345956398811,0.409588461494,4.198999999999
    ));
#1956 = CARTESIAN_POINT('',(0.345956398811,0.409588461494,4.2));
#1957 = CARTESIAN_POINT('',(0.346229052979,0.419310808159,4.198999999999
    ));
#1958 = CARTESIAN_POINT('',(0.346229052979,0.419310808159,4.2));
#1959 = ADVANCED_FACE('',(#1960),#1994,.T.);
#1960 = FACE_BOUND('',#1961,.T.);
#1961 = EDGE_LOOP('',(#1962,#1963,#1964,#1988));
#1962 = ORIENTED_EDGE('',*,*,#255,.F.);
#1963 = ORIENTED_EDGE('',*,*,#1915,.F.);
#1964 = ORIENTED_EDGE('',*,*,#1965,.T.);
#1965 = EDGE_CURVE('',#1892,#1966,#1968,.T.);
#1966 = VERTEX_POINT('',#1967);
#1967 = CARTESIAN_POINT('',(5.7547650539E-02,0.671121021573,
    4.198999999999));
#1968 = B_SPLINE_CURVE_WITH_KNOTS('',3,(#1969,#1970,#1971,#1972,#1973,
    #1974,#1975,#1976,#1977,#1978,#1979,#1980,#1981,#1982,#1983,#1984,
    #1985,#1986,#1987),.UNSPECIFIED.,.F.,.F.,(4,1,1,1,1,1,1,1,1,1,1,1,1,
    1,1,1,4),(0.,6.6030844719E-02,0.129294159676,0.189627139685,
    0.247856302636,0.305101558446,0.362384823195,0.419576824054,
    0.477910554596,0.537166073287,0.597031868114,0.657821282832,
    0.720448352392,0.785432577929,0.853770076472,0.924738698814,1.),
  .UNSPECIFIED.);
#1969 = CARTESIAN_POINT('',(0.346229052979,0.419310808159,4.198999999999
    ));
#1970 = CARTESIAN_POINT('',(0.346047694518,0.428852590204,4.198999999999
    ));
#1971 = CARTESIAN_POINT('',(0.345692578818,0.447536232623,4.199));
#1972 = CARTESIAN_POINT('',(0.341802218714,0.47469632536,4.198999999999)
  );
#1973 = CARTESIAN_POINT('',(0.335982873237,0.50034757722,4.198999999999)
  );
#1974 = CARTESIAN_POINT('',(0.327219456871,0.524234835614,4.198999999999
    ));
#1975 = CARTESIAN_POINT('',(0.316387976056,0.546762767224,4.199));
#1976 = CARTESIAN_POINT('',(0.302869480223,0.567620927938,4.199));
#1977 = CARTESIAN_POINT('',(0.287069722979,0.587014888917,4.198999999999
    ));
#1978 = CARTESIAN_POINT('',(0.268643390384,0.604349898487,4.199));
#1979 = CARTESIAN_POINT('',(0.24836888899,0.620074269674,4.199));
#1980 = CARTESIAN_POINT('',(0.226306781242,0.633896189595,4.198999999999
    ));
#1981 = CARTESIAN_POINT('',(0.202370573408,0.645306191479,4.198999999999
    ));
#1982 = CARTESIAN_POINT('',(0.176818510543,0.654728752984,4.199));
#1983 = CARTESIAN_POINT('',(0.149500208641,0.662275695155,4.198999999999
    ));
#1984 = CARTESIAN_POINT('',(0.120379343473,0.66719201023,4.198999999999)
  );
#1985 = CARTESIAN_POINT('',(8.9538587231E-02,0.670467379632,
    4.198999999999));
#1986 = CARTESIAN_POINT('',(6.8417966168E-02,0.670898918223,4.199));
#1987 = CARTESIAN_POINT('',(5.7547650539E-02,0.671121021573,
    4.198999999999));
#1988 = ORIENTED_EDGE('',*,*,#1989,.T.);
#1989 = EDGE_CURVE('',#1966,#256,#1990,.T.);
#1990 = LINE('',#1991,#1992);
#1991 = CARTESIAN_POINT('',(5.7547650539E-02,0.671121021573,
    4.198999999999));
#1992 = VECTOR('',#1993,1.);
#1993 = DIRECTION('',(0.,0.,1.));
#1994 = B_SPLINE_SURFACE_WITH_KNOTS('',3,1,(
    (#1995,#1996)
    ,(#1997,#1998)
    ,(#1999,#2000)
    ,(#2001,#2002)
    ,(#2003,#2004)
    ,(#2005,#2006)
    ,(#2007,#2008)
    ,(#2009,#2010)
    ,(#2011,#2012)
    ,(#2013,#2014)
    ,(#2015,#2016)
    ,(#2017,#2018)
    ,(#2019,#2020)
    ,(#2021,#2022)
    ,(#2023,#2024)
    ,(#2025,#2026)
    ,(#2027,#2028)
    ,(#2029,#2030)
    ,(#2031,#2032
    )),.UNSPECIFIED.,.F.,.F.,.F.,(4,1,1,1,1,1,1,1,1,1,1,1,1,1,1,1,4),(2,
    2),(0.,6.6030844719E-02,0.129294159676,0.189627139685,0.247856302636
    ,0.305101558446,0.362384823195,0.419576824054,0.477910554596,
    0.537166073287,0.597031868114,0.657821282832,0.720448352392,
    0.785432577929,0.853770076472,0.924738698814,1.),(0.,1.),
  .UNSPECIFIED.);
#1995 = CARTESIAN_POINT('',(0.346229052979,0.419310808159,4.198999999999
    ));
#1996 = CARTESIAN_POINT('',(0.346229052979,0.419310808159,4.2));
#1997 = CARTESIAN_POINT('',(0.346047694518,0.428852590204,4.198999999999
    ));
#1998 = CARTESIAN_POINT('',(0.346047694518,0.428852590204,4.2));
#1999 = CARTESIAN_POINT('',(0.345692578818,0.447536232623,4.199));
#2000 = CARTESIAN_POINT('',(0.345692578818,0.447536232623,4.2));
#2001 = CARTESIAN_POINT('',(0.341802218714,0.47469632536,4.198999999999)
  );
#2002 = CARTESIAN_POINT('',(0.341802218714,0.47469632536,4.199999999999)
  );
#2003 = CARTESIAN_POINT('',(0.335982873237,0.50034757722,4.198999999999)
  );
#2004 = CARTESIAN_POINT('',(0.335982873237,0.50034757722,4.2));
#2005 = CARTESIAN_POINT('',(0.327219456871,0.524234835614,4.198999999999
    ));
#2006 = CARTESIAN_POINT('',(0.327219456871,0.524234835614,4.199999999999
    ));
#2007 = CARTESIAN_POINT('',(0.316387976056,0.546762767224,4.199));
#2008 = CARTESIAN_POINT('',(0.316387976056,0.546762767224,4.2));
#2009 = CARTESIAN_POINT('',(0.302869480223,0.567620927938,4.199));
#2010 = CARTESIAN_POINT('',(0.302869480223,0.567620927938,4.2));
#2011 = CARTESIAN_POINT('',(0.287069722979,0.587014888917,4.198999999999
    ));
#2012 = CARTESIAN_POINT('',(0.287069722979,0.587014888917,4.199999999999
    ));
#2013 = CARTESIAN_POINT('',(0.268643390384,0.604349898487,4.199));
#2014 = CARTESIAN_POINT('',(0.268643390384,0.604349898487,4.2));
#2015 = CARTESIAN_POINT('',(0.24836888899,0.620074269674,4.199));
#2016 = CARTESIAN_POINT('',(0.24836888899,0.620074269674,4.2));
#2017 = CARTESIAN_POINT('',(0.226306781242,0.633896189595,4.198999999999
    ));
#2018 = CARTESIAN_POINT('',(0.226306781242,0.633896189595,4.2));
#2019 = CARTESIAN_POINT('',(0.202370573408,0.645306191479,4.198999999999
    ));
#2020 = CARTESIAN_POINT('',(0.202370573408,0.645306191479,4.199999999999
    ));
#2021 = CARTESIAN_POINT('',(0.176818510543,0.654728752984,4.199));
#2022 = CARTESIAN_POINT('',(0.176818510543,0.654728752984,4.2));
#2023 = CARTESIAN_POINT('',(0.149500208641,0.662275695155,4.198999999999
    ));
#2024 = CARTESIAN_POINT('',(0.149500208641,0.662275695155,4.199999999999
    ));
#2025 = CARTESIAN_POINT('',(0.120379343473,0.66719201023,4.198999999999)
  );
#2026 = CARTESIAN_POINT('',(0.120379343473,0.66719201023,4.2));
#2027 = CARTESIAN_POINT('',(8.9538587231E-02,0.670467379632,
    4.198999999999));
#2028 = CARTESIAN_POINT('',(8.9538587231E-02,0.670467379632,
    4.199999999999));
#2029 = CARTESIAN_POINT('',(6.8417966168E-02,0.670898918223,4.199));
#2030 = CARTESIAN_POINT('',(6.8417966168E-02,0.670898918223,4.2));
#2031 = CARTESIAN_POINT('',(5.7547650539E-02,0.671121021573,
    4.198999999999));
#2032 = CARTESIAN_POINT('',(5.7547650539E-02,0.671121021573,4.2));
#2033 = ADVANCED_FACE('',(#2034),#2060,.T.);
#2034 = FACE_BOUND('',#2035,.T.);
#2035 = EDGE_LOOP('',(#2036,#2037,#2038,#2054));
#2036 = ORIENTED_EDGE('',*,*,#279,.F.);
#2037 = ORIENTED_EDGE('',*,*,#1989,.F.);
#2038 = ORIENTED_EDGE('',*,*,#2039,.T.);
#2039 = EDGE_CURVE('',#1966,#2040,#2042,.T.);
#2040 = VERTEX_POINT('',#2041);
#2041 = CARTESIAN_POINT('',(-0.312307532386,0.488765838646,
    4.198999999999));
#2042 = B_SPLINE_CURVE_WITH_KNOTS('',3,(#2043,#2044,#2045,#2046,#2047,
    #2048,#2049,#2050,#2051,#2052,#2053),.UNSPECIFIED.,.F.,.F.,(4,1,1,1,
    1,1,1,1,4),(0.,0.111554841178,0.225516891655,0.343554219769,
    0.467170028746,0.594332573775,0.724983929808,0.859692508059,
    0.999999999999),.UNSPECIFIED.);
#2043 = CARTESIAN_POINT('',(5.7547650539E-02,0.671121021573,
    4.198999999999));
#2044 = CARTESIAN_POINT('',(4.1786657493E-02,0.670580974567,
    4.198999999999));
#2045 = CARTESIAN_POINT('',(9.924569539E-03,0.669489227037,
    4.198999999999));
#2046 = CARTESIAN_POINT('',(-3.7853864972E-02,0.660117903408,4.199));
#2047 = CARTESIAN_POINT('',(-8.5865745322E-02,0.645165344057,4.199));
#2048 = CARTESIAN_POINT('',(-0.133610926362,0.624153703242,
    4.198999999999));
#2049 = CARTESIAN_POINT('',(-0.180853230268,0.598158122484,
    4.198999999999));
#2050 = CARTESIAN_POINT('',(-0.226655004924,0.566829077175,
    4.198999999999));
#2051 = CARTESIAN_POINT('',(-0.270973190219,0.530394872607,4.199));
#2052 = CARTESIAN_POINT('',(-0.298343677673,0.502829248189,
    4.198999999999));
#2053 = CARTESIAN_POINT('',(-0.312307532386,0.488765838646,
    4.198999999999));
#2054 = ORIENTED_EDGE('',*,*,#2055,.T.);
#2055 = EDGE_CURVE('',#2040,#280,#2056,.T.);
#2056 = LINE('',#2057,#2058);
#2057 = CARTESIAN_POINT('',(-0.312307532386,0.488765838646,
    4.198999999999));
#2058 = VECTOR('',#2059,1.);
#2059 = DIRECTION('',(0.,0.,1.));
#2060 = B_SPLINE_SURFACE_WITH_KNOTS('',3,1,(
    (#2061,#2062)
    ,(#2063,#2064)
    ,(#2065,#2066)
    ,(#2067,#2068)
    ,(#2069,#2070)
    ,(#2071,#2072)
    ,(#2073,#2074)
    ,(#2075,#2076)
    ,(#2077,#2078)
    ,(#2079,#2080)
    ,(#2081,#2082
  )),.UNSPECIFIED.,.F.,.F.,.F.,(4,1,1,1,1,1,1,1,4),(2,2),(0.,
    0.111554841178,0.225516891655,0.343554219769,0.467170028746,
    0.594332573775,0.724983929808,0.859692508059,0.999999999999),(0.,1.)
  ,.UNSPECIFIED.);
#2061 = CARTESIAN_POINT('',(5.7547650539E-02,0.671121021573,
    4.198999999999));
#2062 = CARTESIAN_POINT('',(5.7547650539E-02,0.671121021573,4.2));
#2063 = CARTESIAN_POINT('',(4.1786657493E-02,0.670580974567,
    4.198999999999));
#2064 = CARTESIAN_POINT('',(4.1786657493E-02,0.670580974567,4.2));
#2065 = CARTESIAN_POINT('',(9.924569539E-03,0.669489227037,
    4.198999999999));
#2066 = CARTESIAN_POINT('',(9.924569539E-03,0.669489227037,4.2));
#2067 = CARTESIAN_POINT('',(-3.7853864972E-02,0.660117903408,4.199));
#2068 = CARTESIAN_POINT('',(-3.7853864972E-02,0.660117903408,4.2));
#2069 = CARTESIAN_POINT('',(-8.5865745322E-02,0.645165344057,
    4.198999999999));
#2070 = CARTESIAN_POINT('',(-8.5865745322E-02,0.645165344057,4.2));
#2071 = CARTESIAN_POINT('',(-0.133610926362,0.624153703242,
    4.198999999999));
#2072 = CARTESIAN_POINT('',(-0.133610926362,0.624153703242,4.2));
#2073 = CARTESIAN_POINT('',(-0.180853230268,0.598158122484,
    4.198999999999));
#2074 = CARTESIAN_POINT('',(-0.180853230268,0.598158122484,4.2));
#2075 = CARTESIAN_POINT('',(-0.226655004924,0.566829077175,
    4.198999999999));
#2076 = CARTESIAN_POINT('',(-0.226655004924,0.566829077175,
    4.199999999999));
#2077 = CARTESIAN_POINT('',(-0.270973190219,0.530394872607,
    4.198999999999));
#2078 = CARTESIAN_POINT('',(-0.270973190219,0.530394872607,4.2));
#2079 = CARTESIAN_POINT('',(-0.298343677673,0.502829248189,
    4.198999999999));
#2080 = CARTESIAN_POINT('',(-0.298343677673,0.502829248189,4.2));
#2081 = CARTESIAN_POINT('',(-0.312307532386,0.488765838646,
    4.198999999999));
#2082 = CARTESIAN_POINT('',(-0.312307532386,0.488765838646,4.2));
#2083 = ADVANCED_FACE('',(#2084),#2102,.T.);
#2084 = FACE_BOUND('',#2085,.T.);
#2085 = EDGE_LOOP('',(#2086,#2087,#2088,#2096));
#2086 = ORIENTED_EDGE('',*,*,#295,.F.);
#2087 = ORIENTED_EDGE('',*,*,#2055,.F.);
#2088 = ORIENTED_EDGE('',*,*,#2089,.T.);
#2089 = EDGE_CURVE('',#2040,#2090,#2092,.T.);
#2090 = VERTEX_POINT('',#2091);
#2091 = CARTESIAN_POINT('',(-0.312307532386,0.672264314256,
    4.198999999999));
#2092 = LINE('',#2093,#2094);
#2093 = CARTESIAN_POINT('',(-0.312307532386,0.488765838646,
    4.198999999999));
#2094 = VECTOR('',#2095,1.);
#2095 = DIRECTION('',(0.,1.,0.));
#2096 = ORIENTED_EDGE('',*,*,#2097,.T.);
#2097 = EDGE_CURVE('',#2090,#296,#2098,.T.);
#2098 = LINE('',#2099,#2100);
#2099 = CARTESIAN_POINT('',(-0.312307532386,0.672264314256,
    4.198999999999));
#2100 = VECTOR('',#2101,1.);
#2101 = DIRECTION('',(0.,0.,1.));
#2102 = PLANE('',#2103);
#2103 = AXIS2_PLACEMENT_3D('',#2104,#2105,#2106);
#2104 = CARTESIAN_POINT('',(-0.312307532386,0.488765838646,
    4.198999999999));
#2105 = DIRECTION('',(1.,0.,0.));
#2106 = DIRECTION('',(0.,0.,-1.));
#2107 = ADVANCED_FACE('',(#2108),#2134,.T.);
#2108 = FACE_BOUND('',#2109,.T.);
#2109 = EDGE_LOOP('',(#2110,#2111,#2112,#2128));
#2110 = ORIENTED_EDGE('',*,*,#303,.F.);
#2111 = ORIENTED_EDGE('',*,*,#2097,.F.);
#2112 = ORIENTED_EDGE('',*,*,#2113,.T.);
#2113 = EDGE_CURVE('',#2090,#2114,#2116,.T.);
#2114 = VERTEX_POINT('',#2115);
#2115 = CARTESIAN_POINT('',(7.5840333466E-02,0.835755167915,
    4.198999999999));
#2116 = B_SPLINE_CURVE_WITH_KNOTS('',3,(#2117,#2118,#2119,#2120,#2121,
    #2122,#2123,#2124,#2125,#2126,#2127),.UNSPECIFIED.,.F.,.F.,(4,1,1,1,
    1,1,1,1,4),(0.,0.122881588571,0.243149494643,0.361274925634,
    0.479609211095,0.600631177826,0.726103079565,0.859023881482,1.),
  .UNSPECIFIED.);
#2117 = CARTESIAN_POINT('',(-0.312307532386,0.672264314256,
    4.198999999999));
#2118 = CARTESIAN_POINT('',(-0.299756623021,0.684878974009,
    4.198999999999));
#2119 = CARTESIAN_POINT('',(-0.274921761225,0.709839980616,
    4.198999999999));
#2120 = CARTESIAN_POINT('',(-0.234254487596,0.742930952309,4.199));
#2121 = CARTESIAN_POINT('',(-0.19061272955,0.770689071249,4.199));
#2122 = CARTESIAN_POINT('',(-0.144593414388,0.794525922308,
    4.198999999999));
#2123 = CARTESIAN_POINT('',(-9.5071119907E-02,0.813281509843,4.199));
#2124 = CARTESIAN_POINT('',(-4.1605848622E-02,0.82626809134,
    4.198999999999));
#2125 = CARTESIAN_POINT('',(1.5753153989E-02,0.834474734078,
    4.198999999999));
#2126 = CARTESIAN_POINT('',(5.5422382575E-02,0.835320069522,
    4.198999999999));
#2127 = CARTESIAN_POINT('',(7.5840333466E-02,0.835755167915,
    4.198999999999));
#2128 = ORIENTED_EDGE('',*,*,#2129,.T.);
#2129 = EDGE_CURVE('',#2114,#304,#2130,.T.);
#2130 = LINE('',#2131,#2132);
#2131 = CARTESIAN_POINT('',(7.5840333466E-02,0.835755167915,
    4.198999999999));
#2132 = VECTOR('',#2133,1.);
#2133 = DIRECTION('',(0.,0.,1.));
#2134 = B_SPLINE_SURFACE_WITH_KNOTS('',3,1,(
    (#2135,#2136)
    ,(#2137,#2138)
    ,(#2139,#2140)
    ,(#2141,#2142)
    ,(#2143,#2144)
    ,(#2145,#2146)
    ,(#2147,#2148)
    ,(#2149,#2150)
    ,(#2151,#2152)
    ,(#2153,#2154)
    ,(#2155,#2156
  )),.UNSPECIFIED.,.F.,.F.,.F.,(4,1,1,1,1,1,1,1,4),(2,2),(0.,
    0.122881588571,0.243149494643,0.361274925634,0.479609211095,
    0.600631177826,0.726103079565,0.859023881482,1.),(0.,1.),
  .UNSPECIFIED.);
#2135 = CARTESIAN_POINT('',(-0.312307532386,0.672264314256,
    4.198999999999));
#2136 = CARTESIAN_POINT('',(-0.312307532386,0.672264314256,4.2));
#2137 = CARTESIAN_POINT('',(-0.299756623021,0.684878974009,
    4.198999999999));
#2138 = CARTESIAN_POINT('',(-0.299756623021,0.684878974009,4.2));
#2139 = CARTESIAN_POINT('',(-0.274921761225,0.709839980616,
    4.198999999999));
#2140 = CARTESIAN_POINT('',(-0.274921761225,0.709839980616,
    4.199999999999));
#2141 = CARTESIAN_POINT('',(-0.234254487596,0.742930952309,4.199));
#2142 = CARTESIAN_POINT('',(-0.234254487596,0.742930952309,4.2));
#2143 = CARTESIAN_POINT('',(-0.19061272955,0.770689071249,4.199));
#2144 = CARTESIAN_POINT('',(-0.19061272955,0.770689071249,4.2));
#2145 = CARTESIAN_POINT('',(-0.144593414388,0.794525922308,
    4.198999999999));
#2146 = CARTESIAN_POINT('',(-0.144593414388,0.794525922308,
    4.199999999999));
#2147 = CARTESIAN_POINT('',(-9.5071119907E-02,0.813281509843,4.199));
#2148 = CARTESIAN_POINT('',(-9.5071119907E-02,0.813281509843,4.2));
#2149 = CARTESIAN_POINT('',(-4.1605848622E-02,0.82626809134,
    4.198999999999));
#2150 = CARTESIAN_POINT('',(-4.1605848622E-02,0.82626809134,
    4.199999999999));
#2151 = CARTESIAN_POINT('',(1.5753153989E-02,0.834474734078,
    4.198999999999));
#2152 = CARTESIAN_POINT('',(1.5753153989E-02,0.834474734078,4.2));
#2153 = CARTESIAN_POINT('',(5.5422382575E-02,0.835320069522,
    4.198999999999));
#2154 = CARTESIAN_POINT('',(5.5422382575E-02,0.835320069522,4.2));
#2155 = CARTESIAN_POINT('',(7.5840333466E-02,0.835755167915,
    4.198999999999));
#2156 = CARTESIAN_POINT('',(7.5840333466E-02,0.835755167915,4.2));
#2157 = ADVANCED_FACE('',(#2158),#2192,.T.);
#2158 = FACE_BOUND('',#2159,.T.);
#2159 = EDGE_LOOP('',(#2160,#2161,#2162,#2186));
#2160 = ORIENTED_EDGE('',*,*,#319,.F.);
#2161 = ORIENTED_EDGE('',*,*,#2129,.F.);
#2162 = ORIENTED_EDGE('',*,*,#2163,.T.);
#2163 = EDGE_CURVE('',#2114,#2164,#2166,.T.);
#2164 = VERTEX_POINT('',#2165);
#2165 = CARTESIAN_POINT('',(0.529155882247,0.433887789866,4.198999999999
    ));
#2166 = B_SPLINE_CURVE_WITH_KNOTS('',3,(#2167,#2168,#2169,#2170,#2171,
    #2172,#2173,#2174,#2175,#2176,#2177,#2178,#2179,#2180,#2181,#2182,
    #2183,#2184,#2185),.UNSPECIFIED.,.F.,.F.,(4,1,1,1,1,1,1,1,1,1,1,1,1,
    1,1,1,4),(0.,7.2853708443E-02,0.142723709844,0.209531835111,
    0.273908006946,0.336157393249,0.397538572412,0.457907256518,
    0.518097293835,0.577577682083,0.635816047572,0.693618322727,
    0.751444827289,0.810218915018,0.87091158883,0.933819924419,1.),
  .UNSPECIFIED.);
#2167 = CARTESIAN_POINT('',(7.5840333466E-02,0.835755167915,
    4.198999999999));
#2168 = CARTESIAN_POINT('',(9.2433878368E-02,0.835449744243,4.199));
#2169 = CARTESIAN_POINT('',(0.124941383317,0.834851405457,4.199));
#2170 = CARTESIAN_POINT('',(0.172398374799,0.82947302314,4.198999999999)
  );
#2171 = CARTESIAN_POINT('',(0.217531969486,0.821503280827,4.198999999999
    ));
#2172 = CARTESIAN_POINT('',(0.259911844673,0.809285429928,4.198999999999
    ));
#2173 = CARTESIAN_POINT('',(0.300059942279,0.794255945404,4.198999999999
    ));
#2174 = CARTESIAN_POINT('',(0.337475794103,0.775242599451,4.198999999999
    ));
#2175 = CARTESIAN_POINT('',(0.372631788529,0.753214520793,4.199));
#2176 = CARTESIAN_POINT('',(0.40487529286,0.727770025831,4.198999999999)
  );
#2177 = CARTESIAN_POINT('',(0.434002218193,0.699527398914,4.199));
#2178 = CARTESIAN_POINT('',(0.459732761395,0.668835059661,4.198999999999
    ));
#2179 = CARTESIAN_POINT('',(0.481250303578,0.635481378403,4.199));
#2180 = CARTESIAN_POINT('',(0.498721631351,0.599739049748,4.198999999999
    ));
#2181 = CARTESIAN_POINT('',(0.512615287238,0.561747423237,4.198999999999
    ));
#2182 = CARTESIAN_POINT('',(0.52221289208,0.521266736095,4.198999999999)
  );
#2183 = CARTESIAN_POINT('',(0.528012429357,0.47835873486,4.199));
#2184 = CARTESIAN_POINT('',(0.528768345067,0.448959809677,4.199));
#2185 = CARTESIAN_POINT('',(0.529155882247,0.433887789866,4.198999999999
    ));
#2186 = ORIENTED_EDGE('',*,*,#2187,.T.);
#2187 = EDGE_CURVE('',#2164,#320,#2188,.T.);
#2188 = LINE('',#2189,#2190);
#2189 = CARTESIAN_POINT('',(0.529155882247,0.433887789866,4.198999999999
    ));
#2190 = VECTOR('',#2191,1.);
#2191 = DIRECTION('',(0.,0.,1.));
#2192 = B_SPLINE_SURFACE_WITH_KNOTS('',3,1,(
    (#2193,#2194)
    ,(#2195,#2196)
    ,(#2197,#2198)
    ,(#2199,#2200)
    ,(#2201,#2202)
    ,(#2203,#2204)
    ,(#2205,#2206)
    ,(#2207,#2208)
    ,(#2209,#2210)
    ,(#2211,#2212)
    ,(#2213,#2214)
    ,(#2215,#2216)
    ,(#2217,#2218)
    ,(#2219,#2220)
    ,(#2221,#2222)
    ,(#2223,#2224)
    ,(#2225,#2226)
    ,(#2227,#2228)
    ,(#2229,#2230
    )),.UNSPECIFIED.,.F.,.F.,.F.,(4,1,1,1,1,1,1,1,1,1,1,1,1,1,1,1,4),(2,
    2),(0.,7.2853708443E-02,0.142723709844,0.209531835111,0.273908006946
    ,0.336157393249,0.397538572412,0.457907256518,0.518097293835,
    0.577577682083,0.635816047572,0.693618322727,0.751444827289,
    0.810218915018,0.87091158883,0.933819924419,1.),(0.,1.),
  .UNSPECIFIED.);
#2193 = CARTESIAN_POINT('',(7.5840333466E-02,0.835755167915,
    4.198999999999));
#2194 = CARTESIAN_POINT('',(7.5840333466E-02,0.835755167915,4.2));
#2195 = CARTESIAN_POINT('',(9.2433878368E-02,0.835449744243,4.199));
#2196 = CARTESIAN_POINT('',(9.2433878368E-02,0.835449744243,4.2));
#2197 = CARTESIAN_POINT('',(0.124941383317,0.834851405457,4.199));
#2198 = CARTESIAN_POINT('',(0.124941383317,0.834851405457,4.2));
#2199 = CARTESIAN_POINT('',(0.172398374799,0.82947302314,4.198999999999)
  );
#2200 = CARTESIAN_POINT('',(0.172398374799,0.82947302314,4.199999999999)
  );
#2201 = CARTESIAN_POINT('',(0.217531969486,0.821503280827,4.198999999999
    ));
#2202 = CARTESIAN_POINT('',(0.217531969486,0.821503280827,4.199999999999
    ));
#2203 = CARTESIAN_POINT('',(0.259911844673,0.809285429928,4.198999999999
    ));
#2204 = CARTESIAN_POINT('',(0.259911844673,0.809285429928,4.2));
#2205 = CARTESIAN_POINT('',(0.300059942279,0.794255945404,4.198999999999
    ));
#2206 = CARTESIAN_POINT('',(0.300059942279,0.794255945404,4.199999999999
    ));
#2207 = CARTESIAN_POINT('',(0.337475794103,0.775242599451,4.198999999999
    ));
#2208 = CARTESIAN_POINT('',(0.337475794103,0.775242599451,4.2));
#2209 = CARTESIAN_POINT('',(0.372631788529,0.753214520793,4.199));
#2210 = CARTESIAN_POINT('',(0.372631788529,0.753214520793,4.2));
#2211 = CARTESIAN_POINT('',(0.40487529286,0.727770025831,4.198999999999)
  );
#2212 = CARTESIAN_POINT('',(0.40487529286,0.727770025831,4.2));
#2213 = CARTESIAN_POINT('',(0.434002218193,0.699527398914,4.199));
#2214 = CARTESIAN_POINT('',(0.434002218193,0.699527398914,4.2));
#2215 = CARTESIAN_POINT('',(0.459732761395,0.668835059661,4.198999999999
    ));
#2216 = CARTESIAN_POINT('',(0.459732761395,0.668835059661,4.2));
#2217 = CARTESIAN_POINT('',(0.481250303578,0.635481378403,4.199));
#2218 = CARTESIAN_POINT('',(0.481250303578,0.635481378403,4.2));
#2219 = CARTESIAN_POINT('',(0.498721631351,0.599739049748,4.198999999999
    ));
#2220 = CARTESIAN_POINT('',(0.498721631351,0.599739049748,4.2));
#2221 = CARTESIAN_POINT('',(0.512615287238,0.561747423237,4.198999999999
    ));
#2222 = CARTESIAN_POINT('',(0.512615287238,0.561747423237,4.199999999999
    ));
#2223 = CARTESIAN_POINT('',(0.52221289208,0.521266736095,4.198999999999)
  );
#2224 = CARTESIAN_POINT('',(0.52221289208,0.521266736095,4.199999999999)
  );
#2225 = CARTESIAN_POINT('',(0.528012429357,0.47835873486,4.199));
#2226 = CARTESIAN_POINT('',(0.528012429357,0.47835873486,4.2));
#2227 = CARTESIAN_POINT('',(0.528768345067,0.448959809677,4.199));
#2228 = CARTESIAN_POINT('',(0.528768345067,0.448959809677,4.2));
#2229 = CARTESIAN_POINT('',(0.529155882247,0.433887789866,4.198999999999
    ));
#2230 = CARTESIAN_POINT('',(0.529155882247,0.433887789866,4.2));
#2231 = ADVANCED_FACE('',(#2232),#2266,.T.);
#2232 = FACE_BOUND('',#2233,.T.);
#2233 = EDGE_LOOP('',(#2234,#2235,#2236,#2260));
#2234 = ORIENTED_EDGE('',*,*,#343,.F.);
#2235 = ORIENTED_EDGE('',*,*,#2187,.F.);
#2236 = ORIENTED_EDGE('',*,*,#2237,.T.);
#2237 = EDGE_CURVE('',#2164,#2238,#2240,.T.);
#2238 = VERTEX_POINT('',#2239);
#2239 = CARTESIAN_POINT('',(0.193885302979,-0.10002989306,4.198999999999
    ));
#2240 = B_SPLINE_CURVE_WITH_KNOTS('',3,(#2241,#2242,#2243,#2244,#2245,
    #2246,#2247,#2248,#2249,#2250,#2251,#2252,#2253,#2254,#2255,#2256,
    #2257,#2258,#2259),.UNSPECIFIED.,.F.,.F.,(4,1,1,1,1,1,1,1,1,1,1,1,1,
    1,1,1,4),(0.,6.1423136907E-02,0.121356548907,0.179082885599,
    0.235830946564,0.291494634483,0.346255914793,0.400407811521,
    0.454253298306,0.509659450128,0.568478222515,0.630635089558,
    0.696370529068,0.766466386812,0.840152334238,0.917818258663,1.),
  .UNSPECIFIED.);
#2241 = CARTESIAN_POINT('',(0.529155882247,0.433887789866,4.198999999999
    ));
#2242 = CARTESIAN_POINT('',(0.528974581505,0.420348449444,4.199));
#2243 = CARTESIAN_POINT('',(0.528616377195,0.393598144741,4.199));
#2244 = CARTESIAN_POINT('',(0.524635049718,0.354302702977,4.198999999999
    ));
#2245 = CARTESIAN_POINT('',(0.519106094079,0.316255261847,4.198999999999
    ));
#2246 = CARTESIAN_POINT('',(0.510821377337,0.27964655856,4.198999999999)
  );
#2247 = CARTESIAN_POINT('',(0.499897394634,0.244434717357,4.198999999999
    ));
#2248 = CARTESIAN_POINT('',(0.486749103258,0.21060484602,4.199));
#2249 = CARTESIAN_POINT('',(0.471275108128,0.178214572824,4.198999999999
    ));
#2250 = CARTESIAN_POINT('',(0.453344537386,0.146949382703,4.198999999999
    ));
#2251 = CARTESIAN_POINT('',(0.43243906475,0.116342722172,4.199));
#2252 = CARTESIAN_POINT('',(0.408426586793,8.5742060506E-02,
    4.198999999999));
#2253 = CARTESIAN_POINT('',(0.380771575751,5.5252173576E-02,
    4.198999999999));
#2254 = CARTESIAN_POINT('',(0.350121405914,2.418568788E-02,
    4.198999999999));
#2255 = CARTESIAN_POINT('',(0.315842146469,-6.774822801E-03,4.199));
#2256 = CARTESIAN_POINT('',(0.278237749097,-3.7876678391E-02,
    4.198999999999));
#2257 = CARTESIAN_POINT('',(0.237677397644,-6.9576440325E-02,
    4.198999999999));
#2258 = CARTESIAN_POINT('',(0.208755027445,-8.9689340623E-02,4.199));
#2259 = CARTESIAN_POINT('',(0.193885302979,-0.10002989306,4.198999999999
    ));
#2260 = ORIENTED_EDGE('',*,*,#2261,.T.);
#2261 = EDGE_CURVE('',#2238,#344,#2262,.T.);
#2262 = LINE('',#2263,#2264);
#2263 = CARTESIAN_POINT('',(0.193885302979,-0.10002989306,4.198999999999
    ));
#2264 = VECTOR('',#2265,1.);
#2265 = DIRECTION('',(0.,0.,1.));
#2266 = B_SPLINE_SURFACE_WITH_KNOTS('',3,1,(
    (#2267,#2268)
    ,(#2269,#2270)
    ,(#2271,#2272)
    ,(#2273,#2274)
    ,(#2275,#2276)
    ,(#2277,#2278)
    ,(#2279,#2280)
    ,(#2281,#2282)
    ,(#2283,#2284)
    ,(#2285,#2286)
    ,(#2287,#2288)
    ,(#2289,#2290)
    ,(#2291,#2292)
    ,(#2293,#2294)
    ,(#2295,#2296)
    ,(#2297,#2298)
    ,(#2299,#2300)
    ,(#2301,#2302)
    ,(#2303,#2304
    )),.UNSPECIFIED.,.F.,.F.,.F.,(4,1,1,1,1,1,1,1,1,1,1,1,1,1,1,1,4),(2,
    2),(0.,6.1423136907E-02,0.121356548907,0.179082885599,0.235830946564
    ,0.291494634483,0.346255914793,0.400407811521,0.454253298306,
    0.509659450128,0.568478222515,0.630635089558,0.696370529068,
    0.766466386812,0.840152334238,0.917818258663,1.),(0.,1.),
  .UNSPECIFIED.);
#2267 = CARTESIAN_POINT('',(0.529155882247,0.433887789866,4.198999999999
    ));
#2268 = CARTESIAN_POINT('',(0.529155882247,0.433887789866,4.2));
#2269 = CARTESIAN_POINT('',(0.528974581505,0.420348449444,4.199));
#2270 = CARTESIAN_POINT('',(0.528974581505,0.420348449444,4.2));
#2271 = CARTESIAN_POINT('',(0.528616377195,0.393598144741,4.199));
#2272 = CARTESIAN_POINT('',(0.528616377195,0.393598144741,4.2));
#2273 = CARTESIAN_POINT('',(0.524635049718,0.354302702977,4.198999999999
    ));
#2274 = CARTESIAN_POINT('',(0.524635049718,0.354302702977,4.2));
#2275 = CARTESIAN_POINT('',(0.519106094079,0.316255261847,4.198999999999
    ));
#2276 = CARTESIAN_POINT('',(0.519106094079,0.316255261847,4.2));
#2277 = CARTESIAN_POINT('',(0.510821377337,0.27964655856,4.198999999999)
  );
#2278 = CARTESIAN_POINT('',(0.510821377337,0.27964655856,4.2));
#2279 = CARTESIAN_POINT('',(0.499897394634,0.244434717357,4.198999999999
    ));
#2280 = CARTESIAN_POINT('',(0.499897394634,0.244434717357,4.199999999999
    ));
#2281 = CARTESIAN_POINT('',(0.486749103258,0.21060484602,4.199));
#2282 = CARTESIAN_POINT('',(0.486749103258,0.21060484602,4.2));
#2283 = CARTESIAN_POINT('',(0.471275108128,0.178214572824,4.198999999999
    ));
#2284 = CARTESIAN_POINT('',(0.471275108128,0.178214572824,4.2));
#2285 = CARTESIAN_POINT('',(0.453344537386,0.146949382703,4.198999999999
    ));
#2286 = CARTESIAN_POINT('',(0.453344537386,0.146949382703,4.199999999999
    ));
#2287 = CARTESIAN_POINT('',(0.43243906475,0.116342722172,4.199));
#2288 = CARTESIAN_POINT('',(0.43243906475,0.116342722172,4.2));
#2289 = CARTESIAN_POINT('',(0.408426586793,8.5742060506E-02,
    4.198999999999));
#2290 = CARTESIAN_POINT('',(0.408426586793,8.5742060506E-02,
    4.199999999999));
#2291 = CARTESIAN_POINT('',(0.380771575751,5.5252173576E-02,
    4.198999999999));
#2292 = CARTESIAN_POINT('',(0.380771575751,5.5252173576E-02,4.2));
#2293 = CARTESIAN_POINT('',(0.350121405914,2.418568788E-02,
    4.198999999999));
#2294 = CARTESIAN_POINT('',(0.350121405914,2.418568788E-02,4.2));
#2295 = CARTESIAN_POINT('',(0.315842146469,-6.774822801E-03,4.199));
#2296 = CARTESIAN_POINT('',(0.315842146469,-6.774822801E-03,4.2));
#2297 = CARTESIAN_POINT('',(0.278237749097,-3.7876678391E-02,
    4.198999999999));
#2298 = CARTESIAN_POINT('',(0.278237749097,-3.7876678391E-02,
    4.199999999999));
#2299 = CARTESIAN_POINT('',(0.237677397644,-6.9576440325E-02,
    4.198999999999));
#2300 = CARTESIAN_POINT('',(0.237677397644,-6.9576440325E-02,
    4.199999999999));
#2301 = CARTESIAN_POINT('',(0.208755027445,-8.9689340623E-02,4.199));
#2302 = CARTESIAN_POINT('',(0.208755027445,-8.9689340623E-02,4.2));
#2303 = CARTESIAN_POINT('',(0.193885302979,-0.10002989306,4.198999999999
    ));
#2304 = CARTESIAN_POINT('',(0.193885302979,-0.10002989306,4.2));
#2305 = ADVANCED_FACE('',(#2306),#2340,.T.);
#2306 = FACE_BOUND('',#2307,.T.);
#2307 = EDGE_LOOP('',(#2308,#2309,#2310,#2334));
#2308 = ORIENTED_EDGE('',*,*,#367,.F.);
#2309 = ORIENTED_EDGE('',*,*,#2261,.F.);
#2310 = ORIENTED_EDGE('',*,*,#2311,.T.);
#2311 = EDGE_CURVE('',#2238,#2312,#2314,.T.);
#2312 = VERTEX_POINT('',#2313);
#2313 = CARTESIAN_POINT('',(-0.170539239703,-0.51790336867,
    4.198999999999));
#2314 = B_SPLINE_CURVE_WITH_KNOTS('',3,(#2315,#2316,#2317,#2318,#2319,
    #2320,#2321,#2322,#2323,#2324,#2325,#2326,#2327,#2328,#2329,#2330,
    #2331,#2332,#2333),.UNSPECIFIED.,.F.,.F.,(4,1,1,1,1,1,1,1,1,1,1,1,1,
    1,1,1,4),(0.,9.4117563362E-02,0.181014635352,0.259725157265,
    0.330541192163,0.394164029876,0.450008890076,0.497997598119,
    0.538163229728,0.607477229205,0.67057959466,0.727603929465,
    0.779215356773,0.829143152911,0.882179650141,0.938867052006,1.),
  .UNSPECIFIED.);
#2315 = CARTESIAN_POINT('',(0.193885302979,-0.10002989306,4.198999999999
    ));
#2316 = CARTESIAN_POINT('',(0.178901967347,-0.110378737433,
    4.198999999999));
#2317 = CARTESIAN_POINT('',(0.150084784467,-0.130282485721,
    4.198999999999));
#2318 = CARTESIAN_POINT('',(0.109139178476,-0.159415199778,4.199));
#2319 = CARTESIAN_POINT('',(7.1887573762E-02,-0.185960776264,
    4.198999999999));
#2320 = CARTESIAN_POINT('',(3.856971691E-02,-0.210268517103,
    4.198999999999));
#2321 = CARTESIAN_POINT('',(9.309097612E-03,-0.232612758161,4.199));
#2322 = CARTESIAN_POINT('',(-1.6504580532E-02,-0.252193545909,
    4.198999999999));
#2323 = CARTESIAN_POINT('',(-3.826228486E-02,-0.269601717113,
    4.198999999999));
#2324 = CARTESIAN_POINT('',(-6.1464903437E-02,-0.289354715072,4.199));
#2325 = CARTESIAN_POINT('',(-8.5693878286E-02,-0.312369656932,
    4.198999999999));
#2326 = CARTESIAN_POINT('',(-0.110490783051,-0.339417343414,
    4.198999999999));
#2327 = CARTESIAN_POINT('',(-0.130462000826,-0.366050643603,4.199));
#2328 = CARTESIAN_POINT('',(-0.145895121132,-0.392677508205,
    4.198999999999));
#2329 = CARTESIAN_POINT('',(-0.156979372328,-0.420545187311,
    4.198999999999));
#2330 = CARTESIAN_POINT('',(-0.165075188954,-0.450429972506,
    4.198999999999));
#2331 = CARTESIAN_POINT('',(-0.169480938105,-0.483284535977,
    4.198999999999));
#2332 = CARTESIAN_POINT('',(-0.170177709084,-0.506077091512,
    4.198999999999));
#2333 = CARTESIAN_POINT('',(-0.170539239703,-0.51790336867,
    4.198999999999));
#2334 = ORIENTED_EDGE('',*,*,#2335,.T.);
#2335 = EDGE_CURVE('',#2312,#368,#2336,.T.);
#2336 = LINE('',#2337,#2338);
#2337 = CARTESIAN_POINT('',(-0.170539239703,-0.51790336867,
    4.198999999999));
#2338 = VECTOR('',#2339,1.);
#2339 = DIRECTION('',(0.,0.,1.));
#2340 = B_SPLINE_SURFACE_WITH_KNOTS('',3,1,(
    (#2341,#2342)
    ,(#2343,#2344)
    ,(#2345,#2346)
    ,(#2347,#2348)
    ,(#2349,#2350)
    ,(#2351,#2352)
    ,(#2353,#2354)
    ,(#2355,#2356)
    ,(#2357,#2358)
    ,(#2359,#2360)
    ,(#2361,#2362)
    ,(#2363,#2364)
    ,(#2365,#2366)
    ,(#2367,#2368)
    ,(#2369,#2370)
    ,(#2371,#2372)
    ,(#2373,#2374)
    ,(#2375,#2376)
    ,(#2377,#2378
    )),.UNSPECIFIED.,.F.,.F.,.F.,(4,1,1,1,1,1,1,1,1,1,1,1,1,1,1,1,4),(2,
    2),(0.,9.4117563362E-02,0.181014635352,0.259725157265,0.330541192163
    ,0.394164029876,0.450008890076,0.497997598119,0.538163229728,
    0.607477229205,0.67057959466,0.727603929465,0.779215356773,
    0.829143152911,0.882179650141,0.938867052006,1.),(0.,1.),
  .UNSPECIFIED.);
#2341 = CARTESIAN_POINT('',(0.193885302979,-0.10002989306,4.198999999999
    ));
#2342 = CARTESIAN_POINT('',(0.193885302979,-0.10002989306,4.2));
#2343 = CARTESIAN_POINT('',(0.178901967347,-0.110378737433,
    4.198999999999));
#2344 = CARTESIAN_POINT('',(0.178901967347,-0.110378737433,4.2));
#2345 = CARTESIAN_POINT('',(0.150084784467,-0.130282485721,
    4.198999999999));
#2346 = CARTESIAN_POINT('',(0.150084784467,-0.130282485721,
    4.199999999999));
#2347 = CARTESIAN_POINT('',(0.109139178476,-0.159415199778,4.199));
#2348 = CARTESIAN_POINT('',(0.109139178476,-0.159415199778,4.2));
#2349 = CARTESIAN_POINT('',(7.1887573762E-02,-0.185960776264,
    4.198999999999));
#2350 = CARTESIAN_POINT('',(7.1887573762E-02,-0.185960776264,4.2));
#2351 = CARTESIAN_POINT('',(3.856971691E-02,-0.210268517103,
    4.198999999999));
#2352 = CARTESIAN_POINT('',(3.856971691E-02,-0.210268517103,4.2));
#2353 = CARTESIAN_POINT('',(9.309097612E-03,-0.232612758161,4.199));
#2354 = CARTESIAN_POINT('',(9.309097612E-03,-0.232612758161,4.2));
#2355 = CARTESIAN_POINT('',(-1.6504580532E-02,-0.252193545909,
    4.198999999999));
#2356 = CARTESIAN_POINT('',(-1.6504580532E-02,-0.252193545909,4.2));
#2357 = CARTESIAN_POINT('',(-3.826228486E-02,-0.269601717113,
    4.198999999999));
#2358 = CARTESIAN_POINT('',(-3.826228486E-02,-0.269601717113,
    4.199999999999));
#2359 = CARTESIAN_POINT('',(-6.1464903437E-02,-0.289354715072,4.199));
#2360 = CARTESIAN_POINT('',(-6.1464903437E-02,-0.289354715072,4.2));
#2361 = CARTESIAN_POINT('',(-8.5693878286E-02,-0.312369656932,
    4.198999999999));
#2362 = CARTESIAN_POINT('',(-8.5693878286E-02,-0.312369656932,
    4.199999999999));
#2363 = CARTESIAN_POINT('',(-0.110490783051,-0.339417343414,
    4.198999999999));
#2364 = CARTESIAN_POINT('',(-0.110490783051,-0.339417343414,4.2));
#2365 = CARTESIAN_POINT('',(-0.130462000826,-0.366050643603,4.199));
#2366 = CARTESIAN_POINT('',(-0.130462000826,-0.366050643603,4.2));
#2367 = CARTESIAN_POINT('',(-0.145895121132,-0.392677508205,
    4.198999999999));
#2368 = CARTESIAN_POINT('',(-0.145895121132,-0.392677508205,
    4.199999999999));
#2369 = CARTESIAN_POINT('',(-0.156979372328,-0.420545187311,
    4.198999999999));
#2370 = CARTESIAN_POINT('',(-0.156979372328,-0.420545187311,4.2));
#2371 = CARTESIAN_POINT('',(-0.165075188954,-0.450429972506,
    4.198999999999));
#2372 = CARTESIAN_POINT('',(-0.165075188954,-0.450429972506,4.2));
#2373 = CARTESIAN_POINT('',(-0.169480938105,-0.483284535977,
    4.198999999999));
#2374 = CARTESIAN_POINT('',(-0.169480938105,-0.483284535977,
    4.199999999999));
#2375 = CARTESIAN_POINT('',(-0.170177709084,-0.506077091512,
    4.198999999999));
#2376 = CARTESIAN_POINT('',(-0.170177709084,-0.506077091512,4.2));
#2377 = CARTESIAN_POINT('',(-0.170539239703,-0.51790336867,
    4.198999999999));
#2378 = CARTESIAN_POINT('',(-0.170539239703,-0.51790336867,4.2));
#2379 = ADVANCED_FACE('',(#2380),#2398,.T.);
#2380 = FACE_BOUND('',#2381,.T.);
#2381 = EDGE_LOOP('',(#2382,#2383,#2384,#2392));
#2382 = ORIENTED_EDGE('',*,*,#391,.F.);
#2383 = ORIENTED_EDGE('',*,*,#2335,.F.);
#2384 = ORIENTED_EDGE('',*,*,#2385,.T.);
#2385 = EDGE_CURVE('',#2312,#2386,#2388,.T.);
#2386 = VERTEX_POINT('',#2387);
#2387 = CARTESIAN_POINT('',(0.5657412481,-0.51790336867,4.198999999999)
  );
#2388 = LINE('',#2389,#2390);
#2389 = CARTESIAN_POINT('',(-0.170539239703,-0.51790336867,
    4.198999999999));
#2390 = VECTOR('',#2391,1.);
#2391 = DIRECTION('',(1.,0.,0.));
#2392 = ORIENTED_EDGE('',*,*,#2393,.T.);
#2393 = EDGE_CURVE('',#2386,#392,#2394,.T.);
#2394 = LINE('',#2395,#2396);
#2395 = CARTESIAN_POINT('',(0.5657412481,-0.51790336867,4.198999999999)
  );
#2396 = VECTOR('',#2397,1.);
#2397 = DIRECTION('',(0.,0.,1.));
#2398 = PLANE('',#2399);
#2399 = AXIS2_PLACEMENT_3D('',#2400,#2401,#2402);
#2400 = CARTESIAN_POINT('',(-0.170539239703,-0.51790336867,
    4.198999999999));
#2401 = DIRECTION('',(0.,-1.,0.));
#2402 = DIRECTION('',(0.,0.,-1.));
#2403 = ADVANCED_FACE('',(#2404),#2422,.T.);
#2404 = FACE_BOUND('',#2405,.T.);
#2405 = EDGE_LOOP('',(#2406,#2407,#2408,#2416));
#2406 = ORIENTED_EDGE('',*,*,#399,.F.);
#2407 = ORIENTED_EDGE('',*,*,#2393,.F.);
#2408 = ORIENTED_EDGE('',*,*,#2409,.T.);
#2409 = EDGE_CURVE('',#2386,#2410,#2412,.T.);
#2410 = VERTEX_POINT('',#2411);
#2411 = CARTESIAN_POINT('',(0.5657412481,-0.682537515011,4.198999999999)
  );
#2412 = LINE('',#2413,#2414);
#2413 = CARTESIAN_POINT('',(0.5657412481,-0.51790336867,4.198999999999)
  );
#2414 = VECTOR('',#2415,1.);
#2415 = DIRECTION('',(0.,-1.,0.));
#2416 = ORIENTED_EDGE('',*,*,#2417,.T.);
#2417 = EDGE_CURVE('',#2410,#400,#2418,.T.);
#2418 = LINE('',#2419,#2420);
#2419 = CARTESIAN_POINT('',(0.5657412481,-0.682537515011,4.198999999999)
  );
#2420 = VECTOR('',#2421,1.);
#2421 = DIRECTION('',(0.,0.,1.));
#2422 = PLANE('',#2423);
#2423 = AXIS2_PLACEMENT_3D('',#2424,#2425,#2426);
#2424 = CARTESIAN_POINT('',(0.5657412481,-0.51790336867,4.198999999999)
  );
#2425 = DIRECTION('',(-1.,0.,0.));
#2426 = DIRECTION('',(0.,0.,1.));
#2427 = ADVANCED_FACE('',(#2428),#2446,.T.);
#2428 = FACE_BOUND('',#2429,.T.);
#2429 = EDGE_LOOP('',(#2430,#2431,#2432,#2440));
#2430 = ORIENTED_EDGE('',*,*,#407,.F.);
#2431 = ORIENTED_EDGE('',*,*,#2417,.F.);
#2432 = ORIENTED_EDGE('',*,*,#2433,.T.);
#2433 = EDGE_CURVE('',#2410,#2434,#2436,.T.);
#2434 = VERTEX_POINT('',#2435);
#2435 = CARTESIAN_POINT('',(-0.367185581167,-0.682537515011,
    4.198999999999));
#2436 = LINE('',#2437,#2438);
#2437 = CARTESIAN_POINT('',(0.5657412481,-0.682537515011,4.198999999999)
  );
#2438 = VECTOR('',#2439,1.);
#2439 = DIRECTION('',(-1.,0.,0.));
#2440 = ORIENTED_EDGE('',*,*,#2441,.T.);
#2441 = EDGE_CURVE('',#2434,#408,#2442,.T.);
#2442 = LINE('',#2443,#2444);
#2443 = CARTESIAN_POINT('',(-0.367185581167,-0.682537515011,
    4.198999999999));
#2444 = VECTOR('',#2445,1.);
#2445 = DIRECTION('',(0.,0.,1.));
#2446 = PLANE('',#2447);
#2447 = AXIS2_PLACEMENT_3D('',#2448,#2449,#2450);
#2448 = CARTESIAN_POINT('',(0.5657412481,-0.682537515011,4.198999999999)
  );
#2449 = DIRECTION('',(0.,1.,0.));
#2450 = DIRECTION('',(0.,0.,1.));
#2451 = ADVANCED_FACE('',(#2452),#2470,.T.);
#2452 = FACE_BOUND('',#2453,.T.);
#2453 = EDGE_LOOP('',(#2454,#2455,#2456,#2464));
#2454 = ORIENTED_EDGE('',*,*,#415,.F.);
#2455 = ORIENTED_EDGE('',*,*,#2441,.F.);
#2456 = ORIENTED_EDGE('',*,*,#2457,.T.);
#2457 = EDGE_CURVE('',#2434,#2458,#2460,.T.);
#2458 = VERTEX_POINT('',#2459);
#2459 = CARTESIAN_POINT('',(-0.367185581167,-0.608223490621,
    4.198999999999));
#2460 = LINE('',#2461,#2462);
#2461 = CARTESIAN_POINT('',(-0.367185581167,-0.682537515011,
    4.198999999999));
#2462 = VECTOR('',#2463,1.);
#2463 = DIRECTION('',(0.,1.,0.));
#2464 = ORIENTED_EDGE('',*,*,#2465,.T.);
#2465 = EDGE_CURVE('',#2458,#206,#2466,.T.);
#2466 = LINE('',#2467,#2468);
#2467 = CARTESIAN_POINT('',(-0.367185581167,-0.608223490621,
    4.198999999999));
#2468 = VECTOR('',#2469,1.);
#2469 = DIRECTION('',(0.,0.,1.));
#2470 = PLANE('',#2471);
#2471 = AXIS2_PLACEMENT_3D('',#2472,#2473,#2474);
#2472 = CARTESIAN_POINT('',(-0.367185581167,-0.682537515011,
    4.198999999999));
#2473 = DIRECTION('',(1.,0.,0.));
#2474 = DIRECTION('',(0.,0.,-1.));
#2475 = ADVANCED_FACE('',(#2476),#2503,.T.);
#2476 = FACE_BOUND('',#2477,.T.);
#2477 = EDGE_LOOP('',(#2478,#2479,#2480,#2502));
#2478 = ORIENTED_EDGE('',*,*,#205,.F.);
#2479 = ORIENTED_EDGE('',*,*,#2465,.F.);
#2480 = ORIENTED_EDGE('',*,*,#2481,.T.);
#2481 = EDGE_CURVE('',#2458,#1884,#2482,.T.);
#2482 = B_SPLINE_CURVE_WITH_KNOTS('',3,(#2483,#2484,#2485,#2486,#2487,
    #2488,#2489,#2490,#2491,#2492,#2493,#2494,#2495,#2496,#2497,#2498,
    #2499,#2500,#2501),.UNSPECIFIED.,.F.,.F.,(4,1,1,1,1,1,1,1,1,1,1,1,1,
    1,1,1,4),(0.,8.1358462719E-02,0.157158416669,0.22726263074,
    0.292665763214,0.357039133308,0.424764165763,0.49550426326,
    0.570614939055,0.611150275168,0.655432632097,0.703226099241,
    0.755132330953,0.81060363101,0.869726631125,0.933055712686,1.),
  .UNSPECIFIED.);
#2483 = CARTESIAN_POINT('',(-0.367185581167,-0.608223490621,
    4.198999999999));
#2484 = CARTESIAN_POINT('',(-0.366747143755,-0.587532260178,4.199));
#2485 = CARTESIAN_POINT('',(-0.365900223507,-0.547563449231,
    4.198999999999));
#2486 = CARTESIAN_POINT('',(-0.359434666324,-0.490035742743,4.199));
#2487 = CARTESIAN_POINT('',(-0.34833849433,-0.437380954861,
    4.198999999999));
#2488 = CARTESIAN_POINT('',(-0.332806934883,-0.38886452375,4.199));
#2489 = CARTESIAN_POINT('',(-0.311567686516,-0.343217787067,
    4.198999999999));
#2490 = CARTESIAN_POINT('',(-0.284815235029,-0.299029216105,
    4.198999999999));
#2491 = CARTESIAN_POINT('',(-0.25258334261,-0.255209875649,4.199));
#2492 = CARTESIAN_POINT('',(-0.220801835137,-0.219980780885,
    4.198999999999));
#2493 = CARTESIAN_POINT('',(-0.192383564782,-0.190873252016,
    4.198999999999));
#2494 = CARTESIAN_POINT('',(-0.167341195897,-0.168270290752,
    4.198999999999));
#2495 = CARTESIAN_POINT('',(-0.139898657096,-0.144030293626,4.199));
#2496 = CARTESIAN_POINT('',(-0.109275582499,-0.119135414789,4.199));
#2497 = CARTESIAN_POINT('',(-7.6188196311E-02,-9.2716943247E-02,4.199));
#2498 = CARTESIAN_POINT('',(-4.0005012357E-02,-6.554358377E-02,
    4.198999999999));
#2499 = CARTESIAN_POINT('',(-9.25631579E-04,-3.7392958256E-02,
    4.198999999999));
#2500 = CARTESIAN_POINT('',(2.6182323994E-02,-1.835144487E-02,
    4.198999999999));
#2501 = CARTESIAN_POINT('',(4.0112437125E-02,-8.566478426E-03,
    4.198999999999));
#2502 = ORIENTED_EDGE('',*,*,#1883,.T.);
#2503 = B_SPLINE_SURFACE_WITH_KNOTS('',3,1,(
    (#2504,#2505)
    ,(#2506,#2507)
    ,(#2508,#2509)
    ,(#2510,#2511)
    ,(#2512,#2513)
    ,(#2514,#2515)
    ,(#2516,#2517)
    ,(#2518,#2519)
    ,(#2520,#2521)
    ,(#2522,#2523)
    ,(#2524,#2525)
    ,(#2526,#2527)
    ,(#2528,#2529)
    ,(#2530,#2531)
    ,(#2532,#2533)
    ,(#2534,#2535)
    ,(#2536,#2537)
    ,(#2538,#2539)
    ,(#2540,#2541
    )),.UNSPECIFIED.,.F.,.F.,.F.,(4,1,1,1,1,1,1,1,1,1,1,1,1,1,1,1,4),(2,
    2),(0.,8.1358462719E-02,0.157158416669,0.22726263074,0.292665763214,
    0.357039133308,0.424764165763,0.49550426326,0.570614939055,
    0.611150275168,0.655432632097,0.703226099241,0.755132330953,
    0.81060363101,0.869726631125,0.933055712686,1.),(0.,1.),
  .UNSPECIFIED.);
#2504 = CARTESIAN_POINT('',(-0.367185581167,-0.608223490621,
    4.198999999999));
#2505 = CARTESIAN_POINT('',(-0.367185581167,-0.608223490621,4.2));
#2506 = CARTESIAN_POINT('',(-0.366747143755,-0.587532260178,4.199));
#2507 = CARTESIAN_POINT('',(-0.366747143755,-0.587532260178,4.2));
#2508 = CARTESIAN_POINT('',(-0.365900223507,-0.547563449231,
    4.198999999999));
#2509 = CARTESIAN_POINT('',(-0.365900223507,-0.547563449231,
    4.199999999999));
#2510 = CARTESIAN_POINT('',(-0.359434666324,-0.490035742743,4.199));
#2511 = CARTESIAN_POINT('',(-0.359434666324,-0.490035742743,4.2));
#2512 = CARTESIAN_POINT('',(-0.34833849433,-0.437380954861,
    4.198999999999));
#2513 = CARTESIAN_POINT('',(-0.34833849433,-0.437380954861,4.2));
#2514 = CARTESIAN_POINT('',(-0.332806934883,-0.38886452375,4.199));
#2515 = CARTESIAN_POINT('',(-0.332806934883,-0.38886452375,4.2));
#2516 = CARTESIAN_POINT('',(-0.311567686516,-0.343217787067,
    4.198999999999));
#2517 = CARTESIAN_POINT('',(-0.311567686516,-0.343217787067,4.2));
#2518 = CARTESIAN_POINT('',(-0.284815235029,-0.299029216105,
    4.198999999999));
#2519 = CARTESIAN_POINT('',(-0.284815235029,-0.299029216105,
    4.199999999999));
#2520 = CARTESIAN_POINT('',(-0.25258334261,-0.255209875649,4.199));
#2521 = CARTESIAN_POINT('',(-0.25258334261,-0.255209875649,4.2));
#2522 = CARTESIAN_POINT('',(-0.220801835137,-0.219980780885,
    4.198999999999));
#2523 = CARTESIAN_POINT('',(-0.220801835137,-0.219980780885,
    4.199999999999));
#2524 = CARTESIAN_POINT('',(-0.192383564782,-0.190873252016,
    4.198999999999));
#2525 = CARTESIAN_POINT('',(-0.192383564782,-0.190873252016,4.2));
#2526 = CARTESIAN_POINT('',(-0.167341195897,-0.168270290752,
    4.198999999999));
#2527 = CARTESIAN_POINT('',(-0.167341195897,-0.168270290752,4.2));
#2528 = CARTESIAN_POINT('',(-0.139898657096,-0.144030293626,4.199));
#2529 = CARTESIAN_POINT('',(-0.139898657096,-0.144030293626,4.2));
#2530 = CARTESIAN_POINT('',(-0.109275582499,-0.119135414789,4.199));
#2531 = CARTESIAN_POINT('',(-0.109275582499,-0.119135414789,4.2));
#2532 = CARTESIAN_POINT('',(-7.6188196311E-02,-9.2716943247E-02,4.199));
#2533 = CARTESIAN_POINT('',(-7.6188196311E-02,-9.2716943247E-02,4.2));
#2534 = CARTESIAN_POINT('',(-4.0005012357E-02,-6.554358377E-02,
    4.198999999999));
#2535 = CARTESIAN_POINT('',(-4.0005012357E-02,-6.554358377E-02,4.2));
#2536 = CARTESIAN_POINT('',(-9.25631579E-04,-3.7392958256E-02,
    4.198999999999));
#2537 = CARTESIAN_POINT('',(-9.25631579E-04,-3.7392958256E-02,
    4.199999999999));
#2538 = CARTESIAN_POINT('',(2.6182323994E-02,-1.835144487E-02,
    4.198999999999));
#2539 = CARTESIAN_POINT('',(2.6182323994E-02,-1.835144487E-02,
    4.199999999999));
#2540 = CARTESIAN_POINT('',(4.0112437125E-02,-8.566478426E-03,
    4.198999999999));
#2541 = CARTESIAN_POINT('',(4.0112437125E-02,-8.566478426E-03,4.2));
#2542 = ADVANCED_FACE('',(#2543),#2558,.F.);
#2543 = FACE_BOUND('',#2544,.T.);
#2544 = EDGE_LOOP('',(#2545,#2546,#2547,#2548,#2549,#2550,#2551,#2552,
    #2553,#2554,#2555,#2556,#2557));
#2545 = ORIENTED_EDGE('',*,*,#1891,.F.);
#2546 = ORIENTED_EDGE('',*,*,#2481,.F.);
#2547 = ORIENTED_EDGE('',*,*,#2457,.F.);
#2548 = ORIENTED_EDGE('',*,*,#2433,.F.);
#2549 = ORIENTED_EDGE('',*,*,#2409,.F.);
#2550 = ORIENTED_EDGE('',*,*,#2385,.F.);
#2551 = ORIENTED_EDGE('',*,*,#2311,.F.);
#2552 = ORIENTED_EDGE('',*,*,#2237,.F.);
#2553 = ORIENTED_EDGE('',*,*,#2163,.F.);
#2554 = ORIENTED_EDGE('',*,*,#2113,.F.);
#2555 = ORIENTED_EDGE('',*,*,#2089,.F.);
#2556 = ORIENTED_EDGE('',*,*,#2039,.F.);
#2557 = ORIENTED_EDGE('',*,*,#1965,.F.);
#2558 = PLANE('',#2559);
#2559 = AXIS2_PLACEMENT_3D('',#2560,#2561,#2562);
#2560 = CARTESIAN_POINT('',(0.250302048412,0.168191364872,4.199));
#2561 = DIRECTION('',(-5.011554569325E-13,7.150306278519E-13,-1.));
#2562 = DIRECTION('',(0.,1.,7.150306278519E-13));
#2563 = ADVANCED_FACE('',(#2564),#2605,.T.);
#2564 = FACE_BOUND('',#2565,.T.);
#2565 = EDGE_LOOP('',(#2566,#2567,#2575,#2599));
#2566 = ORIENTED_EDGE('',*,*,#449,.F.);
#2567 = ORIENTED_EDGE('',*,*,#2568,.F.);
#2568 = EDGE_CURVE('',#2569,#426,#2571,.T.);
#2569 = VERTEX_POINT('',#2570);
#2570 = CARTESIAN_POINT('',(-1.112326587264,-8.566478426E-03,
    4.198999999999));
#2571 = LINE('',#2572,#2573);
#2572 = CARTESIAN_POINT('',(-1.112326587264,-8.566478426E-03,
    4.198999999999));
#2573 = VECTOR('',#2574,1.);
#2574 = DIRECTION('',(0.,0.,1.));
#2575 = ORIENTED_EDGE('',*,*,#2576,.T.);
#2576 = EDGE_CURVE('',#2569,#2577,#2579,.T.);
#2577 = VERTEX_POINT('',#2578);
#2578 = CARTESIAN_POINT('',(-0.806209971411,0.419310808159,
    4.198999999999));
#2579 = B_SPLINE_CURVE_WITH_KNOTS('',3,(#2580,#2581,#2582,#2583,#2584,
    #2585,#2586,#2587,#2588,#2589,#2590,#2591,#2592,#2593,#2594,#2595,
    #2596,#2597,#2598),.UNSPECIFIED.,.F.,.F.,(4,1,1,1,1,1,1,1,1,1,1,1,1,
    1,1,1,4),(0.,9.4946371017E-02,0.183528990616,0.265917511754,
    0.342850332499,0.413024061559,0.478019871152,0.537269670906,
    0.591374949314,0.642508483092,0.693149292468,0.743128277156,
    0.793215033364,0.843588945081,0.894814666004,0.946997228792,1.),
  .UNSPECIFIED.);
#2580 = CARTESIAN_POINT('',(-1.112326587264,-8.566478426E-03,
    4.198999999999));
#2581 = CARTESIAN_POINT('',(-1.098058493801,1.433838512E-03,
    4.198999999999));
#2582 = CARTESIAN_POINT('',(-1.070478621466,2.076420421E-02,
    4.198999999999));
#2583 = CARTESIAN_POINT('',(-1.031690550799,5.0376329803E-02,
    4.198999999999));
#2584 = CARTESIAN_POINT('',(-0.995961792798,7.8546785361E-02,
    4.198999999999));
#2585 = CARTESIAN_POINT('',(-0.96422966462,0.106243037915,4.198999999999
    ));
#2586 = CARTESIAN_POINT('',(-0.935522507455,0.132542250062,4.199));
#2587 = CARTESIAN_POINT('',(-0.910780442635,0.158267826849,
    4.198999999999));
#2588 = CARTESIAN_POINT('',(-0.889134506401,0.182830210509,
    4.198999999999));
#2589 = CARTESIAN_POINT('',(-0.870778930963,0.206831527473,
    4.198999999999));
#2590 = CARTESIAN_POINT('',(-0.855394142668,0.230981491842,4.199));
#2591 = CARTESIAN_POINT('',(-0.842258798142,0.255563314677,
    4.198999999999));
#2592 = CARTESIAN_POINT('',(-0.831035300343,0.280859190434,
    4.198999999999));
#2593 = CARTESIAN_POINT('',(-0.821754673435,0.306901515419,4.199));
#2594 = CARTESIAN_POINT('',(-0.815092190119,0.333952331077,
    4.198999999999));
#2595 = CARTESIAN_POINT('',(-0.809733557085,0.361680178036,
    4.198999999999));
#2596 = CARTESIAN_POINT('',(-0.80702371464,0.390294219743,4.199));
#2597 = CARTESIAN_POINT('',(-0.806482625579,0.409588461494,
    4.198999999999));
#2598 = CARTESIAN_POINT('',(-0.806209971411,0.419310808159,
    4.198999999999));
#2599 = ORIENTED_EDGE('',*,*,#2600,.T.);
#2600 = EDGE_CURVE('',#2577,#450,#2601,.T.);
#2601 = LINE('',#2602,#2603);
#2602 = CARTESIAN_POINT('',(-0.806209971411,0.419310808159,
    4.198999999999));
#2603 = VECTOR('',#2604,1.);
#2604 = DIRECTION('',(0.,0.,1.));
#2605 = B_SPLINE_SURFACE_WITH_KNOTS('',3,1,(
    (#2606,#2607)
    ,(#2608,#2609)
    ,(#2610,#2611)
    ,(#2612,#2613)
    ,(#2614,#2615)
    ,(#2616,#2617)
    ,(#2618,#2619)
    ,(#2620,#2621)
    ,(#2622,#2623)
    ,(#2624,#2625)
    ,(#2626,#2627)
    ,(#2628,#2629)
    ,(#2630,#2631)
    ,(#2632,#2633)
    ,(#2634,#2635)
    ,(#2636,#2637)
    ,(#2638,#2639)
    ,(#2640,#2641)
    ,(#2642,#2643
    )),.UNSPECIFIED.,.F.,.F.,.F.,(4,1,1,1,1,1,1,1,1,1,1,1,1,1,1,1,4),(2,
    2),(0.,9.4946371017E-02,0.183528990616,0.265917511754,0.342850332499
    ,0.413024061559,0.478019871152,0.537269670906,0.591374949314,
    0.642508483092,0.693149292468,0.743128277156,0.793215033364,
    0.843588945081,0.894814666004,0.946997228792,1.),(0.,1.),
  .UNSPECIFIED.);
#2606 = CARTESIAN_POINT('',(-1.112326587264,-8.566478426E-03,
    4.198999999999));
#2607 = CARTESIAN_POINT('',(-1.112326587264,-8.566478426E-03,4.2));
#2608 = CARTESIAN_POINT('',(-1.098058493801,1.433838512E-03,
    4.198999999999));
#2609 = CARTESIAN_POINT('',(-1.098058493801,1.433838512E-03,4.2));
#2610 = CARTESIAN_POINT('',(-1.070478621466,2.076420421E-02,
    4.198999999999));
#2611 = CARTESIAN_POINT('',(-1.070478621466,2.076420421E-02,
    4.199999999999));
#2612 = CARTESIAN_POINT('',(-1.031690550799,5.0376329803E-02,
    4.198999999999));
#2613 = CARTESIAN_POINT('',(-1.031690550799,5.0376329803E-02,4.2));
#2614 = CARTESIAN_POINT('',(-0.995961792798,7.8546785361E-02,
    4.198999999999));
#2615 = CARTESIAN_POINT('',(-0.995961792798,7.8546785361E-02,4.2));
#2616 = CARTESIAN_POINT('',(-0.96422966462,0.106243037915,4.198999999999
    ));
#2617 = CARTESIAN_POINT('',(-0.96422966462,0.106243037915,4.2));
#2618 = CARTESIAN_POINT('',(-0.935522507455,0.132542250062,4.199));
#2619 = CARTESIAN_POINT('',(-0.935522507455,0.132542250062,4.2));
#2620 = CARTESIAN_POINT('',(-0.910780442635,0.158267826849,
    4.198999999999));
#2621 = CARTESIAN_POINT('',(-0.910780442635,0.158267826849,4.2));
#2622 = CARTESIAN_POINT('',(-0.889134506401,0.182830210509,
    4.198999999999));
#2623 = CARTESIAN_POINT('',(-0.889134506401,0.182830210509,4.2));
#2624 = CARTESIAN_POINT('',(-0.870778930963,0.206831527473,
    4.198999999999));
#2625 = CARTESIAN_POINT('',(-0.870778930963,0.206831527473,4.2));
#2626 = CARTESIAN_POINT('',(-0.855394142668,0.230981491842,4.199));
#2627 = CARTESIAN_POINT('',(-0.855394142668,0.230981491842,4.2));
#2628 = CARTESIAN_POINT('',(-0.842258798142,0.255563314677,
    4.198999999999));
#2629 = CARTESIAN_POINT('',(-0.842258798142,0.255563314677,4.2));
#2630 = CARTESIAN_POINT('',(-0.831035300343,0.280859190434,
    4.198999999999));
#2631 = CARTESIAN_POINT('',(-0.831035300343,0.280859190434,4.2));
#2632 = CARTESIAN_POINT('',(-0.821754673435,0.306901515419,4.199));
#2633 = CARTESIAN_POINT('',(-0.821754673435,0.306901515419,4.2));
#2634 = CARTESIAN_POINT('',(-0.815092190119,0.333952331077,
    4.198999999999));
#2635 = CARTESIAN_POINT('',(-0.815092190119,0.333952331077,4.2));
#2636 = CARTESIAN_POINT('',(-0.809733557085,0.361680178036,
    4.198999999999));
#2637 = CARTESIAN_POINT('',(-0.809733557085,0.361680178036,
    4.199999999999));
#2638 = CARTESIAN_POINT('',(-0.80702371464,0.390294219743,4.199));
#2639 = CARTESIAN_POINT('',(-0.80702371464,0.390294219743,4.2));
#2640 = CARTESIAN_POINT('',(-0.806482625579,0.409588461494,
    4.198999999999));
#2641 = CARTESIAN_POINT('',(-0.806482625579,0.409588461494,4.2));
#2642 = CARTESIAN_POINT('',(-0.806209971411,0.419310808159,
    4.198999999999));
#2643 = CARTESIAN_POINT('',(-0.806209971411,0.419310808159,4.2));
#2644 = ADVANCED_FACE('',(#2645),#2679,.T.);
#2645 = FACE_BOUND('',#2646,.T.);
#2646 = EDGE_LOOP('',(#2647,#2648,#2649,#2673));
#2647 = ORIENTED_EDGE('',*,*,#473,.F.);
#2648 = ORIENTED_EDGE('',*,*,#2600,.F.);
#2649 = ORIENTED_EDGE('',*,*,#2650,.T.);
#2650 = EDGE_CURVE('',#2577,#2651,#2653,.T.);
#2651 = VERTEX_POINT('',#2652);
#2652 = CARTESIAN_POINT('',(-1.09489137385,0.671121021573,4.198999999999
    ));
#2653 = B_SPLINE_CURVE_WITH_KNOTS('',3,(#2654,#2655,#2656,#2657,#2658,
    #2659,#2660,#2661,#2662,#2663,#2664,#2665,#2666,#2667,#2668,#2669,
    #2670,#2671,#2672),.UNSPECIFIED.,.F.,.F.,(4,1,1,1,1,1,1,1,1,1,1,1,1,
    1,1,1,4),(0.,6.6030844719E-02,0.129294159676,0.189627139685,
    0.247856302636,0.305101558446,0.362384823195,0.419576824054,
    0.477910554596,0.537166073287,0.597031868114,0.657821282832,
    0.720448352392,0.785432577929,0.853770076472,0.924738698814,1.),
  .UNSPECIFIED.);
#2654 = CARTESIAN_POINT('',(-0.806209971411,0.419310808159,
    4.198999999999));
#2655 = CARTESIAN_POINT('',(-0.806391329871,0.428852590204,
    4.198999999999));
#2656 = CARTESIAN_POINT('',(-0.806746445572,0.447536232623,
    4.198999999999));
#2657 = CARTESIAN_POINT('',(-0.810636805675,0.47469632536,4.199));
#2658 = CARTESIAN_POINT('',(-0.816456151152,0.50034757722,4.198999999999
    ));
#2659 = CARTESIAN_POINT('',(-0.825219567518,0.524234835614,4.199));
#2660 = CARTESIAN_POINT('',(-0.836051048333,0.546762767224,4.199));
#2661 = CARTESIAN_POINT('',(-0.849569544166,0.567620927938,4.199));
#2662 = CARTESIAN_POINT('',(-0.86536930141,0.587014888917,4.198999999999
    ));
#2663 = CARTESIAN_POINT('',(-0.883795634005,0.604349898487,
    4.198999999999));
#2664 = CARTESIAN_POINT('',(-0.904070135399,0.620074269674,4.199));
#2665 = CARTESIAN_POINT('',(-0.926132243148,0.633896189595,
    4.198999999999));
#2666 = CARTESIAN_POINT('',(-0.950068450981,0.645306191479,
    4.198999999999));
#2667 = CARTESIAN_POINT('',(-0.975620513846,0.654728752984,
    4.198999999999));
#2668 = CARTESIAN_POINT('',(-1.002938815748,0.662275695155,
    4.198999999999));
#2669 = CARTESIAN_POINT('',(-1.032059680916,0.66719201023,4.199));
#2670 = CARTESIAN_POINT('',(-1.062900437158,0.670467379632,
    4.198999999999));
#2671 = CARTESIAN_POINT('',(-1.084021058221,0.670898918223,
    4.198999999999));
#2672 = CARTESIAN_POINT('',(-1.09489137385,0.671121021573,4.198999999999
    ));
#2673 = ORIENTED_EDGE('',*,*,#2674,.T.);
#2674 = EDGE_CURVE('',#2651,#474,#2675,.T.);
#2675 = LINE('',#2676,#2677);
#2676 = CARTESIAN_POINT('',(-1.09489137385,0.671121021573,4.198999999999
    ));
#2677 = VECTOR('',#2678,1.);
#2678 = DIRECTION('',(0.,0.,1.));
#2679 = B_SPLINE_SURFACE_WITH_KNOTS('',3,1,(
    (#2680,#2681)
    ,(#2682,#2683)
    ,(#2684,#2685)
    ,(#2686,#2687)
    ,(#2688,#2689)
    ,(#2690,#2691)
    ,(#2692,#2693)
    ,(#2694,#2695)
    ,(#2696,#2697)
    ,(#2698,#2699)
    ,(#2700,#2701)
    ,(#2702,#2703)
    ,(#2704,#2705)
    ,(#2706,#2707)
    ,(#2708,#2709)
    ,(#2710,#2711)
    ,(#2712,#2713)
    ,(#2714,#2715)
    ,(#2716,#2717
    )),.UNSPECIFIED.,.F.,.F.,.F.,(4,1,1,1,1,1,1,1,1,1,1,1,1,1,1,1,4),(2,
    2),(0.,6.6030844719E-02,0.129294159676,0.189627139685,0.247856302636
    ,0.305101558446,0.362384823195,0.419576824054,0.477910554596,
    0.537166073287,0.597031868114,0.657821282832,0.720448352392,
    0.785432577929,0.853770076472,0.924738698814,1.),(0.,1.),
  .UNSPECIFIED.);
#2680 = CARTESIAN_POINT('',(-0.806209971411,0.419310808159,
    4.198999999999));
#2681 = CARTESIAN_POINT('',(-0.806209971411,0.419310808159,4.2));
#2682 = CARTESIAN_POINT('',(-0.806391329871,0.428852590204,
    4.198999999999));
#2683 = CARTESIAN_POINT('',(-0.806391329871,0.428852590204,4.2));
#2684 = CARTESIAN_POINT('',(-0.806746445572,0.447536232623,
    4.198999999999));
#2685 = CARTESIAN_POINT('',(-0.806746445572,0.447536232623,
    4.199999999999));
#2686 = CARTESIAN_POINT('',(-0.810636805675,0.47469632536,4.199));
#2687 = CARTESIAN_POINT('',(-0.810636805675,0.47469632536,4.2));
#2688 = CARTESIAN_POINT('',(-0.816456151152,0.50034757722,4.198999999999
    ));
#2689 = CARTESIAN_POINT('',(-0.816456151152,0.50034757722,4.2));
#2690 = CARTESIAN_POINT('',(-0.825219567518,0.524234835614,4.199));
#2691 = CARTESIAN_POINT('',(-0.825219567518,0.524234835614,4.2));
#2692 = CARTESIAN_POINT('',(-0.836051048333,0.546762767224,4.199));
#2693 = CARTESIAN_POINT('',(-0.836051048333,0.546762767224,4.2));
#2694 = CARTESIAN_POINT('',(-0.849569544166,0.567620927938,4.199));
#2695 = CARTESIAN_POINT('',(-0.849569544166,0.567620927938,4.2));
#2696 = CARTESIAN_POINT('',(-0.86536930141,0.587014888917,4.198999999999
    ));
#2697 = CARTESIAN_POINT('',(-0.86536930141,0.587014888917,4.199999999999
    ));
#2698 = CARTESIAN_POINT('',(-0.883795634005,0.604349898487,
    4.198999999999));
#2699 = CARTESIAN_POINT('',(-0.883795634005,0.604349898487,4.2));
#2700 = CARTESIAN_POINT('',(-0.904070135399,0.620074269674,4.199));
#2701 = CARTESIAN_POINT('',(-0.904070135399,0.620074269674,4.2));
#2702 = CARTESIAN_POINT('',(-0.926132243148,0.633896189595,
    4.198999999999));
#2703 = CARTESIAN_POINT('',(-0.926132243148,0.633896189595,4.2));
#2704 = CARTESIAN_POINT('',(-0.950068450981,0.645306191479,
    4.198999999999));
#2705 = CARTESIAN_POINT('',(-0.950068450981,0.645306191479,4.2));
#2706 = CARTESIAN_POINT('',(-0.975620513846,0.654728752984,
    4.198999999999));
#2707 = CARTESIAN_POINT('',(-0.975620513846,0.654728752984,4.2));
#2708 = CARTESIAN_POINT('',(-1.002938815748,0.662275695155,
    4.198999999999));
#2709 = CARTESIAN_POINT('',(-1.002938815748,0.662275695155,
    4.199999999999));
#2710 = CARTESIAN_POINT('',(-1.032059680916,0.66719201023,4.199));
#2711 = CARTESIAN_POINT('',(-1.032059680916,0.66719201023,4.2));
#2712 = CARTESIAN_POINT('',(-1.062900437158,0.670467379632,
    4.198999999999));
#2713 = CARTESIAN_POINT('',(-1.062900437158,0.670467379632,
    4.199999999999));
#2714 = CARTESIAN_POINT('',(-1.084021058221,0.670898918223,
    4.198999999999));
#2715 = CARTESIAN_POINT('',(-1.084021058221,0.670898918223,4.2));
#2716 = CARTESIAN_POINT('',(-1.09489137385,0.671121021573,4.198999999999
    ));
#2717 = CARTESIAN_POINT('',(-1.09489137385,0.671121021573,4.2));
#2718 = ADVANCED_FACE('',(#2719),#2745,.T.);
#2719 = FACE_BOUND('',#2720,.T.);
#2720 = EDGE_LOOP('',(#2721,#2722,#2723,#2739));
#2721 = ORIENTED_EDGE('',*,*,#497,.F.);
#2722 = ORIENTED_EDGE('',*,*,#2674,.F.);
#2723 = ORIENTED_EDGE('',*,*,#2724,.T.);
#2724 = EDGE_CURVE('',#2651,#2725,#2727,.T.);
#2725 = VERTEX_POINT('',#2726);
#2726 = CARTESIAN_POINT('',(-1.464746556777,0.488765838646,
    4.198999999999));
#2727 = B_SPLINE_CURVE_WITH_KNOTS('',3,(#2728,#2729,#2730,#2731,#2732,
    #2733,#2734,#2735,#2736,#2737,#2738),.UNSPECIFIED.,.F.,.F.,(4,1,1,1,
    1,1,1,1,4),(0.,0.111554841178,0.225516891655,0.343554219769,
    0.467170028746,0.594332573775,0.724983929808,0.859692508059,
    0.999999999999),.UNSPECIFIED.);
#2728 = CARTESIAN_POINT('',(-1.09489137385,0.671121021573,4.198999999999
    ));
#2729 = CARTESIAN_POINT('',(-1.110652366896,0.670580974567,
    4.198999999999));
#2730 = CARTESIAN_POINT('',(-1.14251445485,0.669489227037,4.199));
#2731 = CARTESIAN_POINT('',(-1.190292889362,0.660117903408,4.199));
#2732 = CARTESIAN_POINT('',(-1.238304769712,0.645165344057,
    4.198999999999));
#2733 = CARTESIAN_POINT('',(-1.286049950752,0.624153703242,4.199));
#2734 = CARTESIAN_POINT('',(-1.333292254658,0.598158122484,4.199));
#2735 = CARTESIAN_POINT('',(-1.379094029314,0.566829077175,
    4.198999999999));
#2736 = CARTESIAN_POINT('',(-1.423412214609,0.530394872607,4.199));
#2737 = CARTESIAN_POINT('',(-1.450782702063,0.502829248189,
    4.198999999999));
#2738 = CARTESIAN_POINT('',(-1.464746556777,0.488765838646,
    4.198999999999));
#2739 = ORIENTED_EDGE('',*,*,#2740,.T.);
#2740 = EDGE_CURVE('',#2725,#498,#2741,.T.);
#2741 = LINE('',#2742,#2743);
#2742 = CARTESIAN_POINT('',(-1.464746556777,0.488765838646,
    4.198999999999));
#2743 = VECTOR('',#2744,1.);
#2744 = DIRECTION('',(0.,0.,1.));
#2745 = B_SPLINE_SURFACE_WITH_KNOTS('',3,1,(
    (#2746,#2747)
    ,(#2748,#2749)
    ,(#2750,#2751)
    ,(#2752,#2753)
    ,(#2754,#2755)
    ,(#2756,#2757)
    ,(#2758,#2759)
    ,(#2760,#2761)
    ,(#2762,#2763)
    ,(#2764,#2765)
    ,(#2766,#2767
  )),.UNSPECIFIED.,.F.,.F.,.F.,(4,1,1,1,1,1,1,1,4),(2,2),(0.,
    0.111554841178,0.225516891655,0.343554219769,0.467170028746,
    0.594332573775,0.724983929808,0.859692508059,0.999999999999),(0.,1.)
  ,.UNSPECIFIED.);
#2746 = CARTESIAN_POINT('',(-1.09489137385,0.671121021573,4.198999999999
    ));
#2747 = CARTESIAN_POINT('',(-1.09489137385,0.671121021573,4.2));
#2748 = CARTESIAN_POINT('',(-1.110652366896,0.670580974567,
    4.198999999999));
#2749 = CARTESIAN_POINT('',(-1.110652366896,0.670580974567,4.2));
#2750 = CARTESIAN_POINT('',(-1.14251445485,0.669489227037,4.198999999999
    ));
#2751 = CARTESIAN_POINT('',(-1.14251445485,0.669489227037,4.2));
#2752 = CARTESIAN_POINT('',(-1.190292889362,0.660117903408,
    4.198999999999));
#2753 = CARTESIAN_POINT('',(-1.190292889362,0.660117903408,4.2));
#2754 = CARTESIAN_POINT('',(-1.238304769712,0.645165344057,
    4.198999999999));
#2755 = CARTESIAN_POINT('',(-1.238304769712,0.645165344057,4.2));
#2756 = CARTESIAN_POINT('',(-1.286049950752,0.624153703242,
    4.198999999999));
#2757 = CARTESIAN_POINT('',(-1.286049950752,0.624153703242,4.2));
#2758 = CARTESIAN_POINT('',(-1.333292254658,0.598158122484,
    4.198999999999));
#2759 = CARTESIAN_POINT('',(-1.333292254658,0.598158122484,4.2));
#2760 = CARTESIAN_POINT('',(-1.379094029314,0.566829077175,
    4.198999999999));
#2761 = CARTESIAN_POINT('',(-1.379094029314,0.566829077175,
    4.199999999999));
#2762 = CARTESIAN_POINT('',(-1.423412214609,0.530394872607,
    4.198999999999));
#2763 = CARTESIAN_POINT('',(-1.423412214609,0.530394872607,4.2));
#2764 = CARTESIAN_POINT('',(-1.450782702063,0.502829248189,
    4.198999999999));
#2765 = CARTESIAN_POINT('',(-1.450782702063,0.502829248189,4.2));
#2766 = CARTESIAN_POINT('',(-1.464746556777,0.488765838646,
    4.198999999999));
#2767 = CARTESIAN_POINT('',(-1.464746556777,0.488765838646,4.2));
#2768 = ADVANCED_FACE('',(#2769),#2787,.T.);
#2769 = FACE_BOUND('',#2770,.T.);
#2770 = EDGE_LOOP('',(#2771,#2772,#2773,#2781));
#2771 = ORIENTED_EDGE('',*,*,#513,.F.);
#2772 = ORIENTED_EDGE('',*,*,#2740,.F.);
#2773 = ORIENTED_EDGE('',*,*,#2774,.T.);
#2774 = EDGE_CURVE('',#2725,#2775,#2777,.T.);
#2775 = VERTEX_POINT('',#2776);
#2776 = CARTESIAN_POINT('',(-1.464746556777,0.672264314256,
    4.198999999999));
#2777 = LINE('',#2778,#2779);
#2778 = CARTESIAN_POINT('',(-1.464746556777,0.488765838646,
    4.198999999999));
#2779 = VECTOR('',#2780,1.);
#2780 = DIRECTION('',(0.,1.,0.));
#2781 = ORIENTED_EDGE('',*,*,#2782,.T.);
#2782 = EDGE_CURVE('',#2775,#514,#2783,.T.);
#2783 = LINE('',#2784,#2785);
#2784 = CARTESIAN_POINT('',(-1.464746556777,0.672264314256,
    4.198999999999));
#2785 = VECTOR('',#2786,1.);
#2786 = DIRECTION('',(0.,0.,1.));
#2787 = PLANE('',#2788);
#2788 = AXIS2_PLACEMENT_3D('',#2789,#2790,#2791);
#2789 = CARTESIAN_POINT('',(-1.464746556777,0.488765838646,
    4.198999999999));
#2790 = DIRECTION('',(1.,0.,0.));
#2791 = DIRECTION('',(0.,0.,-1.));
#2792 = ADVANCED_FACE('',(#2793),#2819,.T.);
#2793 = FACE_BOUND('',#2794,.T.);
#2794 = EDGE_LOOP('',(#2795,#2796,#2797,#2813));
#2795 = ORIENTED_EDGE('',*,*,#521,.F.);
#2796 = ORIENTED_EDGE('',*,*,#2782,.F.);
#2797 = ORIENTED_EDGE('',*,*,#2798,.T.);
#2798 = EDGE_CURVE('',#2775,#2799,#2801,.T.);
#2799 = VERTEX_POINT('',#2800);
#2800 = CARTESIAN_POINT('',(-1.076598690923,0.835755167915,
    4.198999999999));
#2801 = B_SPLINE_CURVE_WITH_KNOTS('',3,(#2802,#2803,#2804,#2805,#2806,
    #2807,#2808,#2809,#2810,#2811,#2812),.UNSPECIFIED.,.F.,.F.,(4,1,1,1,
    1,1,1,1,4),(0.,0.122881588571,0.243149494643,0.361274925634,
    0.479609211095,0.600631177826,0.726103079565,0.859023881482,1.),
  .UNSPECIFIED.);
#2802 = CARTESIAN_POINT('',(-1.464746556777,0.672264314256,
    4.198999999999));
#2803 = CARTESIAN_POINT('',(-1.452195647411,0.684878974009,
    4.198999999999));
#2804 = CARTESIAN_POINT('',(-1.427360785615,0.709839980616,
    4.198999999999));
#2805 = CARTESIAN_POINT('',(-1.386693511986,0.742930952309,4.199));
#2806 = CARTESIAN_POINT('',(-1.34305175394,0.770689071249,4.198999999999
    ));
#2807 = CARTESIAN_POINT('',(-1.297032438778,0.794525922308,4.199));
#2808 = CARTESIAN_POINT('',(-1.247510144297,0.813281509843,
    4.198999999999));
#2809 = CARTESIAN_POINT('',(-1.194044873012,0.82626809134,4.198999999999
    ));
#2810 = CARTESIAN_POINT('',(-1.1366858704,0.834474734078,4.198999999999)
  );
#2811 = CARTESIAN_POINT('',(-1.097016641814,0.835320069522,
    4.198999999999));
#2812 = CARTESIAN_POINT('',(-1.076598690923,0.835755167915,
    4.198999999999));
#2813 = ORIENTED_EDGE('',*,*,#2814,.T.);
#2814 = EDGE_CURVE('',#2799,#522,#2815,.T.);
#2815 = LINE('',#2816,#2817);
#2816 = CARTESIAN_POINT('',(-1.076598690923,0.835755167915,
    4.198999999999));
#2817 = VECTOR('',#2818,1.);
#2818 = DIRECTION('',(0.,0.,1.));
#2819 = B_SPLINE_SURFACE_WITH_KNOTS('',3,1,(
    (#2820,#2821)
    ,(#2822,#2823)
    ,(#2824,#2825)
    ,(#2826,#2827)
    ,(#2828,#2829)
    ,(#2830,#2831)
    ,(#2832,#2833)
    ,(#2834,#2835)
    ,(#2836,#2837)
    ,(#2838,#2839)
    ,(#2840,#2841
  )),.UNSPECIFIED.,.F.,.F.,.F.,(4,1,1,1,1,1,1,1,4),(2,2),(0.,
    0.122881588571,0.243149494643,0.361274925634,0.479609211095,
    0.600631177826,0.726103079565,0.859023881482,1.),(0.,1.),
  .UNSPECIFIED.);
#2820 = CARTESIAN_POINT('',(-1.464746556777,0.672264314256,
    4.198999999999));
#2821 = CARTESIAN_POINT('',(-1.464746556777,0.672264314256,4.2));
#2822 = CARTESIAN_POINT('',(-1.452195647411,0.684878974009,
    4.198999999999));
#2823 = CARTESIAN_POINT('',(-1.452195647411,0.684878974009,4.2));
#2824 = CARTESIAN_POINT('',(-1.427360785615,0.709839980616,
    4.198999999999));
#2825 = CARTESIAN_POINT('',(-1.427360785615,0.709839980616,
    4.199999999999));
#2826 = CARTESIAN_POINT('',(-1.386693511986,0.742930952309,4.199));
#2827 = CARTESIAN_POINT('',(-1.386693511986,0.742930952309,4.2));
#2828 = CARTESIAN_POINT('',(-1.34305175394,0.770689071249,4.198999999999
    ));
#2829 = CARTESIAN_POINT('',(-1.34305175394,0.770689071249,4.199999999999
    ));
#2830 = CARTESIAN_POINT('',(-1.297032438778,0.794525922308,4.199));
#2831 = CARTESIAN_POINT('',(-1.297032438778,0.794525922308,4.2));
#2832 = CARTESIAN_POINT('',(-1.247510144297,0.813281509843,
    4.198999999999));
#2833 = CARTESIAN_POINT('',(-1.247510144297,0.813281509843,
    4.199999999999));
#2834 = CARTESIAN_POINT('',(-1.194044873012,0.82626809134,4.198999999999
    ));
#2835 = CARTESIAN_POINT('',(-1.194044873012,0.82626809134,4.2));
#2836 = CARTESIAN_POINT('',(-1.1366858704,0.834474734078,4.198999999999)
  );
#2837 = CARTESIAN_POINT('',(-1.1366858704,0.834474734078,4.2));
#2838 = CARTESIAN_POINT('',(-1.097016641814,0.835320069522,
    4.198999999999));
#2839 = CARTESIAN_POINT('',(-1.097016641814,0.835320069522,4.2));
#2840 = CARTESIAN_POINT('',(-1.076598690923,0.835755167915,
    4.198999999999));
#2841 = CARTESIAN_POINT('',(-1.076598690923,0.835755167915,4.2));
#2842 = ADVANCED_FACE('',(#2843),#2877,.T.);
#2843 = FACE_BOUND('',#2844,.T.);
#2844 = EDGE_LOOP('',(#2845,#2846,#2847,#2871));
#2845 = ORIENTED_EDGE('',*,*,#537,.F.);
#2846 = ORIENTED_EDGE('',*,*,#2814,.F.);
#2847 = ORIENTED_EDGE('',*,*,#2848,.T.);
#2848 = EDGE_CURVE('',#2799,#2849,#2851,.T.);
#2849 = VERTEX_POINT('',#2850);
#2850 = CARTESIAN_POINT('',(-0.623283142142,0.433887789866,
    4.198999999999));
#2851 = B_SPLINE_CURVE_WITH_KNOTS('',3,(#2852,#2853,#2854,#2855,#2856,
    #2857,#2858,#2859,#2860,#2861,#2862,#2863,#2864,#2865,#2866,#2867,
    #2868,#2869,#2870),.UNSPECIFIED.,.F.,.F.,(4,1,1,1,1,1,1,1,1,1,1,1,1,
    1,1,1,4),(0.,7.2853708443E-02,0.142723709844,0.209531835111,
    0.273908006946,0.336157393249,0.397538572412,0.457907256518,
    0.518097293835,0.577577682083,0.635816047572,0.693618322727,
    0.751444827289,0.810218915018,0.87091158883,0.933819924419,1.),
  .UNSPECIFIED.);
#2852 = CARTESIAN_POINT('',(-1.076598690923,0.835755167915,
    4.198999999999));
#2853 = CARTESIAN_POINT('',(-1.060005146021,0.835449744243,4.199));
#2854 = CARTESIAN_POINT('',(-1.027497641072,0.834851405457,4.199));
#2855 = CARTESIAN_POINT('',(-0.980040649591,0.82947302314,4.198999999999
    ));
#2856 = CARTESIAN_POINT('',(-0.934907054903,0.821503280827,
    4.198999999999));
#2857 = CARTESIAN_POINT('',(-0.892527179716,0.809285429928,4.199));
#2858 = CARTESIAN_POINT('',(-0.85237908211,0.794255945404,4.198999999999
    ));
#2859 = CARTESIAN_POINT('',(-0.814963230286,0.775242599451,4.199));
#2860 = CARTESIAN_POINT('',(-0.779807235861,0.753214520793,
    4.198999999999));
#2861 = CARTESIAN_POINT('',(-0.747563731529,0.727770025831,4.199));
#2862 = CARTESIAN_POINT('',(-0.718436806196,0.699527398914,4.199));
#2863 = CARTESIAN_POINT('',(-0.692706262994,0.668835059661,
    4.198999999999));
#2864 = CARTESIAN_POINT('',(-0.671188720811,0.635481378403,4.199));
#2865 = CARTESIAN_POINT('',(-0.653717393039,0.599739049748,
    4.198999999999));
#2866 = CARTESIAN_POINT('',(-0.639823737152,0.561747423237,
    4.198999999999));
#2867 = CARTESIAN_POINT('',(-0.63022613231,0.521266736095,4.198999999999
    ));
#2868 = CARTESIAN_POINT('',(-0.624426595032,0.47835873486,4.199));
#2869 = CARTESIAN_POINT('',(-0.623670679322,0.448959809677,4.199));
#2870 = CARTESIAN_POINT('',(-0.623283142142,0.433887789866,
    4.198999999999));
#2871 = ORIENTED_EDGE('',*,*,#2872,.T.);
#2872 = EDGE_CURVE('',#2849,#538,#2873,.T.);
#2873 = LINE('',#2874,#2875);
#2874 = CARTESIAN_POINT('',(-0.623283142142,0.433887789866,
    4.198999999999));
#2875 = VECTOR('',#2876,1.);
#2876 = DIRECTION('',(0.,0.,1.));
#2877 = B_SPLINE_SURFACE_WITH_KNOTS('',3,1,(
    (#2878,#2879)
    ,(#2880,#2881)
    ,(#2882,#2883)
    ,(#2884,#2885)
    ,(#2886,#2887)
    ,(#2888,#2889)
    ,(#2890,#2891)
    ,(#2892,#2893)
    ,(#2894,#2895)
    ,(#2896,#2897)
    ,(#2898,#2899)
    ,(#2900,#2901)
    ,(#2902,#2903)
    ,(#2904,#2905)
    ,(#2906,#2907)
    ,(#2908,#2909)
    ,(#2910,#2911)
    ,(#2912,#2913)
    ,(#2914,#2915
    )),.UNSPECIFIED.,.F.,.F.,.F.,(4,1,1,1,1,1,1,1,1,1,1,1,1,1,1,1,4),(2,
    2),(0.,7.2853708443E-02,0.142723709844,0.209531835111,0.273908006946
    ,0.336157393249,0.397538572412,0.457907256518,0.518097293835,
    0.577577682083,0.635816047572,0.693618322727,0.751444827289,
    0.810218915018,0.87091158883,0.933819924419,1.),(0.,1.),
  .UNSPECIFIED.);
#2878 = CARTESIAN_POINT('',(-1.076598690923,0.835755167915,
    4.198999999999));
#2879 = CARTESIAN_POINT('',(-1.076598690923,0.835755167915,4.2));
#2880 = CARTESIAN_POINT('',(-1.060005146021,0.835449744243,4.199));
#2881 = CARTESIAN_POINT('',(-1.060005146021,0.835449744243,4.2));
#2882 = CARTESIAN_POINT('',(-1.027497641072,0.834851405457,4.199));
#2883 = CARTESIAN_POINT('',(-1.027497641072,0.834851405457,4.2));
#2884 = CARTESIAN_POINT('',(-0.980040649591,0.82947302314,4.198999999999
    ));
#2885 = CARTESIAN_POINT('',(-0.980040649591,0.82947302314,4.199999999999
    ));
#2886 = CARTESIAN_POINT('',(-0.934907054903,0.821503280827,
    4.198999999999));
#2887 = CARTESIAN_POINT('',(-0.934907054903,0.821503280827,
    4.199999999999));
#2888 = CARTESIAN_POINT('',(-0.892527179716,0.809285429928,4.199));
#2889 = CARTESIAN_POINT('',(-0.892527179716,0.809285429928,4.2));
#2890 = CARTESIAN_POINT('',(-0.85237908211,0.794255945404,4.198999999999
    ));
#2891 = CARTESIAN_POINT('',(-0.85237908211,0.794255945404,4.199999999999
    ));
#2892 = CARTESIAN_POINT('',(-0.814963230286,0.775242599451,4.199));
#2893 = CARTESIAN_POINT('',(-0.814963230286,0.775242599451,4.2));
#2894 = CARTESIAN_POINT('',(-0.779807235861,0.753214520793,
    4.198999999999));
#2895 = CARTESIAN_POINT('',(-0.779807235861,0.753214520793,
    4.199999999999));
#2896 = CARTESIAN_POINT('',(-0.747563731529,0.727770025831,4.199));
#2897 = CARTESIAN_POINT('',(-0.747563731529,0.727770025831,4.2));
#2898 = CARTESIAN_POINT('',(-0.718436806196,0.699527398914,4.199));
#2899 = CARTESIAN_POINT('',(-0.718436806196,0.699527398914,4.2));
#2900 = CARTESIAN_POINT('',(-0.692706262994,0.668835059661,
    4.198999999999));
#2901 = CARTESIAN_POINT('',(-0.692706262994,0.668835059661,
    4.199999999999));
#2902 = CARTESIAN_POINT('',(-0.671188720811,0.635481378403,4.199));
#2903 = CARTESIAN_POINT('',(-0.671188720811,0.635481378403,4.2));
#2904 = CARTESIAN_POINT('',(-0.653717393039,0.599739049748,
    4.198999999999));
#2905 = CARTESIAN_POINT('',(-0.653717393039,0.599739049748,
    4.199999999999));
#2906 = CARTESIAN_POINT('',(-0.639823737152,0.561747423237,
    4.198999999999));
#2907 = CARTESIAN_POINT('',(-0.639823737152,0.561747423237,4.2));
#2908 = CARTESIAN_POINT('',(-0.63022613231,0.521266736095,4.198999999999
    ));
#2909 = CARTESIAN_POINT('',(-0.63022613231,0.521266736095,4.199999999999
    ));
#2910 = CARTESIAN_POINT('',(-0.624426595032,0.47835873486,4.199));
#2911 = CARTESIAN_POINT('',(-0.624426595032,0.47835873486,4.2));
#2912 = CARTESIAN_POINT('',(-0.623670679322,0.448959809677,4.199));
#2913 = CARTESIAN_POINT('',(-0.623670679322,0.448959809677,4.2));
#2914 = CARTESIAN_POINT('',(-0.623283142142,0.433887789866,
    4.198999999999));
#2915 = CARTESIAN_POINT('',(-0.623283142142,0.433887789866,4.2));
#2916 = ADVANCED_FACE('',(#2917),#2951,.T.);
#2917 = FACE_BOUND('',#2918,.T.);
#2918 = EDGE_LOOP('',(#2919,#2920,#2921,#2945));
#2919 = ORIENTED_EDGE('',*,*,#561,.F.);
#2920 = ORIENTED_EDGE('',*,*,#2872,.F.);
#2921 = ORIENTED_EDGE('',*,*,#2922,.T.);
#2922 = EDGE_CURVE('',#2849,#2923,#2925,.T.);
#2923 = VERTEX_POINT('',#2924);
#2924 = CARTESIAN_POINT('',(-0.958553721411,-0.10002989306,
    4.198999999999));
#2925 = B_SPLINE_CURVE_WITH_KNOTS('',3,(#2926,#2927,#2928,#2929,#2930,
    #2931,#2932,#2933,#2934,#2935,#2936,#2937,#2938,#2939,#2940,#2941,
    #2942,#2943,#2944),.UNSPECIFIED.,.F.,.F.,(4,1,1,1,1,1,1,1,1,1,1,1,1,
    1,1,1,4),(0.,6.1423136907E-02,0.121356548907,0.179082885599,
    0.235830946564,0.291494634483,0.346255914793,0.400407811521,
    0.454253298306,0.509659450128,0.568478222515,0.630635089558,
    0.696370529068,0.766466386812,0.840152334238,0.917818258663,1.),
  .UNSPECIFIED.);
#2926 = CARTESIAN_POINT('',(-0.623283142142,0.433887789866,
    4.198999999999));
#2927 = CARTESIAN_POINT('',(-0.623464442884,0.420348449444,4.199));
#2928 = CARTESIAN_POINT('',(-0.623822647194,0.393598144741,4.199));
#2929 = CARTESIAN_POINT('',(-0.627803974672,0.354302702977,
    4.198999999999));
#2930 = CARTESIAN_POINT('',(-0.633332930311,0.316255261847,
    4.198999999999));
#2931 = CARTESIAN_POINT('',(-0.641617647052,0.27964655856,4.198999999999
    ));
#2932 = CARTESIAN_POINT('',(-0.652541629756,0.244434717357,
    4.198999999999));
#2933 = CARTESIAN_POINT('',(-0.665689921132,0.21060484602,4.199));
#2934 = CARTESIAN_POINT('',(-0.681163916261,0.178214572824,
    4.198999999999));
#2935 = CARTESIAN_POINT('',(-0.699094487003,0.146949382703,
    4.198999999999));
#2936 = CARTESIAN_POINT('',(-0.719999959639,0.116342722172,
    4.198999999999));
#2937 = CARTESIAN_POINT('',(-0.744012437597,8.5742060506E-02,
    4.198999999999));
#2938 = CARTESIAN_POINT('',(-0.771667448638,5.5252173576E-02,4.199));
#2939 = CARTESIAN_POINT('',(-0.802317618475,2.418568788E-02,
    4.198999999999));
#2940 = CARTESIAN_POINT('',(-0.83659687792,-6.774822801E-03,
    4.198999999999));
#2941 = CARTESIAN_POINT('',(-0.874201275292,-3.7876678391E-02,
    4.198999999999));
#2942 = CARTESIAN_POINT('',(-0.914761626745,-6.9576440325E-02,
    4.198999999999));
#2943 = CARTESIAN_POINT('',(-0.943683996944,-8.9689340623E-02,4.199));
#2944 = CARTESIAN_POINT('',(-0.958553721411,-0.10002989306,
    4.198999999999));
#2945 = ORIENTED_EDGE('',*,*,#2946,.T.);
#2946 = EDGE_CURVE('',#2923,#562,#2947,.T.);
#2947 = LINE('',#2948,#2949);
#2948 = CARTESIAN_POINT('',(-0.958553721411,-0.10002989306,
    4.198999999999));
#2949 = VECTOR('',#2950,1.);
#2950 = DIRECTION('',(0.,0.,1.));
#2951 = B_SPLINE_SURFACE_WITH_KNOTS('',3,1,(
    (#2952,#2953)
    ,(#2954,#2955)
    ,(#2956,#2957)
    ,(#2958,#2959)
    ,(#2960,#2961)
    ,(#2962,#2963)
    ,(#2964,#2965)
    ,(#2966,#2967)
    ,(#2968,#2969)
    ,(#2970,#2971)
    ,(#2972,#2973)
    ,(#2974,#2975)
    ,(#2976,#2977)
    ,(#2978,#2979)
    ,(#2980,#2981)
    ,(#2982,#2983)
    ,(#2984,#2985)
    ,(#2986,#2987)
    ,(#2988,#2989
    )),.UNSPECIFIED.,.F.,.F.,.F.,(4,1,1,1,1,1,1,1,1,1,1,1,1,1,1,1,4),(2,
    2),(0.,6.1423136907E-02,0.121356548907,0.179082885599,0.235830946564
    ,0.291494634483,0.346255914793,0.400407811521,0.454253298306,
    0.509659450128,0.568478222515,0.630635089558,0.696370529068,
    0.766466386812,0.840152334238,0.917818258663,1.),(0.,1.),
  .UNSPECIFIED.);
#2952 = CARTESIAN_POINT('',(-0.623283142142,0.433887789866,
    4.198999999999));
#2953 = CARTESIAN_POINT('',(-0.623283142142,0.433887789866,4.2));
#2954 = CARTESIAN_POINT('',(-0.623464442884,0.420348449444,4.199));
#2955 = CARTESIAN_POINT('',(-0.623464442884,0.420348449444,4.2));
#2956 = CARTESIAN_POINT('',(-0.623822647194,0.393598144741,4.199));
#2957 = CARTESIAN_POINT('',(-0.623822647194,0.393598144741,4.2));
#2958 = CARTESIAN_POINT('',(-0.627803974672,0.354302702977,
    4.198999999999));
#2959 = CARTESIAN_POINT('',(-0.627803974672,0.354302702977,4.2));
#2960 = CARTESIAN_POINT('',(-0.633332930311,0.316255261847,
    4.198999999999));
#2961 = CARTESIAN_POINT('',(-0.633332930311,0.316255261847,4.2));
#2962 = CARTESIAN_POINT('',(-0.641617647052,0.27964655856,4.198999999999
    ));
#2963 = CARTESIAN_POINT('',(-0.641617647052,0.27964655856,4.2));
#2964 = CARTESIAN_POINT('',(-0.652541629756,0.244434717357,
    4.198999999999));
#2965 = CARTESIAN_POINT('',(-0.652541629756,0.244434717357,
    4.199999999999));
#2966 = CARTESIAN_POINT('',(-0.665689921132,0.21060484602,4.199));
#2967 = CARTESIAN_POINT('',(-0.665689921132,0.21060484602,4.2));
#2968 = CARTESIAN_POINT('',(-0.681163916261,0.178214572824,
    4.198999999999));
#2969 = CARTESIAN_POINT('',(-0.681163916261,0.178214572824,4.2));
#2970 = CARTESIAN_POINT('',(-0.699094487003,0.146949382703,
    4.198999999999));
#2971 = CARTESIAN_POINT('',(-0.699094487003,0.146949382703,
    4.199999999999));
#2972 = CARTESIAN_POINT('',(-0.719999959639,0.116342722172,
    4.198999999999));
#2973 = CARTESIAN_POINT('',(-0.719999959639,0.116342722172,4.2));
#2974 = CARTESIAN_POINT('',(-0.744012437597,8.5742060506E-02,
    4.198999999999));
#2975 = CARTESIAN_POINT('',(-0.744012437597,8.5742060506E-02,4.2));
#2976 = CARTESIAN_POINT('',(-0.771667448638,5.5252173576E-02,4.199));
#2977 = CARTESIAN_POINT('',(-0.771667448638,5.5252173576E-02,4.2));
#2978 = CARTESIAN_POINT('',(-0.802317618475,2.418568788E-02,
    4.198999999999));
#2979 = CARTESIAN_POINT('',(-0.802317618475,2.418568788E-02,
    4.199999999999));
#2980 = CARTESIAN_POINT('',(-0.83659687792,-6.774822801E-03,
    4.198999999999));
#2981 = CARTESIAN_POINT('',(-0.83659687792,-6.774822801E-03,4.2));
#2982 = CARTESIAN_POINT('',(-0.874201275292,-3.7876678391E-02,
    4.198999999999));
#2983 = CARTESIAN_POINT('',(-0.874201275292,-3.7876678391E-02,
    4.199999999999));
#2984 = CARTESIAN_POINT('',(-0.914761626745,-6.9576440325E-02,
    4.198999999999));
#2985 = CARTESIAN_POINT('',(-0.914761626745,-6.9576440325E-02,4.2));
#2986 = CARTESIAN_POINT('',(-0.943683996944,-8.9689340623E-02,4.199));
#2987 = CARTESIAN_POINT('',(-0.943683996944,-8.9689340623E-02,4.2));
#2988 = CARTESIAN_POINT('',(-0.958553721411,-0.10002989306,
    4.198999999999));
#2989 = CARTESIAN_POINT('',(-0.958553721411,-0.10002989306,4.2));
#2990 = ADVANCED_FACE('',(#2991),#3025,.T.);
#2991 = FACE_BOUND('',#2992,.T.);
#2992 = EDGE_LOOP('',(#2993,#2994,#2995,#3019));
#2993 = ORIENTED_EDGE('',*,*,#585,.F.);
#2994 = ORIENTED_EDGE('',*,*,#2946,.F.);
#2995 = ORIENTED_EDGE('',*,*,#2996,.T.);
#2996 = EDGE_CURVE('',#2923,#2997,#2999,.T.);
#2997 = VERTEX_POINT('',#2998);
#2998 = CARTESIAN_POINT('',(-1.322978264094,-0.51790336867,
    4.198999999999));
#2999 = B_SPLINE_CURVE_WITH_KNOTS('',3,(#3000,#3001,#3002,#3003,#3004,
    #3005,#3006,#3007,#3008,#3009,#3010,#3011,#3012,#3013,#3014,#3015,
    #3016,#3017,#3018),.UNSPECIFIED.,.F.,.F.,(4,1,1,1,1,1,1,1,1,1,1,1,1,
    1,1,1,4),(0.,9.4117563362E-02,0.181014635352,0.259725157265,
    0.330541192163,0.394164029876,0.450008890076,0.497997598119,
    0.538163229728,0.607477229205,0.67057959466,0.727603929465,
    0.779215356773,0.829143152911,0.882179650141,0.938867052006,1.),
  .UNSPECIFIED.);
#3000 = CARTESIAN_POINT('',(-0.958553721411,-0.10002989306,
    4.198999999999));
#3001 = CARTESIAN_POINT('',(-0.973537057042,-0.110378737433,
    4.198999999999));
#3002 = CARTESIAN_POINT('',(-1.002354239922,-0.130282485721,
    4.198999999999));
#3003 = CARTESIAN_POINT('',(-1.043299845914,-0.159415199778,
    4.198999999999));
#3004 = CARTESIAN_POINT('',(-1.080551450627,-0.185960776264,
    4.198999999999));
#3005 = CARTESIAN_POINT('',(-1.113869307479,-0.210268517103,
    4.198999999999));
#3006 = CARTESIAN_POINT('',(-1.143129926777,-0.232612758161,4.199));
#3007 = CARTESIAN_POINT('',(-1.168943604923,-0.252193545909,
    4.198999999999));
#3008 = CARTESIAN_POINT('',(-1.19070130925,-0.269601717113,
    4.198999999999));
#3009 = CARTESIAN_POINT('',(-1.213903927828,-0.289354715072,4.199));
#3010 = CARTESIAN_POINT('',(-1.238132902676,-0.312369656932,
    4.198999999999));
#3011 = CARTESIAN_POINT('',(-1.262929807441,-0.339417343414,
    4.198999999999));
#3012 = CARTESIAN_POINT('',(-1.282901025216,-0.366050643603,
    4.198999999999));
#3013 = CARTESIAN_POINT('',(-1.298334145522,-0.392677508205,
    4.198999999999));
#3014 = CARTESIAN_POINT('',(-1.309418396719,-0.420545187311,
    4.198999999999));
#3015 = CARTESIAN_POINT('',(-1.317514213344,-0.450429972506,4.199));
#3016 = CARTESIAN_POINT('',(-1.321919962495,-0.483284535977,
    4.198999999999));
#3017 = CARTESIAN_POINT('',(-1.322616733474,-0.506077091512,
    4.198999999999));
#3018 = CARTESIAN_POINT('',(-1.322978264094,-0.51790336867,
    4.198999999999));
#3019 = ORIENTED_EDGE('',*,*,#3020,.T.);
#3020 = EDGE_CURVE('',#2997,#586,#3021,.T.);
#3021 = LINE('',#3022,#3023);
#3022 = CARTESIAN_POINT('',(-1.322978264094,-0.51790336867,
    4.198999999999));
#3023 = VECTOR('',#3024,1.);
#3024 = DIRECTION('',(0.,0.,1.));
#3025 = B_SPLINE_SURFACE_WITH_KNOTS('',3,1,(
    (#3026,#3027)
    ,(#3028,#3029)
    ,(#3030,#3031)
    ,(#3032,#3033)
    ,(#3034,#3035)
    ,(#3036,#3037)
    ,(#3038,#3039)
    ,(#3040,#3041)
    ,(#3042,#3043)
    ,(#3044,#3045)
    ,(#3046,#3047)
    ,(#3048,#3049)
    ,(#3050,#3051)
    ,(#3052,#3053)
    ,(#3054,#3055)
    ,(#3056,#3057)
    ,(#3058,#3059)
    ,(#3060,#3061)
    ,(#3062,#3063
    )),.UNSPECIFIED.,.F.,.F.,.F.,(4,1,1,1,1,1,1,1,1,1,1,1,1,1,1,1,4),(2,
    2),(0.,9.4117563362E-02,0.181014635352,0.259725157265,0.330541192163
    ,0.394164029876,0.450008890076,0.497997598119,0.538163229728,
    0.607477229205,0.67057959466,0.727603929465,0.779215356773,
    0.829143152911,0.882179650141,0.938867052006,1.),(0.,1.),
  .UNSPECIFIED.);
#3026 = CARTESIAN_POINT('',(-0.958553721411,-0.10002989306,
    4.198999999999));
#3027 = CARTESIAN_POINT('',(-0.958553721411,-0.10002989306,4.2));
#3028 = CARTESIAN_POINT('',(-0.973537057042,-0.110378737433,
    4.198999999999));
#3029 = CARTESIAN_POINT('',(-0.973537057042,-0.110378737433,
    4.199999999999));
#3030 = CARTESIAN_POINT('',(-1.002354239922,-0.130282485721,
    4.198999999999));
#3031 = CARTESIAN_POINT('',(-1.002354239922,-0.130282485721,4.2));
#3032 = CARTESIAN_POINT('',(-1.043299845914,-0.159415199778,
    4.198999999999));
#3033 = CARTESIAN_POINT('',(-1.043299845914,-0.159415199778,4.2));
#3034 = CARTESIAN_POINT('',(-1.080551450627,-0.185960776264,
    4.198999999999));
#3035 = CARTESIAN_POINT('',(-1.080551450627,-0.185960776264,4.2));
#3036 = CARTESIAN_POINT('',(-1.113869307479,-0.210268517103,
    4.198999999999));
#3037 = CARTESIAN_POINT('',(-1.113869307479,-0.210268517103,4.2));
#3038 = CARTESIAN_POINT('',(-1.143129926777,-0.232612758161,4.199));
#3039 = CARTESIAN_POINT('',(-1.143129926777,-0.232612758161,4.2));
#3040 = CARTESIAN_POINT('',(-1.168943604923,-0.252193545909,
    4.198999999999));
#3041 = CARTESIAN_POINT('',(-1.168943604923,-0.252193545909,4.2));
#3042 = CARTESIAN_POINT('',(-1.19070130925,-0.269601717113,
    4.198999999999));
#3043 = CARTESIAN_POINT('',(-1.19070130925,-0.269601717113,
    4.199999999999));
#3044 = CARTESIAN_POINT('',(-1.213903927828,-0.289354715072,4.199));
#3045 = CARTESIAN_POINT('',(-1.213903927828,-0.289354715072,4.2));
#3046 = CARTESIAN_POINT('',(-1.238132902676,-0.312369656932,
    4.198999999999));
#3047 = CARTESIAN_POINT('',(-1.238132902676,-0.312369656932,4.2));
#3048 = CARTESIAN_POINT('',(-1.262929807441,-0.339417343414,
    4.198999999999));
#3049 = CARTESIAN_POINT('',(-1.262929807441,-0.339417343414,
    4.199999999999));
#3050 = CARTESIAN_POINT('',(-1.282901025216,-0.366050643603,
    4.198999999999));
#3051 = CARTESIAN_POINT('',(-1.282901025216,-0.366050643603,4.2));
#3052 = CARTESIAN_POINT('',(-1.298334145522,-0.392677508205,
    4.198999999999));
#3053 = CARTESIAN_POINT('',(-1.298334145522,-0.392677508205,
    4.199999999999));
#3054 = CARTESIAN_POINT('',(-1.309418396719,-0.420545187311,
    4.198999999999));
#3055 = CARTESIAN_POINT('',(-1.309418396719,-0.420545187311,4.2));
#3056 = CARTESIAN_POINT('',(-1.317514213344,-0.450429972506,4.199));
#3057 = CARTESIAN_POINT('',(-1.317514213344,-0.450429972506,4.2));
#3058 = CARTESIAN_POINT('',(-1.321919962495,-0.483284535977,
    4.198999999999));
#3059 = CARTESIAN_POINT('',(-1.321919962495,-0.483284535977,
    4.199999999999));
#3060 = CARTESIAN_POINT('',(-1.322616733474,-0.506077091512,
    4.198999999999));
#3061 = CARTESIAN_POINT('',(-1.322616733474,-0.506077091512,
    4.199999999999));
#3062 = CARTESIAN_POINT('',(-1.322978264094,-0.51790336867,
    4.198999999999));
#3063 = CARTESIAN_POINT('',(-1.322978264094,-0.51790336867,4.2));
#3064 = ADVANCED_FACE('',(#3065),#3083,.T.);
#3065 = FACE_BOUND('',#3066,.T.);
#3066 = EDGE_LOOP('',(#3067,#3068,#3069,#3077));
#3067 = ORIENTED_EDGE('',*,*,#609,.F.);
#3068 = ORIENTED_EDGE('',*,*,#3020,.F.);
#3069 = ORIENTED_EDGE('',*,*,#3070,.T.);
#3070 = EDGE_CURVE('',#2997,#3071,#3073,.T.);
#3071 = VERTEX_POINT('',#3072);
#3072 = CARTESIAN_POINT('',(-0.586697776289,-0.51790336867,
    4.198999999999));
#3073 = LINE('',#3074,#3075);
#3074 = CARTESIAN_POINT('',(-1.322978264094,-0.51790336867,
    4.198999999999));
#3075 = VECTOR('',#3076,1.);
#3076 = DIRECTION('',(1.,0.,0.));
#3077 = ORIENTED_EDGE('',*,*,#3078,.T.);
#3078 = EDGE_CURVE('',#3071,#610,#3079,.T.);
#3079 = LINE('',#3080,#3081);
#3080 = CARTESIAN_POINT('',(-0.586697776289,-0.51790336867,
    4.198999999999));
#3081 = VECTOR('',#3082,1.);
#3082 = DIRECTION('',(0.,0.,1.));
#3083 = PLANE('',#3084);
#3084 = AXIS2_PLACEMENT_3D('',#3085,#3086,#3087);
#3085 = CARTESIAN_POINT('',(-1.322978264094,-0.51790336867,
    4.198999999999));
#3086 = DIRECTION('',(0.,-1.,0.));
#3087 = DIRECTION('',(0.,0.,-1.));
#3088 = ADVANCED_FACE('',(#3089),#3107,.T.);
#3089 = FACE_BOUND('',#3090,.T.);
#3090 = EDGE_LOOP('',(#3091,#3092,#3093,#3101));
#3091 = ORIENTED_EDGE('',*,*,#617,.F.);
#3092 = ORIENTED_EDGE('',*,*,#3078,.F.);
#3093 = ORIENTED_EDGE('',*,*,#3094,.T.);
#3094 = EDGE_CURVE('',#3071,#3095,#3097,.T.);
#3095 = VERTEX_POINT('',#3096);
#3096 = CARTESIAN_POINT('',(-0.586697776289,-0.682537515011,
    4.198999999999));
#3097 = LINE('',#3098,#3099);
#3098 = CARTESIAN_POINT('',(-0.586697776289,-0.51790336867,
    4.198999999999));
#3099 = VECTOR('',#3100,1.);
#3100 = DIRECTION('',(0.,-1.,0.));
#3101 = ORIENTED_EDGE('',*,*,#3102,.T.);
#3102 = EDGE_CURVE('',#3095,#618,#3103,.T.);
#3103 = LINE('',#3104,#3105);
#3104 = CARTESIAN_POINT('',(-0.586697776289,-0.682537515011,
    4.198999999999));
#3105 = VECTOR('',#3106,1.);
#3106 = DIRECTION('',(0.,0.,1.));
#3107 = PLANE('',#3108);
#3108 = AXIS2_PLACEMENT_3D('',#3109,#3110,#3111);
#3109 = CARTESIAN_POINT('',(-0.586697776289,-0.51790336867,
    4.198999999999));
#3110 = DIRECTION('',(-1.,0.,0.));
#3111 = DIRECTION('',(0.,0.,1.));
#3112 = ADVANCED_FACE('',(#3113),#3131,.T.);
#3113 = FACE_BOUND('',#3114,.T.);
#3114 = EDGE_LOOP('',(#3115,#3116,#3117,#3125));
#3115 = ORIENTED_EDGE('',*,*,#625,.F.);
#3116 = ORIENTED_EDGE('',*,*,#3102,.F.);
#3117 = ORIENTED_EDGE('',*,*,#3118,.T.);
#3118 = EDGE_CURVE('',#3095,#3119,#3121,.T.);
#3119 = VERTEX_POINT('',#3120);
#3120 = CARTESIAN_POINT('',(-1.519624605557,-0.682537515011,
    4.198999999999));
#3121 = LINE('',#3122,#3123);
#3122 = CARTESIAN_POINT('',(-0.586697776289,-0.682537515011,
    4.198999999999));
#3123 = VECTOR('',#3124,1.);
#3124 = DIRECTION('',(-1.,0.,0.));
#3125 = ORIENTED_EDGE('',*,*,#3126,.T.);
#3126 = EDGE_CURVE('',#3119,#626,#3127,.T.);
#3127 = LINE('',#3128,#3129);
#3128 = CARTESIAN_POINT('',(-1.519624605557,-0.682537515011,
    4.198999999999));
#3129 = VECTOR('',#3130,1.);
#3130 = DIRECTION('',(0.,0.,1.));
#3131 = PLANE('',#3132);
#3132 = AXIS2_PLACEMENT_3D('',#3133,#3134,#3135);
#3133 = CARTESIAN_POINT('',(-0.586697776289,-0.682537515011,
    4.198999999999));
#3134 = DIRECTION('',(0.,1.,0.));
#3135 = DIRECTION('',(0.,0.,1.));
#3136 = ADVANCED_FACE('',(#3137),#3155,.T.);
#3137 = FACE_BOUND('',#3138,.T.);
#3138 = EDGE_LOOP('',(#3139,#3140,#3141,#3149));
#3139 = ORIENTED_EDGE('',*,*,#633,.F.);
#3140 = ORIENTED_EDGE('',*,*,#3126,.F.);
#3141 = ORIENTED_EDGE('',*,*,#3142,.T.);
#3142 = EDGE_CURVE('',#3119,#3143,#3145,.T.);
#3143 = VERTEX_POINT('',#3144);
#3144 = CARTESIAN_POINT('',(-1.519624605557,-0.608223490621,
    4.198999999999));
#3145 = LINE('',#3146,#3147);
#3146 = CARTESIAN_POINT('',(-1.519624605557,-0.682537515011,
    4.198999999999));
#3147 = VECTOR('',#3148,1.);
#3148 = DIRECTION('',(0.,1.,0.));
#3149 = ORIENTED_EDGE('',*,*,#3150,.T.);
#3150 = EDGE_CURVE('',#3143,#424,#3151,.T.);
#3151 = LINE('',#3152,#3153);
#3152 = CARTESIAN_POINT('',(-1.519624605557,-0.608223490621,
    4.198999999999));
#3153 = VECTOR('',#3154,1.);
#3154 = DIRECTION('',(0.,0.,1.));
#3155 = PLANE('',#3156);
#3156 = AXIS2_PLACEMENT_3D('',#3157,#3158,#3159);
#3157 = CARTESIAN_POINT('',(-1.519624605557,-0.682537515011,
    4.198999999999));
#3158 = DIRECTION('',(1.,0.,0.));
#3159 = DIRECTION('',(0.,0.,-1.));
#3160 = ADVANCED_FACE('',(#3161),#3188,.T.);
#3161 = FACE_BOUND('',#3162,.T.);
#3162 = EDGE_LOOP('',(#3163,#3164,#3165,#3187));
#3163 = ORIENTED_EDGE('',*,*,#423,.F.);
#3164 = ORIENTED_EDGE('',*,*,#3150,.F.);
#3165 = ORIENTED_EDGE('',*,*,#3166,.T.);
#3166 = EDGE_CURVE('',#3143,#2569,#3167,.T.);
#3167 = B_SPLINE_CURVE_WITH_KNOTS('',3,(#3168,#3169,#3170,#3171,#3172,
    #3173,#3174,#3175,#3176,#3177,#3178,#3179,#3180,#3181,#3182,#3183,
    #3184,#3185,#3186),.UNSPECIFIED.,.F.,.F.,(4,1,1,1,1,1,1,1,1,1,1,1,1,
    1,1,1,4),(0.,8.1358462719E-02,0.157158416669,0.22726263074,
    0.292665763214,0.357039133308,0.424764165763,0.49550426326,
    0.570614939055,0.611150275168,0.655432632097,0.703226099241,
    0.755132330953,0.81060363101,0.869726631125,0.933055712686,1.),
  .UNSPECIFIED.);
#3168 = CARTESIAN_POINT('',(-1.519624605557,-0.608223490621,
    4.198999999999));
#3169 = CARTESIAN_POINT('',(-1.519186168145,-0.587532260178,4.199));
#3170 = CARTESIAN_POINT('',(-1.518339247897,-0.547563449231,
    4.198999999999));
#3171 = CARTESIAN_POINT('',(-1.511873690714,-0.490035742743,4.199));
#3172 = CARTESIAN_POINT('',(-1.50077751872,-0.437380954861,
    4.198999999999));
#3173 = CARTESIAN_POINT('',(-1.485245959273,-0.38886452375,4.199));
#3174 = CARTESIAN_POINT('',(-1.464006710906,-0.343217787067,
    4.198999999999));
#3175 = CARTESIAN_POINT('',(-1.437254259419,-0.299029216105,
    4.198999999999));
#3176 = CARTESIAN_POINT('',(-1.405022367001,-0.255209875649,
    4.198999999999));
#3177 = CARTESIAN_POINT('',(-1.373240859528,-0.219980780885,4.199));
#3178 = CARTESIAN_POINT('',(-1.344822589172,-0.190873252016,
    4.198999999999));
#3179 = CARTESIAN_POINT('',(-1.319780220287,-0.168270290752,
    4.198999999999));
#3180 = CARTESIAN_POINT('',(-1.292337681486,-0.144030293626,
    4.198999999999));
#3181 = CARTESIAN_POINT('',(-1.261714606889,-0.119135414789,
    4.198999999999));
#3182 = CARTESIAN_POINT('',(-1.228627220701,-9.2716943247E-02,4.199));
#3183 = CARTESIAN_POINT('',(-1.192444036747,-6.554358377E-02,
    4.198999999999));
#3184 = CARTESIAN_POINT('',(-1.15336465597,-3.7392958256E-02,
    4.198999999999));
#3185 = CARTESIAN_POINT('',(-1.126256700396,-1.835144487E-02,
    4.198999999999));
#3186 = CARTESIAN_POINT('',(-1.112326587264,-8.566478426E-03,
    4.198999999999));
#3187 = ORIENTED_EDGE('',*,*,#2568,.T.);
#3188 = B_SPLINE_SURFACE_WITH_KNOTS('',3,1,(
    (#3189,#3190)
    ,(#3191,#3192)
    ,(#3193,#3194)
    ,(#3195,#3196)
    ,(#3197,#3198)
    ,(#3199,#3200)
    ,(#3201,#3202)
    ,(#3203,#3204)
    ,(#3205,#3206)
    ,(#3207,#3208)
    ,(#3209,#3210)
    ,(#3211,#3212)
    ,(#3213,#3214)
    ,(#3215,#3216)
    ,(#3217,#3218)
    ,(#3219,#3220)
    ,(#3221,#3222)
    ,(#3223,#3224)
    ,(#3225,#3226
    )),.UNSPECIFIED.,.F.,.F.,.F.,(4,1,1,1,1,1,1,1,1,1,1,1,1,1,1,1,4),(2,
    2),(0.,8.1358462719E-02,0.157158416669,0.22726263074,0.292665763214,
    0.357039133308,0.424764165763,0.49550426326,0.570614939055,
    0.611150275168,0.655432632097,0.703226099241,0.755132330953,
    0.81060363101,0.869726631125,0.933055712686,1.),(0.,1.),
  .UNSPECIFIED.);
#3189 = CARTESIAN_POINT('',(-1.519624605557,-0.608223490621,
    4.198999999999));
#3190 = CARTESIAN_POINT('',(-1.519624605557,-0.608223490621,4.2));
#3191 = CARTESIAN_POINT('',(-1.519186168145,-0.587532260178,4.199));
#3192 = CARTESIAN_POINT('',(-1.519186168145,-0.587532260178,4.2));
#3193 = CARTESIAN_POINT('',(-1.518339247897,-0.547563449231,
    4.198999999999));
#3194 = CARTESIAN_POINT('',(-1.518339247897,-0.547563449231,
    4.199999999999));
#3195 = CARTESIAN_POINT('',(-1.511873690714,-0.490035742743,4.199));
#3196 = CARTESIAN_POINT('',(-1.511873690714,-0.490035742743,4.2));
#3197 = CARTESIAN_POINT('',(-1.50077751872,-0.437380954861,
    4.198999999999));
#3198 = CARTESIAN_POINT('',(-1.50077751872,-0.437380954861,4.2));
#3199 = CARTESIAN_POINT('',(-1.485245959273,-0.38886452375,4.199));
#3200 = CARTESIAN_POINT('',(-1.485245959273,-0.38886452375,4.2));
#3201 = CARTESIAN_POINT('',(-1.464006710906,-0.343217787067,
    4.198999999999));
#3202 = CARTESIAN_POINT('',(-1.464006710906,-0.343217787067,4.2));
#3203 = CARTESIAN_POINT('',(-1.437254259419,-0.299029216105,
    4.198999999999));
#3204 = CARTESIAN_POINT('',(-1.437254259419,-0.299029216105,
    4.199999999999));
#3205 = CARTESIAN_POINT('',(-1.405022367001,-0.255209875649,
    4.198999999999));
#3206 = CARTESIAN_POINT('',(-1.405022367001,-0.255209875649,4.2));
#3207 = CARTESIAN_POINT('',(-1.373240859528,-0.219980780885,4.199));
#3208 = CARTESIAN_POINT('',(-1.373240859528,-0.219980780885,4.2));
#3209 = CARTESIAN_POINT('',(-1.344822589172,-0.190873252016,
    4.198999999999));
#3210 = CARTESIAN_POINT('',(-1.344822589172,-0.190873252016,
    4.199999999999));
#3211 = CARTESIAN_POINT('',(-1.319780220287,-0.168270290752,
    4.198999999999));
#3212 = CARTESIAN_POINT('',(-1.319780220287,-0.168270290752,4.2));
#3213 = CARTESIAN_POINT('',(-1.292337681486,-0.144030293626,
    4.198999999999));
#3214 = CARTESIAN_POINT('',(-1.292337681486,-0.144030293626,4.2));
#3215 = CARTESIAN_POINT('',(-1.261714606889,-0.119135414789,
    4.198999999999));
#3216 = CARTESIAN_POINT('',(-1.261714606889,-0.119135414789,
    4.199999999999));
#3217 = CARTESIAN_POINT('',(-1.228627220701,-9.2716943247E-02,4.199));
#3218 = CARTESIAN_POINT('',(-1.228627220701,-9.2716943247E-02,4.2));
#3219 = CARTESIAN_POINT('',(-1.192444036747,-6.554358377E-02,
    4.198999999999));
#3220 = CARTESIAN_POINT('',(-1.192444036747,-6.554358377E-02,
    4.199999999999));
#3221 = CARTESIAN_POINT('',(-1.15336465597,-3.7392958256E-02,
    4.198999999999));
#3222 = CARTESIAN_POINT('',(-1.15336465597,-3.7392958256E-02,4.2));
#3223 = CARTESIAN_POINT('',(-1.126256700396,-1.835144487E-02,
    4.198999999999));
#3224 = CARTESIAN_POINT('',(-1.126256700396,-1.835144487E-02,4.2));
#3225 = CARTESIAN_POINT('',(-1.112326587264,-8.566478426E-03,
    4.198999999999));
#3226 = CARTESIAN_POINT('',(-1.112326587264,-8.566478426E-03,4.2));
#3227 = ADVANCED_FACE('',(#3228),#3243,.F.);
#3228 = FACE_BOUND('',#3229,.T.);
#3229 = EDGE_LOOP('',(#3230,#3231,#3232,#3233,#3234,#3235,#3236,#3237,
    #3238,#3239,#3240,#3241,#3242));
#3230 = ORIENTED_EDGE('',*,*,#2576,.F.);
#3231 = ORIENTED_EDGE('',*,*,#3166,.F.);
#3232 = ORIENTED_EDGE('',*,*,#3142,.F.);
#3233 = ORIENTED_EDGE('',*,*,#3118,.F.);
#3234 = ORIENTED_EDGE('',*,*,#3094,.F.);
#3235 = ORIENTED_EDGE('',*,*,#3070,.F.);
#3236 = ORIENTED_EDGE('',*,*,#2996,.F.);
#3237 = ORIENTED_EDGE('',*,*,#2922,.F.);
#3238 = ORIENTED_EDGE('',*,*,#2848,.F.);
#3239 = ORIENTED_EDGE('',*,*,#2798,.F.);
#3240 = ORIENTED_EDGE('',*,*,#2774,.F.);
#3241 = ORIENTED_EDGE('',*,*,#2724,.F.);
#3242 = ORIENTED_EDGE('',*,*,#2650,.F.);
#3243 = PLANE('',#3244);
#3244 = AXIS2_PLACEMENT_3D('',#3245,#3246,#3247);
#3245 = CARTESIAN_POINT('',(-0.902136975978,0.168191364872,
    4.198999999999));
#3246 = DIRECTION('',(0.,0.,-1.));
#3247 = DIRECTION('',(-1.,0.,0.));
#3248 = ADVANCED_FACE('',(#3249),#3259,.T.);
#3249 = FACE_BOUND('',#3250,.T.);
#3250 = EDGE_LOOP('',(#3251,#3252,#3253,#3254,#3255,#3256,#3257,#3258));
#3251 = ORIENTED_EDGE('',*,*,#744,.F.);
#3252 = ORIENTED_EDGE('',*,*,#1273,.T.);
#3253 = ORIENTED_EDGE('',*,*,#1394,.F.);
#3254 = ORIENTED_EDGE('',*,*,#1378,.T.);
#3255 = ORIENTED_EDGE('',*,*,#798,.T.);
#3256 = ORIENTED_EDGE('',*,*,#986,.T.);
#3257 = ORIENTED_EDGE('',*,*,#1563,.T.);
#3258 = ORIENTED_EDGE('',*,*,#1214,.T.);
#3259 = PLANE('',#3260);
#3260 = AXIS2_PLACEMENT_3D('',#3261,#3262,#3263);
#3261 = CARTESIAN_POINT('',(5.15,-0.523160835014,1.823160835014));
#3262 = DIRECTION('',(1.,-2.170816836532E-14,-7.811998067868E-14));
#3263 = DIRECTION('',(7.811998067868E-14,0.,1.));
#3264 = ( GEOMETRIC_REPRESENTATION_CONTEXT(3) 
GLOBAL_UNCERTAINTY_ASSIGNED_CONTEXT((#3268)) 
GLOBAL_UNIT_ASSIGNED_CONTEXT((#3265,#3266,#3267)) REPRESENTATION_CONTEXT
('Context #1','3D Context with UNIT and UNCERTAINTY') );
#3265 = ( LENGTH_UNIT() NAMED_UNIT(*) SI_UNIT(.MILLI.,.METRE.) );
#3266 = ( NAMED_UNIT(*) PLANE_ANGLE_UNIT() SI_UNIT($,.RADIAN.) );
#3267 = ( NAMED_UNIT(*) SI_UNIT($,.STERADIAN.) SOLID_ANGLE_UNIT() );
#3268 = UNCERTAINTY_MEASURE_WITH_UNIT(LENGTH_MEASURE(1.E-07),#3265,
  'distance_accuracy_value','confusion accuracy');
#3269 = CONTEXT_DEPENDENT_SHAPE_REPRESENTATION(#3270,#3272);
#3270 = ( REPRESENTATION_RELATIONSHIP('','',#40,#10) 
REPRESENTATION_RELATIONSHIP_WITH_TRANSFORMATION(#3271) 
SHAPE_REPRESENTATION_RELATIONSHIP() );
#3271 = ITEM_DEFINED_TRANSFORMATION('','',#11,#15);
#3272 = PRODUCT_DEFINITION_SHAPE('Placement','Placement of an item',
  #3273);
#3273 = NEXT_ASSEMBLY_USAGE_OCCURRENCE('1','Shell','',#5,#35,$);
#3274 = PRODUCT_RELATED_PRODUCT_CATEGORY('part',$,(#37));
#3275 = SHAPE_DEFINITION_REPRESENTATION(#3276,#3282);
#3276 = PRODUCT_DEFINITION_SHAPE('','',#3277);
#3277 = PRODUCT_DEFINITION('design','',#3278,#3281);
#3278 = PRODUCT_DEFINITION_FORMATION('','',#3279);
#3279 = PRODUCT(
  'IND-SMD_L10.5-W10.3_SLD10D50~IND-SMD_L10.5-W10.3-H5.0_SLD10D50~TWaD',
  'IND-SMD_L10.5-W10.3_SLD10D50~IND-SMD_L10.5-W10.3-H5.0_SLD10D50~TWaD',
  '',(#3280));
#3280 = PRODUCT_CONTEXT('',#2,'mechanical');
#3281 = PRODUCT_DEFINITION_CONTEXT('part definition',#2,'design');
#3282 = ADVANCED_BREP_SHAPE_REPRESENTATION('',(#11,#3283),#4828);
#3283 = MANIFOLD_SOLID_BREP('',#3284);
#3284 = CLOSED_SHELL('',(#3285,#3325,#3397,#3463,#3543,#3650,#3713,#3776
    ,#3812,#3845,#3881,#3923,#3999,#4036,#4106,#4227,#4283,#4353,#4474,
    #4530,#4552,#4569,#4581,#4593,#4605,#4636,#4656,#4676,#4688,#4726,
    #4777));
#3285 = ADVANCED_FACE('',(#3286),#3320,.F.);
#3286 = FACE_BOUND('',#3287,.T.);
#3287 = EDGE_LOOP('',(#3288,#3298,#3306,#3314));
#3288 = ORIENTED_EDGE('',*,*,#3289,.T.);
#3289 = EDGE_CURVE('',#3290,#3292,#3294,.T.);
#3290 = VERTEX_POINT('',#3291);
#3291 = CARTESIAN_POINT('',(-1.499999999999,4.05,4.099999999999));
#3292 = VERTEX_POINT('',#3293);
#3293 = CARTESIAN_POINT('',(-0.371124728864,4.05,4.099999999999));
#3294 = LINE('',#3295,#3296);
#3295 = CARTESIAN_POINT('',(-1.499999999999,4.05,4.099999999999));
#3296 = VECTOR('',#3297,1.);
#3297 = DIRECTION('',(1.,0.,0.));
#3298 = ORIENTED_EDGE('',*,*,#3299,.T.);
#3299 = EDGE_CURVE('',#3292,#3300,#3302,.T.);
#3300 = VERTEX_POINT('',#3301);
#3301 = CARTESIAN_POINT('',(-0.371124728864,4.05,4.2));
#3302 = LINE('',#3303,#3304);
#3303 = CARTESIAN_POINT('',(-0.371124728864,4.05,4.099999999999));
#3304 = VECTOR('',#3305,1.);
#3305 = DIRECTION('',(0.,0.,1.));
#3306 = ORIENTED_EDGE('',*,*,#3307,.F.);
#3307 = EDGE_CURVE('',#3308,#3300,#3310,.T.);
#3308 = VERTEX_POINT('',#3309);
#3309 = CARTESIAN_POINT('',(-1.499999999999,4.05,4.2));
#3310 = LINE('',#3311,#3312);
#3311 = CARTESIAN_POINT('',(-1.499999999999,4.05,4.2));
#3312 = VECTOR('',#3313,1.);
#3313 = DIRECTION('',(1.,0.,0.));
#3314 = ORIENTED_EDGE('',*,*,#3315,.T.);
#3315 = EDGE_CURVE('',#3308,#3290,#3316,.T.);
#3316 = LINE('',#3317,#3318);
#3317 = CARTESIAN_POINT('',(-1.499999999999,4.05,4.2));
#3318 = VECTOR('',#3319,1.);
#3319 = DIRECTION('',(0.,0.,-1.));
#3320 = PLANE('',#3321);
#3321 = AXIS2_PLACEMENT_3D('',#3322,#3323,#3324);
#3322 = CARTESIAN_POINT('',(-1.499999999999,4.05,4.2));
#3323 = DIRECTION('',(0.,1.,0.));
#3324 = DIRECTION('',(0.,0.,-1.));
#3325 = ADVANCED_FACE('',(#3326),#3392,.T.);
#3326 = FACE_BOUND('',#3327,.T.);
#3327 = EDGE_LOOP('',(#3328,#3338,#3346,#3354,#3362,#3370,#3378,#3386));
#3328 = ORIENTED_EDGE('',*,*,#3329,.F.);
#3329 = EDGE_CURVE('',#3330,#3332,#3334,.T.);
#3330 = VERTEX_POINT('',#3331);
#3331 = CARTESIAN_POINT('',(1.5,5.15,4.099999999999));
#3332 = VERTEX_POINT('',#3333);
#3333 = CARTESIAN_POINT('',(1.5,5.15,2.95));
#3334 = LINE('',#3335,#3336);
#3335 = CARTESIAN_POINT('',(1.5,5.15,-0.75));
#3336 = VECTOR('',#3337,1.);
#3337 = DIRECTION('',(0.,0.,-1.));
#3338 = ORIENTED_EDGE('',*,*,#3339,.T.);
#3339 = EDGE_CURVE('',#3330,#3340,#3342,.T.);
#3340 = VERTEX_POINT('',#3341);
#3341 = CARTESIAN_POINT('',(-1.499999999999,5.15,4.099999999999));
#3342 = LINE('',#3343,#3344);
#3343 = CARTESIAN_POINT('',(-1.499999999999,5.15,4.099999999999));
#3344 = VECTOR('',#3345,1.);
#3345 = DIRECTION('',(-1.,0.,0.));
#3346 = ORIENTED_EDGE('',*,*,#3347,.F.);
#3347 = EDGE_CURVE('',#3348,#3340,#3350,.T.);
#3348 = VERTEX_POINT('',#3349);
#3349 = CARTESIAN_POINT('',(-1.499999999999,5.15,-0.699999999999));
#3350 = LINE('',#3351,#3352);
#3351 = CARTESIAN_POINT('',(-1.499999999999,5.15,-0.75));
#3352 = VECTOR('',#3353,1.);
#3353 = DIRECTION('',(0.,0.,1.));
#3354 = ORIENTED_EDGE('',*,*,#3355,.F.);
#3355 = EDGE_CURVE('',#3356,#3348,#3358,.T.);
#3356 = VERTEX_POINT('',#3357);
#3357 = CARTESIAN_POINT('',(1.5,5.15,-0.699999999999));
#3358 = LINE('',#3359,#3360);
#3359 = CARTESIAN_POINT('',(-1.499999999999,5.15,-0.699999999999));
#3360 = VECTOR('',#3361,1.);
#3361 = DIRECTION('',(-1.,0.,0.));
#3362 = ORIENTED_EDGE('',*,*,#3363,.F.);
#3363 = EDGE_CURVE('',#3364,#3356,#3366,.T.);
#3364 = VERTEX_POINT('',#3365);
#3365 = CARTESIAN_POINT('',(1.5,5.15,1.249999999999));
#3366 = LINE('',#3367,#3368);
#3367 = CARTESIAN_POINT('',(1.5,5.15,-0.75));
#3368 = VECTOR('',#3369,1.);
#3369 = DIRECTION('',(0.,0.,-1.));
#3370 = ORIENTED_EDGE('',*,*,#3371,.F.);
#3371 = EDGE_CURVE('',#3372,#3364,#3374,.T.);
#3372 = VERTEX_POINT('',#3373);
#3373 = CARTESIAN_POINT('',(3.149999999999,5.15,1.249999999999));
#3374 = LINE('',#3375,#3376);
#3375 = CARTESIAN_POINT('',(-1.499999999999,5.15,1.249999999999));
#3376 = VECTOR('',#3377,1.);
#3377 = DIRECTION('',(-1.,0.,1.383385484703E-16));
#3378 = ORIENTED_EDGE('',*,*,#3379,.T.);
#3379 = EDGE_CURVE('',#3372,#3380,#3382,.T.);
#3380 = VERTEX_POINT('',#3381);
#3381 = CARTESIAN_POINT('',(3.149999999999,5.15,2.95));
#3382 = LINE('',#3383,#3384);
#3383 = CARTESIAN_POINT('',(3.149999999999,5.15,-0.75));
#3384 = VECTOR('',#3385,1.);
#3385 = DIRECTION('',(0.,0.,1.));
#3386 = ORIENTED_EDGE('',*,*,#3387,.F.);
#3387 = EDGE_CURVE('',#3332,#3380,#3388,.T.);
#3388 = LINE('',#3389,#3390);
#3389 = CARTESIAN_POINT('',(-1.499999999999,5.15,2.95));
#3390 = VECTOR('',#3391,1.);
#3391 = DIRECTION('',(1.,0.,-1.383385484703E-16));
#3392 = PLANE('',#3393);
#3393 = AXIS2_PLACEMENT_3D('',#3394,#3395,#3396);
#3394 = CARTESIAN_POINT('',(-1.499999999999,5.15,-0.75));
#3395 = DIRECTION('',(0.,-1.,0.));
#3396 = DIRECTION('',(0.,0.,1.));
#3397 = ADVANCED_FACE('',(#3398),#3458,.F.);
#3398 = FACE_BOUND('',#3399,.T.);
#3399 = EDGE_LOOP('',(#3400,#3410,#3423,#3431,#3444,#3452));
#3400 = ORIENTED_EDGE('',*,*,#3401,.T.);
#3401 = EDGE_CURVE('',#3402,#3404,#3406,.T.);
#3402 = VERTEX_POINT('',#3403);
#3403 = CARTESIAN_POINT('',(3.220710678118,5.220710678118,2.95));
#3404 = VERTEX_POINT('',#3405);
#3405 = CARTESIAN_POINT('',(3.902607824171,4.538813532065,2.95));
#3406 = LINE('',#3407,#3408);
#3407 = CARTESIAN_POINT('',(3.220710678118,5.220710678118,2.95));
#3408 = VECTOR('',#3409,1.);
#3409 = DIRECTION('',(0.707106781187,-0.707106781187,-9.782012572298E-17
    ));
#3410 = ORIENTED_EDGE('',*,*,#3411,.T.);
#3411 = EDGE_CURVE('',#3404,#3412,#3414,.T.);
#3412 = VERTEX_POINT('',#3413);
#3413 = CARTESIAN_POINT('',(3.659499574168,4.781921782068,2.75));
#3414 = B_SPLINE_CURVE_WITH_KNOTS('',3,(#3415,#3416,#3417,#3418,#3419,
    #3420,#3421,#3422),.UNSPECIFIED.,.F.,.F.,(4,2,2,4),(0.,
    2.16202777E-04,3.24304165E-04,4.32405554E-04),.UNSPECIFIED.);
#3415 = CARTESIAN_POINT('',(3.902607824171,4.538813532065,2.95));
#3416 = CARTESIAN_POINT('',(3.850962569247,4.59045878699,2.949999999999)
  );
#3417 = CARTESIAN_POINT('',(3.799746610673,4.641674745563,2.941346729786
    ));
#3418 = CARTESIAN_POINT('',(3.728397893447,4.71302346279,2.89698463999)
  );
#3419 = CARTESIAN_POINT('',(3.706038181637,4.7353831746,2.876843544227)
  );
#3420 = CARTESIAN_POINT('',(3.671362164542,4.770059191695,2.822450824663
    ));
#3421 = CARTESIAN_POINT('',(3.659499574168,4.781921782068,2.787149442176
    ));
#3422 = CARTESIAN_POINT('',(3.659499574168,4.781921782068,2.75));
#3423 = ORIENTED_EDGE('',*,*,#3424,.T.);
#3424 = EDGE_CURVE('',#3412,#3425,#3427,.T.);
#3425 = VERTEX_POINT('',#3426);
#3426 = CARTESIAN_POINT('',(3.659499574168,4.781921782068,1.449999999999
    ));
#3427 = LINE('',#3428,#3429);
#3428 = CARTESIAN_POINT('',(3.659499574168,4.781921782068,4.329458792186
    ));
#3429 = VECTOR('',#3430,1.);
#3430 = DIRECTION('',(-7.264520538095E-17,0.,-1.));
#3431 = ORIENTED_EDGE('',*,*,#3432,.T.);
#3432 = EDGE_CURVE('',#3425,#3433,#3435,.T.);
#3433 = VERTEX_POINT('',#3434);
#3434 = CARTESIAN_POINT('',(3.902607824171,4.538813532065,1.249999999999
    ));
#3435 = B_SPLINE_CURVE_WITH_KNOTS('',3,(#3436,#3437,#3438,#3439,#3440,
    #3441,#3442,#3443),.UNSPECIFIED.,.F.,.F.,(4,2,2,4),(0.,
    1.09207096E-04,2.18414193E-04,4.36828386E-04),.UNSPECIFIED.);
#3436 = CARTESIAN_POINT('',(3.659499574168,4.781921782068,1.449999999999
    ));
#3437 = CARTESIAN_POINT('',(3.659499574168,4.781921782068,1.41292638672)
  );
#3438 = CARTESIAN_POINT('',(3.671195059835,4.770226296402,1.377913077681
    ));
#3439 = CARTESIAN_POINT('',(3.705862826371,4.735558529866,1.323330734483
    ));
#3440 = CARTESIAN_POINT('',(3.728179233053,4.713242123183,1.303245285178
    ));
#3441 = CARTESIAN_POINT('',(3.798605255245,4.642816100992,1.2591781056)
  );
#3442 = CARTESIAN_POINT('',(3.850910283233,4.590511073003,1.249999999999
    ));
#3443 = CARTESIAN_POINT('',(3.902607824171,4.538813532065,1.249999999999
    ));
#3444 = ORIENTED_EDGE('',*,*,#3445,.T.);
#3445 = EDGE_CURVE('',#3433,#3446,#3448,.T.);
#3446 = VERTEX_POINT('',#3447);
#3447 = CARTESIAN_POINT('',(3.220710678118,5.220710678118,1.249999999999
    ));
#3448 = LINE('',#3449,#3450);
#3449 = CARTESIAN_POINT('',(3.220710678118,5.220710678118,1.249999999999
    ));
#3450 = VECTOR('',#3451,1.);
#3451 = DIRECTION('',(-0.707106781187,0.707106781187,9.782012572298E-17)
  );
#3452 = ORIENTED_EDGE('',*,*,#3453,.T.);
#3453 = EDGE_CURVE('',#3446,#3402,#3454,.T.);
#3454 = LINE('',#3455,#3456);
#3455 = CARTESIAN_POINT('',(3.220710678118,5.220710678118,-0.75));
#3456 = VECTOR('',#3457,1.);
#3457 = DIRECTION('',(0.,0.,1.));
#3458 = PLANE('',#3459);
#3459 = AXIS2_PLACEMENT_3D('',#3460,#3461,#3462);
#3460 = CARTESIAN_POINT('',(3.220710678118,5.220710678118,-0.75));
#3461 = DIRECTION('',(-0.707106781187,-0.707106781187,0.));
#3462 = DIRECTION('',(0.707106781187,-0.707106781187,0.));
#3463 = ADVANCED_FACE('',(#3464),#3538,.T.);
#3464 = FACE_BOUND('',#3465,.T.);
#3465 = EDGE_LOOP('',(#3466,#3476,#3485,#3493,#3508,#3523,#3531));
#3466 = ORIENTED_EDGE('',*,*,#3467,.T.);
#3467 = EDGE_CURVE('',#3468,#3470,#3472,.T.);
#3468 = VERTEX_POINT('',#3469);
#3469 = CARTESIAN_POINT('',(4.634924240491,3.806497115745,1.449999999999
    ));
#3470 = VERTEX_POINT('',#3471);
#3471 = CARTESIAN_POINT('',(4.634924240491,3.806497115745,2.75));
#3472 = LINE('',#3473,#3474);
#3473 = CARTESIAN_POINT('',(4.634924240491,3.806497115745,-0.75));
#3474 = VECTOR('',#3475,1.);
#3475 = DIRECTION('',(0.,0.,1.));
#3476 = ORIENTED_EDGE('',*,*,#3477,.T.);
#3477 = EDGE_CURVE('',#3470,#3478,#3480,.T.);
#3478 = VERTEX_POINT('',#3479);
#3479 = CARTESIAN_POINT('',(4.564213562373,3.735786437626,2.905660360206
    ));
#3480 = B_SPLINE_CURVE_WITH_KNOTS('',3,(#3481,#3482,#3483,#3484),
  .UNSPECIFIED.,.F.,.F.,(4,4),(0.,1.92487362E-04),
  .PIECEWISE_BEZIER_KNOTS.);
#3481 = CARTESIAN_POINT('',(4.634924240491,3.806497115745,2.75));
#3482 = CARTESIAN_POINT('',(4.634924240491,3.806497115745,2.815249279851
    ));
#3483 = CARTESIAN_POINT('',(4.603567138065,3.775140013319,2.872245788992
    ));
#3484 = CARTESIAN_POINT('',(4.564213562373,3.735786437626,2.905660360206
    ));
#3485 = ORIENTED_EDGE('',*,*,#3486,.F.);
#3486 = EDGE_CURVE('',#3487,#3478,#3489,.T.);
#3487 = VERTEX_POINT('',#3488);
#3488 = CARTESIAN_POINT('',(4.564213562373,3.735786437626,2.45404207607)
  );
#3489 = LINE('',#3490,#3491);
#3490 = CARTESIAN_POINT('',(4.564213562373,3.735786437626,-0.75));
#3491 = VECTOR('',#3492,1.);
#3492 = DIRECTION('',(0.,0.,1.));
#3493 = ORIENTED_EDGE('',*,*,#3494,.T.);
#3494 = EDGE_CURVE('',#3487,#3495,#3497,.T.);
#3495 = VERTEX_POINT('',#3496);
#3496 = CARTESIAN_POINT('',(4.21174446088,3.383317336134,2.06601274706)
  );
#3497 = B_SPLINE_CURVE_WITH_KNOTS('',3,(#3498,#3499,#3500,#3501,#3502,
    #3503,#3504,#3505,#3506,#3507),.UNSPECIFIED.,.F.,.F.,(4,2,2,2,4),(
    1.12698056E-04,4.31690453E-04,5.91186652E-04,6.70934751E-04,
    7.50682851E-04),.UNSPECIFIED.);
#3498 = CARTESIAN_POINT('',(4.564213562373,3.735786437626,2.45404207607)
  );
#3499 = CARTESIAN_POINT('',(4.498023763253,3.669596638507,2.403550045288
    ));
#3500 = CARTESIAN_POINT('',(4.433055224453,3.604628099707,2.349305107663
    ));
#3501 = CARTESIAN_POINT('',(4.341084423245,3.512657298499,2.256978869178
    ));
#3502 = CARTESIAN_POINT('',(4.311365896573,3.482938771827,2.224443632252
    ));
#3503 = CARTESIAN_POINT('',(4.26958865945,3.441161534704,2.170431247226)
  );
#3504 = CARTESIAN_POINT('',(4.25623578333,3.427808658584,2.151690391961)
  );
#3505 = CARTESIAN_POINT('',(4.231536499553,3.403109374807,2.111628304723
    ));
#3506 = CARTESIAN_POINT('',(4.219390110319,3.390962985573,2.090646538386
    ));
#3507 = CARTESIAN_POINT('',(4.21174446088,3.383317336134,2.06601274706)
  );
#3508 = ORIENTED_EDGE('',*,*,#3509,.T.);
#3509 = EDGE_CURVE('',#3495,#3510,#3512,.T.);
#3510 = VERTEX_POINT('',#3511);
#3511 = CARTESIAN_POINT('',(4.564213562373,3.735786437626,1.726195335084
    ));
#3512 = B_SPLINE_CURVE_WITH_KNOTS('',3,(#3513,#3514,#3515,#3516,#3517,
    #3518,#3519,#3520,#3521,#3522),.UNSPECIFIED.,.F.,.F.,(4,2,2,2,4),(0.
    ,7.858342682372E-05,1.57166853E-04,3.14333707E-04,6.28667414E-04),
  .UNSPECIFIED.);
#3513 = CARTESIAN_POINT('',(4.21174446088,3.383317336134,2.06601274706)
  );
#3514 = CARTESIAN_POINT('',(4.220371862447,3.391944737701,2.042829892667
    ));
#3515 = CARTESIAN_POINT('',(4.232762193984,3.404335069237,2.024157018397
    ));
#3516 = CARTESIAN_POINT('',(4.258091400961,3.429664276215,1.988054865461
    ));
#3517 = CARTESIAN_POINT('',(4.271712180591,3.443285055845,1.971226683953
    ));
#3518 = CARTESIAN_POINT('',(4.314061785758,3.485634661012,1.923090815214
    ));
#3519 = CARTESIAN_POINT('',(4.343770739691,3.515343614945,1.894635929838
    ));
#3520 = CARTESIAN_POINT('',(4.435093831381,3.606666706635,1.814681468765
    ));
#3521 = CARTESIAN_POINT('',(4.498954607277,3.67052748253,1.768716263857)
  );
#3522 = CARTESIAN_POINT('',(4.564213562373,3.735786437626,1.726195335084
    ));
#3523 = ORIENTED_EDGE('',*,*,#3524,.F.);
#3524 = EDGE_CURVE('',#3525,#3510,#3527,.T.);
#3525 = VERTEX_POINT('',#3526);
#3526 = CARTESIAN_POINT('',(4.564213562373,3.735786437626,1.294339639793
    ));
#3527 = LINE('',#3528,#3529);
#3528 = CARTESIAN_POINT('',(4.564213562373,3.735786437626,-0.75));
#3529 = VECTOR('',#3530,1.);
#3530 = DIRECTION('',(0.,0.,1.));
#3531 = ORIENTED_EDGE('',*,*,#3532,.T.);
#3532 = EDGE_CURVE('',#3525,#3468,#3533,.T.);
#3533 = B_SPLINE_CURVE_WITH_KNOTS('',3,(#3534,#3535,#3536,#3537),
  .UNSPECIFIED.,.F.,.F.,(4,4),(0.,1.92649291E-04),
  .PIECEWISE_BEZIER_KNOTS.);
#3534 = CARTESIAN_POINT('',(4.564213562373,3.735786437626,1.294339639793
    ));
#3535 = CARTESIAN_POINT('',(4.603595793997,3.775168669251,1.327778542359
    ));
#3536 = CARTESIAN_POINT('',(4.634924240491,3.806497115745,1.384671636514
    ));
#3537 = CARTESIAN_POINT('',(4.634924240491,3.806497115745,1.449999999999
    ));
#3538 = PLANE('',#3539);
#3539 = AXIS2_PLACEMENT_3D('',#3540,#3541,#3542);
#3540 = CARTESIAN_POINT('',(4.564213562373,3.735786437626,-0.75));
#3541 = DIRECTION('',(0.707106781187,-0.707106781187,0.));
#3542 = DIRECTION('',(0.707106781187,0.707106781187,0.));
#3543 = ADVANCED_FACE('',(#3544),#3645,.T.);
#3544 = FACE_BOUND('',#3545,.T.);
#3545 = EDGE_LOOP('',(#3546,#3547,#3556,#3562,#3563,#3571,#3578,#3579,
    #3590,#3598,#3609,#3617,#3628,#3636));
#3546 = ORIENTED_EDGE('',*,*,#3486,.T.);
#3547 = ORIENTED_EDGE('',*,*,#3548,.T.);
#3548 = EDGE_CURVE('',#3478,#3549,#3551,.T.);
#3549 = VERTEX_POINT('',#3550);
#3550 = CARTESIAN_POINT('',(4.429279582505,3.870720417494,2.95));
#3551 = B_SPLINE_CURVE_WITH_KNOTS('',3,(#3552,#3553,#3554,#3555),
  .UNSPECIFIED.,.F.,.F.,(4,4),(0.,1.971252E-04),
  .PIECEWISE_BEZIER_KNOTS.);
#3552 = CARTESIAN_POINT('',(4.564213562373,3.735786437626,2.905660360206
    ));
#3553 = CARTESIAN_POINT('',(4.522868464196,3.777131535803,2.937167519844
    ));
#3554 = CARTESIAN_POINT('',(4.476116440603,3.823883559396,2.95));
#3555 = CARTESIAN_POINT('',(4.429279582505,3.870720417494,2.95));
#3556 = ORIENTED_EDGE('',*,*,#3557,.F.);
#3557 = EDGE_CURVE('',#3380,#3549,#3558,.T.);
#3558 = LINE('',#3559,#3560);
#3559 = CARTESIAN_POINT('',(3.149999999999,5.15,2.95));
#3560 = VECTOR('',#3561,1.);
#3561 = DIRECTION('',(0.707106781187,-0.707106781187,-9.782012572298E-17
    ));
#3562 = ORIENTED_EDGE('',*,*,#3379,.F.);
#3563 = ORIENTED_EDGE('',*,*,#3564,.F.);
#3564 = EDGE_CURVE('',#3565,#3372,#3567,.T.);
#3565 = VERTEX_POINT('',#3566);
#3566 = CARTESIAN_POINT('',(4.429279582505,3.870720417494,1.249999999999
    ));
#3567 = LINE('',#3568,#3569);
#3568 = CARTESIAN_POINT('',(3.149999999999,5.15,1.249999999999));
#3569 = VECTOR('',#3570,1.);
#3570 = DIRECTION('',(-0.707106781187,0.707106781187,9.782012572298E-17)
  );
#3571 = ORIENTED_EDGE('',*,*,#3572,.T.);
#3572 = EDGE_CURVE('',#3565,#3525,#3573,.T.);
#3573 = B_SPLINE_CURVE_WITH_KNOTS('',3,(#3574,#3575,#3576,#3577),
  .UNSPECIFIED.,.F.,.F.,(4,4),(0.,1.9635199E-04),
  .PIECEWISE_BEZIER_KNOTS.);
#3574 = CARTESIAN_POINT('',(4.429279582505,3.870720417494,1.249999999999
    ));
#3575 = CARTESIAN_POINT('',(4.476222666337,3.823777333662,1.249999999999
    ));
#3576 = CARTESIAN_POINT('',(4.5227367238,3.777263276199,1.26273208698));
#3577 = CARTESIAN_POINT('',(4.564213562373,3.735786437626,1.294339639793
    ));
#3578 = ORIENTED_EDGE('',*,*,#3524,.T.);
#3579 = ORIENTED_EDGE('',*,*,#3580,.T.);
#3580 = EDGE_CURVE('',#3510,#3581,#3583,.T.);
#3581 = VERTEX_POINT('',#3582);
#3582 = CARTESIAN_POINT('',(4.281370849898,4.018629150101,1.290047453614
    ));
#3583 = B_SPLINE_CURVE_WITH_KNOTS('',3,(#3584,#3585,#3586,#3587,#3588,
    #3589),.UNSPECIFIED.,.F.,.F.,(4,2,4),(1.932621540774E-05,
    3.46468431E-04,6.73610647E-04),.UNSPECIFIED.);
#3584 = CARTESIAN_POINT('',(4.564213562373,3.735786437626,1.726195335084
    ));
#3585 = CARTESIAN_POINT('',(4.564213562373,3.735786437626,1.616394899587
    ));
#3586 = CARTESIAN_POINT('',(4.536936324686,3.763063675313,1.506297084523
    ));
#3587 = CARTESIAN_POINT('',(4.434984040571,3.865015959428,1.342196452652
    ));
#3588 = CARTESIAN_POINT('',(4.359628109984,3.940371890015,1.290047453614
    ));
#3589 = CARTESIAN_POINT('',(4.281370849898,4.018629150101,1.290047453614
    ));
#3590 = ORIENTED_EDGE('',*,*,#3591,.F.);
#3591 = EDGE_CURVE('',#3592,#3581,#3594,.T.);
#3592 = VERTEX_POINT('',#3593);
#3593 = CARTESIAN_POINT('',(4.139949493661,4.160050506338,1.290047453614
    ));
#3594 = LINE('',#3595,#3596);
#3595 = CARTESIAN_POINT('',(3.857106781186,4.442893218813,1.290047453614
    ));
#3596 = VECTOR('',#3597,1.);
#3597 = DIRECTION('',(0.707106781187,-0.707106781187,0.));
#3598 = ORIENTED_EDGE('',*,*,#3599,.T.);
#3599 = EDGE_CURVE('',#3592,#3600,#3602,.T.);
#3600 = VERTEX_POINT('',#3601);
#3601 = CARTESIAN_POINT('',(3.857106781186,4.442893218813,1.726195335084
    ));
#3602 = B_SPLINE_CURVE_WITH_KNOTS('',3,(#3603,#3604,#3605,#3606,#3607,
    #3608),.UNSPECIFIED.,.F.,.F.,(4,2,4),(0.,3.26963006E-04,
    6.53926012E-04),.UNSPECIFIED.);
#3603 = CARTESIAN_POINT('',(4.139949493661,4.160050506338,1.290047453614
    ));
#3604 = CARTESIAN_POINT('',(4.061737023014,4.238262976985,1.290047453614
    ));
#3605 = CARTESIAN_POINT('',(3.986420106954,4.313579893045,1.342135624722
    ));
#3606 = CARTESIAN_POINT('',(3.884475311451,4.415524688548,1.50607620721)
  );
#3607 = CARTESIAN_POINT('',(3.857106781186,4.442893218813,1.61583522053)
  );
#3608 = CARTESIAN_POINT('',(3.857106781186,4.442893218813,1.726195335084
    ));
#3609 = ORIENTED_EDGE('',*,*,#3610,.F.);
#3610 = EDGE_CURVE('',#3611,#3600,#3613,.T.);
#3611 = VERTEX_POINT('',#3612);
#3612 = CARTESIAN_POINT('',(3.857106781186,4.442893218813,2.45404207607)
  );
#3613 = LINE('',#3614,#3615);
#3614 = CARTESIAN_POINT('',(3.857106781186,4.442893218813,-0.75));
#3615 = VECTOR('',#3616,1.);
#3616 = DIRECTION('',(-2.55106393526E-16,2.55106393526E-16,-1.));
#3617 = ORIENTED_EDGE('',*,*,#3618,.T.);
#3618 = EDGE_CURVE('',#3611,#3619,#3621,.T.);
#3619 = VERTEX_POINT('',#3620);
#3620 = CARTESIAN_POINT('',(4.139949493661,4.160050506338,2.902864774269
    ));
#3621 = B_SPLINE_CURVE_WITH_KNOTS('',3,(#3622,#3623,#3624,#3625,#3626,
    #3627),.UNSPECIFIED.,.F.,.F.,(4,2,4),(5.210355739618E-16,
    3.32124185E-04,6.64248371E-04),.UNSPECIFIED.);
#3622 = CARTESIAN_POINT('',(3.857106781186,4.442893218813,2.45404207607)
  );
#3623 = CARTESIAN_POINT('',(3.857106781186,4.442893218813,2.566275625141
    ));
#3624 = CARTESIAN_POINT('',(3.88262949977,4.417370500229,2.676292493747)
  );
#3625 = CARTESIAN_POINT('',(3.98486856809,4.315131431909,2.848316000813)
  );
#3626 = CARTESIAN_POINT('',(4.060262414124,4.239737585875,2.902864774269
    ));
#3627 = CARTESIAN_POINT('',(4.139949493661,4.160050506338,2.902864774269
    ));
#3628 = ORIENTED_EDGE('',*,*,#3629,.F.);
#3629 = EDGE_CURVE('',#3630,#3619,#3632,.T.);
#3630 = VERTEX_POINT('',#3631);
#3631 = CARTESIAN_POINT('',(4.281370849898,4.018629150101,2.902864774269
    ));
#3632 = LINE('',#3633,#3634);
#3633 = CARTESIAN_POINT('',(3.857106781186,4.442893218813,2.902864774269
    ));
#3634 = VECTOR('',#3635,1.);
#3635 = DIRECTION('',(-0.707106781187,0.707106781187,0.));
#3636 = ORIENTED_EDGE('',*,*,#3637,.T.);
#3637 = EDGE_CURVE('',#3630,#3487,#3638,.T.);
#3638 = B_SPLINE_CURVE_WITH_KNOTS('',3,(#3639,#3640,#3641,#3642,#3643,
    #3644),.UNSPECIFIED.,.F.,.F.,(4,2,4),(0.,3.32237915E-04,
    6.64475831E-04),.UNSPECIFIED.);
#3639 = CARTESIAN_POINT('',(4.281370849898,4.018629150101,2.902864774269
    ));
#3640 = CARTESIAN_POINT('',(4.360859799782,3.939140200217,2.902864774269
    ));
#3641 = CARTESIAN_POINT('',(4.436832254364,3.863167745635,2.84753415673)
  );
#3642 = CARTESIAN_POINT('',(4.537991129999,3.76200887,2.677611023578));
#3643 = CARTESIAN_POINT('',(4.564213562373,3.735786437626,2.565822731728
    ));
#3644 = CARTESIAN_POINT('',(4.564213562373,3.735786437626,2.45404207607)
  );
#3645 = PLANE('',#3646);
#3646 = AXIS2_PLACEMENT_3D('',#3647,#3648,#3649);
#3647 = CARTESIAN_POINT('',(3.149999999999,5.15,-0.75));
#3648 = DIRECTION('',(-0.707106781187,-0.707106781187,0.));
#3649 = DIRECTION('',(0.707106781187,-0.707106781187,0.));
#3650 = ADVANCED_FACE('',(#3651),#3708,.T.);
#3651 = FACE_BOUND('',#3652,.T.);
#3652 = EDGE_LOOP('',(#3653,#3661,#3669,#3678,#3686,#3694,#3700,#3701,
    #3707));
#3653 = ORIENTED_EDGE('',*,*,#3654,.F.);
#3654 = EDGE_CURVE('',#3655,#3308,#3657,.T.);
#3655 = VERTEX_POINT('',#3656);
#3656 = CARTESIAN_POINT('',(-1.499999999999,5.25,4.2));
#3657 = LINE('',#3658,#3659);
#3658 = CARTESIAN_POINT('',(-1.499999999999,5.25,4.2));
#3659 = VECTOR('',#3660,1.);
#3660 = DIRECTION('',(0.,-1.,0.));
#3661 = ORIENTED_EDGE('',*,*,#3662,.F.);
#3662 = EDGE_CURVE('',#3663,#3655,#3665,.T.);
#3663 = VERTEX_POINT('',#3664);
#3664 = CARTESIAN_POINT('',(-1.499999999999,5.25,-0.699999999999));
#3665 = LINE('',#3666,#3667);
#3666 = CARTESIAN_POINT('',(-1.499999999999,5.25,-0.75));
#3667 = VECTOR('',#3668,1.);
#3668 = DIRECTION('',(0.,0.,1.));
#3669 = ORIENTED_EDGE('',*,*,#3670,.T.);
#3670 = EDGE_CURVE('',#3663,#3671,#3673,.T.);
#3671 = VERTEX_POINT('',#3672);
#3672 = CARTESIAN_POINT('',(-1.499999999999,5.15,-0.8));
#3673 = CIRCLE('',#3674,0.1);
#3674 = AXIS2_PLACEMENT_3D('',#3675,#3676,#3677);
#3675 = CARTESIAN_POINT('',(-1.499999999999,5.15,-0.699999999999));
#3676 = DIRECTION('',(-1.,0.,0.));
#3677 = DIRECTION('',(0.,0.,-1.));
#3678 = ORIENTED_EDGE('',*,*,#3679,.F.);
#3679 = EDGE_CURVE('',#3680,#3671,#3682,.T.);
#3680 = VERTEX_POINT('',#3681);
#3681 = CARTESIAN_POINT('',(-1.499999999999,4.05,-0.8));
#3682 = LINE('',#3683,#3684);
#3683 = CARTESIAN_POINT('',(-1.499999999999,5.25,-0.8));
#3684 = VECTOR('',#3685,1.);
#3685 = DIRECTION('',(0.,1.,0.));
#3686 = ORIENTED_EDGE('',*,*,#3687,.T.);
#3687 = EDGE_CURVE('',#3680,#3688,#3690,.T.);
#3688 = VERTEX_POINT('',#3689);
#3689 = CARTESIAN_POINT('',(-1.499999999999,4.05,-0.699999999999));
#3690 = LINE('',#3691,#3692);
#3691 = CARTESIAN_POINT('',(-1.499999999999,4.05,-0.8));
#3692 = VECTOR('',#3693,1.);
#3693 = DIRECTION('',(0.,0.,1.));
#3694 = ORIENTED_EDGE('',*,*,#3695,.T.);
#3695 = EDGE_CURVE('',#3688,#3348,#3696,.T.);
#3696 = LINE('',#3697,#3698);
#3697 = CARTESIAN_POINT('',(-1.499999999999,5.25,-0.699999999999));
#3698 = VECTOR('',#3699,1.);
#3699 = DIRECTION('',(0.,1.,0.));
#3700 = ORIENTED_EDGE('',*,*,#3347,.T.);
#3701 = ORIENTED_EDGE('',*,*,#3702,.T.);
#3702 = EDGE_CURVE('',#3340,#3290,#3703,.T.);
#3703 = LINE('',#3704,#3705);
#3704 = CARTESIAN_POINT('',(-1.499999999999,5.25,4.099999999999));
#3705 = VECTOR('',#3706,1.);
#3706 = DIRECTION('',(0.,-1.,0.));
#3707 = ORIENTED_EDGE('',*,*,#3315,.F.);
#3708 = PLANE('',#3709);
#3709 = AXIS2_PLACEMENT_3D('',#3710,#3711,#3712);
#3710 = CARTESIAN_POINT('',(-1.499999999999,5.25,-0.75));
#3711 = DIRECTION('',(-1.,0.,0.));
#3712 = DIRECTION('',(0.,0.,-1.));
#3713 = ADVANCED_FACE('',(#3714),#3771,.F.);
#3714 = FACE_BOUND('',#3715,.T.);
#3715 = EDGE_LOOP('',(#3716,#3724,#3732,#3740,#3748,#3756,#3764,#3770));
#3716 = ORIENTED_EDGE('',*,*,#3717,.F.);
#3717 = EDGE_CURVE('',#3718,#3655,#3720,.T.);
#3718 = VERTEX_POINT('',#3719);
#3719 = CARTESIAN_POINT('',(1.5,5.25,4.2));
#3720 = LINE('',#3721,#3722);
#3721 = CARTESIAN_POINT('',(-1.499999999999,5.25,4.2));
#3722 = VECTOR('',#3723,1.);
#3723 = DIRECTION('',(-1.,0.,0.));
#3724 = ORIENTED_EDGE('',*,*,#3725,.F.);
#3725 = EDGE_CURVE('',#3726,#3718,#3728,.T.);
#3726 = VERTEX_POINT('',#3727);
#3727 = CARTESIAN_POINT('',(1.5,5.25,2.95));
#3728 = LINE('',#3729,#3730);
#3729 = CARTESIAN_POINT('',(1.5,5.25,2.95));
#3730 = VECTOR('',#3731,1.);
#3731 = DIRECTION('',(0.,0.,1.));
#3732 = ORIENTED_EDGE('',*,*,#3733,.F.);
#3733 = EDGE_CURVE('',#3734,#3726,#3736,.T.);
#3734 = VERTEX_POINT('',#3735);
#3735 = CARTESIAN_POINT('',(3.149999999999,5.25,2.95));
#3736 = LINE('',#3737,#3738);
#3737 = CARTESIAN_POINT('',(1.5,5.25,2.95));
#3738 = VECTOR('',#3739,1.);
#3739 = DIRECTION('',(-1.,0.,1.383385484703E-16));
#3740 = ORIENTED_EDGE('',*,*,#3741,.T.);
#3741 = EDGE_CURVE('',#3734,#3742,#3744,.T.);
#3742 = VERTEX_POINT('',#3743);
#3743 = CARTESIAN_POINT('',(3.149999999999,5.25,1.249999999999));
#3744 = LINE('',#3745,#3746);
#3745 = CARTESIAN_POINT('',(3.149999999999,5.25,-0.75));
#3746 = VECTOR('',#3747,1.);
#3747 = DIRECTION('',(0.,0.,-1.));
#3748 = ORIENTED_EDGE('',*,*,#3749,.F.);
#3749 = EDGE_CURVE('',#3750,#3742,#3752,.T.);
#3750 = VERTEX_POINT('',#3751);
#3751 = CARTESIAN_POINT('',(1.5,5.25,1.249999999999));
#3752 = LINE('',#3753,#3754);
#3753 = CARTESIAN_POINT('',(1.5,5.25,1.249999999999));
#3754 = VECTOR('',#3755,1.);
#3755 = DIRECTION('',(1.,0.,-1.383385484703E-16));
#3756 = ORIENTED_EDGE('',*,*,#3757,.F.);
#3757 = EDGE_CURVE('',#3758,#3750,#3760,.T.);
#3758 = VERTEX_POINT('',#3759);
#3759 = CARTESIAN_POINT('',(1.5,5.25,-0.699999999999));
#3760 = LINE('',#3761,#3762);
#3761 = CARTESIAN_POINT('',(1.5,5.25,-0.75));
#3762 = VECTOR('',#3763,1.);
#3763 = DIRECTION('',(0.,0.,1.));
#3764 = ORIENTED_EDGE('',*,*,#3765,.T.);
#3765 = EDGE_CURVE('',#3758,#3663,#3766,.T.);
#3766 = LINE('',#3767,#3768);
#3767 = CARTESIAN_POINT('',(-1.499999999999,5.25,-0.699999999999));
#3768 = VECTOR('',#3769,1.);
#3769 = DIRECTION('',(-1.,0.,0.));
#3770 = ORIENTED_EDGE('',*,*,#3662,.T.);
#3771 = PLANE('',#3772);
#3772 = AXIS2_PLACEMENT_3D('',#3773,#3774,#3775);
#3773 = CARTESIAN_POINT('',(-1.499999999999,5.25,-0.75));
#3774 = DIRECTION('',(0.,-1.,0.));
#3775 = DIRECTION('',(0.,0.,1.));
#3776 = ADVANCED_FACE('',(#3777),#3807,.F.);
#3777 = FACE_BOUND('',#3778,.T.);
#3778 = EDGE_LOOP('',(#3779,#3780,#3791,#3792,#3799,#3800,#3806));
#3779 = ORIENTED_EDGE('',*,*,#3557,.T.);
#3780 = ORIENTED_EDGE('',*,*,#3781,.T.);
#3781 = EDGE_CURVE('',#3549,#3404,#3782,.T.);
#3782 = B_SPLINE_CURVE_WITH_KNOTS('',3,(#3783,#3784,#3785,#3786,#3787,
    #3788,#3789,#3790),.UNSPECIFIED.,.F.,.F.,(4,2,2,4),(
    1.301042606982E-18,4.56654943E-04,6.84982414E-04,9.13309886E-04),
  .UNSPECIFIED.);
#3783 = CARTESIAN_POINT('',(4.429279582505,3.870720417494,2.95));
#3784 = CARTESIAN_POINT('',(4.413228500448,4.022776961381,2.95));
#3785 = CARTESIAN_POINT('',(4.37242992369,4.174024128004,2.95));
#3786 = CARTESIAN_POINT('',(4.234500869391,4.358350452089,2.95));
#3787 = CARTESIAN_POINT('',(4.176675075698,4.409811307781,2.95));
#3788 = CARTESIAN_POINT('',(4.048005295372,4.489080706051,2.95));
#3789 = CARTESIAN_POINT('',(3.976285779184,4.51810386415,2.95));
#3790 = CARTESIAN_POINT('',(3.902607824171,4.538813532065,2.95));
#3791 = ORIENTED_EDGE('',*,*,#3401,.F.);
#3792 = ORIENTED_EDGE('',*,*,#3793,.T.);
#3793 = EDGE_CURVE('',#3402,#3734,#3794,.T.);
#3794 = CIRCLE('',#3795,9.9999999999E-02);
#3795 = AXIS2_PLACEMENT_3D('',#3796,#3797,#3798);
#3796 = CARTESIAN_POINT('',(3.149999999999,5.15,2.95));
#3797 = DIRECTION('',(1.383385484703E-16,0.,1.));
#3798 = DIRECTION('',(1.,0.,-1.383385484703E-16));
#3799 = ORIENTED_EDGE('',*,*,#3733,.T.);
#3800 = ORIENTED_EDGE('',*,*,#3801,.F.);
#3801 = EDGE_CURVE('',#3332,#3726,#3802,.T.);
#3802 = LINE('',#3803,#3804);
#3803 = CARTESIAN_POINT('',(1.5,2.55,2.95));
#3804 = VECTOR('',#3805,1.);
#3805 = DIRECTION('',(0.,1.,0.));
#3806 = ORIENTED_EDGE('',*,*,#3387,.T.);
#3807 = PLANE('',#3808);
#3808 = AXIS2_PLACEMENT_3D('',#3809,#3810,#3811);
#3809 = CARTESIAN_POINT('',(1.5,2.55,2.95));
#3810 = DIRECTION('',(-1.383385484703E-16,0.,-1.));
#3811 = DIRECTION('',(1.,0.,-1.383385484703E-16));
#3812 = ADVANCED_FACE('',(#3813),#3840,.F.);
#3813 = FACE_BOUND('',#3814,.T.);
#3814 = EDGE_LOOP('',(#3815,#3823,#3824,#3825,#3826,#3834));
#3815 = ORIENTED_EDGE('',*,*,#3816,.T.);
#3816 = EDGE_CURVE('',#3817,#3330,#3819,.T.);
#3817 = VERTEX_POINT('',#3818);
#3818 = CARTESIAN_POINT('',(1.5,4.05,4.099999999999));
#3819 = LINE('',#3820,#3821);
#3820 = CARTESIAN_POINT('',(1.5,4.05,4.099999999999));
#3821 = VECTOR('',#3822,1.);
#3822 = DIRECTION('',(0.,1.,0.));
#3823 = ORIENTED_EDGE('',*,*,#3329,.T.);
#3824 = ORIENTED_EDGE('',*,*,#3801,.T.);
#3825 = ORIENTED_EDGE('',*,*,#3725,.T.);
#3826 = ORIENTED_EDGE('',*,*,#3827,.F.);
#3827 = EDGE_CURVE('',#3828,#3718,#3830,.T.);
#3828 = VERTEX_POINT('',#3829);
#3829 = CARTESIAN_POINT('',(1.5,4.05,4.2));
#3830 = LINE('',#3831,#3832);
#3831 = CARTESIAN_POINT('',(1.5,4.05,4.2));
#3832 = VECTOR('',#3833,1.);
#3833 = DIRECTION('',(0.,1.,0.));
#3834 = ORIENTED_EDGE('',*,*,#3835,.T.);
#3835 = EDGE_CURVE('',#3828,#3817,#3836,.T.);
#3836 = LINE('',#3837,#3838);
#3837 = CARTESIAN_POINT('',(1.5,4.05,4.2));
#3838 = VECTOR('',#3839,1.);
#3839 = DIRECTION('',(0.,0.,-1.));
#3840 = PLANE('',#3841);
#3841 = AXIS2_PLACEMENT_3D('',#3842,#3843,#3844);
#3842 = CARTESIAN_POINT('',(1.5,2.55,2.95));
#3843 = DIRECTION('',(-1.,0.,0.));
#3844 = DIRECTION('',(0.,0.,-1.));
#3845 = ADVANCED_FACE('',(#3846),#3876,.F.);
#3846 = FACE_BOUND('',#3847,.T.);
#3847 = EDGE_LOOP('',(#3848,#3849,#3860,#3861,#3862,#3868,#3869));
#3848 = ORIENTED_EDGE('',*,*,#3445,.F.);
#3849 = ORIENTED_EDGE('',*,*,#3850,.T.);
#3850 = EDGE_CURVE('',#3433,#3565,#3851,.T.);
#3851 = B_SPLINE_CURVE_WITH_KNOTS('',3,(#3852,#3853,#3854,#3855,#3856,
    #3857,#3858,#3859),.UNSPECIFIED.,.F.,.F.,(4,2,2,4),(0.,
    2.28971963E-04,4.57943926E-04,9.15887852E-04),.UNSPECIFIED.);
#3852 = CARTESIAN_POINT('',(3.902607824171,4.538813532065,1.249999999999
    ));
#3853 = CARTESIAN_POINT('',(3.976285779184,4.51810386415,1.249999999999)
  );
#3854 = CARTESIAN_POINT('',(4.048005295372,4.489080706051,1.249999999999
    ));
#3855 = CARTESIAN_POINT('',(4.176675075698,4.409811307781,1.249999999999
    ));
#3856 = CARTESIAN_POINT('',(4.234500869391,4.358350452089,1.249999999999
    ));
#3857 = CARTESIAN_POINT('',(4.37242992369,4.174024128004,1.249999999999)
  );
#3858 = CARTESIAN_POINT('',(4.413228500448,4.022776961381,1.249999999999
    ));
#3859 = CARTESIAN_POINT('',(4.429279582505,3.870720417494,1.249999999999
    ));
#3860 = ORIENTED_EDGE('',*,*,#3564,.T.);
#3861 = ORIENTED_EDGE('',*,*,#3371,.T.);
#3862 = ORIENTED_EDGE('',*,*,#3863,.T.);
#3863 = EDGE_CURVE('',#3364,#3750,#3864,.T.);
#3864 = LINE('',#3865,#3866);
#3865 = CARTESIAN_POINT('',(1.5,2.55,1.249999999999));
#3866 = VECTOR('',#3867,1.);
#3867 = DIRECTION('',(0.,1.,0.));
#3868 = ORIENTED_EDGE('',*,*,#3749,.T.);
#3869 = ORIENTED_EDGE('',*,*,#3870,.T.);
#3870 = EDGE_CURVE('',#3742,#3446,#3871,.T.);
#3871 = CIRCLE('',#3872,9.9999999999E-02);
#3872 = AXIS2_PLACEMENT_3D('',#3873,#3874,#3875);
#3873 = CARTESIAN_POINT('',(3.149999999999,5.15,1.249999999999));
#3874 = DIRECTION('',(-1.383385484703E-16,0.,-1.));
#3875 = DIRECTION('',(-1.,0.,1.383385484703E-16));
#3876 = PLANE('',#3877);
#3877 = AXIS2_PLACEMENT_3D('',#3878,#3879,#3880);
#3878 = CARTESIAN_POINT('',(1.5,2.55,1.249999999999));
#3879 = DIRECTION('',(1.383385484703E-16,0.,1.));
#3880 = DIRECTION('',(-1.,0.,1.383385484703E-16));
#3881 = ADVANCED_FACE('',(#3882),#3918,.F.);
#3882 = FACE_BOUND('',#3883,.T.);
#3883 = EDGE_LOOP('',(#3884,#3894,#3901,#3902,#3903,#3904,#3912));
#3884 = ORIENTED_EDGE('',*,*,#3885,.F.);
#3885 = EDGE_CURVE('',#3886,#3888,#3890,.T.);
#3886 = VERTEX_POINT('',#3887);
#3887 = CARTESIAN_POINT('',(1.5,5.15,-0.8));
#3888 = VERTEX_POINT('',#3889);
#3889 = CARTESIAN_POINT('',(1.5,4.05,-0.8));
#3890 = LINE('',#3891,#3892);
#3891 = CARTESIAN_POINT('',(1.5,5.25,-0.8));
#3892 = VECTOR('',#3893,1.);
#3893 = DIRECTION('',(0.,-1.,0.));
#3894 = ORIENTED_EDGE('',*,*,#3895,.T.);
#3895 = EDGE_CURVE('',#3886,#3758,#3896,.T.);
#3896 = CIRCLE('',#3897,0.1);
#3897 = AXIS2_PLACEMENT_3D('',#3898,#3899,#3900);
#3898 = CARTESIAN_POINT('',(1.5,5.15,-0.699999999999));
#3899 = DIRECTION('',(1.,0.,0.));
#3900 = DIRECTION('',(0.,0.,-1.));
#3901 = ORIENTED_EDGE('',*,*,#3757,.T.);
#3902 = ORIENTED_EDGE('',*,*,#3863,.F.);
#3903 = ORIENTED_EDGE('',*,*,#3363,.T.);
#3904 = ORIENTED_EDGE('',*,*,#3905,.T.);
#3905 = EDGE_CURVE('',#3356,#3906,#3908,.T.);
#3906 = VERTEX_POINT('',#3907);
#3907 = CARTESIAN_POINT('',(1.5,4.05,-0.699999999999));
#3908 = LINE('',#3909,#3910);
#3909 = CARTESIAN_POINT('',(1.5,5.25,-0.699999999999));
#3910 = VECTOR('',#3911,1.);
#3911 = DIRECTION('',(0.,-1.,0.));
#3912 = ORIENTED_EDGE('',*,*,#3913,.F.);
#3913 = EDGE_CURVE('',#3888,#3906,#3914,.T.);
#3914 = LINE('',#3915,#3916);
#3915 = CARTESIAN_POINT('',(1.5,4.05,-0.8));
#3916 = VECTOR('',#3917,1.);
#3917 = DIRECTION('',(0.,0.,1.));
#3918 = PLANE('',#3919);
#3919 = AXIS2_PLACEMENT_3D('',#3920,#3921,#3922);
#3920 = CARTESIAN_POINT('',(1.5,2.55,-0.75));
#3921 = DIRECTION('',(-1.,0.,0.));
#3922 = DIRECTION('',(0.,0.,-1.));
#3923 = ADVANCED_FACE('',(#3924),#3992,.T.);
#3924 = FACE_BOUND('',#3925,.T.);
#3925 = EDGE_LOOP('',(#3926,#3927,#3940,#3948,#3959,#3960,#3973,#3981));
#3926 = ORIENTED_EDGE('',*,*,#3629,.T.);
#3927 = ORIENTED_EDGE('',*,*,#3928,.T.);
#3928 = EDGE_CURVE('',#3619,#3929,#3931,.T.);
#3929 = VERTEX_POINT('',#3930);
#3930 = CARTESIAN_POINT('',(3.53294920882,3.553050221408,2.240580504773)
  );
#3931 = B_SPLINE_CURVE_WITH_KNOTS('',3,(#3932,#3933,#3934,#3935,#3936,
    #3937,#3938,#3939),.UNSPECIFIED.,.F.,.F.,(4,2,2,4),(0.,
    5.47762763E-04,8.21644145E-04,1.095525527E-03),.UNSPECIFIED.);
#3932 = CARTESIAN_POINT('',(4.139949493661,4.160050506338,2.902864774269
    ));
#3933 = CARTESIAN_POINT('',(4.022920719191,4.043021731869,2.82290429383)
  );
#3934 = CARTESIAN_POINT('',(3.908963542802,3.92906455548,2.736096610446)
  );
#3935 = CARTESIAN_POINT('',(3.749327442448,3.769428455125,2.580695886737
    ));
#3936 = CARTESIAN_POINT('',(3.697782519864,3.717883532542,2.524447102742
    ));
#3937 = CARTESIAN_POINT('',(3.603418468202,3.62351948088,2.395569404889)
  );
#3938 = CARTESIAN_POINT('',(3.561463883089,3.581564895767,2.325418233357
    ));
#3939 = CARTESIAN_POINT('',(3.53294920882,3.553050221408,2.240580504773)
  );
#3940 = ORIENTED_EDGE('',*,*,#3941,.T.);
#3941 = EDGE_CURVE('',#3929,#3942,#3944,.T.);
#3942 = VERTEX_POINT('',#3943);
#3943 = CARTESIAN_POINT('',(3.542647322678,3.562748335355,1.865599038766
    ));
#3944 = B_SPLINE_CURVE_WITH_KNOTS('',2,(#3945,#3946,#3947),
  .UNSPECIFIED.,.F.,.F.,(3,3),(0.,1.),.PIECEWISE_BEZIER_KNOTS.);
#3945 = CARTESIAN_POINT('',(3.53294920882,3.553050221408,2.240580504773)
  );
#3946 = CARTESIAN_POINT('',(3.46876919303,3.488870205618,2.049630164607)
  );
#3947 = CARTESIAN_POINT('',(3.542647322678,3.562748335355,1.865599038766
    ));
#3948 = ORIENTED_EDGE('',*,*,#3949,.T.);
#3949 = EDGE_CURVE('',#3942,#3592,#3950,.T.);
#3950 = B_SPLINE_CURVE_WITH_KNOTS('',3,(#3951,#3952,#3953,#3954,#3955,
    #3956,#3957,#3958),.UNSPECIFIED.,.F.,.F.,(4,2,2,4),(0.,
    2.59880219E-04,5.19760439E-04,1.039520878E-03),.UNSPECIFIED.);
#3951 = CARTESIAN_POINT('',(3.542647322678,3.562748335355,1.865599038766
    ));
#3952 = CARTESIAN_POINT('',(3.573368414044,3.593469426722,1.789072501774
    ));
#3953 = CARTESIAN_POINT('',(3.615960375702,3.63606138838,1.725637321078)
  );
#3954 = CARTESIAN_POINT('',(3.709335821244,3.729436833922,1.612199013356
    ));
#3955 = CARTESIAN_POINT('',(3.759538961006,3.779639973684,1.563503360308
    ));
#3956 = CARTESIAN_POINT('',(3.915433409106,3.935534421784,1.429478820241
    ));
#3957 = CARTESIAN_POINT('',(4.026712653895,4.046813666572,1.356066641948
    ));
#3958 = CARTESIAN_POINT('',(4.139949493661,4.160050506338,1.290047453614
    ));
#3959 = ORIENTED_EDGE('',*,*,#3591,.T.);
#3960 = ORIENTED_EDGE('',*,*,#3961,.T.);
#3961 = EDGE_CURVE('',#3581,#3962,#3964,.T.);
#3962 = VERTEX_POINT('',#3963);
#3963 = CARTESIAN_POINT('',(3.683608577373,3.4208668772,1.866748578271)
  );
#3964 = B_SPLINE_CURVE_WITH_KNOTS('',3,(#3965,#3966,#3967,#3968,#3969,
    #3970,#3971,#3972),.UNSPECIFIED.,.F.,.F.,(4,2,2,4),(0.,
    5.15730644E-04,7.73595967E-04,1.031461289E-03),.UNSPECIFIED.);
#3965 = CARTESIAN_POINT('',(4.281370849898,4.018629150101,1.290047453614
    ));
#3966 = CARTESIAN_POINT('',(4.168043034713,3.905301334916,1.356119684836
    ));
#3967 = CARTESIAN_POINT('',(4.057485991213,3.794744291416,1.429032160756
    ));
#3968 = CARTESIAN_POINT('',(3.901582666817,3.63884096702,1.562920743304)
  );
#3969 = CARTESIAN_POINT('',(3.851265781906,3.588524082109,1.6116258469)
  );
#3970 = CARTESIAN_POINT('',(3.75735285909,3.494611159294,1.725627907667)
  );
#3971 = CARTESIAN_POINT('',(3.714402485523,3.451660785726,1.789581295236
    ));
#3972 = CARTESIAN_POINT('',(3.683608577373,3.4208668772,1.866748578271)
  );
#3973 = ORIENTED_EDGE('',*,*,#3974,.T.);
#3974 = EDGE_CURVE('',#3962,#3975,#3977,.T.);
#3975 = VERTEX_POINT('',#3976);
#3976 = CARTESIAN_POINT('',(3.674646608227,3.41190490843,2.24139993789)
  );
#3977 = B_SPLINE_CURVE_WITH_KNOTS('',2,(#3978,#3979,#3980),
  .UNSPECIFIED.,.F.,.F.,(3,3),(0.,1.),.PIECEWISE_BEZIER_KNOTS.);
#3978 = CARTESIAN_POINT('',(3.683608577373,3.4208668772,1.866748578271)
  );
#3979 = CARTESIAN_POINT('',(3.610233399086,3.347491698913,2.050621410796
    ));
#3980 = CARTESIAN_POINT('',(3.674646608227,3.41190490843,2.24139993789)
  );
#3981 = ORIENTED_EDGE('',*,*,#3982,.T.);
#3982 = EDGE_CURVE('',#3975,#3630,#3983,.T.);
#3983 = B_SPLINE_CURVE_WITH_KNOTS('',3,(#3984,#3985,#3986,#3987,#3988,
    #3989,#3990,#3991),.UNSPECIFIED.,.F.,.F.,(4,2,2,4),(0.,
    2.75540386E-04,5.51080773E-04,1.102161546E-03),.UNSPECIFIED.);
#3984 = CARTESIAN_POINT('',(3.674646608227,3.41190490843,2.24139993789)
  );
#3985 = CARTESIAN_POINT('',(3.703074134635,3.440332434838,2.325596363644
    ));
#3986 = CARTESIAN_POINT('',(3.745568540168,3.482826840371,2.39665320321)
  );
#3987 = CARTESIAN_POINT('',(3.839327923836,3.576586224039,2.524527156378
    ));
#3988 = CARTESIAN_POINT('',(3.890379271216,3.627637571419,2.580297342648
    ));
#3989 = CARTESIAN_POINT('',(4.049709708637,3.78696800884,2.735516460874)
  );
#3990 = CARTESIAN_POINT('',(4.164445640249,3.901703940452,2.822975054804
    ));
#3991 = CARTESIAN_POINT('',(4.281370849898,4.018629150101,2.902864774269
    ));
#3992 = B_SPLINE_SURFACE_WITH_KNOTS('',2,1,(
    (#3993,#3994)
    ,(#3995,#3996)
    ,(#3997,#3998
    )),.UNSPECIFIED.,.F.,.F.,.F.,(3,3),(2,2),(2.5641963265E-02,
    0.98005033192),(0.,1.),.PIECEWISE_BEZIER_KNOTS.);
#3993 = CARTESIAN_POINT('',(4.139949497011,4.160050509688,2.902864776558
    ));
#3994 = CARTESIAN_POINT('',(4.281370853436,4.018629153263,2.902864776558
    ));
#3995 = CARTESIAN_POINT('',(2.858635300681,2.878736313359,2.027400608053
    ));
#3996 = CARTESIAN_POINT('',(3.000056657106,2.737314956934,2.027400608053
    ));
#3997 = CARTESIAN_POINT('',(4.155325263976,4.175426276654,1.281141154337
    ));
#3998 = CARTESIAN_POINT('',(4.296746620402,4.034004920229,1.281141154337
    ));
#3999 = ADVANCED_FACE('',(#4000),#4031,.T.);
#4000 = FACE_BOUND('',#4001,.T.);
#4001 = EDGE_LOOP('',(#4002,#4003,#4018));
#4002 = ORIENTED_EDGE('',*,*,#3610,.T.);
#4003 = ORIENTED_EDGE('',*,*,#4004,.T.);
#4004 = EDGE_CURVE('',#3600,#4005,#4007,.T.);
#4005 = VERTEX_POINT('',#4006);
#4006 = CARTESIAN_POINT('',(3.504637679708,4.090424117335,2.066012747107
    ));
#4007 = B_SPLINE_CURVE_WITH_KNOTS('',3,(#4008,#4009,#4010,#4011,#4012,
    #4013,#4014,#4015,#4016,#4017),.UNSPECIFIED.,.F.,.F.,(4,2,2,2,4),(0.
    ,3.03585998E-04,4.55378997E-04,5.31275496E-04,6.07171996E-04),
  .UNSPECIFIED.);
#4008 = CARTESIAN_POINT('',(3.857106781186,4.442893218813,1.726195335084
    ));
#4009 = CARTESIAN_POINT('',(3.791813495781,4.377599933408,1.768738632536
    ));
#4010 = CARTESIAN_POINT('',(3.727938938975,4.313725376602,1.814720495032
    ));
#4011 = CARTESIAN_POINT('',(3.636648269564,4.222434707191,1.894651214546
    ));
#4012 = CARTESIAN_POINT('',(3.606959165754,4.192745603381,1.923091034733
    ));
#4013 = CARTESIAN_POINT('',(3.564658782946,4.150445220573,1.971163536812
    ));
#4014 = CARTESIAN_POINT('',(3.551047833269,4.136834270896,1.987970353809
    ));
#4015 = CARTESIAN_POINT('',(3.525670580843,4.11145701847,2.02412982873)
  );
#4016 = CARTESIAN_POINT('',(3.51313097607,4.098917413697,2.04319024924)
  );
#4017 = CARTESIAN_POINT('',(3.504637679708,4.090424117335,2.066012747107
    ));
#4018 = ORIENTED_EDGE('',*,*,#4019,.T.);
#4019 = EDGE_CURVE('',#4005,#3611,#4020,.T.);
#4020 = B_SPLINE_CURVE_WITH_KNOTS('',3,(#4021,#4022,#4023,#4024,#4025,
    #4026,#4027,#4028,#4029,#4030),.UNSPECIFIED.,.F.,.F.,(4,2,2,2,4),(0.
    ,8.111576047862E-05,1.6223152E-04,3.24463041E-04,6.48926083E-04),
  .UNSPECIFIED.);
#4021 = CARTESIAN_POINT('',(3.504637679708,4.090424117335,2.066012747107
    ));
#4022 = CARTESIAN_POINT('',(3.51232369334,4.098110130967,2.090776589232)
  );
#4023 = CARTESIAN_POINT('',(3.524341685158,4.110128122785,2.111473619754
    ));
#4024 = CARTESIAN_POINT('',(3.549073916903,4.13486035453,2.151612871071)
  );
#4025 = CARTESIAN_POINT('',(3.562517085468,4.148303523095,2.170476079248
    ));
#4026 = CARTESIAN_POINT('',(3.60416118763,4.189947625257,2.224318396449)
  );
#4027 = CARTESIAN_POINT('',(3.63400076827,4.219787205897,2.257006251846)
  );
#4028 = CARTESIAN_POINT('',(3.726097938257,4.311884375883,2.349446832941
    ));
#4029 = CARTESIAN_POINT('',(3.790835122198,4.376621559825,2.403487599548
    ));
#4030 = CARTESIAN_POINT('',(3.857106781186,4.442893218813,2.45404207607)
  );
#4031 = PLANE('',#4032);
#4032 = AXIS2_PLACEMENT_3D('',#4033,#4034,#4035);
#4033 = CARTESIAN_POINT('',(3.220270702024,3.806057139651,2.064539088645
    ));
#4034 = DIRECTION('',(-0.707106781187,0.707106781187,3.607749215728E-16)
  );
#4035 = DIRECTION('',(-0.707106781187,-0.707106781187,0.));
#4036 = ADVANCED_FACE('',(#4037),#4057,.T.);
#4037 = FACE_BOUND('',#4038,.T.);
#4038 = EDGE_LOOP('',(#4039,#4040,#4041,#4056));
#4039 = ORIENTED_EDGE('',*,*,#3599,.F.);
#4040 = ORIENTED_EDGE('',*,*,#3949,.F.);
#4041 = ORIENTED_EDGE('',*,*,#4042,.F.);
#4042 = EDGE_CURVE('',#4005,#3942,#4043,.T.);
#4043 = B_SPLINE_CURVE_WITH_KNOTS('',3,(#4044,#4045,#4046,#4047,#4048,
    #4049,#4050,#4051,#4052,#4053,#4054,#4055),.UNSPECIFIED.,.F.,.F.,(4,
    2,2,2,2,4),(0.,0.25,0.375,0.5,0.75,1.),.UNSPECIFIED.);
#4044 = CARTESIAN_POINT('',(3.504637679708,4.090424117335,2.066012747107
    ));
#4045 = CARTESIAN_POINT('',(3.47261672322,4.058403160848,2.039801260869)
  );
#4046 = CARTESIAN_POINT('',(3.447927948014,4.01903016494,2.013581646953)
  );
#4047 = CARTESIAN_POINT('',(3.424741220268,3.953307991221,1.977192439637
    ));
#4048 = CARTESIAN_POINT('',(3.419361673458,3.930574368248,1.965686100601
    ));
#4049 = CARTESIAN_POINT('',(3.413258400505,3.883469747534,1.943908831491
    ));
#4050 = CARTESIAN_POINT('',(3.412594047004,3.858937118519,1.933596048345
    ));
#4051 = CARTESIAN_POINT('',(3.417824022915,3.78595324863,1.905865298625)
  );
#4052 = CARTESIAN_POINT('',(3.431103854854,3.736181700685,1.890929734275
    ));
#4053 = CARTESIAN_POINT('',(3.474672040884,3.643717914436,1.870917428377
    ));
#4054 = CARTESIAN_POINT('',(3.505433649729,3.599962008304,1.865599038766
    ));
#4055 = CARTESIAN_POINT('',(3.542647322678,3.562748335355,1.865599038766
    ));
#4056 = ORIENTED_EDGE('',*,*,#4004,.F.);
#4057 = ( BOUNDED_SURFACE() B_SPLINE_SURFACE(3,2,(
    (#4058,#4059,#4060)
    ,(#4061,#4062,#4063)
    ,(#4064,#4065,#4066)
    ,(#4067,#4068,#4069)
    ,(#4070,#4071,#4072)
    ,(#4073,#4074,#4075)
    ,(#4076,#4077,#4078)
    ,(#4079,#4080,#4081)
    ,(#4082,#4083,#4084)
    ,(#4085,#4086,#4087)
    ,(#4088,#4089,#4090)
    ,(#4091,#4092,#4093)
    ,(#4094,#4095,#4096)
    ,(#4097,#4098,#4099)
    ,(#4100,#4101,#4102)
    ,(#4103,#4104,#4105
)),.UNSPECIFIED.,.F.,.F.,.F.) B_SPLINE_SURFACE_WITH_KNOTS((4,2,2,2,2,2,2
    ,4),(3,3),(2.984896248E-03,2.997482372E-03,3.010068495E-03,
    3.035240743E-03,3.085585237E-03,3.186274226E-03,3.387652205E-03,
    3.790408162E-03),(0.,1.),.UNSPECIFIED.) 
GEOMETRIC_REPRESENTATION_ITEM() RATIONAL_B_SPLINE_SURFACE((
    (1.,0.707106781186,1.)
    ,(1.,0.707106781186,1.)
    ,(1.,0.707106781186,1.)
    ,(1.,0.707106781186,1.)
    ,(1.,0.707106781186,1.)
    ,(1.,0.707106781186,1.)
    ,(1.,0.707106781186,1.)
    ,(1.,0.707106781186,1.)
    ,(1.,0.707106781186,1.)
    ,(1.,0.707106781186,1.)
    ,(1.,0.707106781186,1.)
    ,(1.,0.707106781186,1.)
    ,(1.,0.707106781186,1.)
    ,(1.,0.707106781186,1.)
    ,(1.,0.707106781186,1.)
,(1.,0.707106781186,1.))) REPRESENTATION_ITEM('') SURFACE() );
#4058 = CARTESIAN_POINT('',(3.503155396951,4.088941834578,2.070307556018
    ));
#4059 = CARTESIAN_POINT('',(3.244553074507,3.830339512134,1.908290033346
    ));
#4060 = CARTESIAN_POINT('',(3.527395786982,3.547496799659,1.908290033346
    ));
#4061 = CARTESIAN_POINT('',(3.504357201483,4.09014363911,2.066481133954)
  );
#4062 = CARTESIAN_POINT('',(3.254230504649,3.840016942276,1.877580525902
    ));
#4063 = CARTESIAN_POINT('',(3.537024906173,3.55712591885,1.877551227508)
  );
#4064 = CARTESIAN_POINT('',(3.505839393566,4.091625831193,2.062787840502
    ));
#4065 = CARTESIAN_POINT('',(3.260553703799,3.846340141426,1.863291467466
    ));
#4066 = CARTESIAN_POINT('',(3.543395233079,3.563496245757,1.863290440534
    ));
#4067 = CARTESIAN_POINT('',(3.508933734103,4.09472017173,2.05565659876)
  );
#4068 = CARTESIAN_POINT('',(3.27209093524,3.857877372867,1.836698385367)
  );
#4069 = CARTESIAN_POINT('',(3.554934830909,3.575035843587,1.836699412299
    ));
#4070 = CARTESIAN_POINT('',(3.51057177518,4.096358212807,2.052212939173)
  );
#4071 = CARTESIAN_POINT('',(3.277133511261,3.862919948888,1.826227917367
    ));
#4072 = CARTESIAN_POINT('',(3.559975919031,3.580076931709,1.826227610351
    ));
#4073 = CARTESIAN_POINT('',(3.515659103858,4.101445541485,2.042114426257
    ));
#4074 = CARTESIAN_POINT('',(3.291466783698,3.877253221325,1.797774413464
    ));
#4075 = CARTESIAN_POINT('',(3.574310105582,3.59441111826,1.797775027495)
  );
#4076 = CARTESIAN_POINT('',(3.519282120322,4.105068557949,2.035692741265
    ));
#4077 = CARTESIAN_POINT('',(3.299891924466,3.885678362093,1.783060267669
    ));
#4078 = CARTESIAN_POINT('',(3.582734500093,3.60283551277,1.783060102416)
  );
#4079 = CARTESIAN_POINT('',(3.530572475953,4.11635891358,2.016993137961)
  );
#4080 = CARTESIAN_POINT('',(3.324062845685,3.909849283312,1.743026684947
    ));
#4081 = CARTESIAN_POINT('',(3.606905831855,3.627006844533,1.743027015453
    ));
#4082 = CARTESIAN_POINT('',(3.538662704432,4.124449142059,2.00528279603)
  );
#4083 = CARTESIAN_POINT('',(3.338577759298,3.924364196925,1.722345928384
    ));
#4084 = CARTESIAN_POINT('',(3.621420417013,3.641521429691,1.722345846564
    ));
#4085 = CARTESIAN_POINT('',(3.5639195105,4.149705948127,1.971475281483)
  );
#4086 = CARTESIAN_POINT('',(3.380802768081,3.966589205708,1.665825403639
    ));
#4087 = CARTESIAN_POINT('',(3.663645590074,3.683746602752,1.665825567278
    ));
#4088 = CARTESIAN_POINT('',(3.582159970553,4.16794640818,1.950636812787)
  );
#4089 = CARTESIAN_POINT('',(3.407080695938,3.992867133564,1.636249741747
    ));
#4090 = CARTESIAN_POINT('',(3.689923386577,3.710024399255,1.636249700016
    ));
#4091 = CARTESIAN_POINT('',(3.638110254204,4.22389669183,1.89208728592)
  );
#4092 = CARTESIAN_POINT('',(3.483547541871,4.069333979498,1.556230464238
    ));
#4093 = CARTESIAN_POINT('',(3.766390298015,3.786491310693,1.5562305477)
  );
#4094 = CARTESIAN_POINT('',(3.677364315604,4.263150753231,1.857882071017
    ));
#4095 = CARTESIAN_POINT('',(3.531573195198,4.117359632825,1.514902822898
    ));
#4096 = CARTESIAN_POINT('',(3.814415900427,3.834516913104,1.514902804628
    ));
#4097 = CARTESIAN_POINT('',(3.797945534209,4.383731971835,1.762231949527
    ));
#4098 = CARTESIAN_POINT('',(3.674423332205,4.260209769832,1.401588036485
    ));
#4099 = CARTESIAN_POINT('',(3.957266059172,3.97736707185,1.401588073024)
  );
#4100 = CARTESIAN_POINT('',(3.88230229908,4.468088736707,1.707878277701)
  );
#4101 = CARTESIAN_POINT('',(3.767192479438,4.352978917065,1.342319379531
    ));
#4102 = CARTESIAN_POINT('',(4.050035194165,4.070136206843,1.342319397426
    ));
#4103 = CARTESIAN_POINT('',(3.967953619877,4.553740057504,1.658082074299
    ));
#4104 = CARTESIAN_POINT('',(3.860410044753,4.44619648238,1.288124294411)
  );
#4105 = CARTESIAN_POINT('',(4.143252757228,4.163353769906,1.288124294411
    ));
#4106 = ADVANCED_FACE('',(#4107),#4130,.T.);
#4107 = FACE_BOUND('',#4108,.T.);
#4108 = EDGE_LOOP('',(#4109,#4110,#4111));
#4109 = ORIENTED_EDGE('',*,*,#4042,.T.);
#4110 = ORIENTED_EDGE('',*,*,#3941,.F.);
#4111 = ORIENTED_EDGE('',*,*,#4112,.F.);
#4112 = EDGE_CURVE('',#4005,#3929,#4113,.T.);
#4113 = B_SPLINE_CURVE_WITH_KNOTS('',3,(#4114,#4115,#4116,#4117,#4118,
    #4119,#4120,#4121,#4122,#4123,#4124,#4125,#4126,#4127,#4128,#4129),
  .UNSPECIFIED.,.F.,.F.,(4,2,2,2,2,2,2,4),(0.,0.249999999999,
    0.499999999999,0.562499999999,0.593749999999,0.624999999999,
    0.749999999999,1.),.UNSPECIFIED.);
#4114 = CARTESIAN_POINT('',(3.504637679708,4.090424117335,2.066012747107
    ));
#4115 = CARTESIAN_POINT('',(3.492483877286,4.078270314913,2.074348315297
    ));
#4116 = CARTESIAN_POINT('',(3.471183853683,4.056072670205,2.089063922774
    ));
#4117 = CARTESIAN_POINT('',(3.42880210723,3.979690561525,2.129734798089)
  );
#4118 = CARTESIAN_POINT('',(3.40769798898,3.92437946071,2.156072880668)
  );
#4119 = CARTESIAN_POINT('',(3.406791509237,3.833165846975,2.187765754648
    ));
#4120 = CARTESIAN_POINT('',(3.407930644534,3.813899928661,2.19399693823)
  );
#4121 = CARTESIAN_POINT('',(3.412183717107,3.783771581634,2.202875125582
    ));
#4122 = CARTESIAN_POINT('',(3.413108242776,3.778982494308,2.204199363009
    ));
#4123 = CARTESIAN_POINT('',(3.41523662541,3.768040831347,2.207221870362)
  );
#4124 = CARTESIAN_POINT('',(3.416429201575,3.762520742549,2.208706088604
    ));
#4125 = CARTESIAN_POINT('',(3.423066776298,3.734704793236,2.215970009973
    ));
#4126 = CARTESIAN_POINT('',(3.430542679836,3.711748012183,2.221280704866
    ));
#4127 = CARTESIAN_POINT('',(3.460586673954,3.642286686594,2.234800418866
    ));
#4128 = CARTESIAN_POINT('',(3.490988716635,3.595010713593,2.240580504774
    ));
#4129 = CARTESIAN_POINT('',(3.53294920882,3.553050221408,2.240580504773)
  );
#4130 = B_SPLINE_SURFACE_WITH_KNOTS('',3,3,(
    (#4131,#4132,#4133,#4134,#4135,#4136,#4137,#4138)
    ,(#4139,#4140,#4141,#4142,#4143,#4144,#4145,#4146)
    ,(#4147,#4148,#4149,#4150,#4151,#4152,#4153,#4154)
    ,(#4155,#4156,#4157,#4158,#4159,#4160,#4161,#4162)
    ,(#4163,#4164,#4165,#4166,#4167,#4168,#4169,#4170)
    ,(#4171,#4172,#4173,#4174,#4175,#4176,#4177,#4178)
    ,(#4179,#4180,#4181,#4182,#4183,#4184,#4185,#4186)
    ,(#4187,#4188,#4189,#4190,#4191,#4192,#4193,#4194)
    ,(#4195,#4196,#4197,#4198,#4199,#4200,#4201,#4202)
    ,(#4203,#4204,#4205,#4206,#4207,#4208,#4209,#4210)
    ,(#4211,#4212,#4213,#4214,#4215,#4216,#4217,#4218)
    ,(#4219,#4220,#4221,#4222,#4223,#4224,#4225,#4226
  )),.UNSPECIFIED.,.F.,.F.,.F.,(4,2,2,2,2,4),(4,2,2,4),(0.,0.25,0.5,
    0.625,0.75,1.),(0.,0.25,0.75,1.),.UNSPECIFIED.);
#4131 = CARTESIAN_POINT('',(3.53294920882,3.553050221408,2.240580504773)
  );
#4132 = CARTESIAN_POINT('',(3.522252539521,3.542353552109,2.208755448079
    ));
#4133 = CARTESIAN_POINT('',(3.514432081587,3.534533094175,2.177074541683
    ));
#4134 = CARTESIAN_POINT('',(3.499599341878,3.519700354466,2.082464273391
    ));
#4135 = CARTESIAN_POINT('',(3.501215694195,3.521316706783,2.019967362389
    ));
#4136 = CARTESIAN_POINT('',(3.520897490856,3.540998503444,1.927086897678
    ));
#4137 = CARTESIAN_POINT('',(3.530334301107,3.550435313695,1.896270893073
    ));
#4138 = CARTESIAN_POINT('',(3.542647322723,3.56274833531,1.865599038766)
  );
#4139 = CARTESIAN_POINT('',(3.49573600896,3.590263421267,2.240580504773)
  );
#4140 = CARTESIAN_POINT('',(3.485157544649,3.579684956956,2.209107135162
    ));
#4141 = CARTESIAN_POINT('',(3.477218802872,3.57174637289,2.177074541683)
  );
#4142 = CARTESIAN_POINT('',(3.462385944879,3.556913751464,2.082464273391
    ));
#4143 = CARTESIAN_POINT('',(3.464002218341,3.558530182637,2.019967362389
    ));
#4144 = CARTESIAN_POINT('',(3.483683896718,3.578212097582,1.927086897678
    ));
#4145 = CARTESIAN_POINT('',(3.493256766561,3.587785125136,1.895931770901
    ));
#4146 = CARTESIAN_POINT('',(3.505433649729,3.599962008304,1.865599038766
    ));
#4147 = CARTESIAN_POINT('',(3.465232047819,3.634276294246,2.235948026315
    ));
#4148 = CARTESIAN_POINT('',(3.455038918794,3.624036561054,2.205577341357
    ));
#4149 = CARTESIAN_POINT('',(3.447281719764,3.616243877504,2.174230499461
    ));
#4150 = CARTESIAN_POINT('',(3.432911123454,3.601800859673,2.082101180866
    ));
#4151 = CARTESIAN_POINT('',(3.434489260457,3.60337656485,2.021119788762)
  );
#4152 = CARTESIAN_POINT('',(3.453581912512,3.622541293553,1.930672540196
    ));
#4153 = CARTESIAN_POINT('',(3.462937852818,3.631933998423,1.900185580683
    ));
#4154 = CARTESIAN_POINT('',(3.474672040884,3.643717914436,1.870917428377
    ));
#4155 = CARTESIAN_POINT('',(3.422632687581,3.727707717327,2.218516686255
    ));
#4156 = CARTESIAN_POINT('',(3.413663858165,3.718603480929,2.191719916053
    ));
#4157 = CARTESIAN_POINT('',(3.406731054797,3.711567221787,2.163471972387
    ));
#4158 = CARTESIAN_POINT('',(3.394024114902,3.69864942789,2.080695585889)
  );
#4159 = CARTESIAN_POINT('',(3.395454615469,3.700072634971,2.025496934433
    ));
#4160 = CARTESIAN_POINT('',(3.412405127296,3.717232081913,1.94422234803)
  );
#4161 = CARTESIAN_POINT('',(3.420777943729,3.72571133713,1.916748863622)
  );
#4162 = CARTESIAN_POINT('',(3.431103854854,3.736181700685,1.890929734275
    ));
#4163 = CARTESIAN_POINT('',(3.41007565229,3.778201755838,2.205507322341)
  );
#4164 = CARTESIAN_POINT('',(3.401945787198,3.769894285115,2.181181782242
    ));
#4165 = CARTESIAN_POINT('',(3.395655110583,3.763467811077,2.155375244623
    ));
#4166 = CARTESIAN_POINT('',(3.384146297701,3.751682312983,2.079598007817
    ));
#4167 = CARTESIAN_POINT('',(3.38546366749,3.752990054032,2.028807875102)
  );
#4168 = CARTESIAN_POINT('',(3.400857797691,3.768658080916,1.954399902009
    ));
#4169 = CARTESIAN_POINT('',(3.408463693629,3.776403470378,1.929299984842
    ));
#4170 = CARTESIAN_POINT('',(3.417824022915,3.78595324863,1.905865298625)
  );
#4171 = CARTESIAN_POINT('',(3.406187438581,3.852527333306,2.181352928991
    ));
#4172 = CARTESIAN_POINT('',(3.399595768085,3.845771273734,2.161660555866
    ));
#4173 = CARTESIAN_POINT('',(3.394512817368,3.840562648878,2.140462386167
    ));
#4174 = CARTESIAN_POINT('',(3.38522672146,3.83102063561,2.077649957544)
  );
#4175 = CARTESIAN_POINT('',(3.386335988228,3.832121197924,2.034883500139
    ));
#4176 = CARTESIAN_POINT('',(3.398843173503,3.84488193156,1.97318592674)
  );
#4177 = CARTESIAN_POINT('',(3.405006585601,3.851174402378,1.952562461407
    ));
#4178 = CARTESIAN_POINT('',(3.412594047004,3.858937118519,1.933596048345
    ));
#4179 = CARTESIAN_POINT('',(3.407350735716,3.877558986844,2.172370151832
    ));
#4180 = CARTESIAN_POINT('',(3.401306124185,3.87135972817,2.15432807989)
  );
#4181 = CARTESIAN_POINT('',(3.396656183202,3.866591570328,2.134832402116
    ));
#4182 = CARTESIAN_POINT('',(3.388158937739,3.857853644608,2.076864587322
    ));
#4183 = CARTESIAN_POINT('',(3.389187769224,3.858874367434,2.0371971943)
  );
#4184 = CARTESIAN_POINT('',(3.400657798803,3.870582928946,1.980252703368
    ));
#4185 = CARTESIAN_POINT('',(3.406301476402,3.876347995782,1.961284001011
    ));
#4186 = CARTESIAN_POINT('',(3.413258400505,3.883469747534,1.943908831491
    ));
#4187 = CARTESIAN_POINT('',(3.4145076056,3.925717669808,2.153401332579)
  );
#4188 = CARTESIAN_POINT('',(3.409602237762,3.920684309602,2.138792555663
    ));
#4189 = CARTESIAN_POINT('',(3.405853632713,3.91683787548,2.122878062891)
  );
#4190 = CARTESIAN_POINT('',(3.398995332623,3.909780474116,2.075159266074
    ));
#4191 = CARTESIAN_POINT('',(3.39985190691,3.910630443069,2.042126758294)
  );
#4192 = CARTESIAN_POINT('',(3.409157625063,3.92013355903,1.995239380929)
  );
#4193 = CARTESIAN_POINT('',(3.413717553756,3.924793908192,1.979751788507
    ));
#4194 = CARTESIAN_POINT('',(3.419361673458,3.930574368248,1.965686100601
    ));
#4195 = CARTESIAN_POINT('',(3.420443820102,3.949008241696,2.143378877775
    ));
#4196 = CARTESIAN_POINT('',(3.416130636991,3.94458397906,2.130553094701)
  );
#4197 = CARTESIAN_POINT('',(3.412850232244,3.941218682195,2.116522186619
    ));
#4198 = CARTESIAN_POINT('',(3.406841460532,3.935037180117,2.074229806201
    ));
#4199 = CARTESIAN_POINT('',(3.407605583408,3.935795637438,2.044757577335
    ));
#4200 = CARTESIAN_POINT('',(3.41578357928,3.94414494245,2.003196243322)
  );
#4201 = CARTESIAN_POINT('',(3.419779367667,3.948227858474,1.989539889471
    ));
#4202 = CARTESIAN_POINT('',(3.424741220268,3.953307991221,1.977192439637
    ));
#4203 = CARTESIAN_POINT('',(3.44539097547,4.016491845599,2.111682505312)
  );
#4204 = CARTESIAN_POINT('',(3.442886741529,4.013932774147,2.104286045173
    ));
#4205 = CARTESIAN_POINT('',(3.441020686019,4.0120248369,2.09612512631));
#4206 = CARTESIAN_POINT('',(3.437578358578,4.008497390509,2.071076160736
    ));
#4207 = CARTESIAN_POINT('',(3.438039681324,4.008956081155,2.053270217956
    ));
#4208 = CARTESIAN_POINT('',(3.44276699246,4.013767960398,2.028644840185)
  );
#4209 = CARTESIAN_POINT('',(3.445049342097,4.016093271827,2.020698856452
    ));
#4210 = CARTESIAN_POINT('',(3.447927948014,4.01903016494,2.013581646953)
  );
#4211 = CARTESIAN_POINT('',(3.471348080214,4.057134517839,2.088844097905
    ));
#4212 = CARTESIAN_POINT('',(3.470090958359,4.055877395984,2.08517816649)
  );
#4213 = CARTESIAN_POINT('',(3.469180878051,4.054967315676,2.081161581071
    ));
#4214 = CARTESIAN_POINT('',(3.467477516971,4.053263954597,2.068612037746
    ));
#4215 = CARTESIAN_POINT('',(3.467711116043,4.05349755367,2.059579292771)
  );
#4216 = CARTESIAN_POINT('',(3.470058295157,4.055844732785,2.047239300949
    ));
#4217 = CARTESIAN_POINT('',(3.471173484945,4.056959922574,2.043327491282
    ));
#4218 = CARTESIAN_POINT('',(3.47261672322,4.058403160848,2.039801260869)
  );
#4219 = CARTESIAN_POINT('',(3.5046376797,4.090424117327,2.066012747112)
  );
#4220 = CARTESIAN_POINT('',(3.5046376797,4.090424117327,2.066012747112)
  );
#4221 = CARTESIAN_POINT('',(3.5046376797,4.090424117327,2.066012747112)
  );
#4222 = CARTESIAN_POINT('',(3.5046376797,4.090424117327,2.066012747112)
  );
#4223 = CARTESIAN_POINT('',(3.5046376797,4.090424117327,2.066012747112)
  );
#4224 = CARTESIAN_POINT('',(3.5046376797,4.090424117327,2.066012747112)
  );
#4225 = CARTESIAN_POINT('',(3.5046376797,4.090424117327,2.066012747112)
  );
#4226 = CARTESIAN_POINT('',(3.5046376797,4.090424117327,2.066012747112)
  );
#4227 = ADVANCED_FACE('',(#4228),#4234,.T.);
#4228 = FACE_BOUND('',#4229,.T.);
#4229 = EDGE_LOOP('',(#4230,#4231,#4232,#4233));
#4230 = ORIENTED_EDGE('',*,*,#3618,.F.);
#4231 = ORIENTED_EDGE('',*,*,#4019,.F.);
#4232 = ORIENTED_EDGE('',*,*,#4112,.T.);
#4233 = ORIENTED_EDGE('',*,*,#3928,.F.);
#4234 = ( BOUNDED_SURFACE() B_SPLINE_SURFACE(3,2,(
    (#4235,#4236,#4237)
    ,(#4238,#4239,#4240)
    ,(#4241,#4242,#4243)
    ,(#4244,#4245,#4246)
    ,(#4247,#4248,#4249)
    ,(#4250,#4251,#4252)
    ,(#4253,#4254,#4255)
    ,(#4256,#4257,#4258)
    ,(#4259,#4260,#4261)
    ,(#4262,#4263,#4264)
    ,(#4265,#4266,#4267)
    ,(#4268,#4269,#4270)
    ,(#4271,#4272,#4273)
    ,(#4274,#4275,#4276)
    ,(#4277,#4278,#4279)
    ,(#4280,#4281,#4282
)),.UNSPECIFIED.,.F.,.F.,.F.) B_SPLINE_SURFACE_WITH_KNOTS((4,2,2,2,2,2,2
    ,4),(3,3),(3.356062343E-03,3.777932238E-03,3.988867185E-03,
    4.094334659E-03,4.147068396E-03,4.173435264E-03,4.186618699E-03,
    4.199802133E-03),(0.,1.),.UNSPECIFIED.) 
GEOMETRIC_REPRESENTATION_ITEM() RATIONAL_B_SPLINE_SURFACE((
    (1.,0.707106781186,1.)
    ,(1.,0.707106781186,1.)
    ,(1.,0.707106781186,1.)
    ,(1.,0.707106781186,1.)
    ,(1.,0.707106781186,1.)
    ,(1.,0.707106781186,1.)
    ,(1.,0.707106781186,1.)
    ,(1.,0.707106781186,1.)
    ,(1.,0.707106781186,1.)
    ,(1.,0.707106781186,1.)
    ,(1.,0.707106781186,1.)
    ,(1.,0.707106781186,1.)
    ,(1.,0.707106781186,1.)
    ,(1.,0.707106781186,1.)
    ,(1.,0.707106781186,1.)
,(1.,0.707106781186,1.))) REPRESENTATION_ITEM('') SURFACE() );
#4235 = CARTESIAN_POINT('',(3.983335078979,4.569121516606,2.544870638772
    ));
#4236 = CARTESIAN_POINT('',(3.860540284706,4.446326722333,2.905207810043
    ));
#4237 = CARTESIAN_POINT('',(4.143382997181,4.163484009859,2.905207810043
    ));
#4238 = CARTESIAN_POINT('',(3.893809405476,4.479595843103,2.483853985871
    ));
#4239 = CARTESIAN_POINT('',(3.763740559755,4.349526997382,2.839233494692
    ));
#4240 = CARTESIAN_POINT('',(4.046583274919,4.066684287597,2.839233478619
    ));
#4241 = CARTESIAN_POINT('',(3.805615980659,4.391402418286,2.418013103692
    ));
#4242 = CARTESIAN_POINT('',(3.667482423105,4.253268860732,2.767895469587
    ));
#4243 = CARTESIAN_POINT('',(3.950325150393,3.97042616307,2.767895436856)
  );
#4244 = CARTESIAN_POINT('',(3.680125484519,4.265911922146,2.304429679933
    ));
#4245 = CARTESIAN_POINT('',(3.520487796862,4.106274234489,2.634848303526
    ));
#4246 = CARTESIAN_POINT('',(3.803330501931,3.823431514608,2.634848319891
    ));
#4247 = CARTESIAN_POINT('',(3.63920785399,4.224994291617,2.263924964333)
  );
#4248 = CARTESIAN_POINT('',(3.471021348256,4.056807785883,2.586436796146
    ));
#4249 = CARTESIAN_POINT('',(3.753864102119,3.773965114797,2.586436726081
    ));
#4250 = CARTESIAN_POINT('',(3.581992352414,4.167778790041,2.196328053196
    ));
#4251 = CARTESIAN_POINT('',(3.394080298871,3.979866736498,2.495535193973
    ));
#4252 = CARTESIAN_POINT('',(3.676922990652,3.697024003329,2.495535229005
    ));
#4253 = CARTESIAN_POINT('',(3.563588556449,4.149374994076,2.172652807273
    ));
#4254 = CARTESIAN_POINT('',(3.368040991472,3.953827429099,2.462528879583
    ));
#4255 = CARTESIAN_POINT('',(3.65088381058,3.670984823258,2.462528738314)
  );
#4256 = CARTESIAN_POINT('',(3.5379948806,4.123781318227,2.134014897108)
  );
#4257 = CARTESIAN_POINT('',(3.326140403402,3.911926841029,2.399272767329
    ));
#4258 = CARTESIAN_POINT('',(3.60898306256,3.629084075238,2.399272837963)
  );
#4259 = CARTESIAN_POINT('',(3.529864041454,4.115650479081,2.120710184764
    ));
#4260 = CARTESIAN_POINT('',(3.311845914439,3.897632352066,2.376258414919
    ));
#4261 = CARTESIAN_POINT('',(3.594688895724,3.614789908401,2.376258129432
    ));
#4262 = CARTESIAN_POINT('',(3.518689888984,4.104476326611,2.099667131713
    ));
#4263 = CARTESIAN_POINT('',(3.288446839261,3.874233276888,2.332192901922
    ));
#4264 = CARTESIAN_POINT('',(3.571289417331,3.591390430009,2.332193044666
    ));
#4265 = CARTESIAN_POINT('',(3.515135019579,4.100921457206,2.092472317663
    ));
#4266 = CARTESIAN_POINT('',(3.280347843819,3.866134281446,2.316059537038
    ));
#4267 = CARTESIAN_POINT('',(3.563191164429,3.583292177106,2.316059005152
    ));
#4268 = CARTESIAN_POINT('',(3.510221231346,4.096007668973,2.081235424847
    ));
#4269 = CARTESIAN_POINT('',(3.266781122155,3.852567559782,2.28503345972)
  );
#4270 = CARTESIAN_POINT('',(3.549623530562,3.56972454324,2.285033725663)
  );
#4271 = CARTESIAN_POINT('',(3.508652885322,4.094439322949,2.077415861785
    ));
#4272 = CARTESIAN_POINT('',(3.262037987767,3.847824425394,2.273642307231
    ));
#4273 = CARTESIAN_POINT('',(3.544881912996,3.564982925674,2.273641408257
    ));
#4274 = CARTESIAN_POINT('',(3.505735548741,4.091521986368,2.069543671206
    ));
#4275 = CARTESIAN_POINT('',(3.251319490298,3.837105927924,2.244714536281
    ));
#4276 = CARTESIAN_POINT('',(3.534160990018,3.554262002696,2.244715435254
    ));
#4277 = CARTESIAN_POINT('',(3.504357510012,4.090143947639,2.065491595307
    ));
#4278 = CARTESIAN_POINT('',(3.245292957123,3.83107939475,2.228895324849)
  );
#4279 = CARTESIAN_POINT('',(3.52812243946,3.548223452137,2.228901548509)
  );
#4280 = CARTESIAN_POINT('',(3.503307258698,4.089093696325,2.061316292971
    ));
#4281 = CARTESIAN_POINT('',(3.236909084663,3.82269552229,2.195718769666)
  );
#4282 = CARTESIAN_POINT('',(3.519751797138,3.539852809815,2.195718769666
    ));
#4283 = ADVANCED_FACE('',(#4284),#4304,.T.);
#4284 = FACE_BOUND('',#4285,.T.);
#4285 = EDGE_LOOP('',(#4286,#4301,#4302,#4303));
#4286 = ORIENTED_EDGE('',*,*,#4287,.F.);
#4287 = EDGE_CURVE('',#3962,#3495,#4288,.T.);
#4288 = B_SPLINE_CURVE_WITH_KNOTS('',3,(#4289,#4290,#4291,#4292,#4293,
    #4294,#4295,#4296,#4297,#4298,#4299,#4300),.UNSPECIFIED.,.F.,.F.,(4,
    2,2,2,2,4),(0.,0.25,0.5,0.625,0.75,1.),.UNSPECIFIED.);
#4289 = CARTESIAN_POINT('',(3.683608577373,3.4208668772,1.866748578271)
  );
#4290 = CARTESIAN_POINT('',(3.720821582244,3.383653872329,1.866748578271
    ));
#4291 = CARTESIAN_POINT('',(3.764589146408,3.352904883238,1.872036404931
    ));
#4292 = CARTESIAN_POINT('',(3.857097800269,3.30938324429,1.891933731789)
  );
#4293 = CARTESIAN_POINT('',(3.906903290645,3.296137787403,1.906783522853
    ));
#4294 = CARTESIAN_POINT('',(3.979950554668,3.290971283333,1.93435502666)
  );
#4295 = CARTESIAN_POINT('',(4.004506839672,3.291659178793,1.944608595097
    ));
#4296 = CARTESIAN_POINT('',(4.05166180767,3.297812142183,1.966260972504)
  );
#4297 = CARTESIAN_POINT('',(4.074422060091,3.303217921379,1.977701325389
    ));
#4298 = CARTESIAN_POINT('',(4.140228534214,3.326487533613,2.01388185218)
  );
#4299 = CARTESIAN_POINT('',(4.179662979651,3.351235854908,2.039951321621
    ));
#4300 = CARTESIAN_POINT('',(4.21174446088,3.383317336134,2.06601274706)
  );
#4301 = ORIENTED_EDGE('',*,*,#3961,.F.);
#4302 = ORIENTED_EDGE('',*,*,#3580,.F.);
#4303 = ORIENTED_EDGE('',*,*,#3509,.F.);
#4304 = ( BOUNDED_SURFACE() B_SPLINE_SURFACE(3,2,(
    (#4305,#4306,#4307)
    ,(#4308,#4309,#4310)
    ,(#4311,#4312,#4313)
    ,(#4314,#4315,#4316)
    ,(#4317,#4318,#4319)
    ,(#4320,#4321,#4322)
    ,(#4323,#4324,#4325)
    ,(#4326,#4327,#4328)
    ,(#4329,#4330,#4331)
    ,(#4332,#4333,#4334)
    ,(#4335,#4336,#4337)
    ,(#4338,#4339,#4340)
    ,(#4341,#4342,#4343)
    ,(#4344,#4345,#4346)
    ,(#4347,#4348,#4349)
    ,(#4350,#4351,#4352
)),.UNSPECIFIED.,.F.,.F.,.F.) B_SPLINE_SURFACE_WITH_KNOTS((4,2,2,2,2,2,2
    ,4),(3,3),(2.985710838E-03,2.998301509E-03,3.010892179E-03,
    3.036073521E-03,3.086436203E-03,3.187161567E-03,3.388612297E-03,
    3.791513755E-03),(0.,1.),.UNSPECIFIED.) 
GEOMETRIC_REPRESENTATION_ITEM() RATIONAL_B_SPLINE_SURFACE((
    (1.,0.707106781186,1.)
    ,(1.,0.707106781186,1.)
    ,(1.,0.707106781186,1.)
    ,(1.,0.707106781186,1.)
    ,(1.,0.707106781186,1.)
    ,(1.,0.707106781186,1.)
    ,(1.,0.707106781186,1.)
    ,(1.,0.707106781186,1.)
    ,(1.,0.707106781186,1.)
    ,(1.,0.707106781186,1.)
    ,(1.,0.707106781186,1.)
    ,(1.,0.707106781186,1.)
    ,(1.,0.707106781186,1.)
    ,(1.,0.707106781186,1.)
    ,(1.,0.707106781186,1.)
,(1.,0.707106781186,1.))) REPRESENTATION_ITEM('') SURFACE() );
#4305 = CARTESIAN_POINT('',(3.668812130899,3.406070431102,1.908306034893
    ));
#4306 = CARTESIAN_POINT('',(3.951654843374,3.123227718628,1.908306034893
    ));
#4307 = CARTESIAN_POINT('',(4.210261613458,3.381834488711,2.070309358728
    ));
#4308 = CARTESIAN_POINT('',(3.678448034193,3.415706334396,1.877542347227
    ));
#4309 = CARTESIAN_POINT('',(3.961339131306,3.132912006559,1.877571685705
    ));
#4310 = CARTESIAN_POINT('',(4.211464117335,3.383036992589,2.066480314762
    ));
#4311 = CARTESIAN_POINT('',(3.684818269164,3.422076569368,1.86328660555)
  );
#4312 = CARTESIAN_POINT('',(3.967662164111,3.139235039365,1.863287631852
    ));
#4313 = CARTESIAN_POINT('',(4.212946633452,3.384519508706,2.062786792707
    ));
#4314 = CARTESIAN_POINT('',(3.696354019822,3.433612320025,1.836704370591
    ));
#4315 = CARTESIAN_POINT('',(3.979195549824,3.150768425078,1.836703344289
    ));
#4316 = CARTESIAN_POINT('',(4.216039925789,3.387612801043,2.055657947964
    ));
#4317 = CARTESIAN_POINT('',(3.701393988483,3.438652288686,1.826234465077
    ));
#4318 = CARTESIAN_POINT('',(3.984237005576,3.15580988083,1.826234771994)
  );
#4319 = CARTESIAN_POINT('',(4.217677490093,3.389250365346,2.052215172893
    ));
#4320 = CARTESIAN_POINT('',(3.715725463309,3.452983763512,1.797786273376
    ));
#4321 = CARTESIAN_POINT('',(3.998567566548,3.170140441802,1.797785659542
    ));
#4322 = CARTESIAN_POINT('',(4.222763554935,3.394336430188,2.042118817106
    ));
#4323 = CARTESIAN_POINT('',(3.72414907006,3.461407370263,1.783071910317)
  );
#4324 = CARTESIAN_POINT('',(4.006991919356,3.17856479461,1.783072075532)
  );
#4325 = CARTESIAN_POINT('',(4.226385946648,3.397958821902,2.035697900555
    ));
#4326 = CARTESIAN_POINT('',(3.748319023451,3.485577323654,1.74303940201)
  );
#4327 = CARTESIAN_POINT('',(4.031161462282,3.202734337536,1.743039071581
    ));
#4328 = CARTESIAN_POINT('',(4.23767501328,3.409247888534,2.016999636316)
  );
#4329 = CARTESIAN_POINT('',(3.762834180107,3.50009248031,1.722356481687)
  );
#4330 = CARTESIAN_POINT('',(4.045676947326,3.21724982258,1.722356563482)
  );
#4331 = CARTESIAN_POINT('',(4.245765152331,3.417338027584,2.005288878228
    ));
#4332 = CARTESIAN_POINT('',(3.805062984009,3.542321284212,1.665829928593
    ));
#4333 = CARTESIAN_POINT('',(4.087905586995,3.259478462248,1.665829765004
    ));
#4334 = CARTESIAN_POINT('',(4.27102350463,3.442596379884,1.971478448478)
  );
#4335 = CARTESIAN_POINT('',(3.831342285435,3.568600585638,1.636252670606
    ));
#4336 = CARTESIAN_POINT('',(4.114185019733,3.285757894987,1.636252712315
    ));
#4337 = CARTESIAN_POINT('',(4.289265137981,3.460838013235,1.95063879347)
  );
#4338 = CARTESIAN_POINT('',(3.907798382798,3.645056683001,1.556243637708
    ));
#4339 = CARTESIAN_POINT('',(4.190641051625,3.362213926879,1.556243554291
    ));
#4340 = CARTESIAN_POINT('',(4.34520695622,3.516779831474,1.892097249503)
  );
#4341 = CARTESIAN_POINT('',(3.955822792022,3.693081092225,1.514915030497
    ));
#4342 = CARTESIAN_POINT('',(4.23866551174,3.410238386994,1.514915048759)
  );
#4343 = CARTESIAN_POINT('',(4.3844591979,3.556032073154,1.857892144395)
  );
#4344 = CARTESIAN_POINT('',(4.09867603055,3.835934330753,1.401595600473)
  );
#4345 = CARTESIAN_POINT('',(4.381518728538,3.553091603792,1.401595563948
    ));
#4346 = CARTESIAN_POINT('',(4.505042083729,3.676614958982,1.762238796623
    ));
#4347 = CARTESIAN_POINT('',(4.191464143584,3.928722443787,1.342314985425
    ));
#4348 = CARTESIAN_POINT('',(4.474306853807,3.645879729061,1.342314967535
    ));
#4349 = CARTESIAN_POINT('',(4.589415813263,3.760988688516,1.707874365596
    ));
#4350 = CARTESIAN_POINT('',(4.284674058091,4.021932358294,1.288124326605
    ));
#4351 = CARTESIAN_POINT('',(4.567516770565,3.739089645819,1.288124326605
    ));
#4352 = CARTESIAN_POINT('',(4.675060350011,3.846633225265,1.65808210398)
  );
#4353 = ADVANCED_FACE('',(#4354),#4377,.T.);
#4354 = FACE_BOUND('',#4355,.T.);
#4355 = EDGE_LOOP('',(#4356,#4357,#4358));
#4356 = ORIENTED_EDGE('',*,*,#3974,.F.);
#4357 = ORIENTED_EDGE('',*,*,#4287,.T.);
#4358 = ORIENTED_EDGE('',*,*,#4359,.F.);
#4359 = EDGE_CURVE('',#3975,#3495,#4360,.T.);
#4360 = B_SPLINE_CURVE_WITH_KNOTS('',3,(#4361,#4362,#4363,#4364,#4365,
    #4366,#4367,#4368,#4369,#4370,#4371,#4372,#4373,#4374,#4375,#4376),
  .UNSPECIFIED.,.F.,.F.,(4,2,2,2,2,2,2,4),(0.,0.25,0.375,0.40625,0.4375,
    0.5,0.75,1.),.UNSPECIFIED.);
#4361 = CARTESIAN_POINT('',(3.674646608227,3.41190490843,2.24139993789)
  );
#4362 = CARTESIAN_POINT('',(3.715949775139,3.370601741519,2.241399937891
    ));
#4363 = CARTESIAN_POINT('',(3.76253383829,3.340358835537,2.235769192205)
  );
#4364 = CARTESIAN_POINT('',(3.831402344,3.310178195599,2.222422469997));
#4365 = CARTESIAN_POINT('',(3.854230244383,3.302597717218,2.217161630329
    ));
#4366 = CARTESIAN_POINT('',(3.88198627765,3.295805874492,2.209930280595)
  );
#4367 = CARTESIAN_POINT('',(3.885661250165,3.294885792976,2.208980953175
    ));
#4368 = CARTESIAN_POINT('',(3.905865757264,3.290982330961,2.203356289403
    ));
#4369 = CARTESIAN_POINT('',(3.915794009591,3.289468106283,2.200450019905
    ));
#4370 = CARTESIAN_POINT('',(3.944958974532,3.286107294751,2.191530368453
    ));
#4371 = CARTESIAN_POINT('',(3.963569305407,3.285442427572,2.185318487376
    ));
#4372 = CARTESIAN_POINT('',(4.051582454985,3.288212028922,2.15387858981)
  );
#4373 = CARTESIAN_POINT('',(4.104724883958,3.309208019168,2.128188140669
    ));
#4374 = CARTESIAN_POINT('',(4.178377569429,3.350819524469,2.08851637988)
  );
#4375 = CARTESIAN_POINT('',(4.199901833794,3.371474709048,2.074181884153
    ));
#4376 = CARTESIAN_POINT('',(4.21174446088,3.383317336134,2.06601274706)
  );
#4377 = B_SPLINE_SURFACE_WITH_KNOTS('',3,3,(
    (#4378,#4379,#4380,#4381,#4382,#4383,#4384,#4385)
    ,(#4386,#4387,#4388,#4389,#4390,#4391,#4392,#4393)
    ,(#4394,#4395,#4396,#4397,#4398,#4399,#4400,#4401)
    ,(#4402,#4403,#4404,#4405,#4406,#4407,#4408,#4409)
    ,(#4410,#4411,#4412,#4413,#4414,#4415,#4416,#4417)
    ,(#4418,#4419,#4420,#4421,#4422,#4423,#4424,#4425)
    ,(#4426,#4427,#4428,#4429,#4430,#4431,#4432,#4433)
    ,(#4434,#4435,#4436,#4437,#4438,#4439,#4440,#4441)
    ,(#4442,#4443,#4444,#4445,#4446,#4447,#4448,#4449)
    ,(#4450,#4451,#4452,#4453,#4454,#4455,#4456,#4457)
    ,(#4458,#4459,#4460,#4461,#4462,#4463,#4464,#4465)
    ,(#4466,#4467,#4468,#4469,#4470,#4471,#4472,#4473
  )),.UNSPECIFIED.,.F.,.F.,.F.,(4,2,2,2,2,4),(4,2,2,4),(0.,0.25,0.375,
    0.5,0.75,1.),(0.,0.25,0.75,1.),.UNSPECIFIED.);
#4378 = CARTESIAN_POINT('',(4.211744460887,3.383317336141,2.066012747056
    ));
#4379 = CARTESIAN_POINT('',(4.211744460887,3.383317336141,2.066012747056
    ));
#4380 = CARTESIAN_POINT('',(4.211744460887,3.383317336141,2.066012747056
    ));
#4381 = CARTESIAN_POINT('',(4.211744460887,3.383317336141,2.066012747056
    ));
#4382 = CARTESIAN_POINT('',(4.211744460887,3.383317336141,2.066012747056
    ));
#4383 = CARTESIAN_POINT('',(4.211744460887,3.383317336141,2.066012747056
    ));
#4384 = CARTESIAN_POINT('',(4.211744460887,3.383317336141,2.066012747056
    ));
#4385 = CARTESIAN_POINT('',(4.211744460887,3.383317336141,2.066012747056
    ));
#4386 = CARTESIAN_POINT('',(4.178491216802,3.350064092054,2.088951095764
    ));
#4387 = CARTESIAN_POINT('',(4.177229423238,3.34880229849,2.085292704316)
  );
#4388 = CARTESIAN_POINT('',(4.176313365459,3.347886240711,2.081283390418
    ));
#4389 = CARTESIAN_POINT('',(4.174589179226,3.34616205448,2.068753237665)
  );
#4390 = CARTESIAN_POINT('',(4.174805037875,3.34637791313,2.05973018775)
  );
#4391 = CARTESIAN_POINT('',(4.177123919035,3.348696794292,2.047393415906
    ));
#4392 = CARTESIAN_POINT('',(4.178229394953,3.34980227021,2.043480792464)
  );
#4393 = CARTESIAN_POINT('',(4.179662979651,3.351235854908,2.039951321621
    ));
#4394 = CARTESIAN_POINT('',(4.137885540598,3.324142658813,2.11189655683)
  );
#4395 = CARTESIAN_POINT('',(4.135314791284,3.321630087561,2.104512804731
    ));
#4396 = CARTESIAN_POINT('',(4.133394329799,3.319752192675,2.096364617746
    ));
#4397 = CARTESIAN_POINT('',(4.129826798755,3.316267876576,2.071350494065
    ));
#4398 = CARTESIAN_POINT('',(4.130254856108,3.316692207468,2.053563514416
    ));
#4399 = CARTESIAN_POINT('',(4.135009980425,3.321363326007,2.028948344825
    ));
#4400 = CARTESIAN_POINT('',(4.137314284879,3.323626586699,2.021002878814
    ));
#4401 = CARTESIAN_POINT('',(4.140228534214,3.326487533613,2.01388185218)
  );
#4402 = CARTESIAN_POINT('',(4.070452588349,3.29924516909,2.143741688524)
  );
#4403 = CARTESIAN_POINT('',(4.066007574004,3.294918210848,2.130934157073
    ));
#4404 = CARTESIAN_POINT('',(4.062620899986,3.29161784043,2.116921943058)
  );
#4405 = CARTESIAN_POINT('',(4.056373029506,3.285538413172,2.074681804724
    ));
#4406 = CARTESIAN_POINT('',(4.057082645933,3.286240018024,2.045239878466
    ));
#4407 = CARTESIAN_POINT('',(4.065335839914,3.2943227412,2.003701892773)
  );
#4408 = CARTESIAN_POINT('',(4.069382083122,3.298285830994,1.990050081372
    ));
#4409 = CARTESIAN_POINT('',(4.074422060091,3.303217921379,1.977701325389
    ));
#4410 = CARTESIAN_POINT('',(4.047178014148,3.293324675691,2.153811181885
    ));
#4411 = CARTESIAN_POINT('',(4.042121033562,3.288403776216,2.139222160135
    ));
#4412 = CARTESIAN_POINT('',(4.038250436837,3.284632645364,2.123327983293
    ));
#4413 = CARTESIAN_POINT('',(4.031118476702,3.277694751788,2.075666245324
    ));
#4414 = CARTESIAN_POINT('',(4.031913980176,3.27848091693,2.042667328443)
  );
#4415 = CARTESIAN_POINT('',(4.041308496167,3.287678938349,1.9958080123)
  );
#4416 = CARTESIAN_POINT('',(4.045927136304,3.292201763792,1.980326602865
    ));
#4417 = CARTESIAN_POINT('',(4.05166180767,3.297812142183,1.966260972504)
  );
#4418 = CARTESIAN_POINT('',(3.999049572278,3.286197589248,2.172869030395
    ));
#4419 = CARTESIAN_POINT('',(3.992821493373,3.280134022222,2.154849223542
    ));
#4420 = CARTESIAN_POINT('',(3.988023969318,3.275456726756,2.135376564402
    ));
#4421 = CARTESIAN_POINT('',(3.979195950309,3.266863166738,2.077473986757
    ));
#4422 = CARTESIAN_POINT('',(3.980151216825,3.26780697336,2.03784600192)
  );
#4423 = CARTESIAN_POINT('',(3.991727464654,3.279145703162,1.980939256651
    ));
#4424 = CARTESIAN_POINT('',(3.997441335531,3.284743814119,1.961980327848
    ));
#4425 = CARTESIAN_POINT('',(4.004506839672,3.291659178793,1.944608595097
    ));
#4426 = CARTESIAN_POINT('',(3.974032107582,3.285048401384,2.181894011527
    ));
#4427 = CARTESIAN_POINT('',(3.967244896601,3.278436108039,2.162224909873
    ));
#4428 = CARTESIAN_POINT('',(3.962004494647,3.273323526115,2.141050845642
    ));
#4429 = CARTESIAN_POINT('',(3.95236507668,3.263933295724,2.078307042671)
  );
#4430 = CARTESIAN_POINT('',(3.953394852816,3.264950772147,2.035582552408
    ));
#4431 = CARTESIAN_POINT('',(3.966012080735,3.277315441839,1.973927723179
    ));
#4432 = CARTESIAN_POINT('',(3.97224891215,3.283429220382,1.953315987424)
  );
#4433 = CARTESIAN_POINT('',(3.979950554668,3.290971283333,1.93435502666)
  );
#4434 = CARTESIAN_POINT('',(3.899744532343,3.288974670965,2.206161901911
    ));
#4435 = CARTESIAN_POINT('',(3.891400061322,3.280819280109,2.181862193899
    ));
#4436 = CARTESIAN_POINT('',(3.884935508528,3.274492871999,2.156082354311
    ));
#4437 = CARTESIAN_POINT('',(3.873032963138,3.262859430808,2.080381856242
    ));
#4438 = CARTESIAN_POINT('',(3.874254998042,3.264067865694,2.029639856864
    ));
#4439 = CARTESIAN_POINT('',(3.889749311948,3.279289114595,1.955288764175
    ));
#4440 = CARTESIAN_POINT('',(3.897427256616,3.286834119345,1.930206334775
    ));
#4441 = CARTESIAN_POINT('',(3.906903290645,3.296137787403,1.906783522853
    ));
#4442 = CARTESIAN_POINT('',(3.84927082129,3.301552334672,2.219232397325)
  );
#4443 = CARTESIAN_POINT('',(3.840128376701,3.292554060627,2.192462483408
    ));
#4444 = CARTESIAN_POINT('',(3.833050999685,3.285582123856,2.164242212347
    ));
#4445 = CARTESIAN_POINT('',(3.82000415823,3.272740599148,2.081545899158)
  );
#4446 = CARTESIAN_POINT('',(3.82132953464,3.27405567342,2.026398255316)
  );
#4447 = CARTESIAN_POINT('',(3.838298814119,3.290816905509,1.945189007345
    ));
#4448 = CARTESIAN_POINT('',(3.846705284513,3.29912213408,1.917736598355)
  );
#4449 = CARTESIAN_POINT('',(3.857097800269,3.30938324429,1.891933731789)
  );
#4450 = CARTESIAN_POINT('',(3.755866207182,3.34417967305,2.236745678948)
  );
#4451 = CARTESIAN_POINT('',(3.745587566397,3.333950662727,2.20640314856)
  );
#4452 = CARTESIAN_POINT('',(3.737750271093,3.326149836567,2.175084898519
    ));
#4453 = CARTESIAN_POINT('',(3.723161596865,3.311632052431,2.083039337757
    ));
#4454 = CARTESIAN_POINT('',(3.724621070628,3.313088090084,2.022112335032
    ));
#4455 = CARTESIAN_POINT('',(3.743573636137,3.331969266151,1.931742348619
    ));
#4456 = CARTESIAN_POINT('',(3.752887590256,3.341248549646,1.901281349322
    ));
#4457 = CARTESIAN_POINT('',(3.764589146408,3.352904883238,1.872036404931
    ));
#4458 = CARTESIAN_POINT('',(3.711860273563,3.374691243095,2.24139993789)
  );
#4459 = CARTESIAN_POINT('',(3.701243410151,3.364074379683,2.209954996935
    ));
#4460 = CARTESIAN_POINT('',(3.693259685149,3.356090874773,2.177950964162
    ));
#4461 = CARTESIAN_POINT('',(3.678276463867,3.34110798363,2.083424912437)
  );
#4462 = CARTESIAN_POINT('',(3.679770015314,3.342601755169,2.020983019167
    ));
#4463 = CARTESIAN_POINT('',(3.699233890936,3.362065960929,1.928183391083
    ));
#4464 = CARTESIAN_POINT('',(3.708727467423,3.371559757508,1.897055545844
    ));
#4465 = CARTESIAN_POINT('',(3.720821582244,3.383653872329,1.866748578271
    ));
#4466 = CARTESIAN_POINT('',(3.674646608415,3.411904908242,2.24139993789)
  );
#4467 = CARTESIAN_POINT('',(3.663911073527,3.401169373354,2.209603516708
    ));
#4468 = CARTESIAN_POINT('',(3.656046130047,3.393304429875,2.177950964162
    ));
#4469 = CARTESIAN_POINT('',(3.641063073835,3.378321373662,2.083424912436
    ));
#4470 = CARTESIAN_POINT('',(3.642556735328,3.379815035155,2.020983019167
    ));
#4471 = CARTESIAN_POINT('',(3.662020776019,3.399279075846,1.928183391083
    ));
#4472 = CARTESIAN_POINT('',(3.671379380992,3.408637680819,1.897394050359
    ));
#4473 = CARTESIAN_POINT('',(3.683608577373,3.4208668772,1.866748578271)
  );
#4474 = ADVANCED_FACE('',(#4475),#4481,.T.);
#4475 = FACE_BOUND('',#4476,.T.);
#4476 = EDGE_LOOP('',(#4477,#4478,#4479,#4480));
#4477 = ORIENTED_EDGE('',*,*,#3637,.F.);
#4478 = ORIENTED_EDGE('',*,*,#3982,.F.);
#4479 = ORIENTED_EDGE('',*,*,#4359,.T.);
#4480 = ORIENTED_EDGE('',*,*,#3494,.F.);
#4481 = ( BOUNDED_SURFACE() B_SPLINE_SURFACE(3,2,(
    (#4482,#4483,#4484)
    ,(#4485,#4486,#4487)
    ,(#4488,#4489,#4490)
    ,(#4491,#4492,#4493)
    ,(#4494,#4495,#4496)
    ,(#4497,#4498,#4499)
    ,(#4500,#4501,#4502)
    ,(#4503,#4504,#4505)
    ,(#4506,#4507,#4508)
    ,(#4509,#4510,#4511)
    ,(#4512,#4513,#4514)
    ,(#4515,#4516,#4517)
    ,(#4518,#4519,#4520)
    ,(#4521,#4522,#4523)
    ,(#4524,#4525,#4526)
    ,(#4527,#4528,#4529
)),.UNSPECIFIED.,.F.,.F.,.F.) B_SPLINE_SURFACE_WITH_KNOTS((4,2,2,2,2,2,2
    ,4),(3,3),(3.469436834E-03,3.891673545E-03,4.102791901E-03,
    4.208351079E-03,4.261130668E-03,4.287520462E-03,4.30071536E-03,
    4.313910257E-03),(0.,1.),.UNSPECIFIED.) 
GEOMETRIC_REPRESENTATION_ITEM() RATIONAL_B_SPLINE_SURFACE((
    (1.,0.707106781186,1.)
    ,(1.,0.707106781186,1.)
    ,(1.,0.707106781186,1.)
    ,(1.,0.707106781186,1.)
    ,(1.,0.707106781186,1.)
    ,(1.,0.707106781186,1.)
    ,(1.,0.707106781186,1.)
    ,(1.,0.707106781186,1.)
    ,(1.,0.707106781186,1.)
    ,(1.,0.707106781186,1.)
    ,(1.,0.707106781186,1.)
    ,(1.,0.707106781186,1.)
    ,(1.,0.707106781186,1.)
    ,(1.,0.707106781186,1.)
    ,(1.,0.707106781186,1.)
,(1.,0.707106781186,1.))) REPRESENTATION_ITEM('') SURFACE() );
#4482 = CARTESIAN_POINT('',(4.284808349291,4.022066649494,2.905210533446
    ));
#4483 = CARTESIAN_POINT('',(4.567651061766,3.73922393702,2.905210533446)
  );
#4484 = CARTESIAN_POINT('',(4.690445567951,3.862018443205,2.544873165829
    ));
#4485 = CARTESIAN_POINT('',(4.18779869251,3.925056992713,2.839093311253)
  );
#4486 = CARTESIAN_POINT('',(4.470641402307,3.642214277561,2.839093327475
    ));
#4487 = CARTESIAN_POINT('',(4.600735086732,3.772307961986,2.483730733198
    ));
#4488 = CARTESIAN_POINT('',(4.091731199973,3.828989500176,2.767915324755
    ));
#4489 = CARTESIAN_POINT('',(4.374573897325,3.546146772579,2.767915358158
    ));
#4490 = CARTESIAN_POINT('',(4.512697126389,3.684270001643,2.418018703059
    ));
#4491 = CARTESIAN_POINT('',(3.944338400265,3.681596700468,2.634457149298
    ));
#4492 = CARTESIAN_POINT('',(4.227181120301,3.398753995555,2.634457132597
    ));
#4493 = CARTESIAN_POINT('',(4.386885604258,3.558458479512,2.304101448324
    ));
#4494 = CARTESIAN_POINT('',(3.895089460599,3.632347760802,2.586185984823
    ));
#4495 = CARTESIAN_POINT('',(4.177932132014,3.349505007268,2.586186054352
    ));
#4496 = CARTESIAN_POINT('',(4.346176793613,3.517749668867,2.263747845412
    ));
#4497 = CARTESIAN_POINT('',(3.818641245236,3.555899545439,2.495895550527
    ));
#4498 = CARTESIAN_POINT('',(4.10148397824,3.273056853493,2.495895515763)
  );
#4499 = CARTESIAN_POINT('',(4.289315977157,3.460888852411,2.196591347101
    ));
#4500 = CARTESIAN_POINT('',(3.792793441453,3.530051741656,2.463152089896
    ));
#4501 = CARTESIAN_POINT('',(4.075636041936,3.24720891719,2.463152238662)
  );
#4502 = CARTESIAN_POINT('',(4.271037758,3.442610633254,2.173100082173));
#4503 = CARTESIAN_POINT('',(3.751162195252,3.488420495455,2.400471679702
    ));
#4504 = CARTESIAN_POINT('',(4.034004963723,3.205577838976,2.400471605319
    ));
#4505 = CARTESIAN_POINT('',(4.245543232104,3.417116107358,2.134715106779
    ));
#4506 = CARTESIAN_POINT('',(3.736864076457,3.47412237666,2.377580312352)
  );
#4507 = CARTESIAN_POINT('',(4.019706504975,3.191279380228,2.377580614898
    ));
#4508 = CARTESIAN_POINT('',(4.237362296405,3.408935171659,2.121400719542
    ));
#4509 = CARTESIAN_POINT('',(3.713089696176,3.450347996379,2.332953025522
    ));
#4510 = CARTESIAN_POINT('',(3.995932550629,3.167505425883,2.332952874249
    ));
#4511 = CARTESIAN_POINT('',(4.225962629565,3.397535504818,2.100001901766
    ));
#4512 = CARTESIAN_POINT('',(3.704732045087,3.44199034529,2.316334362709)
  );
#4513 = CARTESIAN_POINT('',(3.987574178088,3.159147053342,2.316334869478
    ));
#4514 = CARTESIAN_POINT('',(4.222284621204,3.393857496458,2.092570935675
    ));
#4515 = CARTESIAN_POINT('',(3.690969901655,3.428228201858,2.284861234718
    ));
#4516 = CARTESIAN_POINT('',(3.973812903867,3.145385779121,2.284860981333
    ));
#4517 = CARTESIAN_POINT('',(4.217301088482,3.388873963736,2.08117350668)
  );
#4518 = CARTESIAN_POINT('',(3.686187233889,3.423445534092,2.273347518748
    ));
#4519 = CARTESIAN_POINT('',(3.969028785453,3.140601660707,2.273348378137
    ));
#4520 = CARTESIAN_POINT('',(4.215724488269,3.387297363523,2.077326101006
    ));
#4521 = CARTESIAN_POINT('',(3.67549950186,3.412757802063,2.244472370028)
  );
#4522 = CARTESIAN_POINT('',(3.958343375246,3.129916250499,2.244471510638
    ));
#4523 = CARTESIAN_POINT('',(4.212823424598,3.384396299851,2.069487411977
    ));
#4524 = CARTESIAN_POINT('',(3.66958771231,3.406846012513,2.229039557457)
  );
#4525 = CARTESIAN_POINT('',(3.952456733643,3.124029608897,2.229026935276
    ));
#4526 = CARTESIAN_POINT('',(4.211472027941,3.383044903194,2.065510468229
    ));
#4527 = CARTESIAN_POINT('',(3.661217327053,3.398475627256,2.195893879353
    ));
#4528 = CARTESIAN_POINT('',(3.944060039528,3.115632914781,2.195893879353
    ));
#4529 = CARTESIAN_POINT('',(4.210425461251,3.381998336505,2.061361637046
    ));
#4530 = ADVANCED_FACE('',(#4531),#4547,.F.);
#4531 = FACE_BOUND('',#4532,.T.);
#4532 = EDGE_LOOP('',(#4533,#4539,#4540,#4546));
#4533 = ORIENTED_EDGE('',*,*,#4534,.T.);
#4534 = EDGE_CURVE('',#3906,#3688,#4535,.T.);
#4535 = LINE('',#4536,#4537);
#4536 = CARTESIAN_POINT('',(-1.499999999999,4.05,-0.699999999999));
#4537 = VECTOR('',#4538,1.);
#4538 = DIRECTION('',(-1.,0.,0.));
#4539 = ORIENTED_EDGE('',*,*,#3687,.F.);
#4540 = ORIENTED_EDGE('',*,*,#4541,.F.);
#4541 = EDGE_CURVE('',#3888,#3680,#4542,.T.);
#4542 = LINE('',#4543,#4544);
#4543 = CARTESIAN_POINT('',(-1.499999999999,4.05,-0.8));
#4544 = VECTOR('',#4545,1.);
#4545 = DIRECTION('',(-1.,0.,0.));
#4546 = ORIENTED_EDGE('',*,*,#3913,.T.);
#4547 = PLANE('',#4548);
#4548 = AXIS2_PLACEMENT_3D('',#4549,#4550,#4551);
#4549 = CARTESIAN_POINT('',(-1.499999999999,4.05,-0.8));
#4550 = DIRECTION('',(0.,1.,0.));
#4551 = DIRECTION('',(0.,0.,-1.));
#4552 = ADVANCED_FACE('',(#4553),#4564,.F.);
#4553 = FACE_BOUND('',#4554,.T.);
#4554 = EDGE_LOOP('',(#4555,#4556,#4562,#4563));
#4555 = ORIENTED_EDGE('',*,*,#3679,.T.);
#4556 = ORIENTED_EDGE('',*,*,#4557,.T.);
#4557 = EDGE_CURVE('',#3671,#3886,#4558,.T.);
#4558 = LINE('',#4559,#4560);
#4559 = CARTESIAN_POINT('',(0.,5.15,-0.8));
#4560 = VECTOR('',#4561,1.);
#4561 = DIRECTION('',(1.,0.,0.));
#4562 = ORIENTED_EDGE('',*,*,#3885,.T.);
#4563 = ORIENTED_EDGE('',*,*,#4541,.T.);
#4564 = PLANE('',#4565);
#4565 = AXIS2_PLACEMENT_3D('',#4566,#4567,#4568);
#4566 = CARTESIAN_POINT('',(0.,0.,-0.8));
#4567 = DIRECTION('',(0.,0.,1.));
#4568 = DIRECTION('',(-1.,0.,0.));
#4569 = ADVANCED_FACE('',(#4570),#4576,.T.);
#4570 = FACE_BOUND('',#4571,.T.);
#4571 = EDGE_LOOP('',(#4572,#4573,#4574,#4575));
#4572 = ORIENTED_EDGE('',*,*,#3905,.F.);
#4573 = ORIENTED_EDGE('',*,*,#3355,.T.);
#4574 = ORIENTED_EDGE('',*,*,#3695,.F.);
#4575 = ORIENTED_EDGE('',*,*,#4534,.F.);
#4576 = PLANE('',#4577);
#4577 = AXIS2_PLACEMENT_3D('',#4578,#4579,#4580);
#4578 = CARTESIAN_POINT('',(0.,0.,-0.699999999999));
#4579 = DIRECTION('',(0.,0.,1.));
#4580 = DIRECTION('',(-1.,0.,0.));
#4581 = ADVANCED_FACE('',(#4582),#4588,.T.);
#4582 = FACE_BOUND('',#4583,.T.);
#4583 = EDGE_LOOP('',(#4584,#4585,#4586,#4587));
#4584 = ORIENTED_EDGE('',*,*,#3670,.F.);
#4585 = ORIENTED_EDGE('',*,*,#3765,.F.);
#4586 = ORIENTED_EDGE('',*,*,#3895,.F.);
#4587 = ORIENTED_EDGE('',*,*,#4557,.F.);
#4588 = CYLINDRICAL_SURFACE('',#4589,0.1);
#4589 = AXIS2_PLACEMENT_3D('',#4590,#4591,#4592);
#4590 = CARTESIAN_POINT('',(0.,5.15,-0.699999999999));
#4591 = DIRECTION('',(1.,0.,0.));
#4592 = DIRECTION('',(0.,0.,1.));
#4593 = ADVANCED_FACE('',(#4594),#4600,.T.);
#4594 = FACE_BOUND('',#4595,.T.);
#4595 = EDGE_LOOP('',(#4596,#4597,#4598,#4599));
#4596 = ORIENTED_EDGE('',*,*,#3870,.F.);
#4597 = ORIENTED_EDGE('',*,*,#3741,.F.);
#4598 = ORIENTED_EDGE('',*,*,#3793,.F.);
#4599 = ORIENTED_EDGE('',*,*,#3453,.F.);
#4600 = CYLINDRICAL_SURFACE('',#4601,9.9999999999E-02);
#4601 = AXIS2_PLACEMENT_3D('',#4602,#4603,#4604);
#4602 = CARTESIAN_POINT('',(3.149999999999,5.15,-0.75));
#4603 = DIRECTION('',(0.,0.,1.));
#4604 = DIRECTION('',(-1.,0.,0.));
#4605 = ADVANCED_FACE('',(#4606),#4631,.F.);
#4606 = FACE_BOUND('',#4607,.T.);
#4607 = EDGE_LOOP('',(#4608,#4616,#4624,#4630));
#4608 = ORIENTED_EDGE('',*,*,#4609,.F.);
#4609 = EDGE_CURVE('',#4610,#3828,#4612,.T.);
#4610 = VERTEX_POINT('',#4611);
#4611 = CARTESIAN_POINT('',(0.371124728864,4.05,4.2));
#4612 = LINE('',#4613,#4614);
#4613 = CARTESIAN_POINT('',(-1.499999999999,4.05,4.2));
#4614 = VECTOR('',#4615,1.);
#4615 = DIRECTION('',(1.,0.,0.));
#4616 = ORIENTED_EDGE('',*,*,#4617,.T.);
#4617 = EDGE_CURVE('',#4610,#4618,#4620,.T.);
#4618 = VERTEX_POINT('',#4619);
#4619 = CARTESIAN_POINT('',(0.371124728864,4.05,4.099999999999));
#4620 = LINE('',#4621,#4622);
#4621 = CARTESIAN_POINT('',(0.371124728864,4.05,4.099999999999));
#4622 = VECTOR('',#4623,1.);
#4623 = DIRECTION('',(0.,0.,-1.));
#4624 = ORIENTED_EDGE('',*,*,#4625,.T.);
#4625 = EDGE_CURVE('',#4618,#3817,#4626,.T.);
#4626 = LINE('',#4627,#4628);
#4627 = CARTESIAN_POINT('',(-1.499999999999,4.05,4.099999999999));
#4628 = VECTOR('',#4629,1.);
#4629 = DIRECTION('',(1.,0.,0.));
#4630 = ORIENTED_EDGE('',*,*,#3835,.F.);
#4631 = PLANE('',#4632);
#4632 = AXIS2_PLACEMENT_3D('',#4633,#4634,#4635);
#4633 = CARTESIAN_POINT('',(-1.499999999999,4.05,4.2));
#4634 = DIRECTION('',(0.,1.,0.));
#4635 = DIRECTION('',(0.,0.,-1.));
#4636 = ADVANCED_FACE('',(#4637),#4651,.T.);
#4637 = FACE_BOUND('',#4638,.T.);
#4638 = EDGE_LOOP('',(#4639,#4646,#4647,#4648,#4649,#4650));
#4639 = ORIENTED_EDGE('',*,*,#4640,.F.);
#4640 = EDGE_CURVE('',#4610,#3300,#4641,.T.);
#4641 = CIRCLE('',#4642,0.371124728864);
#4642 = AXIS2_PLACEMENT_3D('',#4643,#4644,#4645);
#4643 = CARTESIAN_POINT('',(0.,4.05,4.2));
#4644 = DIRECTION('',(0.,0.,1.));
#4645 = DIRECTION('',(-1.,0.,0.));
#4646 = ORIENTED_EDGE('',*,*,#4609,.T.);
#4647 = ORIENTED_EDGE('',*,*,#3827,.T.);
#4648 = ORIENTED_EDGE('',*,*,#3717,.T.);
#4649 = ORIENTED_EDGE('',*,*,#3654,.T.);
#4650 = ORIENTED_EDGE('',*,*,#3307,.T.);
#4651 = PLANE('',#4652);
#4652 = AXIS2_PLACEMENT_3D('',#4653,#4654,#4655);
#4653 = CARTESIAN_POINT('',(0.,0.,4.2));
#4654 = DIRECTION('',(0.,0.,1.));
#4655 = DIRECTION('',(-1.,0.,0.));
#4656 = ADVANCED_FACE('',(#4657),#4671,.F.);
#4657 = FACE_BOUND('',#4658,.T.);
#4658 = EDGE_LOOP('',(#4659,#4660,#4667,#4668,#4669,#4670));
#4659 = ORIENTED_EDGE('',*,*,#4625,.F.);
#4660 = ORIENTED_EDGE('',*,*,#4661,.T.);
#4661 = EDGE_CURVE('',#4618,#3292,#4662,.T.);
#4662 = CIRCLE('',#4663,0.371124728864);
#4663 = AXIS2_PLACEMENT_3D('',#4664,#4665,#4666);
#4664 = CARTESIAN_POINT('',(0.,4.05,4.099999999999));
#4665 = DIRECTION('',(0.,0.,1.));
#4666 = DIRECTION('',(-1.,0.,0.));
#4667 = ORIENTED_EDGE('',*,*,#3289,.F.);
#4668 = ORIENTED_EDGE('',*,*,#3702,.F.);
#4669 = ORIENTED_EDGE('',*,*,#3339,.F.);
#4670 = ORIENTED_EDGE('',*,*,#3816,.F.);
#4671 = PLANE('',#4672);
#4672 = AXIS2_PLACEMENT_3D('',#4673,#4674,#4675);
#4673 = CARTESIAN_POINT('',(0.,0.,4.099999999999));
#4674 = DIRECTION('',(0.,0.,1.));
#4675 = DIRECTION('',(-1.,0.,0.));
#4676 = ADVANCED_FACE('',(#4677),#4683,.F.);
#4677 = FACE_BOUND('',#4678,.F.);
#4678 = EDGE_LOOP('',(#4679,#4680,#4681,#4682));
#4679 = ORIENTED_EDGE('',*,*,#3299,.T.);
#4680 = ORIENTED_EDGE('',*,*,#4640,.F.);
#4681 = ORIENTED_EDGE('',*,*,#4617,.T.);
#4682 = ORIENTED_EDGE('',*,*,#4661,.T.);
#4683 = CYLINDRICAL_SURFACE('',#4684,0.371124728864);
#4684 = AXIS2_PLACEMENT_3D('',#4685,#4686,#4687);
#4685 = CARTESIAN_POINT('',(0.,4.05,4.099999999999));
#4686 = DIRECTION('',(0.,0.,1.));
#4687 = DIRECTION('',(-1.,0.,0.));
#4688 = ADVANCED_FACE('',(#4689),#4719,.T.);
#4689 = FACE_BOUND('',#4690,.T.);
#4690 = EDGE_LOOP('',(#4691,#4692,#4705,#4706));
#4691 = ORIENTED_EDGE('',*,*,#3424,.F.);
#4692 = ORIENTED_EDGE('',*,*,#4693,.T.);
#4693 = EDGE_CURVE('',#3412,#3470,#4694,.T.);
#4694 = B_SPLINE_CURVE_WITH_KNOTS('',3,(#4695,#4696,#4697,#4698,#4699,
    #4700,#4701,#4702,#4703,#4704),.UNSPECIFIED.,.F.,.F.,(4,2,2,2,4),(
    -5.999999997784E-08,3.86042775E-04,7.7214555E-04,1.158248325E-03,
    1.544351101E-03),.UNSPECIFIED.);
#4695 = CARTESIAN_POINT('',(3.659499574168,4.781921782068,2.75));
#4696 = CARTESIAN_POINT('',(3.787814867852,4.771966204185,2.75));
#4697 = CARTESIAN_POINT('',(3.914479193722,4.749602079026,2.75));
#4698 = CARTESIAN_POINT('',(4.155329411759,4.663298840617,2.75));
#4699 = CARTESIAN_POINT('',(4.268267306879,4.598514604828,2.75));
#4700 = CARTESIAN_POINT('',(4.453157361953,4.417514458487,2.75));
#4701 = CARTESIAN_POINT('',(4.520538213392,4.305032086815,2.75));
#4702 = CARTESIAN_POINT('',(4.607432660959,4.062776367992,2.75));
#4703 = CARTESIAN_POINT('',(4.627969381365,3.935244293906,2.75));
#4704 = CARTESIAN_POINT('',(4.634924240491,3.806497115745,2.75));
#4705 = ORIENTED_EDGE('',*,*,#3467,.F.);
#4706 = ORIENTED_EDGE('',*,*,#4707,.T.);
#4707 = EDGE_CURVE('',#3468,#3425,#4708,.T.);
#4708 = B_SPLINE_CURVE_WITH_KNOTS('',3,(#4709,#4710,#4711,#4712,#4713,
    #4714,#4715,#4716,#4717,#4718),.UNSPECIFIED.,.F.,.F.,(4,2,2,2,4),(
    -5.999999997461E-08,3.86794072E-04,7.73648145E-04,1.160502217E-03,
    1.54735629E-03),.UNSPECIFIED.);
#4709 = CARTESIAN_POINT('',(4.634924240491,3.806497115745,1.449999999999
    ));
#4710 = CARTESIAN_POINT('',(4.627966319539,3.935260619671,1.449999999999
    ));
#4711 = CARTESIAN_POINT('',(4.607386117669,4.062972158478,1.449999999999
    ));
#4712 = CARTESIAN_POINT('',(4.520464770261,4.305170718953,1.449999999999
    ));
#4713 = CARTESIAN_POINT('',(4.453069309041,4.417627998906,1.449999999999
    ));
#4714 = CARTESIAN_POINT('',(4.268185180397,4.598567638214,1.449999999999
    ));
#4715 = CARTESIAN_POINT('',(4.155257279212,4.663331914555,1.449999999999
    ));
#4716 = CARTESIAN_POINT('',(3.914440474236,4.749608723084,1.449999999999
    ));
#4717 = CARTESIAN_POINT('',(3.787825776647,4.771967368953,1.449999999999
    ));
#4718 = CARTESIAN_POINT('',(3.659499574168,4.781921782068,1.449999999999
    ));
#4719 = B_SPLINE_SURFACE_WITH_KNOTS('',2,1,(
    (#4720,#4721)
    ,(#4722,#4723)
    ,(#4724,#4725
    )),.UNSPECIFIED.,.F.,.F.,.F.,(3,3),(2,2),(0.,1.),(0.,1.),
  .PIECEWISE_BEZIER_KNOTS.);
#4720 = CARTESIAN_POINT('',(3.659499574168,4.781921782068,2.75));
#4721 = CARTESIAN_POINT('',(3.659499574168,4.781921782068,1.449999999999
    ));
#4722 = CARTESIAN_POINT('',(4.586115129835,4.710043133268,2.75));
#4723 = CARTESIAN_POINT('',(4.586115129835,4.710043133268,1.449999999999
    ));
#4724 = CARTESIAN_POINT('',(4.634924240491,3.806497115745,2.75));
#4725 = CARTESIAN_POINT('',(4.634924240491,3.806497115745,1.449999999999
    ));
#4726 = ADVANCED_FACE('',(#4727),#4734,.T.);
#4727 = FACE_BOUND('',#4728,.T.);
#4728 = EDGE_LOOP('',(#4729,#4730,#4731,#4732,#4733));
#4729 = ORIENTED_EDGE('',*,*,#3477,.F.);
#4730 = ORIENTED_EDGE('',*,*,#4693,.F.);
#4731 = ORIENTED_EDGE('',*,*,#3411,.F.);
#4732 = ORIENTED_EDGE('',*,*,#3781,.F.);
#4733 = ORIENTED_EDGE('',*,*,#3548,.F.);
#4734 = ( BOUNDED_SURFACE() B_SPLINE_SURFACE(3,2,(
    (#4735,#4736,#4737)
    ,(#4738,#4739,#4740)
    ,(#4741,#4742,#4743)
    ,(#4744,#4745,#4746)
    ,(#4747,#4748,#4749)
    ,(#4750,#4751,#4752)
    ,(#4753,#4754,#4755)
    ,(#4756,#4757,#4758)
    ,(#4759,#4760,#4761)
    ,(#4762,#4763,#4764)
    ,(#4765,#4766,#4767)
    ,(#4768,#4769,#4770)
    ,(#4771,#4772,#4773)
    ,(#4774,#4775,#4776
)),.UNSPECIFIED.,.F.,.F.,.F.) B_SPLINE_SURFACE_WITH_KNOTS((4,2,2,2,2,2,4
    ),(3,3),(4.74470522E-04,6.42017736E-04,8.0956495E-04,9.77112165E-04,
    1.144659379E-03,1.479753808E-03,1.814848236E-03),(0.,1.),
.UNSPECIFIED.) GEOMETRIC_REPRESENTATION_ITEM() RATIONAL_B_SPLINE_SURFACE
((
    (1.,0.707106781186,1.)
    ,(1.,0.707106781186,1.)
    ,(1.,0.707106781186,1.)
    ,(1.,0.707106781186,1.)
    ,(1.,0.707106781186,1.)
    ,(1.,0.707106781186,1.)
    ,(1.,0.707106781186,1.)
    ,(1.,0.707106781186,1.)
    ,(1.,0.707106781186,1.)
    ,(1.,0.707106781186,1.)
    ,(1.,0.707106781186,1.)
    ,(1.,0.707106781186,1.)
    ,(1.,0.707106781186,1.)
,(1.,0.707106781186,1.))) REPRESENTATION_ITEM('') SURFACE() );
#4735 = CARTESIAN_POINT('',(4.638955804318,3.731865486711,2.75));
#4736 = CARTESIAN_POINT('',(4.638955804318,3.731865486711,2.95));
#4737 = CARTESIAN_POINT('',(4.439246977932,3.721077314314,2.95));
#4738 = CARTESIAN_POINT('',(4.636132926896,3.784122117043,2.75));
#4739 = CARTESIAN_POINT('',(4.636132926945,3.784122116145,2.95));
#4740 = CARTESIAN_POINT('',(4.436235650721,3.776822495347,2.95));
#4741 = CARTESIAN_POINT('',(4.633490978646,3.847984676538,2.75));
#4742 = CARTESIAN_POINT('',(4.633490997218,3.847984678741,2.95));
#4743 = CARTESIAN_POINT('',(4.433894639248,3.832762514973,2.95));
#4744 = CARTESIAN_POINT('',(4.618420038785,3.975056268477,2.75));
#4745 = CARTESIAN_POINT('',(4.618420020213,3.975056266275,2.95));
#4746 = CARTESIAN_POINT('',(4.420800327195,3.943167827861,2.95));
#4747 = CARTESIAN_POINT('',(4.606874083861,4.039249454341,2.75));
#4748 = CARTESIAN_POINT('',(4.606874119,4.039249463966,2.95));
#4749 = CARTESIAN_POINT('',(4.41086769139,3.997774256385,2.95));
#4750 = CARTESIAN_POINT('',(4.571200449176,4.169492153855,2.75));
#4751 = CARTESIAN_POINT('',(4.571200414037,4.169492144231,2.95));
#4752 = CARTESIAN_POINT('',(4.381416509973,4.10529890814,2.95));
#4753 = CARTESIAN_POINT('',(4.546985314942,4.235295446361,2.75));
#4754 = CARTESIAN_POINT('',(4.546985352597,4.235295465793,2.95));
#4755 = CARTESIAN_POINT('',(4.361862883139,4.157903536386,2.95));
#4756 = CARTESIAN_POINT('',(4.481394739829,4.362398622586,2.75));
#4757 = CARTESIAN_POINT('',(4.481394702174,4.362398603154,2.95));
#4758 = CARTESIAN_POINT('',(4.311056298704,4.256357798794,2.95));
#4759 = CARTESIAN_POINT('',(4.43897512484,4.424823327406,2.75));
#4760 = CARTESIAN_POINT('',(4.438975129986,4.424823332165,2.95));
#4761 = CARTESIAN_POINT('',(4.27916426272,4.303060873156,2.95));
#4762 = CARTESIAN_POINT('',(4.28582083532,4.590414859915,2.75));
#4763 = CARTESIAN_POINT('',(4.285820825028,4.590414850396,2.95));
#4764 = CARTESIAN_POINT('',(4.16495919029,4.426540208526,2.95));
#4765 = CARTESIAN_POINT('',(4.155228770352,4.664259253706,2.75));
#4766 = CARTESIAN_POINT('',(4.155228745722,4.66425918351,2.95));
#4767 = CARTESIAN_POINT('',(4.066242606233,4.483527815813,2.95));
#4768 = CARTESIAN_POINT('',(3.900673725689,4.753572538825,2.75));
#4769 = CARTESIAN_POINT('',(3.900673750318,4.753572609022,2.95));
#4770 = CARTESIAN_POINT('',(3.857230447748,4.556862003859,2.95));
#4771 = CARTESIAN_POINT('',(3.77408774889,4.77303304378,2.75));
#4772 = CARTESIAN_POINT('',(3.774087734568,4.773033044891,2.95));
#4773 = CARTESIAN_POINT('',(3.747476108932,4.574496513618,2.95));
#4774 = CARTESIAN_POINT('',(3.651601190902,4.782534468865,2.75));
#4775 = CARTESIAN_POINT('',(3.651601190902,4.782534468865,2.95));
#4776 = CARTESIAN_POINT('',(3.636133424951,4.583133495406,2.95));
#4777 = ADVANCED_FACE('',(#4778),#4785,.T.);
#4778 = FACE_BOUND('',#4779,.T.);
#4779 = EDGE_LOOP('',(#4780,#4781,#4782,#4783,#4784));
#4780 = ORIENTED_EDGE('',*,*,#3432,.F.);
#4781 = ORIENTED_EDGE('',*,*,#4707,.F.);
#4782 = ORIENTED_EDGE('',*,*,#3532,.F.);
#4783 = ORIENTED_EDGE('',*,*,#3572,.F.);
#4784 = ORIENTED_EDGE('',*,*,#3850,.F.);
#4785 = ( BOUNDED_SURFACE() B_SPLINE_SURFACE(3,2,(
    (#4786,#4787,#4788)
    ,(#4789,#4790,#4791)
    ,(#4792,#4793,#4794)
    ,(#4795,#4796,#4797)
    ,(#4798,#4799,#4800)
    ,(#4801,#4802,#4803)
    ,(#4804,#4805,#4806)
    ,(#4807,#4808,#4809)
    ,(#4810,#4811,#4812)
    ,(#4813,#4814,#4815)
    ,(#4816,#4817,#4818)
    ,(#4819,#4820,#4821)
    ,(#4822,#4823,#4824)
    ,(#4825,#4826,#4827
)),.UNSPECIFIED.,.F.,.F.,.F.) B_SPLINE_SURFACE_WITH_KNOTS((4,2,2,2,2,2,4
    ),(3,3),(4.74470522E-04,6.42017736E-04,8.0956495E-04,9.77112165E-04,
    1.144659379E-03,1.479753808E-03,1.814848236E-03),(0.,1.),
.UNSPECIFIED.) GEOMETRIC_REPRESENTATION_ITEM() RATIONAL_B_SPLINE_SURFACE
((
    (1.,0.707106781186,1.)
    ,(1.,0.707106781186,1.)
    ,(1.,0.707106781186,1.)
    ,(1.,0.707106781186,1.)
    ,(1.,0.707106781186,1.)
    ,(1.,0.707106781186,1.)
    ,(1.,0.707106781186,1.)
    ,(1.,0.707106781186,1.)
    ,(1.,0.707106781186,1.)
    ,(1.,0.707106781186,1.)
    ,(1.,0.707106781186,1.)
    ,(1.,0.707106781186,1.)
    ,(1.,0.707106781186,1.)
,(1.,0.707106781186,1.))) REPRESENTATION_ITEM('') SURFACE() );
#4786 = CARTESIAN_POINT('',(4.439246977932,3.721077314314,1.249999999999
    ));
#4787 = CARTESIAN_POINT('',(4.638955804318,3.731865486711,1.249999999999
    ));
#4788 = CARTESIAN_POINT('',(4.638955804318,3.731865486711,1.449999999999
    ));
#4789 = CARTESIAN_POINT('',(4.436235650721,3.776822495347,1.249999999999
    ));
#4790 = CARTESIAN_POINT('',(4.636132926945,3.784122116145,1.249999999999
    ));
#4791 = CARTESIAN_POINT('',(4.636132926896,3.784122117043,1.449999999999
    ));
#4792 = CARTESIAN_POINT('',(4.433894639248,3.832762514973,1.249999999999
    ));
#4793 = CARTESIAN_POINT('',(4.633490997218,3.847984678741,1.249999999999
    ));
#4794 = CARTESIAN_POINT('',(4.633490978646,3.847984676538,1.449999999999
    ));
#4795 = CARTESIAN_POINT('',(4.420800327195,3.943167827861,1.249999999999
    ));
#4796 = CARTESIAN_POINT('',(4.618420020213,3.975056266275,1.249999999999
    ));
#4797 = CARTESIAN_POINT('',(4.618420038785,3.975056268477,1.449999999999
    ));
#4798 = CARTESIAN_POINT('',(4.41086769139,3.997774256385,1.249999999999)
  );
#4799 = CARTESIAN_POINT('',(4.606874119,4.039249463966,1.249999999999));
#4800 = CARTESIAN_POINT('',(4.606874083861,4.039249454341,1.449999999999
    ));
#4801 = CARTESIAN_POINT('',(4.381416509973,4.10529890814,1.249999999999)
  );
#4802 = CARTESIAN_POINT('',(4.571200414037,4.169492144231,1.25));
#4803 = CARTESIAN_POINT('',(4.571200449176,4.169492153855,1.449999999999
    ));
#4804 = CARTESIAN_POINT('',(4.361862883139,4.157903536386,1.249999999999
    ));
#4805 = CARTESIAN_POINT('',(4.546985352597,4.235295465793,1.249999999999
    ));
#4806 = CARTESIAN_POINT('',(4.546985314942,4.235295446361,1.449999999999
    ));
#4807 = CARTESIAN_POINT('',(4.311056298704,4.256357798794,1.249999999999
    ));
#4808 = CARTESIAN_POINT('',(4.481394702174,4.362398603154,1.25));
#4809 = CARTESIAN_POINT('',(4.481394739829,4.362398622586,1.449999999999
    ));
#4810 = CARTESIAN_POINT('',(4.27916426272,4.303060873156,1.249999999999)
  );
#4811 = CARTESIAN_POINT('',(4.438975129986,4.424823332165,1.249999999999
    ));
#4812 = CARTESIAN_POINT('',(4.43897512484,4.424823327406,1.449999999999)
  );
#4813 = CARTESIAN_POINT('',(4.16495919029,4.426540208526,1.249999999999)
  );
#4814 = CARTESIAN_POINT('',(4.285820825028,4.590414850396,1.249999999999
    ));
#4815 = CARTESIAN_POINT('',(4.28582083532,4.590414859915,1.449999999999)
  );
#4816 = CARTESIAN_POINT('',(4.066242606233,4.483527815813,1.249999999999
    ));
#4817 = CARTESIAN_POINT('',(4.155228745722,4.66425918351,1.249999999999)
  );
#4818 = CARTESIAN_POINT('',(4.155228770352,4.664259253706,1.449999999999
    ));
#4819 = CARTESIAN_POINT('',(3.857230447748,4.556862003859,1.249999999999
    ));
#4820 = CARTESIAN_POINT('',(3.900673750318,4.753572609022,1.249999999999
    ));
#4821 = CARTESIAN_POINT('',(3.900673725689,4.753572538825,1.449999999999
    ));
#4822 = CARTESIAN_POINT('',(3.747476108932,4.574496513618,1.249999999999
    ));
#4823 = CARTESIAN_POINT('',(3.774087734568,4.773033044891,1.249999999999
    ));
#4824 = CARTESIAN_POINT('',(3.77408774889,4.77303304378,1.449999999999)
  );
#4825 = CARTESIAN_POINT('',(3.636133424951,4.583133495406,1.249999999999
    ));
#4826 = CARTESIAN_POINT('',(3.651601190902,4.782534468865,1.249999999999
    ));
#4827 = CARTESIAN_POINT('',(3.651601190902,4.782534468865,1.449999999999
    ));
#4828 = ( GEOMETRIC_REPRESENTATION_CONTEXT(3) 
GLOBAL_UNCERTAINTY_ASSIGNED_CONTEXT((#4832)) 
GLOBAL_UNIT_ASSIGNED_CONTEXT((#4829,#4830,#4831)) REPRESENTATION_CONTEXT
('Context #1','3D Context with UNIT and UNCERTAINTY') );
#4829 = ( LENGTH_UNIT() NAMED_UNIT(*) SI_UNIT(.MILLI.,.METRE.) );
#4830 = ( NAMED_UNIT(*) PLANE_ANGLE_UNIT() SI_UNIT($,.RADIAN.) );
#4831 = ( NAMED_UNIT(*) SI_UNIT($,.STERADIAN.) SOLID_ANGLE_UNIT() );
#4832 = UNCERTAINTY_MEASURE_WITH_UNIT(LENGTH_MEASURE(1.E-04),#4829,
  'distance_accuracy_value','confusion accuracy');
#4833 = CONTEXT_DEPENDENT_SHAPE_REPRESENTATION(#4834,#4836);
#4834 = ( REPRESENTATION_RELATIONSHIP('','',#3282,#10) 
REPRESENTATION_RELATIONSHIP_WITH_TRANSFORMATION(#4835) 
SHAPE_REPRESENTATION_RELATIONSHIP() );
#4835 = ITEM_DEFINED_TRANSFORMATION('','',#11,#19);
#4836 = PRODUCT_DEFINITION_SHAPE('Placement','Placement of an item',
  #4837);
#4837 = NEXT_ASSEMBLY_USAGE_OCCURRENCE('2',
  'IND-SMD_L10.5-W10.3_SLD10D50~IND-SMD_L10.5-W10.3-H5.0_SLD10D50~TWaD',
  '',#5,#3277,$);
#4838 = PRODUCT_RELATED_PRODUCT_CATEGORY('part',$,(#3279));
#4839 = SHAPE_DEFINITION_REPRESENTATION(#4840,#4846);
#4840 = PRODUCT_DEFINITION_SHAPE('','',#4841);
#4841 = PRODUCT_DEFINITION('design','',#4842,#4845);
#4842 = PRODUCT_DEFINITION_FORMATION('','',#4843);
#4843 = PRODUCT(
'IND-SMD_L10.5-W10.3_SLD10D50~IND-SMD_L10.5-W10.3-H5.0_SLD10D50~TWaD001'
  ,
'IND-SMD_L10.5-W10.3_SLD10D50~IND-SMD_L10.5-W10.3-H5.0_SLD10D50~TWaD001'
  ,'',(#4844));
#4844 = PRODUCT_CONTEXT('',#2,'mechanical');
#4845 = PRODUCT_DEFINITION_CONTEXT('part definition',#2,'design');
#4846 = ADVANCED_BREP_SHAPE_REPRESENTATION('',(#11,#4847),#6392);
#4847 = MANIFOLD_SOLID_BREP('',#4848);
#4848 = CLOSED_SHELL('',(#4849,#4889,#4961,#5027,#5107,#5214,#5277,#5340
    ,#5376,#5409,#5445,#5487,#5563,#5600,#5670,#5791,#5847,#5917,#6038,
    #6094,#6116,#6133,#6145,#6157,#6169,#6200,#6220,#6240,#6252,#6290,
    #6341));
#4849 = ADVANCED_FACE('',(#4850),#4884,.F.);
#4850 = FACE_BOUND('',#4851,.T.);
#4851 = EDGE_LOOP('',(#4852,#4862,#4870,#4878));
#4852 = ORIENTED_EDGE('',*,*,#4853,.T.);
#4853 = EDGE_CURVE('',#4854,#4856,#4858,.T.);
#4854 = VERTEX_POINT('',#4855);
#4855 = CARTESIAN_POINT('',(1.499999999999,-4.05,4.099999999999));
#4856 = VERTEX_POINT('',#4857);
#4857 = CARTESIAN_POINT('',(0.371124728864,-4.05,4.099999999999));
#4858 = LINE('',#4859,#4860);
#4859 = CARTESIAN_POINT('',(1.499999999999,-4.05,4.099999999999));
#4860 = VECTOR('',#4861,1.);
#4861 = DIRECTION('',(-1.,0.,0.));
#4862 = ORIENTED_EDGE('',*,*,#4863,.T.);
#4863 = EDGE_CURVE('',#4856,#4864,#4866,.T.);
#4864 = VERTEX_POINT('',#4865);
#4865 = CARTESIAN_POINT('',(0.371124728864,-4.05,4.2));
#4866 = LINE('',#4867,#4868);
#4867 = CARTESIAN_POINT('',(0.371124728864,-4.05,4.099999999999));
#4868 = VECTOR('',#4869,1.);
#4869 = DIRECTION('',(0.,0.,1.));
#4870 = ORIENTED_EDGE('',*,*,#4871,.F.);
#4871 = EDGE_CURVE('',#4872,#4864,#4874,.T.);
#4872 = VERTEX_POINT('',#4873);
#4873 = CARTESIAN_POINT('',(1.499999999999,-4.05,4.2));
#4874 = LINE('',#4875,#4876);
#4875 = CARTESIAN_POINT('',(1.499999999999,-4.05,4.2));
#4876 = VECTOR('',#4877,1.);
#4877 = DIRECTION('',(-1.,0.,0.));
#4878 = ORIENTED_EDGE('',*,*,#4879,.T.);
#4879 = EDGE_CURVE('',#4872,#4854,#4880,.T.);
#4880 = LINE('',#4881,#4882);
#4881 = CARTESIAN_POINT('',(1.499999999999,-4.05,4.2));
#4882 = VECTOR('',#4883,1.);
#4883 = DIRECTION('',(0.,0.,-1.));
#4884 = PLANE('',#4885);
#4885 = AXIS2_PLACEMENT_3D('',#4886,#4887,#4888);
#4886 = CARTESIAN_POINT('',(1.499999999999,-4.05,4.2));
#4887 = DIRECTION('',(0.,-1.,0.));
#4888 = DIRECTION('',(0.,0.,-1.));
#4889 = ADVANCED_FACE('',(#4890),#4956,.T.);
#4890 = FACE_BOUND('',#4891,.T.);
#4891 = EDGE_LOOP('',(#4892,#4902,#4910,#4918,#4926,#4934,#4942,#4950));
#4892 = ORIENTED_EDGE('',*,*,#4893,.F.);
#4893 = EDGE_CURVE('',#4894,#4896,#4898,.T.);
#4894 = VERTEX_POINT('',#4895);
#4895 = CARTESIAN_POINT('',(-1.5,-5.15,4.099999999999));
#4896 = VERTEX_POINT('',#4897);
#4897 = CARTESIAN_POINT('',(-1.5,-5.15,2.95));
#4898 = LINE('',#4899,#4900);
#4899 = CARTESIAN_POINT('',(-1.5,-5.15,-0.75));
#4900 = VECTOR('',#4901,1.);
#4901 = DIRECTION('',(0.,0.,-1.));
#4902 = ORIENTED_EDGE('',*,*,#4903,.T.);
#4903 = EDGE_CURVE('',#4894,#4904,#4906,.T.);
#4904 = VERTEX_POINT('',#4905);
#4905 = CARTESIAN_POINT('',(1.499999999999,-5.15,4.099999999999));
#4906 = LINE('',#4907,#4908);
#4907 = CARTESIAN_POINT('',(1.499999999999,-5.15,4.099999999999));
#4908 = VECTOR('',#4909,1.);
#4909 = DIRECTION('',(1.,0.,0.));
#4910 = ORIENTED_EDGE('',*,*,#4911,.F.);
#4911 = EDGE_CURVE('',#4912,#4904,#4914,.T.);
#4912 = VERTEX_POINT('',#4913);
#4913 = CARTESIAN_POINT('',(1.499999999999,-5.15,-0.699999999999));
#4914 = LINE('',#4915,#4916);
#4915 = CARTESIAN_POINT('',(1.499999999999,-5.15,-0.75));
#4916 = VECTOR('',#4917,1.);
#4917 = DIRECTION('',(0.,0.,1.));
#4918 = ORIENTED_EDGE('',*,*,#4919,.F.);
#4919 = EDGE_CURVE('',#4920,#4912,#4922,.T.);
#4920 = VERTEX_POINT('',#4921);
#4921 = CARTESIAN_POINT('',(-1.5,-5.15,-0.699999999999));
#4922 = LINE('',#4923,#4924);
#4923 = CARTESIAN_POINT('',(1.499999999999,-5.15,-0.699999999999));
#4924 = VECTOR('',#4925,1.);
#4925 = DIRECTION('',(1.,0.,0.));
#4926 = ORIENTED_EDGE('',*,*,#4927,.F.);
#4927 = EDGE_CURVE('',#4928,#4920,#4930,.T.);
#4928 = VERTEX_POINT('',#4929);
#4929 = CARTESIAN_POINT('',(-1.5,-5.15,1.249999999999));
#4930 = LINE('',#4931,#4932);
#4931 = CARTESIAN_POINT('',(-1.5,-5.15,-0.75));
#4932 = VECTOR('',#4933,1.);
#4933 = DIRECTION('',(0.,0.,-1.));
#4934 = ORIENTED_EDGE('',*,*,#4935,.F.);
#4935 = EDGE_CURVE('',#4936,#4928,#4938,.T.);
#4936 = VERTEX_POINT('',#4937);
#4937 = CARTESIAN_POINT('',(-3.149999999999,-5.15,1.249999999999));
#4938 = LINE('',#4939,#4940);
#4939 = CARTESIAN_POINT('',(1.499999999999,-5.15,1.249999999999));
#4940 = VECTOR('',#4941,1.);
#4941 = DIRECTION('',(1.,0.,1.383385484703E-16));
#4942 = ORIENTED_EDGE('',*,*,#4943,.T.);
#4943 = EDGE_CURVE('',#4936,#4944,#4946,.T.);
#4944 = VERTEX_POINT('',#4945);
#4945 = CARTESIAN_POINT('',(-3.149999999999,-5.15,2.95));
#4946 = LINE('',#4947,#4948);
#4947 = CARTESIAN_POINT('',(-3.149999999999,-5.15,-0.75));
#4948 = VECTOR('',#4949,1.);
#4949 = DIRECTION('',(0.,0.,1.));
#4950 = ORIENTED_EDGE('',*,*,#4951,.F.);
#4951 = EDGE_CURVE('',#4896,#4944,#4952,.T.);
#4952 = LINE('',#4953,#4954);
#4953 = CARTESIAN_POINT('',(1.499999999999,-5.15,2.95));
#4954 = VECTOR('',#4955,1.);
#4955 = DIRECTION('',(-1.,0.,-1.383385484703E-16));
#4956 = PLANE('',#4957);
#4957 = AXIS2_PLACEMENT_3D('',#4958,#4959,#4960);
#4958 = CARTESIAN_POINT('',(1.499999999999,-5.15,-0.75));
#4959 = DIRECTION('',(0.,1.,0.));
#4960 = DIRECTION('',(0.,-0.,1.));
#4961 = ADVANCED_FACE('',(#4962),#5022,.F.);
#4962 = FACE_BOUND('',#4963,.T.);
#4963 = EDGE_LOOP('',(#4964,#4974,#4987,#4995,#5008,#5016));
#4964 = ORIENTED_EDGE('',*,*,#4965,.T.);
#4965 = EDGE_CURVE('',#4966,#4968,#4970,.T.);
#4966 = VERTEX_POINT('',#4967);
#4967 = CARTESIAN_POINT('',(-3.220710678118,-5.220710678118,2.95));
#4968 = VERTEX_POINT('',#4969);
#4969 = CARTESIAN_POINT('',(-3.902607824171,-4.538813532065,2.95));
#4970 = LINE('',#4971,#4972);
#4971 = CARTESIAN_POINT('',(-3.220710678118,-5.220710678118,2.95));
#4972 = VECTOR('',#4973,1.);
#4973 = DIRECTION('',(-0.707106781187,0.707106781187,-9.782012572298E-17
    ));
#4974 = ORIENTED_EDGE('',*,*,#4975,.T.);
#4975 = EDGE_CURVE('',#4968,#4976,#4978,.T.);
#4976 = VERTEX_POINT('',#4977);
#4977 = CARTESIAN_POINT('',(-3.659499574168,-4.781921782068,2.75));
#4978 = B_SPLINE_CURVE_WITH_KNOTS('',3,(#4979,#4980,#4981,#4982,#4983,
    #4984,#4985,#4986),.UNSPECIFIED.,.F.,.F.,(4,2,2,4),(0.,
    2.16202777E-04,3.24304165E-04,4.32405554E-04),.UNSPECIFIED.);
#4979 = CARTESIAN_POINT('',(-3.902607824171,-4.538813532065,2.95));
#4980 = CARTESIAN_POINT('',(-3.850962569247,-4.59045878699,
    2.949999999999));
#4981 = CARTESIAN_POINT('',(-3.799746610673,-4.641674745563,
    2.941346729786));
#4982 = CARTESIAN_POINT('',(-3.728397893447,-4.71302346279,2.89698463999
    ));
#4983 = CARTESIAN_POINT('',(-3.706038181637,-4.7353831746,2.876843544227
    ));
#4984 = CARTESIAN_POINT('',(-3.671362164542,-4.770059191695,
    2.822450824663));
#4985 = CARTESIAN_POINT('',(-3.659499574168,-4.781921782068,
    2.787149442176));
#4986 = CARTESIAN_POINT('',(-3.659499574168,-4.781921782068,2.75));
#4987 = ORIENTED_EDGE('',*,*,#4988,.T.);
#4988 = EDGE_CURVE('',#4976,#4989,#4991,.T.);
#4989 = VERTEX_POINT('',#4990);
#4990 = CARTESIAN_POINT('',(-3.659499574168,-4.781921782068,
    1.449999999999));
#4991 = LINE('',#4992,#4993);
#4992 = CARTESIAN_POINT('',(-3.659499574168,-4.781921782068,
    4.329458792186));
#4993 = VECTOR('',#4994,1.);
#4994 = DIRECTION('',(7.264520538095E-17,0.,-1.));
#4995 = ORIENTED_EDGE('',*,*,#4996,.T.);
#4996 = EDGE_CURVE('',#4989,#4997,#4999,.T.);
#4997 = VERTEX_POINT('',#4998);
#4998 = CARTESIAN_POINT('',(-3.902607824171,-4.538813532065,
    1.249999999999));
#4999 = B_SPLINE_CURVE_WITH_KNOTS('',3,(#5000,#5001,#5002,#5003,#5004,
    #5005,#5006,#5007),.UNSPECIFIED.,.F.,.F.,(4,2,2,4),(0.,
    1.09207096E-04,2.18414193E-04,4.36828386E-04),.UNSPECIFIED.);
#5000 = CARTESIAN_POINT('',(-3.659499574168,-4.781921782068,
    1.449999999999));
#5001 = CARTESIAN_POINT('',(-3.659499574168,-4.781921782068,
    1.41292638672));
#5002 = CARTESIAN_POINT('',(-3.671195059835,-4.770226296402,
    1.377913077681));
#5003 = CARTESIAN_POINT('',(-3.705862826371,-4.735558529866,
    1.323330734483));
#5004 = CARTESIAN_POINT('',(-3.728179233053,-4.713242123183,
    1.303245285178));
#5005 = CARTESIAN_POINT('',(-3.798605255245,-4.642816100992,1.2591781056
    ));
#5006 = CARTESIAN_POINT('',(-3.850910283233,-4.590511073003,
    1.249999999999));
#5007 = CARTESIAN_POINT('',(-3.902607824171,-4.538813532065,
    1.249999999999));
#5008 = ORIENTED_EDGE('',*,*,#5009,.T.);
#5009 = EDGE_CURVE('',#4997,#5010,#5012,.T.);
#5010 = VERTEX_POINT('',#5011);
#5011 = CARTESIAN_POINT('',(-3.220710678118,-5.220710678118,
    1.249999999999));
#5012 = LINE('',#5013,#5014);
#5013 = CARTESIAN_POINT('',(-3.220710678118,-5.220710678118,
    1.249999999999));
#5014 = VECTOR('',#5015,1.);
#5015 = DIRECTION('',(0.707106781187,-0.707106781187,9.782012572298E-17)
  );
#5016 = ORIENTED_EDGE('',*,*,#5017,.T.);
#5017 = EDGE_CURVE('',#5010,#4966,#5018,.T.);
#5018 = LINE('',#5019,#5020);
#5019 = CARTESIAN_POINT('',(-3.220710678118,-5.220710678118,-0.75));
#5020 = VECTOR('',#5021,1.);
#5021 = DIRECTION('',(0.,0.,1.));
#5022 = PLANE('',#5023);
#5023 = AXIS2_PLACEMENT_3D('',#5024,#5025,#5026);
#5024 = CARTESIAN_POINT('',(-3.220710678118,-5.220710678118,-0.75));
#5025 = DIRECTION('',(0.707106781187,0.707106781187,0.));
#5026 = DIRECTION('',(-0.707106781187,0.707106781187,0.));
#5027 = ADVANCED_FACE('',(#5028),#5102,.T.);
#5028 = FACE_BOUND('',#5029,.T.);
#5029 = EDGE_LOOP('',(#5030,#5040,#5049,#5057,#5072,#5087,#5095));
#5030 = ORIENTED_EDGE('',*,*,#5031,.T.);
#5031 = EDGE_CURVE('',#5032,#5034,#5036,.T.);
#5032 = VERTEX_POINT('',#5033);
#5033 = CARTESIAN_POINT('',(-4.634924240491,-3.806497115745,
    1.449999999999));
#5034 = VERTEX_POINT('',#5035);
#5035 = CARTESIAN_POINT('',(-4.634924240491,-3.806497115745,2.75));
#5036 = LINE('',#5037,#5038);
#5037 = CARTESIAN_POINT('',(-4.634924240491,-3.806497115745,-0.75));
#5038 = VECTOR('',#5039,1.);
#5039 = DIRECTION('',(0.,0.,1.));
#5040 = ORIENTED_EDGE('',*,*,#5041,.T.);
#5041 = EDGE_CURVE('',#5034,#5042,#5044,.T.);
#5042 = VERTEX_POINT('',#5043);
#5043 = CARTESIAN_POINT('',(-4.564213562373,-3.735786437626,
    2.905660360206));
#5044 = B_SPLINE_CURVE_WITH_KNOTS('',3,(#5045,#5046,#5047,#5048),
  .UNSPECIFIED.,.F.,.F.,(4,4),(0.,1.92487362E-04),
  .PIECEWISE_BEZIER_KNOTS.);
#5045 = CARTESIAN_POINT('',(-4.634924240491,-3.806497115745,2.75));
#5046 = CARTESIAN_POINT('',(-4.634924240491,-3.806497115745,
    2.815249279851));
#5047 = CARTESIAN_POINT('',(-4.603567138065,-3.775140013319,
    2.872245788992));
#5048 = CARTESIAN_POINT('',(-4.564213562373,-3.735786437626,
    2.905660360206));
#5049 = ORIENTED_EDGE('',*,*,#5050,.F.);
#5050 = EDGE_CURVE('',#5051,#5042,#5053,.T.);
#5051 = VERTEX_POINT('',#5052);
#5052 = CARTESIAN_POINT('',(-4.564213562373,-3.735786437626,
    2.45404207607));
#5053 = LINE('',#5054,#5055);
#5054 = CARTESIAN_POINT('',(-4.564213562373,-3.735786437626,-0.75));
#5055 = VECTOR('',#5056,1.);
#5056 = DIRECTION('',(0.,0.,1.));
#5057 = ORIENTED_EDGE('',*,*,#5058,.T.);
#5058 = EDGE_CURVE('',#5051,#5059,#5061,.T.);
#5059 = VERTEX_POINT('',#5060);
#5060 = CARTESIAN_POINT('',(-4.21174446088,-3.383317336134,2.06601274706
    ));
#5061 = B_SPLINE_CURVE_WITH_KNOTS('',3,(#5062,#5063,#5064,#5065,#5066,
    #5067,#5068,#5069,#5070,#5071),.UNSPECIFIED.,.F.,.F.,(4,2,2,2,4),(
    1.12698056E-04,4.31690453E-04,5.91186652E-04,6.70934751E-04,
    7.50682851E-04),.UNSPECIFIED.);
#5062 = CARTESIAN_POINT('',(-4.564213562373,-3.735786437626,
    2.45404207607));
#5063 = CARTESIAN_POINT('',(-4.498023763253,-3.669596638507,
    2.403550045288));
#5064 = CARTESIAN_POINT('',(-4.433055224453,-3.604628099707,
    2.349305107663));
#5065 = CARTESIAN_POINT('',(-4.341084423245,-3.512657298499,
    2.256978869178));
#5066 = CARTESIAN_POINT('',(-4.311365896573,-3.482938771827,
    2.224443632252));
#5067 = CARTESIAN_POINT('',(-4.26958865945,-3.441161534704,
    2.170431247226));
#5068 = CARTESIAN_POINT('',(-4.25623578333,-3.427808658584,
    2.151690391961));
#5069 = CARTESIAN_POINT('',(-4.231536499553,-3.403109374807,
    2.111628304723));
#5070 = CARTESIAN_POINT('',(-4.219390110319,-3.390962985573,
    2.090646538386));
#5071 = CARTESIAN_POINT('',(-4.21174446088,-3.383317336134,2.06601274706
    ));
#5072 = ORIENTED_EDGE('',*,*,#5073,.T.);
#5073 = EDGE_CURVE('',#5059,#5074,#5076,.T.);
#5074 = VERTEX_POINT('',#5075);
#5075 = CARTESIAN_POINT('',(-4.564213562373,-3.735786437626,
    1.726195335084));
#5076 = B_SPLINE_CURVE_WITH_KNOTS('',3,(#5077,#5078,#5079,#5080,#5081,
    #5082,#5083,#5084,#5085,#5086),.UNSPECIFIED.,.F.,.F.,(4,2,2,2,4),(0.
    ,7.858342682372E-05,1.57166853E-04,3.14333707E-04,6.28667414E-04),
  .UNSPECIFIED.);
#5077 = CARTESIAN_POINT('',(-4.21174446088,-3.383317336134,2.06601274706
    ));
#5078 = CARTESIAN_POINT('',(-4.220371862447,-3.391944737701,
    2.042829892667));
#5079 = CARTESIAN_POINT('',(-4.232762193984,-3.404335069237,
    2.024157018397));
#5080 = CARTESIAN_POINT('',(-4.258091400961,-3.429664276215,
    1.988054865461));
#5081 = CARTESIAN_POINT('',(-4.271712180591,-3.443285055845,
    1.971226683953));
#5082 = CARTESIAN_POINT('',(-4.314061785758,-3.485634661012,
    1.923090815214));
#5083 = CARTESIAN_POINT('',(-4.343770739691,-3.515343614945,
    1.894635929838));
#5084 = CARTESIAN_POINT('',(-4.435093831381,-3.606666706635,
    1.814681468765));
#5085 = CARTESIAN_POINT('',(-4.498954607277,-3.67052748253,
    1.768716263857));
#5086 = CARTESIAN_POINT('',(-4.564213562373,-3.735786437626,
    1.726195335084));
#5087 = ORIENTED_EDGE('',*,*,#5088,.F.);
#5088 = EDGE_CURVE('',#5089,#5074,#5091,.T.);
#5089 = VERTEX_POINT('',#5090);
#5090 = CARTESIAN_POINT('',(-4.564213562373,-3.735786437626,
    1.294339639793));
#5091 = LINE('',#5092,#5093);
#5092 = CARTESIAN_POINT('',(-4.564213562373,-3.735786437626,-0.75));
#5093 = VECTOR('',#5094,1.);
#5094 = DIRECTION('',(0.,0.,1.));
#5095 = ORIENTED_EDGE('',*,*,#5096,.T.);
#5096 = EDGE_CURVE('',#5089,#5032,#5097,.T.);
#5097 = B_SPLINE_CURVE_WITH_KNOTS('',3,(#5098,#5099,#5100,#5101),
  .UNSPECIFIED.,.F.,.F.,(4,4),(0.,1.92649291E-04),
  .PIECEWISE_BEZIER_KNOTS.);
#5098 = CARTESIAN_POINT('',(-4.564213562373,-3.735786437626,
    1.294339639793));
#5099 = CARTESIAN_POINT('',(-4.603595793997,-3.775168669251,
    1.327778542359));
#5100 = CARTESIAN_POINT('',(-4.634924240491,-3.806497115745,
    1.384671636514));
#5101 = CARTESIAN_POINT('',(-4.634924240491,-3.806497115745,
    1.449999999999));
#5102 = PLANE('',#5103);
#5103 = AXIS2_PLACEMENT_3D('',#5104,#5105,#5106);
#5104 = CARTESIAN_POINT('',(-4.564213562373,-3.735786437626,-0.75));
#5105 = DIRECTION('',(-0.707106781187,0.707106781187,0.));
#5106 = DIRECTION('',(-0.707106781187,-0.707106781187,0.));
#5107 = ADVANCED_FACE('',(#5108),#5209,.T.);
#5108 = FACE_BOUND('',#5109,.T.);
#5109 = EDGE_LOOP('',(#5110,#5111,#5120,#5126,#5127,#5135,#5142,#5143,
    #5154,#5162,#5173,#5181,#5192,#5200));
#5110 = ORIENTED_EDGE('',*,*,#5050,.T.);
#5111 = ORIENTED_EDGE('',*,*,#5112,.T.);
#5112 = EDGE_CURVE('',#5042,#5113,#5115,.T.);
#5113 = VERTEX_POINT('',#5114);
#5114 = CARTESIAN_POINT('',(-4.429279582505,-3.870720417494,2.95));
#5115 = B_SPLINE_CURVE_WITH_KNOTS('',3,(#5116,#5117,#5118,#5119),
  .UNSPECIFIED.,.F.,.F.,(4,4),(0.,1.971252E-04),
  .PIECEWISE_BEZIER_KNOTS.);
#5116 = CARTESIAN_POINT('',(-4.564213562373,-3.735786437626,
    2.905660360206));
#5117 = CARTESIAN_POINT('',(-4.522868464196,-3.777131535803,
    2.937167519844));
#5118 = CARTESIAN_POINT('',(-4.476116440603,-3.823883559396,2.95));
#5119 = CARTESIAN_POINT('',(-4.429279582505,-3.870720417494,2.95));
#5120 = ORIENTED_EDGE('',*,*,#5121,.F.);
#5121 = EDGE_CURVE('',#4944,#5113,#5122,.T.);
#5122 = LINE('',#5123,#5124);
#5123 = CARTESIAN_POINT('',(-3.149999999999,-5.15,2.95));
#5124 = VECTOR('',#5125,1.);
#5125 = DIRECTION('',(-0.707106781187,0.707106781187,-9.782012572298E-17
    ));
#5126 = ORIENTED_EDGE('',*,*,#4943,.F.);
#5127 = ORIENTED_EDGE('',*,*,#5128,.F.);
#5128 = EDGE_CURVE('',#5129,#4936,#5131,.T.);
#5129 = VERTEX_POINT('',#5130);
#5130 = CARTESIAN_POINT('',(-4.429279582505,-3.870720417494,
    1.249999999999));
#5131 = LINE('',#5132,#5133);
#5132 = CARTESIAN_POINT('',(-3.149999999999,-5.15,1.249999999999));
#5133 = VECTOR('',#5134,1.);
#5134 = DIRECTION('',(0.707106781187,-0.707106781187,9.782012572298E-17)
  );
#5135 = ORIENTED_EDGE('',*,*,#5136,.T.);
#5136 = EDGE_CURVE('',#5129,#5089,#5137,.T.);
#5137 = B_SPLINE_CURVE_WITH_KNOTS('',3,(#5138,#5139,#5140,#5141),
  .UNSPECIFIED.,.F.,.F.,(4,4),(0.,1.9635199E-04),
  .PIECEWISE_BEZIER_KNOTS.);
#5138 = CARTESIAN_POINT('',(-4.429279582505,-3.870720417494,
    1.249999999999));
#5139 = CARTESIAN_POINT('',(-4.476222666337,-3.823777333662,
    1.249999999999));
#5140 = CARTESIAN_POINT('',(-4.5227367238,-3.777263276199,1.26273208698)
  );
#5141 = CARTESIAN_POINT('',(-4.564213562373,-3.735786437626,
    1.294339639793));
#5142 = ORIENTED_EDGE('',*,*,#5088,.T.);
#5143 = ORIENTED_EDGE('',*,*,#5144,.T.);
#5144 = EDGE_CURVE('',#5074,#5145,#5147,.T.);
#5145 = VERTEX_POINT('',#5146);
#5146 = CARTESIAN_POINT('',(-4.281370849898,-4.018629150101,
    1.290047453614));
#5147 = B_SPLINE_CURVE_WITH_KNOTS('',3,(#5148,#5149,#5150,#5151,#5152,
    #5153),.UNSPECIFIED.,.F.,.F.,(4,2,4),(1.932621540774E-05,
    3.46468431E-04,6.73610647E-04),.UNSPECIFIED.);
#5148 = CARTESIAN_POINT('',(-4.564213562373,-3.735786437626,
    1.726195335084));
#5149 = CARTESIAN_POINT('',(-4.564213562373,-3.735786437626,
    1.616394899587));
#5150 = CARTESIAN_POINT('',(-4.536936324686,-3.763063675313,
    1.506297084523));
#5151 = CARTESIAN_POINT('',(-4.434984040571,-3.865015959428,
    1.342196452652));
#5152 = CARTESIAN_POINT('',(-4.359628109984,-3.940371890015,
    1.290047453614));
#5153 = CARTESIAN_POINT('',(-4.281370849898,-4.018629150101,
    1.290047453614));
#5154 = ORIENTED_EDGE('',*,*,#5155,.F.);
#5155 = EDGE_CURVE('',#5156,#5145,#5158,.T.);
#5156 = VERTEX_POINT('',#5157);
#5157 = CARTESIAN_POINT('',(-4.139949493661,-4.160050506338,
    1.290047453614));
#5158 = LINE('',#5159,#5160);
#5159 = CARTESIAN_POINT('',(-3.857106781186,-4.442893218813,
    1.290047453614));
#5160 = VECTOR('',#5161,1.);
#5161 = DIRECTION('',(-0.707106781187,0.707106781187,0.));
#5162 = ORIENTED_EDGE('',*,*,#5163,.T.);
#5163 = EDGE_CURVE('',#5156,#5164,#5166,.T.);
#5164 = VERTEX_POINT('',#5165);
#5165 = CARTESIAN_POINT('',(-3.857106781186,-4.442893218813,
    1.726195335084));
#5166 = B_SPLINE_CURVE_WITH_KNOTS('',3,(#5167,#5168,#5169,#5170,#5171,
    #5172),.UNSPECIFIED.,.F.,.F.,(4,2,4),(0.,3.26963006E-04,
    6.53926012E-04),.UNSPECIFIED.);
#5167 = CARTESIAN_POINT('',(-4.139949493661,-4.160050506338,
    1.290047453614));
#5168 = CARTESIAN_POINT('',(-4.061737023014,-4.238262976985,
    1.290047453614));
#5169 = CARTESIAN_POINT('',(-3.986420106954,-4.313579893045,
    1.342135624722));
#5170 = CARTESIAN_POINT('',(-3.884475311451,-4.415524688548,
    1.50607620721));
#5171 = CARTESIAN_POINT('',(-3.857106781186,-4.442893218813,
    1.61583522053));
#5172 = CARTESIAN_POINT('',(-3.857106781186,-4.442893218813,
    1.726195335084));
#5173 = ORIENTED_EDGE('',*,*,#5174,.F.);
#5174 = EDGE_CURVE('',#5175,#5164,#5177,.T.);
#5175 = VERTEX_POINT('',#5176);
#5176 = CARTESIAN_POINT('',(-3.857106781186,-4.442893218813,
    2.45404207607));
#5177 = LINE('',#5178,#5179);
#5178 = CARTESIAN_POINT('',(-3.857106781186,-4.442893218813,-0.75));
#5179 = VECTOR('',#5180,1.);
#5180 = DIRECTION('',(2.55106393526E-16,-2.55106393526E-16,-1.));
#5181 = ORIENTED_EDGE('',*,*,#5182,.T.);
#5182 = EDGE_CURVE('',#5175,#5183,#5185,.T.);
#5183 = VERTEX_POINT('',#5184);
#5184 = CARTESIAN_POINT('',(-4.139949493661,-4.160050506338,
    2.902864774269));
#5185 = B_SPLINE_CURVE_WITH_KNOTS('',3,(#5186,#5187,#5188,#5189,#5190,
    #5191),.UNSPECIFIED.,.F.,.F.,(4,2,4),(5.210355739618E-16,
    3.32124185E-04,6.64248371E-04),.UNSPECIFIED.);
#5186 = CARTESIAN_POINT('',(-3.857106781186,-4.442893218813,
    2.45404207607));
#5187 = CARTESIAN_POINT('',(-3.857106781186,-4.442893218813,
    2.566275625141));
#5188 = CARTESIAN_POINT('',(-3.88262949977,-4.417370500229,
    2.676292493747));
#5189 = CARTESIAN_POINT('',(-3.98486856809,-4.315131431909,
    2.848316000813));
#5190 = CARTESIAN_POINT('',(-4.060262414124,-4.239737585875,
    2.902864774269));
#5191 = CARTESIAN_POINT('',(-4.139949493661,-4.160050506338,
    2.902864774269));
#5192 = ORIENTED_EDGE('',*,*,#5193,.F.);
#5193 = EDGE_CURVE('',#5194,#5183,#5196,.T.);
#5194 = VERTEX_POINT('',#5195);
#5195 = CARTESIAN_POINT('',(-4.281370849898,-4.018629150101,
    2.902864774269));
#5196 = LINE('',#5197,#5198);
#5197 = CARTESIAN_POINT('',(-3.857106781186,-4.442893218813,
    2.902864774269));
#5198 = VECTOR('',#5199,1.);
#5199 = DIRECTION('',(0.707106781187,-0.707106781187,0.));
#5200 = ORIENTED_EDGE('',*,*,#5201,.T.);
#5201 = EDGE_CURVE('',#5194,#5051,#5202,.T.);
#5202 = B_SPLINE_CURVE_WITH_KNOTS('',3,(#5203,#5204,#5205,#5206,#5207,
    #5208),.UNSPECIFIED.,.F.,.F.,(4,2,4),(0.,3.32237915E-04,
    6.64475831E-04),.UNSPECIFIED.);
#5203 = CARTESIAN_POINT('',(-4.281370849898,-4.018629150101,
    2.902864774269));
#5204 = CARTESIAN_POINT('',(-4.360859799782,-3.939140200217,
    2.902864774269));
#5205 = CARTESIAN_POINT('',(-4.436832254364,-3.863167745635,
    2.84753415673));
#5206 = CARTESIAN_POINT('',(-4.537991129999,-3.76200887,2.677611023578)
  );
#5207 = CARTESIAN_POINT('',(-4.564213562373,-3.735786437626,
    2.565822731728));
#5208 = CARTESIAN_POINT('',(-4.564213562373,-3.735786437626,
    2.45404207607));
#5209 = PLANE('',#5210);
#5210 = AXIS2_PLACEMENT_3D('',#5211,#5212,#5213);
#5211 = CARTESIAN_POINT('',(-3.149999999999,-5.15,-0.75));
#5212 = DIRECTION('',(0.707106781187,0.707106781187,0.));
#5213 = DIRECTION('',(-0.707106781187,0.707106781187,0.));
#5214 = ADVANCED_FACE('',(#5215),#5272,.T.);
#5215 = FACE_BOUND('',#5216,.T.);
#5216 = EDGE_LOOP('',(#5217,#5225,#5233,#5242,#5250,#5258,#5264,#5265,
    #5271));
#5217 = ORIENTED_EDGE('',*,*,#5218,.F.);
#5218 = EDGE_CURVE('',#5219,#4872,#5221,.T.);
#5219 = VERTEX_POINT('',#5220);
#5220 = CARTESIAN_POINT('',(1.499999999999,-5.25,4.2));
#5221 = LINE('',#5222,#5223);
#5222 = CARTESIAN_POINT('',(1.499999999999,-5.25,4.2));
#5223 = VECTOR('',#5224,1.);
#5224 = DIRECTION('',(0.,1.,0.));
#5225 = ORIENTED_EDGE('',*,*,#5226,.F.);
#5226 = EDGE_CURVE('',#5227,#5219,#5229,.T.);
#5227 = VERTEX_POINT('',#5228);
#5228 = CARTESIAN_POINT('',(1.499999999999,-5.25,-0.699999999999));
#5229 = LINE('',#5230,#5231);
#5230 = CARTESIAN_POINT('',(1.499999999999,-5.25,-0.75));
#5231 = VECTOR('',#5232,1.);
#5232 = DIRECTION('',(0.,0.,1.));
#5233 = ORIENTED_EDGE('',*,*,#5234,.T.);
#5234 = EDGE_CURVE('',#5227,#5235,#5237,.T.);
#5235 = VERTEX_POINT('',#5236);
#5236 = CARTESIAN_POINT('',(1.499999999999,-5.15,-0.8));
#5237 = CIRCLE('',#5238,0.1);
#5238 = AXIS2_PLACEMENT_3D('',#5239,#5240,#5241);
#5239 = CARTESIAN_POINT('',(1.499999999999,-5.15,-0.699999999999));
#5240 = DIRECTION('',(1.,0.,0.));
#5241 = DIRECTION('',(0.,0.,-1.));
#5242 = ORIENTED_EDGE('',*,*,#5243,.F.);
#5243 = EDGE_CURVE('',#5244,#5235,#5246,.T.);
#5244 = VERTEX_POINT('',#5245);
#5245 = CARTESIAN_POINT('',(1.499999999999,-4.05,-0.8));
#5246 = LINE('',#5247,#5248);
#5247 = CARTESIAN_POINT('',(1.499999999999,-5.25,-0.8));
#5248 = VECTOR('',#5249,1.);
#5249 = DIRECTION('',(0.,-1.,0.));
#5250 = ORIENTED_EDGE('',*,*,#5251,.T.);
#5251 = EDGE_CURVE('',#5244,#5252,#5254,.T.);
#5252 = VERTEX_POINT('',#5253);
#5253 = CARTESIAN_POINT('',(1.499999999999,-4.05,-0.699999999999));
#5254 = LINE('',#5255,#5256);
#5255 = CARTESIAN_POINT('',(1.499999999999,-4.05,-0.8));
#5256 = VECTOR('',#5257,1.);
#5257 = DIRECTION('',(0.,0.,1.));
#5258 = ORIENTED_EDGE('',*,*,#5259,.T.);
#5259 = EDGE_CURVE('',#5252,#4912,#5260,.T.);
#5260 = LINE('',#5261,#5262);
#5261 = CARTESIAN_POINT('',(1.499999999999,-5.25,-0.699999999999));
#5262 = VECTOR('',#5263,1.);
#5263 = DIRECTION('',(0.,-1.,0.));
#5264 = ORIENTED_EDGE('',*,*,#4911,.T.);
#5265 = ORIENTED_EDGE('',*,*,#5266,.T.);
#5266 = EDGE_CURVE('',#4904,#4854,#5267,.T.);
#5267 = LINE('',#5268,#5269);
#5268 = CARTESIAN_POINT('',(1.499999999999,-5.25,4.099999999999));
#5269 = VECTOR('',#5270,1.);
#5270 = DIRECTION('',(0.,1.,0.));
#5271 = ORIENTED_EDGE('',*,*,#4879,.F.);
#5272 = PLANE('',#5273);
#5273 = AXIS2_PLACEMENT_3D('',#5274,#5275,#5276);
#5274 = CARTESIAN_POINT('',(1.499999999999,-5.25,-0.75));
#5275 = DIRECTION('',(1.,0.,0.));
#5276 = DIRECTION('',(0.,0.,-1.));
#5277 = ADVANCED_FACE('',(#5278),#5335,.F.);
#5278 = FACE_BOUND('',#5279,.T.);
#5279 = EDGE_LOOP('',(#5280,#5288,#5296,#5304,#5312,#5320,#5328,#5334));
#5280 = ORIENTED_EDGE('',*,*,#5281,.F.);
#5281 = EDGE_CURVE('',#5282,#5219,#5284,.T.);
#5282 = VERTEX_POINT('',#5283);
#5283 = CARTESIAN_POINT('',(-1.5,-5.25,4.2));
#5284 = LINE('',#5285,#5286);
#5285 = CARTESIAN_POINT('',(1.499999999999,-5.25,4.2));
#5286 = VECTOR('',#5287,1.);
#5287 = DIRECTION('',(1.,0.,0.));
#5288 = ORIENTED_EDGE('',*,*,#5289,.F.);
#5289 = EDGE_CURVE('',#5290,#5282,#5292,.T.);
#5290 = VERTEX_POINT('',#5291);
#5291 = CARTESIAN_POINT('',(-1.5,-5.25,2.95));
#5292 = LINE('',#5293,#5294);
#5293 = CARTESIAN_POINT('',(-1.5,-5.25,2.95));
#5294 = VECTOR('',#5295,1.);
#5295 = DIRECTION('',(0.,0.,1.));
#5296 = ORIENTED_EDGE('',*,*,#5297,.F.);
#5297 = EDGE_CURVE('',#5298,#5290,#5300,.T.);
#5298 = VERTEX_POINT('',#5299);
#5299 = CARTESIAN_POINT('',(-3.149999999999,-5.25,2.95));
#5300 = LINE('',#5301,#5302);
#5301 = CARTESIAN_POINT('',(-1.5,-5.25,2.95));
#5302 = VECTOR('',#5303,1.);
#5303 = DIRECTION('',(1.,0.,1.383385484703E-16));
#5304 = ORIENTED_EDGE('',*,*,#5305,.T.);
#5305 = EDGE_CURVE('',#5298,#5306,#5308,.T.);
#5306 = VERTEX_POINT('',#5307);
#5307 = CARTESIAN_POINT('',(-3.149999999999,-5.25,1.249999999999));
#5308 = LINE('',#5309,#5310);
#5309 = CARTESIAN_POINT('',(-3.149999999999,-5.25,-0.75));
#5310 = VECTOR('',#5311,1.);
#5311 = DIRECTION('',(0.,0.,-1.));
#5312 = ORIENTED_EDGE('',*,*,#5313,.F.);
#5313 = EDGE_CURVE('',#5314,#5306,#5316,.T.);
#5314 = VERTEX_POINT('',#5315);
#5315 = CARTESIAN_POINT('',(-1.5,-5.25,1.249999999999));
#5316 = LINE('',#5317,#5318);
#5317 = CARTESIAN_POINT('',(-1.5,-5.25,1.249999999999));
#5318 = VECTOR('',#5319,1.);
#5319 = DIRECTION('',(-1.,0.,-1.383385484703E-16));
#5320 = ORIENTED_EDGE('',*,*,#5321,.F.);
#5321 = EDGE_CURVE('',#5322,#5314,#5324,.T.);
#5322 = VERTEX_POINT('',#5323);
#5323 = CARTESIAN_POINT('',(-1.5,-5.25,-0.699999999999));
#5324 = LINE('',#5325,#5326);
#5325 = CARTESIAN_POINT('',(-1.5,-5.25,-0.75));
#5326 = VECTOR('',#5327,1.);
#5327 = DIRECTION('',(0.,0.,1.));
#5328 = ORIENTED_EDGE('',*,*,#5329,.T.);
#5329 = EDGE_CURVE('',#5322,#5227,#5330,.T.);
#5330 = LINE('',#5331,#5332);
#5331 = CARTESIAN_POINT('',(1.499999999999,-5.25,-0.699999999999));
#5332 = VECTOR('',#5333,1.);
#5333 = DIRECTION('',(1.,0.,0.));
#5334 = ORIENTED_EDGE('',*,*,#5226,.T.);
#5335 = PLANE('',#5336);
#5336 = AXIS2_PLACEMENT_3D('',#5337,#5338,#5339);
#5337 = CARTESIAN_POINT('',(1.499999999999,-5.25,-0.75));
#5338 = DIRECTION('',(0.,1.,0.));
#5339 = DIRECTION('',(0.,-0.,1.));
#5340 = ADVANCED_FACE('',(#5341),#5371,.F.);
#5341 = FACE_BOUND('',#5342,.T.);
#5342 = EDGE_LOOP('',(#5343,#5344,#5355,#5356,#5363,#5364,#5370));
#5343 = ORIENTED_EDGE('',*,*,#5121,.T.);
#5344 = ORIENTED_EDGE('',*,*,#5345,.T.);
#5345 = EDGE_CURVE('',#5113,#4968,#5346,.T.);
#5346 = B_SPLINE_CURVE_WITH_KNOTS('',3,(#5347,#5348,#5349,#5350,#5351,
    #5352,#5353,#5354),.UNSPECIFIED.,.F.,.F.,(4,2,2,4),(
    1.301042606982E-18,4.56654943E-04,6.84982414E-04,9.13309886E-04),
  .UNSPECIFIED.);
#5347 = CARTESIAN_POINT('',(-4.429279582505,-3.870720417494,2.95));
#5348 = CARTESIAN_POINT('',(-4.413228500448,-4.022776961381,2.95));
#5349 = CARTESIAN_POINT('',(-4.37242992369,-4.174024128004,2.95));
#5350 = CARTESIAN_POINT('',(-4.234500869391,-4.358350452089,2.95));
#5351 = CARTESIAN_POINT('',(-4.176675075698,-4.409811307781,2.95));
#5352 = CARTESIAN_POINT('',(-4.048005295372,-4.489080706051,2.95));
#5353 = CARTESIAN_POINT('',(-3.976285779184,-4.51810386415,2.95));
#5354 = CARTESIAN_POINT('',(-3.902607824171,-4.538813532065,2.95));
#5355 = ORIENTED_EDGE('',*,*,#4965,.F.);
#5356 = ORIENTED_EDGE('',*,*,#5357,.T.);
#5357 = EDGE_CURVE('',#4966,#5298,#5358,.T.);
#5358 = CIRCLE('',#5359,9.9999999999E-02);
#5359 = AXIS2_PLACEMENT_3D('',#5360,#5361,#5362);
#5360 = CARTESIAN_POINT('',(-3.149999999999,-5.15,2.95));
#5361 = DIRECTION('',(-1.383385484703E-16,0.,1.));
#5362 = DIRECTION('',(-1.,0.,-1.383385484703E-16));
#5363 = ORIENTED_EDGE('',*,*,#5297,.T.);
#5364 = ORIENTED_EDGE('',*,*,#5365,.F.);
#5365 = EDGE_CURVE('',#4896,#5290,#5366,.T.);
#5366 = LINE('',#5367,#5368);
#5367 = CARTESIAN_POINT('',(-1.5,-2.55,2.95));
#5368 = VECTOR('',#5369,1.);
#5369 = DIRECTION('',(0.,-1.,0.));
#5370 = ORIENTED_EDGE('',*,*,#4951,.T.);
#5371 = PLANE('',#5372);
#5372 = AXIS2_PLACEMENT_3D('',#5373,#5374,#5375);
#5373 = CARTESIAN_POINT('',(-1.5,-2.55,2.95));
#5374 = DIRECTION('',(1.383385484703E-16,0.,-1.));
#5375 = DIRECTION('',(-1.,0.,-1.383385484703E-16));
#5376 = ADVANCED_FACE('',(#5377),#5404,.F.);
#5377 = FACE_BOUND('',#5378,.T.);
#5378 = EDGE_LOOP('',(#5379,#5387,#5388,#5389,#5390,#5398));
#5379 = ORIENTED_EDGE('',*,*,#5380,.T.);
#5380 = EDGE_CURVE('',#5381,#4894,#5383,.T.);
#5381 = VERTEX_POINT('',#5382);
#5382 = CARTESIAN_POINT('',(-1.5,-4.05,4.099999999999));
#5383 = LINE('',#5384,#5385);
#5384 = CARTESIAN_POINT('',(-1.5,-4.05,4.099999999999));
#5385 = VECTOR('',#5386,1.);
#5386 = DIRECTION('',(0.,-1.,0.));
#5387 = ORIENTED_EDGE('',*,*,#4893,.T.);
#5388 = ORIENTED_EDGE('',*,*,#5365,.T.);
#5389 = ORIENTED_EDGE('',*,*,#5289,.T.);
#5390 = ORIENTED_EDGE('',*,*,#5391,.F.);
#5391 = EDGE_CURVE('',#5392,#5282,#5394,.T.);
#5392 = VERTEX_POINT('',#5393);
#5393 = CARTESIAN_POINT('',(-1.5,-4.05,4.2));
#5394 = LINE('',#5395,#5396);
#5395 = CARTESIAN_POINT('',(-1.5,-4.05,4.2));
#5396 = VECTOR('',#5397,1.);
#5397 = DIRECTION('',(0.,-1.,0.));
#5398 = ORIENTED_EDGE('',*,*,#5399,.T.);
#5399 = EDGE_CURVE('',#5392,#5381,#5400,.T.);
#5400 = LINE('',#5401,#5402);
#5401 = CARTESIAN_POINT('',(-1.5,-4.05,4.2));
#5402 = VECTOR('',#5403,1.);
#5403 = DIRECTION('',(0.,0.,-1.));
#5404 = PLANE('',#5405);
#5405 = AXIS2_PLACEMENT_3D('',#5406,#5407,#5408);
#5406 = CARTESIAN_POINT('',(-1.5,-2.55,2.95));
#5407 = DIRECTION('',(1.,0.,0.));
#5408 = DIRECTION('',(0.,0.,-1.));
#5409 = ADVANCED_FACE('',(#5410),#5440,.F.);
#5410 = FACE_BOUND('',#5411,.T.);
#5411 = EDGE_LOOP('',(#5412,#5413,#5424,#5425,#5426,#5432,#5433));
#5412 = ORIENTED_EDGE('',*,*,#5009,.F.);
#5413 = ORIENTED_EDGE('',*,*,#5414,.T.);
#5414 = EDGE_CURVE('',#4997,#5129,#5415,.T.);
#5415 = B_SPLINE_CURVE_WITH_KNOTS('',3,(#5416,#5417,#5418,#5419,#5420,
    #5421,#5422,#5423),.UNSPECIFIED.,.F.,.F.,(4,2,2,4),(0.,
    2.28971963E-04,4.57943926E-04,9.15887852E-04),.UNSPECIFIED.);
#5416 = CARTESIAN_POINT('',(-3.902607824171,-4.538813532065,
    1.249999999999));
#5417 = CARTESIAN_POINT('',(-3.976285779184,-4.51810386415,
    1.249999999999));
#5418 = CARTESIAN_POINT('',(-4.048005295372,-4.489080706051,
    1.249999999999));
#5419 = CARTESIAN_POINT('',(-4.176675075698,-4.409811307781,
    1.249999999999));
#5420 = CARTESIAN_POINT('',(-4.234500869391,-4.358350452089,
    1.249999999999));
#5421 = CARTESIAN_POINT('',(-4.37242992369,-4.174024128004,
    1.249999999999));
#5422 = CARTESIAN_POINT('',(-4.413228500448,-4.022776961381,
    1.249999999999));
#5423 = CARTESIAN_POINT('',(-4.429279582505,-3.870720417494,
    1.249999999999));
#5424 = ORIENTED_EDGE('',*,*,#5128,.T.);
#5425 = ORIENTED_EDGE('',*,*,#4935,.T.);
#5426 = ORIENTED_EDGE('',*,*,#5427,.T.);
#5427 = EDGE_CURVE('',#4928,#5314,#5428,.T.);
#5428 = LINE('',#5429,#5430);
#5429 = CARTESIAN_POINT('',(-1.5,-2.55,1.249999999999));
#5430 = VECTOR('',#5431,1.);
#5431 = DIRECTION('',(0.,-1.,0.));
#5432 = ORIENTED_EDGE('',*,*,#5313,.T.);
#5433 = ORIENTED_EDGE('',*,*,#5434,.T.);
#5434 = EDGE_CURVE('',#5306,#5010,#5435,.T.);
#5435 = CIRCLE('',#5436,9.9999999999E-02);
#5436 = AXIS2_PLACEMENT_3D('',#5437,#5438,#5439);
#5437 = CARTESIAN_POINT('',(-3.149999999999,-5.15,1.249999999999));
#5438 = DIRECTION('',(1.383385484703E-16,0.,-1.));
#5439 = DIRECTION('',(1.,0.,1.383385484703E-16));
#5440 = PLANE('',#5441);
#5441 = AXIS2_PLACEMENT_3D('',#5442,#5443,#5444);
#5442 = CARTESIAN_POINT('',(-1.5,-2.55,1.249999999999));
#5443 = DIRECTION('',(-1.383385484703E-16,0.,1.));
#5444 = DIRECTION('',(1.,0.,1.383385484703E-16));
#5445 = ADVANCED_FACE('',(#5446),#5482,.F.);
#5446 = FACE_BOUND('',#5447,.T.);
#5447 = EDGE_LOOP('',(#5448,#5458,#5465,#5466,#5467,#5468,#5476));
#5448 = ORIENTED_EDGE('',*,*,#5449,.F.);
#5449 = EDGE_CURVE('',#5450,#5452,#5454,.T.);
#5450 = VERTEX_POINT('',#5451);
#5451 = CARTESIAN_POINT('',(-1.5,-5.15,-0.8));
#5452 = VERTEX_POINT('',#5453);
#5453 = CARTESIAN_POINT('',(-1.5,-4.05,-0.8));
#5454 = LINE('',#5455,#5456);
#5455 = CARTESIAN_POINT('',(-1.5,-5.25,-0.8));
#5456 = VECTOR('',#5457,1.);
#5457 = DIRECTION('',(0.,1.,0.));
#5458 = ORIENTED_EDGE('',*,*,#5459,.T.);
#5459 = EDGE_CURVE('',#5450,#5322,#5460,.T.);
#5460 = CIRCLE('',#5461,0.1);
#5461 = AXIS2_PLACEMENT_3D('',#5462,#5463,#5464);
#5462 = CARTESIAN_POINT('',(-1.5,-5.15,-0.699999999999));
#5463 = DIRECTION('',(-1.,0.,0.));
#5464 = DIRECTION('',(0.,0.,-1.));
#5465 = ORIENTED_EDGE('',*,*,#5321,.T.);
#5466 = ORIENTED_EDGE('',*,*,#5427,.F.);
#5467 = ORIENTED_EDGE('',*,*,#4927,.T.);
#5468 = ORIENTED_EDGE('',*,*,#5469,.T.);
#5469 = EDGE_CURVE('',#4920,#5470,#5472,.T.);
#5470 = VERTEX_POINT('',#5471);
#5471 = CARTESIAN_POINT('',(-1.5,-4.05,-0.699999999999));
#5472 = LINE('',#5473,#5474);
#5473 = CARTESIAN_POINT('',(-1.5,-5.25,-0.699999999999));
#5474 = VECTOR('',#5475,1.);
#5475 = DIRECTION('',(0.,1.,0.));
#5476 = ORIENTED_EDGE('',*,*,#5477,.F.);
#5477 = EDGE_CURVE('',#5452,#5470,#5478,.T.);
#5478 = LINE('',#5479,#5480);
#5479 = CARTESIAN_POINT('',(-1.5,-4.05,-0.8));
#5480 = VECTOR('',#5481,1.);
#5481 = DIRECTION('',(0.,0.,1.));
#5482 = PLANE('',#5483);
#5483 = AXIS2_PLACEMENT_3D('',#5484,#5485,#5486);
#5484 = CARTESIAN_POINT('',(-1.5,-2.55,-0.75));
#5485 = DIRECTION('',(1.,0.,0.));
#5486 = DIRECTION('',(0.,0.,-1.));
#5487 = ADVANCED_FACE('',(#5488),#5556,.T.);
#5488 = FACE_BOUND('',#5489,.T.);
#5489 = EDGE_LOOP('',(#5490,#5491,#5504,#5512,#5523,#5524,#5537,#5545));
#5490 = ORIENTED_EDGE('',*,*,#5193,.T.);
#5491 = ORIENTED_EDGE('',*,*,#5492,.T.);
#5492 = EDGE_CURVE('',#5183,#5493,#5495,.T.);
#5493 = VERTEX_POINT('',#5494);
#5494 = CARTESIAN_POINT('',(-3.53294920882,-3.553050221408,
    2.240580504773));
#5495 = B_SPLINE_CURVE_WITH_KNOTS('',3,(#5496,#5497,#5498,#5499,#5500,
    #5501,#5502,#5503),.UNSPECIFIED.,.F.,.F.,(4,2,2,4),(0.,
    5.47762763E-04,8.21644145E-04,1.095525527E-03),.UNSPECIFIED.);
#5496 = CARTESIAN_POINT('',(-4.139949493661,-4.160050506338,
    2.902864774269));
#5497 = CARTESIAN_POINT('',(-4.022920719191,-4.043021731869,
    2.82290429383));
#5498 = CARTESIAN_POINT('',(-3.908963542802,-3.92906455548,
    2.736096610446));
#5499 = CARTESIAN_POINT('',(-3.749327442448,-3.769428455125,
    2.580695886737));
#5500 = CARTESIAN_POINT('',(-3.697782519864,-3.717883532542,
    2.524447102742));
#5501 = CARTESIAN_POINT('',(-3.603418468202,-3.62351948088,
    2.395569404889));
#5502 = CARTESIAN_POINT('',(-3.561463883089,-3.581564895767,
    2.325418233357));
#5503 = CARTESIAN_POINT('',(-3.53294920882,-3.553050221408,
    2.240580504773));
#5504 = ORIENTED_EDGE('',*,*,#5505,.T.);
#5505 = EDGE_CURVE('',#5493,#5506,#5508,.T.);
#5506 = VERTEX_POINT('',#5507);
#5507 = CARTESIAN_POINT('',(-3.542647322678,-3.562748335355,
    1.865599038766));
#5508 = B_SPLINE_CURVE_WITH_KNOTS('',2,(#5509,#5510,#5511),
  .UNSPECIFIED.,.F.,.F.,(3,3),(0.,1.),.PIECEWISE_BEZIER_KNOTS.);
#5509 = CARTESIAN_POINT('',(-3.53294920882,-3.553050221408,
    2.240580504773));
#5510 = CARTESIAN_POINT('',(-3.46876919303,-3.488870205618,
    2.049630164607));
#5511 = CARTESIAN_POINT('',(-3.542647322678,-3.562748335355,
    1.865599038766));
#5512 = ORIENTED_EDGE('',*,*,#5513,.T.);
#5513 = EDGE_CURVE('',#5506,#5156,#5514,.T.);
#5514 = B_SPLINE_CURVE_WITH_KNOTS('',3,(#5515,#5516,#5517,#5518,#5519,
    #5520,#5521,#5522),.UNSPECIFIED.,.F.,.F.,(4,2,2,4),(0.,
    2.59880219E-04,5.19760439E-04,1.039520878E-03),.UNSPECIFIED.);
#5515 = CARTESIAN_POINT('',(-3.542647322678,-3.562748335355,
    1.865599038766));
#5516 = CARTESIAN_POINT('',(-3.573368414044,-3.593469426722,
    1.789072501774));
#5517 = CARTESIAN_POINT('',(-3.615960375702,-3.63606138838,
    1.725637321078));
#5518 = CARTESIAN_POINT('',(-3.709335821244,-3.729436833922,
    1.612199013356));
#5519 = CARTESIAN_POINT('',(-3.759538961006,-3.779639973684,
    1.563503360308));
#5520 = CARTESIAN_POINT('',(-3.915433409106,-3.935534421784,
    1.429478820241));
#5521 = CARTESIAN_POINT('',(-4.026712653895,-4.046813666572,
    1.356066641948));
#5522 = CARTESIAN_POINT('',(-4.139949493661,-4.160050506338,
    1.290047453614));
#5523 = ORIENTED_EDGE('',*,*,#5155,.T.);
#5524 = ORIENTED_EDGE('',*,*,#5525,.T.);
#5525 = EDGE_CURVE('',#5145,#5526,#5528,.T.);
#5526 = VERTEX_POINT('',#5527);
#5527 = CARTESIAN_POINT('',(-3.683608577373,-3.4208668772,1.866748578271
    ));
#5528 = B_SPLINE_CURVE_WITH_KNOTS('',3,(#5529,#5530,#5531,#5532,#5533,
    #5534,#5535,#5536),.UNSPECIFIED.,.F.,.F.,(4,2,2,4),(0.,
    5.15730644E-04,7.73595967E-04,1.031461289E-03),.UNSPECIFIED.);
#5529 = CARTESIAN_POINT('',(-4.281370849898,-4.018629150101,
    1.290047453614));
#5530 = CARTESIAN_POINT('',(-4.168043034713,-3.905301334916,
    1.356119684836));
#5531 = CARTESIAN_POINT('',(-4.057485991213,-3.794744291416,
    1.429032160756));
#5532 = CARTESIAN_POINT('',(-3.901582666817,-3.63884096702,
    1.562920743304));
#5533 = CARTESIAN_POINT('',(-3.851265781906,-3.588524082109,1.6116258469
    ));
#5534 = CARTESIAN_POINT('',(-3.75735285909,-3.494611159294,
    1.725627907667));
#5535 = CARTESIAN_POINT('',(-3.714402485523,-3.451660785726,
    1.789581295236));
#5536 = CARTESIAN_POINT('',(-3.683608577373,-3.4208668772,1.866748578271
    ));
#5537 = ORIENTED_EDGE('',*,*,#5538,.T.);
#5538 = EDGE_CURVE('',#5526,#5539,#5541,.T.);
#5539 = VERTEX_POINT('',#5540);
#5540 = CARTESIAN_POINT('',(-3.674646608227,-3.41190490843,2.24139993789
    ));
#5541 = B_SPLINE_CURVE_WITH_KNOTS('',2,(#5542,#5543,#5544),
  .UNSPECIFIED.,.F.,.F.,(3,3),(0.,1.),.PIECEWISE_BEZIER_KNOTS.);
#5542 = CARTESIAN_POINT('',(-3.683608577373,-3.4208668772,1.866748578271
    ));
#5543 = CARTESIAN_POINT('',(-3.610233399086,-3.347491698913,
    2.050621410796));
#5544 = CARTESIAN_POINT('',(-3.674646608227,-3.41190490843,2.24139993789
    ));
#5545 = ORIENTED_EDGE('',*,*,#5546,.T.);
#5546 = EDGE_CURVE('',#5539,#5194,#5547,.T.);
#5547 = B_SPLINE_CURVE_WITH_KNOTS('',3,(#5548,#5549,#5550,#5551,#5552,
    #5553,#5554,#5555),.UNSPECIFIED.,.F.,.F.,(4,2,2,4),(0.,
    2.75540386E-04,5.51080773E-04,1.102161546E-03),.UNSPECIFIED.);
#5548 = CARTESIAN_POINT('',(-3.674646608227,-3.41190490843,2.24139993789
    ));
#5549 = CARTESIAN_POINT('',(-3.703074134635,-3.440332434838,
    2.325596363644));
#5550 = CARTESIAN_POINT('',(-3.745568540168,-3.482826840371,
    2.39665320321));
#5551 = CARTESIAN_POINT('',(-3.839327923836,-3.576586224039,
    2.524527156378));
#5552 = CARTESIAN_POINT('',(-3.890379271216,-3.627637571419,
    2.580297342648));
#5553 = CARTESIAN_POINT('',(-4.049709708637,-3.78696800884,
    2.735516460874));
#5554 = CARTESIAN_POINT('',(-4.164445640249,-3.901703940452,
    2.822975054804));
#5555 = CARTESIAN_POINT('',(-4.281370849898,-4.018629150101,
    2.902864774269));
#5556 = B_SPLINE_SURFACE_WITH_KNOTS('',2,1,(
    (#5557,#5558)
    ,(#5559,#5560)
    ,(#5561,#5562
    )),.UNSPECIFIED.,.F.,.F.,.F.,(3,3),(2,2),(2.5641963265E-02,
    0.98005033192),(0.,1.),.PIECEWISE_BEZIER_KNOTS.);
#5557 = CARTESIAN_POINT('',(-4.139949497011,-4.160050509688,
    2.902864776558));
#5558 = CARTESIAN_POINT('',(-4.281370853436,-4.018629153263,
    2.902864776558));
#5559 = CARTESIAN_POINT('',(-2.858635300681,-2.878736313359,
    2.027400608053));
#5560 = CARTESIAN_POINT('',(-3.000056657106,-2.737314956934,
    2.027400608053));
#5561 = CARTESIAN_POINT('',(-4.155325263976,-4.175426276654,
    1.281141154337));
#5562 = CARTESIAN_POINT('',(-4.296746620402,-4.034004920229,
    1.281141154337));
#5563 = ADVANCED_FACE('',(#5564),#5595,.T.);
#5564 = FACE_BOUND('',#5565,.T.);
#5565 = EDGE_LOOP('',(#5566,#5567,#5582));
#5566 = ORIENTED_EDGE('',*,*,#5174,.T.);
#5567 = ORIENTED_EDGE('',*,*,#5568,.T.);
#5568 = EDGE_CURVE('',#5164,#5569,#5571,.T.);
#5569 = VERTEX_POINT('',#5570);
#5570 = CARTESIAN_POINT('',(-3.504637679708,-4.090424117335,
    2.066012747107));
#5571 = B_SPLINE_CURVE_WITH_KNOTS('',3,(#5572,#5573,#5574,#5575,#5576,
    #5577,#5578,#5579,#5580,#5581),.UNSPECIFIED.,.F.,.F.,(4,2,2,2,4),(0.
    ,3.03585998E-04,4.55378997E-04,5.31275496E-04,6.07171996E-04),
  .UNSPECIFIED.);
#5572 = CARTESIAN_POINT('',(-3.857106781186,-4.442893218813,
    1.726195335084));
#5573 = CARTESIAN_POINT('',(-3.791813495781,-4.377599933408,
    1.768738632536));
#5574 = CARTESIAN_POINT('',(-3.727938938975,-4.313725376602,
    1.814720495032));
#5575 = CARTESIAN_POINT('',(-3.636648269564,-4.222434707191,
    1.894651214546));
#5576 = CARTESIAN_POINT('',(-3.606959165754,-4.192745603381,
    1.923091034733));
#5577 = CARTESIAN_POINT('',(-3.564658782946,-4.150445220573,
    1.971163536812));
#5578 = CARTESIAN_POINT('',(-3.551047833269,-4.136834270896,
    1.987970353809));
#5579 = CARTESIAN_POINT('',(-3.525670580843,-4.11145701847,2.02412982873
    ));
#5580 = CARTESIAN_POINT('',(-3.51313097607,-4.098917413697,2.04319024924
    ));
#5581 = CARTESIAN_POINT('',(-3.504637679708,-4.090424117335,
    2.066012747107));
#5582 = ORIENTED_EDGE('',*,*,#5583,.T.);
#5583 = EDGE_CURVE('',#5569,#5175,#5584,.T.);
#5584 = B_SPLINE_CURVE_WITH_KNOTS('',3,(#5585,#5586,#5587,#5588,#5589,
    #5590,#5591,#5592,#5593,#5594),.UNSPECIFIED.,.F.,.F.,(4,2,2,2,4),(0.
    ,8.111576047862E-05,1.6223152E-04,3.24463041E-04,6.48926083E-04),
  .UNSPECIFIED.);
#5585 = CARTESIAN_POINT('',(-3.504637679708,-4.090424117335,
    2.066012747107));
#5586 = CARTESIAN_POINT('',(-3.51232369334,-4.098110130967,
    2.090776589232));
#5587 = CARTESIAN_POINT('',(-3.524341685158,-4.110128122785,
    2.111473619754));
#5588 = CARTESIAN_POINT('',(-3.549073916903,-4.13486035453,
    2.151612871071));
#5589 = CARTESIAN_POINT('',(-3.562517085468,-4.148303523095,
    2.170476079248));
#5590 = CARTESIAN_POINT('',(-3.60416118763,-4.189947625257,
    2.224318396449));
#5591 = CARTESIAN_POINT('',(-3.63400076827,-4.219787205897,
    2.257006251846));
#5592 = CARTESIAN_POINT('',(-3.726097938257,-4.311884375883,
    2.349446832941));
#5593 = CARTESIAN_POINT('',(-3.790835122198,-4.376621559825,
    2.403487599548));
#5594 = CARTESIAN_POINT('',(-3.857106781186,-4.442893218813,
    2.45404207607));
#5595 = PLANE('',#5596);
#5596 = AXIS2_PLACEMENT_3D('',#5597,#5598,#5599);
#5597 = CARTESIAN_POINT('',(-3.220270702024,-3.806057139651,
    2.064539088645));
#5598 = DIRECTION('',(0.707106781187,-0.707106781187,3.607749215728E-16)
  );
#5599 = DIRECTION('',(0.707106781187,0.707106781187,0.));
#5600 = ADVANCED_FACE('',(#5601),#5621,.T.);
#5601 = FACE_BOUND('',#5602,.T.);
#5602 = EDGE_LOOP('',(#5603,#5604,#5605,#5620));
#5603 = ORIENTED_EDGE('',*,*,#5163,.F.);
#5604 = ORIENTED_EDGE('',*,*,#5513,.F.);
#5605 = ORIENTED_EDGE('',*,*,#5606,.F.);
#5606 = EDGE_CURVE('',#5569,#5506,#5607,.T.);
#5607 = B_SPLINE_CURVE_WITH_KNOTS('',3,(#5608,#5609,#5610,#5611,#5612,
    #5613,#5614,#5615,#5616,#5617,#5618,#5619),.UNSPECIFIED.,.F.,.F.,(4,
    2,2,2,2,4),(0.,0.25,0.375,0.5,0.75,1.),.UNSPECIFIED.);
#5608 = CARTESIAN_POINT('',(-3.504637679708,-4.090424117335,
    2.066012747107));
#5609 = CARTESIAN_POINT('',(-3.47261672322,-4.058403160848,
    2.039801260869));
#5610 = CARTESIAN_POINT('',(-3.447927948014,-4.01903016494,
    2.013581646953));
#5611 = CARTESIAN_POINT('',(-3.424741220268,-3.953307991221,
    1.977192439637));
#5612 = CARTESIAN_POINT('',(-3.419361673458,-3.930574368248,
    1.965686100601));
#5613 = CARTESIAN_POINT('',(-3.413258400505,-3.883469747534,
    1.943908831491));
#5614 = CARTESIAN_POINT('',(-3.412594047004,-3.858937118519,
    1.933596048345));
#5615 = CARTESIAN_POINT('',(-3.417824022915,-3.78595324863,
    1.905865298625));
#5616 = CARTESIAN_POINT('',(-3.431103854854,-3.736181700685,
    1.890929734275));
#5617 = CARTESIAN_POINT('',(-3.474672040884,-3.643717914436,
    1.870917428377));
#5618 = CARTESIAN_POINT('',(-3.505433649729,-3.599962008304,
    1.865599038766));
#5619 = CARTESIAN_POINT('',(-3.542647322678,-3.562748335355,
    1.865599038766));
#5620 = ORIENTED_EDGE('',*,*,#5568,.F.);
#5621 = ( BOUNDED_SURFACE() B_SPLINE_SURFACE(3,2,(
    (#5622,#5623,#5624)
    ,(#5625,#5626,#5627)
    ,(#5628,#5629,#5630)
    ,(#5631,#5632,#5633)
    ,(#5634,#5635,#5636)
    ,(#5637,#5638,#5639)
    ,(#5640,#5641,#5642)
    ,(#5643,#5644,#5645)
    ,(#5646,#5647,#5648)
    ,(#5649,#5650,#5651)
    ,(#5652,#5653,#5654)
    ,(#5655,#5656,#5657)
    ,(#5658,#5659,#5660)
    ,(#5661,#5662,#5663)
    ,(#5664,#5665,#5666)
    ,(#5667,#5668,#5669
)),.UNSPECIFIED.,.F.,.F.,.F.) B_SPLINE_SURFACE_WITH_KNOTS((4,2,2,2,2,2,2
    ,4),(3,3),(2.984896248E-03,2.997482372E-03,3.010068495E-03,
    3.035240743E-03,3.085585237E-03,3.186274226E-03,3.387652205E-03,
    3.790408162E-03),(0.,1.),.UNSPECIFIED.) 
GEOMETRIC_REPRESENTATION_ITEM() RATIONAL_B_SPLINE_SURFACE((
    (1.,0.707106781186,1.)
    ,(1.,0.707106781186,1.)
    ,(1.,0.707106781186,1.)
    ,(1.,0.707106781186,1.)
    ,(1.,0.707106781186,1.)
    ,(1.,0.707106781186,1.)
    ,(1.,0.707106781186,1.)
    ,(1.,0.707106781186,1.)
    ,(1.,0.707106781186,1.)
    ,(1.,0.707106781186,1.)
    ,(1.,0.707106781186,1.)
    ,(1.,0.707106781186,1.)
    ,(1.,0.707106781186,1.)
    ,(1.,0.707106781186,1.)
    ,(1.,0.707106781186,1.)
,(1.,0.707106781186,1.))) REPRESENTATION_ITEM('') SURFACE() );
#5622 = CARTESIAN_POINT('',(-3.503155396951,-4.088941834578,
    2.070307556018));
#5623 = CARTESIAN_POINT('',(-3.244553074507,-3.830339512134,
    1.908290033346));
#5624 = CARTESIAN_POINT('',(-3.527395786982,-3.547496799659,
    1.908290033346));
#5625 = CARTESIAN_POINT('',(-3.504357201483,-4.09014363911,
    2.066481133954));
#5626 = CARTESIAN_POINT('',(-3.254230504649,-3.840016942276,
    1.877580525902));
#5627 = CARTESIAN_POINT('',(-3.537024906173,-3.55712591885,
    1.877551227508));
#5628 = CARTESIAN_POINT('',(-3.505839393566,-4.091625831193,
    2.062787840502));
#5629 = CARTESIAN_POINT('',(-3.260553703799,-3.846340141426,
    1.863291467466));
#5630 = CARTESIAN_POINT('',(-3.543395233079,-3.563496245757,
    1.863290440534));
#5631 = CARTESIAN_POINT('',(-3.508933734103,-4.09472017173,2.05565659876
    ));
#5632 = CARTESIAN_POINT('',(-3.27209093524,-3.857877372867,
    1.836698385367));
#5633 = CARTESIAN_POINT('',(-3.554934830909,-3.575035843587,
    1.836699412299));
#5634 = CARTESIAN_POINT('',(-3.51057177518,-4.096358212807,
    2.052212939173));
#5635 = CARTESIAN_POINT('',(-3.277133511261,-3.862919948888,
    1.826227917367));
#5636 = CARTESIAN_POINT('',(-3.559975919031,-3.580076931709,
    1.826227610351));
#5637 = CARTESIAN_POINT('',(-3.515659103858,-4.101445541485,
    2.042114426257));
#5638 = CARTESIAN_POINT('',(-3.291466783698,-3.877253221325,
    1.797774413464));
#5639 = CARTESIAN_POINT('',(-3.574310105582,-3.59441111826,
    1.797775027495));
#5640 = CARTESIAN_POINT('',(-3.519282120322,-4.105068557949,
    2.035692741265));
#5641 = CARTESIAN_POINT('',(-3.299891924466,-3.885678362093,
    1.783060267669));
#5642 = CARTESIAN_POINT('',(-3.582734500093,-3.60283551277,
    1.783060102416));
#5643 = CARTESIAN_POINT('',(-3.530572475953,-4.11635891358,
    2.016993137961));
#5644 = CARTESIAN_POINT('',(-3.324062845685,-3.909849283312,
    1.743026684947));
#5645 = CARTESIAN_POINT('',(-3.606905831855,-3.627006844533,
    1.743027015453));
#5646 = CARTESIAN_POINT('',(-3.538662704432,-4.124449142059,
    2.00528279603));
#5647 = CARTESIAN_POINT('',(-3.338577759298,-3.924364196925,
    1.722345928384));
#5648 = CARTESIAN_POINT('',(-3.621420417013,-3.641521429691,
    1.722345846564));
#5649 = CARTESIAN_POINT('',(-3.5639195105,-4.149705948127,1.971475281483
    ));
#5650 = CARTESIAN_POINT('',(-3.380802768081,-3.966589205708,
    1.665825403639));
#5651 = CARTESIAN_POINT('',(-3.663645590074,-3.683746602752,
    1.665825567278));
#5652 = CARTESIAN_POINT('',(-3.582159970553,-4.16794640818,
    1.950636812787));
#5653 = CARTESIAN_POINT('',(-3.407080695938,-3.992867133564,
    1.636249741747));
#5654 = CARTESIAN_POINT('',(-3.689923386577,-3.710024399255,
    1.636249700016));
#5655 = CARTESIAN_POINT('',(-3.638110254204,-4.22389669183,1.89208728592
    ));
#5656 = CARTESIAN_POINT('',(-3.483547541871,-4.069333979498,
    1.556230464238));
#5657 = CARTESIAN_POINT('',(-3.766390298015,-3.786491310693,1.5562305477
    ));
#5658 = CARTESIAN_POINT('',(-3.677364315604,-4.263150753231,
    1.857882071017));
#5659 = CARTESIAN_POINT('',(-3.531573195198,-4.117359632825,
    1.514902822898));
#5660 = CARTESIAN_POINT('',(-3.814415900427,-3.834516913104,
    1.514902804628));
#5661 = CARTESIAN_POINT('',(-3.797945534209,-4.383731971835,
    1.762231949527));
#5662 = CARTESIAN_POINT('',(-3.674423332205,-4.260209769832,
    1.401588036485));
#5663 = CARTESIAN_POINT('',(-3.957266059172,-3.97736707185,
    1.401588073024));
#5664 = CARTESIAN_POINT('',(-3.88230229908,-4.468088736707,
    1.707878277701));
#5665 = CARTESIAN_POINT('',(-3.767192479438,-4.352978917065,
    1.342319379531));
#5666 = CARTESIAN_POINT('',(-4.050035194165,-4.070136206843,
    1.342319397426));
#5667 = CARTESIAN_POINT('',(-3.967953619877,-4.553740057504,
    1.658082074299));
#5668 = CARTESIAN_POINT('',(-3.860410044753,-4.44619648238,
    1.288124294411));
#5669 = CARTESIAN_POINT('',(-4.143252757228,-4.163353769906,
    1.288124294411));
#5670 = ADVANCED_FACE('',(#5671),#5694,.T.);
#5671 = FACE_BOUND('',#5672,.T.);
#5672 = EDGE_LOOP('',(#5673,#5674,#5675));
#5673 = ORIENTED_EDGE('',*,*,#5606,.T.);
#5674 = ORIENTED_EDGE('',*,*,#5505,.F.);
#5675 = ORIENTED_EDGE('',*,*,#5676,.F.);
#5676 = EDGE_CURVE('',#5569,#5493,#5677,.T.);
#5677 = B_SPLINE_CURVE_WITH_KNOTS('',3,(#5678,#5679,#5680,#5681,#5682,
    #5683,#5684,#5685,#5686,#5687,#5688,#5689,#5690,#5691,#5692,#5693),
  .UNSPECIFIED.,.F.,.F.,(4,2,2,2,2,2,2,4),(0.,0.249999999999,
    0.499999999999,0.562499999999,0.593749999999,0.624999999999,
    0.749999999999,1.),.UNSPECIFIED.);
#5678 = CARTESIAN_POINT('',(-3.504637679708,-4.090424117335,
    2.066012747107));
#5679 = CARTESIAN_POINT('',(-3.492483877286,-4.078270314913,
    2.074348315297));
#5680 = CARTESIAN_POINT('',(-3.471183853683,-4.056072670205,
    2.089063922774));
#5681 = CARTESIAN_POINT('',(-3.42880210723,-3.979690561525,
    2.129734798089));
#5682 = CARTESIAN_POINT('',(-3.40769798898,-3.92437946071,2.156072880668
    ));
#5683 = CARTESIAN_POINT('',(-3.406791509237,-3.833165846975,
    2.187765754648));
#5684 = CARTESIAN_POINT('',(-3.407930644534,-3.813899928661,
    2.19399693823));
#5685 = CARTESIAN_POINT('',(-3.412183717107,-3.783771581634,
    2.202875125582));
#5686 = CARTESIAN_POINT('',(-3.413108242776,-3.778982494308,
    2.204199363009));
#5687 = CARTESIAN_POINT('',(-3.41523662541,-3.768040831347,
    2.207221870362));
#5688 = CARTESIAN_POINT('',(-3.416429201575,-3.762520742549,
    2.208706088604));
#5689 = CARTESIAN_POINT('',(-3.423066776298,-3.734704793236,
    2.215970009973));
#5690 = CARTESIAN_POINT('',(-3.430542679836,-3.711748012183,
    2.221280704866));
#5691 = CARTESIAN_POINT('',(-3.460586673954,-3.642286686594,
    2.234800418866));
#5692 = CARTESIAN_POINT('',(-3.490988716635,-3.595010713593,
    2.240580504774));
#5693 = CARTESIAN_POINT('',(-3.53294920882,-3.553050221408,
    2.240580504773));
#5694 = B_SPLINE_SURFACE_WITH_KNOTS('',3,3,(
    (#5695,#5696,#5697,#5698,#5699,#5700,#5701,#5702)
    ,(#5703,#5704,#5705,#5706,#5707,#5708,#5709,#5710)
    ,(#5711,#5712,#5713,#5714,#5715,#5716,#5717,#5718)
    ,(#5719,#5720,#5721,#5722,#5723,#5724,#5725,#5726)
    ,(#5727,#5728,#5729,#5730,#5731,#5732,#5733,#5734)
    ,(#5735,#5736,#5737,#5738,#5739,#5740,#5741,#5742)
    ,(#5743,#5744,#5745,#5746,#5747,#5748,#5749,#5750)
    ,(#5751,#5752,#5753,#5754,#5755,#5756,#5757,#5758)
    ,(#5759,#5760,#5761,#5762,#5763,#5764,#5765,#5766)
    ,(#5767,#5768,#5769,#5770,#5771,#5772,#5773,#5774)
    ,(#5775,#5776,#5777,#5778,#5779,#5780,#5781,#5782)
    ,(#5783,#5784,#5785,#5786,#5787,#5788,#5789,#5790
  )),.UNSPECIFIED.,.F.,.F.,.F.,(4,2,2,2,2,4),(4,2,2,4),(0.,0.25,0.5,
    0.625,0.75,1.),(0.,0.25,0.75,1.),.UNSPECIFIED.);
#5695 = CARTESIAN_POINT('',(-3.53294920882,-3.553050221408,
    2.240580504773));
#5696 = CARTESIAN_POINT('',(-3.522252539521,-3.542353552109,
    2.208755448079));
#5697 = CARTESIAN_POINT('',(-3.514432081587,-3.534533094175,
    2.177074541683));
#5698 = CARTESIAN_POINT('',(-3.499599341878,-3.519700354466,
    2.082464273391));
#5699 = CARTESIAN_POINT('',(-3.501215694195,-3.521316706783,
    2.019967362389));
#5700 = CARTESIAN_POINT('',(-3.520897490856,-3.540998503444,
    1.927086897678));
#5701 = CARTESIAN_POINT('',(-3.530334301107,-3.550435313695,
    1.896270893073));
#5702 = CARTESIAN_POINT('',(-3.542647322723,-3.56274833531,
    1.865599038766));
#5703 = CARTESIAN_POINT('',(-3.49573600896,-3.590263421267,
    2.240580504773));
#5704 = CARTESIAN_POINT('',(-3.485157544649,-3.579684956956,
    2.209107135162));
#5705 = CARTESIAN_POINT('',(-3.477218802872,-3.57174637289,
    2.177074541683));
#5706 = CARTESIAN_POINT('',(-3.462385944879,-3.556913751464,
    2.082464273391));
#5707 = CARTESIAN_POINT('',(-3.464002218341,-3.558530182637,
    2.019967362389));
#5708 = CARTESIAN_POINT('',(-3.483683896718,-3.578212097582,
    1.927086897678));
#5709 = CARTESIAN_POINT('',(-3.493256766561,-3.587785125136,
    1.895931770901));
#5710 = CARTESIAN_POINT('',(-3.505433649729,-3.599962008304,
    1.865599038766));
#5711 = CARTESIAN_POINT('',(-3.465232047819,-3.634276294246,
    2.235948026315));
#5712 = CARTESIAN_POINT('',(-3.455038918794,-3.624036561054,
    2.205577341357));
#5713 = CARTESIAN_POINT('',(-3.447281719764,-3.616243877504,
    2.174230499461));
#5714 = CARTESIAN_POINT('',(-3.432911123454,-3.601800859673,
    2.082101180866));
#5715 = CARTESIAN_POINT('',(-3.434489260457,-3.60337656485,
    2.021119788762));
#5716 = CARTESIAN_POINT('',(-3.453581912512,-3.622541293553,
    1.930672540196));
#5717 = CARTESIAN_POINT('',(-3.462937852818,-3.631933998423,
    1.900185580683));
#5718 = CARTESIAN_POINT('',(-3.474672040884,-3.643717914436,
    1.870917428377));
#5719 = CARTESIAN_POINT('',(-3.422632687581,-3.727707717327,
    2.218516686255));
#5720 = CARTESIAN_POINT('',(-3.413663858165,-3.718603480929,
    2.191719916053));
#5721 = CARTESIAN_POINT('',(-3.406731054797,-3.711567221787,
    2.163471972387));
#5722 = CARTESIAN_POINT('',(-3.394024114902,-3.69864942789,
    2.080695585889));
#5723 = CARTESIAN_POINT('',(-3.395454615469,-3.700072634971,
    2.025496934433));
#5724 = CARTESIAN_POINT('',(-3.412405127296,-3.717232081913,
    1.94422234803));
#5725 = CARTESIAN_POINT('',(-3.420777943729,-3.72571133713,
    1.916748863622));
#5726 = CARTESIAN_POINT('',(-3.431103854854,-3.736181700685,
    1.890929734275));
#5727 = CARTESIAN_POINT('',(-3.41007565229,-3.778201755838,
    2.205507322341));
#5728 = CARTESIAN_POINT('',(-3.401945787198,-3.769894285115,
    2.181181782242));
#5729 = CARTESIAN_POINT('',(-3.395655110583,-3.763467811077,
    2.155375244623));
#5730 = CARTESIAN_POINT('',(-3.384146297701,-3.751682312983,
    2.079598007817));
#5731 = CARTESIAN_POINT('',(-3.38546366749,-3.752990054032,
    2.028807875102));
#5732 = CARTESIAN_POINT('',(-3.400857797691,-3.768658080916,
    1.954399902009));
#5733 = CARTESIAN_POINT('',(-3.408463693629,-3.776403470378,
    1.929299984842));
#5734 = CARTESIAN_POINT('',(-3.417824022915,-3.78595324863,
    1.905865298625));
#5735 = CARTESIAN_POINT('',(-3.406187438581,-3.852527333306,
    2.181352928991));
#5736 = CARTESIAN_POINT('',(-3.399595768085,-3.845771273734,
    2.161660555866));
#5737 = CARTESIAN_POINT('',(-3.394512817368,-3.840562648878,
    2.140462386167));
#5738 = CARTESIAN_POINT('',(-3.38522672146,-3.83102063561,2.077649957544
    ));
#5739 = CARTESIAN_POINT('',(-3.386335988228,-3.832121197924,
    2.034883500139));
#5740 = CARTESIAN_POINT('',(-3.398843173503,-3.84488193156,1.97318592674
    ));
#5741 = CARTESIAN_POINT('',(-3.405006585601,-3.851174402378,
    1.952562461407));
#5742 = CARTESIAN_POINT('',(-3.412594047004,-3.858937118519,
    1.933596048345));
#5743 = CARTESIAN_POINT('',(-3.407350735716,-3.877558986844,
    2.172370151832));
#5744 = CARTESIAN_POINT('',(-3.401306124185,-3.87135972817,2.15432807989
    ));
#5745 = CARTESIAN_POINT('',(-3.396656183202,-3.866591570328,
    2.134832402116));
#5746 = CARTESIAN_POINT('',(-3.388158937739,-3.857853644608,
    2.076864587322));
#5747 = CARTESIAN_POINT('',(-3.389187769224,-3.858874367434,2.0371971943
    ));
#5748 = CARTESIAN_POINT('',(-3.400657798803,-3.870582928946,
    1.980252703368));
#5749 = CARTESIAN_POINT('',(-3.406301476402,-3.876347995782,
    1.961284001011));
#5750 = CARTESIAN_POINT('',(-3.413258400505,-3.883469747534,
    1.943908831491));
#5751 = CARTESIAN_POINT('',(-3.4145076056,-3.925717669808,2.153401332579
    ));
#5752 = CARTESIAN_POINT('',(-3.409602237762,-3.920684309602,
    2.138792555663));
#5753 = CARTESIAN_POINT('',(-3.405853632713,-3.91683787548,
    2.122878062891));
#5754 = CARTESIAN_POINT('',(-3.398995332623,-3.909780474116,
    2.075159266074));
#5755 = CARTESIAN_POINT('',(-3.39985190691,-3.910630443069,
    2.042126758294));
#5756 = CARTESIAN_POINT('',(-3.409157625063,-3.92013355903,
    1.995239380929));
#5757 = CARTESIAN_POINT('',(-3.413717553756,-3.924793908192,
    1.979751788507));
#5758 = CARTESIAN_POINT('',(-3.419361673458,-3.930574368248,
    1.965686100601));
#5759 = CARTESIAN_POINT('',(-3.420443820102,-3.949008241696,
    2.143378877775));
#5760 = CARTESIAN_POINT('',(-3.416130636991,-3.94458397906,
    2.130553094701));
#5761 = CARTESIAN_POINT('',(-3.412850232244,-3.941218682195,
    2.116522186619));
#5762 = CARTESIAN_POINT('',(-3.406841460532,-3.935037180117,
    2.074229806201));
#5763 = CARTESIAN_POINT('',(-3.407605583408,-3.935795637438,
    2.044757577335));
#5764 = CARTESIAN_POINT('',(-3.41578357928,-3.94414494245,2.003196243322
    ));
#5765 = CARTESIAN_POINT('',(-3.419779367667,-3.948227858474,
    1.989539889471));
#5766 = CARTESIAN_POINT('',(-3.424741220268,-3.953307991221,
    1.977192439637));
#5767 = CARTESIAN_POINT('',(-3.44539097547,-4.016491845599,
    2.111682505312));
#5768 = CARTESIAN_POINT('',(-3.442886741529,-4.013932774147,
    2.104286045173));
#5769 = CARTESIAN_POINT('',(-3.441020686019,-4.0120248369,2.09612512631)
  );
#5770 = CARTESIAN_POINT('',(-3.437578358578,-4.008497390509,
    2.071076160736));
#5771 = CARTESIAN_POINT('',(-3.438039681324,-4.008956081155,
    2.053270217956));
#5772 = CARTESIAN_POINT('',(-3.44276699246,-4.013767960398,
    2.028644840185));
#5773 = CARTESIAN_POINT('',(-3.445049342097,-4.016093271827,
    2.020698856452));
#5774 = CARTESIAN_POINT('',(-3.447927948014,-4.01903016494,
    2.013581646953));
#5775 = CARTESIAN_POINT('',(-3.471348080214,-4.057134517839,
    2.088844097905));
#5776 = CARTESIAN_POINT('',(-3.470090958359,-4.055877395984,
    2.08517816649));
#5777 = CARTESIAN_POINT('',(-3.469180878051,-4.054967315676,
    2.081161581071));
#5778 = CARTESIAN_POINT('',(-3.467477516971,-4.053263954597,
    2.068612037746));
#5779 = CARTESIAN_POINT('',(-3.467711116043,-4.05349755367,
    2.059579292771));
#5780 = CARTESIAN_POINT('',(-3.470058295157,-4.055844732785,
    2.047239300949));
#5781 = CARTESIAN_POINT('',(-3.471173484945,-4.056959922574,
    2.043327491282));
#5782 = CARTESIAN_POINT('',(-3.47261672322,-4.058403160848,
    2.039801260869));
#5783 = CARTESIAN_POINT('',(-3.5046376797,-4.090424117327,2.066012747112
    ));
#5784 = CARTESIAN_POINT('',(-3.5046376797,-4.090424117327,2.066012747112
    ));
#5785 = CARTESIAN_POINT('',(-3.5046376797,-4.090424117327,2.066012747112
    ));
#5786 = CARTESIAN_POINT('',(-3.5046376797,-4.090424117327,2.066012747112
    ));
#5787 = CARTESIAN_POINT('',(-3.5046376797,-4.090424117327,2.066012747112
    ));
#5788 = CARTESIAN_POINT('',(-3.5046376797,-4.090424117327,2.066012747112
    ));
#5789 = CARTESIAN_POINT('',(-3.5046376797,-4.090424117327,2.066012747112
    ));
#5790 = CARTESIAN_POINT('',(-3.5046376797,-4.090424117327,2.066012747112
    ));
#5791 = ADVANCED_FACE('',(#5792),#5798,.T.);
#5792 = FACE_BOUND('',#5793,.T.);
#5793 = EDGE_LOOP('',(#5794,#5795,#5796,#5797));
#5794 = ORIENTED_EDGE('',*,*,#5182,.F.);
#5795 = ORIENTED_EDGE('',*,*,#5583,.F.);
#5796 = ORIENTED_EDGE('',*,*,#5676,.T.);
#5797 = ORIENTED_EDGE('',*,*,#5492,.F.);
#5798 = ( BOUNDED_SURFACE() B_SPLINE_SURFACE(3,2,(
    (#5799,#5800,#5801)
    ,(#5802,#5803,#5804)
    ,(#5805,#5806,#5807)
    ,(#5808,#5809,#5810)
    ,(#5811,#5812,#5813)
    ,(#5814,#5815,#5816)
    ,(#5817,#5818,#5819)
    ,(#5820,#5821,#5822)
    ,(#5823,#5824,#5825)
    ,(#5826,#5827,#5828)
    ,(#5829,#5830,#5831)
    ,(#5832,#5833,#5834)
    ,(#5835,#5836,#5837)
    ,(#5838,#5839,#5840)
    ,(#5841,#5842,#5843)
    ,(#5844,#5845,#5846
)),.UNSPECIFIED.,.F.,.F.,.F.) B_SPLINE_SURFACE_WITH_KNOTS((4,2,2,2,2,2,2
    ,4),(3,3),(3.356062343E-03,3.777932238E-03,3.988867185E-03,
    4.094334659E-03,4.147068396E-03,4.173435264E-03,4.186618699E-03,
    4.199802133E-03),(0.,1.),.UNSPECIFIED.) 
GEOMETRIC_REPRESENTATION_ITEM() RATIONAL_B_SPLINE_SURFACE((
    (1.,0.707106781186,1.)
    ,(1.,0.707106781186,1.)
    ,(1.,0.707106781186,1.)
    ,(1.,0.707106781186,1.)
    ,(1.,0.707106781186,1.)
    ,(1.,0.707106781186,1.)
    ,(1.,0.707106781186,1.)
    ,(1.,0.707106781186,1.)
    ,(1.,0.707106781186,1.)
    ,(1.,0.707106781186,1.)
    ,(1.,0.707106781186,1.)
    ,(1.,0.707106781186,1.)
    ,(1.,0.707106781186,1.)
    ,(1.,0.707106781186,1.)
    ,(1.,0.707106781186,1.)
,(1.,0.707106781186,1.))) REPRESENTATION_ITEM('') SURFACE() );
#5799 = CARTESIAN_POINT('',(-3.983335078979,-4.569121516606,
    2.544870638772));
#5800 = CARTESIAN_POINT('',(-3.860540284706,-4.446326722333,
    2.905207810043));
#5801 = CARTESIAN_POINT('',(-4.143382997181,-4.163484009859,
    2.905207810043));
#5802 = CARTESIAN_POINT('',(-3.893809405476,-4.479595843103,
    2.483853985871));
#5803 = CARTESIAN_POINT('',(-3.763740559755,-4.349526997382,
    2.839233494692));
#5804 = CARTESIAN_POINT('',(-4.046583274919,-4.066684287597,
    2.839233478619));
#5805 = CARTESIAN_POINT('',(-3.805615980659,-4.391402418286,
    2.418013103692));
#5806 = CARTESIAN_POINT('',(-3.667482423105,-4.253268860732,
    2.767895469587));
#5807 = CARTESIAN_POINT('',(-3.950325150393,-3.97042616307,
    2.767895436856));
#5808 = CARTESIAN_POINT('',(-3.680125484519,-4.265911922146,
    2.304429679933));
#5809 = CARTESIAN_POINT('',(-3.520487796862,-4.106274234489,
    2.634848303526));
#5810 = CARTESIAN_POINT('',(-3.803330501931,-3.823431514608,
    2.634848319891));
#5811 = CARTESIAN_POINT('',(-3.63920785399,-4.224994291617,
    2.263924964333));
#5812 = CARTESIAN_POINT('',(-3.471021348256,-4.056807785883,
    2.586436796146));
#5813 = CARTESIAN_POINT('',(-3.753864102119,-3.773965114797,
    2.586436726081));
#5814 = CARTESIAN_POINT('',(-3.581992352414,-4.167778790041,
    2.196328053196));
#5815 = CARTESIAN_POINT('',(-3.394080298871,-3.979866736498,
    2.495535193973));
#5816 = CARTESIAN_POINT('',(-3.676922990652,-3.697024003329,
    2.495535229005));
#5817 = CARTESIAN_POINT('',(-3.563588556449,-4.149374994076,
    2.172652807273));
#5818 = CARTESIAN_POINT('',(-3.368040991472,-3.953827429099,
    2.462528879583));
#5819 = CARTESIAN_POINT('',(-3.65088381058,-3.670984823258,
    2.462528738314));
#5820 = CARTESIAN_POINT('',(-3.5379948806,-4.123781318227,2.134014897108
    ));
#5821 = CARTESIAN_POINT('',(-3.326140403402,-3.911926841029,
    2.399272767329));
#5822 = CARTESIAN_POINT('',(-3.60898306256,-3.629084075238,
    2.399272837963));
#5823 = CARTESIAN_POINT('',(-3.529864041454,-4.115650479081,
    2.120710184764));
#5824 = CARTESIAN_POINT('',(-3.311845914439,-3.897632352066,
    2.376258414919));
#5825 = CARTESIAN_POINT('',(-3.594688895724,-3.614789908401,
    2.376258129432));
#5826 = CARTESIAN_POINT('',(-3.518689888984,-4.104476326611,
    2.099667131713));
#5827 = CARTESIAN_POINT('',(-3.288446839261,-3.874233276888,
    2.332192901922));
#5828 = CARTESIAN_POINT('',(-3.571289417331,-3.591390430009,
    2.332193044666));
#5829 = CARTESIAN_POINT('',(-3.515135019579,-4.100921457206,
    2.092472317663));
#5830 = CARTESIAN_POINT('',(-3.280347843819,-3.866134281446,
    2.316059537038));
#5831 = CARTESIAN_POINT('',(-3.563191164429,-3.583292177106,
    2.316059005152));
#5832 = CARTESIAN_POINT('',(-3.510221231346,-4.096007668973,
    2.081235424847));
#5833 = CARTESIAN_POINT('',(-3.266781122155,-3.852567559782,
    2.28503345972));
#5834 = CARTESIAN_POINT('',(-3.549623530562,-3.56972454324,
    2.285033725663));
#5835 = CARTESIAN_POINT('',(-3.508652885322,-4.094439322949,
    2.077415861785));
#5836 = CARTESIAN_POINT('',(-3.262037987767,-3.847824425394,
    2.273642307231));
#5837 = CARTESIAN_POINT('',(-3.544881912996,-3.564982925674,
    2.273641408257));
#5838 = CARTESIAN_POINT('',(-3.505735548741,-4.091521986368,
    2.069543671206));
#5839 = CARTESIAN_POINT('',(-3.251319490298,-3.837105927924,
    2.244714536281));
#5840 = CARTESIAN_POINT('',(-3.534160990018,-3.554262002696,
    2.244715435254));
#5841 = CARTESIAN_POINT('',(-3.504357510012,-4.090143947639,
    2.065491595307));
#5842 = CARTESIAN_POINT('',(-3.245292957123,-3.83107939475,
    2.228895324849));
#5843 = CARTESIAN_POINT('',(-3.52812243946,-3.548223452137,
    2.228901548509));
#5844 = CARTESIAN_POINT('',(-3.503307258698,-4.089093696325,
    2.061316292971));
#5845 = CARTESIAN_POINT('',(-3.236909084663,-3.82269552229,
    2.195718769666));
#5846 = CARTESIAN_POINT('',(-3.519751797138,-3.539852809815,
    2.195718769666));
#5847 = ADVANCED_FACE('',(#5848),#5868,.T.);
#5848 = FACE_BOUND('',#5849,.T.);
#5849 = EDGE_LOOP('',(#5850,#5865,#5866,#5867));
#5850 = ORIENTED_EDGE('',*,*,#5851,.F.);
#5851 = EDGE_CURVE('',#5526,#5059,#5852,.T.);
#5852 = B_SPLINE_CURVE_WITH_KNOTS('',3,(#5853,#5854,#5855,#5856,#5857,
    #5858,#5859,#5860,#5861,#5862,#5863,#5864),.UNSPECIFIED.,.F.,.F.,(4,
    2,2,2,2,4),(0.,0.25,0.5,0.625,0.75,1.),.UNSPECIFIED.);
#5853 = CARTESIAN_POINT('',(-3.683608577373,-3.4208668772,1.866748578271
    ));
#5854 = CARTESIAN_POINT('',(-3.720821582244,-3.383653872329,
    1.866748578271));
#5855 = CARTESIAN_POINT('',(-3.764589146408,-3.352904883238,
    1.872036404931));
#5856 = CARTESIAN_POINT('',(-3.857097800269,-3.30938324429,
    1.891933731789));
#5857 = CARTESIAN_POINT('',(-3.906903290645,-3.296137787403,
    1.906783522853));
#5858 = CARTESIAN_POINT('',(-3.979950554668,-3.290971283333,
    1.93435502666));
#5859 = CARTESIAN_POINT('',(-4.004506839672,-3.291659178793,
    1.944608595097));
#5860 = CARTESIAN_POINT('',(-4.05166180767,-3.297812142183,
    1.966260972504));
#5861 = CARTESIAN_POINT('',(-4.074422060091,-3.303217921379,
    1.977701325389));
#5862 = CARTESIAN_POINT('',(-4.140228534214,-3.326487533613,
    2.01388185218));
#5863 = CARTESIAN_POINT('',(-4.179662979651,-3.351235854908,
    2.039951321621));
#5864 = CARTESIAN_POINT('',(-4.21174446088,-3.383317336134,2.06601274706
    ));
#5865 = ORIENTED_EDGE('',*,*,#5525,.F.);
#5866 = ORIENTED_EDGE('',*,*,#5144,.F.);
#5867 = ORIENTED_EDGE('',*,*,#5073,.F.);
#5868 = ( BOUNDED_SURFACE() B_SPLINE_SURFACE(3,2,(
    (#5869,#5870,#5871)
    ,(#5872,#5873,#5874)
    ,(#5875,#5876,#5877)
    ,(#5878,#5879,#5880)
    ,(#5881,#5882,#5883)
    ,(#5884,#5885,#5886)
    ,(#5887,#5888,#5889)
    ,(#5890,#5891,#5892)
    ,(#5893,#5894,#5895)
    ,(#5896,#5897,#5898)
    ,(#5899,#5900,#5901)
    ,(#5902,#5903,#5904)
    ,(#5905,#5906,#5907)
    ,(#5908,#5909,#5910)
    ,(#5911,#5912,#5913)
    ,(#5914,#5915,#5916
)),.UNSPECIFIED.,.F.,.F.,.F.) B_SPLINE_SURFACE_WITH_KNOTS((4,2,2,2,2,2,2
    ,4),(3,3),(2.985710838E-03,2.998301509E-03,3.010892179E-03,
    3.036073521E-03,3.086436203E-03,3.187161567E-03,3.388612297E-03,
    3.791513755E-03),(0.,1.),.UNSPECIFIED.) 
GEOMETRIC_REPRESENTATION_ITEM() RATIONAL_B_SPLINE_SURFACE((
    (1.,0.707106781186,1.)
    ,(1.,0.707106781186,1.)
    ,(1.,0.707106781186,1.)
    ,(1.,0.707106781186,1.)
    ,(1.,0.707106781186,1.)
    ,(1.,0.707106781186,1.)
    ,(1.,0.707106781186,1.)
    ,(1.,0.707106781186,1.)
    ,(1.,0.707106781186,1.)
    ,(1.,0.707106781186,1.)
    ,(1.,0.707106781186,1.)
    ,(1.,0.707106781186,1.)
    ,(1.,0.707106781186,1.)
    ,(1.,0.707106781186,1.)
    ,(1.,0.707106781186,1.)
,(1.,0.707106781186,1.))) REPRESENTATION_ITEM('') SURFACE() );
#5869 = CARTESIAN_POINT('',(-3.668812130899,-3.406070431102,
    1.908306034893));
#5870 = CARTESIAN_POINT('',(-3.951654843374,-3.123227718628,
    1.908306034893));
#5871 = CARTESIAN_POINT('',(-4.210261613458,-3.381834488711,
    2.070309358728));
#5872 = CARTESIAN_POINT('',(-3.678448034193,-3.415706334396,
    1.877542347227));
#5873 = CARTESIAN_POINT('',(-3.961339131306,-3.132912006559,
    1.877571685705));
#5874 = CARTESIAN_POINT('',(-4.211464117335,-3.383036992589,
    2.066480314762));
#5875 = CARTESIAN_POINT('',(-3.684818269164,-3.422076569368,
    1.86328660555));
#5876 = CARTESIAN_POINT('',(-3.967662164111,-3.139235039365,
    1.863287631852));
#5877 = CARTESIAN_POINT('',(-4.212946633452,-3.384519508706,
    2.062786792707));
#5878 = CARTESIAN_POINT('',(-3.696354019822,-3.433612320025,
    1.836704370591));
#5879 = CARTESIAN_POINT('',(-3.979195549824,-3.150768425078,
    1.836703344289));
#5880 = CARTESIAN_POINT('',(-4.216039925789,-3.387612801043,
    2.055657947964));
#5881 = CARTESIAN_POINT('',(-3.701393988483,-3.438652288686,
    1.826234465077));
#5882 = CARTESIAN_POINT('',(-3.984237005576,-3.15580988083,
    1.826234771994));
#5883 = CARTESIAN_POINT('',(-4.217677490093,-3.389250365346,
    2.052215172893));
#5884 = CARTESIAN_POINT('',(-3.715725463309,-3.452983763512,
    1.797786273376));
#5885 = CARTESIAN_POINT('',(-3.998567566548,-3.170140441802,
    1.797785659542));
#5886 = CARTESIAN_POINT('',(-4.222763554935,-3.394336430188,
    2.042118817106));
#5887 = CARTESIAN_POINT('',(-3.72414907006,-3.461407370263,
    1.783071910317));
#5888 = CARTESIAN_POINT('',(-4.006991919356,-3.17856479461,
    1.783072075532));
#5889 = CARTESIAN_POINT('',(-4.226385946648,-3.397958821902,
    2.035697900555));
#5890 = CARTESIAN_POINT('',(-3.748319023451,-3.485577323654,
    1.74303940201));
#5891 = CARTESIAN_POINT('',(-4.031161462282,-3.202734337536,
    1.743039071581));
#5892 = CARTESIAN_POINT('',(-4.23767501328,-3.409247888534,
    2.016999636316));
#5893 = CARTESIAN_POINT('',(-3.762834180107,-3.50009248031,
    1.722356481687));
#5894 = CARTESIAN_POINT('',(-4.045676947326,-3.21724982258,
    1.722356563482));
#5895 = CARTESIAN_POINT('',(-4.245765152331,-3.417338027584,
    2.005288878228));
#5896 = CARTESIAN_POINT('',(-3.805062984009,-3.542321284212,
    1.665829928593));
#5897 = CARTESIAN_POINT('',(-4.087905586995,-3.259478462248,
    1.665829765004));
#5898 = CARTESIAN_POINT('',(-4.27102350463,-3.442596379884,
    1.971478448478));
#5899 = CARTESIAN_POINT('',(-3.831342285435,-3.568600585638,
    1.636252670606));
#5900 = CARTESIAN_POINT('',(-4.114185019733,-3.285757894987,
    1.636252712315));
#5901 = CARTESIAN_POINT('',(-4.289265137981,-3.460838013235,
    1.95063879347));
#5902 = CARTESIAN_POINT('',(-3.907798382798,-3.645056683001,
    1.556243637708));
#5903 = CARTESIAN_POINT('',(-4.190641051625,-3.362213926879,
    1.556243554291));
#5904 = CARTESIAN_POINT('',(-4.34520695622,-3.516779831474,
    1.892097249503));
#5905 = CARTESIAN_POINT('',(-3.955822792022,-3.693081092225,
    1.514915030497));
#5906 = CARTESIAN_POINT('',(-4.23866551174,-3.410238386994,
    1.514915048759));
#5907 = CARTESIAN_POINT('',(-4.3844591979,-3.556032073154,1.857892144395
    ));
#5908 = CARTESIAN_POINT('',(-4.09867603055,-3.835934330753,
    1.401595600473));
#5909 = CARTESIAN_POINT('',(-4.381518728538,-3.553091603792,
    1.401595563948));
#5910 = CARTESIAN_POINT('',(-4.505042083729,-3.676614958982,
    1.762238796623));
#5911 = CARTESIAN_POINT('',(-4.191464143584,-3.928722443787,
    1.342314985425));
#5912 = CARTESIAN_POINT('',(-4.474306853807,-3.645879729061,
    1.342314967535));
#5913 = CARTESIAN_POINT('',(-4.589415813263,-3.760988688516,
    1.707874365596));
#5914 = CARTESIAN_POINT('',(-4.284674058091,-4.021932358294,
    1.288124326605));
#5915 = CARTESIAN_POINT('',(-4.567516770565,-3.739089645819,
    1.288124326605));
#5916 = CARTESIAN_POINT('',(-4.675060350011,-3.846633225265,
    1.65808210398));
#5917 = ADVANCED_FACE('',(#5918),#5941,.T.);
#5918 = FACE_BOUND('',#5919,.T.);
#5919 = EDGE_LOOP('',(#5920,#5921,#5922));
#5920 = ORIENTED_EDGE('',*,*,#5538,.F.);
#5921 = ORIENTED_EDGE('',*,*,#5851,.T.);
#5922 = ORIENTED_EDGE('',*,*,#5923,.F.);
#5923 = EDGE_CURVE('',#5539,#5059,#5924,.T.);
#5924 = B_SPLINE_CURVE_WITH_KNOTS('',3,(#5925,#5926,#5927,#5928,#5929,
    #5930,#5931,#5932,#5933,#5934,#5935,#5936,#5937,#5938,#5939,#5940),
  .UNSPECIFIED.,.F.,.F.,(4,2,2,2,2,2,2,4),(0.,0.25,0.375,0.40625,0.4375,
    0.5,0.75,1.),.UNSPECIFIED.);
#5925 = CARTESIAN_POINT('',(-3.674646608227,-3.41190490843,2.24139993789
    ));
#5926 = CARTESIAN_POINT('',(-3.715949775139,-3.370601741519,
    2.241399937891));
#5927 = CARTESIAN_POINT('',(-3.76253383829,-3.340358835537,
    2.235769192205));
#5928 = CARTESIAN_POINT('',(-3.831402344,-3.310178195599,2.222422469997)
  );
#5929 = CARTESIAN_POINT('',(-3.854230244383,-3.302597717218,
    2.217161630329));
#5930 = CARTESIAN_POINT('',(-3.88198627765,-3.295805874492,
    2.209930280595));
#5931 = CARTESIAN_POINT('',(-3.885661250165,-3.294885792976,
    2.208980953175));
#5932 = CARTESIAN_POINT('',(-3.905865757264,-3.290982330961,
    2.203356289403));
#5933 = CARTESIAN_POINT('',(-3.915794009591,-3.289468106283,
    2.200450019905));
#5934 = CARTESIAN_POINT('',(-3.944958974532,-3.286107294751,
    2.191530368453));
#5935 = CARTESIAN_POINT('',(-3.963569305407,-3.285442427572,
    2.185318487376));
#5936 = CARTESIAN_POINT('',(-4.051582454985,-3.288212028922,
    2.15387858981));
#5937 = CARTESIAN_POINT('',(-4.104724883958,-3.309208019168,
    2.128188140669));
#5938 = CARTESIAN_POINT('',(-4.178377569429,-3.350819524469,
    2.08851637988));
#5939 = CARTESIAN_POINT('',(-4.199901833794,-3.371474709048,
    2.074181884153));
#5940 = CARTESIAN_POINT('',(-4.21174446088,-3.383317336134,2.06601274706
    ));
#5941 = B_SPLINE_SURFACE_WITH_KNOTS('',3,3,(
    (#5942,#5943,#5944,#5945,#5946,#5947,#5948,#5949)
    ,(#5950,#5951,#5952,#5953,#5954,#5955,#5956,#5957)
    ,(#5958,#5959,#5960,#5961,#5962,#5963,#5964,#5965)
    ,(#5966,#5967,#5968,#5969,#5970,#5971,#5972,#5973)
    ,(#5974,#5975,#5976,#5977,#5978,#5979,#5980,#5981)
    ,(#5982,#5983,#5984,#5985,#5986,#5987,#5988,#5989)
    ,(#5990,#5991,#5992,#5993,#5994,#5995,#5996,#5997)
    ,(#5998,#5999,#6000,#6001,#6002,#6003,#6004,#6005)
    ,(#6006,#6007,#6008,#6009,#6010,#6011,#6012,#6013)
    ,(#6014,#6015,#6016,#6017,#6018,#6019,#6020,#6021)
    ,(#6022,#6023,#6024,#6025,#6026,#6027,#6028,#6029)
    ,(#6030,#6031,#6032,#6033,#6034,#6035,#6036,#6037
  )),.UNSPECIFIED.,.F.,.F.,.F.,(4,2,2,2,2,4),(4,2,2,4),(0.,0.25,0.375,
    0.5,0.75,1.),(0.,0.25,0.75,1.),.UNSPECIFIED.);
#5942 = CARTESIAN_POINT('',(-4.211744460887,-3.383317336141,
    2.066012747056));
#5943 = CARTESIAN_POINT('',(-4.211744460887,-3.383317336141,
    2.066012747056));
#5944 = CARTESIAN_POINT('',(-4.211744460887,-3.383317336141,
    2.066012747056));
#5945 = CARTESIAN_POINT('',(-4.211744460887,-3.383317336141,
    2.066012747056));
#5946 = CARTESIAN_POINT('',(-4.211744460887,-3.383317336141,
    2.066012747056));
#5947 = CARTESIAN_POINT('',(-4.211744460887,-3.383317336141,
    2.066012747056));
#5948 = CARTESIAN_POINT('',(-4.211744460887,-3.383317336141,
    2.066012747056));
#5949 = CARTESIAN_POINT('',(-4.211744460887,-3.383317336141,
    2.066012747056));
#5950 = CARTESIAN_POINT('',(-4.178491216802,-3.350064092054,
    2.088951095764));
#5951 = CARTESIAN_POINT('',(-4.177229423238,-3.34880229849,
    2.085292704316));
#5952 = CARTESIAN_POINT('',(-4.176313365459,-3.347886240711,
    2.081283390418));
#5953 = CARTESIAN_POINT('',(-4.174589179226,-3.34616205448,
    2.068753237665));
#5954 = CARTESIAN_POINT('',(-4.174805037875,-3.34637791313,2.05973018775
    ));
#5955 = CARTESIAN_POINT('',(-4.177123919035,-3.348696794292,
    2.047393415906));
#5956 = CARTESIAN_POINT('',(-4.178229394953,-3.34980227021,
    2.043480792464));
#5957 = CARTESIAN_POINT('',(-4.179662979651,-3.351235854908,
    2.039951321621));
#5958 = CARTESIAN_POINT('',(-4.137885540598,-3.324142658813,
    2.11189655683));
#5959 = CARTESIAN_POINT('',(-4.135314791284,-3.321630087561,
    2.104512804731));
#5960 = CARTESIAN_POINT('',(-4.133394329799,-3.319752192675,
    2.096364617746));
#5961 = CARTESIAN_POINT('',(-4.129826798755,-3.316267876576,
    2.071350494065));
#5962 = CARTESIAN_POINT('',(-4.130254856108,-3.316692207468,
    2.053563514416));
#5963 = CARTESIAN_POINT('',(-4.135009980425,-3.321363326007,
    2.028948344825));
#5964 = CARTESIAN_POINT('',(-4.137314284879,-3.323626586699,
    2.021002878814));
#5965 = CARTESIAN_POINT('',(-4.140228534214,-3.326487533613,
    2.01388185218));
#5966 = CARTESIAN_POINT('',(-4.070452588349,-3.29924516909,
    2.143741688524));
#5967 = CARTESIAN_POINT('',(-4.066007574004,-3.294918210848,
    2.130934157073));
#5968 = CARTESIAN_POINT('',(-4.062620899986,-3.29161784043,
    2.116921943058));
#5969 = CARTESIAN_POINT('',(-4.056373029506,-3.285538413172,
    2.074681804724));
#5970 = CARTESIAN_POINT('',(-4.057082645933,-3.286240018024,
    2.045239878466));
#5971 = CARTESIAN_POINT('',(-4.065335839914,-3.2943227412,2.003701892773
    ));
#5972 = CARTESIAN_POINT('',(-4.069382083122,-3.298285830994,
    1.990050081372));
#5973 = CARTESIAN_POINT('',(-4.074422060091,-3.303217921379,
    1.977701325389));
#5974 = CARTESIAN_POINT('',(-4.047178014148,-3.293324675691,
    2.153811181885));
#5975 = CARTESIAN_POINT('',(-4.042121033562,-3.288403776216,
    2.139222160135));
#5976 = CARTESIAN_POINT('',(-4.038250436837,-3.284632645364,
    2.123327983293));
#5977 = CARTESIAN_POINT('',(-4.031118476702,-3.277694751788,
    2.075666245324));
#5978 = CARTESIAN_POINT('',(-4.031913980176,-3.27848091693,
    2.042667328443));
#5979 = CARTESIAN_POINT('',(-4.041308496167,-3.287678938349,1.9958080123
    ));
#5980 = CARTESIAN_POINT('',(-4.045927136304,-3.292201763792,
    1.980326602865));
#5981 = CARTESIAN_POINT('',(-4.05166180767,-3.297812142183,
    1.966260972504));
#5982 = CARTESIAN_POINT('',(-3.999049572278,-3.286197589248,
    2.172869030395));
#5983 = CARTESIAN_POINT('',(-3.992821493373,-3.280134022222,
    2.154849223542));
#5984 = CARTESIAN_POINT('',(-3.988023969318,-3.275456726756,
    2.135376564402));
#5985 = CARTESIAN_POINT('',(-3.979195950309,-3.266863166738,
    2.077473986757));
#5986 = CARTESIAN_POINT('',(-3.980151216825,-3.26780697336,2.03784600192
    ));
#5987 = CARTESIAN_POINT('',(-3.991727464654,-3.279145703162,
    1.980939256651));
#5988 = CARTESIAN_POINT('',(-3.997441335531,-3.284743814119,
    1.961980327848));
#5989 = CARTESIAN_POINT('',(-4.004506839672,-3.291659178793,
    1.944608595097));
#5990 = CARTESIAN_POINT('',(-3.974032107582,-3.285048401384,
    2.181894011527));
#5991 = CARTESIAN_POINT('',(-3.967244896601,-3.278436108039,
    2.162224909873));
#5992 = CARTESIAN_POINT('',(-3.962004494647,-3.273323526115,
    2.141050845642));
#5993 = CARTESIAN_POINT('',(-3.95236507668,-3.263933295724,
    2.078307042671));
#5994 = CARTESIAN_POINT('',(-3.953394852816,-3.264950772147,
    2.035582552408));
#5995 = CARTESIAN_POINT('',(-3.966012080735,-3.277315441839,
    1.973927723179));
#5996 = CARTESIAN_POINT('',(-3.97224891215,-3.283429220382,
    1.953315987424));
#5997 = CARTESIAN_POINT('',(-3.979950554668,-3.290971283333,
    1.93435502666));
#5998 = CARTESIAN_POINT('',(-3.899744532343,-3.288974670965,
    2.206161901911));
#5999 = CARTESIAN_POINT('',(-3.891400061322,-3.280819280109,
    2.181862193899));
#6000 = CARTESIAN_POINT('',(-3.884935508528,-3.274492871999,
    2.156082354311));
#6001 = CARTESIAN_POINT('',(-3.873032963138,-3.262859430808,
    2.080381856242));
#6002 = CARTESIAN_POINT('',(-3.874254998042,-3.264067865694,
    2.029639856864));
#6003 = CARTESIAN_POINT('',(-3.889749311948,-3.279289114595,
    1.955288764175));
#6004 = CARTESIAN_POINT('',(-3.897427256616,-3.286834119345,
    1.930206334775));
#6005 = CARTESIAN_POINT('',(-3.906903290645,-3.296137787403,
    1.906783522853));
#6006 = CARTESIAN_POINT('',(-3.84927082129,-3.301552334672,
    2.219232397325));
#6007 = CARTESIAN_POINT('',(-3.840128376701,-3.292554060627,
    2.192462483408));
#6008 = CARTESIAN_POINT('',(-3.833050999685,-3.285582123856,
    2.164242212347));
#6009 = CARTESIAN_POINT('',(-3.82000415823,-3.272740599148,
    2.081545899158));
#6010 = CARTESIAN_POINT('',(-3.82132953464,-3.27405567342,2.026398255316
    ));
#6011 = CARTESIAN_POINT('',(-3.838298814119,-3.290816905509,
    1.945189007345));
#6012 = CARTESIAN_POINT('',(-3.846705284513,-3.29912213408,
    1.917736598355));
#6013 = CARTESIAN_POINT('',(-3.857097800269,-3.30938324429,
    1.891933731789));
#6014 = CARTESIAN_POINT('',(-3.755866207182,-3.34417967305,
    2.236745678948));
#6015 = CARTESIAN_POINT('',(-3.745587566397,-3.333950662727,
    2.20640314856));
#6016 = CARTESIAN_POINT('',(-3.737750271093,-3.326149836567,
    2.175084898519));
#6017 = CARTESIAN_POINT('',(-3.723161596865,-3.311632052431,
    2.083039337757));
#6018 = CARTESIAN_POINT('',(-3.724621070628,-3.313088090084,
    2.022112335032));
#6019 = CARTESIAN_POINT('',(-3.743573636137,-3.331969266151,
    1.931742348619));
#6020 = CARTESIAN_POINT('',(-3.752887590256,-3.341248549646,
    1.901281349322));
#6021 = CARTESIAN_POINT('',(-3.764589146408,-3.352904883238,
    1.872036404931));
#6022 = CARTESIAN_POINT('',(-3.711860273563,-3.374691243095,
    2.24139993789));
#6023 = CARTESIAN_POINT('',(-3.701243410151,-3.364074379683,
    2.209954996935));
#6024 = CARTESIAN_POINT('',(-3.693259685149,-3.356090874773,
    2.177950964162));
#6025 = CARTESIAN_POINT('',(-3.678276463867,-3.34110798363,
    2.083424912437));
#6026 = CARTESIAN_POINT('',(-3.679770015314,-3.342601755169,
    2.020983019167));
#6027 = CARTESIAN_POINT('',(-3.699233890936,-3.362065960929,
    1.928183391083));
#6028 = CARTESIAN_POINT('',(-3.708727467423,-3.371559757508,
    1.897055545844));
#6029 = CARTESIAN_POINT('',(-3.720821582244,-3.383653872329,
    1.866748578271));
#6030 = CARTESIAN_POINT('',(-3.674646608415,-3.411904908242,
    2.24139993789));
#6031 = CARTESIAN_POINT('',(-3.663911073527,-3.401169373354,
    2.209603516708));
#6032 = CARTESIAN_POINT('',(-3.656046130047,-3.393304429875,
    2.177950964162));
#6033 = CARTESIAN_POINT('',(-3.641063073835,-3.378321373662,
    2.083424912436));
#6034 = CARTESIAN_POINT('',(-3.642556735328,-3.379815035155,
    2.020983019167));
#6035 = CARTESIAN_POINT('',(-3.662020776019,-3.399279075846,
    1.928183391083));
#6036 = CARTESIAN_POINT('',(-3.671379380992,-3.408637680819,
    1.897394050359));
#6037 = CARTESIAN_POINT('',(-3.683608577373,-3.4208668772,1.866748578271
    ));
#6038 = ADVANCED_FACE('',(#6039),#6045,.T.);
#6039 = FACE_BOUND('',#6040,.T.);
#6040 = EDGE_LOOP('',(#6041,#6042,#6043,#6044));
#6041 = ORIENTED_EDGE('',*,*,#5201,.F.);
#6042 = ORIENTED_EDGE('',*,*,#5546,.F.);
#6043 = ORIENTED_EDGE('',*,*,#5923,.T.);
#6044 = ORIENTED_EDGE('',*,*,#5058,.F.);
#6045 = ( BOUNDED_SURFACE() B_SPLINE_SURFACE(3,2,(
    (#6046,#6047,#6048)
    ,(#6049,#6050,#6051)
    ,(#6052,#6053,#6054)
    ,(#6055,#6056,#6057)
    ,(#6058,#6059,#6060)
    ,(#6061,#6062,#6063)
    ,(#6064,#6065,#6066)
    ,(#6067,#6068,#6069)
    ,(#6070,#6071,#6072)
    ,(#6073,#6074,#6075)
    ,(#6076,#6077,#6078)
    ,(#6079,#6080,#6081)
    ,(#6082,#6083,#6084)
    ,(#6085,#6086,#6087)
    ,(#6088,#6089,#6090)
    ,(#6091,#6092,#6093
)),.UNSPECIFIED.,.F.,.F.,.F.) B_SPLINE_SURFACE_WITH_KNOTS((4,2,2,2,2,2,2
    ,4),(3,3),(3.469436834E-03,3.891673545E-03,4.102791901E-03,
    4.208351079E-03,4.261130668E-03,4.287520462E-03,4.30071536E-03,
    4.313910257E-03),(0.,1.),.UNSPECIFIED.) 
GEOMETRIC_REPRESENTATION_ITEM() RATIONAL_B_SPLINE_SURFACE((
    (1.,0.707106781186,1.)
    ,(1.,0.707106781186,1.)
    ,(1.,0.707106781186,1.)
    ,(1.,0.707106781186,1.)
    ,(1.,0.707106781186,1.)
    ,(1.,0.707106781186,1.)
    ,(1.,0.707106781186,1.)
    ,(1.,0.707106781186,1.)
    ,(1.,0.707106781186,1.)
    ,(1.,0.707106781186,1.)
    ,(1.,0.707106781186,1.)
    ,(1.,0.707106781186,1.)
    ,(1.,0.707106781186,1.)
    ,(1.,0.707106781186,1.)
    ,(1.,0.707106781186,1.)
,(1.,0.707106781186,1.))) REPRESENTATION_ITEM('') SURFACE() );
#6046 = CARTESIAN_POINT('',(-4.284808349291,-4.022066649494,
    2.905210533446));
#6047 = CARTESIAN_POINT('',(-4.567651061766,-3.73922393702,
    2.905210533446));
#6048 = CARTESIAN_POINT('',(-4.690445567951,-3.862018443205,
    2.544873165829));
#6049 = CARTESIAN_POINT('',(-4.18779869251,-3.925056992713,
    2.839093311253));
#6050 = CARTESIAN_POINT('',(-4.470641402307,-3.642214277561,
    2.839093327475));
#6051 = CARTESIAN_POINT('',(-4.600735086732,-3.772307961986,
    2.483730733198));
#6052 = CARTESIAN_POINT('',(-4.091731199973,-3.828989500176,
    2.767915324755));
#6053 = CARTESIAN_POINT('',(-4.374573897325,-3.546146772579,
    2.767915358158));
#6054 = CARTESIAN_POINT('',(-4.512697126389,-3.684270001643,
    2.418018703059));
#6055 = CARTESIAN_POINT('',(-3.944338400265,-3.681596700468,
    2.634457149298));
#6056 = CARTESIAN_POINT('',(-4.227181120301,-3.398753995555,
    2.634457132597));
#6057 = CARTESIAN_POINT('',(-4.386885604258,-3.558458479512,
    2.304101448324));
#6058 = CARTESIAN_POINT('',(-3.895089460599,-3.632347760802,
    2.586185984823));
#6059 = CARTESIAN_POINT('',(-4.177932132014,-3.349505007268,
    2.586186054352));
#6060 = CARTESIAN_POINT('',(-4.346176793613,-3.517749668867,
    2.263747845412));
#6061 = CARTESIAN_POINT('',(-3.818641245236,-3.555899545439,
    2.495895550527));
#6062 = CARTESIAN_POINT('',(-4.10148397824,-3.273056853493,
    2.495895515763));
#6063 = CARTESIAN_POINT('',(-4.289315977157,-3.460888852411,
    2.196591347101));
#6064 = CARTESIAN_POINT('',(-3.792793441453,-3.530051741656,
    2.463152089896));
#6065 = CARTESIAN_POINT('',(-4.075636041936,-3.24720891719,
    2.463152238662));
#6066 = CARTESIAN_POINT('',(-4.271037758,-3.442610633254,2.173100082173)
  );
#6067 = CARTESIAN_POINT('',(-3.751162195252,-3.488420495455,
    2.400471679702));
#6068 = CARTESIAN_POINT('',(-4.034004963723,-3.205577838976,
    2.400471605319));
#6069 = CARTESIAN_POINT('',(-4.245543232104,-3.417116107358,
    2.134715106779));
#6070 = CARTESIAN_POINT('',(-3.736864076457,-3.47412237666,
    2.377580312352));
#6071 = CARTESIAN_POINT('',(-4.019706504975,-3.191279380228,
    2.377580614898));
#6072 = CARTESIAN_POINT('',(-4.237362296405,-3.408935171659,
    2.121400719542));
#6073 = CARTESIAN_POINT('',(-3.713089696176,-3.450347996379,
    2.332953025522));
#6074 = CARTESIAN_POINT('',(-3.995932550629,-3.167505425883,
    2.332952874249));
#6075 = CARTESIAN_POINT('',(-4.225962629565,-3.397535504818,
    2.100001901766));
#6076 = CARTESIAN_POINT('',(-3.704732045087,-3.44199034529,
    2.316334362709));
#6077 = CARTESIAN_POINT('',(-3.987574178088,-3.159147053342,
    2.316334869478));
#6078 = CARTESIAN_POINT('',(-4.222284621204,-3.393857496458,
    2.092570935675));
#6079 = CARTESIAN_POINT('',(-3.690969901655,-3.428228201858,
    2.284861234718));
#6080 = CARTESIAN_POINT('',(-3.973812903867,-3.145385779121,
    2.284860981333));
#6081 = CARTESIAN_POINT('',(-4.217301088482,-3.388873963736,
    2.08117350668));
#6082 = CARTESIAN_POINT('',(-3.686187233889,-3.423445534092,
    2.273347518748));
#6083 = CARTESIAN_POINT('',(-3.969028785453,-3.140601660707,
    2.273348378137));
#6084 = CARTESIAN_POINT('',(-4.215724488269,-3.387297363523,
    2.077326101006));
#6085 = CARTESIAN_POINT('',(-3.67549950186,-3.412757802063,
    2.244472370028));
#6086 = CARTESIAN_POINT('',(-3.958343375246,-3.129916250499,
    2.244471510638));
#6087 = CARTESIAN_POINT('',(-4.212823424598,-3.384396299851,
    2.069487411977));
#6088 = CARTESIAN_POINT('',(-3.66958771231,-3.406846012513,
    2.229039557457));
#6089 = CARTESIAN_POINT('',(-3.952456733643,-3.124029608897,
    2.229026935276));
#6090 = CARTESIAN_POINT('',(-4.211472027941,-3.383044903194,
    2.065510468229));
#6091 = CARTESIAN_POINT('',(-3.661217327053,-3.398475627256,
    2.195893879353));
#6092 = CARTESIAN_POINT('',(-3.944060039528,-3.115632914781,
    2.195893879353));
#6093 = CARTESIAN_POINT('',(-4.210425461251,-3.381998336505,
    2.061361637046));
#6094 = ADVANCED_FACE('',(#6095),#6111,.F.);
#6095 = FACE_BOUND('',#6096,.T.);
#6096 = EDGE_LOOP('',(#6097,#6103,#6104,#6110));
#6097 = ORIENTED_EDGE('',*,*,#6098,.T.);
#6098 = EDGE_CURVE('',#5470,#5252,#6099,.T.);
#6099 = LINE('',#6100,#6101);
#6100 = CARTESIAN_POINT('',(1.499999999999,-4.05,-0.699999999999));
#6101 = VECTOR('',#6102,1.);
#6102 = DIRECTION('',(1.,0.,0.));
#6103 = ORIENTED_EDGE('',*,*,#5251,.F.);
#6104 = ORIENTED_EDGE('',*,*,#6105,.F.);
#6105 = EDGE_CURVE('',#5452,#5244,#6106,.T.);
#6106 = LINE('',#6107,#6108);
#6107 = CARTESIAN_POINT('',(1.499999999999,-4.05,-0.8));
#6108 = VECTOR('',#6109,1.);
#6109 = DIRECTION('',(1.,0.,0.));
#6110 = ORIENTED_EDGE('',*,*,#5477,.T.);
#6111 = PLANE('',#6112);
#6112 = AXIS2_PLACEMENT_3D('',#6113,#6114,#6115);
#6113 = CARTESIAN_POINT('',(1.499999999999,-4.05,-0.8));
#6114 = DIRECTION('',(0.,-1.,0.));
#6115 = DIRECTION('',(0.,0.,-1.));
#6116 = ADVANCED_FACE('',(#6117),#6128,.F.);
#6117 = FACE_BOUND('',#6118,.T.);
#6118 = EDGE_LOOP('',(#6119,#6120,#6126,#6127));
#6119 = ORIENTED_EDGE('',*,*,#5243,.T.);
#6120 = ORIENTED_EDGE('',*,*,#6121,.T.);
#6121 = EDGE_CURVE('',#5235,#5450,#6122,.T.);
#6122 = LINE('',#6123,#6124);
#6123 = CARTESIAN_POINT('',(0.,-5.15,-0.8));
#6124 = VECTOR('',#6125,1.);
#6125 = DIRECTION('',(-1.,0.,0.));
#6126 = ORIENTED_EDGE('',*,*,#5449,.T.);
#6127 = ORIENTED_EDGE('',*,*,#6105,.T.);
#6128 = PLANE('',#6129);
#6129 = AXIS2_PLACEMENT_3D('',#6130,#6131,#6132);
#6130 = CARTESIAN_POINT('',(0.,0.,-0.8));
#6131 = DIRECTION('',(0.,0.,1.));
#6132 = DIRECTION('',(1.,0.,-0.));
#6133 = ADVANCED_FACE('',(#6134),#6140,.T.);
#6134 = FACE_BOUND('',#6135,.T.);
#6135 = EDGE_LOOP('',(#6136,#6137,#6138,#6139));
#6136 = ORIENTED_EDGE('',*,*,#5469,.F.);
#6137 = ORIENTED_EDGE('',*,*,#4919,.T.);
#6138 = ORIENTED_EDGE('',*,*,#5259,.F.);
#6139 = ORIENTED_EDGE('',*,*,#6098,.F.);
#6140 = PLANE('',#6141);
#6141 = AXIS2_PLACEMENT_3D('',#6142,#6143,#6144);
#6142 = CARTESIAN_POINT('',(0.,0.,-0.699999999999));
#6143 = DIRECTION('',(0.,0.,1.));
#6144 = DIRECTION('',(1.,0.,-0.));
#6145 = ADVANCED_FACE('',(#6146),#6152,.T.);
#6146 = FACE_BOUND('',#6147,.T.);
#6147 = EDGE_LOOP('',(#6148,#6149,#6150,#6151));
#6148 = ORIENTED_EDGE('',*,*,#5234,.F.);
#6149 = ORIENTED_EDGE('',*,*,#5329,.F.);
#6150 = ORIENTED_EDGE('',*,*,#5459,.F.);
#6151 = ORIENTED_EDGE('',*,*,#6121,.F.);
#6152 = CYLINDRICAL_SURFACE('',#6153,0.1);
#6153 = AXIS2_PLACEMENT_3D('',#6154,#6155,#6156);
#6154 = CARTESIAN_POINT('',(0.,-5.15,-0.699999999999));
#6155 = DIRECTION('',(-1.,0.,0.));
#6156 = DIRECTION('',(0.,0.,1.));
#6157 = ADVANCED_FACE('',(#6158),#6164,.T.);
#6158 = FACE_BOUND('',#6159,.T.);
#6159 = EDGE_LOOP('',(#6160,#6161,#6162,#6163));
#6160 = ORIENTED_EDGE('',*,*,#5434,.F.);
#6161 = ORIENTED_EDGE('',*,*,#5305,.F.);
#6162 = ORIENTED_EDGE('',*,*,#5357,.F.);
#6163 = ORIENTED_EDGE('',*,*,#5017,.F.);
#6164 = CYLINDRICAL_SURFACE('',#6165,9.9999999999E-02);
#6165 = AXIS2_PLACEMENT_3D('',#6166,#6167,#6168);
#6166 = CARTESIAN_POINT('',(-3.149999999999,-5.15,-0.75));
#6167 = DIRECTION('',(0.,0.,1.));
#6168 = DIRECTION('',(1.,0.,-0.));
#6169 = ADVANCED_FACE('',(#6170),#6195,.F.);
#6170 = FACE_BOUND('',#6171,.T.);
#6171 = EDGE_LOOP('',(#6172,#6180,#6188,#6194));
#6172 = ORIENTED_EDGE('',*,*,#6173,.F.);
#6173 = EDGE_CURVE('',#6174,#5392,#6176,.T.);
#6174 = VERTEX_POINT('',#6175);
#6175 = CARTESIAN_POINT('',(-0.371124728864,-4.05,4.2));
#6176 = LINE('',#6177,#6178);
#6177 = CARTESIAN_POINT('',(1.499999999999,-4.05,4.2));
#6178 = VECTOR('',#6179,1.);
#6179 = DIRECTION('',(-1.,0.,0.));
#6180 = ORIENTED_EDGE('',*,*,#6181,.T.);
#6181 = EDGE_CURVE('',#6174,#6182,#6184,.T.);
#6182 = VERTEX_POINT('',#6183);
#6183 = CARTESIAN_POINT('',(-0.371124728864,-4.05,4.099999999999));
#6184 = LINE('',#6185,#6186);
#6185 = CARTESIAN_POINT('',(-0.371124728864,-4.05,4.099999999999));
#6186 = VECTOR('',#6187,1.);
#6187 = DIRECTION('',(0.,0.,-1.));
#6188 = ORIENTED_EDGE('',*,*,#6189,.T.);
#6189 = EDGE_CURVE('',#6182,#5381,#6190,.T.);
#6190 = LINE('',#6191,#6192);
#6191 = CARTESIAN_POINT('',(1.499999999999,-4.05,4.099999999999));
#6192 = VECTOR('',#6193,1.);
#6193 = DIRECTION('',(-1.,0.,0.));
#6194 = ORIENTED_EDGE('',*,*,#5399,.F.);
#6195 = PLANE('',#6196);
#6196 = AXIS2_PLACEMENT_3D('',#6197,#6198,#6199);
#6197 = CARTESIAN_POINT('',(1.499999999999,-4.05,4.2));
#6198 = DIRECTION('',(0.,-1.,0.));
#6199 = DIRECTION('',(0.,0.,-1.));
#6200 = ADVANCED_FACE('',(#6201),#6215,.T.);
#6201 = FACE_BOUND('',#6202,.T.);
#6202 = EDGE_LOOP('',(#6203,#6210,#6211,#6212,#6213,#6214));
#6203 = ORIENTED_EDGE('',*,*,#6204,.F.);
#6204 = EDGE_CURVE('',#6174,#4864,#6205,.T.);
#6205 = CIRCLE('',#6206,0.371124728864);
#6206 = AXIS2_PLACEMENT_3D('',#6207,#6208,#6209);
#6207 = CARTESIAN_POINT('',(0.,-4.05,4.2));
#6208 = DIRECTION('',(0.,0.,1.));
#6209 = DIRECTION('',(1.,0.,-0.));
#6210 = ORIENTED_EDGE('',*,*,#6173,.T.);
#6211 = ORIENTED_EDGE('',*,*,#5391,.T.);
#6212 = ORIENTED_EDGE('',*,*,#5281,.T.);
#6213 = ORIENTED_EDGE('',*,*,#5218,.T.);
#6214 = ORIENTED_EDGE('',*,*,#4871,.T.);
#6215 = PLANE('',#6216);
#6216 = AXIS2_PLACEMENT_3D('',#6217,#6218,#6219);
#6217 = CARTESIAN_POINT('',(0.,0.,4.2));
#6218 = DIRECTION('',(0.,0.,1.));
#6219 = DIRECTION('',(1.,0.,-0.));
#6220 = ADVANCED_FACE('',(#6221),#6235,.F.);
#6221 = FACE_BOUND('',#6222,.T.);
#6222 = EDGE_LOOP('',(#6223,#6224,#6231,#6232,#6233,#6234));
#6223 = ORIENTED_EDGE('',*,*,#6189,.F.);
#6224 = ORIENTED_EDGE('',*,*,#6225,.T.);
#6225 = EDGE_CURVE('',#6182,#4856,#6226,.T.);
#6226 = CIRCLE('',#6227,0.371124728864);
#6227 = AXIS2_PLACEMENT_3D('',#6228,#6229,#6230);
#6228 = CARTESIAN_POINT('',(0.,-4.05,4.099999999999));
#6229 = DIRECTION('',(0.,0.,1.));
#6230 = DIRECTION('',(1.,0.,-0.));
#6231 = ORIENTED_EDGE('',*,*,#4853,.F.);
#6232 = ORIENTED_EDGE('',*,*,#5266,.F.);
#6233 = ORIENTED_EDGE('',*,*,#4903,.F.);
#6234 = ORIENTED_EDGE('',*,*,#5380,.F.);
#6235 = PLANE('',#6236);
#6236 = AXIS2_PLACEMENT_3D('',#6237,#6238,#6239);
#6237 = CARTESIAN_POINT('',(0.,0.,4.099999999999));
#6238 = DIRECTION('',(0.,0.,1.));
#6239 = DIRECTION('',(1.,0.,-0.));
#6240 = ADVANCED_FACE('',(#6241),#6247,.F.);
#6241 = FACE_BOUND('',#6242,.F.);
#6242 = EDGE_LOOP('',(#6243,#6244,#6245,#6246));
#6243 = ORIENTED_EDGE('',*,*,#4863,.T.);
#6244 = ORIENTED_EDGE('',*,*,#6204,.F.);
#6245 = ORIENTED_EDGE('',*,*,#6181,.T.);
#6246 = ORIENTED_EDGE('',*,*,#6225,.T.);
#6247 = CYLINDRICAL_SURFACE('',#6248,0.371124728864);
#6248 = AXIS2_PLACEMENT_3D('',#6249,#6250,#6251);
#6249 = CARTESIAN_POINT('',(0.,-4.05,4.099999999999));
#6250 = DIRECTION('',(0.,0.,1.));
#6251 = DIRECTION('',(1.,0.,-0.));
#6252 = ADVANCED_FACE('',(#6253),#6283,.T.);
#6253 = FACE_BOUND('',#6254,.T.);
#6254 = EDGE_LOOP('',(#6255,#6256,#6269,#6270));
#6255 = ORIENTED_EDGE('',*,*,#4988,.F.);
#6256 = ORIENTED_EDGE('',*,*,#6257,.T.);
#6257 = EDGE_CURVE('',#4976,#5034,#6258,.T.);
#6258 = B_SPLINE_CURVE_WITH_KNOTS('',3,(#6259,#6260,#6261,#6262,#6263,
    #6264,#6265,#6266,#6267,#6268),.UNSPECIFIED.,.F.,.F.,(4,2,2,2,4),(
    -5.999999997784E-08,3.86042775E-04,7.7214555E-04,1.158248325E-03,
    1.544351101E-03),.UNSPECIFIED.);
#6259 = CARTESIAN_POINT('',(-3.659499574168,-4.781921782068,2.75));
#6260 = CARTESIAN_POINT('',(-3.787814867852,-4.771966204185,2.75));
#6261 = CARTESIAN_POINT('',(-3.914479193722,-4.749602079026,2.75));
#6262 = CARTESIAN_POINT('',(-4.155329411759,-4.663298840617,2.75));
#6263 = CARTESIAN_POINT('',(-4.268267306879,-4.598514604828,2.75));
#6264 = CARTESIAN_POINT('',(-4.453157361953,-4.417514458487,2.75));
#6265 = CARTESIAN_POINT('',(-4.520538213392,-4.305032086815,2.75));
#6266 = CARTESIAN_POINT('',(-4.607432660959,-4.062776367992,2.75));
#6267 = CARTESIAN_POINT('',(-4.627969381365,-3.935244293906,2.75));
#6268 = CARTESIAN_POINT('',(-4.634924240491,-3.806497115745,2.75));
#6269 = ORIENTED_EDGE('',*,*,#5031,.F.);
#6270 = ORIENTED_EDGE('',*,*,#6271,.T.);
#6271 = EDGE_CURVE('',#5032,#4989,#6272,.T.);
#6272 = B_SPLINE_CURVE_WITH_KNOTS('',3,(#6273,#6274,#6275,#6276,#6277,
    #6278,#6279,#6280,#6281,#6282),.UNSPECIFIED.,.F.,.F.,(4,2,2,2,4),(
    -5.999999997461E-08,3.86794072E-04,7.73648145E-04,1.160502217E-03,
    1.54735629E-03),.UNSPECIFIED.);
#6273 = CARTESIAN_POINT('',(-4.634924240491,-3.806497115745,
    1.449999999999));
#6274 = CARTESIAN_POINT('',(-4.627966319539,-3.935260619671,
    1.449999999999));
#6275 = CARTESIAN_POINT('',(-4.607386117669,-4.062972158478,
    1.449999999999));
#6276 = CARTESIAN_POINT('',(-4.520464770261,-4.305170718953,
    1.449999999999));
#6277 = CARTESIAN_POINT('',(-4.453069309041,-4.417627998906,
    1.449999999999));
#6278 = CARTESIAN_POINT('',(-4.268185180397,-4.598567638214,
    1.449999999999));
#6279 = CARTESIAN_POINT('',(-4.155257279212,-4.663331914555,
    1.449999999999));
#6280 = CARTESIAN_POINT('',(-3.914440474236,-4.749608723084,
    1.449999999999));
#6281 = CARTESIAN_POINT('',(-3.787825776647,-4.771967368953,
    1.449999999999));
#6282 = CARTESIAN_POINT('',(-3.659499574168,-4.781921782068,
    1.449999999999));
#6283 = B_SPLINE_SURFACE_WITH_KNOTS('',2,1,(
    (#6284,#6285)
    ,(#6286,#6287)
    ,(#6288,#6289
    )),.UNSPECIFIED.,.F.,.F.,.F.,(3,3),(2,2),(0.,1.),(0.,1.),
  .PIECEWISE_BEZIER_KNOTS.);
#6284 = CARTESIAN_POINT('',(-3.659499574168,-4.781921782068,2.75));
#6285 = CARTESIAN_POINT('',(-3.659499574168,-4.781921782068,
    1.449999999999));
#6286 = CARTESIAN_POINT('',(-4.586115129835,-4.710043133268,2.75));
#6287 = CARTESIAN_POINT('',(-4.586115129835,-4.710043133268,
    1.449999999999));
#6288 = CARTESIAN_POINT('',(-4.634924240491,-3.806497115745,2.75));
#6289 = CARTESIAN_POINT('',(-4.634924240491,-3.806497115745,
    1.449999999999));
#6290 = ADVANCED_FACE('',(#6291),#6298,.T.);
#6291 = FACE_BOUND('',#6292,.T.);
#6292 = EDGE_LOOP('',(#6293,#6294,#6295,#6296,#6297));
#6293 = ORIENTED_EDGE('',*,*,#5041,.F.);
#6294 = ORIENTED_EDGE('',*,*,#6257,.F.);
#6295 = ORIENTED_EDGE('',*,*,#4975,.F.);
#6296 = ORIENTED_EDGE('',*,*,#5345,.F.);
#6297 = ORIENTED_EDGE('',*,*,#5112,.F.);
#6298 = ( BOUNDED_SURFACE() B_SPLINE_SURFACE(3,2,(
    (#6299,#6300,#6301)
    ,(#6302,#6303,#6304)
    ,(#6305,#6306,#6307)
    ,(#6308,#6309,#6310)
    ,(#6311,#6312,#6313)
    ,(#6314,#6315,#6316)
    ,(#6317,#6318,#6319)
    ,(#6320,#6321,#6322)
    ,(#6323,#6324,#6325)
    ,(#6326,#6327,#6328)
    ,(#6329,#6330,#6331)
    ,(#6332,#6333,#6334)
    ,(#6335,#6336,#6337)
    ,(#6338,#6339,#6340
)),.UNSPECIFIED.,.F.,.F.,.F.) B_SPLINE_SURFACE_WITH_KNOTS((4,2,2,2,2,2,4
    ),(3,3),(4.74470522E-04,6.42017736E-04,8.0956495E-04,9.77112165E-04,
    1.144659379E-03,1.479753808E-03,1.814848236E-03),(0.,1.),
.UNSPECIFIED.) GEOMETRIC_REPRESENTATION_ITEM() RATIONAL_B_SPLINE_SURFACE
((
    (1.,0.707106781186,1.)
    ,(1.,0.707106781186,1.)
    ,(1.,0.707106781186,1.)
    ,(1.,0.707106781186,1.)
    ,(1.,0.707106781186,1.)
    ,(1.,0.707106781186,1.)
    ,(1.,0.707106781186,1.)
    ,(1.,0.707106781186,1.)
    ,(1.,0.707106781186,1.)
    ,(1.,0.707106781186,1.)
    ,(1.,0.707106781186,1.)
    ,(1.,0.707106781186,1.)
    ,(1.,0.707106781186,1.)
,(1.,0.707106781186,1.))) REPRESENTATION_ITEM('') SURFACE() );
#6299 = CARTESIAN_POINT('',(-4.638955804318,-3.731865486711,2.75));
#6300 = CARTESIAN_POINT('',(-4.638955804318,-3.731865486711,2.95));
#6301 = CARTESIAN_POINT('',(-4.439246977932,-3.721077314314,2.95));
#6302 = CARTESIAN_POINT('',(-4.636132926896,-3.784122117043,2.75));
#6303 = CARTESIAN_POINT('',(-4.636132926945,-3.784122116145,2.95));
#6304 = CARTESIAN_POINT('',(-4.436235650721,-3.776822495347,2.95));
#6305 = CARTESIAN_POINT('',(-4.633490978646,-3.847984676538,2.75));
#6306 = CARTESIAN_POINT('',(-4.633490997218,-3.847984678741,2.95));
#6307 = CARTESIAN_POINT('',(-4.433894639248,-3.832762514973,2.95));
#6308 = CARTESIAN_POINT('',(-4.618420038785,-3.975056268477,2.75));
#6309 = CARTESIAN_POINT('',(-4.618420020213,-3.975056266275,2.95));
#6310 = CARTESIAN_POINT('',(-4.420800327195,-3.943167827861,2.95));
#6311 = CARTESIAN_POINT('',(-4.606874083861,-4.039249454341,2.75));
#6312 = CARTESIAN_POINT('',(-4.606874119,-4.039249463966,2.95));
#6313 = CARTESIAN_POINT('',(-4.41086769139,-3.997774256385,2.95));
#6314 = CARTESIAN_POINT('',(-4.571200449176,-4.169492153855,2.75));
#6315 = CARTESIAN_POINT('',(-4.571200414037,-4.169492144231,2.95));
#6316 = CARTESIAN_POINT('',(-4.381416509973,-4.10529890814,2.95));
#6317 = CARTESIAN_POINT('',(-4.546985314942,-4.235295446361,2.75));
#6318 = CARTESIAN_POINT('',(-4.546985352597,-4.235295465793,2.95));
#6319 = CARTESIAN_POINT('',(-4.361862883139,-4.157903536386,2.95));
#6320 = CARTESIAN_POINT('',(-4.481394739829,-4.362398622586,2.75));
#6321 = CARTESIAN_POINT('',(-4.481394702174,-4.362398603154,2.95));
#6322 = CARTESIAN_POINT('',(-4.311056298704,-4.256357798794,2.95));
#6323 = CARTESIAN_POINT('',(-4.43897512484,-4.424823327406,2.75));
#6324 = CARTESIAN_POINT('',(-4.438975129986,-4.424823332165,2.95));
#6325 = CARTESIAN_POINT('',(-4.27916426272,-4.303060873156,2.95));
#6326 = CARTESIAN_POINT('',(-4.28582083532,-4.590414859915,2.75));
#6327 = CARTESIAN_POINT('',(-4.285820825028,-4.590414850396,2.95));
#6328 = CARTESIAN_POINT('',(-4.16495919029,-4.426540208526,2.95));
#6329 = CARTESIAN_POINT('',(-4.155228770352,-4.664259253706,2.75));
#6330 = CARTESIAN_POINT('',(-4.155228745722,-4.66425918351,2.95));
#6331 = CARTESIAN_POINT('',(-4.066242606233,-4.483527815813,2.95));
#6332 = CARTESIAN_POINT('',(-3.900673725689,-4.753572538825,2.75));
#6333 = CARTESIAN_POINT('',(-3.900673750318,-4.753572609022,2.95));
#6334 = CARTESIAN_POINT('',(-3.857230447748,-4.556862003859,2.95));
#6335 = CARTESIAN_POINT('',(-3.77408774889,-4.77303304378,2.75));
#6336 = CARTESIAN_POINT('',(-3.774087734568,-4.773033044891,2.95));
#6337 = CARTESIAN_POINT('',(-3.747476108932,-4.574496513618,2.95));
#6338 = CARTESIAN_POINT('',(-3.651601190902,-4.782534468865,2.75));
#6339 = CARTESIAN_POINT('',(-3.651601190902,-4.782534468865,2.95));
#6340 = CARTESIAN_POINT('',(-3.636133424951,-4.583133495406,2.95));
#6341 = ADVANCED_FACE('',(#6342),#6349,.T.);
#6342 = FACE_BOUND('',#6343,.T.);
#6343 = EDGE_LOOP('',(#6344,#6345,#6346,#6347,#6348));
#6344 = ORIENTED_EDGE('',*,*,#4996,.F.);
#6345 = ORIENTED_EDGE('',*,*,#6271,.F.);
#6346 = ORIENTED_EDGE('',*,*,#5096,.F.);
#6347 = ORIENTED_EDGE('',*,*,#5136,.F.);
#6348 = ORIENTED_EDGE('',*,*,#5414,.F.);
#6349 = ( BOUNDED_SURFACE() B_SPLINE_SURFACE(3,2,(
    (#6350,#6351,#6352)
    ,(#6353,#6354,#6355)
    ,(#6356,#6357,#6358)
    ,(#6359,#6360,#6361)
    ,(#6362,#6363,#6364)
    ,(#6365,#6366,#6367)
    ,(#6368,#6369,#6370)
    ,(#6371,#6372,#6373)
    ,(#6374,#6375,#6376)
    ,(#6377,#6378,#6379)
    ,(#6380,#6381,#6382)
    ,(#6383,#6384,#6385)
    ,(#6386,#6387,#6388)
    ,(#6389,#6390,#6391
)),.UNSPECIFIED.,.F.,.F.,.F.) B_SPLINE_SURFACE_WITH_KNOTS((4,2,2,2,2,2,4
    ),(3,3),(4.74470522E-04,6.42017736E-04,8.0956495E-04,9.77112165E-04,
    1.144659379E-03,1.479753808E-03,1.814848236E-03),(0.,1.),
.UNSPECIFIED.) GEOMETRIC_REPRESENTATION_ITEM() RATIONAL_B_SPLINE_SURFACE
((
    (1.,0.707106781186,1.)
    ,(1.,0.707106781186,1.)
    ,(1.,0.707106781186,1.)
    ,(1.,0.707106781186,1.)
    ,(1.,0.707106781186,1.)
    ,(1.,0.707106781186,1.)
    ,(1.,0.707106781186,1.)
    ,(1.,0.707106781186,1.)
    ,(1.,0.707106781186,1.)
    ,(1.,0.707106781186,1.)
    ,(1.,0.707106781186,1.)
    ,(1.,0.707106781186,1.)
    ,(1.,0.707106781186,1.)
,(1.,0.707106781186,1.))) REPRESENTATION_ITEM('') SURFACE() );
#6350 = CARTESIAN_POINT('',(-4.439246977932,-3.721077314314,
    1.249999999999));
#6351 = CARTESIAN_POINT('',(-4.638955804318,-3.731865486711,
    1.249999999999));
#6352 = CARTESIAN_POINT('',(-4.638955804318,-3.731865486711,
    1.449999999999));
#6353 = CARTESIAN_POINT('',(-4.436235650721,-3.776822495347,
    1.249999999999));
#6354 = CARTESIAN_POINT('',(-4.636132926945,-3.784122116145,
    1.249999999999));
#6355 = CARTESIAN_POINT('',(-4.636132926896,-3.784122117043,
    1.449999999999));
#6356 = CARTESIAN_POINT('',(-4.433894639248,-3.832762514973,
    1.249999999999));
#6357 = CARTESIAN_POINT('',(-4.633490997218,-3.847984678741,
    1.249999999999));
#6358 = CARTESIAN_POINT('',(-4.633490978646,-3.847984676538,
    1.449999999999));
#6359 = CARTESIAN_POINT('',(-4.420800327195,-3.943167827861,
    1.249999999999));
#6360 = CARTESIAN_POINT('',(-4.618420020213,-3.975056266275,
    1.249999999999));
#6361 = CARTESIAN_POINT('',(-4.618420038785,-3.975056268477,
    1.449999999999));
#6362 = CARTESIAN_POINT('',(-4.41086769139,-3.997774256385,
    1.249999999999));
#6363 = CARTESIAN_POINT('',(-4.606874119,-4.039249463966,1.249999999999)
  );
#6364 = CARTESIAN_POINT('',(-4.606874083861,-4.039249454341,
    1.449999999999));
#6365 = CARTESIAN_POINT('',(-4.381416509973,-4.10529890814,
    1.249999999999));
#6366 = CARTESIAN_POINT('',(-4.571200414037,-4.169492144231,1.25));
#6367 = CARTESIAN_POINT('',(-4.571200449176,-4.169492153855,
    1.449999999999));
#6368 = CARTESIAN_POINT('',(-4.361862883139,-4.157903536386,
    1.249999999999));
#6369 = CARTESIAN_POINT('',(-4.546985352597,-4.235295465793,
    1.249999999999));
#6370 = CARTESIAN_POINT('',(-4.546985314942,-4.235295446361,
    1.449999999999));
#6371 = CARTESIAN_POINT('',(-4.311056298704,-4.256357798794,
    1.249999999999));
#6372 = CARTESIAN_POINT('',(-4.481394702174,-4.362398603154,1.25));
#6373 = CARTESIAN_POINT('',(-4.481394739829,-4.362398622586,
    1.449999999999));
#6374 = CARTESIAN_POINT('',(-4.27916426272,-4.303060873156,
    1.249999999999));
#6375 = CARTESIAN_POINT('',(-4.438975129986,-4.424823332165,
    1.249999999999));
#6376 = CARTESIAN_POINT('',(-4.43897512484,-4.424823327406,
    1.449999999999));
#6377 = CARTESIAN_POINT('',(-4.16495919029,-4.426540208526,
    1.249999999999));
#6378 = CARTESIAN_POINT('',(-4.285820825028,-4.590414850396,
    1.249999999999));
#6379 = CARTESIAN_POINT('',(-4.28582083532,-4.590414859915,
    1.449999999999));
#6380 = CARTESIAN_POINT('',(-4.066242606233,-4.483527815813,
    1.249999999999));
#6381 = CARTESIAN_POINT('',(-4.155228745722,-4.66425918351,
    1.249999999999));
#6382 = CARTESIAN_POINT('',(-4.155228770352,-4.664259253706,
    1.449999999999));
#6383 = CARTESIAN_POINT('',(-3.857230447748,-4.556862003859,
    1.249999999999));
#6384 = CARTESIAN_POINT('',(-3.900673750318,-4.753572609022,
    1.249999999999));
#6385 = CARTESIAN_POINT('',(-3.900673725689,-4.753572538825,
    1.449999999999));
#6386 = CARTESIAN_POINT('',(-3.747476108932,-4.574496513618,
    1.249999999999));
#6387 = CARTESIAN_POINT('',(-3.774087734568,-4.773033044891,
    1.249999999999));
#6388 = CARTESIAN_POINT('',(-3.77408774889,-4.77303304378,1.449999999999
    ));
#6389 = CARTESIAN_POINT('',(-3.636133424951,-4.583133495406,
    1.249999999999));
#6390 = CARTESIAN_POINT('',(-3.651601190902,-4.782534468865,
    1.249999999999));
#6391 = CARTESIAN_POINT('',(-3.651601190902,-4.782534468865,
    1.449999999999));
#6392 = ( GEOMETRIC_REPRESENTATION_CONTEXT(3) 
GLOBAL_UNCERTAINTY_ASSIGNED_CONTEXT((#6396)) 
GLOBAL_UNIT_ASSIGNED_CONTEXT((#6393,#6394,#6395)) REPRESENTATION_CONTEXT
('Context #1','3D Context with UNIT and UNCERTAINTY') );
#6393 = ( LENGTH_UNIT() NAMED_UNIT(*) SI_UNIT(.MILLI.,.METRE.) );
#6394 = ( NAMED_UNIT(*) PLANE_ANGLE_UNIT() SI_UNIT($,.RADIAN.) );
#6395 = ( NAMED_UNIT(*) SI_UNIT($,.STERADIAN.) SOLID_ANGLE_UNIT() );
#6396 = UNCERTAINTY_MEASURE_WITH_UNIT(LENGTH_MEASURE(1.E-04),#6393,
  'distance_accuracy_value','confusion accuracy');
#6397 = CONTEXT_DEPENDENT_SHAPE_REPRESENTATION(#6398,#6400);
#6398 = ( REPRESENTATION_RELATIONSHIP('','',#4846,#10) 
REPRESENTATION_RELATIONSHIP_WITH_TRANSFORMATION(#6399) 
SHAPE_REPRESENTATION_RELATIONSHIP() );
#6399 = ITEM_DEFINED_TRANSFORMATION('','',#11,#23);
#6400 = PRODUCT_DEFINITION_SHAPE('Placement','Placement of an item',
  #6401);
#6401 = NEXT_ASSEMBLY_USAGE_OCCURRENCE('3',
'IND-SMD_L10.5-W10.3_SLD10D50~IND-SMD_L10.5-W10.3-H5.0_SLD10D50~TWaD001'
  ,'',#5,#4841,$);
#6402 = PRODUCT_RELATED_PRODUCT_CATEGORY('part',$,(#4843));
#6403 = MECHANICAL_DESIGN_GEOMETRIC_PRESENTATION_REPRESENTATION('',(
    #6404),#4828);
#6404 = STYLED_ITEM('color',(#6405),#3283);
#6405 = PRESENTATION_STYLE_ASSIGNMENT((#6406,#6412));
#6406 = SURFACE_STYLE_USAGE(.BOTH.,#6407);
#6407 = SURFACE_SIDE_STYLE('',(#6408));
#6408 = SURFACE_STYLE_FILL_AREA(#6409);
#6409 = FILL_AREA_STYLE('',(#6410));
#6410 = FILL_AREA_STYLE_COLOUR('',#6411);
#6411 = DRAUGHTING_PRE_DEFINED_COLOUR('white');
#6412 = CURVE_STYLE('',#6413,POSITIVE_LENGTH_MEASURE(0.1),#6414);
#6413 = DRAUGHTING_PRE_DEFINED_CURVE_FONT('continuous');
#6414 = COLOUR_RGB('',9.803921802644E-02,9.803921802644E-02,
  9.803921802644E-02);
#6415 = MECHANICAL_DESIGN_GEOMETRIC_PRESENTATION_REPRESENTATION('',(
    #6416),#6392);
#6416 = STYLED_ITEM('color',(#6417),#4847);
#6417 = PRESENTATION_STYLE_ASSIGNMENT((#6418,#6423));
#6418 = SURFACE_STYLE_USAGE(.BOTH.,#6419);
#6419 = SURFACE_SIDE_STYLE('',(#6420));
#6420 = SURFACE_STYLE_FILL_AREA(#6421);
#6421 = FILL_AREA_STYLE('',(#6422));
#6422 = FILL_AREA_STYLE_COLOUR('',#6411);
#6423 = CURVE_STYLE('',#6424,POSITIVE_LENGTH_MEASURE(0.1),#6414);
#6424 = DRAUGHTING_PRE_DEFINED_CURVE_FONT('continuous');
#6425 = MECHANICAL_DESIGN_GEOMETRIC_PRESENTATION_REPRESENTATION('',(
    #6426),#3264);
#6426 = STYLED_ITEM('color',(#6427),#41);
#6427 = PRESENTATION_STYLE_ASSIGNMENT((#6428,#6434));
#6428 = SURFACE_STYLE_USAGE(.BOTH.,#6429);
#6429 = SURFACE_SIDE_STYLE('',(#6430));
#6430 = SURFACE_STYLE_FILL_AREA(#6431);
#6431 = FILL_AREA_STYLE('',(#6432));
#6432 = FILL_AREA_STYLE_COLOUR('',#6433);
#6433 = COLOUR_RGB('',0.501960817233,0.501960817233,0.501960817233);
#6434 = CURVE_STYLE('',#6435,POSITIVE_LENGTH_MEASURE(0.1),#6414);
#6435 = DRAUGHTING_PRE_DEFINED_CURVE_FONT('continuous');
ENDSEC;
END-ISO-10303-21;
