ISO-10303-21;
HEADER;
FILE_DESCRIPTION(('FreeCAD Model'),'2;1');
FILE_NAME('Open CASCADE Shape Model','2026-06-17T12:18:22',('Author'),(
    ''),'Open CASCADE STEP processor 7.8','FreeCAD','Unknown');
FILE_SCHEMA(('AUTOMOTIVE_DESIGN { 1 0 10303 214 1 1 1 1 }'));
ENDSEC;
DATA;
#1 = APPLICATION_PROTOCOL_DEFINITION('international standard',
  'automotive_design',2000,#2);
#2 = APPLICATION_CONTEXT(
  'core data for automotive mechanical design processes');
#3 = SHAPE_DEFINITION_REPRESENTATION(#4,#10);
#4 = PRODUCT_DEFINITION_SHAPE('','',#5);
#5 = PRODUCT_DEFINITION('design','',#6,#9);
#6 = PRODUCT_DEFINITION_FORMATION('','',#7);
#7 = PRODUCT('Corps002','Corps002','',(#8));
#8 = PRODUCT_CONTEXT('',#2,'mechanical');
#9 = PRODUCT_DEFINITION_CONTEXT('part definition',#2,'design');
#10 = ADVANCED_BREP_SHAPE_REPRESENTATION('',(#11,#15),#4149);
#11 = AXIS2_PLACEMENT_3D('',#12,#13,#14);
#12 = CARTESIAN_POINT('',(0.,0.,0.));
#13 = DIRECTION('',(0.,0.,1.));
#14 = DIRECTION('',(1.,0.,-0.));
#15 = MANIFOLD_SOLID_BREP('',#16);
#16 = CLOSED_SHELL('',(#17,#57,#88,#215,#239,#349,#361,#399,#498,#583,
    #715,#823,#1006,#1091,#1235,#1251,#1347,#1446,#1531,#1681,#1782,
    #1967,#2052,#2118,#2207,#2306,#2391,#2553,#2648,#2825,#2910,#2976,
    #3071,#3170,#3255,#3405,#3503,#3676,#3761,#3827,#3915,#4008,#4087));
#17 = ADVANCED_FACE('',(#18),#52,.F.);
#18 = FACE_BOUND('',#19,.F.);
#19 = EDGE_LOOP('',(#20,#30,#38,#46));
#20 = ORIENTED_EDGE('',*,*,#21,.F.);
#21 = EDGE_CURVE('',#22,#24,#26,.T.);
#22 = VERTEX_POINT('',#23);
#23 = CARTESIAN_POINT('',(0.,0.,0.));
#24 = VERTEX_POINT('',#25);
#25 = CARTESIAN_POINT('',(0.,0.,4.));
#26 = LINE('',#27,#28);
#27 = CARTESIAN_POINT('',(0.,0.,0.));
#28 = VECTOR('',#29,1.);
#29 = DIRECTION('',(0.,0.,1.));
#30 = ORIENTED_EDGE('',*,*,#31,.T.);
#31 = EDGE_CURVE('',#22,#32,#34,.T.);
#32 = VERTEX_POINT('',#33);
#33 = CARTESIAN_POINT('',(0.,5.,0.));
#34 = LINE('',#35,#36);
#35 = CARTESIAN_POINT('',(0.,0.,0.));
#36 = VECTOR('',#37,1.);
#37 = DIRECTION('',(0.,1.,0.));
#38 = ORIENTED_EDGE('',*,*,#39,.T.);
#39 = EDGE_CURVE('',#32,#40,#42,.T.);
#40 = VERTEX_POINT('',#41);
#41 = CARTESIAN_POINT('',(0.,5.,4.));
#42 = LINE('',#43,#44);
#43 = CARTESIAN_POINT('',(0.,5.,0.));
#44 = VECTOR('',#45,1.);
#45 = DIRECTION('',(0.,0.,1.));
#46 = ORIENTED_EDGE('',*,*,#47,.F.);
#47 = EDGE_CURVE('',#24,#40,#48,.T.);
#48 = LINE('',#49,#50);
#49 = CARTESIAN_POINT('',(0.,0.,4.));
#50 = VECTOR('',#51,1.);
#51 = DIRECTION('',(0.,1.,0.));
#52 = PLANE('',#53);
#53 = AXIS2_PLACEMENT_3D('',#54,#55,#56);
#54 = CARTESIAN_POINT('',(0.,0.,0.));
#55 = DIRECTION('',(1.,0.,0.));
#56 = DIRECTION('',(0.,0.,1.));
#57 = ADVANCED_FACE('',(#58),#83,.F.);
#58 = FACE_BOUND('',#59,.F.);
#59 = EDGE_LOOP('',(#60,#68,#69,#77));
#60 = ORIENTED_EDGE('',*,*,#61,.F.);
#61 = EDGE_CURVE('',#22,#62,#64,.T.);
#62 = VERTEX_POINT('',#63);
#63 = CARTESIAN_POINT('',(5.,0.,0.));
#64 = LINE('',#65,#66);
#65 = CARTESIAN_POINT('',(0.,0.,0.));
#66 = VECTOR('',#67,1.);
#67 = DIRECTION('',(1.,0.,0.));
#68 = ORIENTED_EDGE('',*,*,#21,.T.);
#69 = ORIENTED_EDGE('',*,*,#70,.T.);
#70 = EDGE_CURVE('',#24,#71,#73,.T.);
#71 = VERTEX_POINT('',#72);
#72 = CARTESIAN_POINT('',(5.,0.,4.));
#73 = LINE('',#74,#75);
#74 = CARTESIAN_POINT('',(0.,0.,4.));
#75 = VECTOR('',#76,1.);
#76 = DIRECTION('',(1.,0.,0.));
#77 = ORIENTED_EDGE('',*,*,#78,.F.);
#78 = EDGE_CURVE('',#62,#71,#79,.T.);
#79 = LINE('',#80,#81);
#80 = CARTESIAN_POINT('',(5.,0.,0.));
#81 = VECTOR('',#82,1.);
#82 = DIRECTION('',(0.,0.,1.));
#83 = PLANE('',#84);
#84 = AXIS2_PLACEMENT_3D('',#85,#86,#87);
#85 = CARTESIAN_POINT('',(0.,0.,0.));
#86 = DIRECTION('',(0.,1.,0.));
#87 = DIRECTION('',(0.,0.,1.));
#88 = ADVANCED_FACE('',(#89,#107),#210,.T.);
#89 = FACE_BOUND('',#90,.T.);
#90 = EDGE_LOOP('',(#91,#92,#93,#101));
#91 = ORIENTED_EDGE('',*,*,#47,.F.);
#92 = ORIENTED_EDGE('',*,*,#70,.T.);
#93 = ORIENTED_EDGE('',*,*,#94,.T.);
#94 = EDGE_CURVE('',#71,#95,#97,.T.);
#95 = VERTEX_POINT('',#96);
#96 = CARTESIAN_POINT('',(5.,5.,4.));
#97 = LINE('',#98,#99);
#98 = CARTESIAN_POINT('',(5.,0.,4.));
#99 = VECTOR('',#100,1.);
#100 = DIRECTION('',(0.,1.,0.));
#101 = ORIENTED_EDGE('',*,*,#102,.F.);
#102 = EDGE_CURVE('',#40,#95,#103,.T.);
#103 = LINE('',#104,#105);
#104 = CARTESIAN_POINT('',(0.,5.,4.));
#105 = VECTOR('',#106,1.);
#106 = DIRECTION('',(1.,0.,0.));
#107 = FACE_BOUND('',#108,.T.);
#108 = EDGE_LOOP('',(#109,#120,#129,#161,#180));
#109 = ORIENTED_EDGE('',*,*,#110,.F.);
#110 = EDGE_CURVE('',#111,#113,#115,.T.);
#111 = VERTEX_POINT('',#112);
#112 = CARTESIAN_POINT('',(3.758868,2.497127,4.));
#113 = VERTEX_POINT('',#114);
#114 = CARTESIAN_POINT('',(3.246994865248,3.510984087313,4.));
#115 = CIRCLE('',#116,1.26);
#116 = AXIS2_PLACEMENT_3D('',#117,#118,#119);
#117 = CARTESIAN_POINT('',(2.498868,2.497127,4.));
#118 = DIRECTION('',(0.,0.,1.));
#119 = DIRECTION('',(1.,0.,0.));
#120 = ORIENTED_EDGE('',*,*,#121,.F.);
#121 = EDGE_CURVE('',#122,#111,#124,.T.);
#122 = VERTEX_POINT('',#123);
#123 = CARTESIAN_POINT('',(3.246973518445,1.483254161193,4.));
#124 = CIRCLE('',#125,1.26);
#125 = AXIS2_PLACEMENT_3D('',#126,#127,#128);
#126 = CARTESIAN_POINT('',(2.498868,2.497127,4.));
#127 = DIRECTION('',(0.,0.,1.));
#128 = DIRECTION('',(1.,0.,0.));
#129 = ORIENTED_EDGE('',*,*,#130,.F.);
#130 = EDGE_CURVE('',#131,#122,#133,.T.);
#131 = VERTEX_POINT('',#132);
#132 = CARTESIAN_POINT('',(1.103809749145,1.91927473311,4.));
#133 = B_SPLINE_CURVE_WITH_KNOTS('',6,(#134,#135,#136,#137,#138,#139,
    #140,#141,#142,#143,#144,#145,#146,#147,#148,#149,#150,#151,#152,
    #153,#154,#155,#156,#157,#158,#159,#160),.UNSPECIFIED.,.F.,.F.,(7,5,
    5,5,5,7),(0.,0.227014864939,0.457930377523,0.704057819183,
    0.839565632943,1.),.UNSPECIFIED.);
#134 = CARTESIAN_POINT('',(1.103809749145,1.91927473311,4.));
#135 = CARTESIAN_POINT('',(1.170756578619,1.791842622104,4.));
#136 = CARTESIAN_POINT('',(1.252141988802,1.672478484519,4.));
#137 = CARTESIAN_POINT('',(1.346850750654,1.563374430889,4.));
#138 = CARTESIAN_POINT('',(1.45334205167,1.466434916119,4.));
#139 = CARTESIAN_POINT('',(1.56974057848,1.383310846725,4.));
#140 = CARTESIAN_POINT('',(1.819928403423,1.246011679679,4.));
#141 = CARTESIAN_POINT('',(1.954038864881,1.192327322468,4.));
#142 = CARTESIAN_POINT('',(2.0936977536,1.155536318774,4.));
#143 = CARTESIAN_POINT('',(2.236276670389,1.136412530422,4.));
#144 = CARTESIAN_POINT('',(2.378994910371,1.135262041656,4.));
#145 = CARTESIAN_POINT('',(2.66815718615,1.169253839823,4.));
#146 = CARTESIAN_POINT('',(2.814321613,1.206803019152,4.));
#147 = CARTESIAN_POINT('',(2.953913446039,1.263955335497,4.));
#148 = CARTESIAN_POINT('',(3.083626996898,1.339436070812,4.));
#149 = CARTESIAN_POINT('',(3.200389869649,1.431322079279,4.));
#150 = CARTESIAN_POINT('',(3.357383106437,1.594909006481,4.));
#151 = CARTESIAN_POINT('',(3.408435947735,1.657133279096,4.));
#152 = CARTESIAN_POINT('',(3.454376464626,1.723042463669,4.));
#153 = CARTESIAN_POINT('',(3.494843538196,1.792128145049,4.));
#154 = CARTESIAN_POINT('',(3.529543379891,1.863831942738,4.));
#155 = CARTESIAN_POINT('',(3.592251689382,2.024827693026,4.));
#156 = CARTESIAN_POINT('',(3.617859788968,2.114939733517,4.));
#157 = CARTESIAN_POINT('',(3.634712094319,2.206876428391,4.));
#158 = CARTESIAN_POINT('',(3.642613552561,2.299577681644,4.));
#159 = CARTESIAN_POINT('',(3.641530051805,2.391950355288,4.));
#160 = CARTESIAN_POINT('',(3.631624496729,2.482890078078,4.));
#161 = ORIENTED_EDGE('',*,*,#162,.F.);
#162 = EDGE_CURVE('',#163,#131,#165,.T.);
#163 = VERTEX_POINT('',#164);
#164 = CARTESIAN_POINT('',(1.103809445179,3.07497862375,4.));
#165 = B_SPLINE_CURVE_WITH_KNOTS('',5,(#166,#167,#168,#169,#170,#171,
    #172,#173,#174,#175,#176,#177,#178,#179),.UNSPECIFIED.,.F.,.F.,(6,4,
    4,6),(0.,0.479999777586,0.957999653833,1.),.UNSPECIFIED.);
#166 = CARTESIAN_POINT('',(1.103809445179,3.07497862375,4.));
#167 = CARTESIAN_POINT('',(1.060241321876,2.969794585347,4.));
#168 = CARTESIAN_POINT('',(1.026585021171,2.860499912796,4.));
#169 = CARTESIAN_POINT('',(1.003360914321,2.748353162989,4.));
#170 = CARTESIAN_POINT('',(0.990843655026,2.634680855346,4.));
#171 = CARTESIAN_POINT('',(0.987274628466,2.407482817745,4.));
#172 = CARTESIAN_POINT('',(0.996133490579,2.293949215501,4.));
#173 = CARTESIAN_POINT('',(1.015652351632,2.18158855688,4.));
#174 = CARTESIAN_POINT('',(1.045602346305,2.071718844785,4.));
#175 = CARTESIAN_POINT('',(1.089017495785,1.956274747469,4.));
#176 = CARTESIAN_POINT('',(1.092601026678,1.946979261749,4.));
#177 = CARTESIAN_POINT('',(1.096261134872,1.937713539726,4.));
#178 = CARTESIAN_POINT('',(1.099997488545,1.928478421545,4.));
#179 = CARTESIAN_POINT('',(1.103809742019,1.919274741878,4.));
#180 = ORIENTED_EDGE('',*,*,#181,.F.);
#181 = EDGE_CURVE('',#113,#163,#182,.T.);
#182 = B_SPLINE_CURVE_WITH_KNOTS('',6,(#183,#184,#185,#186,#187,#188,
    #189,#190,#191,#192,#193,#194,#195,#196,#197,#198,#199,#200,#201,
    #202,#203,#204,#205,#206,#207,#208,#209),.UNSPECIFIED.,.F.,.F.,(7,5,
    5,5,5,7),(0.,0.159492633308,0.294975834842,0.541059232946,
    0.772985075521,1.),.UNSPECIFIED.);
#183 = CARTESIAN_POINT('',(3.631626592766,2.511343908065,4.));
#184 = CARTESIAN_POINT('',(3.641475139165,2.60175028397,4.));
#185 = CARTESIAN_POINT('',(3.642604184613,2.693572843259,4.));
#186 = CARTESIAN_POINT('',(3.634855001866,2.785726623344,4.));
#187 = CARTESIAN_POINT('',(3.618259562163,2.877137815468,4.));
#188 = CARTESIAN_POINT('',(3.593007556305,2.966764308362,4.));
#189 = CARTESIAN_POINT('',(3.530959326844,3.127388529003,4.));
#190 = CARTESIAN_POINT('',(3.496469936908,3.199167232851,4.));
#191 = CARTESIAN_POINT('',(3.456207545039,3.268344780948,4.));
#192 = CARTESIAN_POINT('',(3.410464237789,3.334362071172,4.));
#193 = CARTESIAN_POINT('',(3.359599610272,3.396709785531,4.));
#194 = CARTESIAN_POINT('',(3.203107056262,3.560684837773,4.));
#195 = CARTESIAN_POINT('',(3.08663291527,3.652868335377,4.));
#196 = CARTESIAN_POINT('',(2.957165678986,3.728687323157,4.));
#197 = CARTESIAN_POINT('',(2.817771668266,3.786210427939,4.));
#198 = CARTESIAN_POINT('',(2.671752062178,3.824154258474,4.));
#199 = CARTESIAN_POINT('',(2.382126524894,3.859014601924,4.));
#200 = CARTESIAN_POINT('',(2.238780933223,3.85817596679,4.));
#201 = CARTESIAN_POINT('',(2.095538765301,3.839202420715,4.));
#202 = CARTESIAN_POINT('',(1.955218627272,3.802399502106,4.));
#203 = CARTESIAN_POINT('',(1.820484873475,3.748548493022,4.));
#204 = CARTESIAN_POINT('',(1.569743080971,3.610946168637,4.));
#205 = CARTESIAN_POINT('',(1.453343660446,3.527821702654,4.));
#206 = CARTESIAN_POINT('',(1.346851626343,3.430881559381,4.));
#207 = CARTESIAN_POINT('',(1.252142304189,3.321776720334,4.));
#208 = CARTESIAN_POINT('',(1.170756497205,3.20241170186,4.));
#209 = CARTESIAN_POINT('',(1.103809436638,3.074978653763,4.));
#210 = PLANE('',#211);
#211 = AXIS2_PLACEMENT_3D('',#212,#213,#214);
#212 = CARTESIAN_POINT('',(0.,0.,4.));
#213 = DIRECTION('',(0.,0.,1.));
#214 = DIRECTION('',(1.,0.,0.));
#215 = ADVANCED_FACE('',(#216),#234,.T.);
#216 = FACE_BOUND('',#217,.T.);
#217 = EDGE_LOOP('',(#218,#226,#227,#228));
#218 = ORIENTED_EDGE('',*,*,#219,.F.);
#219 = EDGE_CURVE('',#32,#220,#222,.T.);
#220 = VERTEX_POINT('',#221);
#221 = CARTESIAN_POINT('',(5.,5.,0.));
#222 = LINE('',#223,#224);
#223 = CARTESIAN_POINT('',(0.,5.,0.));
#224 = VECTOR('',#225,1.);
#225 = DIRECTION('',(1.,0.,0.));
#226 = ORIENTED_EDGE('',*,*,#39,.T.);
#227 = ORIENTED_EDGE('',*,*,#102,.T.);
#228 = ORIENTED_EDGE('',*,*,#229,.F.);
#229 = EDGE_CURVE('',#220,#95,#230,.T.);
#230 = LINE('',#231,#232);
#231 = CARTESIAN_POINT('',(5.,5.,0.));
#232 = VECTOR('',#233,1.);
#233 = DIRECTION('',(0.,0.,1.));
#234 = PLANE('',#235);
#235 = AXIS2_PLACEMENT_3D('',#236,#237,#238);
#236 = CARTESIAN_POINT('',(0.,5.,0.));
#237 = DIRECTION('',(0.,1.,0.));
#238 = DIRECTION('',(0.,0.,1.));
#239 = ADVANCED_FACE('',(#240,#251),#344,.F.);
#240 = FACE_BOUND('',#241,.F.);
#241 = EDGE_LOOP('',(#242,#243,#244,#250));
#242 = ORIENTED_EDGE('',*,*,#31,.F.);
#243 = ORIENTED_EDGE('',*,*,#61,.T.);
#244 = ORIENTED_EDGE('',*,*,#245,.T.);
#245 = EDGE_CURVE('',#62,#220,#246,.T.);
#246 = LINE('',#247,#248);
#247 = CARTESIAN_POINT('',(5.,0.,0.));
#248 = VECTOR('',#249,1.);
#249 = DIRECTION('',(0.,1.,0.));
#250 = ORIENTED_EDGE('',*,*,#219,.F.);
#251 = FACE_BOUND('',#252,.F.);
#252 = EDGE_LOOP('',(#253,#282,#291,#300,#327));
#253 = ORIENTED_EDGE('',*,*,#254,.F.);
#254 = EDGE_CURVE('',#255,#257,#259,.T.);
#255 = VERTEX_POINT('',#256);
#256 = CARTESIAN_POINT('',(3.247186149706,3.510842500198,
    3.664603343001E-17));
#257 = VERTEX_POINT('',#258);
#258 = CARTESIAN_POINT('',(1.10379928599,3.074976539507,
    3.261280134836E-16));
#259 = B_SPLINE_CURVE_WITH_KNOTS('',6,(#260,#261,#262,#263,#264,#265,
    #266,#267,#268,#269,#270,#271,#272,#273,#274,#275,#276,#277,#278,
    #279,#280,#281),.UNSPECIFIED.,.F.,.F.,(7,5,5,5,7),(0.,0.264407815573
    ,0.514464881837,0.75755446064,1.),.UNSPECIFIED.);
#260 = CARTESIAN_POINT('',(3.247435175428,3.510612870041,0.));
#261 = CARTESIAN_POINT('',(3.168397591558,3.583526988656,0.));
#262 = CARTESIAN_POINT('',(3.081501688428,3.648619619872,0.));
#263 = CARTESIAN_POINT('',(2.98780686052,3.704877691682,0.));
#264 = CARTESIAN_POINT('',(2.888508597567,3.751525527606,0.));
#265 = CARTESIAN_POINT('',(2.784886148458,3.787989958324,0.));
#266 = CARTESIAN_POINT('',(2.577495149152,3.83847010669,0.));
#267 = CARTESIAN_POINT('',(2.474021846037,3.853601166694,0.));
#268 = CARTESIAN_POINT('',(2.369019655032,3.859037770751,0.));
#269 = CARTESIAN_POINT('',(2.263632642458,3.854689886787,0.));
#270 = CARTESIAN_POINT('',(2.15898865197,3.84063022007,0.));
#271 = CARTESIAN_POINT('',(1.9562491755,3.794248000026,0.));
#272 = CARTESIAN_POINT('',(1.858038826159,3.762442097406,0.));
#273 = CARTESIAN_POINT('',(1.762562539795,3.721920649787,0.));
#274 = CARTESIAN_POINT('',(1.670755243868,3.673058081798,0.));
#275 = CARTESIAN_POINT('',(1.583479958603,3.616344644965,0.));
#276 = CARTESIAN_POINT('',(1.419764852343,3.488612560523,0.));
#277 = CARTESIAN_POINT('',(1.343287912417,3.417624487821,0.));
#278 = CARTESIAN_POINT('',(1.272851947873,3.340035265826,0.));
#279 = CARTESIAN_POINT('',(1.20911436129,3.256539582871,0.));
#280 = CARTESIAN_POINT('',(1.152619856141,3.167908472948,0.));
#281 = CARTESIAN_POINT('',(1.103799277458,3.074976569511,0.));
#282 = ORIENTED_EDGE('',*,*,#283,.T.);
#283 = EDGE_CURVE('',#255,#284,#286,.T.);
#284 = VERTEX_POINT('',#285);
#285 = CARTESIAN_POINT('',(3.758868,2.497127,0.));
#286 = CIRCLE('',#287,1.26);
#287 = AXIS2_PLACEMENT_3D('',#288,#289,#290);
#288 = CARTESIAN_POINT('',(2.498868,2.497127,0.));
#289 = DIRECTION('',(0.,0.,-1.));
#290 = DIRECTION('',(1.,0.,0.));
#291 = ORIENTED_EDGE('',*,*,#292,.T.);
#292 = EDGE_CURVE('',#284,#293,#295,.T.);
#293 = VERTEX_POINT('',#294);
#294 = CARTESIAN_POINT('',(3.246894423006,1.483195416506,
    6.505213034913E-19));
#295 = CIRCLE('',#296,1.26);
#296 = AXIS2_PLACEMENT_3D('',#297,#298,#299);
#297 = CARTESIAN_POINT('',(2.498868,2.497127,0.));
#298 = DIRECTION('',(0.,0.,-1.));
#299 = DIRECTION('',(1.,0.,0.));
#300 = ORIENTED_EDGE('',*,*,#301,.F.);
#301 = EDGE_CURVE('',#302,#293,#304,.T.);
#302 = VERTEX_POINT('',#303);
#303 = CARTESIAN_POINT('',(1.10380580225,1.919266806637,
    3.881443777498E-16));
#304 = B_SPLINE_CURVE_WITH_KNOTS('',6,(#305,#306,#307,#308,#309,#310,
    #311,#312,#313,#314,#315,#316,#317,#318,#319,#320,#321,#322,#323,
    #324,#325,#326),.UNSPECIFIED.,.F.,.F.,(7,5,5,5,7),(0.,0.242445414162
    ,0.485534941556,0.7355920228,1.),.UNSPECIFIED.);
#305 = CARTESIAN_POINT('',(1.10380580225,1.919266806637,0.));
#306 = CARTESIAN_POINT('',(1.152620647642,1.826350830194,0.));
#307 = CARTESIAN_POINT('',(1.209106893233,1.737734499411,0.));
#308 = CARTESIAN_POINT('',(1.272833875276,1.654252045168,0.));
#309 = CARTESIAN_POINT('',(1.343257135716,1.57667413033,0.));
#310 = CARTESIAN_POINT('',(1.419719586212,1.505695117556,0.));
#311 = CARTESIAN_POINT('',(1.583402901249,1.377976123992,0.));
#312 = CARTESIAN_POINT('',(1.67066087209,1.321266715712,0.));
#313 = CARTESIAN_POINT('',(1.762449839474,1.272405386643,0.));
#314 = CARTESIAN_POINT('',(1.857907229004,1.231882206899,0.));
#315 = CARTESIAN_POINT('',(1.956098597805,1.200071507311,0.));
#316 = CARTESIAN_POINT('',(2.158800479631,1.153673385949,0.));
#317 = CARTESIAN_POINT('',(2.263425874102,1.139602442032,0.));
#318 = CARTESIAN_POINT('',(2.368795291114,1.135240106198,0.));
#319 = CARTESIAN_POINT('',(2.473781455651,1.140659227377,0.));
#320 = CARTESIAN_POINT('',(2.577240779422,1.155770059817,0.));
#321 = CARTESIAN_POINT('',(2.784608281869,1.206203672926,0.));
#322 = CARTESIAN_POINT('',(2.88822149163,1.242641514065,0.));
#323 = CARTESIAN_POINT('',(2.987513892807,1.289260458702,0.));
#324 = CARTESIAN_POINT('',(3.081206687605,1.345487822031,0.));
#325 = CARTESIAN_POINT('',(3.168104812356,1.410548542507,0.));
#326 = CARTESIAN_POINT('',(3.247149180846,1.483430244118,0.));
#327 = ORIENTED_EDGE('',*,*,#328,.F.);
#328 = EDGE_CURVE('',#257,#302,#329,.T.);
#329 = B_SPLINE_CURVE_WITH_KNOTS('',5,(#330,#331,#332,#333,#334,#335,
    #336,#337,#338,#339,#340,#341,#342,#343),.UNSPECIFIED.,.F.,.F.,(6,4,
    4,6),(0.,0.47799987313,0.953999648035,1.),.UNSPECIFIED.);
#330 = CARTESIAN_POINT('',(1.10379928599,3.074976539507,0.));
#331 = CARTESIAN_POINT('',(1.060413024359,2.970229942012,0.));
#332 = CARTESIAN_POINT('',(1.026856253247,2.861406983951,0.));
#333 = CARTESIAN_POINT('',(1.00364283057,2.749750464835,0.));
#334 = CARTESIAN_POINT('',(0.991045002035,2.636570127744,0.));
#335 = CARTESIAN_POINT('',(0.987136710008,2.410325381699,0.));
#336 = CARTESIAN_POINT('',(0.995737230554,2.297253421644,0.));
#337 = CARTESIAN_POINT('',(1.014910499724,2.185322444988,0.));
#338 = CARTESIAN_POINT('',(1.044433582075,2.075834455128,0.));
#339 = CARTESIAN_POINT('',(1.087652269645,1.959809667675,0.));
#340 = CARTESIAN_POINT('',(1.091553189369,1.949619584691,0.));
#341 = CARTESIAN_POINT('',(1.095546042992,1.939465013323,0.));
#342 = CARTESIAN_POINT('',(1.099630396299,1.929347058025,0.));
#343 = CARTESIAN_POINT('',(1.103805795123,1.91926681541,0.));
#344 = PLANE('',#345);
#345 = AXIS2_PLACEMENT_3D('',#346,#347,#348);
#346 = CARTESIAN_POINT('',(0.,0.,0.));
#347 = DIRECTION('',(0.,0.,1.));
#348 = DIRECTION('',(1.,0.,0.));
#349 = ADVANCED_FACE('',(#350),#356,.T.);
#350 = FACE_BOUND('',#351,.T.);
#351 = EDGE_LOOP('',(#352,#353,#354,#355));
#352 = ORIENTED_EDGE('',*,*,#78,.F.);
#353 = ORIENTED_EDGE('',*,*,#245,.T.);
#354 = ORIENTED_EDGE('',*,*,#229,.T.);
#355 = ORIENTED_EDGE('',*,*,#94,.F.);
#356 = PLANE('',#357);
#357 = AXIS2_PLACEMENT_3D('',#358,#359,#360);
#358 = CARTESIAN_POINT('',(5.,0.,0.));
#359 = DIRECTION('',(1.,0.,0.));
#360 = DIRECTION('',(0.,0.,1.));
#361 = ADVANCED_FACE('',(#362),#394,.F.);
#362 = FACE_BOUND('',#363,.T.);
#363 = EDGE_LOOP('',(#364,#372,#373));
#364 = ORIENTED_EDGE('',*,*,#365,.F.);
#365 = EDGE_CURVE('',#111,#366,#368,.T.);
#366 = VERTEX_POINT('',#367);
#367 = CARTESIAN_POINT('',(3.758868,2.4971269757,3.925589421279));
#368 = LINE('',#369,#370);
#369 = CARTESIAN_POINT('',(3.758868,2.497127,4.));
#370 = VECTOR('',#371,1.);
#371 = DIRECTION('',(-6.765527267673E-17,0.,-1.));
#372 = ORIENTED_EDGE('',*,*,#110,.T.);
#373 = ORIENTED_EDGE('',*,*,#374,.T.);
#374 = EDGE_CURVE('',#113,#366,#375,.T.);
#375 = B_SPLINE_CURVE_WITH_KNOTS('',5,(#376,#377,#378,#379,#380,#381,
    #382,#383,#384,#385,#386,#387,#388,#389,#390,#391,#392,#393),
  .UNSPECIFIED.,.F.,.F.,(6,4,4,4,6),(0.,0.121572349684,0.302790543915,
    0.730722382116,1.),.UNSPECIFIED.);
#376 = CARTESIAN_POINT('',(3.24652426061,3.51133117864,4.000036931273));
#377 = CARTESIAN_POINT('',(3.269594605618,3.494324062875,3.998226767568)
  );
#378 = CARTESIAN_POINT('',(3.292181391155,3.476660947243,3.996416602596)
  );
#379 = CARTESIAN_POINT('',(3.314259712052,3.458360191026,3.994606437412)
  );
#380 = CARTESIAN_POINT('',(3.335805784265,3.439441507249,3.992796273192)
  );
#381 = CARTESIAN_POINT('',(3.388086791868,3.390835698722,3.988287847349)
  );
#382 = CARTESIAN_POINT('',(3.418143758227,3.360419137418,3.985589585088)
  );
#383 = CARTESIAN_POINT('',(3.44689265963,3.328746193279,3.982891330675)
  );
#384 = CARTESIAN_POINT('',(3.474264749599,3.295892600633,3.980193087589)
  );
#385 = CARTESIAN_POINT('',(3.561436291719,3.181763440072,3.971123206261)
  );
#386 = CARTESIAN_POINT('',(3.614652089222,3.095454872713,3.964751394268)
  );
#387 = CARTESIAN_POINT('',(3.659021185642,3.0040932671,3.958380105798));
#388 = CARTESIAN_POINT('',(3.693948805018,2.908903825594,3.952008291141)
  );
#389 = CARTESIAN_POINT('',(3.734920804406,2.749720860361,3.94162711414)
  );
#390 = CARTESIAN_POINT('',(3.746873173546,2.687243693195,3.937617626321)
  );
#391 = CARTESIAN_POINT('',(3.754869623103,2.624096539163,3.933608056429)
  );
#392 = CARTESIAN_POINT('',(3.758868,2.560611788164,3.929598548647));
#393 = CARTESIAN_POINT('',(3.758868,2.497127,3.925589424348));
#394 = CYLINDRICAL_SURFACE('',#395,1.26);
#395 = AXIS2_PLACEMENT_3D('',#396,#397,#398);
#396 = CARTESIAN_POINT('',(2.498868,2.497127,4.));
#397 = DIRECTION('',(-0.,-0.,-1.));
#398 = DIRECTION('',(1.,0.,0.));
#399 = ADVANCED_FACE('',(#400),#435,.F.);
#400 = FACE_BOUND('',#401,.F.);
#401 = EDGE_LOOP('',(#402,#428,#429,#430));
#402 = ORIENTED_EDGE('',*,*,#403,.F.);
#403 = EDGE_CURVE('',#163,#404,#406,.T.);
#404 = VERTEX_POINT('',#405);
#405 = CARTESIAN_POINT('',(4.008869073536,2.497127002025,3.781249961828)
  );
#406 = B_SPLINE_CURVE_WITH_KNOTS('',11,(#407,#408,#409,#410,#411,#412,
    #413,#414,#415,#416,#417,#418,#419,#420,#421,#422,#423,#424,#425,
    #426,#427),.UNSPECIFIED.,.F.,.F.,(12,9,12),(0.,3.151524139379,
    6.303048278758),.UNSPECIFIED.);
#407 = CARTESIAN_POINT('',(4.008868,2.497127,4.28125));
#408 = CARTESIAN_POINT('',(4.008868672551,2.065872470745,4.25852270336)
  );
#409 = CARTESIAN_POINT('',(3.873421017209,1.634619863729,4.23579522234)
  );
#410 = CARTESIAN_POINT('',(3.602352850185,1.250637654842,4.213068554379)
  );
#411 = CARTESIAN_POINT('',(3.214573578059,0.961308841975,4.190340810911)
  );
#412 = CARTESIAN_POINT('',(2.74691298171,0.805405144687,4.167613326014)
  );
#413 = CARTESIAN_POINT('',(2.250832763277,0.805458811248,4.144886540178)
  );
#414 = CARTESIAN_POINT('',(1.78319025513,0.961268572322,4.122159052665)
  );
#415 = CARTESIAN_POINT('',(1.395310412575,1.250655436616,4.099431811251)
  );
#416 = CARTESIAN_POINT('',(1.124349598484,1.63461721328,4.076704519848)
  );
#417 = CARTESIAN_POINT('',(0.853388370468,2.497127036055,4.031249980914)
  );
#418 = CARTESIAN_POINT('',(1.124349972872,3.359636741215,3.985795441981)
  );
#419 = CARTESIAN_POINT('',(1.395311658847,3.743598512996,3.963068164516)
  );
#420 = CARTESIAN_POINT('',(1.783181823198,4.032981981593,3.940340854395)
  );
#421 = CARTESIAN_POINT('',(2.250843089367,4.188817288223,3.917613519486)
  );
#422 = CARTESIAN_POINT('',(2.746914380853,4.188807752277,3.894886537924)
  );
#423 = CARTESIAN_POINT('',(3.214553705043,4.032974761195,3.872159205796)
  );
#424 = CARTESIAN_POINT('',(3.602378605239,3.743609788114,3.849431393436)
  );
#425 = CARTESIAN_POINT('',(3.873409124395,3.359633715629,3.826704739509)
  );
#426 = CARTESIAN_POINT('',(4.008868400407,2.92838153128,3.803977258471)
  );
#427 = CARTESIAN_POINT('',(4.008869073536,2.497127002025,3.781249961828)
  );
#428 = ORIENTED_EDGE('',*,*,#181,.F.);
#429 = ORIENTED_EDGE('',*,*,#374,.T.);
#430 = ORIENTED_EDGE('',*,*,#431,.F.);
#431 = EDGE_CURVE('',#404,#366,#432,.T.);
#432 = B_SPLINE_CURVE_WITH_KNOTS('',1,(#433,#434),.UNSPECIFIED.,.F.,.F.,
  (2,2),(0.,0.4355),.PIECEWISE_BEZIER_KNOTS.);
#433 = CARTESIAN_POINT('',(4.008869073536,2.497127002025,3.781249961828)
  );
#434 = CARTESIAN_POINT('',(3.631715841346,2.497126925652,3.99900140143)
  );
#435 = B_SPLINE_SURFACE_WITH_KNOTS('',1,9,(
    (#436,#437,#438,#439,#440,#441,#442,#443,#444,#445,#446,#447,#448
      ,#449,#450,#451,#452,#453,#454,#455,#456,#457,#458,#459,#460,#461
      ,#462,#463,#464,#465,#466)
    ,(#467,#468,#469,#470,#471,#472,#473,#474,#475,#476,#477,#478,#479
      ,#480,#481,#482,#483,#484,#485,#486,#487,#488,#489,#490,#491,#492
      ,#493,#494,#495,#496,#497
    )),.UNSPECIFIED.,.F.,.F.,.F.,(2,2),(10,7,7,7,10),(0.,0.4355),(0.,
    1.57576206969,3.151524139379,4.727286209069,6.303048278758),
  .UNSPECIFIED.);
#436 = CARTESIAN_POINT('',(4.008868,2.497127,4.28125));
#437 = CARTESIAN_POINT('',(4.008868411003,2.233582565455,4.267361096498)
  );
#438 = CARTESIAN_POINT('',(3.957135085659,1.970038865099,4.253472122572)
  );
#439 = CARTESIAN_POINT('',(3.853626640374,1.71810263431,4.239583320787)
  );
#440 = CARTESIAN_POINT('',(3.70141947526,1.489394837143,4.225694474765)
  );
#441 = CARTESIAN_POINT('',(3.506596257164,1.294569836008,4.211805563871)
  );
#442 = CARTESIAN_POINT('',(3.277888636241,1.142366911261,4.197916653029)
  );
#443 = CARTESIAN_POINT('',(3.025958645506,1.038873420838,4.184027748949)
  );
#444 = CARTESIAN_POINT('',(2.498870791812,0.935379232365,4.156249963792)
  );
#445 = CARTESIAN_POINT('',(1.971778759955,1.038873117257,4.128472204355)
  );
#446 = CARTESIAN_POINT('',(1.719844272923,1.142366922096,4.11458332696)
  );
#447 = CARTESIAN_POINT('',(1.491133343247,1.294568364282,4.100694438832)
  );
#448 = CARTESIAN_POINT('',(1.296306912144,1.489395242095,4.086805540988)
  );
#449 = CARTESIAN_POINT('',(1.144107104715,1.718105095087,4.072916644119)
  );
#450 = CARTESIAN_POINT('',(1.040615067276,1.970037695218,4.059027754707)
  );
#451 = CARTESIAN_POINT('',(0.937122974474,2.497127017882,4.031249980914)
  );
#452 = CARTESIAN_POINT('',(1.040615296069,3.024216295623,4.003472207122)
  );
#453 = CARTESIAN_POINT('',(1.144107331685,3.276148824621,3.98958331771)
  );
#454 = CARTESIAN_POINT('',(1.296306590459,3.504858794938,3.975694420841)
  );
#455 = CARTESIAN_POINT('',(1.491132750572,3.699686131499,3.961805522996)
  );
#456 = CARTESIAN_POINT('',(1.719843988078,3.851887749533,3.947916634868)
  );
#457 = CARTESIAN_POINT('',(1.971778709797,3.955380923479,3.934027757474)
  );
#458 = CARTESIAN_POINT('',(2.498870800769,4.058873825189,3.906249998036)
  );
#459 = CARTESIAN_POINT('',(3.025958595347,3.955380017751,3.878472212879)
  );
#460 = CARTESIAN_POINT('',(3.277889288399,3.851886684079,3.864583308805)
  );
#461 = CARTESIAN_POINT('',(3.506595109407,3.699687165429,3.850694397941)
  );
#462 = CARTESIAN_POINT('',(3.701423549368,3.50486022701,3.836805487088)
  );
#463 = CARTESIAN_POINT('',(3.853626776011,3.276149787725,3.822916641019)
  );
#464 = CARTESIAN_POINT('',(3.95713059,3.024214975491,3.809027839265));
#465 = CARTESIAN_POINT('',(4.00886866218,2.76067143657,3.795138865332));
#466 = CARTESIAN_POINT('',(4.008869073536,2.497127002025,3.781249961828)
  );
#467 = CARTESIAN_POINT('',(3.631713936652,2.497127,4.499));
#468 = CARTESIAN_POINT('',(3.631714665863,2.299394107469,4.48511164765)
  );
#469 = CARTESIAN_POINT('',(3.592902458907,2.101701077479,4.471225880879)
  );
#470 = CARTESIAN_POINT('',(3.515256591267,1.912687314661,4.457333793713)
  );
#471 = CARTESIAN_POINT('',(3.401057675049,1.741094466739,4.443443331288)
  );
#472 = CARTESIAN_POINT('',(3.254889286852,1.594930985984,4.42955525043)
  );
#473 = CARTESIAN_POINT('',(3.083311680338,1.480747023429,4.415667167285)
  );
#474 = CARTESIAN_POINT('',(2.894306800164,1.403101943979,4.401778836177)
  );
#475 = CARTESIAN_POINT('',(2.498870849911,1.325457326068,4.374001329318)
  );
#476 = CARTESIAN_POINT('',(2.103429414806,1.403102066563,4.346222878204)
  );
#477 = CARTESIAN_POINT('',(1.914419641591,1.480746873996,4.332333567321)
  );
#478 = CARTESIAN_POINT('',(1.742835141276,1.594933397391,4.318444650505)
  );
#479 = CARTESIAN_POINT('',(1.596672128621,1.74109675588,4.304556090413)
  );
#480 = CARTESIAN_POINT('',(1.482487397527,1.912679609385,4.290667494492)
  );
#481 = CARTESIAN_POINT('',(1.404844142942,2.101687243537,4.276778624799)
  );
#482 = CARTESIAN_POINT('',(1.327201092176,2.497127072033,4.249000700716)
  );
#483 = CARTESIAN_POINT('',(1.404844576078,2.892566815485,4.221222776632)
  );
#484 = CARTESIAN_POINT('',(1.482487840434,3.081574318089,4.20733390694)
  );
#485 = CARTESIAN_POINT('',(1.596671609895,3.253157371897,4.193445311019)
  );
#486 = CARTESIAN_POINT('',(1.74283415181,3.399321534253,4.179556750926)
  );
#487 = CARTESIAN_POINT('',(1.914419206138,3.513508357834,4.16566783411)
  );
#488 = CARTESIAN_POINT('',(2.103429401085,3.591152032917,4.151778523228)
  );
#489 = CARTESIAN_POINT('',(2.498870946415,3.668795001821,4.124000072113)
  );
#490 = CARTESIAN_POINT('',(2.894306786442,3.591151032746,4.096222565254)
  );
#491 = CARTESIAN_POINT('',(3.083311558371,3.513508464265,4.082334234109)
  );
#492 = CARTESIAN_POINT('',(3.254890781328,3.399322512147,4.068446151094)
  );
#493 = CARTESIAN_POINT('',(3.401061486663,3.253167134313,4.054558070068)
  );
#494 = CARTESIAN_POINT('',(3.515258221099,3.081561569885,4.040667607725)
  );
#495 = CARTESIAN_POINT('',(3.592894509806,2.89255256442,4.026775520568)
  );
#496 = CARTESIAN_POINT('',(3.631715125107,2.694859818183,4.012889753783)
  );
#497 = CARTESIAN_POINT('',(3.631715841346,2.497126925652,3.99900140143)
  );
#498 = ADVANCED_FACE('',(#499),#540,.F.);
#499 = FACE_BOUND('',#500,.F.);
#500 = EDGE_LOOP('',(#501,#533,#534,#535));
#501 = ORIENTED_EDGE('',*,*,#502,.F.);
#502 = EDGE_CURVE('',#131,#503,#505,.T.);
#503 = VERTEX_POINT('',#504);
#504 = CARTESIAN_POINT('',(4.008868834973,2.497127002025,3.718749961828)
  );
#505 = B_SPLINE_CURVE_WITH_KNOTS('',8,(#506,#507,#508,#509,#510,#511,
    #512,#513,#514,#515,#516,#517,#518,#519,#520,#521,#522,#523,#524,
    #525,#526,#527,#528,#529,#530,#531,#532),.UNSPECIFIED.,.F.,.F.,(9,6,
    6,6,9),(0.,1.57576206969,3.151524139379,4.727286209069,
    6.303048278758),.UNSPECIFIED.);
#506 = CARTESIAN_POINT('',(4.008868,2.497127,4.21875));
#507 = CARTESIAN_POINT('',(4.008868359628,2.200639534553,4.20312498356)
  );
#508 = CARTESIAN_POINT('',(3.942353359994,1.904153036131,4.187499876576)
  );
#509 = CARTESIAN_POINT('',(3.809263253106,1.625077817041,4.171875042895)
  );
#510 = CARTESIAN_POINT('',(3.615144756779,1.380848297502,4.156250020261)
  );
#511 = CARTESIAN_POINT('',(3.370910592378,1.186721330983,4.140624993382)
  );
#512 = CARTESIAN_POINT('',(3.091844536774,1.053658472043,4.124999972324)
  );
#513 = CARTESIAN_POINT('',(2.498871092421,0.920594610062,4.093749961955)
  );
#514 = CARTESIAN_POINT('',(1.905892259213,1.053658055069,4.062499984655)
  );
#515 = CARTESIAN_POINT('',(1.626820324914,1.186721404025,4.046874998113)
  );
#516 = CARTESIAN_POINT('',(1.382583782991,1.380846004054,4.031249991407)
  );
#517 = CARTESIAN_POINT('',(1.188460957244,1.625081959096,4.015624977963)
  );
#518 = CARTESIAN_POINT('',(1.055399796719,1.904151577841,3.999999976431)
  );
#519 = CARTESIAN_POINT('',(0.922338497983,2.497127016169,3.968749980915)
  );
#520 = CARTESIAN_POINT('',(1.055399996735,3.090102409614,3.937499985398)
  );
#521 = CARTESIAN_POINT('',(1.188461121686,3.369171952897,3.921874983866)
  );
#522 = CARTESIAN_POINT('',(1.382583200537,3.613408117552,3.906249970421)
  );
#523 = CARTESIAN_POINT('',(1.626820014994,3.80753331091,3.890624963716)
  );
#524 = CARTESIAN_POINT('',(1.905892213203,3.940596081498,3.874999977174)
  );
#525 = CARTESIAN_POINT('',(2.498871105486,4.073658581134,3.843749999873)
  );
#526 = CARTESIAN_POINT('',(3.091844490764,3.940595138,3.812499989505));
#527 = CARTESIAN_POINT('',(3.370910603637,3.807532588472,3.796874968441)
  );
#528 = CARTESIAN_POINT('',(3.615145522411,3.61340936397,3.781249941584)
  );
#529 = CARTESIAN_POINT('',(3.809266447396,3.369174226089,3.765624918915)
  );
#530 = CARTESIAN_POINT('',(3.942348831185,3.090100804439,3.750000085261)
  );
#531 = CARTESIAN_POINT('',(4.008868474947,2.793614467472,3.73437497827)
  );
#532 = CARTESIAN_POINT('',(4.008868834973,2.497127002025,3.718749961828)
  );
#533 = ORIENTED_EDGE('',*,*,#162,.F.);
#534 = ORIENTED_EDGE('',*,*,#403,.T.);
#535 = ORIENTED_EDGE('',*,*,#536,.F.);
#536 = EDGE_CURVE('',#503,#404,#537,.T.);
#537 = B_SPLINE_CURVE_WITH_KNOTS('',1,(#538,#539),.UNSPECIFIED.,.F.,.F.,
  (2,2),(0.,6.25E-02),.PIECEWISE_BEZIER_KNOTS.);
#538 = CARTESIAN_POINT('',(4.008868834973,2.497127002025,3.718749961828)
  );
#539 = CARTESIAN_POINT('',(4.008869073536,2.497127002025,3.781249961828)
  );
#540 = B_SPLINE_SURFACE_WITH_KNOTS('',1,11,(
    (#541,#542,#543,#544,#545,#546,#547,#548,#549,#550,#551,#552,#553
      ,#554,#555,#556,#557,#558,#559,#560,#561)
    ,(#562,#563,#564,#565,#566,#567,#568,#569,#570,#571,#572,#573,#574
      ,#575,#576,#577,#578,#579,#580,#581,#582
  )),.UNSPECIFIED.,.F.,.F.,.F.,(2,2),(12,9,12),(0.,6.25E-02),(0.,
    3.151524139379,6.303048278758),.UNSPECIFIED.);
#541 = CARTESIAN_POINT('',(4.008868,2.497127,4.21875));
#542 = CARTESIAN_POINT('',(4.008868523095,2.065872504804,4.19602270336)
  );
#543 = CARTESIAN_POINT('',(3.87341958733,1.634619978823,4.17329522234));
#544 = CARTESIAN_POINT('',(3.602355571499,1.250638685069,4.150568554384)
  );
#545 = CARTESIAN_POINT('',(3.214571523355,0.961304876461,4.127840810892)
  );
#546 = CARTESIAN_POINT('',(2.746912743305,0.805411269842,4.105113326042)
  );
#547 = CARTESIAN_POINT('',(2.250834305008,0.805455064868,4.082386540157)
  );
#548 = CARTESIAN_POINT('',(1.783189165261,0.961269874146,4.059659052673)
  );
#549 = CARTESIAN_POINT('',(1.395310691803,1.250655337463,4.03693181125)
  );
#550 = CARTESIAN_POINT('',(1.124349748791,1.634617286264,4.014204519848)
  );
#551 = CARTESIAN_POINT('',(0.853388500452,2.497127027798,3.968749980915)
  );
#552 = CARTESIAN_POINT('',(1.124350039725,3.359636677934,3.923295441981)
  );
#553 = CARTESIAN_POINT('',(1.395311555812,3.743598906218,3.900568164517)
  );
#554 = CARTESIAN_POINT('',(1.783183018906,4.032980332779,3.87784085439)
  );
#555 = CARTESIAN_POINT('',(2.250841599707,4.188818110273,3.855113519493)
  );
#556 = CARTESIAN_POINT('',(2.746914567223,4.188808774466,3.832386537923)
  );
#557 = CARTESIAN_POINT('',(3.214555653835,4.032973261013,3.809659205787)
  );
#558 = CARTESIAN_POINT('',(3.602375707777,3.743609932136,3.786931393448)
  );
#559 = CARTESIAN_POINT('',(3.873410337107,3.35963369442,3.764204739505)
  );
#560 = CARTESIAN_POINT('',(4.008868311299,2.928381497221,3.74147725847)
  );
#561 = CARTESIAN_POINT('',(4.008868834973,2.497127002025,3.718749961828)
  );
#562 = CARTESIAN_POINT('',(4.008868,2.497127,4.28125));
#563 = CARTESIAN_POINT('',(4.008868672551,2.065872470745,4.25852270336)
  );
#564 = CARTESIAN_POINT('',(3.873421017209,1.634619863729,4.23579522234)
  );
#565 = CARTESIAN_POINT('',(3.602352850185,1.250637654842,4.213068554379)
  );
#566 = CARTESIAN_POINT('',(3.214573578059,0.961308841975,4.190340810911)
  );
#567 = CARTESIAN_POINT('',(2.74691298171,0.805405144687,4.167613326014)
  );
#568 = CARTESIAN_POINT('',(2.250832763277,0.805458811248,4.144886540178)
  );
#569 = CARTESIAN_POINT('',(1.78319025513,0.961268572322,4.122159052665)
  );
#570 = CARTESIAN_POINT('',(1.395310412575,1.250655436616,4.099431811251)
  );
#571 = CARTESIAN_POINT('',(1.124349598484,1.63461721328,4.076704519848)
  );
#572 = CARTESIAN_POINT('',(0.853388370468,2.497127036055,4.031249980914)
  );
#573 = CARTESIAN_POINT('',(1.124349972872,3.359636741215,3.985795441981)
  );
#574 = CARTESIAN_POINT('',(1.395311658847,3.743598512996,3.963068164516)
  );
#575 = CARTESIAN_POINT('',(1.783181823198,4.032981981593,3.940340854395)
  );
#576 = CARTESIAN_POINT('',(2.250843089367,4.188817288223,3.917613519486)
  );
#577 = CARTESIAN_POINT('',(2.746914380853,4.188807752277,3.894886537924)
  );
#578 = CARTESIAN_POINT('',(3.214553705043,4.032974761195,3.872159205796)
  );
#579 = CARTESIAN_POINT('',(3.602378605239,3.743609788114,3.849431393436)
  );
#580 = CARTESIAN_POINT('',(3.873409124395,3.359633715629,3.826704739509)
  );
#581 = CARTESIAN_POINT('',(4.008868400407,2.92838153128,3.803977258471)
  );
#582 = CARTESIAN_POINT('',(4.008869073536,2.497127002025,3.781249961828)
  );
#583 = ADVANCED_FACE('',(#584),#660,.F.);
#584 = FACE_BOUND('',#585,.F.);
#585 = EDGE_LOOP('',(#586,#653,#654,#655));
#586 = ORIENTED_EDGE('',*,*,#587,.F.);
#587 = EDGE_CURVE('',#122,#588,#590,.T.);
#588 = VERTEX_POINT('',#589);
#589 = CARTESIAN_POINT('',(3.758868,2.4971269757,3.5744131848));
#590 = B_SPLINE_CURVE_WITH_KNOTS('',7,(#591,#592,#593,#594,#595,#596,
    #597,#598,#599,#600,#601,#602,#603,#604,#605,#606,#607,#608,#609,
    #610,#611,#612,#613,#614,#615,#616,#617,#618,#619,#620,#621,#622,
    #623,#624,#625,#626,#627,#628,#629,#630,#631,#632,#633,#634,#635,
    #636,#637,#638,#639,#640,#641,#642,#643,#644,#645,#646,#647,#648,
    #649,#650,#651,#652),.UNSPECIFIED.,.F.,.F.,(8,6,6,6,6,6,6,6,6,6,8),(
    0.,8.710682413202E-02,0.145715374785,0.267365898738,0.414501409115,
    0.561894027775,0.690579346533,0.747618298544,0.845125149858,
    0.94843338023,1.),.UNSPECIFIED.);
#591 = CARTESIAN_POINT('',(3.247443963312,1.483601456587,4.000036931273)
  );
#592 = CARTESIAN_POINT('',(3.179991004832,1.43378163339,3.994740773078)
  );
#593 = CARTESIAN_POINT('',(3.108666914181,1.389197434627,3.989444361581)
  );
#594 = CARTESIAN_POINT('',(3.033964624772,1.350212687703,3.984148122212)
  );
#595 = CARTESIAN_POINT('',(2.956413573718,1.31713001735,3.978852016158)
  );
#596 = CARTESIAN_POINT('',(2.876573839205,1.290188343845,3.973555840286)
  );
#597 = CARTESIAN_POINT('',(2.79503027786,1.269560381247,3.968259527064)
  );
#598 = CARTESIAN_POINT('',(2.656781115846,1.245788979992,3.959400052902)
  );
#599 = CARTESIAN_POINT('',(2.600675563217,1.239132720661,3.95583663509)
  );
#600 = CARTESIAN_POINT('',(2.544252954,1.23541280238,3.952273244265));
#601 = CARTESIAN_POINT('',(2.48769773276,1.234646210921,3.948709864736)
  );
#602 = CARTESIAN_POINT('',(2.431194975034,1.236835460131,3.945146458347)
  );
#603 = CARTESIAN_POINT('',(2.37492952352,1.241968578986,3.941583010907)
  );
#604 = CARTESIAN_POINT('',(2.203171996343,1.266729116652,3.930623159519)
  );
#605 = CARTESIAN_POINT('',(2.089051738108,1.296011191192,3.923225481226)
  );
#606 = CARTESIAN_POINT('',(1.978395862899,1.337631356116,3.915828610458)
  );
#607 = CARTESIAN_POINT('',(1.872791233921,1.391075814104,3.908432261753)
  );
#608 = CARTESIAN_POINT('',(1.77372320539,1.455592808876,3.901035388847)
  );
#609 = CARTESIAN_POINT('',(1.682545410435,1.530207951564,3.893637744104)
  );
#610 = CARTESIAN_POINT('',(1.501125639454,1.714711810914,3.87729558359)
  );
#611 = CARTESIAN_POINT('',(1.415027046358,1.828770451641,3.868346835599)
  );
#612 = CARTESIAN_POINT('',(1.344268677533,1.953757059633,3.859400779126)
  );
#613 = CARTESIAN_POINT('',(1.290447795399,2.087162111842,3.850455864194)
  );
#614 = CARTESIAN_POINT('',(1.254664425219,2.226259287344,3.841509793888)
  );
#615 = CARTESIAN_POINT('',(1.23751000701,2.368133047968,3.832561024195)
  );
#616 = CARTESIAN_POINT('',(1.240355368395,2.651657133516,3.814653651823)
  );
#617 = CARTESIAN_POINT('',(1.260421114838,2.793405285208,3.805688828027)
  );
#618 = CARTESIAN_POINT('',(1.299121381219,2.931987149551,3.796726337002)
  );
#619 = CARTESIAN_POINT('',(1.355801655837,3.064484486619,3.787764844517)
  );
#620 = CARTESIAN_POINT('',(1.429299496478,3.188180230764,3.778802424811)
  );
#621 = CARTESIAN_POINT('',(1.517956472367,3.30058583807,3.769837688421)
  );
#622 = CARTESIAN_POINT('',(1.708319124925,3.486055501285,3.753052158991)
  );
#623 = CARTESIAN_POINT('',(1.806985838036,3.56234615068,3.745226635028)
  );
#624 = CARTESIAN_POINT('',(1.914159556432,3.627071763649,3.737402368707)
  );
#625 = CARTESIAN_POINT('',(2.0282000709,3.679129913275,3.729578823094));
#626 = CARTESIAN_POINT('',(2.147313019191,3.717701444504,3.721754434811)
  );
#627 = CARTESIAN_POINT('',(2.269590865413,3.742269223246,3.713928774871)
  );
#628 = CARTESIAN_POINT('',(2.447753370597,3.757286701668,3.702636643778)
  );
#629 = CARTESIAN_POINT('',(2.502704888416,3.759116857577,3.699168609039)
  );
#630 = CARTESIAN_POINT('',(2.557720832526,3.758150704553,3.695700591149)
  );
#631 = CARTESIAN_POINT('',(2.612630487457,3.754386928832,3.69223259245)
  );
#632 = CARTESIAN_POINT('',(2.667263654321,3.747837201978,3.688764596617)
  );
#633 = CARTESIAN_POINT('',(2.721451401823,3.738526127653,3.685296601654)
  );
#634 = CARTESIAN_POINT('',(2.866612827974,3.70591772069,3.675900269666)
  );
#635 = CARTESIAN_POINT('',(2.956416853659,3.677382643066,3.669971550788)
  );
#636 = CARTESIAN_POINT('',(3.043597109268,3.641073134077,3.664043189702)
  );
#637 = CARTESIAN_POINT('',(3.127350917208,3.597286904886,3.658115092312)
  );
#638 = CARTESIAN_POINT('',(3.206920746519,3.546419961314,3.652186833554)
  );
#639 = CARTESIAN_POINT('',(3.281603988902,3.4889615083,3.646258196791));
#640 = CARTESIAN_POINT('',(3.424043924444,3.358254468518,3.634048672388)
  );
#641 = CARTESIAN_POINT('',(3.491135649196,3.284259234983,3.627766837106)
  );
#642 = CARTESIAN_POINT('',(3.551282849502,3.204202961619,3.621485152701)
  );
#643 = CARTESIAN_POINT('',(3.603840169922,3.118874418713,3.615203371433)
  );
#644 = CARTESIAN_POINT('',(3.648274041659,3.02913999351,3.608921217836)
  );
#645 = CARTESIAN_POINT('',(3.684170493505,2.935930931975,3.602639021103)
  );
#646 = CARTESIAN_POINT('',(3.724770458621,2.79247004639,3.593222655202)
  );
#647 = CARTESIAN_POINT('',(3.736092965023,2.744082185443,3.590087531121)
  );
#648 = CARTESIAN_POINT('',(3.74518556664,2.695194247353,3.586952568536)
  );
#649 = CARTESIAN_POINT('',(3.752022387705,2.645929590934,3.583817766438)
  );
#650 = CARTESIAN_POINT('',(3.756586105734,2.596412962268,3.580683057545)
  );
#651 = CARTESIAN_POINT('',(3.758868,2.54677004323,3.577548286469));
#652 = CARTESIAN_POINT('',(3.758868,2.497127,3.574413187869));
#653 = ORIENTED_EDGE('',*,*,#130,.F.);
#654 = ORIENTED_EDGE('',*,*,#502,.T.);
#655 = ORIENTED_EDGE('',*,*,#656,.F.);
#656 = EDGE_CURVE('',#588,#503,#657,.T.);
#657 = B_SPLINE_CURVE_WITH_KNOTS('',1,(#658,#659),.UNSPECIFIED.,.F.,.F.,
  (2,2),(0.,0.4355),.PIECEWISE_BEZIER_KNOTS.);
#658 = CARTESIAN_POINT('',(3.631713940472,2.497126925652,3.501001401434)
  );
#659 = CARTESIAN_POINT('',(4.008868834973,2.497127002025,3.718749961828)
  );
#660 = B_SPLINE_SURFACE_WITH_KNOTS('',1,8,(
    (#661,#662,#663,#664,#665,#666,#667,#668,#669,#670,#671,#672,#673
      ,#674,#675,#676,#677,#678,#679,#680,#681,#682,#683,#684,#685,#686
      ,#687)
    ,(#688,#689,#690,#691,#692,#693,#694,#695,#696,#697,#698,#699,#700
      ,#701,#702,#703,#704,#705,#706,#707,#708,#709,#710,#711,#712,#713
      ,#714
    )),.UNSPECIFIED.,.F.,.F.,.F.,(2,2),(9,6,6,6,9),(0.,0.4355),(0.,
    1.57576206969,3.151524139379,4.727286209069,6.303048278758),
  .UNSPECIFIED.);
#661 = CARTESIAN_POINT('',(3.631713936652,2.497127,4.001));
#662 = CARTESIAN_POINT('',(3.631713938296,2.27467768248,3.985375603606)
  );
#663 = CARTESIAN_POINT('',(3.581807168123,2.052279800607,3.969754531529)
  );
#664 = CARTESIAN_POINT('',(3.481981084046,1.842894128547,3.954123424823)
  );
#665 = CARTESIAN_POINT('',(3.336321368489,1.659653496497,3.938499256452)
  );
#666 = CARTESIAN_POINT('',(3.153098863947,1.514024436296,3.922875242881)
  );
#667 = CARTESIAN_POINT('',(2.943735821567,1.414195386695,3.907251016106)
  );
#668 = CARTESIAN_POINT('',(2.498871258965,1.314367142002,3.876001396768)
  );
#669 = CARTESIAN_POINT('',(2.05399950951,1.414194923457,3.844750563384)
  );
#670 = CARTESIAN_POINT('',(1.844630067271,1.514023235045,3.82912506929)
  );
#671 = CARTESIAN_POINT('',(1.661399400294,1.659662097505,3.813500315478)
  );
#672 = CARTESIAN_POINT('',(1.515764104013,1.84289142903,3.797875809084)
  );
#673 = CARTESIAN_POINT('',(1.415937148348,2.052257649522,3.782250865311)
  );
#674 = CARTESIAN_POINT('',(1.316110189155,2.497127038891,3.751000700717)
  );
#675 = CARTESIAN_POINT('',(1.415937178463,2.941996421502,3.719750536122)
  );
#676 = CARTESIAN_POINT('',(1.515764147707,3.151362635097,3.70412559235)
  );
#677 = CARTESIAN_POINT('',(1.661399452599,3.334591958021,3.688501085956)
  );
#678 = CARTESIAN_POINT('',(1.844630130382,3.480230811167,3.672876332144)
  );
#679 = CARTESIAN_POINT('',(2.053999580381,3.580059106368,3.657250838049)
  );
#680 = CARTESIAN_POINT('',(2.498871336659,3.679886854298,3.626000004666)
  );
#681 = CARTESIAN_POINT('',(2.943735892437,3.580058582321,3.594750385328)
  );
#682 = CARTESIAN_POINT('',(3.153098928528,3.480229520394,3.579126158553)
  );
#683 = CARTESIAN_POINT('',(3.336321426959,3.334600465282,3.563502144981)
  );
#684 = CARTESIAN_POINT('',(3.481981141602,3.151359797976,3.547877976611)
  );
#685 = CARTESIAN_POINT('',(3.58180717661,2.941974127581,3.532246869904)
  );
#686 = CARTESIAN_POINT('',(3.63171395342,2.719576243172,3.516625797828)
  );
#687 = CARTESIAN_POINT('',(3.631713940472,2.497126925652,3.501001401434)
  );
#688 = CARTESIAN_POINT('',(4.008868,2.497127,4.21875));
#689 = CARTESIAN_POINT('',(4.008868359628,2.200639534553,4.20312498356)
  );
#690 = CARTESIAN_POINT('',(3.942353359994,1.904153036131,4.187499876576)
  );
#691 = CARTESIAN_POINT('',(3.809263253106,1.625077817041,4.171875042895)
  );
#692 = CARTESIAN_POINT('',(3.615144756779,1.380848297502,4.156250020261)
  );
#693 = CARTESIAN_POINT('',(3.370910592378,1.186721330983,4.140624993382)
  );
#694 = CARTESIAN_POINT('',(3.091844536774,1.053658472043,4.124999972324)
  );
#695 = CARTESIAN_POINT('',(2.498871092421,0.920594610062,4.093749961955)
  );
#696 = CARTESIAN_POINT('',(1.905892259213,1.053658055069,4.062499984655)
  );
#697 = CARTESIAN_POINT('',(1.626820324914,1.186721404025,4.046874998113)
  );
#698 = CARTESIAN_POINT('',(1.382583782991,1.380846004054,4.031249991407)
  );
#699 = CARTESIAN_POINT('',(1.188460957244,1.625081959096,4.015624977963)
  );
#700 = CARTESIAN_POINT('',(1.055399796719,1.904151577841,3.999999976431)
  );
#701 = CARTESIAN_POINT('',(0.922338497983,2.497127016169,3.968749980915)
  );
#702 = CARTESIAN_POINT('',(1.055399996735,3.090102409614,3.937499985398)
  );
#703 = CARTESIAN_POINT('',(1.188461121686,3.369171952897,3.921874983866)
  );
#704 = CARTESIAN_POINT('',(1.382583200537,3.613408117552,3.906249970421)
  );
#705 = CARTESIAN_POINT('',(1.626820014994,3.80753331091,3.890624963716)
  );
#706 = CARTESIAN_POINT('',(1.905892213203,3.940596081498,3.874999977174)
  );
#707 = CARTESIAN_POINT('',(2.498871105486,4.073658581134,3.843749999873)
  );
#708 = CARTESIAN_POINT('',(3.091844490764,3.940595138,3.812499989505));
#709 = CARTESIAN_POINT('',(3.370910603637,3.807532588472,3.796874968441)
  );
#710 = CARTESIAN_POINT('',(3.615145522411,3.61340936397,3.781249941584)
  );
#711 = CARTESIAN_POINT('',(3.809266447396,3.369174226089,3.765624918915)
  );
#712 = CARTESIAN_POINT('',(3.942348831185,3.090100804439,3.750000085261)
  );
#713 = CARTESIAN_POINT('',(4.008868474947,2.793614467472,3.73437497827)
  );
#714 = CARTESIAN_POINT('',(4.008868834973,2.497127002025,3.718749961828)
  );
#715 = ADVANCED_FACE('',(#716),#818,.F.);
#716 = FACE_BOUND('',#717,.T.);
#717 = EDGE_LOOP('',(#718,#719,#720,#811,#817));
#718 = ORIENTED_EDGE('',*,*,#121,.T.);
#719 = ORIENTED_EDGE('',*,*,#365,.T.);
#720 = ORIENTED_EDGE('',*,*,#721,.T.);
#721 = EDGE_CURVE('',#366,#722,#724,.T.);
#722 = VERTEX_POINT('',#723);
#723 = CARTESIAN_POINT('',(3.758868,2.4971269514,3.425591275273));
#724 = B_SPLINE_CURVE_WITH_KNOTS('',7,(#725,#726,#727,#728,#729,#730,
    #731,#732,#733,#734,#735,#736,#737,#738,#739,#740,#741,#742,#743,
    #744,#745,#746,#747,#748,#749,#750,#751,#752,#753,#754,#755,#756,
    #757,#758,#759,#760,#761,#762,#763,#764,#765,#766,#767,#768,#769,
    #770,#771,#772,#773,#774,#775,#776,#777,#778,#779,#780,#781,#782,
    #783,#784,#785,#786,#787,#788,#789,#790,#791,#792,#793,#794,#795,
    #796,#797,#798,#799,#800,#801,#802,#803,#804,#805,#806,#807,#808,
    #809,#810),.UNSPECIFIED.,.F.,.F.,(8,6,6,6,6,6,6,6,6,6,6,6,6,6,8),(0.
    ,3.800127156426E-02,0.133477277351,0.22848649579,0.291862575049,
    0.38150217527,0.505229077419,0.552191295314,0.575192142622,
    0.63019385817,0.748369292553,0.810549623721,0.868138462167,
    0.959124798398,1.),.UNSPECIFIED.);
#725 = CARTESIAN_POINT('',(3.758868,2.4971269514,3.925589421279));
#726 = CARTESIAN_POINT('',(3.758867998342,2.454149512532,3.922875358945)
  );
#727 = CARTESIAN_POINT('',(3.757157739744,2.41117211833,3.920161616762)
  );
#728 = CARTESIAN_POINT('',(3.753737292552,2.368276831986,3.917447980248)
  );
#729 = CARTESIAN_POINT('',(3.748611553083,2.325545149647,3.914734297515)
  );
#730 = CARTESIAN_POINT('',(3.741790245619,2.283058000413,3.912020479276)
  );
#731 = CARTESIAN_POINT('',(3.733287922412,2.240895746338,3.909306498843)
  );
#732 = CARTESIAN_POINT('',(3.697587602845,2.094224708509,3.899773355335)
  );
#733 = CARTESIAN_POINT('',(3.661559190521,1.991852256655,3.892952634083)
  );
#734 = CARTESIAN_POINT('',(3.615346288229,1.893302081277,3.886131706721)
  );
#735 = CARTESIAN_POINT('',(3.559450390514,1.79977948991,3.879311228497)
  );
#736 = CARTESIAN_POINT('',(3.494540001799,1.71240343694,3.87249091269));
#737 = CARTESIAN_POINT('',(3.421439245893,1.632186946227,3.865670379944)
  );
#738 = CARTESIAN_POINT('',(3.261217396823,1.488182663947,3.852064912081)
  );
#739 = CARTESIAN_POINT('',(3.174147613314,1.424299400343,3.845278373831)
  );
#740 = CARTESIAN_POINT('',(3.080886068067,1.369230009773,3.838492579042)
  );
#741 = CARTESIAN_POINT('',(2.982510727069,1.323676393006,3.831707092081)
  );
#742 = CARTESIAN_POINT('',(2.880186762215,1.28817806191,3.82492106435));
#743 = CARTESIAN_POINT('',(2.775146738083,1.263102982701,3.818134308856)
  );
#744 = CARTESIAN_POINT('',(2.59765838509,1.238962623268,3.806821527674)
  );
#745 = CARTESIAN_POINT('',(2.525995750932,1.234016243106,3.802294691269)
  );
#746 = CARTESIAN_POINT('',(2.454068535428,1.233834341311,3.797767892568)
  );
#747 = CARTESIAN_POINT('',(2.382256767088,1.238430385604,3.793241127611)
  );
#748 = CARTESIAN_POINT('',(2.310939514983,1.247780124944,3.788714324278)
  );
#749 = CARTESIAN_POINT('',(2.240492003573,1.261821770718,3.784187471196)
  );
#750 = CARTESIAN_POINT('',(2.073392610198,1.306812822787,3.773258113621)
  );
#751 = CARTESIAN_POINT('',(1.977967473702,1.342360573638,3.766854955935)
  );
#752 = CARTESIAN_POINT('',(1.886059470332,1.386819217334,3.76045230306)
  );
#753 = CARTESIAN_POINT('',(1.798659282628,1.439759805943,3.754049972444)
  );
#754 = CARTESIAN_POINT('',(1.716688693681,1.500623958306,3.747647366252)
  );
#755 = CARTESIAN_POINT('',(1.640986636401,1.568732331088,3.741244276837)
  );
#756 = CARTESIAN_POINT('',(1.477467011945,1.746181331343,3.726004413806)
  );
#757 = CARTESIAN_POINT('',(1.39594583788,1.86139956122,3.717164082981));
#758 = CARTESIAN_POINT('',(1.329707248332,1.986817396028,3.708325910054)
  );
#759 = CARTESIAN_POINT('',(1.280218249686,2.119972327345,3.69948862183)
  );
#760 = CARTESIAN_POINT('',(1.248466270545,2.258207876934,3.690650366564)
  );
#761 = CARTESIAN_POINT('',(1.234948787301,2.398700989059,3.68180997113)
  );
#762 = CARTESIAN_POINT('',(1.241295275907,2.591634278604,3.669618371516)
  );
#763 = CARTESIAN_POINT('',(1.245651859754,2.644631094847,3.666264064767)
  );
#764 = CARTESIAN_POINT('',(1.252613798423,2.697387723765,3.662909803644)
  );
#765 = CARTESIAN_POINT('',(1.2621646349,2.749750587052,3.659555580397));
#766 = CARTESIAN_POINT('',(1.274276670276,2.801567834323,3.656201370028)
  );
#767 = CARTESIAN_POINT('',(1.288911078611,2.852689969809,3.652847161212)
  );
#768 = CARTESIAN_POINT('',(1.314396548314,2.927596537359,3.647850201855)
  );
#769 = CARTESIAN_POINT('',(1.32336821211,2.952020809542,3.646207419154)
  );
#770 = CARTESIAN_POINT('',(1.332927166071,2.976226116068,3.644564638413)
  );
#771 = CARTESIAN_POINT('',(1.343066960621,3.000195532359,3.642921858911)
  );
#772 = CARTESIAN_POINT('',(1.353780543722,3.023912388797,3.641279079903)
  );
#773 = CARTESIAN_POINT('',(1.365060260871,3.047360270723,3.63963630062)
  );
#774 = CARTESIAN_POINT('',(1.405204985791,3.125911884942,3.634065154656)
  );
#775 = CARTESIAN_POINT('',(1.436702660028,3.179671058172,3.630136731692)
  );
#776 = CARTESIAN_POINT('',(1.471277540712,3.231578845242,3.626208326534)
  );
#777 = CARTESIAN_POINT('',(1.508797931652,3.281424726456,3.622279915192)
  );
#778 = CARTESIAN_POINT('',(1.54911462591,3.329010481571,3.618351442946)
  );
#779 = CARTESIAN_POINT('',(1.592061754128,3.37415131607,3.614422892763)
  );
#780 = CARTESIAN_POINT('',(1.734994184881,3.508046677206,3.602053584122)
  );
#781 = CARTESIAN_POINT('',(1.843865039474,3.587371767668,3.59361034497)
  );
#782 = CARTESIAN_POINT('',(1.962237409959,3.652914953249,3.585168646887)
  );
#783 = CARTESIAN_POINT('',(2.088001137409,3.703363570213,3.576727976599)
  );
#784 = CARTESIAN_POINT('',(2.21885417356,3.737794123872,3.568286299496)
  );
#785 = CARTESIAN_POINT('',(2.352364045886,3.755696997644,3.559843071925)
  );
#786 = CARTESIAN_POINT('',(2.556323284086,3.757779221623,3.546960965601)
  );
#787 = CARTESIAN_POINT('',(2.626689431759,3.753918420336,3.54251961128)
  );
#788 = CARTESIAN_POINT('',(2.696743458301,3.745475329913,3.538078358854)
  );
#789 = CARTESIAN_POINT('',(2.766127650996,3.732481408329,3.533637169615)
  );
#790 = CARTESIAN_POINT('',(2.834489450046,3.715002692769,3.529195939404)
  );
#791 = CARTESIAN_POINT('',(2.901484024633,3.693139310689,3.524754630435)
  );
#792 = CARTESIAN_POINT('',(3.027248349253,3.642838993195,3.51620012296)
  );
#793 = CARTESIAN_POINT('',(3.086262235782,3.615005857324,3.512086769094)
  );
#794 = CARTESIAN_POINT('',(3.143553031646,3.583631803955,3.50797344783)
  );
#795 = CARTESIAN_POINT('',(3.198866684477,3.548846228034,3.50386014302)
  );
#796 = CARTESIAN_POINT('',(3.251962069536,3.510800755959,3.499746799836)
  );
#797 = CARTESIAN_POINT('',(3.302612492783,3.469668302776,3.495633408547)
  );
#798 = CARTESIAN_POINT('',(3.426435464415,3.356083855186,3.485021330061)
  );
#799 = CARTESIAN_POINT('',(3.495643915694,3.279293948974,3.478521971021)
  );
#800 = CARTESIAN_POINT('',(3.557390858086,3.196040078826,3.472023111998)
  );
#801 = CARTESIAN_POINT('',(3.610965629327,3.107199867891,3.46552467819)
  );
#802 = CARTESIAN_POINT('',(3.655786061437,3.01373882953,3.459026016475)
  );
#803 = CARTESIAN_POINT('',(3.691407624325,2.916695114552,3.452526766974)
  );
#804 = CARTESIAN_POINT('',(3.729286005729,2.772460342196,3.443108471076)
  );
#805 = CARTESIAN_POINT('',(3.739114078634,2.727246713457,3.440188908136)
  );
#806 = CARTESIAN_POINT('',(3.747002547848,2.681629146074,3.437269309556)
  );
#807 = CARTESIAN_POINT('',(3.752931952148,2.635707409646,3.434349691485)
  );
#808 = CARTESIAN_POINT('',(3.756889286087,2.589582081635,3.431430096711)
  );
#809 = CARTESIAN_POINT('',(3.758868,2.543354547361,3.428510594662));
#810 = CARTESIAN_POINT('',(3.758868,2.497127,3.425591281412));
#811 = ORIENTED_EDGE('',*,*,#812,.F.);
#812 = EDGE_CURVE('',#588,#722,#813,.T.);
#813 = LINE('',#814,#815);
#814 = CARTESIAN_POINT('',(3.758868,2.497127,4.));
#815 = VECTOR('',#816,1.);
#816 = DIRECTION('',(-6.765527267673E-17,0.,-1.));
#817 = ORIENTED_EDGE('',*,*,#587,.F.);
#818 = CYLINDRICAL_SURFACE('',#819,1.26);
#819 = AXIS2_PLACEMENT_3D('',#820,#821,#822);
#820 = CARTESIAN_POINT('',(2.498868,2.497127,4.));
#821 = DIRECTION('',(-0.,-0.,-1.));
#822 = DIRECTION('',(1.,0.,0.));
#823 = ADVANCED_FACE('',(#824),#943,.F.);
#824 = FACE_BOUND('',#825,.F.);
#825 = EDGE_LOOP('',(#826,#852,#859,#942));
#826 = ORIENTED_EDGE('',*,*,#827,.F.);
#827 = EDGE_CURVE('',#828,#257,#830,.T.);
#828 = VERTEX_POINT('',#829);
#829 = CARTESIAN_POINT('',(4.008876588286,2.497127016207,0.281249694507)
  );
#830 = B_SPLINE_CURVE_WITH_KNOTS('',11,(#831,#832,#833,#834,#835,#836,
    #837,#838,#839,#840,#841,#842,#843,#844,#845,#846,#847,#848,#849,
    #850,#851),.UNSPECIFIED.,.F.,.F.,(12,9,12),(0.,3.151524139379,
    6.303048278758),.UNSPECIFIED.);
#831 = CARTESIAN_POINT('',(4.008876588286,2.497127016207,0.281249694507)
  );
#832 = CARTESIAN_POINT('',(4.008877265464,2.065870034672,0.258522397847)
  );
#833 = CARTESIAN_POINT('',(3.873428844508,1.634614971585,0.235794916647)
  );
#834 = CARTESIAN_POINT('',(3.602359138497,1.250630578047,0.213068249207)
  );
#835 = CARTESIAN_POINT('',(3.214577668136,0.96130011524,0.190340505334)
  );
#836 = CARTESIAN_POINT('',(2.746914407339,0.805395523422,0.167613020256)
  );
#837 = CARTESIAN_POINT('',(2.250831372668,0.805449189209,0.144886234836)
  );
#838 = CARTESIAN_POINT('',(1.783186200639,0.961259828064,0.12215874714)
  );
#839 = CARTESIAN_POINT('',(1.395304149383,1.250648335587,
    9.943150575257E-02));
#840 = CARTESIAN_POINT('',(1.124341790006,1.634612292981,
    7.670421433335E-02));
#841 = CARTESIAN_POINT('',(0.853379011633,2.497127018394,
    3.124967540538E-02));
#842 = CARTESIAN_POINT('',(1.124342145878,3.359641632007,
    -1.420486352241E-02));
#843 = CARTESIAN_POINT('',(1.395305368489,3.743605590619,
    -3.693214099211E-02));
#844 = CARTESIAN_POINT('',(1.783177737339,4.032990709372,
    -5.965945114463E-02));
#845 = CARTESIAN_POINT('',(2.250841659587,4.188826906916,
    -8.238678610678E-02));
#846 = CARTESIAN_POINT('',(2.74691577301,4.188817376904,-0.105113767419)
  );
#847 = CARTESIAN_POINT('',(3.214557760577,4.03298350439,-0.127841099597)
  );
#848 = CARTESIAN_POINT('',(3.602384867175,3.743616888316,-0.150568912422
    ));
#849 = CARTESIAN_POINT('',(3.873416933186,3.35963863728,-0.173295565816)
  );
#850 = CARTESIAN_POINT('',(4.008876984065,2.928383999769,-0.196023047034
    ));
#851 = CARTESIAN_POINT('',(4.008877661822,2.497127018234,-0.218750343698
    ));
#852 = ORIENTED_EDGE('',*,*,#853,.T.);
#853 = EDGE_CURVE('',#828,#854,#856,.T.);
#854 = VERTEX_POINT('',#855);
#855 = CARTESIAN_POINT('',(3.758868,2.497126805596,0.425602399498));
#856 = B_SPLINE_CURVE_WITH_KNOTS('',1,(#857,#858),.UNSPECIFIED.,.F.,.F.,
  (2,2),(0.,0.4355),.PIECEWISE_BEZIER_KNOTS.);
#857 = CARTESIAN_POINT('',(4.008876588286,2.497127016207,0.281249694507)
  );
#858 = CARTESIAN_POINT('',(3.63172917436,2.497126405225,0.499011211237)
  );
#859 = ORIENTED_EDGE('',*,*,#860,.T.);
#860 = EDGE_CURVE('',#854,#255,#861,.T.);
#861 = B_SPLINE_CURVE_WITH_KNOTS('',7,(#862,#863,#864,#865,#866,#867,
    #868,#869,#870,#871,#872,#873,#874,#875,#876,#877,#878,#879,#880,
    #881,#882,#883,#884,#885,#886,#887,#888,#889,#890,#891,#892,#893,
    #894,#895,#896,#897,#898,#899,#900,#901,#902,#903,#904,#905,#906,
    #907,#908,#909,#910,#911,#912,#913,#914,#915,#916,#917,#918,#919,
    #920,#921,#922,#923,#924,#925,#926,#927,#928,#929,#930,#931,#932,
    #933,#934,#935,#936,#937,#938,#939,#940,#941),.UNSPECIFIED.,.F.,.F.,
  (8,6,6,6,6,6,6,6,6,6,6,6,6,8),(0.,3.800211777934E-02,0.109477232932,
    0.136401829795,0.228403800306,0.290322453217,0.38307805017,
    0.500080387167,0.631883255083,0.748958926852,0.869829341276,
    0.896271224096,0.959013831665,1.),.UNSPECIFIED.);
#862 = CARTESIAN_POINT('',(3.758868000001,2.497126611191,0.425602399498)
  );
#863 = CARTESIAN_POINT('',(3.758868000001,2.454149171196,0.422888329444)
  );
#864 = CARTESIAN_POINT('',(3.75715774297,2.411171775652,0.420174579585)
  );
#865 = CARTESIAN_POINT('',(3.753737297232,2.368276487755,0.41746093544)
  );
#866 = CARTESIAN_POINT('',(3.748611559078,2.325544803663,0.414747245128)
  );
#867 = CARTESIAN_POINT('',(3.741790252768,2.283057652488,0.41203341937)
  );
#868 = CARTESIAN_POINT('',(3.73328793053,2.240895396298,0.409319431489)
  );
#869 = CARTESIAN_POINT('',(3.704007404632,2.120599395279,0.40150055937)
  );
#870 = CARTESIAN_POINT('',(3.67901180593,2.043488984851,0.396395094066)
  );
#871 = CARTESIAN_POINT('',(3.648266928185,1.968339202413,0.391289335898)
  );
#872 = CARTESIAN_POINT('',(3.611960649755,1.895662690957,0.386183465239)
  );
#873 = CARTESIAN_POINT('',(3.570336617099,1.825947309312,0.381077563177)
  );
#874 = CARTESIAN_POINT('',(3.523691886238,1.759651308575,0.375971746262)
  );
#875 = CARTESIAN_POINT('',(3.453043385745,1.673672607797,0.368943085763)
  );
#876 = CARTESIAN_POINT('',(3.43304889355,1.650691696426,0.367019898933)
  );
#877 = CARTESIAN_POINT('',(3.412409586936,1.628278280782,0.36509674182)
  );
#878 = CARTESIAN_POINT('',(3.391144845035,1.606454009594,0.363173614376)
  );
#879 = CARTESIAN_POINT('',(3.369274926804,1.585239673952,0.361250515447)
  );
#880 = CARTESIAN_POINT('',(3.346820971025,1.564655207312,0.359327442776)
  );
#881 = CARTESIAN_POINT('',(3.245158878129,1.476599546134,0.350833287424)
  );
#882 = CARTESIAN_POINT('',(3.159942159412,1.416049218022,0.344261785629)
  );
#883 = CARTESIAN_POINT('',(3.069043141665,1.363842618781,0.337690907037)
  );
#884 = CARTESIAN_POINT('',(2.973448383579,1.320603883191,0.331120278144)
  );
#885 = CARTESIAN_POINT('',(2.87421969785,1.286813258402,0.324549177311)
  );
#886 = CARTESIAN_POINT('',(2.77247724665,1.262799469214,0.317977445659)
  );
#887 = CARTESIAN_POINT('',(2.600008681246,1.239241894045,0.306983764098)
  );
#888 = CARTESIAN_POINT('',(2.530012728328,1.23426355315,0.302561123172)
  );
#889 = CARTESIAN_POINT('',(2.459753327158,1.23383162098,0.298138513626)
  );
#890 = CARTESIAN_POINT('',(2.389584765463,1.237959673472,0.293715932847)
  );
#891 = CARTESIAN_POINT('',(2.319860602553,1.246626919869,0.289293317782)
  );
#892 = CARTESIAN_POINT('',(2.250931103363,1.25977835034,0.284870659451)
  );
#893 = CARTESIAN_POINT('',(2.08158901419,1.30361000268,0.273823045625));
#894 = CARTESIAN_POINT('',(1.982579630958,1.339761454363,0.267197345995)
  );
#895 = CARTESIAN_POINT('',(1.887282577239,1.385480137265,0.260572240052)
  );
#896 = CARTESIAN_POINT('',(1.796797987798,1.44029537022,0.253947513869)
  );
#897 = CARTESIAN_POINT('',(1.712147482033,1.503588224014,0.247322461646)
  );
#898 = CARTESIAN_POINT('',(1.634257584942,1.57460158747,0.240696840267)
  );
#899 = CARTESIAN_POINT('',(1.475230140193,1.750618874971,0.225715022629)
  );
#900 = CARTESIAN_POINT('',(1.398530523716,1.859695159758,0.217355916488)
  );
#901 = CARTESIAN_POINT('',(1.335488656082,1.977857838891,0.208998279944)
  );
#902 = CARTESIAN_POINT('',(1.287345386229,2.103039589322,0.200641569394)
  );
#903 = CARTESIAN_POINT('',(1.25496458671,2.232994336928,0.192283848853)
  );
#904 = CARTESIAN_POINT('',(1.238810529092,2.365355946164,0.183924654687)
  );
#905 = CARTESIAN_POINT('',(1.23893299463,2.646732137529,0.166153844174)
  );
#906 = CARTESIAN_POINT('',(1.25957020286,2.79584343004,0.156736111737));
#907 = CARTESIAN_POINT('',(1.300809142699,2.94148704613,0.147321862474)
  );
#908 = CARTESIAN_POINT('',(1.361881086707,3.080274813644,0.137909092476)
  );
#909 = CARTESIAN_POINT('',(1.441405947379,3.209070887136,0.128494888669)
  );
#910 = CARTESIAN_POINT('',(1.537405143642,3.325019780145,0.119077181231)
  );
#911 = CARTESIAN_POINT('',(1.744843906578,3.515251296187,0.101301190516)
  );
#912 = CARTESIAN_POINT('',(1.853422857473,3.592799617395,
    9.293677222437E-02));
#913 = CARTESIAN_POINT('',(1.971199825015,3.656739936548,
    8.457382425842E-02));
#914 = CARTESIAN_POINT('',(2.09611264569,3.705813895245,
    7.621185912401E-02));
#915 = CARTESIAN_POINT('',(2.225917165739,3.739139787255,
    6.784893601685E-02));
#916 = CARTESIAN_POINT('',(2.358246014106,3.756235703532,
    5.948453616436E-02));
#917 = CARTESIAN_POINT('',(2.627335485339,3.757991861009,
    4.248931717008E-02));
#918 = CARTESIAN_POINT('',(2.764180473377,3.741583280223,
    3.385377174613E-02));
#919 = CARTESIAN_POINT('',(2.898474497295,3.707839500868,
    2.522023252459E-02));
#920 = CARTESIAN_POINT('',(3.027607793395,3.657275433191,
    1.658783224685E-02));
#921 = CARTESIAN_POINT('',(3.149108325053,3.590859043877,
    7.954094906622E-03));
#922 = CARTESIAN_POINT('',(3.260710724895,3.509984340234,
    -6.815866611154E-04));
#923 = CARTESIAN_POINT('',(3.382271865814,3.396065887212,
    -1.120327135974E-02));
#924 = CARTESIAN_POINT('',(3.403525405745,3.375013858002,
    -1.309186453422E-02));
#925 = CARTESIAN_POINT('',(3.424192685048,3.353376510598,
    -1.498045520944E-02));
#926 = CARTESIAN_POINT('',(3.444254419989,3.331173481017,
    -1.68690422095E-02));
#927 = CARTESIAN_POINT('',(3.463692175477,3.308425170971,
    -1.875762463118E-02));
#928 = CARTESIAN_POINT('',(3.48248836507,3.285152747862,
    -2.064620184399E-02));
#929 = CARTESIAN_POINT('',(3.543664723888,3.20496459054,
    -2.701606971509E-02));
#930 = CARTESIAN_POINT('',(3.582997643299,3.14572212663,
    -3.149743630752E-02));
#931 = CARTESIAN_POINT('',(3.61840049372,3.083945128345,
    -3.597869216832E-02));
#932 = CARTESIAN_POINT('',(3.649679510396,3.019947611712,
    -4.045988539894E-02));
#933 = CARTESIAN_POINT('',(3.676672883628,2.954060723421,
    -4.494114456326E-02));
#934 = CARTESIAN_POINT('',(3.699251963092,2.886630230739,
    -4.942252994953E-02));
#935 = CARTESIAN_POINT('',(3.729126888942,2.773190947423,
    -5.683129847827E-02));
#936 = CARTESIAN_POINT('',(3.739007649107,2.727860945232,
    -5.975873679949E-02));
#937 = CARTESIAN_POINT('',(3.746938547995,2.6821237471,
    -6.268621102507E-02));
#938 = CARTESIAN_POINT('',(3.752899915585,2.636079917303,
    -6.561370529267E-02));
#939 = CARTESIAN_POINT('',(3.756878606498,2.589830842151,
    -6.854117664841E-02));
#940 = CARTESIAN_POINT('',(3.758868000001,2.543478729988,
    -7.146855504687E-02));
#941 = CARTESIAN_POINT('',(3.758868000001,2.497126611191,
    -7.439574335107E-02));
#942 = ORIENTED_EDGE('',*,*,#254,.T.);
#943 = B_SPLINE_SURFACE_WITH_KNOTS('',1,9,(
    (#944,#945,#946,#947,#948,#949,#950,#951,#952,#953,#954,#955,#956
      ,#957,#958,#959,#960,#961,#962,#963,#964,#965,#966,#967,#968,#969
      ,#970,#971,#972,#973,#974)
    ,(#975,#976,#977,#978,#979,#980,#981,#982,#983,#984,#985,#986,#987
      ,#988,#989,#990,#991,#992,#993,#994,#995,#996,#997,#998,#999,#1000
      ,#1001,#1002,#1003,#1004,#1005
    )),.UNSPECIFIED.,.F.,.F.,.F.,(2,2),(10,7,7,7,10),(0.,0.4355),(0.,
    1.57576206969,3.151524139379,4.727286209069,6.303048278758),
  .UNSPECIFIED.);
#944 = CARTESIAN_POINT('',(4.008876588286,2.497127016207,0.281249694507)
  );
#945 = CARTESIAN_POINT('',(4.008877002117,2.233581083046,0.267360790993)
  );
#946 = CARTESIAN_POINT('',(3.957143385411,1.970035882627,0.253471816994)
  );
#947 = CARTESIAN_POINT('',(3.853634353861,1.718098217886,0.239583015284)
  );
#948 = CARTESIAN_POINT('',(3.701426325691,1.48938911853,0.225694169299)
  );
#949 = CARTESIAN_POINT('',(3.506602001766,1.294563007226,0.211805258386)
  );
#950 = CARTESIAN_POINT('',(3.277893081555,1.142359214259,0.197916347524)
  );
#951 = CARTESIAN_POINT('',(3.025961659044,1.038865132527,0.184027443432)
  );
#952 = CARTESIAN_POINT('',(2.498870808573,0.935370349765,0.156249658268)
  );
#953 = CARTESIAN_POINT('',(1.971775777748,1.038864817627,0.128471898847)
  );
#954 = CARTESIAN_POINT('',(1.719839856729,1.142359208382,0.114583021462)
  );
#955 = CARTESIAN_POINT('',(1.491127624577,1.294561513762,0.100694133335)
  );
#956 = CARTESIAN_POINT('',(1.296300083251,1.489389497613,
    8.680523548235E-02));
#957 = CARTESIAN_POINT('',(1.144099407709,1.718100649828,
    7.291633860706E-02));
#958 = CARTESIAN_POINT('',(1.040606778955,1.970034681733,
    5.902744919468E-02));
#959 = CARTESIAN_POINT('',(0.937114091881,2.497127001119,
    3.124967540538E-02));
#960 = CARTESIAN_POINT('',(1.040606996433,3.024219277804,
    3.471901616212E-03));
#961 = CARTESIAN_POINT('',(1.144099617955,3.276153240798,
    -1.041698779626E-02));
#962 = CARTESIAN_POINT('',(1.296299739933,3.504864513605,
    -2.430588467126E-02));
#963 = CARTESIAN_POINT('',(1.491127006087,3.699692960386,
    -3.819478252464E-02));
#964 = CARTESIAN_POINT('',(1.7198395428,3.851895446522,
    -5.208367065146E-02));
#965 = CARTESIAN_POINT('',(1.971775696285,3.955389211794,
    -6.59725480362E-02));
#966 = CARTESIAN_POINT('',(2.498870784003,4.05888270779,
    -9.375030745834E-02));
#967 = CARTESIAN_POINT('',(3.025961577581,3.955388317378,-0.121528092621
    ));
#968 = CARTESIAN_POINT('',(3.277893704652,3.851894397761,-0.135416996709
    ));
#969 = CARTESIAN_POINT('',(3.50660082814,3.699694015955,-0.149305907591)
  );
#970 = CARTESIAN_POINT('',(3.701430378216,3.504865971324,-0.163194818464
    ));
#971 = CARTESIAN_POINT('',(3.853634472752,3.276154233277,-0.177083664495
    ));
#972 = CARTESIAN_POINT('',(3.957138878441,3.024217989268,-0.190972466175
    ));
#973 = CARTESIAN_POINT('',(4.008877247637,2.760672951394,-0.204861440181
    ));
#974 = CARTESIAN_POINT('',(4.008877661822,2.497127018234,-0.218750343698
    ));
#975 = CARTESIAN_POINT('',(3.63172917436,2.497126405225,0.499011211237)
  );
#976 = CARTESIAN_POINT('',(3.631729799803,2.299390853781,0.485122858865)
  );
#977 = CARTESIAN_POINT('',(3.59291696713,2.101695183666,0.471237091964)
  );
#978 = CARTESIAN_POINT('',(3.515269955174,1.912678919392,0.457345004933)
  );
#979 = CARTESIAN_POINT('',(3.401069413225,1.741083823973,0.443454542572)
  );
#980 = CARTESIAN_POINT('',(3.254898982606,1.594918453965,0.42956646168)
  );
#981 = CARTESIAN_POINT('',(3.083319007992,1.480733045366,0.415678378501)
  );
#982 = CARTESIAN_POINT('',(2.89431154476,1.403087020812,0.40179004737));
#983 = CARTESIAN_POINT('',(2.498870234751,1.325441566132,0.3740125405));
#984 = CARTESIAN_POINT('',(2.103423521477,1.403087558631,0.346234089415)
  );
#985 = CARTESIAN_POINT('',(1.914411246755,1.480733509669,0.332344778549)
  );
#986 = CARTESIAN_POINT('',(1.742824498384,1.594921659021,0.318455861734)
  );
#987 = CARTESIAN_POINT('',(1.596659596366,1.741087060337,0.304567301628)
  );
#988 = CARTESIAN_POINT('',(1.482473419461,1.912672281828,0.290678705695)
  );
#989 = CARTESIAN_POINT('',(1.404829219769,2.101682499035,0.276789836002)
  );
#990 = CARTESIAN_POINT('',(1.327185332272,2.497127687189,0.249011911924)
  );
#991 = CARTESIAN_POINT('',(1.404830068138,2.892572708768,0.221233987847)
  );
#992 = CARTESIAN_POINT('',(1.482474476067,3.081582712898,0.207345118154)
  );
#993 = CARTESIAN_POINT('',(1.596659871497,3.253168014797,0.19345652222)
  );
#994 = CARTESIAN_POINT('',(1.742824456248,3.399334066512,0.179567962114)
  );
#995 = CARTESIAN_POINT('',(1.914411878545,3.51352233588,0.1656790453));
#996 = CARTESIAN_POINT('',(2.103424656535,3.591166956078,0.151789734435)
  );
#997 = CARTESIAN_POINT('',(2.498871561566,3.66881076172,0.124011283348)
  );
#998 = CARTESIAN_POINT('',(2.894312679817,3.591165540659,
    9.62337764773E-02));
#999 = CARTESIAN_POINT('',(3.083319953316,3.513521828553,
    8.234544530827E-02));
#1000 = CARTESIAN_POINT('',(3.254901424347,3.399334250559,
    6.845736226071E-02));
#1001 = CARTESIAN_POINT('',(3.401074018891,3.253176829621,
    5.45692812005E-02));
#1002 = CARTESIAN_POINT('',(3.515272198725,3.081568897931,
    4.067881892523E-02));
#1003 = CARTESIAN_POINT('',(3.592909433114,2.892557309427,
    2.678673189874E-02));
#1004 = CARTESIAN_POINT('',(3.631730466627,2.694861882324,
    1.29009649845E-02));
#1005 = CARTESIAN_POINT('',(3.631731079098,2.49712633088,
    -9.873873904382E-04));
#1006 = ADVANCED_FACE('',(#1007),#1048,.F.);
#1007 = FACE_BOUND('',#1008,.F.);
#1008 = EDGE_LOOP('',(#1009,#1041,#1046,#1047));
#1009 = ORIENTED_EDGE('',*,*,#1010,.F.);
#1010 = EDGE_CURVE('',#1011,#302,#1013,.T.);
#1011 = VERTEX_POINT('',#1012);
#1012 = CARTESIAN_POINT('',(4.008874679777,2.497127016205,0.218749694537
    ));
#1013 = B_SPLINE_CURVE_WITH_KNOTS('',8,(#1014,#1015,#1016,#1017,#1018,
    #1019,#1020,#1021,#1022,#1023,#1024,#1025,#1026,#1027,#1028,#1029,
    #1030,#1031,#1032,#1033,#1034,#1035,#1036,#1037,#1038,#1039,#1040),
  .UNSPECIFIED.,.F.,.F.,(9,6,6,6,9),(0.,1.57576206969,3.151524139379,
    4.727286209069,6.303048278758),.UNSPECIFIED.);
#1014 = CARTESIAN_POINT('',(4.008874679777,2.497127016205,0.218749694537
    ));
#1015 = CARTESIAN_POINT('',(4.008875042586,2.20063823947,0.203124678085)
  );
#1016 = CARTESIAN_POINT('',(3.942359751943,1.904150428153,0.18749957103)
  );
#1017 = CARTESIAN_POINT('',(3.809269058984,1.625073973381,0.17187473746)
  );
#1018 = CARTESIAN_POINT('',(3.615149707002,1.380843371533,0.156249714811
    ));
#1019 = CARTESIAN_POINT('',(3.370914464101,1.186715543483,0.140624687914
    ));
#1020 = CARTESIAN_POINT('',(3.091847175416,1.053652092947,0.124999666842
    ));
#1021 = CARTESIAN_POINT('',(2.498871109337,0.920587635971,
    9.374965646657E-02));
#1022 = CARTESIAN_POINT('',(1.905889651579,1.053651663242,
    6.249967918159E-02));
#1023 = CARTESIAN_POINT('',(1.62681648135,1.186715597822,
    4.687469264828E-02));
#1024 = CARTESIAN_POINT('',(1.382578856866,1.380841053966,
    3.12496859381E-02));
#1025 = CARTESIAN_POINT('',(1.188455169744,1.625078087414,
    1.562467248488E-02));
#1026 = CARTESIAN_POINT('',(1.055393417613,1.904148939246,
    -3.29047892933E-07));
#1027 = CARTESIAN_POINT('',(0.922331523899,2.497126999249,
    -3.125032456163E-02));
#1028 = CARTESIAN_POINT('',(1.055393604902,3.090105017226,
    -6.250032007559E-02));
#1029 = CARTESIAN_POINT('',(1.188455315467,3.369175796452,
    -7.812532160779E-02));
#1030 = CARTESIAN_POINT('',(1.382578250453,3.613413043679,
    -9.375033506203E-02));
#1031 = CARTESIAN_POINT('',(1.626816143302,3.807539098394,
    -0.109375341772));
#1032 = CARTESIAN_POINT('',(1.905889574585,3.940602460597,
    -0.125000328305));
#1033 = CARTESIAN_POINT('',(2.498871088562,4.073665555226,-0.15625030559
    ));
#1034 = CARTESIAN_POINT('',(3.091847098422,3.940601529824,
    -0.187500315966));
#1035 = CARTESIAN_POINT('',(3.370914447233,3.807538394691,
    -0.203125337043));
#1036 = CARTESIAN_POINT('',(3.615150448674,3.613414313895,
    -0.218750363919));
#1037 = CARTESIAN_POINT('',(3.809272234551,3.369178097877,
    -0.234375386603));
#1038 = CARTESIAN_POINT('',(3.94235521041,3.090103443401,-0.250000220146
    ));
#1039 = CARTESIAN_POINT('',(4.008875151542,2.793615794967,
    -0.265625327208));
#1040 = CARTESIAN_POINT('',(4.008875514749,2.497127018232,
    -0.281250343661));
#1041 = ORIENTED_EDGE('',*,*,#1042,.T.);
#1042 = EDGE_CURVE('',#1011,#828,#1043,.T.);
#1043 = B_SPLINE_CURVE_WITH_KNOTS('',1,(#1044,#1045),.UNSPECIFIED.,.F.,
  .F.,(2,2),(0.,6.25E-02),.PIECEWISE_BEZIER_KNOTS.);
#1044 = CARTESIAN_POINT('',(4.008874679777,2.497127016205,0.218749694537
    ));
#1045 = CARTESIAN_POINT('',(4.008876588286,2.497127016207,0.281249694507
    ));
#1046 = ORIENTED_EDGE('',*,*,#827,.T.);
#1047 = ORIENTED_EDGE('',*,*,#328,.T.);
#1048 = B_SPLINE_SURFACE_WITH_KNOTS('',1,11,(
    (#1049,#1050,#1051,#1052,#1053,#1054,#1055,#1056,#1057,#1058,#1059
      ,#1060,#1061,#1062,#1063,#1064,#1065,#1066,#1067,#1068,#1069)
    ,(#1070,#1071,#1072,#1073,#1074,#1075,#1076,#1077,#1078,#1079,#1080
      ,#1081,#1082,#1083,#1084,#1085,#1086,#1087,#1088,#1089,#1090
  )),.UNSPECIFIED.,.F.,.F.,.F.,(2,2),(12,9,12),(0.,6.25E-02),(0.,
    3.151524139379,6.303048278758),.UNSPECIFIED.);
#1049 = CARTESIAN_POINT('',(4.008874679777,2.497127016205,0.218749694537
    ));
#1050 = CARTESIAN_POINT('',(4.008875207499,2.065870613681,0.19602239788)
  );
#1051 = CARTESIAN_POINT('',(3.873425677283,1.634616177101,0.173294916721
    ));
#1052 = CARTESIAN_POINT('',(3.602360465382,1.250633183527,0.15056824917)
  );
#1053 = CARTESIAN_POINT('',(3.214574708185,0.961298090705,0.127840505363
    ));
#1054 = CARTESIAN_POINT('',(2.746913856162,0.805403787234,0.105113020372
    ));
#1055 = CARTESIAN_POINT('',(2.250833227457,0.805447580467,
    8.238623481099E-02));
#1056 = CARTESIAN_POINT('',(1.783186015429,0.961263071353,
    5.965874718482E-02));
#1057 = CARTESIAN_POINT('',(1.395305823404,1.25064981181,
    3.69315057812E-02));
#1058 = CARTESIAN_POINT('',(1.124343677588,1.634613456089,
    1.420421436761E-02));
#1059 = CARTESIAN_POINT('',(0.853381221359,2.497127010138,
    -3.12503245618E-02));
#1060 = CARTESIAN_POINT('',(1.124343950008,3.359640478605,
    -7.670486349075E-02));
#1061 = CARTESIAN_POINT('',(1.39530666034,3.743604408406,
    -9.94321409583E-02));
#1062 = CARTESIAN_POINT('',(1.783179837355,4.032987119341,
    -0.122159451109));
#1063 = CARTESIAN_POINT('',(2.250840483621,4.188825590889,-0.14488678605
    ));
#1064 = CARTESIAN_POINT('',(2.746915645979,4.188816260876,
    -0.167613767424));
#1065 = CARTESIAN_POINT('',(3.21455880448,4.032980062982,-0.190341099599
    ));
#1066 = CARTESIAN_POINT('',(3.602380575197,3.743615457145,-0.2130689123)
  );
#1067 = CARTESIAN_POINT('',(3.873416408554,3.359637525648,
    -0.235795565829));
#1068 = CARTESIAN_POINT('',(4.008874986449,2.928383420756,
    -0.258523047003));
#1069 = CARTESIAN_POINT('',(4.008875514749,2.497127018232,
    -0.281250343661));
#1070 = CARTESIAN_POINT('',(4.008876588286,2.497127016207,0.281249694507
    ));
#1071 = CARTESIAN_POINT('',(4.008877265464,2.065870034672,0.258522397847
    ));
#1072 = CARTESIAN_POINT('',(3.873428844508,1.634614971585,0.235794916647
    ));
#1073 = CARTESIAN_POINT('',(3.602359138497,1.250630578047,0.213068249207
    ));
#1074 = CARTESIAN_POINT('',(3.214577668136,0.96130011524,0.190340505334)
  );
#1075 = CARTESIAN_POINT('',(2.746914407339,0.805395523422,0.167613020256
    ));
#1076 = CARTESIAN_POINT('',(2.250831372668,0.805449189209,0.144886234836
    ));
#1077 = CARTESIAN_POINT('',(1.783186200639,0.961259828064,0.12215874714)
  );
#1078 = CARTESIAN_POINT('',(1.395304149383,1.250648335587,
    9.943150575257E-02));
#1079 = CARTESIAN_POINT('',(1.124341790006,1.634612292981,
    7.670421433335E-02));
#1080 = CARTESIAN_POINT('',(0.853379011633,2.497127018394,
    3.124967540538E-02));
#1081 = CARTESIAN_POINT('',(1.124342145878,3.359641632007,
    -1.420486352241E-02));
#1082 = CARTESIAN_POINT('',(1.395305368489,3.743605590619,
    -3.693214099211E-02));
#1083 = CARTESIAN_POINT('',(1.783177737339,4.032990709372,
    -5.965945114463E-02));
#1084 = CARTESIAN_POINT('',(2.250841659587,4.188826906916,
    -8.238678610678E-02));
#1085 = CARTESIAN_POINT('',(2.74691577301,4.188817376904,-0.105113767419
    ));
#1086 = CARTESIAN_POINT('',(3.214557760577,4.03298350439,-0.127841099597
    ));
#1087 = CARTESIAN_POINT('',(3.602384867175,3.743616888316,
    -0.150568912422));
#1088 = CARTESIAN_POINT('',(3.873416933186,3.35963863728,-0.173295565816
    ));
#1089 = CARTESIAN_POINT('',(4.008876984065,2.928383999769,
    -0.196023047034));
#1090 = CARTESIAN_POINT('',(4.008877661822,2.497127018234,
    -0.218750343698));
#1091 = ADVANCED_FACE('',(#1092),#1180,.F.);
#1092 = FACE_BOUND('',#1093,.F.);
#1093 = EDGE_LOOP('',(#1094,#1173,#1178,#1179));
#1094 = ORIENTED_EDGE('',*,*,#1095,.F.);
#1095 = EDGE_CURVE('',#1096,#293,#1098,.T.);
#1096 = VERTEX_POINT('',#1097);
#1097 = CARTESIAN_POINT('',(3.758868,2.4971268056,7.441844947591E-02));
#1098 = B_SPLINE_CURVE_WITH_KNOTS('',7,(#1099,#1100,#1101,#1102,#1103,
    #1104,#1105,#1106,#1107,#1108,#1109,#1110,#1111,#1112,#1113,#1114,
    #1115,#1116,#1117,#1118,#1119,#1120,#1121,#1122,#1123,#1124,#1125,
    #1126,#1127,#1128,#1129,#1130,#1131,#1132,#1133,#1134,#1135,#1136,
    #1137,#1138,#1139,#1140,#1141,#1142,#1143,#1144,#1145,#1146,#1147,
    #1148,#1149,#1150,#1151,#1152,#1153,#1154,#1155,#1156,#1157,#1158,
    #1159,#1160,#1161,#1162,#1163,#1164,#1165,#1166,#1167,#1168,#1169,
    #1170,#1171,#1172),.UNSPECIFIED.,.F.,.F.,(8,6,6,6,6,6,6,6,6,6,6,6,8)
  ,(0.,3.48397446004E-02,0.133839708033,0.221551176673,0.271808326561,
    0.378177469849,0.500044025895,0.629034669829,0.736584104479,
    0.783314653547,0.870172229554,0.956736450366,1.),.UNSPECIFIED.);
#1099 = CARTESIAN_POINT('',(3.758868000001,2.4971266112,
    7.441844947591E-02));
#1100 = CARTESIAN_POINT('',(3.758868000001,2.457725402981,
    7.193015930481E-02));
#1101 = CARTESIAN_POINT('',(3.757430532822,2.418324300506,
    6.94416662763E-02));
#1102 = CARTESIAN_POINT('',(3.754555647135,2.378986465226,
    6.695307150436E-02));
#1103 = CARTESIAN_POINT('',(3.750246804688,2.339774695759,
    6.44644501695E-02));
#1104 = CARTESIAN_POINT('',(3.744510880303,2.300751427898,
    6.197585151883E-02));
#1105 = CARTESIAN_POINT('',(3.73735816188,2.261978734606,
    5.948729886599E-02));
#1106 = CARTESIAN_POINT('',(3.704490317286,2.114229951844,
    4.992748840819E-02));
#1107 = CARTESIAN_POINT('',(3.668845340873,2.00744694528,
    4.285562093314E-02));
#1108 = CARTESIAN_POINT('',(3.622181699018,1.904606651449,
    3.578498015989E-02));
#1109 = CARTESIAN_POINT('',(3.565040416521,1.807061310302,
    2.871476412536E-02));
#1110 = CARTESIAN_POINT('',(3.498156260636,1.716065511706,
    2.164378462326E-02));
#1111 = CARTESIAN_POINT('',(3.4224440708,1.632752610071,
    1.457193280837E-02));
#1112 = CARTESIAN_POINT('',(3.265079000385,1.491959857675,
    1.236146608743E-03));
#1113 = CARTESIAN_POINT('',(3.185072647418,1.43260391528,
    -5.02922758031E-03));
#1114 = CARTESIAN_POINT('',(3.099743304008,1.380713834587,
    -1.129425461961E-02));
#1115 = CARTESIAN_POINT('',(3.009932380786,1.336850011552,
    -1.755899950943E-02));
#1116 = CARTESIAN_POINT('',(2.916546768358,1.301455348323,
    -2.382392992726E-02));
#1117 = CARTESIAN_POINT('',(2.820545743309,1.274848869883,
    -3.008921692743E-02));
#1118 = CARTESIAN_POINT('',(2.667002230479,1.247102107092,
    -3.994355683683E-02));
#1119 = CARTESIAN_POINT('',(2.610539254748,1.23993828332,
    -4.353317652962E-02));
#1120 = CARTESIAN_POINT('',(2.55373059352,1.235751547286,
    -4.712276816344E-02));
#1121 = CARTESIAN_POINT('',(2.496764654495,1.234560755839,
    -5.071234758847E-02));
#1122 = CARTESIAN_POINT('',(2.439830606948,1.236369868416,
    -5.430195425457E-02));
#1123 = CARTESIAN_POINT('',(2.383117485853,1.241167927514,
    -5.78916031261E-02));
#1124 = CARTESIAN_POINT('',(2.207645606351,1.265355414309,
    -6.907868766265E-02));
#1125 = CARTESIAN_POINT('',(2.090285682053,1.29505826512,
    -7.667757289715E-02));
#1126 = CARTESIAN_POINT('',(1.97654889153,1.337795531808,
    -8.427553245809E-02));
#1127 = CARTESIAN_POINT('',(1.868156502738,1.393012145229,
    -9.187289483039E-02));
#1128 = CARTESIAN_POINT('',(1.766716850622,1.459888744455,
    -9.947085895153E-02));
#1129 = CARTESIAN_POINT('',(1.673690773628,1.537359325311,
    -0.107069712203));
#1130 = CARTESIAN_POINT('',(1.494848297182,1.723473647221,
    -0.123371352624));
#1131 = CARTESIAN_POINT('',(1.412007173827,1.83506633316,-0.132078162311
    ));
#1132 = CARTESIAN_POINT('',(1.343751440356,1.956891775385,
    -0.140782626691));
#1133 = CARTESIAN_POINT('',(1.291539041346,2.086633215485,
    -0.149486077862));
#1134 = CARTESIAN_POINT('',(1.256381030042,2.22177856123,-0.158190560184
    ));
#1135 = CARTESIAN_POINT('',(1.238830756873,2.359646819425,
    -0.166897398741));
#1136 = CARTESIAN_POINT('',(1.238907515225,2.643344959886,
    -0.184814884008));
#1137 = CARTESIAN_POINT('',(1.258650962116,2.789273813518,
    -0.194031840167));
#1138 = CARTESIAN_POINT('',(1.298124723817,2.931957434712,
    -0.203246094691));
#1139 = CARTESIAN_POINT('',(1.356626502385,3.068218980897,-0.21245922472
    ));
#1140 = CARTESIAN_POINT('',(1.432889232668,3.195107544439,
    -0.221673396534));
#1141 = CARTESIAN_POINT('',(1.525093400033,3.309926201518,
    -0.230890253387));
#1142 = CARTESIAN_POINT('',(1.718992293678,3.494216126699,
    -0.247785058906));
#1143 = CARTESIAN_POINT('',(1.816607420401,3.568095898807,-0.25546807473
    ));
#1144 = CARTESIAN_POINT('',(1.922309371798,3.630751955524,
    -0.263149943608));
#1145 = CARTESIAN_POINT('',(2.034537258314,3.6811550252,-0.270831158021)
  );
#1146 = CARTESIAN_POINT('',(2.151588747312,3.718540521064,
    -0.278513144689));
#1147 = CARTESIAN_POINT('',(2.271657502025,3.742425394833,
    -0.286196293285));
#1148 = CARTESIAN_POINT('',(2.44551633982,3.757105396498,-0.29721579346)
  );
#1149 = CARTESIAN_POINT('',(2.498395132469,3.758975011211,
    -0.300553569546));
#1150 = CARTESIAN_POINT('',(2.551339912228,3.758254936607,
    -0.303891332092));
#1151 = CARTESIAN_POINT('',(2.604198517508,3.754943541845,
    -0.307229078534));
#1152 = CARTESIAN_POINT('',(2.656819175179,3.749050339061,
    -0.310566821347));
#1153 = CARTESIAN_POINT('',(2.709051120174,3.740595944019,
    -0.313904561337));
#1154 = CARTESIAN_POINT('',(2.856828481102,3.70919636482,-0.323446007806
    ));
#1155 = CARTESIAN_POINT('',(2.951062656727,3.680040045959,
    -0.329650184501));
#1156 = CARTESIAN_POINT('',(3.042479370283,3.642346339511,
    -0.335853922084));
#1157 = CARTESIAN_POINT('',(3.130156621153,3.596451978717,
    -0.342057335036));
#1158 = CARTESIAN_POINT('',(3.213226172856,3.542811405159,
    -0.348260951851));
#1159 = CARTESIAN_POINT('',(3.290885844365,3.481990353482,-0.35446503802
    ));
#1160 = CARTESIAN_POINT('',(3.433705964682,3.347574593075,
    -0.366851631979));
#1161 = CARTESIAN_POINT('',(3.498919240306,3.274012898267,
    -0.373035127095));
#1162 = CARTESIAN_POINT('',(3.557341607727,3.19465320093,-0.379218496912
    ));
#1163 = CARTESIAN_POINT('',(3.608365414489,3.110253940129,
    -0.385401958176));
#1164 = CARTESIAN_POINT('',(3.651488725508,3.021645506997,
    -0.391585744468));
#1165 = CARTESIAN_POINT('',(3.686322431086,2.929718394433,
    -0.397769533555));
#1166 = CARTESIAN_POINT('',(3.72574216671,2.788285749493,-0.407042360244
    ));
#1167 = CARTESIAN_POINT('',(3.73674320846,2.740559698067,-0.410132300913
    ));
#1168 = CARTESIAN_POINT('',(3.745576692128,2.69235477997,-0.413222084908
    ));
#1169 = CARTESIAN_POINT('',(3.752218197836,2.643789158788,
    -0.416311715813));
#1170 = CARTESIAN_POINT('',(3.756651377257,2.594982292492,
    -0.419401260282));
#1171 = CARTESIAN_POINT('',(3.758868000001,2.546054513908,-0.42249086862
    ));
#1172 = CARTESIAN_POINT('',(3.758868000001,2.4971266112,-0.425580795359)
  );
#1173 = ORIENTED_EDGE('',*,*,#1174,.T.);
#1174 = EDGE_CURVE('',#1096,#1011,#1175,.T.);
#1175 = B_SPLINE_CURVE_WITH_KNOTS('',1,(#1176,#1177),.UNSPECIFIED.,.F.,
  .F.,(2,2),(0.,0.4355),.PIECEWISE_BEZIER_KNOTS.);
#1176 = CARTESIAN_POINT('',(3.63171396736,2.497126405213,
    1.011211469493E-03));
#1177 = CARTESIAN_POINT('',(4.008874679777,2.497127016205,0.218749694537
    ));
#1178 = ORIENTED_EDGE('',*,*,#1010,.T.);
#1179 = ORIENTED_EDGE('',*,*,#301,.T.);
#1180 = B_SPLINE_SURFACE_WITH_KNOTS('',1,8,(
    (#1181,#1182,#1183,#1184,#1185,#1186,#1187,#1188,#1189,#1190,#1191
      ,#1192,#1193,#1194,#1195,#1196,#1197,#1198,#1199,#1200,#1201,#1202
      ,#1203,#1204,#1205,#1206,#1207)
    ,(#1208,#1209,#1210,#1211,#1212,#1213,#1214,#1215,#1216,#1217,#1218
      ,#1219,#1220,#1221,#1222,#1223,#1224,#1225,#1226,#1227,#1228,#1229
      ,#1230,#1231,#1232,#1233,#1234
    )),.UNSPECIFIED.,.F.,.F.,.F.,(2,2),(9,6,6,6,9),(0.,0.4355),(0.,
    1.57576206969,3.151524139379,4.727286209069,6.303048278758),
  .UNSPECIFIED.);
#1181 = CARTESIAN_POINT('',(3.63171396736,2.497126405213,
    1.011211469494E-03));
#1182 = CARTESIAN_POINT('',(3.631713852261,2.274677081661,
    -1.461318492454E-02));
#1183 = CARTESIAN_POINT('',(3.581806964014,2.052279219942,
    -3.023425700141E-02));
#1184 = CARTESIAN_POINT('',(3.481980767127,1.842893594611,
    -4.586536370595E-02));
#1185 = CARTESIAN_POINT('',(3.336320951497,1.659653034158,
    -6.148953207805E-02));
#1186 = CARTESIAN_POINT('',(3.153098365524,1.514024066129,
    -7.711354564953E-02));
#1187 = CARTESIAN_POINT('',(2.943735265055,1.414195123736,
    -9.273777242498E-02));
#1188 = CARTESIAN_POINT('',(2.498870637971,1.314367109899,
    -0.123987391763));
#1189 = CARTESIAN_POINT('',(2.053998928864,1.414195127656,
    -0.155238225146));
#1190 = CARTESIAN_POINT('',(1.844629533365,1.514023551891,-0.17086371924
    ));
#1191 = CARTESIAN_POINT('',(1.661398937888,1.659662514495,
    -0.186488473053));
#1192 = CARTESIAN_POINT('',(1.515763733847,1.84289192745,-0.202112979447
    ));
#1193 = CARTESIAN_POINT('',(1.415936885399,2.052258206035,
    -0.217737923219));
#1194 = CARTESIAN_POINT('',(1.316110157072,2.497127659885,
    -0.248988087813));
#1195 = CARTESIAN_POINT('',(1.415937382661,2.94199700215,-0.280238252408
    ));
#1196 = CARTESIAN_POINT('',(1.515764464538,3.151363169011,-0.29586319618
    ));
#1197 = CARTESIAN_POINT('',(1.661399869571,3.334592420444,
    -0.311487702575));
#1198 = CARTESIAN_POINT('',(1.844630628796,3.480231181348,
    -0.327112456386));
#1199 = CARTESIAN_POINT('',(2.054000136893,3.580059369318,
    -0.342737950481));
#1200 = CARTESIAN_POINT('',(2.498871957653,3.67988688636,-0.373988783864
    ));
#1201 = CARTESIAN_POINT('',(2.943736473084,3.580058378113,
    -0.405238403203));
#1202 = CARTESIAN_POINT('',(3.153099462444,3.480229203562,
    -0.420862629978));
#1203 = CARTESIAN_POINT('',(3.336321889386,3.334600048376,-0.43648664355
    ));
#1204 = CARTESIAN_POINT('',(3.481981511853,3.151359299533,
    -0.452110811918));
#1205 = CARTESIAN_POINT('',(3.581807439471,2.941973571054,
    -0.467741918626));
#1206 = CARTESIAN_POINT('',(3.631714100914,2.719575654417,
    -0.483362990703));
#1207 = CARTESIAN_POINT('',(3.631713971222,2.497126330865,
    -0.498987387097));
#1208 = CARTESIAN_POINT('',(4.008874679777,2.497127016205,0.218749694537
    ));
#1209 = CARTESIAN_POINT('',(4.008875042586,2.20063823947,0.203124678085)
  );
#1210 = CARTESIAN_POINT('',(3.942359751943,1.904150428153,0.18749957103)
  );
#1211 = CARTESIAN_POINT('',(3.809269058984,1.625073973381,0.17187473746)
  );
#1212 = CARTESIAN_POINT('',(3.615149707002,1.380843371533,0.156249714811
    ));
#1213 = CARTESIAN_POINT('',(3.370914464101,1.186715543483,0.140624687914
    ));
#1214 = CARTESIAN_POINT('',(3.091847175416,1.053652092947,0.124999666842
    ));
#1215 = CARTESIAN_POINT('',(2.498871109337,0.920587635971,
    9.374965646657E-02));
#1216 = CARTESIAN_POINT('',(1.905889651579,1.053651663242,
    6.249967918159E-02));
#1217 = CARTESIAN_POINT('',(1.62681648135,1.186715597822,
    4.687469264828E-02));
#1218 = CARTESIAN_POINT('',(1.382578856866,1.380841053966,
    3.12496859381E-02));
#1219 = CARTESIAN_POINT('',(1.188455169744,1.625078087414,
    1.562467248488E-02));
#1220 = CARTESIAN_POINT('',(1.055393417613,1.904148939246,
    -3.29047892933E-07));
#1221 = CARTESIAN_POINT('',(0.922331523899,2.497126999249,
    -3.125032456163E-02));
#1222 = CARTESIAN_POINT('',(1.055393604902,3.090105017226,
    -6.250032007559E-02));
#1223 = CARTESIAN_POINT('',(1.188455315467,3.369175796452,
    -7.812532160779E-02));
#1224 = CARTESIAN_POINT('',(1.382578250453,3.613413043679,
    -9.375033506203E-02));
#1225 = CARTESIAN_POINT('',(1.626816143302,3.807539098394,
    -0.109375341772));
#1226 = CARTESIAN_POINT('',(1.905889574585,3.940602460597,
    -0.125000328305));
#1227 = CARTESIAN_POINT('',(2.498871088562,4.073665555226,-0.15625030559
    ));
#1228 = CARTESIAN_POINT('',(3.091847098422,3.940601529824,
    -0.187500315966));
#1229 = CARTESIAN_POINT('',(3.370914447233,3.807538394691,
    -0.203125337043));
#1230 = CARTESIAN_POINT('',(3.615150448674,3.613414313895,
    -0.218750363919));
#1231 = CARTESIAN_POINT('',(3.809272234551,3.369178097877,
    -0.234375386603));
#1232 = CARTESIAN_POINT('',(3.94235521041,3.090103443401,-0.250000220146
    ));
#1233 = CARTESIAN_POINT('',(4.008875151542,2.793615794967,
    -0.265625327208));
#1234 = CARTESIAN_POINT('',(4.008875514749,2.497127018232,
    -0.281250343661));
#1235 = ADVANCED_FACE('',(#1236),#1246,.F.);
#1236 = FACE_BOUND('',#1237,.T.);
#1237 = EDGE_LOOP('',(#1238,#1239,#1245));
#1238 = ORIENTED_EDGE('',*,*,#1095,.F.);
#1239 = ORIENTED_EDGE('',*,*,#1240,.T.);
#1240 = EDGE_CURVE('',#1096,#284,#1241,.T.);
#1241 = LINE('',#1242,#1243);
#1242 = CARTESIAN_POINT('',(3.758868,2.497127,4.));
#1243 = VECTOR('',#1244,1.);
#1244 = DIRECTION('',(-6.765527267673E-17,0.,-1.));
#1245 = ORIENTED_EDGE('',*,*,#292,.T.);
#1246 = CYLINDRICAL_SURFACE('',#1247,1.26);
#1247 = AXIS2_PLACEMENT_3D('',#1248,#1249,#1250);
#1248 = CARTESIAN_POINT('',(2.498868,2.497127,4.));
#1249 = DIRECTION('',(-0.,-0.,-1.));
#1250 = DIRECTION('',(1.,0.,0.));
#1251 = ADVANCED_FACE('',(#1252),#1342,.F.);
#1252 = FACE_BOUND('',#1253,.T.);
#1253 = EDGE_LOOP('',(#1254,#1333,#1339,#1340,#1341));
#1254 = ORIENTED_EDGE('',*,*,#1255,.F.);
#1255 = EDGE_CURVE('',#1256,#1096,#1258,.T.);
#1256 = VERTEX_POINT('',#1257);
#1257 = CARTESIAN_POINT('',(3.758868,2.4971268299,0.57441769738));
#1258 = B_SPLINE_CURVE_WITH_KNOTS('',7,(#1259,#1260,#1261,#1262,#1263,
    #1264,#1265,#1266,#1267,#1268,#1269,#1270,#1271,#1272,#1273,#1274,
    #1275,#1276,#1277,#1278,#1279,#1280,#1281,#1282,#1283,#1284,#1285,
    #1286,#1287,#1288,#1289,#1290,#1291,#1292,#1293,#1294,#1295,#1296,
    #1297,#1298,#1299,#1300,#1301,#1302,#1303,#1304,#1305,#1306,#1307,
    #1308,#1309,#1310,#1311,#1312,#1313,#1314,#1315,#1316,#1317,#1318,
    #1319,#1320,#1321,#1322,#1323,#1324,#1325,#1326,#1327,#1328,#1329,
    #1330,#1331,#1332),.UNSPECIFIED.,.F.,.F.,(8,6,6,6,6,6,6,6,6,6,6,6,8)
  ,(0.,3.485364317552E-02,0.133854643094,0.222015667906,0.271888181951,
    0.378252865672,0.499523385107,0.628420473368,0.736755478319,
    0.783484116526,0.869339554194,0.956575677286,1.),.UNSPECIFIED.);
#1259 = CARTESIAN_POINT('',(3.758868,2.4971266598,0.57441769738));
#1260 = CARTESIAN_POINT('',(3.758868,2.457709720643,0.571928412881));
#1261 = CARTESIAN_POINT('',(3.757429384767,2.418292887283,0.569438925371
    ));
#1262 = CARTESIAN_POINT('',(3.754552203052,2.378939397002,0.566949336071
    ));
#1263 = CARTESIAN_POINT('',(3.750239922123,2.339712123561,0.564459720239
    ));
#1264 = CARTESIAN_POINT('',(3.744499427768,2.300673577205,0.561970127163
    ));
#1265 = CARTESIAN_POINT('',(3.737341024287,2.261885904664,0.559480580165
    ));
#1266 = CARTESIAN_POINT('',(3.704456588251,2.114123461464,0.549919696977
    ));
#1267 = CARTESIAN_POINT('',(3.668801775878,2.007342457452,0.542847751956
    ));
#1268 = CARTESIAN_POINT('',(3.622128412834,1.904505229893,0.535777033554
    ));
#1269 = CARTESIAN_POINT('',(3.564977658948,1.806964008777,0.528706739464
    ));
#1270 = CARTESIAN_POINT('',(3.498084415529,1.71597335852,0.521635681573)
  );
#1271 = CARTESIAN_POINT('',(3.422363656986,1.632666590475,0.514563751464
    ));
#1272 = CARTESIAN_POINT('',(3.264605510105,1.491548870506,0.501195775411
    ));
#1273 = CARTESIAN_POINT('',(3.184152042728,1.431931125624,0.494898274596
    ));
#1274 = CARTESIAN_POINT('',(3.098325511482,1.379860059497,0.488601131187
    ));
#1275 = CARTESIAN_POINT('',(3.00798088036,1.335904024214,0.482304277519)
  );
#1276 = CARTESIAN_POINT('',(2.914039784776,1.300511404845,0.476007233076
    ));
#1277 = CARTESIAN_POINT('',(2.817477085026,1.274004088947,0.469709822137
    ));
#1278 = CARTESIAN_POINT('',(2.663780912513,1.246692792815,0.45985084327)
  );
#1279 = CARTESIAN_POINT('',(2.607733536362,1.239725017851,0.456288696583
    ));
#1280 = CARTESIAN_POINT('',(2.551352896288,1.235689666688,0.452726576915
    ));
#1281 = CARTESIAN_POINT('',(2.494823141256,1.234604739902,0.449164468755
    ));
#1282 = CARTESIAN_POINT('',(2.438329131526,1.236473790575,0.445602333964
    ));
#1283 = CARTESIAN_POINT('',(2.382055576552,1.241285906525,0.442040158116
    ));
#1284 = CARTESIAN_POINT('',(2.207031733538,1.265501250988,0.430880863178
    ));
#1285 = CARTESIAN_POINT('',(2.089691581186,1.29526126463,0.423282295903)
  );
#1286 = CARTESIAN_POINT('',(1.975980731026,1.338052791541,0.415684654481
    ));
#1287 = CARTESIAN_POINT('',(1.86761995905,1.393319981538,0.408087610667)
  );
#1288 = CARTESIAN_POINT('',(1.766216996779,1.460242791723,0.40048996582)
  );
#1289 = CARTESIAN_POINT('',(1.673231983851,1.537754648098,0.392891432493
    ));
#1290 = CARTESIAN_POINT('',(1.494948124576,1.723463933009,0.37663268518)
  );
#1291 = CARTESIAN_POINT('',(1.412503396013,1.834490792334,0.367968549122
    ));
#1292 = CARTESIAN_POINT('',(1.344498188734,1.955649962812,0.359306539804
    ));
#1293 = CARTESIAN_POINT('',(1.292366571396,2.084669327055,0.350645831514
    ));
#1294 = CARTESIAN_POINT('',(1.257113266066,2.219062488473,0.341983807432
    ));
#1295 = CARTESIAN_POINT('',(1.239285321031,2.35619873159,0.333319647606)
  );
#1296 = CARTESIAN_POINT('',(1.238436142398,2.639115777123,0.315451430122
    ));
#1297 = CARTESIAN_POINT('',(1.257673747394,2.785002381768,0.306241176498
    ));
#1298 = CARTESIAN_POINT('',(1.29662347661,2.927715360807,0.297033610879)
  );
#1299 = CARTESIAN_POINT('',(1.354595523747,3.06408247512,0.28782716345)
  );
#1300 = CARTESIAN_POINT('',(1.430336085556,3.191154740902,0.278619672819
    ));
#1301 = CARTESIAN_POINT('',(1.522039575591,3.306234516185,0.26940950698)
  );
#1302 = CARTESIAN_POINT('',(1.715790856336,3.491812898225,0.252465268408
    ));
#1303 = CARTESIAN_POINT('',(1.813901206912,3.566538992193,0.244726091805
    ));
#1304 = CARTESIAN_POINT('',(1.920250772874,3.629898574051,0.236988104363
    ));
#1305 = CARTESIAN_POINT('',(2.033246588203,3.680835605175,0.229250796481
    ));
#1306 = CARTESIAN_POINT('',(2.151149618484,3.718566094296,0.221512688906
    ));
#1307 = CARTESIAN_POINT('',(2.272113574316,3.742595649248,0.213773377111
    ));
#1308 = CARTESIAN_POINT('',(2.446871306622,3.75716199833,0.202697904245)
  );
#1309 = CARTESIAN_POINT('',(2.499749909389,3.75897468883,0.199360264769)
  );
#1310 = CARTESIAN_POINT('',(2.552691710953,3.758197832924,0.196022638975
    ));
#1311 = CARTESIAN_POINT('',(2.605544566797,3.75482996339,0.192685029412)
  );
#1312 = CARTESIAN_POINT('',(2.658156732734,3.748880753727,0.189347423511
    ));
#1313 = CARTESIAN_POINT('',(2.710377484353,3.740370978151,0.186009820389
    ));
#1314 = CARTESIAN_POINT('',(2.857010870825,3.709051208377,0.176540088554
    ));
#1315 = CARTESIAN_POINT('',(2.950147981669,3.680231815817,0.17040751581)
  );
#1316 = CARTESIAN_POINT('',(3.040534380949,3.643071601694,0.164275359816
    ));
#1317 = CARTESIAN_POINT('',(3.127279530015,3.59789514761,0.15814351225)
  );
#1318 = CARTESIAN_POINT('',(3.209544090574,3.545139545025,0.152011474282
    ));
#1319 = CARTESIAN_POINT('',(3.286551528644,3.485348368993,0.145878994689
    ));
#1320 = CARTESIAN_POINT('',(3.42979965002,3.351936232426,0.133516006179)
  );
#1321 = CARTESIAN_POINT('',(3.495858929644,3.278097469631,0.127284512321
    ));
#1322 = CARTESIAN_POINT('',(3.555046646157,3.198339581675,0.121053155879
    ));
#1323 = CARTESIAN_POINT('',(3.606737667129,3.113436332254,0.114821705968
    ));
#1324 = CARTESIAN_POINT('',(3.650415580353,3.02423605917,0.108589910811)
  );
#1325 = CARTESIAN_POINT('',(3.685680129092,2.931649382322,0.102358097572
    ));
#1326 = CARTESIAN_POINT('',(3.725496438368,2.789349799,
    9.302578746694E-02));
#1327 = CARTESIAN_POINT('',(3.736578779553,2.741455344981,
    8.992436060591E-02));
#1328 = CARTESIAN_POINT('',(3.745477789668,2.693076689905,
    8.682309169353E-02));
#1329 = CARTESIAN_POINT('',(3.752168684819,2.644333303027,
    8.372197769529E-02));
#1330 = CARTESIAN_POINT('',(3.756634872688,2.595345972283,
    8.062095178292E-02));
#1331 = CARTESIAN_POINT('',(3.758868,2.546236376866,7.751986243624E-02)
  );
#1332 = CARTESIAN_POINT('',(3.758868,2.4971266598,7.441845254504E-02));
#1333 = ORIENTED_EDGE('',*,*,#1334,.T.);
#1334 = EDGE_CURVE('',#1256,#854,#1335,.T.);
#1335 = LINE('',#1336,#1337);
#1336 = CARTESIAN_POINT('',(3.758868,2.497127,4.));
#1337 = VECTOR('',#1338,1.);
#1338 = DIRECTION('',(-6.765527267673E-17,0.,-1.));
#1339 = ORIENTED_EDGE('',*,*,#860,.T.);
#1340 = ORIENTED_EDGE('',*,*,#283,.T.);
#1341 = ORIENTED_EDGE('',*,*,#1240,.F.);
#1342 = CYLINDRICAL_SURFACE('',#1343,1.26);
#1343 = AXIS2_PLACEMENT_3D('',#1344,#1345,#1346);
#1344 = CARTESIAN_POINT('',(2.498868,2.497127,4.));
#1345 = DIRECTION('',(-0.,-0.,-1.));
#1346 = DIRECTION('',(1.,0.,0.));
#1347 = ADVANCED_FACE('',(#1348),#1383,.F.);
#1348 = FACE_BOUND('',#1349,.F.);
#1349 = EDGE_LOOP('',(#1350,#1376,#1377,#1378));
#1350 = ORIENTED_EDGE('',*,*,#1351,.F.);
#1351 = EDGE_CURVE('',#404,#1352,#1354,.T.);
#1352 = VERTEX_POINT('',#1353);
#1353 = CARTESIAN_POINT('',(4.008870147072,2.49712700405,3.281249923651)
  );
#1354 = B_SPLINE_CURVE_WITH_KNOTS('',11,(#1355,#1356,#1357,#1358,#1359,
    #1360,#1361,#1362,#1363,#1364,#1365,#1366,#1367,#1368,#1369,#1370,
    #1371,#1372,#1373,#1374,#1375),.UNSPECIFIED.,.F.,.F.,(12,9,12),(0.,
    3.151524139379,6.303048278758),.UNSPECIFIED.);
#1355 = CARTESIAN_POINT('',(4.008869073536,2.497127002025,3.781249961828
    ));
#1356 = CARTESIAN_POINT('',(4.008869746665,2.065872166235,3.758522665185
    ));
#1357 = CARTESIAN_POINT('',(3.873421995622,1.63461925221,3.735795184142)
  );
#1358 = CARTESIAN_POINT('',(3.602353636224,1.250636770242,3.713068516246
    ));
#1359 = CARTESIAN_POINT('',(3.214574089318,0.961307751132,3.690340772729
    ));
#1360 = CARTESIAN_POINT('',(2.746913159913,0.805403942029,3.667613287809
    ));
#1361 = CARTESIAN_POINT('',(2.25083258945,0.805457608492,3.644886502025)
  );
#1362 = CARTESIAN_POINT('',(1.783189748318,0.96126747929,3.622159014488)
  );
#1363 = CARTESIAN_POINT('',(1.395309629675,1.250654548987,3.599431773078
    ));
#1364 = CARTESIAN_POINT('',(1.124348622424,1.634616598243,3.576704481673
    ));
#1365 = CARTESIAN_POINT('',(0.853387200613,2.497127033849,3.53124994274)
  );
#1366 = CARTESIAN_POINT('',(1.124348994498,3.359637352565,3.485795403807
    ));
#1367 = CARTESIAN_POINT('',(1.395310872552,3.743599397699,3.463068126342
    ));
#1368 = CARTESIAN_POINT('',(1.783181312466,4.032983072567,3.440340816216
    ));
#1369 = CARTESIAN_POINT('',(2.250842910646,4.188818490559,3.417613481302
    ));
#1370 = CARTESIAN_POINT('',(2.746914554873,4.188808955357,3.394886499771
    ));
#1371 = CARTESIAN_POINT('',(3.214554211985,4.032975854094,3.372159167636
    ));
#1372 = CARTESIAN_POINT('',(3.602379387982,3.743610675639,3.349431355218
    ));
#1373 = CARTESIAN_POINT('',(3.873410100495,3.359634330834,3.326704701358
    ));
#1374 = CARTESIAN_POINT('',(4.008869473365,2.928381839841,3.303977220297
    ));
#1375 = CARTESIAN_POINT('',(4.008870147072,2.49712700405,3.281249923651)
  );
#1376 = ORIENTED_EDGE('',*,*,#431,.T.);
#1377 = ORIENTED_EDGE('',*,*,#721,.T.);
#1378 = ORIENTED_EDGE('',*,*,#1379,.F.);
#1379 = EDGE_CURVE('',#1352,#722,#1380,.T.);
#1380 = B_SPLINE_CURVE_WITH_KNOTS('',1,(#1381,#1382),.UNSPECIFIED.,.F.,
  .F.,(2,2),(0.,0.4355),.PIECEWISE_BEZIER_KNOTS.);
#1381 = CARTESIAN_POINT('',(4.008870147072,2.49712700405,3.281249923651)
  );
#1382 = CARTESIAN_POINT('',(3.631717746047,2.497126851304,3.499002802853
    ));
#1383 = B_SPLINE_SURFACE_WITH_KNOTS('',1,9,(
    (#1384,#1385,#1386,#1387,#1388,#1389,#1390,#1391,#1392,#1393,#1394
      ,#1395,#1396,#1397,#1398,#1399,#1400,#1401,#1402,#1403,#1404,#1405
      ,#1406,#1407,#1408,#1409,#1410,#1411,#1412,#1413,#1414)
    ,(#1415,#1416,#1417,#1418,#1419,#1420,#1421,#1422,#1423,#1424,#1425
      ,#1426,#1427,#1428,#1429,#1430,#1431,#1432,#1433,#1434,#1435,#1436
      ,#1437,#1438,#1439,#1440,#1441,#1442,#1443,#1444,#1445
  )),.UNSPECIFIED.,.F.,.F.,.F.,(2,2),(10,7,7,7,10),(0.,0.4355),(0.,
    1.57576206969,3.151524139379,4.727286209069,6.303048278758),
  .UNSPECIFIED.);
#1384 = CARTESIAN_POINT('',(4.008869073536,2.497127002025,3.781249961828
    ));
#1385 = CARTESIAN_POINT('',(4.008869484893,2.233582380153,3.767361058324
    ));
#1386 = CARTESIAN_POINT('',(3.957136123128,1.970038492289,3.753472084389
    ));
#1387 = CARTESIAN_POINT('',(3.85362760456,1.718102082256,3.739583282614)
  );
#1388 = CARTESIAN_POINT('',(3.701420331564,1.489394122315,3.725694436596
    ));
#1389 = CARTESIAN_POINT('',(3.506596975239,1.294568982409,3.7118055257)
  );
#1390 = CARTESIAN_POINT('',(3.277889191905,1.142365949135,3.697916614855
    ));
#1391 = CARTESIAN_POINT('',(3.025959022198,1.038872384799,3.684027710774
    ));
#1392 = CARTESIAN_POINT('',(2.498870793906,0.935378122039,3.656249925616
    ));
#1393 = CARTESIAN_POINT('',(1.971778387178,1.038872079803,3.628472166181
    ));
#1394 = CARTESIAN_POINT('',(1.719843720898,1.142365957881,3.614583288788
    ));
#1395 = CARTESIAN_POINT('',(1.491132628412,1.294567507967,3.600694400659
    ));
#1396 = CARTESIAN_POINT('',(1.296306058532,1.489394524035,3.586805502814
    ));
#1397 = CARTESIAN_POINT('',(1.144106142588,1.71810453943,3.572916605944)
  );
#1398 = CARTESIAN_POINT('',(1.040614031235,1.970037318533,3.559027716532
    ));
#1399 = CARTESIAN_POINT('',(0.93712186415,2.497127015788,3.53124994274)
  );
#1400 = CARTESIAN_POINT('',(1.040614258614,3.024216668397,3.503472168948
    ));
#1401 = CARTESIAN_POINT('',(1.144106367469,3.276149376644,3.489583279536
    ));
#1402 = CARTESIAN_POINT('',(1.296305734143,3.504859509772,3.475694382666
    ));
#1403 = CARTESIAN_POINT('',(1.491132032512,3.699686985111,3.461805484821
    ));
#1404 = CARTESIAN_POINT('',(1.719843432418,3.851888711657,3.447916596693
    ));
#1405 = CARTESIAN_POINT('',(1.971778333108,3.955381959519,3.434027719299
    ));
#1406 = CARTESIAN_POINT('',(2.498870798674,4.058874935515,3.406249959864
    ));
#1407 = CARTESIAN_POINT('',(3.025958968128,3.955381055205,3.378472174706
    ));
#1408 = CARTESIAN_POINT('',(3.277889840432,3.851887648289,3.36458327063)
  );
#1409 = CARTESIAN_POINT('',(3.50659582425,3.699688021745,3.350694359764)
  );
#1410 = CARTESIAN_POINT('',(3.701424402974,3.504860945049,3.336805448909
    ));
#1411 = CARTESIAN_POINT('',(3.853627738104,3.276150343419,3.322916602844
    ));
#1412 = CARTESIAN_POINT('',(3.957131626055,3.024215352212,3.309027801099
    ));
#1413 = CARTESIAN_POINT('',(4.008869735362,2.760671625922,3.295138827157
    ));
#1414 = CARTESIAN_POINT('',(4.008870147072,2.49712700405,3.281249923651)
  );
#1415 = CARTESIAN_POINT('',(3.631715841347,2.497126925652,3.99900140143)
  );
#1416 = CARTESIAN_POINT('',(3.631716557586,2.29939370076,3.985113049077)
  );
#1417 = CARTESIAN_POINT('',(3.592904272416,2.101700340757,3.971227282289
    ));
#1418 = CARTESIAN_POINT('',(3.515258261737,1.912686265261,3.957335195141
    ));
#1419 = CARTESIAN_POINT('',(3.401059142304,1.741093136405,3.943444732724
    ));
#1420 = CARTESIAN_POINT('',(3.254890498808,1.594929419496,3.929556651861
    ));
#1421 = CARTESIAN_POINT('',(3.083312596284,1.480745276188,3.915668568712
    ));
#1422 = CARTESIAN_POINT('',(2.89430739323,1.403100078601,3.901780237602)
  );
#1423 = CARTESIAN_POINT('',(2.498870773015,1.325455356095,3.874002730741
    ));
#1424 = CARTESIAN_POINT('',(2.103428678145,1.40310025309,3.846224279631)
  );
#1425 = CARTESIAN_POINT('',(1.914418592245,1.480745203473,3.83233496875)
  );
#1426 = CARTESIAN_POINT('',(1.742833810926,1.59493193011,3.818446051934)
  );
#1427 = CARTESIAN_POINT('',(1.596670562103,1.741095543951,3.80455749184)
  );
#1428 = CARTESIAN_POINT('',(1.482485650285,1.912678693451,3.790668895917
    ));
#1429 = CARTESIAN_POINT('',(1.404842277563,2.101686650482,3.776780026225
    ));
#1430 = CARTESIAN_POINT('',(1.327199122207,2.497127148929,3.749002102142
    ));
#1431 = CARTESIAN_POINT('',(1.404842762604,2.89256755214,3.721224178059)
  );
#1432 = CARTESIAN_POINT('',(1.482486169906,3.081575367432,3.707335308367
    ));
#1433 = CARTESIAN_POINT('',(1.596670142611,3.253158702248,3.693446712444
    ));
#1434 = CARTESIAN_POINT('',(1.742832939878,3.399323100771,3.67955815235)
  );
#1435 = CARTESIAN_POINT('',(1.9144182902,3.513510105073,3.665669235534)
  );
#1436 = CARTESIAN_POINT('',(2.103428808024,3.591153898295,3.651779924654
    ));
#1437 = CARTESIAN_POINT('',(2.49887102331,3.668796971789,3.624001473543)
  );
#1438 = CARTESIAN_POINT('',(2.894307523108,3.591152846216,3.596223966682
    ));
#1439 = CARTESIAN_POINT('',(3.08331260773,3.513510134784,3.582335635534)
  );
#1440 = CARTESIAN_POINT('',(3.254892111694,3.399323979433,3.568447552515
    ));
#1441 = CARTESIAN_POINT('',(3.401063053177,3.253168346213,3.554559471485
    ));
#1442 = CARTESIAN_POINT('',(3.515259968286,3.08156248588,3.540669009151)
  );
#1443 = CARTESIAN_POINT('',(3.592896375201,2.892553157538,3.52677692201)
  );
#1444 = CARTESIAN_POINT('',(3.631717042778,2.694860076196,3.512891155209
    ));
#1445 = CARTESIAN_POINT('',(3.631717746047,2.497126851304,3.499002802853
    ));
#1446 = ADVANCED_FACE('',(#1447),#1488,.F.);
#1447 = FACE_BOUND('',#1448,.F.);
#1448 = EDGE_LOOP('',(#1449,#1481,#1482,#1483));
#1449 = ORIENTED_EDGE('',*,*,#1450,.F.);
#1450 = EDGE_CURVE('',#503,#1451,#1453,.T.);
#1451 = VERTEX_POINT('',#1452);
#1452 = CARTESIAN_POINT('',(4.008869669945,2.49712700405,3.218749923653)
  );
#1453 = B_SPLINE_CURVE_WITH_KNOTS('',8,(#1454,#1455,#1456,#1457,#1458,
    #1459,#1460,#1461,#1462,#1463,#1464,#1465,#1466,#1467,#1468,#1469,
    #1470,#1471,#1472,#1473,#1474,#1475,#1476,#1477,#1478,#1479,#1480),
  .UNSPECIFIED.,.F.,.F.,(9,6,6,6,9),(0.,1.57576206969,3.151524139379,
    4.727286209069,6.303048278758),.UNSPECIFIED.);
#1454 = CARTESIAN_POINT('',(4.008868834973,2.497127002025,3.718749961828
    ));
#1455 = CARTESIAN_POINT('',(4.008869194998,2.200639372667,3.703124945387
    ));
#1456 = CARTESIAN_POINT('',(3.942354158988,1.904152710133,3.687499838394
    ));
#1457 = CARTESIAN_POINT('',(3.809263978841,1.625077336583,3.671875004727
    ));
#1458 = CARTESIAN_POINT('',(3.615145375557,1.380847681755,3.656249982091
    ));
#1459 = CARTESIAN_POINT('',(3.370911076343,1.186720607545,3.64062495521)
  );
#1460 = CARTESIAN_POINT('',(3.091844866604,1.053657674656,3.62499993415)
  );
#1461 = CARTESIAN_POINT('',(2.498871094535,0.920593738301,3.59374992378)
  );
#1462 = CARTESIAN_POINT('',(1.905891933258,1.053657256091,3.562499946482
    ));
#1463 = CARTESIAN_POINT('',(1.626819844468,1.186720678249,3.546874959941
    ));
#1464 = CARTESIAN_POINT('',(1.382583167224,1.380845385293,3.531249953235
    ));
#1465 = CARTESIAN_POINT('',(1.188460233806,1.625081475136,3.515624939789
    ));
#1466 = CARTESIAN_POINT('',(1.05539899933,1.904151248017,3.499999938258)
  );
#1467 = CARTESIAN_POINT('',(0.922337626222,2.497127014055,3.468749942741
    ));
#1468 = CARTESIAN_POINT('',(1.055399197756,3.090102735567,3.437499947225
    ));
#1469 = CARTESIAN_POINT('',(1.188460395909,3.369172433343,3.421874945693
    ));
#1470 = CARTESIAN_POINT('',(1.382582581777,3.613408733319,3.406249932247
    ));
#1471 = CARTESIAN_POINT('',(1.626819531032,3.807534034346,3.390624925541
    ));
#1472 = CARTESIAN_POINT('',(1.905891883376,3.940596878886,3.374999939));
#1473 = CARTESIAN_POINT('',(2.498871103371,4.073659452896,3.343749961701
    ));
#1474 = CARTESIAN_POINT('',(3.091844816722,3.940595936978,3.312499951332
    ));
#1475 = CARTESIAN_POINT('',(3.370911084088,3.80753331425,3.296874930267)
  );
#1476 = CARTESIAN_POINT('',(3.615146138195,3.61340998271,3.281249903407)
  );
#1477 = CARTESIAN_POINT('',(3.809267170791,3.369174710062,3.265624880736
    ));
#1478 = CARTESIAN_POINT('',(3.942349628589,3.090101134309,3.250000047096
    ));
#1479 = CARTESIAN_POINT('',(4.008869309522,2.793614633408,3.234374940096
    ));
#1480 = CARTESIAN_POINT('',(4.008869669945,2.49712700405,3.218749923653)
  );
#1481 = ORIENTED_EDGE('',*,*,#536,.T.);
#1482 = ORIENTED_EDGE('',*,*,#1351,.T.);
#1483 = ORIENTED_EDGE('',*,*,#1484,.F.);
#1484 = EDGE_CURVE('',#1451,#1352,#1485,.T.);
#1485 = B_SPLINE_CURVE_WITH_KNOTS('',1,(#1486,#1487),.UNSPECIFIED.,.F.,
  .F.,(2,2),(0.,6.25E-02),.PIECEWISE_BEZIER_KNOTS.);
#1486 = CARTESIAN_POINT('',(4.008869669945,2.49712700405,3.218749923653)
  );
#1487 = CARTESIAN_POINT('',(4.008870147072,2.49712700405,3.281249923651)
  );
#1488 = B_SPLINE_SURFACE_WITH_KNOTS('',1,11,(
    (#1489,#1490,#1491,#1492,#1493,#1494,#1495,#1496,#1497,#1498,#1499
      ,#1500,#1501,#1502,#1503,#1504,#1505,#1506,#1507,#1508,#1509)
    ,(#1510,#1511,#1512,#1513,#1514,#1515,#1516,#1517,#1518,#1519,#1520
      ,#1521,#1522,#1523,#1524,#1525,#1526,#1527,#1528,#1529,#1530
  )),.UNSPECIFIED.,.F.,.F.,.F.,(2,2),(12,9,12),(0.,6.25E-02),(0.,
    3.151524139379,6.303048278758),.UNSPECIFIED.);
#1489 = CARTESIAN_POINT('',(4.008868834973,2.497127002025,3.718749961828
    ));
#1490 = CARTESIAN_POINT('',(4.008869358646,2.065872268413,3.696022665186
    ));
#1491 = CARTESIAN_POINT('',(3.873420348574,1.634619503607,3.673295184149
    ));
#1492 = CARTESIAN_POINT('',(3.602356183234,1.250637997376,3.650568516244
    ));
#1493 = CARTESIAN_POINT('',(3.214571921459,0.96130402824,3.627840772712)
  );
#1494 = CARTESIAN_POINT('',(2.746912882411,0.805410334516,3.605113287845
    ));
#1495 = CARTESIAN_POINT('',(2.250834170313,0.805454129317,3.582386502));
#1496 = CARTESIAN_POINT('',(1.783188771531,0.961269023797,3.559659014498
    ));
#1497 = CARTESIAN_POINT('',(1.395310083253,1.250654646756,3.536931773077
    ));
#1498 = CARTESIAN_POINT('',(1.12434898989,1.634616807492,3.514204481674)
  );
#1499 = CARTESIAN_POINT('',(0.853387590565,2.497127025591,3.468749942741
    ));
#1500 = CARTESIAN_POINT('',(1.12434927851,3.359637153019,3.423295403808)
  );
#1501 = CARTESIAN_POINT('',(1.395310943879,3.743599593992,3.400568126344
    ));
#1502 = CARTESIAN_POINT('',(1.783182621212,4.032981181101,3.377840816214
    ));
#1503 = CARTESIAN_POINT('',(2.250841460197,4.18881904535,3.355113481312)
  );
#1504 = CARTESIAN_POINT('',(2.746914702068,4.188809710268,3.332386499766
    ));
#1505 = CARTESIAN_POINT('',(3.214556047667,4.032974111259,3.309659167626
    ));
#1506 = CARTESIAN_POINT('',(3.602376316206,3.743610622762,3.28693135524)
  );
#1507 = CARTESIAN_POINT('',(3.873411096038,3.359634173323,3.264204701349
    ));
#1508 = CARTESIAN_POINT('',(4.008869145694,2.928381737662,3.241477220297
    ));
#1509 = CARTESIAN_POINT('',(4.008869669945,2.49712700405,3.218749923653)
  );
#1510 = CARTESIAN_POINT('',(4.008869073536,2.497127002025,3.781249961828
    ));
#1511 = CARTESIAN_POINT('',(4.008869746665,2.065872166235,3.758522665185
    ));
#1512 = CARTESIAN_POINT('',(3.873421995622,1.63461925221,3.735795184142)
  );
#1513 = CARTESIAN_POINT('',(3.602353636224,1.250636770242,3.713068516246
    ));
#1514 = CARTESIAN_POINT('',(3.214574089318,0.961307751132,3.690340772729
    ));
#1515 = CARTESIAN_POINT('',(2.746913159913,0.805403942029,3.667613287809
    ));
#1516 = CARTESIAN_POINT('',(2.25083258945,0.805457608492,3.644886502025)
  );
#1517 = CARTESIAN_POINT('',(1.783189748318,0.96126747929,3.622159014488)
  );
#1518 = CARTESIAN_POINT('',(1.395309629675,1.250654548987,3.599431773078
    ));
#1519 = CARTESIAN_POINT('',(1.124348622424,1.634616598243,3.576704481673
    ));
#1520 = CARTESIAN_POINT('',(0.853387200613,2.497127033849,3.53124994274)
  );
#1521 = CARTESIAN_POINT('',(1.124348994498,3.359637352565,3.485795403807
    ));
#1522 = CARTESIAN_POINT('',(1.395310872552,3.743599397699,3.463068126342
    ));
#1523 = CARTESIAN_POINT('',(1.783181312466,4.032983072567,3.440340816216
    ));
#1524 = CARTESIAN_POINT('',(2.250842910646,4.188818490559,3.417613481302
    ));
#1525 = CARTESIAN_POINT('',(2.746914554873,4.188808955357,3.394886499771
    ));
#1526 = CARTESIAN_POINT('',(3.214554211985,4.032975854094,3.372159167636
    ));
#1527 = CARTESIAN_POINT('',(3.602379387982,3.743610675639,3.349431355218
    ));
#1528 = CARTESIAN_POINT('',(3.873410100495,3.359634330834,3.326704701358
    ));
#1529 = CARTESIAN_POINT('',(4.008869473365,2.928381839841,3.303977220297
    ));
#1530 = CARTESIAN_POINT('',(4.008870147072,2.49712700405,3.281249923651)
  );
#1531 = ADVANCED_FACE('',(#1532),#1626,.F.);
#1532 = FACE_BOUND('',#1533,.F.);
#1533 = EDGE_LOOP('',(#1534,#1619,#1620,#1621));
#1534 = ORIENTED_EDGE('',*,*,#1535,.F.);
#1535 = EDGE_CURVE('',#588,#1536,#1538,.T.);
#1536 = VERTEX_POINT('',#1537);
#1537 = CARTESIAN_POINT('',(3.758868,2.4971269514,3.074413936897));
#1538 = B_SPLINE_CURVE_WITH_KNOTS('',7,(#1539,#1540,#1541,#1542,#1543,
    #1544,#1545,#1546,#1547,#1548,#1549,#1550,#1551,#1552,#1553,#1554,
    #1555,#1556,#1557,#1558,#1559,#1560,#1561,#1562,#1563,#1564,#1565,
    #1566,#1567,#1568,#1569,#1570,#1571,#1572,#1573,#1574,#1575,#1576,
    #1577,#1578,#1579,#1580,#1581,#1582,#1583,#1584,#1585,#1586,#1587,
    #1588,#1589,#1590,#1591,#1592,#1593,#1594,#1595,#1596,#1597,#1598,
    #1599,#1600,#1601,#1602,#1603,#1604,#1605,#1606,#1607,#1608,#1609,
    #1610,#1611,#1612,#1613,#1614,#1615,#1616,#1617,#1618),
  .UNSPECIFIED.,.F.,.F.,(8,6,6,6,6,6,6,6,6,6,6,6,6,8),(0.,
    3.493659701122E-02,0.104977416412,0.133905456792,0.222906955139,
    0.272797329743,0.376353009394,0.501569798904,0.626951649223,
    0.736217275015,0.784947585396,0.868906453076,0.956101120295,1.),
  .UNSPECIFIED.);
#1539 = CARTESIAN_POINT('',(3.758868,2.4971269514,3.5744131848));
#1540 = CARTESIAN_POINT('',(3.758867998476,2.457616025177,3.571917958611
    ));
#1541 = CARTESIAN_POINT('',(3.75742251294,2.41810520532,3.569422528497)
  );
#1542 = CARTESIAN_POINT('',(3.754531592632,2.378658183311,3.566926996324
    ));
#1543 = CARTESIAN_POINT('',(3.750198737952,2.339338283032,3.564431437797
    ));
#1544 = CARTESIAN_POINT('',(3.744430900463,2.300208460764,3.561935902454
    ));
#1545 = CARTESIAN_POINT('',(3.737238482889,2.26133130519,3.559440413674)
  );
#1546 = CARTESIAN_POINT('',(3.711387773784,2.145459480488,3.551942105546
    ));
#1547 = CARTESIAN_POINT('',(3.688469370278,2.069412462177,3.546939278799
    ));
#1548 = CARTESIAN_POINT('',(3.659992481164,1.995131186893,3.541936796517
    ));
#1549 = CARTESIAN_POINT('',(3.62612343499,1.92310164544,3.536934522115)
  );
#1550 = CARTESIAN_POINT('',(3.587080506631,1.853788188737,3.531932170735
    ));
#1551 = CARTESIAN_POINT('',(3.543131887646,1.787629101569,3.526929605629
    ));
#1552 = CARTESIAN_POINT('',(3.474546548116,1.699178589863,3.51986102959)
  );
#1553 = CARTESIAN_POINT('',(3.453716243292,1.673932225337,3.517794909703
    ));
#1554 = CARTESIAN_POINT('',(3.43212489989,1.649321646851,3.515728774334)
  );
#1555 = CARTESIAN_POINT('',(3.40979587284,1.625374301554,3.513662623743)
  );
#1556 = CARTESIAN_POINT('',(3.386753714265,1.602116519647,3.511596459019
    ));
#1557 = CARTESIAN_POINT('',(3.363024173489,1.579573514388,3.509530282072
    ));
#1558 = CARTESIAN_POINT('',(3.263594739771,1.490685666104,3.50110716009)
  );
#1559 = CARTESIAN_POINT('',(3.182296580631,1.430589553499,3.494749565007
    ));
#1560 = CARTESIAN_POINT('',(3.095532172099,1.378193228373,3.488392348088
    ));
#1561 = CARTESIAN_POINT('',(3.004182300921,1.334079989913,3.482035436379
    ));
#1562 = CARTESIAN_POINT('',(2.909196677226,1.298708433213,3.475678324602
    ));
#1563 = CARTESIAN_POINT('',(2.811579807949,1.272405637327,3.469320828157
    ));
#1564 = CARTESIAN_POINT('',(2.656776258241,1.245788352568,3.459400499002
    ));
#1565 = CARTESIAN_POINT('',(2.600670360443,1.239132275623,3.455837060982
    ));
#1566 = CARTESIAN_POINT('',(2.544247414161,1.235412574362,3.452273649949
    ));
#1567 = CARTESIAN_POINT('',(2.487691867167,1.234646234093,3.448710250212
    ));
#1568 = CARTESIAN_POINT('',(2.431188798165,1.236835767869,3.445146823615
    ));
#1569 = CARTESIAN_POINT('',(2.374923052942,1.241969203546,3.441583355965
    ));
#1570 = CARTESIAN_POINT('',(2.203163576302,1.266730970338,3.430623371632
    ));
#1571 = CARTESIAN_POINT('',(2.089041763518,1.296014300044,3.423225580513
    ));
#1572 = CARTESIAN_POINT('',(1.978384531861,1.3376360742,3.415828596985)
  );
#1573 = CARTESIAN_POINT('',(1.872778813283,1.391082458831,3.408432135566
    ));
#1574 = CARTESIAN_POINT('',(1.77371002248,1.455601647699,3.401035149911)
  );
#1575 = CARTESIAN_POINT('',(1.682531842621,1.530219190179,3.39363739236)
  );
#1576 = CARTESIAN_POINT('',(1.501138399518,1.714701929699,3.377297348786
    ));
#1577 = CARTESIAN_POINT('',(1.415059746454,1.828730181824,3.36835083421)
  );
#1578 = CARTESIAN_POINT('',(1.344313290694,1.9536812453,3.359407007829)
  );
#1579 = CARTESIAN_POINT('',(1.290495194528,2.087047567617,3.350464321878
    ));
#1580 = CARTESIAN_POINT('',(1.254704885876,2.22610495828,3.341520481835)
  );
#1581 = CARTESIAN_POINT('',(1.237533711851,2.367940159411,3.332573945812
    ));
#1582 = CARTESIAN_POINT('',(1.240326485459,2.651333310273,3.314674876019
    ));
#1583 = CARTESIAN_POINT('',(1.260340384146,2.792989028738,3.305716135689
    ));
#1584 = CARTESIAN_POINT('',(1.298964087697,2.931488191347,3.296759719393
    ));
#1585 = CARTESIAN_POINT('',(1.355545427639,3.063918341365,3.287804298424
    ));
#1586 = CARTESIAN_POINT('',(1.42892553945,3.187567416629,3.278847952442)
  );
#1587 = CARTESIAN_POINT('',(1.517450783677,3.299951078373,3.269889298081
    ));
#1588 = CARTESIAN_POINT('',(1.707387840752,3.48527111987,3.253129609414)
  );
#1589 = CARTESIAN_POINT('',(1.805725581585,3.561464838647,3.245323873835
    ));
#1590 = CARTESIAN_POINT('',(1.912539199903,3.626161573922,3.237519381219
    ));
#1591 = CARTESIAN_POINT('',(2.026202293573,3.678265313076,3.229715601181
    ));
#1592 = CARTESIAN_POINT('',(2.144935441019,3.716960310294,3.221910989159
    ));
#1593 = CARTESIAN_POINT('',(2.266846628092,3.741729660884,3.214105120533
    ));
#1594 = CARTESIAN_POINT('',(2.444858539921,3.757174656589,3.202820166576
    ));
#1595 = CARTESIAN_POINT('',(2.500005834761,3.759136710453,3.199339536969
    ));
#1596 = CARTESIAN_POINT('',(2.555224316561,3.75828222112,3.195858924015)
  );
#1597 = CARTESIAN_POINT('',(2.61034140161,3.754609484702,3.192378330185)
  );
#1598 = CARTESIAN_POINT('',(2.665185005129,3.748129973832,3.188897739037
    ));
#1599 = CARTESIAN_POINT('',(2.719584306124,3.738868284279,3.185417148618
    ));
#1600 = CARTESIAN_POINT('',(2.866040329572,3.706176245992,3.175939874909
    ));
#1601 = CARTESIAN_POINT('',(2.956898035729,3.677341670455,3.169942787312
    ));
#1602 = CARTESIAN_POINT('',(3.045071841523,3.640550906349,3.163946076131
    ));
#1603 = CARTESIAN_POINT('',(3.129730963594,3.596112360366,3.157949642132
    ));
#1604 = CARTESIAN_POINT('',(3.210091960436,3.544437239458,3.151953035533
    ));
#1605 = CARTESIAN_POINT('',(3.285429081861,3.486034134617,3.145956027755
    ));
#1606 = CARTESIAN_POINT('',(3.427432881533,3.354501621003,3.13373139989)
  );
#1607 = CARTESIAN_POINT('',(3.49366480238,3.280880924461,3.127502836834)
  );
#1608 = CARTESIAN_POINT('',(3.553048116164,3.201327669209,3.121274410579
    ));
#1609 = CARTESIAN_POINT('',(3.604956417939,3.116612775377,3.115045888416
    ));
#1610 = CARTESIAN_POINT('',(3.648871613053,3.027581906842,3.108817013733
    ));
#1611 = CARTESIAN_POINT('',(3.684391366178,2.935143226669,3.102588108927
    ));
#1612 = CARTESIAN_POINT('',(3.724765530624,2.792491106631,3.093224774907
    ));
#1613 = CARTESIAN_POINT('',(3.736089666968,2.744099917041,3.090089423348
    ));
#1614 = CARTESIAN_POINT('',(3.745183582573,2.695208542884,3.086954233366
    ));
#1615 = CARTESIAN_POINT('',(3.752021394475,2.645940367676,3.083819203846
    ));
#1616 = CARTESIAN_POINT('',(3.756585774805,2.596420164188,3.080684267488
    ));
#1617 = CARTESIAN_POINT('',(3.758868,2.546773642823,3.07754926896));
#1618 = CARTESIAN_POINT('',(3.758868,2.497127,3.074413943035));
#1619 = ORIENTED_EDGE('',*,*,#656,.T.);
#1620 = ORIENTED_EDGE('',*,*,#1450,.T.);
#1621 = ORIENTED_EDGE('',*,*,#1622,.F.);
#1622 = EDGE_CURVE('',#1536,#1451,#1623,.T.);
#1623 = B_SPLINE_CURVE_WITH_KNOTS('',1,(#1624,#1625),.UNSPECIFIED.,.F.,
  .F.,(2,2),(0.,0.4355),.PIECEWISE_BEZIER_KNOTS.);
#1624 = CARTESIAN_POINT('',(3.631713944297,2.497126851303,3.001002802867
    ));
#1625 = CARTESIAN_POINT('',(4.008869669945,2.49712700405,3.218749923653)
  );
#1626 = B_SPLINE_SURFACE_WITH_KNOTS('',1,8,(
    (#1627,#1628,#1629,#1630,#1631,#1632,#1633,#1634,#1635,#1636,#1637
      ,#1638,#1639,#1640,#1641,#1642,#1643,#1644,#1645,#1646,#1647,#1648
      ,#1649,#1650,#1651,#1652,#1653)
    ,(#1654,#1655,#1656,#1657,#1658,#1659,#1660,#1661,#1662,#1663,#1664
      ,#1665,#1666,#1667,#1668,#1669,#1670,#1671,#1672,#1673,#1674,#1675
      ,#1676,#1677,#1678,#1679,#1680
    )),.UNSPECIFIED.,.F.,.F.,.F.,(2,2),(9,6,6,6,9),(0.,0.4355),(0.,
    1.57576206969,3.151524139379,4.727286209069,6.303048278758),
  .UNSPECIFIED.);
#1627 = CARTESIAN_POINT('',(3.631713940472,2.497126925652,3.501001401434
    ));
#1628 = CARTESIAN_POINT('',(3.631713927523,2.274677607381,3.48537700504)
  );
#1629 = CARTESIAN_POINT('',(3.581807142592,2.052279728031,3.469755932963
    ));
#1630 = CARTESIAN_POINT('',(3.481981044415,1.842894061816,3.454124826257
    ));
#1631 = CARTESIAN_POINT('',(3.336321316351,1.659653438718,3.438500657886
    ));
#1632 = CARTESIAN_POINT('',(3.153098801634,1.514024390041,3.422876644315
    ));
#1633 = CARTESIAN_POINT('',(2.943735751995,1.414195353843,3.407252417539
    ));
#1634 = CARTESIAN_POINT('',(2.498871181341,1.314367138009,3.376002798201
    ));
#1635 = CARTESIAN_POINT('',(2.053999436937,1.414194948999,3.344751964818
    ));
#1636 = CARTESIAN_POINT('',(1.844630000544,1.514023274667,3.329126470723
    ));
#1637 = CARTESIAN_POINT('',(1.661399342507,1.659662149643,3.313501716911
    ));
#1638 = CARTESIAN_POINT('',(1.515764057759,1.842891491343,3.297877210517
    ));
#1639 = CARTESIAN_POINT('',(1.415937115497,2.052257719094,3.282252266745
    ));
#1640 = CARTESIAN_POINT('',(1.316110185165,2.497127116515,3.25100210215)
  );
#1641 = CARTESIAN_POINT('',(1.415937204005,2.941996494076,3.219751937556
    ));
#1642 = CARTESIAN_POINT('',(1.515764187327,3.151362701825,3.204126993784
    ));
#1643 = CARTESIAN_POINT('',(1.661399504735,3.33459201581,3.18850248739)
  );
#1644 = CARTESIAN_POINT('',(1.844630192695,3.480230857423,3.172877733578
    ));
#1645 = CARTESIAN_POINT('',(2.053999649953,3.580059139219,3.157252239483
    ));
#1646 = CARTESIAN_POINT('',(2.498871414283,3.679886858286,3.1260014061)
  );
#1647 = CARTESIAN_POINT('',(2.943735965011,3.580058556777,3.094751786762
    ));
#1648 = CARTESIAN_POINT('',(3.153098995257,3.480229480773,3.079127559986
    ));
#1649 = CARTESIAN_POINT('',(3.336321484748,3.334600413155,3.063503546415
    ));
#1650 = CARTESIAN_POINT('',(3.481981187867,3.151359735659,3.047879378045
    ));
#1651 = CARTESIAN_POINT('',(3.581807209449,2.941974058008,3.032248271338
    ));
#1652 = CARTESIAN_POINT('',(3.631713971838,2.719576169574,3.016627199261
    ));
#1653 = CARTESIAN_POINT('',(3.631713944297,2.497126851303,3.001002802867
    ));
#1654 = CARTESIAN_POINT('',(4.008868834973,2.497127002025,3.718749961828
    ));
#1655 = CARTESIAN_POINT('',(4.008869194998,2.200639372667,3.703124945387
    ));
#1656 = CARTESIAN_POINT('',(3.942354158988,1.904152710133,3.687499838394
    ));
#1657 = CARTESIAN_POINT('',(3.809263978841,1.625077336583,3.671875004727
    ));
#1658 = CARTESIAN_POINT('',(3.615145375557,1.380847681755,3.656249982091
    ));
#1659 = CARTESIAN_POINT('',(3.370911076343,1.186720607545,3.64062495521)
  );
#1660 = CARTESIAN_POINT('',(3.091844866604,1.053657674656,3.62499993415)
  );
#1661 = CARTESIAN_POINT('',(2.498871094535,0.920593738301,3.59374992378)
  );
#1662 = CARTESIAN_POINT('',(1.905891933258,1.053657256091,3.562499946482
    ));
#1663 = CARTESIAN_POINT('',(1.626819844468,1.186720678249,3.546874959941
    ));
#1664 = CARTESIAN_POINT('',(1.382583167224,1.380845385293,3.531249953235
    ));
#1665 = CARTESIAN_POINT('',(1.188460233806,1.625081475136,3.515624939789
    ));
#1666 = CARTESIAN_POINT('',(1.05539899933,1.904151248017,3.499999938258)
  );
#1667 = CARTESIAN_POINT('',(0.922337626222,2.497127014055,3.468749942741
    ));
#1668 = CARTESIAN_POINT('',(1.055399197756,3.090102735567,3.437499947225
    ));
#1669 = CARTESIAN_POINT('',(1.188460395909,3.369172433343,3.421874945693
    ));
#1670 = CARTESIAN_POINT('',(1.382582581777,3.613408733319,3.406249932247
    ));
#1671 = CARTESIAN_POINT('',(1.626819531032,3.807534034346,3.390624925541
    ));
#1672 = CARTESIAN_POINT('',(1.905891883376,3.940596878886,3.374999939));
#1673 = CARTESIAN_POINT('',(2.498871103371,4.073659452896,3.343749961701
    ));
#1674 = CARTESIAN_POINT('',(3.091844816722,3.940595936978,3.312499951332
    ));
#1675 = CARTESIAN_POINT('',(3.370911084088,3.80753331425,3.296874930267)
  );
#1676 = CARTESIAN_POINT('',(3.615146138195,3.61340998271,3.281249903407)
  );
#1677 = CARTESIAN_POINT('',(3.809267170791,3.369174710062,3.265624880736
    ));
#1678 = CARTESIAN_POINT('',(3.942349628589,3.090101134309,3.250000047096
    ));
#1679 = CARTESIAN_POINT('',(4.008869309522,2.793614633408,3.234374940096
    ));
#1680 = CARTESIAN_POINT('',(4.008869669945,2.49712700405,3.218749923653)
  );
#1681 = ADVANCED_FACE('',(#1682),#1777,.F.);
#1682 = FACE_BOUND('',#1683,.T.);
#1683 = EDGE_LOOP('',(#1684,#1685,#1686,#1771));
#1684 = ORIENTED_EDGE('',*,*,#1535,.F.);
#1685 = ORIENTED_EDGE('',*,*,#812,.T.);
#1686 = ORIENTED_EDGE('',*,*,#1687,.T.);
#1687 = EDGE_CURVE('',#722,#1688,#1690,.T.);
#1688 = VERTEX_POINT('',#1689);
#1689 = CARTESIAN_POINT('',(3.758868,2.4971269271,2.92559312928));
#1690 = B_SPLINE_CURVE_WITH_KNOTS('',7,(#1691,#1692,#1693,#1694,#1695,
    #1696,#1697,#1698,#1699,#1700,#1701,#1702,#1703,#1704,#1705,#1706,
    #1707,#1708,#1709,#1710,#1711,#1712,#1713,#1714,#1715,#1716,#1717,
    #1718,#1719,#1720,#1721,#1722,#1723,#1724,#1725,#1726,#1727,#1728,
    #1729,#1730,#1731,#1732,#1733,#1734,#1735,#1736,#1737,#1738,#1739,
    #1740,#1741,#1742,#1743,#1744,#1745,#1746,#1747,#1748,#1749,#1750,
    #1751,#1752,#1753,#1754,#1755,#1756,#1757,#1758,#1759,#1760,#1761,
    #1762,#1763,#1764,#1765,#1766,#1767,#1768,#1769,#1770),
  .UNSPECIFIED.,.F.,.F.,(8,6,6,6,6,6,6,6,6,6,6,6,6,8),(0.,
    3.800168948959E-02,0.13347880672,0.228489231739,0.291866733455,
    0.38150874408,0.505240327041,0.630195740261,0.74841575572,
    0.810990084247,0.867600105267,0.896334071444,0.96016044658,1.),
  .UNSPECIFIED.);
#1691 = CARTESIAN_POINT('',(3.758868,2.4971269028,3.425591275273));
#1692 = CARTESIAN_POINT('',(3.758867996685,2.454149463931,3.42287721294)
  );
#1693 = CARTESIAN_POINT('',(3.757157736428,2.411172069795,3.420163470762
    ));
#1694 = CARTESIAN_POINT('',(3.753737287582,2.368276783583,3.417449834252
    ));
#1695 = CARTESIAN_POINT('',(3.748611546465,2.325545101442,3.414736151524
    ));
#1696 = CARTESIAN_POINT('',(3.741790237362,2.283057952471,3.412022333289
    ));
#1697 = CARTESIAN_POINT('',(3.733287912528,2.240895698724,3.409308352859
    ));
#1698 = CARTESIAN_POINT('',(3.697587570874,2.094224594769,3.399775204969
    ));
#1699 = CARTESIAN_POINT('',(3.661559124664,1.991852080047,3.392954479322
    ));
#1700 = CARTESIAN_POINT('',(3.615346175718,1.893301847947,3.38613354756)
  );
#1701 = CARTESIAN_POINT('',(3.559450219731,1.799779208267,3.379313064938
    ));
#1702 = CARTESIAN_POINT('',(3.494539762683,1.712403117409,3.372492744737
    ));
#1703 = CARTESIAN_POINT('',(3.421438930302,1.632186600935,3.365672207601
    ));
#1704 = CARTESIAN_POINT('',(3.261216832407,1.488182218005,3.352066723802
    ));
#1705 = CARTESIAN_POINT('',(3.17414686136,1.424298896122,3.345280174001)
  );
#1706 = CARTESIAN_POINT('',(3.080885112882,1.369229481413,3.338494367667
    ));
#1707 = CARTESIAN_POINT('',(2.982509558983,1.323675877486,3.331708869162
    ));
#1708 = CARTESIAN_POINT('',(2.880185378038,1.28817759789,3.324922829881)
  );
#1709 = CARTESIAN_POINT('',(2.775145141376,1.263102609302,3.31813606283)
  );
#1710 = CARTESIAN_POINT('',(2.59765575944,1.238962370367,3.306823218279)
  );
#1711 = CARTESIAN_POINT('',(2.525992290429,1.234016090783,3.302296330049
    ));
#1712 = CARTESIAN_POINT('',(2.454064245216,1.233834399615,3.297769479527
    ));
#1713 = CARTESIAN_POINT('',(2.382251665431,1.238430764068,3.293242662754
    ));
#1714 = CARTESIAN_POINT('',(2.310933633096,1.247780930853,3.288715807602
    ));
#1715 = CARTESIAN_POINT('',(2.240485385291,1.26182310741,3.284188902698)
  );
#1716 = CARTESIAN_POINT('',(2.07338391391,1.30681579408,3.273259391561)
  );
#1717 = CARTESIAN_POINT('',(1.977957512906,1.342364828504,3.266856132083
    ));
#1718 = CARTESIAN_POINT('',(1.886048427148,1.38682501355,3.260453377455)
  );
#1719 = CARTESIAN_POINT('',(1.798647382986,1.439767372362,3.254050945105
    ));
#1720 = CARTESIAN_POINT('',(1.716676201774,1.500633487401,3.247648237153
    ));
#1721 = CARTESIAN_POINT('',(1.64097384811,1.568743972322,3.241245045937)
  );
#1722 = CARTESIAN_POINT('',(1.477453240527,1.746199363274,3.22600484399)
  );
#1723 = CARTESIAN_POINT('',(1.395931956004,1.861422237006,3.217164275609
    ));
#1724 = CARTESIAN_POINT('',(1.329694283736,1.986844978164,3.208325865442
    ));
#1725 = CARTESIAN_POINT('',(1.280207297502,2.120004846435,3.199488340099
    ));
#1726 = CARTESIAN_POINT('',(1.248458438024,2.258245124477,3.19064984763)
  );
#1727 = CARTESIAN_POINT('',(1.23494513878,2.398742511659,3.181809214711)
  );
#1728 = CARTESIAN_POINT('',(1.244201677909,2.679834921086,3.1640467532)
  );
#1729 = CARTESIAN_POINT('',(1.267334860898,2.82051263044,3.155118956993)
  );
#1730 = CARTESIAN_POINT('',(1.308874268354,2.957640140806,3.14619382799)
  );
#1731 = CARTESIAN_POINT('',(1.368110468272,3.088350077185,3.137269874583
    ));
#1732 = CARTESIAN_POINT('',(1.443838344165,3.209983513723,3.128344763388
    ));
#1733 = CARTESIAN_POINT('',(1.534369554659,3.320116937706,3.119416968195
    ));
#1734 = CARTESIAN_POINT('',(1.735082978607,3.508120235592,3.102048172367
    ));
#1735 = CARTESIAN_POINT('',(1.84400204304,3.587464267397,3.093601838362)
  );
#1736 = CARTESIAN_POINT('',(1.962428187694,3.653015144001,3.085157048492
    ));
#1737 = CARTESIAN_POINT('',(2.088248745526,3.703459027467,3.076713288457
    ));
#1738 = CARTESIAN_POINT('',(2.219158946155,3.737871835528,3.068268519861
    ));
#1739 = CARTESIAN_POINT('',(2.352723500213,3.755743984948,3.059822197986
    ));
#1740 = CARTESIAN_POINT('',(2.557177110198,3.757764908712,3.046908909618
    ));
#1741 = CARTESIAN_POINT('',(2.6279873965,3.753827564013,3.042439461036)
  );
#1742 = CARTESIAN_POINT('',(2.698477782842,3.745249858182,3.037970116802
    ));
#1743 = CARTESIAN_POINT('',(2.768283739417,3.73206419646,3.033500837088)
  );
#1744 = CARTESIAN_POINT('',(2.837046067042,3.714338439689,3.029031514705
    ));
#1745 = CARTESIAN_POINT('',(2.904413555814,3.692175395674,3.02456211098)
  );
#1746 = CARTESIAN_POINT('',(3.02942197214,3.641771569335,3.016049467958)
  );
#1747 = CARTESIAN_POINT('',(3.087379952866,3.614310667592,3.012006076282
    ));
#1748 = CARTESIAN_POINT('',(3.143667761721,3.58343118007,3.007962714024)
  );
#1749 = CARTESIAN_POINT('',(3.198044270851,3.549256298212,3.003919366288
    ));
#1750 = CARTESIAN_POINT('',(3.250280427971,3.511929966515,2.999875982792
    ));
#1751 = CARTESIAN_POINT('',(3.300160635566,3.471616018893,2.995832554822
    ));
#1752 = CARTESIAN_POINT('',(3.371504465484,3.406611236291,2.989736872742
    ));
#1753 = CARTESIAN_POINT('',(3.394866334364,3.384002359686,2.987684553842
    ));
#1754 = CARTESIAN_POINT('',(3.417543551014,3.360694550465,2.985632237467
    ));
#1755 = CARTESIAN_POINT('',(3.439511106,3.33671274971,2.983579925252));
#1756 = CARTESIAN_POINT('',(3.460745166175,3.312082974348,2.981527618465
    ));
#1757 = CARTESIAN_POINT('',(3.481223074681,3.286832317146,2.97947531801)
  );
#1758 = CARTESIAN_POINT('',(3.544683311383,3.203583413292,2.972864292106
    ));
#1759 = CARTESIAN_POINT('',(3.584607434923,3.143251767464,2.968305481989
    ));
#1760 = CARTESIAN_POINT('',(3.620459428381,3.080304080961,2.963746791453
    ));
#1761 = CARTESIAN_POINT('',(3.652035976325,3.015071407225,2.95918816771)
  );
#1762 = CARTESIAN_POINT('',(3.679168043125,2.94790303862,2.954629470773)
  );
#1763 = CARTESIAN_POINT('',(3.70172217501,2.879163763658,2.950070636415)
  );
#1764 = CARTESIAN_POINT('',(3.730762021673,2.76558012384,2.942666300014)
  );
#1765 = CARTESIAN_POINT('',(3.740101263311,2.721463272696,2.939820737973
    ));
#1766 = CARTESIAN_POINT('',(3.747596134274,2.676972305436,2.936975144083
    ));
#1767 = CARTESIAN_POINT('',(3.753229068765,2.632199671905,2.934129534185
    ));
#1768 = CARTESIAN_POINT('',(3.756988327959,2.587238537139,2.931283948897
    ));
#1769 = CARTESIAN_POINT('',(3.758868,2.542182781365,2.928438453608));
#1770 = CARTESIAN_POINT('',(3.758868,2.497127,2.925593138487));
#1771 = ORIENTED_EDGE('',*,*,#1772,.F.);
#1772 = EDGE_CURVE('',#1536,#1688,#1773,.T.);
#1773 = LINE('',#1774,#1775);
#1774 = CARTESIAN_POINT('',(3.758868,2.497127,4.));
#1775 = VECTOR('',#1776,1.);
#1776 = DIRECTION('',(-6.765527267673E-17,0.,-1.));
#1777 = CYLINDRICAL_SURFACE('',#1778,1.26);
#1778 = AXIS2_PLACEMENT_3D('',#1779,#1780,#1781);
#1779 = CARTESIAN_POINT('',(2.498868,2.497127,4.));
#1780 = DIRECTION('',(-0.,-0.,-1.));
#1781 = DIRECTION('',(1.,0.,0.));
#1782 = ADVANCED_FACE('',(#1783),#1904,.F.);
#1783 = FACE_BOUND('',#1784,.F.);
#1784 = EDGE_LOOP('',(#1785,#1811,#1818,#1903));
#1785 = ORIENTED_EDGE('',*,*,#1786,.F.);
#1786 = EDGE_CURVE('',#1787,#828,#1789,.T.);
#1787 = VERTEX_POINT('',#1788);
#1788 = CARTESIAN_POINT('',(4.008875514751,2.49712701418,0.781249732708)
  );
#1789 = B_SPLINE_CURVE_WITH_KNOTS('',11,(#1790,#1791,#1792,#1793,#1794,
    #1795,#1796,#1797,#1798,#1799,#1800,#1801,#1802,#1803,#1804,#1805,
    #1806,#1807,#1808,#1809,#1810),.UNSPECIFIED.,.F.,.F.,(12,9,12),(0.,
    3.151524139379,6.303048278758),.UNSPECIFIED.);
#1790 = CARTESIAN_POINT('',(4.008875514751,2.49712701418,0.781249732708)
  );
#1791 = CARTESIAN_POINT('',(4.00887619135,2.06587033918,0.75852243605));
#1792 = CARTESIAN_POINT('',(3.873427866096,1.634615583102,0.735794954873
    ));
#1793 = CARTESIAN_POINT('',(3.602358352457,1.250631462646,0.713068287367
    ));
#1794 = CARTESIAN_POINT('',(3.214577156876,0.961301206081,0.690340543546
    ));
#1795 = CARTESIAN_POINT('',(2.746914229135,0.80539672608,0.66761305849)
  );
#1796 = CARTESIAN_POINT('',(2.250831546493,0.805450391964,0.644886273018
    ));
#1797 = CARTESIAN_POINT('',(1.78318670745,0.961260921097,0.622158785344)
  );
#1798 = CARTESIAN_POINT('',(1.395304932281,1.250649223216,0.599431543954
    ));
#1799 = CARTESIAN_POINT('',(1.124342766065,1.634612908019,0.576704252537
    ));
#1800 = CARTESIAN_POINT('',(0.853380181487,2.497127020602,0.531249713609
    ));
#1801 = CARTESIAN_POINT('',(1.124343124253,3.359641020659,0.485795174679
    ));
#1802 = CARTESIAN_POINT('',(1.395306154784,3.743604705917,0.463067897212
    ));
#1803 = CARTESIAN_POINT('',(1.783178248072,4.032989618401,0.44034058706)
  );
#1804 = CARTESIAN_POINT('',(2.250841838311,4.188825704579,0.41761325211)
  );
#1805 = CARTESIAN_POINT('',(2.746915598991,4.188816173826,0.394886270761
    ));
#1806 = CARTESIAN_POINT('',(3.214557253636,4.032982411491,0.372158938593
    ));
#1807 = CARTESIAN_POINT('',(3.602384084433,3.74361600079,0.349431125824)
  );
#1808 = CARTESIAN_POINT('',(3.873415957088,3.359638022073,0.326704472364
    ));
#1809 = CARTESIAN_POINT('',(4.008875911108,2.928383691207,0.303976991168
    ));
#1810 = CARTESIAN_POINT('',(4.008876588286,2.497127016207,0.281249694507
    ));
#1811 = ORIENTED_EDGE('',*,*,#1812,.T.);
#1812 = EDGE_CURVE('',#1787,#1813,#1815,.T.);
#1813 = VERTEX_POINT('',#1814);
#1814 = CARTESIAN_POINT('',(3.758868,2.497126829897,0.925600545429));
#1815 = B_SPLINE_CURVE_WITH_KNOTS('',1,(#1816,#1817),.UNSPECIFIED.,.F.,
  .F.,(2,2),(0.,0.4355),.PIECEWISE_BEZIER_KNOTS.);
#1816 = CARTESIAN_POINT('',(4.008875514751,2.49712701418,0.781249732708)
  );
#1817 = CARTESIAN_POINT('',(3.631727269627,2.497126479571,0.999009809858
    ));
#1818 = ORIENTED_EDGE('',*,*,#1819,.T.);
#1819 = EDGE_CURVE('',#1813,#854,#1820,.T.);
#1820 = B_SPLINE_CURVE_WITH_KNOTS('',6,(#1821,#1822,#1823,#1824,#1825,
    #1826,#1827,#1828,#1829,#1830,#1831,#1832,#1833,#1834,#1835,#1836,
    #1837,#1838,#1839,#1840,#1841,#1842,#1843,#1844,#1845,#1846,#1847,
    #1848,#1849,#1850,#1851,#1852,#1853,#1854,#1855,#1856,#1857,#1858,
    #1859,#1860,#1861,#1862,#1863,#1864,#1865,#1866,#1867,#1868,#1869,
    #1870,#1871,#1872,#1873,#1874,#1875,#1876,#1877,#1878,#1879,#1880,
    #1881,#1882,#1883,#1884,#1885,#1886,#1887,#1888,#1889,#1890,#1891,
    #1892,#1893,#1894,#1895,#1896,#1897,#1898,#1899,#1900,#1901,#1902),
  .UNSPECIFIED.,.F.,.F.,(7,5,5,5,5,5,5,5,5,5,5,5,5,5,5,5,7),(0.,
    3.800075432491E-02,0.109282427612,0.136163358753,0.228162034555,
    0.290769347768,0.382953598204,0.453301410703,0.501302401018,
    0.552225137686,0.631225191978,0.749103408987,0.809047978682,
    0.870038735763,0.896196153436,0.95874885152,1.),.UNSPECIFIED.);
#1821 = CARTESIAN_POINT('',(3.758868,2.497126659793,0.925600545429));
#1822 = CARTESIAN_POINT('',(3.758868,2.446986313297,0.922434131492));
#1823 = CARTESIAN_POINT('',(3.756473640174,2.396846029057,0.91926816582)
  );
#1824 = CARTESIAN_POINT('',(3.75168504009,2.34684941767,0.91610227307));
#1825 = CARTESIAN_POINT('',(3.744513584578,2.297138766629,0.912936223967
    ));
#1826 = CARTESIAN_POINT('',(3.734981923728,2.24785504033,0.909769935308)
  );
#1827 = CARTESIAN_POINT('',(3.700880872917,2.107754412464,0.900663826055
    ));
#1828 = CARTESIAN_POINT('',(3.670451046301,2.018359551484,0.894723199946
    ));
#1829 = CARTESIAN_POINT('',(3.632059731027,1.931877853239,0.888782306637
    ));
#1830 = CARTESIAN_POINT('',(3.586066354199,1.849187835519,0.882841325252
    ));
#1831 = CARTESIAN_POINT('',(3.532956401529,1.771105314751,0.876900362334
    ));
#1832 = CARTESIAN_POINT('',(3.450848898262,1.670936402872,0.868719721509
    ));
#1833 = CARTESIAN_POINT('',(3.427437902578,1.644265519074,0.866479567795
    ));
#1834 = CARTESIAN_POINT('',(3.403132472082,1.61839332859,0.864239455907)
  );
#1835 = CARTESIAN_POINT('',(3.377966821944,1.593357082935,0.861999385183
    ));
#1836 = CARTESIAN_POINT('',(3.351977210204,1.569192048108,0.859759352403
    ));
#1837 = CARTESIAN_POINT('',(3.233564873767,1.466323428861,0.84985305894)
  );
#1838 = CARTESIAN_POINT('',(3.132713424445,1.397299576178,0.842186213342
    ));
#1839 = CARTESIAN_POINT('',(3.024200128979,1.34021658373,0.834520600485)
  );
#1840 = CARTESIAN_POINT('',(2.909807306584,1.296081930623,0.826854751842
    ));
#1841 = CARTESIAN_POINT('',(2.791466512132,1.265574453776,0.819187606399
    ));
#1842 = CARTESIAN_POINT('',(2.589390743975,1.237670636005,0.806304076433
    ));
#1843 = CARTESIAN_POINT('',(2.506669533557,1.232808720607,0.801086716072
    ));
#1844 = CARTESIAN_POINT('',(2.423694832556,1.234472425434,0.795869466922
    ));
#1845 = CARTESIAN_POINT('',(2.341108809451,1.242665505351,0.790652215523
    ));
#1846 = CARTESIAN_POINT('',(2.259548666754,1.257308070538,0.785434840588
    ));
#1847 = CARTESIAN_POINT('',(2.061973830625,1.309053518485,0.772535721909
    ));
#1848 = CARTESIAN_POINT('',(1.947865701163,1.353503867359,0.764852956382
    ));
#1849 = CARTESIAN_POINT('',(1.839321028938,1.411068548438,0.757171412739
    ));
#1850 = CARTESIAN_POINT('',(1.73818823919,1.480837913143,0.749489914054)
  );
#1851 = CARTESIAN_POINT('',(1.646126697342,1.561591252569,0.741807239301
    ));
#1852 = CARTESIAN_POINT('',(1.502250308342,1.720616088343,0.728263218764
    ));
#1853 = CARTESIAN_POINT('',(1.446059385153,1.794953779812,0.722400741795
    ));
#1854 = CARTESIAN_POINT('',(1.396564298783,1.874120855351,0.71653846825)
  );
#1855 = CARTESIAN_POINT('',(1.354270800737,1.957358189592,0.710676134973
    ));
#1856 = CARTESIAN_POINT('',(1.319568389242,2.043840946994,0.704813496609
    ));
#1857 = CARTESIAN_POINT('',(1.2744034838,2.193320961152,0.694950975257)
  );
#1858 = CARTESIAN_POINT('',(1.259741909862,2.255053939939,0.690950813244
    ));
#1859 = CARTESIAN_POINT('',(1.248820803881,2.317615517061,0.686950709765
    ));
#1860 = CARTESIAN_POINT('',(1.241695506398,2.380722201066,0.682950636085
    ));
#1861 = CARTESIAN_POINT('',(1.238392696417,2.444086381647,0.67895056007)
  );
#1862 = CARTESIAN_POINT('',(1.239458864484,2.574606152027,0.670707086945
    ));
#1863 = CARTESIAN_POINT('',(1.244307069969,2.641759150613,0.666463611094
    ));
#1864 = CARTESIAN_POINT('',(1.253451796104,2.708532241566,0.66222023999)
  );
#1865 = CARTESIAN_POINT('',(1.266853465027,2.774582713783,0.657976913076
    ));
#1866 = CARTESIAN_POINT('',(1.284436340767,2.839573997768,0.653733563923
    ));
#1867 = CARTESIAN_POINT('',(1.339680543782,3.001853877364,0.642907377769
    ));
#1868 = CARTESIAN_POINT('',(1.383069919281,3.097200621788,0.636324086122
    ));
#1869 = CARTESIAN_POINT('',(1.435840706419,3.187988101723,0.629741298378
    ));
#1870 = CARTESIAN_POINT('',(1.497374313174,3.273080578756,0.623158424451
    ));
#1871 = CARTESIAN_POINT('',(1.566884079448,3.351451583145,0.616574917409
    ));
#1872 = CARTESIAN_POINT('',(1.757606870266,3.52781696817,0.600168770546)
  );
#1873 = CARTESIAN_POINT('',(1.887479336874,3.616533109209,0.590342400845
    ));
#1874 = CARTESIAN_POINT('',(2.029829209527,3.685372793875,0.580519546656
    ));
#1875 = CARTESIAN_POINT('',(2.180819428039,3.732323916962,0.570696718693
    ));
#1876 = CARTESIAN_POINT('',(2.336273021531,3.756234866184,0.560870370661
    ));
#1877 = CARTESIAN_POINT('',(2.570895906163,3.757550290546,0.546052085542
    ));
#1878 = CARTESIAN_POINT('',(2.650023006124,3.752035853192,0.541056737283
    ));
#1879 = CARTESIAN_POINT('',(2.728620482485,3.740560479288,0.536061557248
    ));
#1880 = CARTESIAN_POINT('',(2.80612897049,3.723191740124,0.531066391027)
  );
#1881 = CARTESIAN_POINT('',(2.882001917692,3.700066442055,0.52607108522)
  );
#1882 = CARTESIAN_POINT('',(3.03071069732,3.642211515271,0.515993481597)
  );
#1883 = CARTESIAN_POINT('',(3.103473766101,3.607285090606,0.51091095705)
  );
#1884 = CARTESIAN_POINT('',(3.173447952665,3.56682572101,0.505828545534)
  );
#1885 = CARTESIAN_POINT('',(3.24011211893,3.521117421058,0.500746113671)
  );
#1886 = CARTESIAN_POINT('',(3.302985355114,3.47050803754,0.495663537987)
  );
#1887 = CARTESIAN_POINT('',(3.386786958238,3.391772446857,0.488401360681
    ));
#1888 = CARTESIAN_POINT('',(3.411163169014,3.367313232501,0.486221628467
    ));
#1889 = CARTESIAN_POINT('',(3.434728573377,3.342059210003,0.484041900214
    ));
#1890 = CARTESIAN_POINT('',(3.457451000556,3.316044104341,0.481862177807
    ));
#1891 = CARTESIAN_POINT('',(3.479300177898,3.289303350145,0.479682462447
    ));
#1892 = CARTESIAN_POINT('',(3.550341588481,3.196279920917,0.472290213967
    ));
#1893 = CARTESIAN_POINT('',(3.595280596917,3.126746394855,0.467077576687
    ));
#1894 = CARTESIAN_POINT('',(3.634675132217,3.053783846812,0.461865154998
    ));
#1895 = CARTESIAN_POINT('',(3.668206430636,2.977947942798,0.456652734617
    ));
#1896 = CARTESIAN_POINT('',(3.695630750766,2.899831033464,0.451440086792
    ));
#1897 = CARTESIAN_POINT('',(3.730733000615,2.767443231315,0.442789962629
    ));
#1898 = CARTESIAN_POINT('',(3.741955409531,2.714109408587,0.439352409885
    ));
#1899 = CARTESIAN_POINT('',(3.750403720874,2.660229950735,0.435914801208
    ));
#1900 = CARTESIAN_POINT('',(3.75604651617,2.605984754949,0.432477180512)
  );
#1901 = CARTESIAN_POINT('',(3.758868,2.551555702711,0.429039656481));
#1902 = CARTESIAN_POINT('',(3.758868,2.497126659793,0.425602402568));
#1903 = ORIENTED_EDGE('',*,*,#853,.F.);
#1904 = B_SPLINE_SURFACE_WITH_KNOTS('',1,9,(
    (#1905,#1906,#1907,#1908,#1909,#1910,#1911,#1912,#1913,#1914,#1915
      ,#1916,#1917,#1918,#1919,#1920,#1921,#1922,#1923,#1924,#1925,#1926
      ,#1927,#1928,#1929,#1930,#1931,#1932,#1933,#1934,#1935)
    ,(#1936,#1937,#1938,#1939,#1940,#1941,#1942,#1943,#1944,#1945,#1946
      ,#1947,#1948,#1949,#1950,#1951,#1952,#1953,#1954,#1955,#1956,#1957
      ,#1958,#1959,#1960,#1961,#1962,#1963,#1964,#1965,#1966
  )),.UNSPECIFIED.,.F.,.F.,.F.,(2,2),(10,7,7,7,10),(0.,0.4355),(0.,
    1.57576206969,3.151524139379,4.727286209069,6.303048278758),
  .UNSPECIFIED.);
#1905 = CARTESIAN_POINT('',(4.008875514751,2.49712701418,0.781249732708)
  );
#1906 = CARTESIAN_POINT('',(4.008875928228,2.233581268347,0.767360829195
    ));
#1907 = CARTESIAN_POINT('',(3.957142347942,1.970036255435,0.753471855206
    ));
#1908 = CARTESIAN_POINT('',(3.853633389675,1.718098769938,0.739583053486
    ));
#1909 = CARTESIAN_POINT('',(3.701425469387,1.489389833355,0.725694207496
    ));
#1910 = CARTESIAN_POINT('',(3.50660128369,1.294563860823,0.711805296586)
  );
#1911 = CARTESIAN_POINT('',(3.277892525891,1.142360176384,0.697916385727
    ));
#1912 = CARTESIAN_POINT('',(3.025961282351,1.038866168565,0.684027481636
    ));
#1913 = CARTESIAN_POINT('',(2.498870806477,0.935371460089,0.656249696473
    ));
#1914 = CARTESIAN_POINT('',(1.971776150523,1.03886585508,0.62847193705)
  );
#1915 = CARTESIAN_POINT('',(1.719840408752,1.142360172597,0.614583059664
    ));
#1916 = CARTESIAN_POINT('',(1.49112833941,1.294562370078,0.600694171536)
  );
#1917 = CARTESIAN_POINT('',(1.296300936862,1.489390215674,0.586805273685
    ));
#1918 = CARTESIAN_POINT('',(1.144100369834,1.718101205486,0.57291637681)
  );
#1919 = CARTESIAN_POINT('',(1.040607814995,1.970035058419,0.559027487398
    ));
#1920 = CARTESIAN_POINT('',(0.937115202205,2.497127003215,0.531249713608
    ));
#1921 = CARTESIAN_POINT('',(1.040608033887,3.024218905032,0.503471939819
    ));
#1922 = CARTESIAN_POINT('',(1.144100582172,3.276152688777,0.489583050407
    ));
#1923 = CARTESIAN_POINT('',(1.296300596249,3.504863798772,0.475694153531
    ));
#1924 = CARTESIAN_POINT('',(1.491127724149,3.699692106776,0.46180525568)
  );
#1925 = CARTESIAN_POINT('',(1.71984009846,3.851894484399,0.447916367553)
  );
#1926 = CARTESIAN_POINT('',(1.971776072975,3.955388175755,0.434027490167
    ));
#1927 = CARTESIAN_POINT('',(2.4988707861,4.058881597465,0.406249730743)
  );
#1928 = CARTESIAN_POINT('',(3.025961204803,3.955387279925,0.37847194558)
  );
#1929 = CARTESIAN_POINT('',(3.277893152621,3.85189343355,0.364583041495)
  );
#1930 = CARTESIAN_POINT('',(3.506600113299,3.699693159639,0.350694130615
    ));
#1931 = CARTESIAN_POINT('',(3.701429524611,3.504865253285,0.336805219745
    ));
#1932 = CARTESIAN_POINT('',(3.85363351066,3.276153677582,0.322916373708)
  );
#1933 = CARTESIAN_POINT('',(3.957137842386,3.024217612545,0.309027572019
    ));
#1934 = CARTESIAN_POINT('',(4.008876174455,2.76067276204,0.295138598022)
  );
#1935 = CARTESIAN_POINT('',(4.008876588286,2.497127016207,0.281249694507
    ));
#1936 = CARTESIAN_POINT('',(3.631727269627,2.497126479571,0.999009809858
    ));
#1937 = CARTESIAN_POINT('',(3.631727908041,2.299391260494,0.985121457488
    ));
#1938 = CARTESIAN_POINT('',(3.592915153583,2.101695920398,0.971235690603
    ));
#1939 = CARTESIAN_POINT('',(3.515268284667,1.91267996881,0.957343603555)
  );
#1940 = CARTESIAN_POINT('',(3.401067945936,1.74108515433,0.943453141186)
  );
#1941 = CARTESIAN_POINT('',(3.254897770623,1.594920020482,0.929565060299
    ));
#1942 = CARTESIAN_POINT('',(3.083318092024,1.480734792641,0.915676977124
    ));
#1943 = CARTESIAN_POINT('',(2.894310951678,1.403088886226,0.901788645996
    ));
#1944 = CARTESIAN_POINT('',(2.498870311645,1.325443536144,0.874011139127
    ));
#1945 = CARTESIAN_POINT('',(2.103424258148,1.403089372142,0.846232688038
    ));
#1946 = CARTESIAN_POINT('',(1.914412296119,1.480735180228,0.832343377171
    ));
#1947 = CARTESIAN_POINT('',(1.742825828757,1.594923126334,0.818454460355
    ));
#1948 = CARTESIAN_POINT('',(1.596661162913,1.741088272294,0.804565900252
    ));
#1949 = CARTESIAN_POINT('',(1.482475166736,1.912673197783,0.790677304319
    ));
#1950 = CARTESIAN_POINT('',(1.404831085184,2.101683092106,0.776788434627
    ));
#1951 = CARTESIAN_POINT('',(1.32718730228,2.497127610296,0.749010510548)
  );
#1952 = CARTESIAN_POINT('',(1.404831881649,2.892571972102,0.72123258647)
  );
#1953 = CARTESIAN_POINT('',(1.482476146631,3.081581663538,0.707343716778
    ));
#1954 = CARTESIAN_POINT('',(1.596661338812,3.253166684423,0.693455120845
    ));
#1955 = CARTESIAN_POINT('',(1.742825668207,3.399332499965,0.679566560741
    ));
#1956 = CARTESIAN_POINT('',(1.914412794505,3.513520588608,0.665677643926
    ));
#1957 = CARTESIAN_POINT('',(2.103425249612,3.591165090665,0.651788333059
    ));
#1958 = CARTESIAN_POINT('',(2.498871484674,3.668808791712,0.624009881968
    ));
#1959 = CARTESIAN_POINT('',(2.89431194314,3.59116372715,0.596232375099)
  );
#1960 = CARTESIAN_POINT('',(3.083318903939,3.513520157999,0.582344043934
    ));
#1961 = CARTESIAN_POINT('',(3.254900093958,3.399332783241,0.56845596089)
  );
#1962 = CARTESIAN_POINT('',(3.401072452348,3.253175617694,0.554567879834
    ));
#1963 = CARTESIAN_POINT('',(3.515270451505,3.081567981914,0.54067741755)
  );
#1964 = CARTESIAN_POINT('',(3.592907567682,2.892556716293,0.526785330508
    ));
#1965 = CARTESIAN_POINT('',(3.631728548918,2.694861624302,0.512899563609
    ));
#1966 = CARTESIAN_POINT('',(3.63172917436,2.497126405225,0.499011211237)
  );
#1967 = ADVANCED_FACE('',(#1968),#2009,.F.);
#1968 = FACE_BOUND('',#1969,.F.);
#1969 = EDGE_LOOP('',(#1970,#2002,#2007,#2008));
#1970 = ORIENTED_EDGE('',*,*,#1971,.F.);
#1971 = EDGE_CURVE('',#1972,#1011,#1974,.T.);
#1972 = VERTEX_POINT('',#1973);
#1973 = CARTESIAN_POINT('',(4.008873844805,2.497127014179,0.718749732731
    ));
#1974 = B_SPLINE_CURVE_WITH_KNOTS('',8,(#1975,#1976,#1977,#1978,#1979,
    #1980,#1981,#1982,#1983,#1984,#1985,#1986,#1987,#1988,#1989,#1990,
    #1991,#1992,#1993,#1994,#1995,#1996,#1997,#1998,#1999,#2000,#2001),
  .UNSPECIFIED.,.F.,.F.,(9,6,6,6,9),(0.,1.57576206969,3.151524139379,
    4.727286209069,6.303048278758),.UNSPECIFIED.);
#1975 = CARTESIAN_POINT('',(4.008873844805,2.497127014179,0.718749732731
    ));
#1976 = CARTESIAN_POINT('',(4.008874207216,2.200638401355,0.703124716281
    ));
#1977 = CARTESIAN_POINT('',(3.94235895295,1.90415075415,0.687499609235)
  );
#1978 = CARTESIAN_POINT('',(3.809268333249,1.625074453838,0.671874775651
    ));
#1979 = CARTESIAN_POINT('',(3.615149088224,1.380843987279,0.656249753003
    ));
#1980 = CARTESIAN_POINT('',(3.370913980135,1.18671626692,0.640624726109)
  );
#1981 = CARTESIAN_POINT('',(3.091846845585,1.053652890334,0.624999705038
    ));
#1982 = CARTESIAN_POINT('',(2.498871107222,0.920588507732,0.593749694664
    ));
#1983 = CARTESIAN_POINT('',(1.905889977532,1.05365246222,0.562499717377)
  );
#1984 = CARTESIAN_POINT('',(1.626816961795,1.186716323597,0.546874730843
    ));
#1985 = CARTESIAN_POINT('',(1.382579472631,1.380841672727,0.531249724133
    ));
#1986 = CARTESIAN_POINT('',(1.18845589318,1.625078571374,0.515624710681)
  );
#1987 = CARTESIAN_POINT('',(1.055394215001,1.904149269071,0.499999709148
    ));
#1988 = CARTESIAN_POINT('',(0.922332395659,2.497127001365,0.468749713634
    ));
#1989 = CARTESIAN_POINT('',(1.055394403881,3.090104691275,0.43749971812)
  );
#1990 = CARTESIAN_POINT('',(1.188456041245,3.369175316009,0.421874716588
    ));
#1991 = CARTESIAN_POINT('',(1.382578869213,3.613412427914,0.406249703135
    ));
#1992 = CARTESIAN_POINT('',(1.626816627264,3.807538374959,0.390624696425
    ));
#1993 = CARTESIAN_POINT('',(1.905889904412,3.94060166321,0.374999709891)
  );
#1994 = CARTESIAN_POINT('',(2.498871090678,4.073664683465,0.343749732604
    ));
#1995 = CARTESIAN_POINT('',(3.091846772465,3.940600730846,0.312499722229
    ));
#1996 = CARTESIAN_POINT('',(3.370913966784,3.807537668914,0.296874701154
    ));
#1997 = CARTESIAN_POINT('',(3.615149832891,3.613413695154,0.281249674281
    ));
#1998 = CARTESIAN_POINT('',(3.809271511157,3.369177613903,0.265624651598
    ));
#1999 = CARTESIAN_POINT('',(3.942354413008,3.09010311353,0.249999818041)
  );
#2000 = CARTESIAN_POINT('',(4.008874316969,2.79361562903,0.234374710988)
  );
#2001 = CARTESIAN_POINT('',(4.008874679777,2.497127016205,0.218749694537
    ));
#2002 = ORIENTED_EDGE('',*,*,#2003,.T.);
#2003 = EDGE_CURVE('',#1972,#1787,#2004,.T.);
#2004 = B_SPLINE_CURVE_WITH_KNOTS('',1,(#2005,#2006),.UNSPECIFIED.,.F.,
  .F.,(2,2),(0.,6.25E-02),.PIECEWISE_BEZIER_KNOTS.);
#2005 = CARTESIAN_POINT('',(4.008873844805,2.497127014179,0.718749732731
    ));
#2006 = CARTESIAN_POINT('',(4.008875514751,2.49712701418,0.781249732708)
  );
#2007 = ORIENTED_EDGE('',*,*,#1786,.T.);
#2008 = ORIENTED_EDGE('',*,*,#1042,.F.);
#2009 = B_SPLINE_SURFACE_WITH_KNOTS('',1,11,(
    (#2010,#2011,#2012,#2013,#2014,#2015,#2016,#2017,#2018,#2019,#2020
      ,#2021,#2022,#2023,#2024,#2025,#2026,#2027,#2028,#2029,#2030)
    ,(#2031,#2032,#2033,#2034,#2035,#2036,#2037,#2038,#2039,#2040,#2041
      ,#2042,#2043,#2044,#2045,#2046,#2047,#2048,#2049,#2050,#2051
  )),.UNSPECIFIED.,.F.,.F.,.F.,(2,2),(12,9,12),(0.,6.25E-02),(0.,
    3.151524139379,6.303048278758),.UNSPECIFIED.);
#2010 = CARTESIAN_POINT('',(4.008873844805,2.497127014179,0.718749732731
    ));
#2011 = CARTESIAN_POINT('',(4.008874371949,2.065870850071,0.696022436077
    ));
#2012 = CARTESIAN_POINT('',(3.873424916039,1.634616652315,0.673294954935
    ));
#2013 = CARTESIAN_POINT('',(3.602359853646,1.250633871219,0.650568287333
    ));
#2014 = CARTESIAN_POINT('',(3.214574310081,0.961298938924,0.627840543565
    ));
#2015 = CARTESIAN_POINT('',(2.746913717054,0.805404722559,0.605113058591
    ));
#2016 = CARTESIAN_POINT('',(2.25083336215,0.805448516017,0.582386272991)
  );
#2017 = CARTESIAN_POINT('',(1.783186409157,0.961263921702,0.559658785381
    ));
#2018 = CARTESIAN_POINT('',(1.395306431953,1.250650502517,0.536931543976
    ));
#2019 = CARTESIAN_POINT('',(1.124344436488,1.634613934861,0.514204252564
    ));
#2020 = CARTESIAN_POINT('',(0.853382131245,2.497127012346,0.468749713634
    ));
#2021 = CARTESIAN_POINT('',(1.124344711222,3.359640003522,0.423295174704
    ));
#2022 = CARTESIAN_POINT('',(1.395307272275,3.743603720632,0.400567897238
    ));
#2023 = CARTESIAN_POINT('',(1.783180235049,4.032986271023,0.377840587089
    ));
#2024 = CARTESIAN_POINT('',(2.250840623133,4.188824655811,0.355113252155
    ));
#2025 = CARTESIAN_POINT('',(2.746915511134,4.188815325076,0.332386270756
    ));
#2026 = CARTESIAN_POINT('',(3.214558410651,4.032979212735,0.309658938585
    ));
#2027 = CARTESIAN_POINT('',(3.60237996677,3.743614766519,0.28693112593)
  );
#2028 = CARTESIAN_POINT('',(3.873415649624,3.359637046744,0.264204472349
    ));
#2029 = CARTESIAN_POINT('',(4.008874152055,2.928383180314,0.241476991193
    ));
#2030 = CARTESIAN_POINT('',(4.008874679777,2.497127016205,0.218749694537
    ));
#2031 = CARTESIAN_POINT('',(4.008875514751,2.49712701418,0.781249732708)
  );
#2032 = CARTESIAN_POINT('',(4.00887619135,2.06587033918,0.75852243605));
#2033 = CARTESIAN_POINT('',(3.873427866096,1.634615583102,0.735794954873
    ));
#2034 = CARTESIAN_POINT('',(3.602358352457,1.250631462646,0.713068287367
    ));
#2035 = CARTESIAN_POINT('',(3.214577156876,0.961301206081,0.690340543546
    ));
#2036 = CARTESIAN_POINT('',(2.746914229135,0.80539672608,0.66761305849)
  );
#2037 = CARTESIAN_POINT('',(2.250831546493,0.805450391964,0.644886273018
    ));
#2038 = CARTESIAN_POINT('',(1.78318670745,0.961260921097,0.622158785344)
  );
#2039 = CARTESIAN_POINT('',(1.395304932281,1.250649223216,0.599431543954
    ));
#2040 = CARTESIAN_POINT('',(1.124342766065,1.634612908019,0.576704252537
    ));
#2041 = CARTESIAN_POINT('',(0.853380181487,2.497127020602,0.531249713609
    ));
#2042 = CARTESIAN_POINT('',(1.124343124253,3.359641020659,0.485795174679
    ));
#2043 = CARTESIAN_POINT('',(1.395306154784,3.743604705917,0.463067897212
    ));
#2044 = CARTESIAN_POINT('',(1.783178248072,4.032989618401,0.44034058706)
  );
#2045 = CARTESIAN_POINT('',(2.250841838311,4.188825704579,0.41761325211)
  );
#2046 = CARTESIAN_POINT('',(2.746915598991,4.188816173826,0.394886270761
    ));
#2047 = CARTESIAN_POINT('',(3.214557253636,4.032982411491,0.372158938593
    ));
#2048 = CARTESIAN_POINT('',(3.602384084433,3.74361600079,0.349431125824)
  );
#2049 = CARTESIAN_POINT('',(3.873415957088,3.359638022073,0.326704472364
    ));
#2050 = CARTESIAN_POINT('',(4.008875911108,2.928383691207,0.303976991168
    ));
#2051 = CARTESIAN_POINT('',(4.008876588286,2.497127016207,0.281249694507
    ));
#2052 = ADVANCED_FACE('',(#2053),#2063,.F.);
#2053 = FACE_BOUND('',#2054,.F.);
#2054 = EDGE_LOOP('',(#2055,#2056,#2061,#2062));
#2055 = ORIENTED_EDGE('',*,*,#1255,.F.);
#2056 = ORIENTED_EDGE('',*,*,#2057,.T.);
#2057 = EDGE_CURVE('',#1256,#1972,#2058,.T.);
#2058 = B_SPLINE_CURVE_WITH_KNOTS('',1,(#2059,#2060),.UNSPECIFIED.,.F.,
  .F.,(2,2),(0.,0.4355),.PIECEWISE_BEZIER_KNOTS.);
#2059 = CARTESIAN_POINT('',(3.631713963502,2.497126479561,0.501009810035
    ));
#2060 = CARTESIAN_POINT('',(4.008873844805,2.497127014179,0.718749732731
    ));
#2061 = ORIENTED_EDGE('',*,*,#1971,.T.);
#2062 = ORIENTED_EDGE('',*,*,#1174,.F.);
#2063 = B_SPLINE_SURFACE_WITH_KNOTS('',1,8,(
    (#2064,#2065,#2066,#2067,#2068,#2069,#2070,#2071,#2072,#2073,#2074
      ,#2075,#2076,#2077,#2078,#2079,#2080,#2081,#2082,#2083,#2084,#2085
      ,#2086,#2087,#2088,#2089,#2090)
    ,(#2091,#2092,#2093,#2094,#2095,#2096,#2097,#2098,#2099,#2100,#2101
      ,#2102,#2103,#2104,#2105,#2106,#2107,#2108,#2109,#2110,#2111,#2112
      ,#2113,#2114,#2115,#2116,#2117
    )),.UNSPECIFIED.,.F.,.F.,.F.,(2,2),(9,6,6,6,9),(0.,0.4355),(0.,
    1.57576206969,3.151524139379,4.727286209069,6.303048278758),
  .UNSPECIFIED.);
#2064 = CARTESIAN_POINT('',(3.631713963502,2.497126479561,0.501009810035
    ));
#2065 = CARTESIAN_POINT('',(3.631713862997,2.274677156767,0.485385413642
    ));
#2066 = CARTESIAN_POINT('',(3.58180698951,2.052279292533,0.469764341565)
  );
#2067 = CARTESIAN_POINT('',(3.481980806725,1.842893661364,0.45413323486)
  );
#2068 = CARTESIAN_POINT('',(3.336321003607,1.659653091965,0.438509066488
    ));
#2069 = CARTESIAN_POINT('',(3.153098427816,1.514024112416,0.422885052917
    ));
#2070 = CARTESIAN_POINT('',(2.943735334612,1.414195156624,0.407260826141
    ));
#2071 = CARTESIAN_POINT('',(2.498870715595,1.314367113931,0.376011206803
    ));
#2072 = CARTESIAN_POINT('',(2.053999001452,1.414195102149,0.34476037342)
  );
#2073 = CARTESIAN_POINT('',(1.844629600114,1.514023512301,0.329134879326
    ));
#2074 = CARTESIAN_POINT('',(1.661398995703,1.659662462385,0.313510125513
    ));
#2075 = CARTESIAN_POINT('',(1.515763780134,1.842891865159,0.297885619119
    ));
#2076 = CARTESIAN_POINT('',(1.415936918285,2.052258136479,0.282260675347
    ));
#2077 = CARTESIAN_POINT('',(1.316110161102,2.49712758226,0.251010510753)
  );
#2078 = CARTESIAN_POINT('',(1.415937357154,2.941996929562,0.219760346158
    ));
#2079 = CARTESIAN_POINT('',(1.51576442495,3.151363102261,0.204135402386)
  );
#2080 = CARTESIAN_POINT('',(1.661399817464,3.334592362628,0.188510895991
    ));
#2081 = CARTESIAN_POINT('',(1.844630566505,3.480231135059,0.17288614218)
  );
#2082 = CARTESIAN_POINT('',(2.054000067337,3.580059336431,0.157260648085
    ));
#2083 = CARTESIAN_POINT('',(2.498871880028,3.679886882333,0.126009814702
    ));
#2084 = CARTESIAN_POINT('',(2.943736400496,3.580058403621,
    9.476019536346E-02));
#2085 = CARTESIAN_POINT('',(3.153099395694,3.480229243149,
    7.913596858788E-02));
#2086 = CARTESIAN_POINT('',(3.336321831568,3.334600100476,
    6.35119550165E-02));
#2087 = CARTESIAN_POINT('',(3.481981465555,3.151359361828,
    4.788778664739E-02));
#2088 = CARTESIAN_POINT('',(3.581807406595,2.941973640613,
    3.225667994004E-02));
#2089 = CARTESIAN_POINT('',(3.631714082458,2.719575728008,
    1.663560786307E-02));
#2090 = CARTESIAN_POINT('',(3.63171396736,2.497126405213,
    1.011211469493E-03));
#2091 = CARTESIAN_POINT('',(4.008873844805,2.497127014179,0.718749732731
    ));
#2092 = CARTESIAN_POINT('',(4.008874207216,2.200638401355,0.703124716281
    ));
#2093 = CARTESIAN_POINT('',(3.94235895295,1.90415075415,0.687499609235)
  );
#2094 = CARTESIAN_POINT('',(3.809268333249,1.625074453838,0.671874775651
    ));
#2095 = CARTESIAN_POINT('',(3.615149088224,1.380843987279,0.656249753003
    ));
#2096 = CARTESIAN_POINT('',(3.370913980135,1.18671626692,0.640624726109)
  );
#2097 = CARTESIAN_POINT('',(3.091846845585,1.053652890334,0.624999705038
    ));
#2098 = CARTESIAN_POINT('',(2.498871107222,0.920588507732,0.593749694664
    ));
#2099 = CARTESIAN_POINT('',(1.905889977532,1.05365246222,0.562499717377)
  );
#2100 = CARTESIAN_POINT('',(1.626816961795,1.186716323597,0.546874730843
    ));
#2101 = CARTESIAN_POINT('',(1.382579472631,1.380841672727,0.531249724133
    ));
#2102 = CARTESIAN_POINT('',(1.18845589318,1.625078571374,0.515624710681)
  );
#2103 = CARTESIAN_POINT('',(1.055394215001,1.904149269071,0.499999709148
    ));
#2104 = CARTESIAN_POINT('',(0.922332395659,2.497127001365,0.468749713634
    ));
#2105 = CARTESIAN_POINT('',(1.055394403881,3.090104691275,0.43749971812)
  );
#2106 = CARTESIAN_POINT('',(1.188456041245,3.369175316009,0.421874716588
    ));
#2107 = CARTESIAN_POINT('',(1.382578869213,3.613412427914,0.406249703135
    ));
#2108 = CARTESIAN_POINT('',(1.626816627264,3.807538374959,0.390624696425
    ));
#2109 = CARTESIAN_POINT('',(1.905889904412,3.94060166321,0.374999709891)
  );
#2110 = CARTESIAN_POINT('',(2.498871090678,4.073664683465,0.343749732604
    ));
#2111 = CARTESIAN_POINT('',(3.091846772465,3.940600730846,0.312499722229
    ));
#2112 = CARTESIAN_POINT('',(3.370913966784,3.807537668914,0.296874701154
    ));
#2113 = CARTESIAN_POINT('',(3.615149832891,3.613413695154,0.281249674281
    ));
#2114 = CARTESIAN_POINT('',(3.809271511157,3.369177613903,0.265624651598
    ));
#2115 = CARTESIAN_POINT('',(3.942354413008,3.09010311353,0.249999818041)
  );
#2116 = CARTESIAN_POINT('',(4.008874316969,2.79361562903,0.234374710988)
  );
#2117 = CARTESIAN_POINT('',(4.008874679777,2.497127016205,0.218749694537
    ));
#2118 = ADVANCED_FACE('',(#2119),#2202,.F.);
#2119 = FACE_BOUND('',#2120,.T.);
#2120 = EDGE_LOOP('',(#2121,#2194,#2200,#2201));
#2121 = ORIENTED_EDGE('',*,*,#2122,.F.);
#2122 = EDGE_CURVE('',#2123,#1256,#2125,.T.);
#2123 = VERTEX_POINT('',#2124);
#2124 = CARTESIAN_POINT('',(3.758868,2.4971268542,1.074416945284));
#2125 = B_SPLINE_CURVE_WITH_KNOTS('',7,(#2126,#2127,#2128,#2129,#2130,
    #2131,#2132,#2133,#2134,#2135,#2136,#2137,#2138,#2139,#2140,#2141,
    #2142,#2143,#2144,#2145,#2146,#2147,#2148,#2149,#2150,#2151,#2152,
    #2153,#2154,#2155,#2156,#2157,#2158,#2159,#2160,#2161,#2162,#2163,
    #2164,#2165,#2166,#2167,#2168,#2169,#2170,#2171,#2172,#2173,#2174,
    #2175,#2176,#2177,#2178,#2179,#2180,#2181,#2182,#2183,#2184,#2185,
    #2186,#2187,#2188,#2189,#2190,#2191,#2192,#2193),.UNSPECIFIED.,.F.,
  .F.,(8,6,6,6,6,6,6,6,6,6,6,8),(0.,3.486753975037E-02,0.13376609203,
    0.222059045359,0.271855847005,0.378201216294,0.500773681831,
    0.627767443899,0.736078499793,0.869574530047,0.956007609917,1.),
  .UNSPECIFIED.);
#2126 = CARTESIAN_POINT('',(3.758868,2.4971267084,1.074416945284));
#2127 = CARTESIAN_POINT('',(3.758868,2.457694685829,1.071926707349));
#2128 = CARTESIAN_POINT('',(3.757428283539,2.418262769115,1.069436266256
    ));
#2129 = CARTESIAN_POINT('',(3.754548899446,2.3788942683,1.06694572333));
#2130 = CARTESIAN_POINT('',(3.75023332029,2.339652129248,1.0644551539));
#2131 = CARTESIAN_POINT('',(3.74448844238,2.300598933647,1.061964607295)
  );
#2132 = CARTESIAN_POINT('',(3.737324585767,2.26179689901,1.059474106845)
  );
#2133 = CARTESIAN_POINT('',(3.704450058512,2.114137331587,1.049919699003
    ));
#2134 = CARTESIAN_POINT('',(3.66883568679,2.007468954449,1.042855188021)
  );
#2135 = CARTESIAN_POINT('',(3.622225929059,1.904735467114,1.03579189881)
  );
#2136 = CARTESIAN_POINT('',(3.565160093578,1.80728486381,1.028729032073)
  );
#2137 = CARTESIAN_POINT('',(3.498370446869,1.716367917673,1.021665404965
    ));
#2138 = CARTESIAN_POINT('',(3.422768630127,1.633114711735,1.014600909443
    ));
#2139 = CARTESIAN_POINT('',(3.265068667914,1.491887128994,1.001231041982
    ));
#2140 = CARTESIAN_POINT('',(3.184521017422,1.432145346188,0.994924214913
    ));
#2141 = CARTESIAN_POINT('',(3.098581212793,1.379970570983,0.988617747939
    ));
#2142 = CARTESIAN_POINT('',(3.008107839431,1.335933990213,0.982311572851
    ));
#2143 = CARTESIAN_POINT('',(2.914026574587,1.300486138466,0.976005205592
    ));
#2144 = CARTESIAN_POINT('',(2.817316640969,1.273950316437,0.969698469149
    ));
#2145 = CARTESIAN_POINT('',(2.663553539099,1.246666775587,0.959835633937
    ));
#2146 = CARTESIAN_POINT('',(2.607591209186,1.2397192375,0.956278952484)
  );
#2147 = CARTESIAN_POINT('',(2.551297088176,1.235695165103,0.952722297898
    ));
#2148 = CARTESIAN_POINT('',(2.494854480008,1.23461245246,0.949165654784)
  );
#2149 = CARTESIAN_POINT('',(2.438447394524,1.236474634477,0.945608985268
    ));
#2150 = CARTESIAN_POINT('',(2.382259692039,1.241270869401,0.942052275007
    ));
#2151 = CARTESIAN_POINT('',(2.207339552798,1.26543072487,0.930899948227)
  );
#2152 = CARTESIAN_POINT('',(2.090015399078,1.295155149623,0.92330288542)
  );
#2153 = CARTESIAN_POINT('',(1.976315741532,1.337906814383,0.91570674771)
  );
#2154 = CARTESIAN_POINT('',(1.867960478563,1.39313066225,0.908111207115)
  );
#2155 = CARTESIAN_POINT('',(1.766556626162,1.460007617338,0.900515066137
    ));
#2156 = CARTESIAN_POINT('',(1.673563799634,1.537472217409,0.892918037655
    ));
#2157 = CARTESIAN_POINT('',(1.494210508255,1.724159783868,0.876567946484
    ));
#2158 = CARTESIAN_POINT('',(1.410976375571,1.836477863393,0.867810786087
    ));
#2159 = CARTESIAN_POINT('',(1.34250944627,1.959134116142,0.859056039196)
  );
#2160 = CARTESIAN_POINT('',(1.290290012589,2.089768776342,0.850302328429
    ));
#2161 = CARTESIAN_POINT('',(1.255340827724,2.22582354332,0.841547559724)
  );
#2162 = CARTESIAN_POINT('',(1.238216228375,2.364568308965,0.832790365084
    ));
#2163 = CARTESIAN_POINT('',(1.239572921852,2.646798687623,0.814965372759
    ));
#2164 = CARTESIAN_POINT('',(1.259361318691,2.790374558402,0.805891463649
    ));
#2165 = CARTESIAN_POINT('',(1.298257451236,2.930768410174,0.796820040838
    ));
#2166 = CARTESIAN_POINT('',(1.355589405663,3.064951287065,0.787749669357
    ));
#2167 = CARTESIAN_POINT('',(1.430153060488,3.19010529875,0.7786783213));
#2168 = CARTESIAN_POINT('',(1.520224186377,3.303651351667,0.769604503106
    ));
#2169 = CARTESIAN_POINT('',(1.711629121446,3.488518836581,0.752798187521
    ));
#2170 = CARTESIAN_POINT('',(1.809401532035,3.563637924051,0.745060845728
    ));
#2171 = CARTESIAN_POINT('',(1.915456879163,3.627430651659,0.737324694299
    ));
#2172 = CARTESIAN_POINT('',(2.028207799241,3.678835034764,0.729589224417
    ));
#2173 = CARTESIAN_POINT('',(2.145919843179,3.717060269594,0.721852957463
    ));
#2174 = CARTESIAN_POINT('',(2.266750175138,3.741604419196,0.714115487531
    ));
#2175 = CARTESIAN_POINT('',(2.539163032222,3.765499016569,0.69684461668)
  );
#2176 = CARTESIAN_POINT('',(2.691466736152,3.75767348819,0.687305427425)
  );
#2177 = CARTESIAN_POINT('',(2.84203589799,3.728477546047,0.677769889703)
  );
#2178 = CARTESIAN_POINT('',(2.987293197781,3.67840980092,0.668235808937)
  );
#2179 = CARTESIAN_POINT('',(3.123873717059,3.608630336786,0.658700822111
    ));
#2180 = CARTESIAN_POINT('',(3.248652972138,3.520950195607,0.649162252393
    ));
#2181 = CARTESIAN_POINT('',(3.430407492646,3.351169236455,0.633454153785
    ));
#2182 = CARTESIAN_POINT('',(3.495804538,3.277974287568,0.627280136463));
#2183 = CARTESIAN_POINT('',(3.554454243979,3.198972764502,0.621106243039
    ));
#2184 = CARTESIAN_POINT('',(3.60574876526,3.114917202675,0.614932254905)
  );
#2185 = CARTESIAN_POINT('',(3.649185039612,3.026632084461,0.608757932588
    ));
#2186 = CARTESIAN_POINT('',(3.684371893884,2.935002114423,0.602583590627
    ));
#2187 = CARTESIAN_POINT('',(3.724622049409,2.793103280847,0.59326817829)
  );
#2188 = CARTESIAN_POINT('',(3.735993646472,2.744615301106,0.590126217188
    ));
#2189 = CARTESIAN_POINT('',(3.745125822877,2.695623980006,0.586984418551
    ));
#2190 = CARTESIAN_POINT('',(3.75199247745,2.646253472157,0.583842781497)
  );
#2191 = CARTESIAN_POINT('',(3.756576135685,2.596629337004,0.580701238591
    ));
#2192 = CARTESIAN_POINT('',(3.758868,2.546878082438,0.5775596338));
#2193 = CARTESIAN_POINT('',(3.758868,2.4971267084,0.574417700449));
#2194 = ORIENTED_EDGE('',*,*,#2195,.T.);
#2195 = EDGE_CURVE('',#2123,#1813,#2196,.T.);
#2196 = LINE('',#2197,#2198);
#2197 = CARTESIAN_POINT('',(3.758868,2.497127,4.));
#2198 = VECTOR('',#2199,1.);
#2199 = DIRECTION('',(-6.765527267673E-17,0.,-1.));
#2200 = ORIENTED_EDGE('',*,*,#1819,.T.);
#2201 = ORIENTED_EDGE('',*,*,#1334,.F.);
#2202 = CYLINDRICAL_SURFACE('',#2203,1.26);
#2203 = AXIS2_PLACEMENT_3D('',#2204,#2205,#2206);
#2204 = CARTESIAN_POINT('',(2.498868,2.497127,4.));
#2205 = DIRECTION('',(-0.,-0.,-1.));
#2206 = DIRECTION('',(1.,0.,0.));
#2207 = ADVANCED_FACE('',(#2208),#2243,.F.);
#2208 = FACE_BOUND('',#2209,.F.);
#2209 = EDGE_LOOP('',(#2210,#2236,#2237,#2238));
#2210 = ORIENTED_EDGE('',*,*,#2211,.F.);
#2211 = EDGE_CURVE('',#1352,#2212,#2214,.T.);
#2212 = VERTEX_POINT('',#2213);
#2213 = CARTESIAN_POINT('',(4.008871220608,2.497127006076,2.781249885471
    ));
#2214 = B_SPLINE_CURVE_WITH_KNOTS('',11,(#2215,#2216,#2217,#2218,#2219,
    #2220,#2221,#2222,#2223,#2224,#2225,#2226,#2227,#2228,#2229,#2230,
    #2231,#2232,#2233,#2234,#2235),.UNSPECIFIED.,.F.,.F.,(12,9,12),(0.,
    3.151524139379,6.303048278758),.UNSPECIFIED.);
#2215 = CARTESIAN_POINT('',(4.008870147072,2.49712700405,3.281249923651)
  );
#2216 = CARTESIAN_POINT('',(4.008870820779,2.065871861725,3.258522627006
    ));
#2217 = CARTESIAN_POINT('',(3.873422974034,1.634618640691,3.235795145941
    ));
#2218 = CARTESIAN_POINT('',(3.602354422262,1.250635885642,3.21306847811)
  );
#2219 = CARTESIAN_POINT('',(3.214574600577,0.96130666029,3.190340734541)
  );
#2220 = CARTESIAN_POINT('',(2.746913338116,0.80540273937,3.167613249599)
  );
#2221 = CARTESIAN_POINT('',(2.250832415623,0.805456405738,3.144886463867
    ));
#2222 = CARTESIAN_POINT('',(1.783189241506,0.961266386258,3.122158976308
    ));
#2223 = CARTESIAN_POINT('',(1.395308846775,1.250653661359,3.099431734901
    ));
#2224 = CARTESIAN_POINT('',(1.124347646363,1.634615983206,3.076704443494
    ));
#2225 = CARTESIAN_POINT('',(0.853386030759,2.497127031641,3.031249904562
    ));
#2226 = CARTESIAN_POINT('',(1.124348016124,3.359637963915,2.98579536563)
  );
#2227 = CARTESIAN_POINT('',(1.395310086258,3.743600282403,2.963068088164
    ));
#2228 = CARTESIAN_POINT('',(1.783180801735,4.03298416354,2.940340778034)
  );
#2229 = CARTESIAN_POINT('',(2.250842731924,4.188819692896,2.917613443113
    ));
#2230 = CARTESIAN_POINT('',(2.746914728893,4.188810158435,2.894886461613
    ));
#2231 = CARTESIAN_POINT('',(3.214554718928,4.032976946993,2.872159129473
    ));
#2232 = CARTESIAN_POINT('',(3.602380170724,3.743611563164,2.849431316996
    ));
#2233 = CARTESIAN_POINT('',(3.873411076594,3.359634946041,2.826704663203
    ));
#2234 = CARTESIAN_POINT('',(4.008870546323,2.928382148401,2.803977182119
    ));
#2235 = CARTESIAN_POINT('',(4.008871220608,2.497127006076,2.781249885471
    ));
#2236 = ORIENTED_EDGE('',*,*,#1379,.T.);
#2237 = ORIENTED_EDGE('',*,*,#1687,.T.);
#2238 = ORIENTED_EDGE('',*,*,#2239,.F.);
#2239 = EDGE_CURVE('',#2212,#1688,#2240,.T.);
#2240 = B_SPLINE_CURVE_WITH_KNOTS('',1,(#2241,#2242),.UNSPECIFIED.,.F.,
  .F.,(2,2),(0.,0.4355),.PIECEWISE_BEZIER_KNOTS.);
#2241 = CARTESIAN_POINT('',(4.008871220608,2.497127006076,2.781249885471
    ));
#2242 = CARTESIAN_POINT('',(3.631719650752,2.497126776957,2.999004204268
    ));
#2243 = B_SPLINE_SURFACE_WITH_KNOTS('',1,9,(
    (#2244,#2245,#2246,#2247,#2248,#2249,#2250,#2251,#2252,#2253,#2254
      ,#2255,#2256,#2257,#2258,#2259,#2260,#2261,#2262,#2263,#2264,#2265
      ,#2266,#2267,#2268,#2269,#2270,#2271,#2272,#2273,#2274)
    ,(#2275,#2276,#2277,#2278,#2279,#2280,#2281,#2282,#2283,#2284,#2285
      ,#2286,#2287,#2288,#2289,#2290,#2291,#2292,#2293,#2294,#2295,#2296
      ,#2297,#2298,#2299,#2300,#2301,#2302,#2303,#2304,#2305
  )),.UNSPECIFIED.,.F.,.F.,.F.,(2,2),(10,7,7,7,10),(0.,0.4355),(0.,
    1.57576206969,3.151524139379,4.727286209069,6.303048278758),
  .UNSPECIFIED.);
#2244 = CARTESIAN_POINT('',(4.008870147072,2.49712700405,3.281249923651)
  );
#2245 = CARTESIAN_POINT('',(4.008870558782,2.233582194852,3.267361020146
    ));
#2246 = CARTESIAN_POINT('',(3.957137160597,1.970038119479,3.253472046202
    ));
#2247 = CARTESIAN_POINT('',(3.853628568746,1.718101530202,3.239583244436
    ));
#2248 = CARTESIAN_POINT('',(3.701421187868,1.489393407488,3.225694398423
    ));
#2249 = CARTESIAN_POINT('',(3.506597693314,1.294568128811,3.211805487525
    ));
#2250 = CARTESIAN_POINT('',(3.277889747569,1.14236498701,3.197916576677)
  );
#2251 = CARTESIAN_POINT('',(3.025959398889,1.038871348759,3.184027672595
    ));
#2252 = CARTESIAN_POINT('',(2.498870796001,0.935377011714,3.156249887436
    ));
#2253 = CARTESIAN_POINT('',(1.971778014402,1.038871042349,3.128472128003
    ));
#2254 = CARTESIAN_POINT('',(1.719843168873,1.142364993667,3.114583250611
    ));
#2255 = CARTESIAN_POINT('',(1.491131913578,1.294566651652,3.100694362482
    ));
#2256 = CARTESIAN_POINT('',(1.296305204919,1.489393805975,3.086805464636
    ));
#2257 = CARTESIAN_POINT('',(1.144105180462,1.718103983773,3.072916567766
    ));
#2258 = CARTESIAN_POINT('',(1.040612995195,1.970036941848,3.059027678354
    ));
#2259 = CARTESIAN_POINT('',(0.937120753825,2.497127013693,3.031249904562
    ));
#2260 = CARTESIAN_POINT('',(1.040613221159,3.02421704117,3.00347213077)
  );
#2261 = CARTESIAN_POINT('',(1.144105403253,3.276149928667,2.989583241358
    ));
#2262 = CARTESIAN_POINT('',(1.296304877828,3.504860224606,2.975694344487
    ));
#2263 = CARTESIAN_POINT('',(1.491131314452,3.699687838722,2.961805446641
    ));
#2264 = CARTESIAN_POINT('',(1.719842876759,3.851889673782,2.947916558513
    ));
#2265 = CARTESIAN_POINT('',(1.97177795642,3.955382995558,2.934027681121)
  );
#2266 = CARTESIAN_POINT('',(2.498870796579,4.05887604584,2.906249921687)
  );
#2267 = CARTESIAN_POINT('',(3.025959340907,3.955382092658,2.878472136529
    ));
#2268 = CARTESIAN_POINT('',(3.277890392464,3.851888612499,2.864583232451
    ));
#2269 = CARTESIAN_POINT('',(3.506596539092,3.699688878061,2.850694321583
    ));
#2270 = CARTESIAN_POINT('',(3.701425256581,3.504861663088,2.836805410725
    ));
#2271 = CARTESIAN_POINT('',(3.853628700197,3.276150899113,2.822916564665
    ));
#2272 = CARTESIAN_POINT('',(3.957132662111,3.024215728934,2.809027762929
    ));
#2273 = CARTESIAN_POINT('',(4.008870808545,2.760671815275,2.795138788978
    ));
#2274 = CARTESIAN_POINT('',(4.008871220608,2.497127006076,2.781249885471
    ));
#2275 = CARTESIAN_POINT('',(3.631717746047,2.497126851304,3.499002802853
    ));
#2276 = CARTESIAN_POINT('',(3.631718449315,2.29939329405,3.485114450497)
  );
#2277 = CARTESIAN_POINT('',(3.592906085931,2.101699604035,3.471228683693
    ));
#2278 = CARTESIAN_POINT('',(3.515259932213,1.912685215858,3.457336596562
    ));
#2279 = CARTESIAN_POINT('',(3.401060609565,1.741091806067,3.443446134152
    ));
#2280 = CARTESIAN_POINT('',(3.254891710767,1.594927853004,3.429558053286
    ));
#2281 = CARTESIAN_POINT('',(3.083313512233,1.480743528942,3.415669970132
    ));
#2282 = CARTESIAN_POINT('',(2.894307986299,1.403098213218,3.401781639019
    ));
#2283 = CARTESIAN_POINT('',(2.498870696119,1.325453386117,3.374004132157
    ));
#2284 = CARTESIAN_POINT('',(2.103427941483,1.403098439612,3.34622568105)
  );
#2285 = CARTESIAN_POINT('',(1.914417542897,1.480743532945,3.332336370172
    ));
#2286 = CARTESIAN_POINT('',(1.742832480573,1.594930462826,3.318447453356
    ));
#2287 = CARTESIAN_POINT('',(1.596668995581,1.741094332018,3.30455889326)
  );
#2288 = CARTESIAN_POINT('',(1.482483903039,1.912677777514,3.290670297336
    ));
#2289 = CARTESIAN_POINT('',(1.404840412179,2.101686057425,3.276781427643
    ));
#2290 = CARTESIAN_POINT('',(1.327197152233,2.497127225825,3.249003503561
    ));
#2291 = CARTESIAN_POINT('',(1.404840949125,2.892568288796,3.221225579479
    ));
#2292 = CARTESIAN_POINT('',(1.482484499373,3.081576416777,3.207336709787
    ));
#2293 = CARTESIAN_POINT('',(1.596668675322,3.253160032602,3.193448113862
    ));
#2294 = CARTESIAN_POINT('',(1.742831727943,3.399324667293,3.179559553766
    ));
#2295 = CARTESIAN_POINT('',(1.914417374259,3.513511852317,3.165670636951
    ));
#2296 = CARTESIAN_POINT('',(2.103428214961,3.591155763677,3.151781326073
    ));
#2297 = CARTESIAN_POINT('',(2.498871100205,3.668798941762,3.124002874965
    ));
#2298 = CARTESIAN_POINT('',(2.894308259776,3.591154659692,3.096225368103
    ));
#2299 = CARTESIAN_POINT('',(3.083313657092,3.513511805307,3.082337036952
    ));
#2300 = CARTESIAN_POINT('',(3.254893442063,3.399325446723,3.068448953929
    ));
#2301 = CARTESIAN_POINT('',(3.401064619695,3.253169558116,3.054560872894
    ));
#2302 = CARTESIAN_POINT('',(3.515261715477,3.081563401878,3.040670410569
    ));
#2303 = CARTESIAN_POINT('',(3.592898240602,2.892553750658,3.026778323444
    ));
#2304 = CARTESIAN_POINT('',(3.631718960455,2.69486033421,3.012892556627)
  );
#2305 = CARTESIAN_POINT('',(3.631719650752,2.497126776957,2.999004204268
    ));
#2306 = ADVANCED_FACE('',(#2307),#2348,.F.);
#2307 = FACE_BOUND('',#2308,.F.);
#2308 = EDGE_LOOP('',(#2309,#2341,#2342,#2343));
#2309 = ORIENTED_EDGE('',*,*,#2310,.F.);
#2310 = EDGE_CURVE('',#1451,#2311,#2313,.T.);
#2311 = VERTEX_POINT('',#2312);
#2312 = CARTESIAN_POINT('',(4.008870504917,2.497127006076,2.718749885475
    ));
#2313 = B_SPLINE_CURVE_WITH_KNOTS('',8,(#2314,#2315,#2316,#2317,#2318,
    #2319,#2320,#2321,#2322,#2323,#2324,#2325,#2326,#2327,#2328,#2329,
    #2330,#2331,#2332,#2333,#2334,#2335,#2336,#2337,#2338,#2339,#2340),
  .UNSPECIFIED.,.F.,.F.,(9,6,6,6,9),(0.,1.57576206969,3.151524139379,
    4.727286209069,6.303048278758),.UNSPECIFIED.);
#2314 = CARTESIAN_POINT('',(4.008869669945,2.49712700405,3.218749923653)
  );
#2315 = CARTESIAN_POINT('',(4.008870030368,2.200639210781,3.20312490721)
  );
#2316 = CARTESIAN_POINT('',(3.942354957982,1.904152384135,3.187499800209
    ));
#2317 = CARTESIAN_POINT('',(3.809264704575,1.625076856125,3.171874966555
    ));
#2318 = CARTESIAN_POINT('',(3.615145994335,1.380847066009,3.156249943918
    ));
#2319 = CARTESIAN_POINT('',(3.370911560308,1.186719884107,3.140624917034
    ));
#2320 = CARTESIAN_POINT('',(3.091845196434,1.053656877268,3.124999895973
    ));
#2321 = CARTESIAN_POINT('',(2.498871096649,0.920592866539,3.093749885602
    ));
#2322 = CARTESIAN_POINT('',(1.905891607303,1.053656457112,3.062499908306
    ));
#2323 = CARTESIAN_POINT('',(1.626819364022,1.186719952474,3.046874921766
    ));
#2324 = CARTESIAN_POINT('',(1.382582551458,1.380844766532,3.031249915059
    ));
#2325 = CARTESIAN_POINT('',(1.188459510368,1.625080991176,3.015624901613
    ));
#2326 = CARTESIAN_POINT('',(1.055398201941,1.904150918193,2.999999900081
    ));
#2327 = CARTESIAN_POINT('',(0.922336754461,2.49712701194,2.968749904565)
  );
#2328 = CARTESIAN_POINT('',(1.055398398777,3.090103061519,2.937499909048
    ));
#2329 = CARTESIAN_POINT('',(1.188459670131,3.369172913787,2.921874907517
    ));
#2330 = CARTESIAN_POINT('',(1.382581963016,3.613409349085,2.90624989407)
  );
#2331 = CARTESIAN_POINT('',(1.626819047071,3.807534757782,2.890624887363
    ));
#2332 = CARTESIAN_POINT('',(1.905891553549,3.940597676274,2.874999900824
    ));
#2333 = CARTESIAN_POINT('',(2.498871101256,4.073660324658,2.843749923526
    ));
#2334 = CARTESIAN_POINT('',(3.091845142679,3.940596735956,2.812499913156
    ));
#2335 = CARTESIAN_POINT('',(3.370911564538,3.807534040027,2.796874892089
    ));
#2336 = CARTESIAN_POINT('',(3.615146753978,3.613410601451,2.781249865228
    ));
#2337 = CARTESIAN_POINT('',(3.809267894186,3.369175194035,2.765624842555
    ));
#2338 = CARTESIAN_POINT('',(3.942350425992,3.090101464179,2.750000008928
    ));
#2339 = CARTESIAN_POINT('',(4.008870144097,2.793614799345,2.734374901919
    ));
#2340 = CARTESIAN_POINT('',(4.008870504917,2.497127006076,2.718749885475
    ));
#2341 = ORIENTED_EDGE('',*,*,#1484,.T.);
#2342 = ORIENTED_EDGE('',*,*,#2211,.T.);
#2343 = ORIENTED_EDGE('',*,*,#2344,.F.);
#2344 = EDGE_CURVE('',#2311,#2212,#2345,.T.);
#2345 = B_SPLINE_CURVE_WITH_KNOTS('',1,(#2346,#2347),.UNSPECIFIED.,.F.,
  .F.,(2,2),(0.,6.25E-02),.PIECEWISE_BEZIER_KNOTS.);
#2346 = CARTESIAN_POINT('',(4.008870504917,2.497127006076,2.718749885475
    ));
#2347 = CARTESIAN_POINT('',(4.008871220608,2.497127006076,2.781249885471
    ));
#2348 = B_SPLINE_SURFACE_WITH_KNOTS('',1,11,(
    (#2349,#2350,#2351,#2352,#2353,#2354,#2355,#2356,#2357,#2358,#2359
      ,#2360,#2361,#2362,#2363,#2364,#2365,#2366,#2367,#2368,#2369)
    ,(#2370,#2371,#2372,#2373,#2374,#2375,#2376,#2377,#2378,#2379,#2380
      ,#2381,#2382,#2383,#2384,#2385,#2386,#2387,#2388,#2389,#2390
  )),.UNSPECIFIED.,.F.,.F.,.F.,(2,2),(12,9,12),(0.,6.25E-02),(0.,
    3.151524139379,6.303048278758),.UNSPECIFIED.);
#2349 = CARTESIAN_POINT('',(4.008869669945,2.49712700405,3.218749923653)
  );
#2350 = CARTESIAN_POINT('',(4.008870194196,2.065872032022,3.196022627009
    ));
#2351 = CARTESIAN_POINT('',(3.873421109818,1.634619028391,3.173295145954
    ));
#2352 = CARTESIAN_POINT('',(3.602356794969,1.250637309682,3.1505684781)
  );
#2353 = CARTESIAN_POINT('',(3.214572319562,0.961303180021,3.127840734529
    ));
#2354 = CARTESIAN_POINT('',(2.746913021518,0.805409399189,3.105113249644
    ));
#2355 = CARTESIAN_POINT('',(2.250834035619,0.805453193767,3.08238646384)
  );
#2356 = CARTESIAN_POINT('',(1.783188377801,0.961268173448,3.05965897632)
  );
#2357 = CARTESIAN_POINT('',(1.395309474702,1.250653956049,3.036931734902
    ));
#2358 = CARTESIAN_POINT('',(1.124348230989,1.634616328721,3.014204443497
    ));
#2359 = CARTESIAN_POINT('',(0.853386680678,2.497127023384,2.968749904565
    ));
#2360 = CARTESIAN_POINT('',(1.124348517295,3.359637628103,2.923295365632
    ));
#2361 = CARTESIAN_POINT('',(1.395310331945,3.743600281766,2.900568088168
    ));
#2362 = CARTESIAN_POINT('',(1.783182223519,4.032982029422,2.877840778034
    ));
#2363 = CARTESIAN_POINT('',(2.250841320687,4.188819980427,2.855113443127
    ));
#2364 = CARTESIAN_POINT('',(2.746914836913,4.18881064607,2.832386461605)
  );
#2365 = CARTESIAN_POINT('',(3.214556441498,4.032974961505,2.80965912946)
  );
#2366 = CARTESIAN_POINT('',(3.602376924633,3.743611313389,2.78693131703)
  );
#2367 = CARTESIAN_POINT('',(3.87341185497,3.359634652226,2.764204663191)
  );
#2368 = CARTESIAN_POINT('',(4.008869980088,2.928381978104,2.741477182121
    ));
#2369 = CARTESIAN_POINT('',(4.008870504917,2.497127006076,2.718749885475
    ));
#2370 = CARTESIAN_POINT('',(4.008870147072,2.49712700405,3.281249923651)
  );
#2371 = CARTESIAN_POINT('',(4.008870820779,2.065871861725,3.258522627006
    ));
#2372 = CARTESIAN_POINT('',(3.873422974034,1.634618640691,3.235795145941
    ));
#2373 = CARTESIAN_POINT('',(3.602354422262,1.250635885642,3.21306847811)
  );
#2374 = CARTESIAN_POINT('',(3.214574600577,0.96130666029,3.190340734541)
  );
#2375 = CARTESIAN_POINT('',(2.746913338116,0.80540273937,3.167613249599)
  );
#2376 = CARTESIAN_POINT('',(2.250832415623,0.805456405738,3.144886463867
    ));
#2377 = CARTESIAN_POINT('',(1.783189241506,0.961266386258,3.122158976308
    ));
#2378 = CARTESIAN_POINT('',(1.395308846775,1.250653661359,3.099431734901
    ));
#2379 = CARTESIAN_POINT('',(1.124347646363,1.634615983206,3.076704443494
    ));
#2380 = CARTESIAN_POINT('',(0.853386030759,2.497127031641,3.031249904562
    ));
#2381 = CARTESIAN_POINT('',(1.124348016124,3.359637963915,2.98579536563)
  );
#2382 = CARTESIAN_POINT('',(1.395310086258,3.743600282403,2.963068088164
    ));
#2383 = CARTESIAN_POINT('',(1.783180801735,4.03298416354,2.940340778034)
  );
#2384 = CARTESIAN_POINT('',(2.250842731924,4.188819692896,2.917613443113
    ));
#2385 = CARTESIAN_POINT('',(2.746914728893,4.188810158435,2.894886461613
    ));
#2386 = CARTESIAN_POINT('',(3.214554718928,4.032976946993,2.872159129473
    ));
#2387 = CARTESIAN_POINT('',(3.602380170724,3.743611563164,2.849431316996
    ));
#2388 = CARTESIAN_POINT('',(3.873411076594,3.359634946041,2.826704663203
    ));
#2389 = CARTESIAN_POINT('',(4.008870546323,2.928382148401,2.803977182119
    ));
#2390 = CARTESIAN_POINT('',(4.008871220608,2.497127006076,2.781249885471
    ));
#2391 = ADVANCED_FACE('',(#2392),#2498,.F.);
#2392 = FACE_BOUND('',#2393,.F.);
#2393 = EDGE_LOOP('',(#2394,#2491,#2492,#2493));
#2394 = ORIENTED_EDGE('',*,*,#2395,.F.);
#2395 = EDGE_CURVE('',#1536,#2396,#2398,.T.);
#2396 = VERTEX_POINT('',#2397);
#2397 = CARTESIAN_POINT('',(3.758868,2.4971269271,2.574414688994));
#2398 = B_SPLINE_CURVE_WITH_KNOTS('',7,(#2399,#2400,#2401,#2402,#2403,
    #2404,#2405,#2406,#2407,#2408,#2409,#2410,#2411,#2412,#2413,#2414,
    #2415,#2416,#2417,#2418,#2419,#2420,#2421,#2422,#2423,#2424,#2425,
    #2426,#2427,#2428,#2429,#2430,#2431,#2432,#2433,#2434,#2435,#2436,
    #2437,#2438,#2439,#2440,#2441,#2442,#2443,#2444,#2445,#2446,#2447,
    #2448,#2449,#2450,#2451,#2452,#2453,#2454,#2455,#2456,#2457,#2458,
    #2459,#2460,#2461,#2462,#2463,#2464,#2465,#2466,#2467,#2468,#2469,
    #2470,#2471,#2472,#2473,#2474,#2475,#2476,#2477,#2478,#2479,#2480,
    #2481,#2482,#2483,#2484,#2485,#2486,#2487,#2488,#2489,#2490),
  .UNSPECIFIED.,.F.,.F.,(8,6,6,6,6,6,6,6,6,6,6,6,6,6,6,8),(0.,
    3.49380663561E-02,0.104982214311,0.1339116477,0.222916878932,
    0.272809631005,0.376371237638,0.501563030153,0.626855041757,
    0.657589322279,0.685591898791,0.703593590798,0.868528807324,
    0.892262355904,0.956991877665,1.),.UNSPECIFIED.);
#2399 = CARTESIAN_POINT('',(3.758868,2.4971269028,3.074413936897));
#2400 = CARTESIAN_POINT('',(3.758867996952,2.457615972015,3.07191871042)
  );
#2401 = CARTESIAN_POINT('',(3.757422509559,2.418105147652,3.069423280019
    ));
#2402 = CARTESIAN_POINT('',(3.754531587061,2.378658121214,3.066927747561
    ));
#2403 = CARTESIAN_POINT('',(3.750198729865,2.339338216606,3.064432188748
    ));
#2404 = CARTESIAN_POINT('',(3.744430889538,2.300208390131,3.06193665312)
  );
#2405 = CARTESIAN_POINT('',(3.737238468811,2.261331230491,3.059441164053
    ));
#2406 = CARTESIAN_POINT('',(3.711387655051,2.145458971537,3.05194282772)
  );
#2407 = CARTESIAN_POINT('',(3.688469087117,2.069411537286,3.04693997305)
  );
#2408 = CARTESIAN_POINT('',(3.659991972272,1.995129868943,3.041937462848
    ));
#2409 = CARTESIAN_POINT('',(3.62612264219,1.923099965362,3.036935160529)
  );
#2410 = CARTESIAN_POINT('',(3.587079376008,1.853786184974,3.031932781226
    ));
#2411 = CARTESIAN_POINT('',(3.543130370623,1.787626819414,3.026930188193
    ));
#2412 = CARTESIAN_POINT('',(3.474544412782,1.699175970593,3.019861571394
    ));
#2413 = CARTESIAN_POINT('',(3.453713910072,1.673929505498,3.017795438669
    ));
#2414 = CARTESIAN_POINT('',(3.432122361071,1.649318836438,3.015729290463
    ));
#2415 = CARTESIAN_POINT('',(3.409793121218,1.625371411008,3.013663127036
    ));
#2416 = CARTESIAN_POINT('',(3.386750743177,1.602113559825,3.011596949475
    ));
#2417 = CARTESIAN_POINT('',(3.363020976834,1.579570496528,3.009530759691
    ));
#2418 = CARTESIAN_POINT('',(3.263591067259,1.490682875622,3.001107624869
    ));
#2419 = CARTESIAN_POINT('',(3.182292688837,1.43058705968,2.994750029786)
  );
#2420 = CARTESIAN_POINT('',(3.09552808912,1.378191051162,2.988392812869)
  );
#2421 = CARTESIAN_POINT('',(3.00417805698,1.334078146039,2.982035901164)
  );
#2422 = CARTESIAN_POINT('',(2.909192304219,1.298706935941,2.975678789391
    ));
#2423 = CARTESIAN_POINT('',(2.811575338967,1.272404496257,2.969321292947
    ));
#2424 = CARTESIAN_POINT('',(2.656771374527,1.245787721764,2.95940094344)
  );
#2425 = CARTESIAN_POINT('',(2.600665129116,1.239131828124,2.955837485066
    ));
#2426 = CARTESIAN_POINT('',(2.54424184336,1.235412345047,2.952274053679)
  );
#2427 = CARTESIAN_POINT('',(2.487685968268,1.234646257379,2.948710633589
    ));
#2428 = CARTESIAN_POINT('',(2.431182585727,1.236836077375,2.945147186637
    ));
#2429 = CARTESIAN_POINT('',(2.374916544639,1.241969831762,2.941583698631
    ));
#2430 = CARTESIAN_POINT('',(2.203155111133,1.266732834359,2.930623580831
    ));
#2431 = CARTESIAN_POINT('',(2.089031739012,1.296017425028,2.923225676507
    ));
#2432 = CARTESIAN_POINT('',(1.978373146956,1.337640815356,2.915828579842
    ));
#2433 = CARTESIAN_POINT('',(1.872766335894,1.391089134564,2.908432005332
    ));
#2434 = CARTESIAN_POINT('',(1.773696781194,1.455610526266,2.90103490655)
  );
#2435 = CARTESIAN_POINT('',(1.682518216218,1.530230477855,2.893637035815
    ));
#2436 = CARTESIAN_POINT('',(1.501150339875,1.714692894198,2.877299039597
    ));
#2437 = CARTESIAN_POINT('',(1.415091070191,1.828691748523,2.868354689109
    ));
#2438 = CARTESIAN_POINT('',(1.344356228118,1.953608411066,2.859413023601
    ));
#2439 = CARTESIAN_POINT('',(1.290540909034,2.086937236771,2.850472497447
    ));
#2440 = CARTESIAN_POINT('',(1.254743960629,2.225956097785,2.84153081844)
  );
#2441 = CARTESIAN_POINT('',(1.237556638135,2.367753944287,2.832586446753
    ));
#2442 = CARTESIAN_POINT('',(1.240298515547,2.651005834699,2.814696330011
    ));
#2443 = CARTESIAN_POINT('',(1.260258388671,2.792557597445,2.805744394092
    ));
#2444 = CARTESIAN_POINT('',(1.298800352588,2.93096315542,2.796794772486)
  );
#2445 = CARTESIAN_POINT('',(1.355274772463,3.063316529948,2.787846142642
    ));
#2446 = CARTESIAN_POINT('',(1.428526701456,3.186911281622,2.77889659028)
  );
#2447 = CARTESIAN_POINT('',(1.516907779225,3.299267817456,2.769944738799
    ));
#2448 = CARTESIAN_POINT('',(1.643103834684,3.422586726822,2.758801032092
    ));
#2449 = CARTESIAN_POINT('',(1.668743929095,3.44607833247,2.756605936671)
  );
#2450 = CARTESIAN_POINT('',(1.695134819147,3.468739709241,2.754410848728
    ));
#2451 = CARTESIAN_POINT('',(1.722244177962,3.490542181665,2.752215767708
    ));
#2452 = CARTESIAN_POINT('',(1.750038372401,3.511458699494,2.750020692771
    ));
#2453 = CARTESIAN_POINT('',(1.778482463063,3.531463837701,2.74782562279)
  );
#2454 = CARTESIAN_POINT('',(1.834015254555,3.567908791787,2.743630590365
    ));
#2455 = CARTESIAN_POINT('',(1.860999817022,3.58450752573,2.74163062611)
  );
#2456 = CARTESIAN_POINT('',(1.888466486962,3.600312018981,2.739630662561
    ));
#2457 = CARTESIAN_POINT('',(1.916387179567,3.615305558115,2.737630698775
    ));
#2458 = CARTESIAN_POINT('',(1.944733129944,3.629472695608,2.735630733892
    ));
#2459 = CARTESIAN_POINT('',(1.973474893115,3.642799249835,2.733630767144
    ));
#2460 = CARTESIAN_POINT('',(2.021294313828,3.663290713621,2.730345100747
    ));
#2461 = CARTESIAN_POINT('',(2.04015743456,3.670956410782,2.729059402306)
  );
#2462 = CARTESIAN_POINT('',(2.059163717065,3.678265973373,2.727773702322
    ));
#2463 = CARTESIAN_POINT('',(2.078305088402,3.685216208911,2.726488000631
    ));
#2464 = CARTESIAN_POINT('',(2.097573391838,3.691804155616,2.72520229711)
  );
#2465 = CARTESIAN_POINT('',(2.116960386845,3.698027082411,2.723916591674
    ));
#2466 = CARTESIAN_POINT('',(2.315096605067,3.757530931548,2.71085096779)
  );
#2467 = CARTESIAN_POINT('',(2.503185498238,3.780382802523,2.699058734767
    ));
#2468 = CARTESIAN_POINT('',(2.694020342188,3.77030214191,2.687276565444)
  );
#2469 = CARTESIAN_POINT('',(2.880699086524,3.72727481272,2.675497805228)
  );
#2470 = CARTESIAN_POINT('',(3.056692591479,3.652806696851,2.663716618712
    ));
#2471 = CARTESIAN_POINT('',(3.215802525881,3.549930334821,2.651925137526
    ));
#2472 = CARTESIAN_POINT('',(3.372668717798,3.405307968051,2.638450067097
    ));
#2473 = CARTESIAN_POINT('',(3.391949578239,3.38662480711,2.636754959582)
  );
#2474 = CARTESIAN_POINT('',(3.410763687027,3.36746474507,2.635059836796)
  );
#2475 = CARTESIAN_POINT('',(3.429096925664,3.347841806145,2.633364697693
    ));
#2476 = CARTESIAN_POINT('',(3.446935718835,3.327770519864,2.631669541653
    ));
#2477 = CARTESIAN_POINT('',(3.464267034405,3.307265921074,2.62997436848)
  );
#2478 = CARTESIAN_POINT('',(3.526928694371,3.229281072599,2.623655814047
    ));
#2479 = CARTESIAN_POINT('',(3.568912393694,3.169109464921,2.619032218315
    ));
#2480 = CARTESIAN_POINT('',(3.606774815188,3.10614577345,2.614408571672)
  );
#2481 = CARTESIAN_POINT('',(3.640295625618,3.040730076511,2.609784924872
    ));
#2482 = CARTESIAN_POINT('',(3.669290287205,2.973222581378,2.6051613032)
  );
#2483 = CARTESIAN_POINT('',(3.693611520125,2.904000721431,2.600537810708
    ));
#2484 = CARTESIAN_POINT('',(3.726133191106,2.786584516413,2.592843032018
    ));
#2485 = CARTESIAN_POINT('',(3.737004853033,2.739127925021,2.589771446406
    ));
#2486 = CARTESIAN_POINT('',(3.745734065502,2.691200913871,2.586700015222
    ));
#2487 = CARTESIAN_POINT('',(3.752296982001,2.642919580129,2.583628734161
    ));
#2488 = CARTESIAN_POINT('',(3.756677638972,2.59440127618,2.580557536916)
  );
#2489 = CARTESIAN_POINT('',(3.758868,2.545764202414,2.577486275109));
#2490 = CARTESIAN_POINT('',(3.758868,2.497127,2.574414698202));
#2491 = ORIENTED_EDGE('',*,*,#1622,.T.);
#2492 = ORIENTED_EDGE('',*,*,#2310,.T.);
#2493 = ORIENTED_EDGE('',*,*,#2494,.F.);
#2494 = EDGE_CURVE('',#2396,#2311,#2495,.T.);
#2495 = B_SPLINE_CURVE_WITH_KNOTS('',1,(#2496,#2497),.UNSPECIFIED.,.F.,
  .F.,(2,2),(0.,0.4355),.PIECEWISE_BEZIER_KNOTS.);
#2496 = CARTESIAN_POINT('',(3.631713948127,2.497126776955,2.501004204301
    ));
#2497 = CARTESIAN_POINT('',(4.008870504917,2.497127006076,2.718749885475
    ));
#2498 = B_SPLINE_SURFACE_WITH_KNOTS('',1,8,(
    (#2499,#2500,#2501,#2502,#2503,#2504,#2505,#2506,#2507,#2508,#2509
      ,#2510,#2511,#2512,#2513,#2514,#2515,#2516,#2517,#2518,#2519,#2520
      ,#2521,#2522,#2523,#2524,#2525)
    ,(#2526,#2527,#2528,#2529,#2530,#2531,#2532,#2533,#2534,#2535,#2536
      ,#2537,#2538,#2539,#2540,#2541,#2542,#2543,#2544,#2545,#2546,#2547
      ,#2548,#2549,#2550,#2551,#2552
    )),.UNSPECIFIED.,.F.,.F.,.F.,(2,2),(9,6,6,6,9),(0.,0.4355),(0.,
    1.57576206969,3.151524139379,4.727286209069,6.303048278758),
  .UNSPECIFIED.);
#2499 = CARTESIAN_POINT('',(3.631713944297,2.497126851303,3.001002802867
    ));
#2500 = CARTESIAN_POINT('',(3.631713916755,2.274677532281,2.985378406473
    ));
#2501 = CARTESIAN_POINT('',(3.581807117065,2.052279655453,2.969757334397
    ));
#2502 = CARTESIAN_POINT('',(3.481981004788,1.842893995082,2.954126227691
    ));
#2503 = CARTESIAN_POINT('',(3.336321264217,1.659653380936,2.93850205932)
  );
#2504 = CARTESIAN_POINT('',(3.153098739323,1.514024343782,2.922878045748
    ));
#2505 = CARTESIAN_POINT('',(2.943735682426,1.414195320986,2.907253818973
    ));
#2506 = CARTESIAN_POINT('',(2.498871103717,1.31436713401,2.876004199635)
  );
#2507 = CARTESIAN_POINT('',(2.053999364361,1.414194974537,2.844753366252
    ));
#2508 = CARTESIAN_POINT('',(1.844629933813,1.514023314285,2.829127872157
    ));
#2509 = CARTESIAN_POINT('',(1.661399284716,1.659662201776,2.813503118345
    ));
#2510 = CARTESIAN_POINT('',(1.5157640115,1.842891553653,2.797878611951)
  );
#2511 = CARTESIAN_POINT('',(1.415937082641,2.052257788663,2.782253668179
    ));
#2512 = CARTESIAN_POINT('',(1.316110181168,2.497127194139,2.751003503584
    ));
#2513 = CARTESIAN_POINT('',(1.415937229543,2.941996566651,2.71975333899)
  );
#2514 = CARTESIAN_POINT('',(1.515764226943,3.151362768557,2.704128395217
    ));
#2515 = CARTESIAN_POINT('',(1.661399556866,3.334592073603,2.688503888823
    ));
#2516 = CARTESIAN_POINT('',(1.844630255004,3.480230903684,2.672879135011
    ));
#2517 = CARTESIAN_POINT('',(2.053999719522,3.580059172075,2.657253640917
    ));
#2518 = CARTESIAN_POINT('',(2.498871491907,3.67988686228,2.626002807533)
  );
#2519 = CARTESIAN_POINT('',(2.943736037586,3.580058531238,2.594753188195
    ));
#2520 = CARTESIAN_POINT('',(3.153099061989,3.480229441158,2.57912896142)
  );
#2521 = CARTESIAN_POINT('',(3.336321542542,3.334600361032,2.563504947848
    ));
#2522 = CARTESIAN_POINT('',(3.481981234136,3.151359673347,2.547880779478
    ));
#2523 = CARTESIAN_POINT('',(3.581807242294,2.941973988437,2.532249672772
    ));
#2524 = CARTESIAN_POINT('',(3.631713990262,2.719576095977,2.516628600695
    ));
#2525 = CARTESIAN_POINT('',(3.631713948127,2.497126776955,2.501004204301
    ));
#2526 = CARTESIAN_POINT('',(4.008869669945,2.49712700405,3.218749923653)
  );
#2527 = CARTESIAN_POINT('',(4.008870030368,2.200639210781,3.20312490721)
  );
#2528 = CARTESIAN_POINT('',(3.942354957982,1.904152384135,3.187499800209
    ));
#2529 = CARTESIAN_POINT('',(3.809264704575,1.625076856125,3.171874966555
    ));
#2530 = CARTESIAN_POINT('',(3.615145994335,1.380847066009,3.156249943918
    ));
#2531 = CARTESIAN_POINT('',(3.370911560308,1.186719884107,3.140624917034
    ));
#2532 = CARTESIAN_POINT('',(3.091845196434,1.053656877268,3.124999895973
    ));
#2533 = CARTESIAN_POINT('',(2.498871096649,0.920592866539,3.093749885602
    ));
#2534 = CARTESIAN_POINT('',(1.905891607303,1.053656457112,3.062499908306
    ));
#2535 = CARTESIAN_POINT('',(1.626819364022,1.186719952474,3.046874921766
    ));
#2536 = CARTESIAN_POINT('',(1.382582551458,1.380844766532,3.031249915059
    ));
#2537 = CARTESIAN_POINT('',(1.188459510368,1.625080991176,3.015624901613
    ));
#2538 = CARTESIAN_POINT('',(1.055398201941,1.904150918193,2.999999900081
    ));
#2539 = CARTESIAN_POINT('',(0.922336754461,2.49712701194,2.968749904565)
  );
#2540 = CARTESIAN_POINT('',(1.055398398777,3.090103061519,2.937499909048
    ));
#2541 = CARTESIAN_POINT('',(1.188459670131,3.369172913787,2.921874907517
    ));
#2542 = CARTESIAN_POINT('',(1.382581963016,3.613409349085,2.90624989407)
  );
#2543 = CARTESIAN_POINT('',(1.626819047071,3.807534757782,2.890624887363
    ));
#2544 = CARTESIAN_POINT('',(1.905891553549,3.940597676274,2.874999900824
    ));
#2545 = CARTESIAN_POINT('',(2.498871101256,4.073660324658,2.843749923526
    ));
#2546 = CARTESIAN_POINT('',(3.091845142679,3.940596735956,2.812499913156
    ));
#2547 = CARTESIAN_POINT('',(3.370911564538,3.807534040027,2.796874892089
    ));
#2548 = CARTESIAN_POINT('',(3.615146753978,3.613410601451,2.781249865228
    ));
#2549 = CARTESIAN_POINT('',(3.809267894186,3.369175194035,2.765624842555
    ));
#2550 = CARTESIAN_POINT('',(3.942350425992,3.090101464179,2.750000008928
    ));
#2551 = CARTESIAN_POINT('',(4.008870144097,2.793614799345,2.734374901919
    ));
#2552 = CARTESIAN_POINT('',(4.008870504917,2.497127006076,2.718749885475
    ));
#2553 = ADVANCED_FACE('',(#2554),#2643,.F.);
#2554 = FACE_BOUND('',#2555,.T.);
#2555 = EDGE_LOOP('',(#2556,#2557,#2558,#2637));
#2556 = ORIENTED_EDGE('',*,*,#2395,.F.);
#2557 = ORIENTED_EDGE('',*,*,#1772,.T.);
#2558 = ORIENTED_EDGE('',*,*,#2559,.T.);
#2559 = EDGE_CURVE('',#1688,#2560,#2562,.T.);
#2560 = VERTEX_POINT('',#2561);
#2561 = CARTESIAN_POINT('',(3.758868,2.497126902799,2.425594983299));
#2562 = B_SPLINE_CURVE_WITH_KNOTS('',7,(#2563,#2564,#2565,#2566,#2567,
    #2568,#2569,#2570,#2571,#2572,#2573,#2574,#2575,#2576,#2577,#2578,
    #2579,#2580,#2581,#2582,#2583,#2584,#2585,#2586,#2587,#2588,#2589,
    #2590,#2591,#2592,#2593,#2594,#2595,#2596,#2597,#2598,#2599,#2600,
    #2601,#2602,#2603,#2604,#2605,#2606,#2607,#2608,#2609,#2610,#2611,
    #2612,#2613,#2614,#2615,#2616,#2617,#2618,#2619,#2620,#2621,#2622,
    #2623,#2624,#2625,#2626,#2627,#2628,#2629,#2630,#2631,#2632,#2633,
    #2634,#2635,#2636),.UNSPECIFIED.,.F.,.F.,(8,6,6,6,6,6,6,6,6,6,6,6,8)
  ,(0.,3.800178743135E-02,0.133479185422,0.228489948557,0.291868007093,
    0.381510983771,0.505244626788,0.630201755043,0.74844391418,
    0.811176208984,0.867995784184,0.960337325621,1.),.UNSPECIFIED.);
#2563 = CARTESIAN_POINT('',(3.758868,2.497126854199,2.92559312928));
#2564 = CARTESIAN_POINT('',(3.758867995027,2.454149415331,2.922879066948
    ));
#2565 = CARTESIAN_POINT('',(3.757157733113,2.41117202126,2.920165324773)
  );
#2566 = CARTESIAN_POINT('',(3.753737282612,2.36827673518,2.917451688269)
  );
#2567 = CARTESIAN_POINT('',(3.748611539846,2.325545053236,2.914738005546
    ));
#2568 = CARTESIAN_POINT('',(3.741790229105,2.283057904528,2.912024187315
    ));
#2569 = CARTESIAN_POINT('',(3.733287902645,2.240895651109,2.909310206887
    ));
#2570 = CARTESIAN_POINT('',(3.697587546056,2.094224510416,2.899777056525
    ));
#2571 = CARTESIAN_POINT('',(3.661559078992,1.9918519608,2.892956328394)
  );
#2572 = CARTESIAN_POINT('',(3.615346102048,1.893301697448,2.886135394143
    ));
#2573 = CARTESIAN_POINT('',(3.559450111588,1.799779031426,2.879314909034
    ));
#2574 = CARTESIAN_POINT('',(3.494539614488,1.712402920264,2.872494586351
    ));
#2575 = CARTESIAN_POINT('',(3.421438737577,1.632186390472,2.865674046733
    ));
#2576 = CARTESIAN_POINT('',(3.261216495131,1.488181951932,2.852068553799
    ));
#2577 = CARTESIAN_POINT('',(3.174146415192,1.424298597461,2.845281997338
    ));
#2578 = CARTESIAN_POINT('',(3.080884548876,1.369229169924,2.838496184348
    ));
#2579 = CARTESIAN_POINT('',(2.982508871674,1.323675574553,2.831710679187
    ));
#2580 = CARTESIAN_POINT('',(2.880184565704,1.288177325851,2.824924633247
    ));
#2581 = CARTESIAN_POINT('',(2.775144206192,1.263102390748,2.818137859532
    ));
#2582 = CARTESIAN_POINT('',(2.597654258497,1.238962227168,2.806824980216
    ));
#2583 = CARTESIAN_POINT('',(2.525990336382,1.234016006513,2.802298063878
    ));
#2584 = CARTESIAN_POINT('',(2.454061841144,1.233834433981,2.797771185249
    ));
#2585 = CARTESIAN_POINT('',(2.382248821533,1.238430976469,2.79324434037)
  );
#2586 = CARTESIAN_POINT('',(2.310930366595,1.247781379449,2.788717457113
    ));
#2587 = CARTESIAN_POINT('',(2.240481720247,1.261823848196,2.784190524102
    ));
#2588 = CARTESIAN_POINT('',(2.073379165665,1.306817420583,2.773260932365
    ));
#2589 = CARTESIAN_POINT('',(1.977952120045,1.342367138234,2.766857620368
    ));
#2590 = CARTESIAN_POINT('',(1.886042485594,1.386828138737,2.76045481324)
  );
#2591 = CARTESIAN_POINT('',(1.798641011175,1.439771430093,2.754052328401
    ));
#2592 = CARTESIAN_POINT('',(1.716669537761,1.50063857579,2.747649567946)
  );
#2593 = CARTESIAN_POINT('',(1.640967046149,1.568750167109,2.741246324204
    ));
#2594 = CARTESIAN_POINT('',(1.477445948783,1.746208914698,2.726005945383
    ));
#2595 = CARTESIAN_POINT('',(1.395924617091,1.861434231389,2.717165252421
    ));
#2596 = CARTESIAN_POINT('',(1.329687437591,1.986859551741,2.708326717837
    ));
#2597 = CARTESIAN_POINT('',(1.280201519178,2.120022013682,2.69948906814)
  );
#2598 = CARTESIAN_POINT('',(1.248454308679,2.258264774386,2.690650451274
    ));
#2599 = CARTESIAN_POINT('',(1.234943216797,2.398764404736,2.68180969381)
  );
#2600 = CARTESIAN_POINT('',(1.244205179283,2.679860181913,2.6640470085)
  );
#2601 = CARTESIAN_POINT('',(1.267341482077,2.820539018103,2.655119112666
    ));
#2602 = CARTESIAN_POINT('',(1.308884352564,2.957667194892,2.646193884177
    ));
#2603 = CARTESIAN_POINT('',(1.368124273015,3.088377255396,2.637269831316
    ));
#2604 = CARTESIAN_POINT('',(1.443856024786,3.210010212826,2.62834462058)
  );
#2605 = CARTESIAN_POINT('',(1.534391148713,3.320142514557,2.619416725685
    ));
#2606 = CARTESIAN_POINT('',(1.735128943862,3.508158226103,2.602046270437
    ));
#2607 = CARTESIAN_POINT('',(1.844072433102,3.587511691505,2.593598374374
    ));
#2608 = CARTESIAN_POINT('',(1.962525795528,3.653066310565,2.585152023996
    ));
#2609 = CARTESIAN_POINT('',(2.088375095893,3.703507654938,2.576706704485
    ));
#2610 = CARTESIAN_POINT('',(2.21931418801,3.737911348497,2.568260375532)
  );
#2611 = CARTESIAN_POINT('',(2.352906359393,3.755767827947,2.55981249188)
  );
#2612 = CARTESIAN_POINT('',(2.557563452152,3.757757010544,2.546886372679
    ));
#2613 = CARTESIAN_POINT('',(2.628551789757,3.753786305992,2.542405651968
    ));
#2614 = CARTESIAN_POINT('',(2.699216910229,3.745151849601,2.537925036602
    ));
#2615 = CARTESIAN_POINT('',(2.769191525597,3.73188644531,2.533444486298)
  );
#2616 = CARTESIAN_POINT('',(2.838113752563,3.714058708694,2.528963892635
    ));
#2617 = CARTESIAN_POINT('',(2.905629804849,3.691772550042,2.524483216563
    ));
#2618 = CARTESIAN_POINT('',(3.030964827204,3.641068455374,2.515944345299
    ));
#2619 = CARTESIAN_POINT('',(3.089100015531,3.613425652494,2.511885995621
    ));
#2620 = CARTESIAN_POINT('',(3.14554773164,3.582341253717,2.507827676061)
  );
#2621 = CARTESIAN_POINT('',(3.200064342659,3.547940187423,2.503769371444
    ));
#2622 = CARTESIAN_POINT('',(3.252418505561,3.510368423422,2.499711030601
    ));
#2623 = CARTESIAN_POINT('',(3.302392570998,3.469792090906,2.495652644704
    ));
#2624 = CARTESIAN_POINT('',(3.426803155296,3.355871485352,2.484998862006
    ));
#2625 = CARTESIAN_POINT('',(3.497010972638,3.277891560909,2.478402750931
    ));
#2626 = CARTESIAN_POINT('',(3.559526367291,3.193258786855,2.471807175064
    ));
#2627 = CARTESIAN_POINT('',(3.613607663066,3.102891822872,2.465212054775
    ));
#2628 = CARTESIAN_POINT('',(3.658649610221,3.007802157809,2.458616684322
    ));
#2629 = CARTESIAN_POINT('',(3.694193180659,2.909077638641,2.452020674335
    ));
#2630 = CARTESIAN_POINT('',(3.731010430139,2.764403999959,2.442592303024
    ));
#2631 = CARTESIAN_POINT('',(3.74026738688,2.720474893208,2.439759382668)
  );
#2632 = CARTESIAN_POINT('',(3.747696016662,2.676176614588,2.436926431113
    ));
#2633 = CARTESIAN_POINT('',(3.753279062829,2.631600401647,2.434093464264
    ));
#2634 = CARTESIAN_POINT('',(3.757004993186,2.586838189774,2.431260522328
    ));
#2635 = CARTESIAN_POINT('',(3.758868,2.541982612201,2.428427669824));
#2636 = CARTESIAN_POINT('',(3.758868,2.497127,2.425594995575));
#2637 = ORIENTED_EDGE('',*,*,#2638,.F.);
#2638 = EDGE_CURVE('',#2396,#2560,#2639,.T.);
#2639 = LINE('',#2640,#2641);
#2640 = CARTESIAN_POINT('',(3.758868,2.497127,4.));
#2641 = VECTOR('',#2642,1.);
#2642 = DIRECTION('',(-6.765527267673E-17,0.,-1.));
#2643 = CYLINDRICAL_SURFACE('',#2644,1.26);
#2644 = AXIS2_PLACEMENT_3D('',#2645,#2646,#2647);
#2645 = CARTESIAN_POINT('',(2.498868,2.497127,4.));
#2646 = DIRECTION('',(-0.,-0.,-1.));
#2647 = DIRECTION('',(1.,0.,0.));
#2648 = ADVANCED_FACE('',(#2649),#2762,.F.);
#2649 = FACE_BOUND('',#2650,.F.);
#2650 = EDGE_LOOP('',(#2651,#2677,#2684,#2761));
#2651 = ORIENTED_EDGE('',*,*,#2652,.F.);
#2652 = EDGE_CURVE('',#2653,#1787,#2655,.T.);
#2653 = VERTEX_POINT('',#2654);
#2654 = CARTESIAN_POINT('',(4.008874441215,2.497127012154,1.281249770905
    ));
#2655 = B_SPLINE_CURVE_WITH_KNOTS('',11,(#2656,#2657,#2658,#2659,#2660,
    #2661,#2662,#2663,#2664,#2665,#2666,#2667,#2668,#2669,#2670,#2671,
    #2672,#2673,#2674,#2675,#2676),.UNSPECIFIED.,.F.,.F.,(12,9,12),(0.,
    3.151524139379,6.303048278758),.UNSPECIFIED.);
#2656 = CARTESIAN_POINT('',(4.008874441215,2.497127012154,1.281249770905
    ));
#2657 = CARTESIAN_POINT('',(4.008875117236,2.065870643688,1.25852247425)
  );
#2658 = CARTESIAN_POINT('',(3.873426887683,1.63461619462,1.235794993095)
  );
#2659 = CARTESIAN_POINT('',(3.602357566418,1.250632347245,1.213068325524
    ));
#2660 = CARTESIAN_POINT('',(3.214576645616,0.961302296923,1.190340581753
    ));
#2661 = CARTESIAN_POINT('',(2.746914050931,0.805397928738,1.16761309672)
  );
#2662 = CARTESIAN_POINT('',(2.250831720319,0.805451594718,1.144886311196
    ));
#2663 = CARTESIAN_POINT('',(1.78318721426,0.961262014129,1.122158823545)
  );
#2664 = CARTESIAN_POINT('',(1.395305715179,1.250650110845,1.099431582152
    ));
#2665 = CARTESIAN_POINT('',(1.124343742124,1.634613523057,1.076704290736
    ));
#2666 = CARTESIAN_POINT('',(0.853381351341,2.49712702281,1.031249751808)
  );
#2667 = CARTESIAN_POINT('',(1.124344102627,3.359640409311,0.985795212878
    ));
#2668 = CARTESIAN_POINT('',(1.395306941079,3.743603821214,0.963067935411
    ));
#2669 = CARTESIAN_POINT('',(1.783178758805,4.032988527429,0.940340625262
    ));
#2670 = CARTESIAN_POINT('',(2.250842017034,4.188824502243,0.917613290319
    ));
#2671 = CARTESIAN_POINT('',(2.746915424972,4.188814970749,0.894886308939
    ));
#2672 = CARTESIAN_POINT('',(3.214556746696,4.032981318591,0.872158976778
    ));
#2673 = CARTESIAN_POINT('',(3.602383301692,3.743615113265,0.849431164066
    ));
#2674 = CARTESIAN_POINT('',(3.87341498099,3.359637406866,0.82670451054)
  );
#2675 = CARTESIAN_POINT('',(4.008874838152,2.928383382646,0.803977029366
    ));
#2676 = CARTESIAN_POINT('',(4.008875514751,2.49712701418,0.781249732708)
  );
#2677 = ORIENTED_EDGE('',*,*,#2678,.T.);
#2678 = EDGE_CURVE('',#2653,#2679,#2681,.T.);
#2679 = VERTEX_POINT('',#2680);
#2680 = CARTESIAN_POINT('',(3.758868,2.497126854198,1.425598691374));
#2681 = B_SPLINE_CURVE_WITH_KNOTS('',1,(#2682,#2683),.UNSPECIFIED.,.F.,
  .F.,(2,2),(0.,0.4355),.PIECEWISE_BEZIER_KNOTS.);
#2682 = CARTESIAN_POINT('',(4.008874441215,2.497127012154,1.281249770905
    ));
#2683 = CARTESIAN_POINT('',(3.631725364901,2.497126553917,1.499008408471
    ));
#2684 = ORIENTED_EDGE('',*,*,#2685,.T.);
#2685 = EDGE_CURVE('',#2679,#1813,#2686,.T.);
#2686 = B_SPLINE_CURVE_WITH_KNOTS('',7,(#2687,#2688,#2689,#2690,#2691,
    #2692,#2693,#2694,#2695,#2696,#2697,#2698,#2699,#2700,#2701,#2702,
    #2703,#2704,#2705,#2706,#2707,#2708,#2709,#2710,#2711,#2712,#2713,
    #2714,#2715,#2716,#2717,#2718,#2719,#2720,#2721,#2722,#2723,#2724,
    #2725,#2726,#2727,#2728,#2729,#2730,#2731,#2732,#2733,#2734,#2735,
    #2736,#2737,#2738,#2739,#2740,#2741,#2742,#2743,#2744,#2745,#2746,
    #2747,#2748,#2749,#2750,#2751,#2752,#2753,#2754,#2755,#2756,#2757,
    #2758,#2759,#2760),.UNSPECIFIED.,.F.,.F.,(8,6,6,6,6,6,6,6,6,6,6,6,8)
  ,(0.,3.800187774535E-02,0.134885272702,0.227852803757,0.291096628176,
    0.382629862099,0.500861905589,0.631689949389,0.74946624886,
    0.808759386819,0.870007087733,0.959665021013,1.),.UNSPECIFIED.);
#2687 = CARTESIAN_POINT('',(3.758868,2.497126708395,1.425598691374));
#2688 = CARTESIAN_POINT('',(3.758868,2.454149268682,1.422884623249));
#2689 = CARTESIAN_POINT('',(3.757157742992,2.411171873457,1.420170875309
    ));
#2690 = CARTESIAN_POINT('',(3.753737297305,2.368276585916,1.41745723307)
  );
#2691 = CARTESIAN_POINT('',(3.748611559234,2.325544902213,1.414743544651
    ));
#2692 = CARTESIAN_POINT('',(3.741790253045,2.283057751457,1.412029720772
    ));
#2693 = CARTESIAN_POINT('',(3.733287930972,2.240895495714,1.409315734753
    ));
#2694 = CARTESIAN_POINT('',(3.697211602776,2.092679645023,1.399682164225
    ));
#2695 = CARTESIAN_POINT('',(3.660495700897,1.98883687348,1.392760914323)
  );
#2696 = CARTESIAN_POINT('',(3.613297570486,1.888949408012,1.385839483266
    ));
#2697 = CARTESIAN_POINT('',(3.556144488346,1.794275729064,1.378918562714
    ));
#2698 = CARTESIAN_POINT('',(3.489740323948,1.705982075514,1.371997820707
    ));
#2699 = CARTESIAN_POINT('',(3.414953051761,1.625121480355,1.365076827085
    ));
#2700 = CARTESIAN_POINT('',(3.254004976431,1.483015146774,1.351516878634
    ));
#2701 = CARTESIAN_POINT('',(3.168408056595,1.421092803136,1.344876332223
    ));
#2702 = CARTESIAN_POINT('',(3.076937608445,1.367643347216,1.3382364523)
  );
#2703 = CARTESIAN_POINT('',(2.980606678892,1.323318824958,1.331596844228
    ));
#2704 = CARTESIAN_POINT('',(2.880507796079,1.288621910894,1.324956744626
    ));
#2705 = CARTESIAN_POINT('',(2.777795199905,1.263897746107,1.318315984179
    ));
#2706 = CARTESIAN_POINT('',(2.602841998273,1.239388662175,1.307158632983
    ));
#2707 = CARTESIAN_POINT('',(2.531351587459,1.234156637826,1.302641307219
    ));
#2708 = CARTESIAN_POINT('',(2.459577928033,1.233667896162,1.298124017856
    ));
#2709 = CARTESIAN_POINT('',(2.387898589408,1.237937411715,1.293606760831
    ));
#2710 = CARTESIAN_POINT('',(2.316690354392,1.246942753335,1.289089465186
    ));
#2711 = CARTESIAN_POINT('',(2.246326365705,1.260624248366,1.284572120405
    ));
#2712 = CARTESIAN_POINT('',(2.077087512135,1.305314274218,1.273517104172
    ));
#2713 = CARTESIAN_POINT('',(1.97952490147,1.341339166807,1.266978719349)
  );
#2714 = CARTESIAN_POINT('',(1.885607901572,1.386666895084,1.26044089216)
  );
#2715 = CARTESIAN_POINT('',(1.796392285408,1.440842287518,1.25390342106)
  );
#2716 = CARTESIAN_POINT('',(1.712859040264,1.50326961282,1.247365644218)
  );
#2717 = CARTESIAN_POINT('',(1.635898873885,1.573222011065,1.240827333182
    ));
#2718 = CARTESIAN_POINT('',(1.476375760351,1.748803215875,1.225844903537
    ));
#2719 = CARTESIAN_POINT('',(1.398689648569,1.858927408987,1.217397798766
    ));
#2720 = CARTESIAN_POINT('',(1.334942548279,1.978349525965,1.208952246359
    ));
#2721 = CARTESIAN_POINT('',(1.286416280405,2.104936553151,1.200507671716
    ));
#2722 = CARTESIAN_POINT('',(1.253999941423,2.236369327147,1.19206203383)
  );
#2723 = CARTESIAN_POINT('',(1.238166114174,2.370204457671,1.183614842558
    ));
#2724 = CARTESIAN_POINT('',(1.239683160394,2.651866427679,1.165825729111
    ));
#2725 = CARTESIAN_POINT('',(1.260749428465,2.799771380003,1.15647771985)
  );
#2726 = CARTESIAN_POINT('',(1.302096085981,2.944185293878,1.147133064894
    ));
#2727 = CARTESIAN_POINT('',(1.362961429762,3.081797980621,1.137789842448
    ));
#2728 = CARTESIAN_POINT('',(1.441989939127,3.209545198446,1.128445226211
    ));
#2729 = CARTESIAN_POINT('',(1.537245335397,3.324636563974,1.119097230817
    ));
#2730 = CARTESIAN_POINT('',(1.744233470677,3.514902498241,1.101340730307
    ));
#2731 = CARTESIAN_POINT('',(1.853437972766,3.592972008697,1.0929261575)
  );
#2732 = CARTESIAN_POINT('',(1.971956279357,3.657270491795,1.084513102878
    ));
#2733 = CARTESIAN_POINT('',(2.097688548587,3.706516910791,1.076101062648
    ));
#2734 = CARTESIAN_POINT('',(2.228348843219,3.739815865941,1.067688036425
    ));
#2735 = CARTESIAN_POINT('',(2.36152574345,3.75668138388,1.059273488931)
  );
#2736 = CARTESIAN_POINT('',(2.561774984672,3.757340636352,1.04662630435)
  );
#2737 = CARTESIAN_POINT('',(2.628844888983,3.753397975714,1.042391251278
    ));
#2738 = CARTESIAN_POINT('',(2.695617417895,3.745290925007,1.038156281606
    ));
#2739 = CARTESIAN_POINT('',(2.761782596206,3.733047477882,1.033921363447
    ));
#2740 = CARTESIAN_POINT('',(2.827034697006,3.716724216181,1.029686413278
    ));
#2741 = CARTESIAN_POINT('',(2.891074268817,3.696405931083,1.025451400284
    ));
#2742 = CARTESIAN_POINT('',(3.018207515101,3.647206796213,1.016841898521
    ));
#2743 = CARTESIAN_POINT('',(3.081202825622,3.618064821605,1.012467248959
    ));
#2744 = CARTESIAN_POINT('',(3.142275090886,3.584903605293,1.008092646046
    ));
#2745 = CARTESIAN_POINT('',(3.201117736696,3.547877195646,1.003718067514
    ));
#2746 = CARTESIAN_POINT('',(3.257440669412,3.5071681177,0.99934343841));
#2747 = CARTESIAN_POINT('',(3.310972327301,3.462986086317,0.994968744714
    ));
#2748 = CARTESIAN_POINT('',(3.43537104767,3.346151502495,0.984190357294)
  );
#2749 = CARTESIAN_POINT('',(3.502770223255,3.269790808844,0.977786012706
    ));
#2750 = CARTESIAN_POINT('',(3.562863090612,3.187228290713,0.971382137865
    ));
#2751 = CARTESIAN_POINT('',(3.614977795337,3.099309884831,0.964978661216
    ));
#2752 = CARTESIAN_POINT('',(3.658564437361,3.00696342313,0.958574967959)
  );
#2753 = CARTESIAN_POINT('',(3.693203449029,2.91118440151,0.952170716159)
  );
#2754 = CARTESIAN_POINT('',(3.730061133567,2.768869626169,0.942885998063
    ));
#2755 = CARTESIAN_POINT('',(3.739632517771,2.724228023716,0.940005056498
    ));
#2756 = CARTESIAN_POINT('',(3.747314289013,2.679198240121,0.937124081362
    ));
#2757 = CARTESIAN_POINT('',(3.75308799424,2.633876176167,0.934243088504)
  );
#2758 = CARTESIAN_POINT('',(3.75694130151,2.588358492532,0.931362119532)
  );
#2759 = CARTESIAN_POINT('',(3.758868,2.542742609786,0.928481241818));
#2760 = CARTESIAN_POINT('',(3.758868,2.497126708395,0.925600548499));
#2761 = ORIENTED_EDGE('',*,*,#1812,.F.);
#2762 = B_SPLINE_SURFACE_WITH_KNOTS('',1,9,(
    (#2763,#2764,#2765,#2766,#2767,#2768,#2769,#2770,#2771,#2772,#2773
      ,#2774,#2775,#2776,#2777,#2778,#2779,#2780,#2781,#2782,#2783,#2784
      ,#2785,#2786,#2787,#2788,#2789,#2790,#2791,#2792,#2793)
    ,(#2794,#2795,#2796,#2797,#2798,#2799,#2800,#2801,#2802,#2803,#2804
      ,#2805,#2806,#2807,#2808,#2809,#2810,#2811,#2812,#2813,#2814,#2815
      ,#2816,#2817,#2818,#2819,#2820,#2821,#2822,#2823,#2824
  )),.UNSPECIFIED.,.F.,.F.,.F.,(2,2),(10,7,7,7,10),(0.,0.4355),(0.,
    1.57576206969,3.151524139379,4.727286209069,6.303048278758),
  .UNSPECIFIED.);
#2763 = CARTESIAN_POINT('',(4.008874441215,2.497127012154,1.281249770905
    ));
#2764 = CARTESIAN_POINT('',(4.008874854339,2.233581453647,1.267360867393
    ));
#2765 = CARTESIAN_POINT('',(3.957141310473,1.970036628243,1.253471893413
    ));
#2766 = CARTESIAN_POINT('',(3.85363242549,1.71809932199,1.239583091685)
  );
#2767 = CARTESIAN_POINT('',(3.701424613083,1.489390548182,1.22569424569)
  );
#2768 = CARTESIAN_POINT('',(3.506600565615,1.29456471442,1.211805334782)
  );
#2769 = CARTESIAN_POINT('',(3.277891970226,1.142361138509,1.197916423925
    ));
#2770 = CARTESIAN_POINT('',(3.025960905658,1.038867204604,1.184027519836
    ));
#2771 = CARTESIAN_POINT('',(2.498870804381,0.935372570414,1.156249734674
    ));
#2772 = CARTESIAN_POINT('',(1.971776523298,1.038866892534,1.128471975249
    ));
#2773 = CARTESIAN_POINT('',(1.719840960776,1.142361136811,1.114583097862
    ));
#2774 = CARTESIAN_POINT('',(1.491129054243,1.294563226393,1.100694209733
    ));
#2775 = CARTESIAN_POINT('',(1.296301790473,1.489390933734,1.086805311884
    ));
#2776 = CARTESIAN_POINT('',(1.144101331959,1.718101761143,1.072916415009
    ));
#2777 = CARTESIAN_POINT('',(1.040608851034,1.970035435105,1.059027525597
    ));
#2778 = CARTESIAN_POINT('',(0.937116312529,2.497127005311,1.031249751807
    ));
#2779 = CARTESIAN_POINT('',(1.040609071341,3.02421853226,1.003471978017)
  );
#2780 = CARTESIAN_POINT('',(1.144101546388,3.276152136755,0.989583088605
    ));
#2781 = CARTESIAN_POINT('',(1.296301452565,3.50486308394,0.975694191731)
  );
#2782 = CARTESIAN_POINT('',(1.49112844221,3.699691253165,0.961805293881)
  );
#2783 = CARTESIAN_POINT('',(1.71984065412,3.851893522276,0.947916405753)
  );
#2784 = CARTESIAN_POINT('',(1.971776449664,3.955387139716,0.934027528366
    ));
#2785 = CARTESIAN_POINT('',(2.498870788196,4.058880487141,0.90624976894)
  );
#2786 = CARTESIAN_POINT('',(3.025960832024,3.955386242471,0.878471983778
    ));
#2787 = CARTESIAN_POINT('',(3.27789260059,3.85189246934,0.864583079694)
  );
#2788 = CARTESIAN_POINT('',(3.506599398459,3.699692303323,0.850694168816
    ));
#2789 = CARTESIAN_POINT('',(3.701428671005,3.504864535245,0.836805257949
    ));
#2790 = CARTESIAN_POINT('',(3.853632548568,3.276153121888,0.822916411908
    ));
#2791 = CARTESIAN_POINT('',(3.957136806331,3.024217235822,0.80902761021)
  );
#2792 = CARTESIAN_POINT('',(4.008875101274,2.760672572687,0.795138636222
    ));
#2793 = CARTESIAN_POINT('',(4.008875514751,2.49712701418,0.781249732708)
  );
#2794 = CARTESIAN_POINT('',(3.631725364901,2.497126553917,1.499008408471
    ));
#2795 = CARTESIAN_POINT('',(3.631726016284,2.299391667207,1.485120056104
    ));
#2796 = CARTESIAN_POINT('',(3.592913340042,2.101696657129,1.471234289236
    ));
#2797 = CARTESIAN_POINT('',(3.515266614166,1.912681018224,1.457342202171
    ));
#2798 = CARTESIAN_POINT('',(3.401066478653,1.741086484684,1.443451739794
    ));
#2799 = CARTESIAN_POINT('',(3.254896558644,1.594921586995,1.429563658911
    ));
#2800 = CARTESIAN_POINT('',(3.083317176059,1.48073653991,1.41567557574)
  );
#2801 = CARTESIAN_POINT('',(2.894310358597,1.403090751635,1.401787244615
    ));
#2802 = CARTESIAN_POINT('',(2.498870388539,1.32544550615,1.374009737748)
  );
#2803 = CARTESIAN_POINT('',(2.103424994818,1.403091185646,1.346231286655
    ));
#2804 = CARTESIAN_POINT('',(1.914413345479,1.480736850781,1.332341975786
    ));
#2805 = CARTESIAN_POINT('',(1.742827159127,1.594924593641,1.31845305897)
  );
#2806 = CARTESIAN_POINT('',(1.596662729454,1.741089484246,1.304564498868
    ));
#2807 = CARTESIAN_POINT('',(1.482476914006,1.912674113736,1.290675902937
    ));
#2808 = CARTESIAN_POINT('',(1.404832950593,2.101683685175,1.276787033245
    ));
#2809 = CARTESIAN_POINT('',(1.327189272282,2.497127533402,1.249009109165
    ));
#2810 = CARTESIAN_POINT('',(1.404833695155,2.892571235438,1.221231185086
    ));
#2811 = CARTESIAN_POINT('',(1.482477817189,3.081580614181,1.207342315394
    ));
#2812 = CARTESIAN_POINT('',(1.596662806124,3.253165354052,1.193453719463
    ));
#2813 = CARTESIAN_POINT('',(1.742826880162,3.399330933423,1.17956515936)
  );
#2814 = CARTESIAN_POINT('',(1.914413710462,3.51351884134,1.165676242545)
  );
#2815 = CARTESIAN_POINT('',(2.103425842686,3.591163225257,1.151786931677
    ));
#2816 = CARTESIAN_POINT('',(2.498871407781,3.668806821711,1.124008480582
    ));
#2817 = CARTESIAN_POINT('',(2.894311206464,3.591161913648,1.096230973715
    ));
#2818 = CARTESIAN_POINT('',(3.083317854565,3.51351848745,1.082342642552)
  );
#2819 = CARTESIAN_POINT('',(3.254898763572,3.399331315928,1.068454559512
    ));
#2820 = CARTESIAN_POINT('',(3.401070885809,3.253174405771,1.054566478461
    ));
#2821 = CARTESIAN_POINT('',(3.51526870429,3.0815670659,1.040676016168));
#2822 = CARTESIAN_POINT('',(3.592905702256,2.892556123162,1.02678392911)
  );
#2823 = CARTESIAN_POINT('',(3.631726631215,2.694861366281,1.012898162227
    ));
#2824 = CARTESIAN_POINT('',(3.631727269627,2.497126479571,0.999009809858
    ));
#2825 = ADVANCED_FACE('',(#2826),#2867,.F.);
#2826 = FACE_BOUND('',#2827,.F.);
#2827 = EDGE_LOOP('',(#2828,#2860,#2865,#2866));
#2828 = ORIENTED_EDGE('',*,*,#2829,.F.);
#2829 = EDGE_CURVE('',#2830,#1972,#2832,.T.);
#2830 = VERTEX_POINT('',#2831);
#2831 = CARTESIAN_POINT('',(4.008873009834,2.497127012153,1.218749770922
    ));
#2832 = B_SPLINE_CURVE_WITH_KNOTS('',8,(#2833,#2834,#2835,#2836,#2837,
    #2838,#2839,#2840,#2841,#2842,#2843,#2844,#2845,#2846,#2847,#2848,
    #2849,#2850,#2851,#2852,#2853,#2854,#2855,#2856,#2857,#2858,#2859),
  .UNSPECIFIED.,.F.,.F.,(9,6,6,6,9),(0.,1.57576206969,3.151524139379,
    4.727286209069,6.303048278758),.UNSPECIFIED.);
#2833 = CARTESIAN_POINT('',(4.008873009834,2.497127012153,1.218749770922
    ));
#2834 = CARTESIAN_POINT('',(4.008873371847,2.200638563239,1.203124754473
    ));
#2835 = CARTESIAN_POINT('',(3.942358153956,1.904151080146,1.187499647436
    ));
#2836 = CARTESIAN_POINT('',(3.809267607514,1.625074934295,1.171874813838
    ));
#2837 = CARTESIAN_POINT('',(3.615148469446,1.380844603024,1.156249791193
    ));
#2838 = CARTESIAN_POINT('',(3.37091349617,1.186716990357,1.1406247643));
#2839 = CARTESIAN_POINT('',(3.091846515755,1.05365368772,1.124999743232)
  );
#2840 = CARTESIAN_POINT('',(2.498871105107,0.920589379493,1.093749732858
    ));
#2841 = CARTESIAN_POINT('',(1.905890303486,1.053653261198,1.062499755569
    ));
#2842 = CARTESIAN_POINT('',(1.62681744224,1.186717049373,1.046874769034)
  );
#2843 = CARTESIAN_POINT('',(1.382580088396,1.380842291488,1.031249762325
    ));
#2844 = CARTESIAN_POINT('',(1.188456616617,1.625079055335,1.015624748874
    ));
#2845 = CARTESIAN_POINT('',(1.055395012389,1.904149598895,0.999999747341
    ));
#2846 = CARTESIAN_POINT('',(0.92233326742,2.49712700348,0.968749751827)
  );
#2847 = CARTESIAN_POINT('',(1.05539520286,3.090104365324,0.937499756312)
  );
#2848 = CARTESIAN_POINT('',(1.188456767022,3.369174835565,0.92187475478)
  );
#2849 = CARTESIAN_POINT('',(1.382579487974,3.613411812149,0.906249741328
    ));
#2850 = CARTESIAN_POINT('',(1.626817111225,3.807537651524,0.890624734619
    ));
#2851 = CARTESIAN_POINT('',(1.90589023424,3.940600865823,0.874999748084)
  );
#2852 = CARTESIAN_POINT('',(2.498871092794,4.073663811704,0.843749770795
    ));
#2853 = CARTESIAN_POINT('',(3.091846446508,3.940599931868,0.812499760421
    ));
#2854 = CARTESIAN_POINT('',(3.370913486335,3.807536943136,0.796874739347
    ));
#2855 = CARTESIAN_POINT('',(3.615149217109,3.613413076414,0.781249712476
    ));
#2856 = CARTESIAN_POINT('',(3.809270787763,3.36917712993,0.765624689796)
  );
#2857 = CARTESIAN_POINT('',(3.942353615605,3.09010278366,0.749999856225)
  );
#2858 = CARTESIAN_POINT('',(4.008873482395,2.793615463093,0.73437474918)
  );
#2859 = CARTESIAN_POINT('',(4.008873844805,2.497127014179,0.718749732731
    ));
#2860 = ORIENTED_EDGE('',*,*,#2861,.T.);
#2861 = EDGE_CURVE('',#2830,#2653,#2862,.T.);
#2862 = B_SPLINE_CURVE_WITH_KNOTS('',1,(#2863,#2864),.UNSPECIFIED.,.F.,
  .F.,(2,2),(0.,6.25E-02),.PIECEWISE_BEZIER_KNOTS.);
#2863 = CARTESIAN_POINT('',(4.008873009834,2.497127012153,1.218749770922
    ));
#2864 = CARTESIAN_POINT('',(4.008874441215,2.497127012154,1.281249770905
    ));
#2865 = ORIENTED_EDGE('',*,*,#2652,.T.);
#2866 = ORIENTED_EDGE('',*,*,#2003,.F.);
#2867 = B_SPLINE_SURFACE_WITH_KNOTS('',1,11,(
    (#2868,#2869,#2870,#2871,#2872,#2873,#2874,#2875,#2876,#2877,#2878
      ,#2879,#2880,#2881,#2882,#2883,#2884,#2885,#2886,#2887,#2888)
    ,(#2889,#2890,#2891,#2892,#2893,#2894,#2895,#2896,#2897,#2898,#2899
      ,#2900,#2901,#2902,#2903,#2904,#2905,#2906,#2907,#2908,#2909
  )),.UNSPECIFIED.,.F.,.F.,.F.,(2,2),(12,9,12),(0.,6.25E-02),(0.,
    3.151524139379,6.303048278758),.UNSPECIFIED.);
#2868 = CARTESIAN_POINT('',(4.008873009834,2.497127012153,1.218749770922
    ));
#2869 = CARTESIAN_POINT('',(4.008873536398,2.065871086461,1.196022474269
    ));
#2870 = CARTESIAN_POINT('',(3.873424154795,1.63461712753,1.173294993145)
  );
#2871 = CARTESIAN_POINT('',(3.60235924191,1.250634558912,1.150568325492)
  );
#2872 = CARTESIAN_POINT('',(3.214573911977,0.961299787142,1.127840581765
    ));
#2873 = CARTESIAN_POINT('',(2.746913577946,0.805405657886,1.105113096808
    ));
#2874 = CARTESIAN_POINT('',(2.250833496844,0.805449451566,1.082386311168
    ));
#2875 = CARTESIAN_POINT('',(1.783186802885,0.961264772052,1.059658823575
    ));
#2876 = CARTESIAN_POINT('',(1.395307040503,1.250651193223,1.036931582168
    ));
#2877 = CARTESIAN_POINT('',(1.124345195387,1.634614413633,1.014204290757
    ));
#2878 = CARTESIAN_POINT('',(0.853383041132,2.497127014554,0.968749751827
    ));
#2879 = CARTESIAN_POINT('',(1.124345472437,3.359639528439,0.923295212896
    ));
#2880 = CARTESIAN_POINT('',(1.395307884209,3.743603032859,0.900567935432
    ));
#2881 = CARTESIAN_POINT('',(1.783180632743,4.032985422704,0.877840625282
    ));
#2882 = CARTESIAN_POINT('',(2.250840762644,4.188823720734,0.85511329036)
  );
#2883 = CARTESIAN_POINT('',(2.74691537629,4.188814389276,0.832386308928)
  );
#2884 = CARTESIAN_POINT('',(3.214558016821,4.032978362489,0.80965897677)
  );
#2885 = CARTESIAN_POINT('',(3.602379358342,3.743614075893,0.786931164154
    ));
#2886 = CARTESIAN_POINT('',(3.873414890694,3.35963656784,0.764204510524)
  );
#2887 = CARTESIAN_POINT('',(4.008873317662,2.928382939871,0.741477029385
    ));
#2888 = CARTESIAN_POINT('',(4.008873844805,2.497127014179,0.718749732731
    ));
#2889 = CARTESIAN_POINT('',(4.008874441215,2.497127012154,1.281249770905
    ));
#2890 = CARTESIAN_POINT('',(4.008875117236,2.065870643688,1.25852247425)
  );
#2891 = CARTESIAN_POINT('',(3.873426887683,1.63461619462,1.235794993095)
  );
#2892 = CARTESIAN_POINT('',(3.602357566418,1.250632347245,1.213068325524
    ));
#2893 = CARTESIAN_POINT('',(3.214576645616,0.961302296923,1.190340581753
    ));
#2894 = CARTESIAN_POINT('',(2.746914050931,0.805397928738,1.16761309672)
  );
#2895 = CARTESIAN_POINT('',(2.250831720319,0.805451594718,1.144886311196
    ));
#2896 = CARTESIAN_POINT('',(1.78318721426,0.961262014129,1.122158823545)
  );
#2897 = CARTESIAN_POINT('',(1.395305715179,1.250650110845,1.099431582152
    ));
#2898 = CARTESIAN_POINT('',(1.124343742124,1.634613523057,1.076704290736
    ));
#2899 = CARTESIAN_POINT('',(0.853381351341,2.49712702281,1.031249751808)
  );
#2900 = CARTESIAN_POINT('',(1.124344102627,3.359640409311,0.985795212878
    ));
#2901 = CARTESIAN_POINT('',(1.395306941079,3.743603821214,0.963067935411
    ));
#2902 = CARTESIAN_POINT('',(1.783178758805,4.032988527429,0.940340625262
    ));
#2903 = CARTESIAN_POINT('',(2.250842017034,4.188824502243,0.917613290319
    ));
#2904 = CARTESIAN_POINT('',(2.746915424972,4.188814970749,0.894886308939
    ));
#2905 = CARTESIAN_POINT('',(3.214556746696,4.032981318591,0.872158976778
    ));
#2906 = CARTESIAN_POINT('',(3.602383301692,3.743615113265,0.849431164066
    ));
#2907 = CARTESIAN_POINT('',(3.87341498099,3.359637406866,0.82670451054)
  );
#2908 = CARTESIAN_POINT('',(4.008874838152,2.928383382646,0.803977029366
    ));
#2909 = CARTESIAN_POINT('',(4.008875514751,2.49712701418,0.781249732708)
  );
#2910 = ADVANCED_FACE('',(#2911),#2921,.F.);
#2911 = FACE_BOUND('',#2912,.F.);
#2912 = EDGE_LOOP('',(#2913,#2914,#2919,#2920));
#2913 = ORIENTED_EDGE('',*,*,#2122,.F.);
#2914 = ORIENTED_EDGE('',*,*,#2915,.T.);
#2915 = EDGE_CURVE('',#2123,#2830,#2916,.T.);
#2916 = B_SPLINE_CURVE_WITH_KNOTS('',1,(#2917,#2918),.UNSPECIFIED.,.F.,
  .F.,(2,2),(0.,0.4355),.PIECEWISE_BEZIER_KNOTS.);
#2917 = CARTESIAN_POINT('',(3.631713959651,2.49712655391,1.001008408602)
  );
#2918 = CARTESIAN_POINT('',(4.008873009834,2.497127012153,1.218749770922
    ));
#2919 = ORIENTED_EDGE('',*,*,#2829,.T.);
#2920 = ORIENTED_EDGE('',*,*,#2057,.F.);
#2921 = B_SPLINE_SURFACE_WITH_KNOTS('',1,8,(
    (#2922,#2923,#2924,#2925,#2926,#2927,#2928,#2929,#2930,#2931,#2932
      ,#2933,#2934,#2935,#2936,#2937,#2938,#2939,#2940,#2941,#2942,#2943
      ,#2944,#2945,#2946,#2947,#2948)
    ,(#2949,#2950,#2951,#2952,#2953,#2954,#2955,#2956,#2957,#2958,#2959
      ,#2960,#2961,#2962,#2963,#2964,#2965,#2966,#2967,#2968,#2969,#2970
      ,#2971,#2972,#2973,#2974,#2975
    )),.UNSPECIFIED.,.F.,.F.,.F.,(2,2),(9,6,6,6,9),(0.,0.4355),(0.,
    1.57576206969,3.151524139379,4.727286209069,6.303048278758),
  .UNSPECIFIED.);
#2922 = CARTESIAN_POINT('',(3.631713959651,2.49712655391,1.001008408602)
  );
#2923 = CARTESIAN_POINT('',(3.631713873738,2.274677231872,0.985384012208
    ));
#2924 = CARTESIAN_POINT('',(3.581807015011,2.052279365121,0.969762940131
    ));
#2925 = CARTESIAN_POINT('',(3.481980846329,1.842893728114,0.954131833426
    ));
#2926 = CARTESIAN_POINT('',(3.336321055721,1.659653149767,0.938507665054
    ));
#2927 = CARTESIAN_POINT('',(3.153098490111,1.514024158698,0.922883651483
    ));
#2928 = CARTESIAN_POINT('',(2.94373540417,1.414195189507,0.907259424707)
  );
#2929 = CARTESIAN_POINT('',(2.49887079322,1.314367117958,0.87600980537)
  );
#2930 = CARTESIAN_POINT('',(2.053999074038,1.414195076637,0.844758971986
    ));
#2931 = CARTESIAN_POINT('',(1.84462966686,1.514023472707,0.829133477892)
  );
#2932 = CARTESIAN_POINT('',(1.661399053514,1.659662410271,0.813508724079
    ));
#2933 = CARTESIAN_POINT('',(1.515763826417,1.842891802864,0.797884217685
    ));
#2934 = CARTESIAN_POINT('',(1.415936951167,2.05225806692,0.782259273913)
  );
#2935 = CARTESIAN_POINT('',(1.316110165127,2.497127504636,0.751009109319
    ));
#2936 = CARTESIAN_POINT('',(1.415937331642,2.941996856975,0.719758944724
    ));
#2937 = CARTESIAN_POINT('',(1.515764385358,3.151363035514,0.704134000952
    ));
#2938 = CARTESIAN_POINT('',(1.661399765352,3.334592304815,0.688509494558
    ));
#2939 = CARTESIAN_POINT('',(1.844630504211,3.480231088775,0.672884740746
    ));
#2940 = CARTESIAN_POINT('',(2.053999997778,3.58005930355,0.657259246652)
  );
#2941 = CARTESIAN_POINT('',(2.498871802404,3.679886878311,0.626008413268
    ));
#2942 = CARTESIAN_POINT('',(2.94373632791,3.580058429135,0.59475879393)
  );
#2943 = CARTESIAN_POINT('',(3.153099328947,3.480229282742,0.579134567154
    ));
#2944 = CARTESIAN_POINT('',(3.336321773755,3.334600152579,0.563510553583
    ));
#2945 = CARTESIAN_POINT('',(3.481981419262,3.151359424125,0.547886385213
    ));
#2946 = CARTESIAN_POINT('',(3.581807373725,2.941973710173,0.532255278506
    ));
#2947 = CARTESIAN_POINT('',(3.631714064008,2.7195758016,0.516634206429)
  );
#2948 = CARTESIAN_POINT('',(3.631713963502,2.497126479561,0.501009810035
    ));
#2949 = CARTESIAN_POINT('',(4.008873009834,2.497127012153,1.218749770922
    ));
#2950 = CARTESIAN_POINT('',(4.008873371847,2.200638563239,1.203124754473
    ));
#2951 = CARTESIAN_POINT('',(3.942358153956,1.904151080146,1.187499647436
    ));
#2952 = CARTESIAN_POINT('',(3.809267607514,1.625074934295,1.171874813838
    ));
#2953 = CARTESIAN_POINT('',(3.615148469446,1.380844603024,1.156249791193
    ));
#2954 = CARTESIAN_POINT('',(3.37091349617,1.186716990357,1.1406247643));
#2955 = CARTESIAN_POINT('',(3.091846515755,1.05365368772,1.124999743232)
  );
#2956 = CARTESIAN_POINT('',(2.498871105107,0.920589379493,1.093749732858
    ));
#2957 = CARTESIAN_POINT('',(1.905890303486,1.053653261198,1.062499755569
    ));
#2958 = CARTESIAN_POINT('',(1.62681744224,1.186717049373,1.046874769034)
  );
#2959 = CARTESIAN_POINT('',(1.382580088396,1.380842291488,1.031249762325
    ));
#2960 = CARTESIAN_POINT('',(1.188456616617,1.625079055335,1.015624748874
    ));
#2961 = CARTESIAN_POINT('',(1.055395012389,1.904149598895,0.999999747341
    ));
#2962 = CARTESIAN_POINT('',(0.92233326742,2.49712700348,0.968749751827)
  );
#2963 = CARTESIAN_POINT('',(1.05539520286,3.090104365324,0.937499756312)
  );
#2964 = CARTESIAN_POINT('',(1.188456767022,3.369174835565,0.92187475478)
  );
#2965 = CARTESIAN_POINT('',(1.382579487974,3.613411812149,0.906249741328
    ));
#2966 = CARTESIAN_POINT('',(1.626817111225,3.807537651524,0.890624734619
    ));
#2967 = CARTESIAN_POINT('',(1.90589023424,3.940600865823,0.874999748084)
  );
#2968 = CARTESIAN_POINT('',(2.498871092794,4.073663811704,0.843749770795
    ));
#2969 = CARTESIAN_POINT('',(3.091846446508,3.940599931868,0.812499760421
    ));
#2970 = CARTESIAN_POINT('',(3.370913486335,3.807536943136,0.796874739347
    ));
#2971 = CARTESIAN_POINT('',(3.615149217109,3.613413076414,0.781249712476
    ));
#2972 = CARTESIAN_POINT('',(3.809270787763,3.36917712993,0.765624689796)
  );
#2973 = CARTESIAN_POINT('',(3.942353615605,3.09010278366,0.749999856225)
  );
#2974 = CARTESIAN_POINT('',(4.008873482395,2.793615463093,0.73437474918)
  );
#2975 = CARTESIAN_POINT('',(4.008873844805,2.497127014179,0.718749732731
    ));
#2976 = ADVANCED_FACE('',(#2977),#3066,.F.);
#2977 = FACE_BOUND('',#2978,.T.);
#2978 = EDGE_LOOP('',(#2979,#3058,#3064,#3065));
#2979 = ORIENTED_EDGE('',*,*,#2980,.F.);
#2980 = EDGE_CURVE('',#2981,#2123,#2983,.T.);
#2981 = VERTEX_POINT('',#2982);
#2982 = CARTESIAN_POINT('',(3.758868,2.4971268785,1.574416193187));
#2983 = B_SPLINE_CURVE_WITH_KNOTS('',7,(#2984,#2985,#2986,#2987,#2988,
    #2989,#2990,#2991,#2992,#2993,#2994,#2995,#2996,#2997,#2998,#2999,
    #3000,#3001,#3002,#3003,#3004,#3005,#3006,#3007,#3008,#3009,#3010,
    #3011,#3012,#3013,#3014,#3015,#3016,#3017,#3018,#3019,#3020,#3021,
    #3022,#3023,#3024,#3025,#3026,#3027,#3028,#3029,#3030,#3031,#3032,
    #3033,#3034,#3035,#3036,#3037,#3038,#3039,#3040,#3041,#3042,#3043,
    #3044,#3045,#3046,#3047,#3048,#3049,#3050,#3051,#3052,#3053,#3054,
    #3055,#3056,#3057),.UNSPECIFIED.,.F.,.F.,(8,6,6,6,6,6,6,6,6,6,6,6,8)
  ,(0.,3.488032451595E-02,0.105085899064,0.133502316608,0.271435341148,
    0.378041019665,0.500579906827,0.62841928552,0.735327140867,
    0.783418099636,0.869809418143,0.956196826339,1.),.UNSPECIFIED.);
#2984 = CARTESIAN_POINT('',(3.758868,2.497126757,1.574416193187));
#2985 = CARTESIAN_POINT('',(3.758868,2.457680259102,1.571925040219));
#2986 = CARTESIAN_POINT('',(3.757427226312,2.418233867127,1.569433683951
    ));
#2987 = CARTESIAN_POINT('',(3.754545727838,2.37885096099,1.566942225808)
  );
#2988 = CARTESIAN_POINT('',(3.75022698224,2.339594555799,1.564450741188)
  );
#2989 = CARTESIAN_POINT('',(3.74447789594,2.300527301856,1.56195927946)
  );
#2990 = CARTESIAN_POINT('',(3.737308804116,2.261711484655,1.559467863961
    ));
#2991 = CARTESIAN_POINT('',(3.711473418873,2.145712976684,1.551961968707
    ));
#2992 = CARTESIAN_POINT('',(3.688515568387,2.069483258919,1.546947477619
    ));
#2993 = CARTESIAN_POINT('',(3.659972899434,1.995026714701,1.541933333213
    ));
#2994 = CARTESIAN_POINT('',(3.626012868048,1.922832789081,1.536919399037
    ));
#2995 = CARTESIAN_POINT('',(3.586855354426,1.853369060524,1.531905387544
    ));
#2996 = CARTESIAN_POINT('',(3.542770611237,1.787076772376,1.526891159933
    ));
#2997 = CARTESIAN_POINT('',(3.474368065269,1.698983691372,1.519847504471
    ));
#2998 = CARTESIAN_POINT('',(3.453903604703,1.674187436944,1.517817968594
    ));
#2999 = CARTESIAN_POINT('',(3.432704846195,1.650004656689,1.51578841773)
  );
#3000 = CARTESIAN_POINT('',(3.410793921865,1.626461367896,1.51375885208)
  );
#3001 = CARTESIAN_POINT('',(3.388194080002,1.603582549505,1.511729272665
    ));
#3002 = CARTESIAN_POINT('',(3.364929685062,1.581392142111,1.509699681327
    ));
#3003 = CARTESIAN_POINT('',(3.224999010886,1.455653726182,1.497818418452
    ));
#3004 = CARTESIAN_POINT('',(3.093854494088,1.368099923037,1.487961499488
    ));
#3005 = CARTESIAN_POINT('',(2.950577722757,1.299988281168,1.47810871378)
  );
#3006 = CARTESIAN_POINT('',(2.79867516302,1.253222366582,1.468257738912)
  );
#3007 = CARTESIAN_POINT('',(2.64189897622,1.228957701342,1.458405281432)
  );
#3008 = CARTESIAN_POINT('',(2.484219776352,1.22759229904,1.448548666105)
  );
#3009 = CARTESIAN_POINT('',(2.210176942227,1.264733872742,1.431082680317
    ));
#3010 = CARTESIAN_POINT('',(2.092494493408,1.294264866641,1.423467009586
    ));
#3011 = CARTESIAN_POINT('',(1.978425556868,1.336895627096,1.415852274965
    ));
#3012 = CARTESIAN_POINT('',(1.869703912338,1.392070588763,1.40823814331)
  );
#3013 = CARTESIAN_POINT('',(1.767949896925,1.458967426534,1.40062340135)
  );
#3014 = CARTESIAN_POINT('',(1.674635416038,1.536514810047,1.39300775807)
  );
#3015 = CARTESIAN_POINT('',(1.494935671634,1.723225017119,1.376641471666
    ));
#3016 = CARTESIAN_POINT('',(1.411619425192,1.835433701084,1.367886712858
    ));
#3017 = CARTESIAN_POINT('',(1.343052398613,1.957988776228,1.359134364932
    ));
#3018 = CARTESIAN_POINT('',(1.290715930385,2.088533870682,1.350383053271
    ));
#3019 = CARTESIAN_POINT('',(1.255634513043,2.224513819758,1.341630685755
    ));
#3020 = CARTESIAN_POINT('',(1.238364890616,2.363201367564,1.332875896356
    ));
#3021 = CARTESIAN_POINT('',(1.239410422603,2.646351454441,1.314992911828
    ));
#3022 = CARTESIAN_POINT('',(1.259297516249,2.790906436878,1.305858494704
    ));
#3023 = CARTESIAN_POINT('',(1.298551839691,2.932236983693,1.296726653834
    ));
#3024 = CARTESIAN_POINT('',(1.356486249343,3.067252714528,1.287595895303
    ));
#3025 = CARTESIAN_POINT('',(1.43186796063,3.193080945066,1.27846413364)
  );
#3026 = CARTESIAN_POINT('',(1.52293077234,3.30709456299,1.269329812375)
  );
#3027 = CARTESIAN_POINT('',(1.714655382116,3.490720109956,1.252563331679
    ));
#3028 = CARTESIAN_POINT('',(1.811348063595,3.564587365894,1.244926304966
    ));
#3029 = CARTESIAN_POINT('',(1.916081550826,3.627403404344,1.237290394473
    ));
#3030 = CARTESIAN_POINT('',(2.027328014306,3.678149803157,1.229655121754
    ));
#3031 = CARTESIAN_POINT('',(2.143420080735,3.716065925161,1.222019099753
    ));
#3032 = CARTESIAN_POINT('',(2.262587053793,3.740665477646,1.214381947122
    ));
#3033 = CARTESIAN_POINT('',(2.437131697444,3.756788003789,1.203311285893
    ));
#3034 = CARTESIAN_POINT('',(2.491539380091,3.759063179699,1.199876392934
    ));
#3035 = CARTESIAN_POINT('',(2.546033851189,3.758595976085,1.19644151431)
  );
#3036 = CARTESIAN_POINT('',(2.60044926313,3.755383665452,1.193006652837)
  );
#3037 = CARTESIAN_POINT('',(2.654620153177,3.749436021368,1.189571794086
    ));
#3038 = CARTESIAN_POINT('',(2.708382159052,3.740775273341,1.186136936924
    ));
#3039 = CARTESIAN_POINT('',(2.857125080863,3.709066132107,1.176531774808
    ));
#3040 = CARTESIAN_POINT('',(2.950842266005,3.680050669364,1.170361007394
    ));
#3041 = CARTESIAN_POINT('',(3.041771768424,3.642590310274,1.164190667988
    ));
#3042 = CARTESIAN_POINT('',(3.129006413908,3.597016237988,1.158020645089
    ));
#3043 = CARTESIAN_POINT('',(3.21169160581,3.543774887773,1.151850424168)
  );
#3044 = CARTESIAN_POINT('',(3.289037290252,3.48342171295,1.145679746371)
  );
#3045 = CARTESIAN_POINT('',(3.431628795191,3.349829332506,1.133339275527
    ));
#3046 = CARTESIAN_POINT('',(3.496886508884,3.276580078922,1.127168512177
    ));
#3047 = CARTESIAN_POINT('',(3.555395831078,3.197539980676,1.120997871563
    ));
#3048 = CARTESIAN_POINT('',(3.606550932471,3.113461226211,1.114827137082
    ));
#3049 = CARTESIAN_POINT('',(3.649850649179,3.025167658502,1.10865607272)
  );
#3050 = CARTESIAN_POINT('',(3.684905551602,2.933543068906,1.102484994344
    ));
#3051 = CARTESIAN_POINT('',(3.724914852908,2.791852040694,1.093186359737
    ));
#3052 = CARTESIAN_POINT('',(3.736189594314,2.743561831352,1.090057913241
    ));
#3053 = CARTESIAN_POINT('',(3.745243691205,2.694774717451,1.08692962768)
  );
#3054 = CARTESIAN_POINT('',(3.752051487298,2.645613278306,1.083801501451
    ));
#3055 = CARTESIAN_POINT('',(3.756595806056,2.596201468825,1.080673467322
    ));
#3056 = CARTESIAN_POINT('',(3.758868,2.546664172933,1.077545370776));
#3057 = CARTESIAN_POINT('',(3.758868,2.497126757,1.074416948353));
#3058 = ORIENTED_EDGE('',*,*,#3059,.T.);
#3059 = EDGE_CURVE('',#2981,#2679,#3060,.T.);
#3060 = LINE('',#3061,#3062);
#3061 = CARTESIAN_POINT('',(3.758868,2.497127,4.));
#3062 = VECTOR('',#3063,1.);
#3063 = DIRECTION('',(-6.765527267673E-17,0.,-1.));
#3064 = ORIENTED_EDGE('',*,*,#2685,.T.);
#3065 = ORIENTED_EDGE('',*,*,#2195,.F.);
#3066 = CYLINDRICAL_SURFACE('',#3067,1.26);
#3067 = AXIS2_PLACEMENT_3D('',#3068,#3069,#3070);
#3068 = CARTESIAN_POINT('',(2.498868,2.497127,4.));
#3069 = DIRECTION('',(-0.,-0.,-1.));
#3070 = DIRECTION('',(1.,0.,0.));
#3071 = ADVANCED_FACE('',(#3072),#3107,.F.);
#3072 = FACE_BOUND('',#3073,.F.);
#3073 = EDGE_LOOP('',(#3074,#3100,#3101,#3102));
#3074 = ORIENTED_EDGE('',*,*,#3075,.F.);
#3075 = EDGE_CURVE('',#2212,#3076,#3078,.T.);
#3076 = VERTEX_POINT('',#3077);
#3077 = CARTESIAN_POINT('',(4.008872294144,2.497127008102,2.281249847286
    ));
#3078 = B_SPLINE_CURVE_WITH_KNOTS('',11,(#3079,#3080,#3081,#3082,#3083,
    #3084,#3085,#3086,#3087,#3088,#3089,#3090,#3091,#3092,#3093,#3094,
    #3095,#3096,#3097,#3098,#3099),.UNSPECIFIED.,.F.,.F.,(12,9,12),(0.,
    3.151524139379,6.303048278758),.UNSPECIFIED.);
#3079 = CARTESIAN_POINT('',(4.008871220608,2.497127006076,2.781249885471
    ));
#3080 = CARTESIAN_POINT('',(4.008871894894,2.065871557215,2.758522588823
    ));
#3081 = CARTESIAN_POINT('',(3.873423952446,1.634618029173,2.735795107736
    ));
#3082 = CARTESIAN_POINT('',(3.602355208301,1.250635001042,2.71306843997)
  );
#3083 = CARTESIAN_POINT('',(3.214575111836,0.961305569449,2.690340696351
    ));
#3084 = CARTESIAN_POINT('',(2.746913516319,0.805401536711,2.667613211385
    ));
#3085 = CARTESIAN_POINT('',(2.250832241797,0.805455202983,2.644886425706
    ));
#3086 = CARTESIAN_POINT('',(1.783188734694,0.961265293225,2.622158938123
    ));
#3087 = CARTESIAN_POINT('',(1.395308063876,1.250652773731,2.59943169672)
  );
#3088 = CARTESIAN_POINT('',(1.124346670303,1.634615368169,2.576704405311
    ));
#3089 = CARTESIAN_POINT('',(0.853384860904,2.497127029434,2.531249866379
    ));
#3090 = CARTESIAN_POINT('',(1.12434703775,3.359638575264,2.485795327448)
  );
#3091 = CARTESIAN_POINT('',(1.395309299963,3.743601167106,2.463068049981
    ));
#3092 = CARTESIAN_POINT('',(1.783180291003,4.032985254512,2.440340739848
    ));
#3093 = CARTESIAN_POINT('',(2.250842553201,4.188820895234,2.41761340492)
  );
#3094 = CARTESIAN_POINT('',(2.746914902913,4.188811361513,2.394886423451
    ));
#3095 = CARTESIAN_POINT('',(3.214555225871,4.032978039894,2.372159091304
    ));
#3096 = CARTESIAN_POINT('',(3.602380953466,3.743612450689,2.34943127877)
  );
#3097 = CARTESIAN_POINT('',(3.873412052694,3.359635561247,2.326704625043
    ));
#3098 = CARTESIAN_POINT('',(4.00887161928,2.928382456962,2.303977143937)
  );
#3099 = CARTESIAN_POINT('',(4.008872294144,2.497127008102,2.281249847286
    ));
#3100 = ORIENTED_EDGE('',*,*,#2239,.T.);
#3101 = ORIENTED_EDGE('',*,*,#2559,.T.);
#3102 = ORIENTED_EDGE('',*,*,#3103,.F.);
#3103 = EDGE_CURVE('',#3076,#2560,#3104,.T.);
#3104 = B_SPLINE_CURVE_WITH_KNOTS('',1,(#3105,#3106),.UNSPECIFIED.,.F.,
  .F.,(2,2),(0.,0.4355),.PIECEWISE_BEZIER_KNOTS.);
#3105 = CARTESIAN_POINT('',(4.008872294144,2.497127008102,2.281249847286
    ));
#3106 = CARTESIAN_POINT('',(3.631721555463,2.49712670261,2.499005605676)
  );
#3107 = B_SPLINE_SURFACE_WITH_KNOTS('',1,9,(
    (#3108,#3109,#3110,#3111,#3112,#3113,#3114,#3115,#3116,#3117,#3118
      ,#3119,#3120,#3121,#3122,#3123,#3124,#3125,#3126,#3127,#3128,#3129
      ,#3130,#3131,#3132,#3133,#3134,#3135,#3136,#3137,#3138)
    ,(#3139,#3140,#3141,#3142,#3143,#3144,#3145,#3146,#3147,#3148,#3149
      ,#3150,#3151,#3152,#3153,#3154,#3155,#3156,#3157,#3158,#3159,#3160
      ,#3161,#3162,#3163,#3164,#3165,#3166,#3167,#3168,#3169
  )),.UNSPECIFIED.,.F.,.F.,.F.,(2,2),(10,7,7,7,10),(0.,0.4355),(0.,
    1.57576206969,3.151524139379,4.727286209069,6.303048278758),
  .UNSPECIFIED.);
#3108 = CARTESIAN_POINT('',(4.008871220608,2.497127006076,2.781249885471
    ));
#3109 = CARTESIAN_POINT('',(4.008871632672,2.23358200955,2.767360981964)
  );
#3110 = CARTESIAN_POINT('',(3.957138198066,1.97003774667,2.753472008011)
  );
#3111 = CARTESIAN_POINT('',(3.853629532932,1.718100978149,2.739583206254
    ));
#3112 = CARTESIAN_POINT('',(3.701422044171,1.489392692661,2.725694360246
    ));
#3113 = CARTESIAN_POINT('',(3.506598411389,1.294567275213,2.711805449345
    ));
#3114 = CARTESIAN_POINT('',(3.277890303233,1.142364024884,2.697916538495
    ));
#3115 = CARTESIAN_POINT('',(3.025959775581,1.03887031272,2.684027634411)
  );
#3116 = CARTESIAN_POINT('',(2.498870798096,0.935375901389,2.656249849252
    ));
#3117 = CARTESIAN_POINT('',(1.971777641625,1.038870004895,2.62847208982)
  );
#3118 = CARTESIAN_POINT('',(1.719842616849,1.142364029453,2.614583212429
    ));
#3119 = CARTESIAN_POINT('',(1.491131198744,1.294565795338,2.600694324301
    ));
#3120 = CARTESIAN_POINT('',(1.296304351308,1.489393087915,2.586805426454
    ));
#3121 = CARTESIAN_POINT('',(1.144104218336,1.718103428116,2.572916529583
    ));
#3122 = CARTESIAN_POINT('',(1.040611959154,1.970036565163,2.559027640171
    ));
#3123 = CARTESIAN_POINT('',(0.937119643501,2.497127011598,2.531249866379
    ));
#3124 = CARTESIAN_POINT('',(1.040612183705,3.024217413943,2.503472092588
    ));
#3125 = CARTESIAN_POINT('',(1.144104439037,3.27615048069,2.489583203176)
  );
#3126 = CARTESIAN_POINT('',(1.296304021512,3.50486093944,2.475694306304)
  );
#3127 = CARTESIAN_POINT('',(1.491130596391,3.699688692334,2.461805408457
    ));
#3128 = CARTESIAN_POINT('',(1.7198423211,3.851890635906,2.447916520329)
  );
#3129 = CARTESIAN_POINT('',(1.971777579731,3.955384031598,2.434027642938
    ));
#3130 = CARTESIAN_POINT('',(2.498870794483,4.058877156165,2.406249883506
    ));
#3131 = CARTESIAN_POINT('',(3.025959713687,3.955383130111,2.378472098347
    ));
#3132 = CARTESIAN_POINT('',(3.277890944496,3.851889576709,2.364583194268
    ));
#3133 = CARTESIAN_POINT('',(3.506597253934,3.699689734376,2.350694283397
    ));
#3134 = CARTESIAN_POINT('',(3.701426110188,3.504862381128,2.336805372537
    ));
#3135 = CARTESIAN_POINT('',(3.85362966229,3.276151454806,2.322916526482)
  );
#3136 = CARTESIAN_POINT('',(3.957133698166,3.024216105656,2.309027724755
    ));
#3137 = CARTESIAN_POINT('',(4.008871881727,2.760672004627,2.295138750795
    ));
#3138 = CARTESIAN_POINT('',(4.008872294144,2.497127008102,2.281249847286
    ));
#3139 = CARTESIAN_POINT('',(3.631719650752,2.497126776957,2.999004204268
    ));
#3140 = CARTESIAN_POINT('',(3.631720341049,2.29939288734,2.98511585191)
  );
#3141 = CARTESIAN_POINT('',(3.59290789945,2.10169886731,2.97123008509));
#3142 = CARTESIAN_POINT('',(3.515261602694,1.912684166454,2.957337997975
    ));
#3143 = CARTESIAN_POINT('',(3.40106207683,1.741090475726,2.943447535574)
  );
#3144 = CARTESIAN_POINT('',(3.25489292273,1.594926286508,2.929559454703)
  );
#3145 = CARTESIAN_POINT('',(3.083314428185,1.480741781691,2.915671371545
    ));
#3146 = CARTESIAN_POINT('',(2.89430857937,1.40309634783,2.901783040429)
  );
#3147 = CARTESIAN_POINT('',(2.498870619223,1.325451416134,2.874005533565
    ));
#3148 = CARTESIAN_POINT('',(2.103427204819,1.403096626129,2.846227082462
    ));
#3149 = CARTESIAN_POINT('',(1.914416493546,1.480741862412,2.832337771586
    ));
#3150 = CARTESIAN_POINT('',(1.742831150216,1.594928995536,2.81844885477)
  );
#3151 = CARTESIAN_POINT('',(1.596667429056,1.741093120081,2.804560294673
    ));
#3152 = CARTESIAN_POINT('',(1.482482155788,1.912676861574,2.790671698747
    ));
#3153 = CARTESIAN_POINT('',(1.404838546791,2.101685464366,2.776782829055
    ));
#3154 = CARTESIAN_POINT('',(1.327195182254,2.49712730272,2.749004904973)
  );
#3155 = CARTESIAN_POINT('',(1.404839135641,2.892569025455,2.721226980892
    ));
#3156 = CARTESIAN_POINT('',(1.482482828834,3.081577466124,2.7073381112)
  );
#3157 = CARTESIAN_POINT('',(1.59666720803,3.25316136296,2.693449515273)
  );
#3158 = CARTESIAN_POINT('',(1.742830516004,3.39932623382,2.679560955176)
  );
#3159 = CARTESIAN_POINT('',(1.914416458314,3.513513599566,2.66567203836)
  );
#3160 = CARTESIAN_POINT('',(2.103427621896,3.591157629064,2.651782727485
    ));
#3161 = CARTESIAN_POINT('',(2.4988711771,3.668800911741,2.62400427638));
#3162 = CARTESIAN_POINT('',(2.894308996446,3.591156473173,2.596226769517
    ));
#3163 = CARTESIAN_POINT('',(3.083314706457,3.513513475835,2.582338438363
    ));
#3164 = CARTESIAN_POINT('',(3.254894772435,3.399326914017,2.568450355335
    ));
#3165 = CARTESIAN_POINT('',(3.401066186218,3.253170770025,2.554562274297
    ));
#3166 = CARTESIAN_POINT('',(3.515263462674,3.081564317878,2.540671811979
    ));
#3167 = CARTESIAN_POINT('',(3.592900106008,2.892554343781,2.526779724871
    ));
#3168 = CARTESIAN_POINT('',(3.631720878137,2.694860592226,2.512893958038
    ));
#3169 = CARTESIAN_POINT('',(3.631721555463,2.49712670261,2.499005605676)
  );
#3170 = ADVANCED_FACE('',(#3171),#3212,.F.);
#3171 = FACE_BOUND('',#3172,.F.);
#3172 = EDGE_LOOP('',(#3173,#3205,#3206,#3207));
#3173 = ORIENTED_EDGE('',*,*,#3174,.F.);
#3174 = EDGE_CURVE('',#2311,#3175,#3177,.T.);
#3175 = VERTEX_POINT('',#3176);
#3176 = CARTESIAN_POINT('',(4.00887133989,2.497127008101,2.218749847294)
  );
#3177 = B_SPLINE_CURVE_WITH_KNOTS('',8,(#3178,#3179,#3180,#3181,#3182,
    #3183,#3184,#3185,#3186,#3187,#3188,#3189,#3190,#3191,#3192,#3193,
    #3194,#3195,#3196,#3197,#3198,#3199,#3200,#3201,#3202,#3203,#3204),
  .UNSPECIFIED.,.F.,.F.,(9,6,6,6,9),(0.,1.57576206969,3.151524139379,
    4.727286209069,6.303048278758),.UNSPECIFIED.);
#3178 = CARTESIAN_POINT('',(4.008870504917,2.497127006076,2.718749885475
    ));
#3179 = CARTESIAN_POINT('',(4.008870865738,2.200639048895,2.703124869031
    ));
#3180 = CARTESIAN_POINT('',(3.942355756975,1.904152058138,2.68749976202)
  );
#3181 = CARTESIAN_POINT('',(3.80926543031,1.625076375667,2.671874928381)
  );
#3182 = CARTESIAN_POINT('',(3.615146613112,1.380846450262,2.656249905741
    ));
#3183 = CARTESIAN_POINT('',(3.370912044273,1.186719160669,2.640624878856
    ));
#3184 = CARTESIAN_POINT('',(3.091845526264,1.053656079881,2.624999857792
    ));
#3185 = CARTESIAN_POINT('',(2.498871098763,0.920591994777,2.593749847421
    ));
#3186 = CARTESIAN_POINT('',(1.905891281349,1.053655658134,2.562499870127
    ));
#3187 = CARTESIAN_POINT('',(1.626818883576,1.186719226699,2.546874883588
    ));
#3188 = CARTESIAN_POINT('',(1.382581935692,1.380844147771,2.53124987688)
  );
#3189 = CARTESIAN_POINT('',(1.18845878693,1.625080507216,2.515624863433)
  );
#3190 = CARTESIAN_POINT('',(1.055397404553,1.904150588369,2.499999861901
    ));
#3191 = CARTESIAN_POINT('',(0.922335882701,2.497127009826,2.468749866385
    ));
#3192 = CARTESIAN_POINT('',(1.055397599798,3.09010338747,2.437499870869)
  );
#3193 = CARTESIAN_POINT('',(1.188458944354,3.369173394232,2.421874869337
    ));
#3194 = CARTESIAN_POINT('',(1.382581344256,3.613409964851,2.406249855889
    ));
#3195 = CARTESIAN_POINT('',(1.62681856311,3.807535481218,2.390624849182)
  );
#3196 = CARTESIAN_POINT('',(1.905891223722,3.940598473662,2.374999862643
    ));
#3197 = CARTESIAN_POINT('',(2.498871099141,4.07366119642,2.343749885348)
  );
#3198 = CARTESIAN_POINT('',(3.091845468637,3.940597534934,2.312499874977
    ));
#3199 = CARTESIAN_POINT('',(3.370912044987,3.807534765804,2.296874853909
    ));
#3200 = CARTESIAN_POINT('',(3.615147369761,3.613411220192,2.281249827045
    ));
#3201 = CARTESIAN_POINT('',(3.80926861758,3.369175678009,2.26562480437)
  );
#3202 = CARTESIAN_POINT('',(3.942351223396,3.090101794049,2.249999970757
    ));
#3203 = CARTESIAN_POINT('',(4.008870978672,2.793614965282,2.234374863739
    ));
#3204 = CARTESIAN_POINT('',(4.00887133989,2.497127008101,2.218749847294)
  );
#3205 = ORIENTED_EDGE('',*,*,#2344,.T.);
#3206 = ORIENTED_EDGE('',*,*,#3075,.T.);
#3207 = ORIENTED_EDGE('',*,*,#3208,.F.);
#3208 = EDGE_CURVE('',#3175,#3076,#3209,.T.);
#3209 = B_SPLINE_CURVE_WITH_KNOTS('',1,(#3210,#3211),.UNSPECIFIED.,.F.,
  .F.,(2,2),(0.,6.25E-02),.PIECEWISE_BEZIER_KNOTS.);
#3210 = CARTESIAN_POINT('',(4.00887133989,2.497127008101,2.218749847294)
  );
#3211 = CARTESIAN_POINT('',(4.008872294144,2.497127008102,2.281249847286
    ));
#3212 = B_SPLINE_SURFACE_WITH_KNOTS('',1,11,(
    (#3213,#3214,#3215,#3216,#3217,#3218,#3219,#3220,#3221,#3222,#3223
      ,#3224,#3225,#3226,#3227,#3228,#3229,#3230,#3231,#3232,#3233)
    ,(#3234,#3235,#3236,#3237,#3238,#3239,#3240,#3241,#3242,#3243,#3244
      ,#3245,#3246,#3247,#3248,#3249,#3250,#3251,#3252,#3253,#3254
  )),.UNSPECIFIED.,.F.,.F.,.F.,(2,2),(12,9,12),(0.,6.25E-02),(0.,
    3.151524139379,6.303048278758),.UNSPECIFIED.);
#3213 = CARTESIAN_POINT('',(4.008870504917,2.497127006076,2.718749885475
    ));
#3214 = CARTESIAN_POINT('',(4.008871029747,2.065871795631,2.696022588829
    ));
#3215 = CARTESIAN_POINT('',(3.873421871063,1.634618553175,2.673295107757
    ));
#3216 = CARTESIAN_POINT('',(3.602357406704,1.250636621989,2.650568439953
    ));
#3217 = CARTESIAN_POINT('',(3.214572717665,0.961302331801,2.627840696342
    ));
#3218 = CARTESIAN_POINT('',(2.746913160625,0.805408463863,2.60511321144)
  );
#3219 = CARTESIAN_POINT('',(2.250833900925,0.805452258217,2.582386425676
    ));
#3220 = CARTESIAN_POINT('',(1.783187984072,0.961267323099,2.559658938139
    ));
#3221 = CARTESIAN_POINT('',(1.395308866152,1.250653265343,2.536931696723
    ));
#3222 = CARTESIAN_POINT('',(1.124347472088,1.634615849949,2.514204405317
    ));
#3223 = CARTESIAN_POINT('',(0.853385770791,2.497127021177,2.468749866385
    ));
#3224 = CARTESIAN_POINT('',(1.124347756081,3.359638103188,2.423295327453
    ));
#3225 = CARTESIAN_POINT('',(1.395309720011,3.74360096954,2.400568049988)
  );
#3226 = CARTESIAN_POINT('',(1.783181825825,4.032982877743,2.377840739851
    ));
#3227 = CARTESIAN_POINT('',(2.250841181176,4.188820915504,2.355113404939
    ));
#3228 = CARTESIAN_POINT('',(2.746914971757,4.188811581872,2.332386423441
    ));
#3229 = CARTESIAN_POINT('',(3.21455683533,4.032975811751,2.309659091292)
  );
#3230 = CARTESIAN_POINT('',(3.602377533061,3.743612004014,2.286931278816
    ));
#3231 = CARTESIAN_POINT('',(3.873412613901,3.35963513113,2.264204625029)
  );
#3232 = CARTESIAN_POINT('',(4.008870814482,2.928382218546,2.241477143942
    ));
#3233 = CARTESIAN_POINT('',(4.00887133989,2.497127008101,2.218749847294)
  );
#3234 = CARTESIAN_POINT('',(4.008871220608,2.497127006076,2.781249885471
    ));
#3235 = CARTESIAN_POINT('',(4.008871894894,2.065871557215,2.758522588823
    ));
#3236 = CARTESIAN_POINT('',(3.873423952446,1.634618029173,2.735795107736
    ));
#3237 = CARTESIAN_POINT('',(3.602355208301,1.250635001042,2.71306843997)
  );
#3238 = CARTESIAN_POINT('',(3.214575111836,0.961305569449,2.690340696351
    ));
#3239 = CARTESIAN_POINT('',(2.746913516319,0.805401536711,2.667613211385
    ));
#3240 = CARTESIAN_POINT('',(2.250832241797,0.805455202983,2.644886425706
    ));
#3241 = CARTESIAN_POINT('',(1.783188734694,0.961265293225,2.622158938123
    ));
#3242 = CARTESIAN_POINT('',(1.395308063876,1.250652773731,2.59943169672)
  );
#3243 = CARTESIAN_POINT('',(1.124346670303,1.634615368169,2.576704405311
    ));
#3244 = CARTESIAN_POINT('',(0.853384860904,2.497127029434,2.531249866379
    ));
#3245 = CARTESIAN_POINT('',(1.12434703775,3.359638575264,2.485795327448)
  );
#3246 = CARTESIAN_POINT('',(1.395309299963,3.743601167106,2.463068049981
    ));
#3247 = CARTESIAN_POINT('',(1.783180291003,4.032985254512,2.440340739848
    ));
#3248 = CARTESIAN_POINT('',(2.250842553201,4.188820895234,2.41761340492)
  );
#3249 = CARTESIAN_POINT('',(2.746914902913,4.188811361513,2.394886423451
    ));
#3250 = CARTESIAN_POINT('',(3.214555225871,4.032978039894,2.372159091304
    ));
#3251 = CARTESIAN_POINT('',(3.602380953466,3.743612450689,2.34943127877)
  );
#3252 = CARTESIAN_POINT('',(3.873412052694,3.359635561247,2.326704625043
    ));
#3253 = CARTESIAN_POINT('',(4.00887161928,2.928382456962,2.303977143937)
  );
#3254 = CARTESIAN_POINT('',(4.008872294144,2.497127008102,2.281249847286
    ));
#3255 = ADVANCED_FACE('',(#3256),#3350,.F.);
#3256 = FACE_BOUND('',#3257,.F.);
#3257 = EDGE_LOOP('',(#3258,#3343,#3344,#3345));
#3258 = ORIENTED_EDGE('',*,*,#3259,.F.);
#3259 = EDGE_CURVE('',#2396,#3260,#3262,.T.);
#3260 = VERTEX_POINT('',#3261);
#3261 = CARTESIAN_POINT('',(3.758868,2.4971269028,2.074415441091));
#3262 = B_SPLINE_CURVE_WITH_KNOTS('',7,(#3263,#3264,#3265,#3266,#3267,
    #3268,#3269,#3270,#3271,#3272,#3273,#3274,#3275,#3276,#3277,#3278,
    #3279,#3280,#3281,#3282,#3283,#3284,#3285,#3286,#3287,#3288,#3289,
    #3290,#3291,#3292,#3293,#3294,#3295,#3296,#3297,#3298,#3299,#3300,
    #3301,#3302,#3303,#3304,#3305,#3306,#3307,#3308,#3309,#3310,#3311,
    #3312,#3313,#3314,#3315,#3316,#3317,#3318,#3319,#3320,#3321,#3322,
    #3323,#3324,#3325,#3326,#3327,#3328,#3329,#3330,#3331,#3332,#3333,
    #3334,#3335,#3336,#3337,#3338,#3339,#3340,#3341,#3342),
  .UNSPECIFIED.,.F.,.F.,(8,6,6,6,6,6,6,6,6,6,6,6,6,8),(0.,
    3.493661348162E-02,0.104978233443,0.133906640782,0.22290816056,
    0.272799117454,0.376357992219,0.501515291089,0.626708647093,
    0.737064277814,0.784795286201,0.868681311154,0.956552384381,1.),
  .UNSPECIFIED.);
#3263 = CARTESIAN_POINT('',(3.758868,2.4971268542,2.574414688994));
#3264 = CARTESIAN_POINT('',(3.758867995428,2.457615918879,2.57191946223)
  );
#3265 = CARTESIAN_POINT('',(3.757422506179,2.418105090035,2.569424031544
    ));
#3266 = CARTESIAN_POINT('',(3.754531581496,2.378658059194,2.566928498802
    ));
#3267 = CARTESIAN_POINT('',(3.750198721789,2.339338150282,2.564432939706
    ));
#3268 = CARTESIAN_POINT('',(3.744430878631,2.300208319624,2.561937403793
    ));
#3269 = CARTESIAN_POINT('',(3.737238454761,2.261331155943,2.559441914441
    ));
#3270 = CARTESIAN_POINT('',(3.711387535901,2.145458460663,2.551943549769
    ));
#3271 = CARTESIAN_POINT('',(3.688468802774,2.069410608444,2.546940667042
    ));
#3272 = CARTESIAN_POINT('',(3.659991461135,1.995128545121,2.541938128784
    ));
#3273 = CARTESIAN_POINT('',(3.626121845797,1.923098277638,2.536935798411
    ));
#3274 = CARTESIAN_POINT('',(3.587078240183,1.853784171976,2.53193339105)
  );
#3275 = CARTESIAN_POINT('',(3.543128846552,1.787624526654,2.526930769954
    ));
#3276 = CARTESIAN_POINT('',(3.474542267637,1.699173339314,2.519862112218
    ));
#3277 = CARTESIAN_POINT('',(3.453711566311,1.673926773403,2.517795966615
    ));
#3278 = CARTESIAN_POINT('',(3.432119810955,1.649316013557,2.51572980553)
  );
#3279 = CARTESIAN_POINT('',(3.409790357524,1.625368507818,2.513663629225
    ));
#3280 = CARTESIAN_POINT('',(3.386747759224,1.602110587221,2.511597438785
    ));
#3281 = CARTESIAN_POINT('',(3.363017766504,1.579567465786,2.509531236124
    ));
#3282 = CARTESIAN_POINT('',(3.263587379211,1.490680073356,2.50110808842)
  );
#3283 = CARTESIAN_POINT('',(3.182288780581,1.430584555333,2.494750493337
    ));
#3284 = CARTESIAN_POINT('',(3.095523988871,1.378188864761,2.488393276423
    ));
#3285 = CARTESIAN_POINT('',(3.00417379509,1.334076294385,2.482036364722)
  );
#3286 = CARTESIAN_POINT('',(2.909187912719,1.298705432354,2.475679252951
    ));
#3287 = CARTESIAN_POINT('',(2.811570851088,1.27240335038,2.469321756509)
  );
#3288 = CARTESIAN_POINT('',(2.656766471117,1.245787088476,2.459401386625
    ));
#3289 = CARTESIAN_POINT('',(2.600659877593,1.239131378982,2.455837907873
    ));
#3290 = CARTESIAN_POINT('',(2.544236251908,1.235412114978,2.452274456107
    ));
#3291 = CARTESIAN_POINT('',(2.487680048307,1.234646280844,2.448711015639
    ));
#3292 = CARTESIAN_POINT('',(2.431176351868,1.236836388032,2.445147548306
    ));
#3293 = CARTESIAN_POINT('',(2.37491001461,1.241970462139,2.441584039919)
  );
#3294 = CARTESIAN_POINT('',(2.20314662096,1.266734704127,2.430623788415)
  );
#3295 = CARTESIAN_POINT('',(2.089021686799,1.296020558998,2.423225770674
    ));
#3296 = CARTESIAN_POINT('',(1.978361732116,1.337645569382,2.415828560659
    ));
#3297 = CARTESIAN_POINT('',(1.87275382694,1.391095827612,2.408431872844)
  );
#3298 = CARTESIAN_POINT('',(1.773683507424,1.455619427051,2.401034660724
    ));
#3299 = CARTESIAN_POINT('',(1.682504557209,1.530241792974,2.393636676591
    ));
#3300 = CARTESIAN_POINT('',(1.501161478787,1.714684680098,2.377300657928
    ));
#3301 = CARTESIAN_POINT('',(1.415121029306,1.828655130301,2.368358401816
    ));
#3302 = CARTESIAN_POINT('',(1.344397495902,1.953538539567,2.359418827575
    ));
#3303 = CARTESIAN_POINT('',(1.290584940467,2.086831107037,2.350480391649
    ));
#3304 = CARTESIAN_POINT('',(1.254781647762,2.225812699444,2.341540804068
    ));
#3305 = CARTESIAN_POINT('',(1.237578782273,2.367574402548,2.332598526995
    ));
#3306 = CARTESIAN_POINT('',(1.240271585638,2.65068798874,2.314717174947)
  );
#3307 = CARTESIAN_POINT('',(1.260178873926,2.792137537673,2.305771924431
    ));
#3308 = CARTESIAN_POINT('',(1.298641031943,2.930450974166,2.296828978715
    ));
#3309 = CARTESIAN_POINT('',(1.355010898115,3.062728677593,2.28788702127)
  );
#3310 = CARTESIAN_POINT('',(1.428137357172,3.186269730466,2.278944143757
    ));
#3311 = CARTESIAN_POINT('',(1.516377215986,3.298599204135,2.269998976201
    ));
#3312 = CARTESIAN_POINT('',(1.706759392609,3.484922404808,2.253174898085
    ));
#3313 = CARTESIAN_POINT('',(1.806060738039,3.561926816792,2.245291233885
    ));
#3314 = CARTESIAN_POINT('',(1.91401146259,3.627202371166,2.23740887374)
  );
#3315 = CARTESIAN_POINT('',(2.02893520428,3.679620441109,2.229527261686)
  );
#3316 = CARTESIAN_POINT('',(2.148996834718,3.71834394997,2.221644776594)
  );
#3317 = CARTESIAN_POINT('',(2.272245009767,3.742846825634,2.213760973918
    ));
#3318 = CARTESIAN_POINT('',(2.450438783999,3.757352552057,2.202469541439
    ));
#3319 = CARTESIAN_POINT('',(2.504460005614,3.759043169624,2.199060291594
    ));
#3320 = CARTESIAN_POINT('',(2.558538535249,3.75803153108,2.195651057434)
  );
#3321 = CARTESIAN_POINT('',(2.612512204618,3.754316642722,2.192241841297
    ));
#3322 = CARTESIAN_POINT('',(2.666219335684,3.747909636986,2.188832628386
    ));
#3323 = CARTESIAN_POINT('',(2.719499429788,3.738833724262,2.185423417088
    ));
#3324 = CARTESIAN_POINT('',(2.86480296278,3.706544858539,2.176022724218)
  );
#3325 = CARTESIAN_POINT('',(2.955610869461,3.677829250101,2.170030843035
    ));
#3326 = CARTESIAN_POINT('',(3.043747893886,3.641168537968,2.164039336766
    ));
#3327 = CARTESIAN_POINT('',(3.128385090095,3.596869427601,2.158048106882
    ));
#3328 = CARTESIAN_POINT('',(3.208740576257,3.545341126089,2.152056706041
    ));
#3329 = CARTESIAN_POINT('',(3.284089845012,3.487089961391,2.146064906977
    ));
#3330 = CARTESIAN_POINT('',(3.426780937921,3.355295399332,2.133797180634
    ));
#3331 = CARTESIAN_POINT('',(3.49358394097,3.281146251014,2.127520289309)
  );
#3332 = CARTESIAN_POINT('',(3.553434324828,3.200967641906,2.12124354657)
  );
#3333 = CARTESIAN_POINT('',(3.605690731397,3.115548487741,2.114966708881
    ));
#3334 = CARTESIAN_POINT('',(3.649823485409,3.025754734912,2.108689508496
    ));
#3335 = CARTESIAN_POINT('',(3.685422331386,2.932516624029,2.102412278369
    ));
#3336 = CARTESIAN_POINT('',(3.725460482477,2.789505484827,2.093032892865
    ));
#3337 = CARTESIAN_POINT('',(3.736554719801,2.7415864486,2.089929781638)
  );
#3338 = CARTESIAN_POINT('',(3.745463318188,2.693182428032,2.086826828372
    ));
#3339 = CARTESIAN_POINT('',(3.75216143987,2.644413086904,2.083724030332)
  );
#3340 = CARTESIAN_POINT('',(3.756632457395,2.595399408634,2.080621320702
    ));
#3341 = CARTESIAN_POINT('',(3.758868,2.546263267522,2.077518547648));
#3342 = CARTESIAN_POINT('',(3.758868,2.497127,2.074415453367));
#3343 = ORIENTED_EDGE('',*,*,#2494,.T.);
#3344 = ORIENTED_EDGE('',*,*,#3174,.T.);
#3345 = ORIENTED_EDGE('',*,*,#3346,.F.);
#3346 = EDGE_CURVE('',#3260,#3175,#3347,.T.);
#3347 = B_SPLINE_CURVE_WITH_KNOTS('',1,(#3348,#3349),.UNSPECIFIED.,.F.,
  .F.,(2,2),(0.,0.4355),.PIECEWISE_BEZIER_KNOTS.);
#3348 = CARTESIAN_POINT('',(3.631713951963,2.497126702607,2.001005605735
    ));
#3349 = CARTESIAN_POINT('',(4.00887133989,2.497127008101,2.218749847294)
  );
#3350 = B_SPLINE_SURFACE_WITH_KNOTS('',1,8,(
    (#3351,#3352,#3353,#3354,#3355,#3356,#3357,#3358,#3359,#3360,#3361
      ,#3362,#3363,#3364,#3365,#3366,#3367,#3368,#3369,#3370,#3371,#3372
      ,#3373,#3374,#3375,#3376,#3377)
    ,(#3378,#3379,#3380,#3381,#3382,#3383,#3384,#3385,#3386,#3387,#3388
      ,#3389,#3390,#3391,#3392,#3393,#3394,#3395,#3396,#3397,#3398,#3399
      ,#3400,#3401,#3402,#3403,#3404
    )),.UNSPECIFIED.,.F.,.F.,.F.,(2,2),(9,6,6,6,9),(0.,0.4355),(0.,
    1.57576206969,3.151524139379,4.727286209069,6.303048278758),
  .UNSPECIFIED.);
#3351 = CARTESIAN_POINT('',(3.631713948127,2.497126776955,2.501004204301
    ));
#3352 = CARTESIAN_POINT('',(3.631713905993,2.274677457181,2.485379807907
    ));
#3353 = CARTESIAN_POINT('',(3.581807091544,2.052279582873,2.46975873583)
  );
#3354 = CARTESIAN_POINT('',(3.481980965166,1.842893928344,2.454127629124
    ));
#3355 = CARTESIAN_POINT('',(3.336321212087,1.65965332315,2.438503460753)
  );
#3356 = CARTESIAN_POINT('',(3.153098677015,1.514024297518,2.422879447182
    ));
#3357 = CARTESIAN_POINT('',(2.943735612859,1.414195288124,2.407255220406
    ));
#3358 = CARTESIAN_POINT('',(2.498871026092,1.314367130006,2.376005601069
    ));
#3359 = CARTESIAN_POINT('',(2.053999291784,1.41419500007,2.344754767685)
  );
#3360 = CARTESIAN_POINT('',(1.844629867079,1.514023353897,2.329129273591
    ));
#3361 = CARTESIAN_POINT('',(1.661399226922,1.659662253906,2.313504519778
    ));
#3362 = CARTESIAN_POINT('',(1.515763965236,1.842891615961,2.297880013384
    ));
#3363 = CARTESIAN_POINT('',(1.41593704978,2.05225785823,2.282255069612)
  );
#3364 = CARTESIAN_POINT('',(1.316110177166,2.497127271764,2.251004905018
    ));
#3365 = CARTESIAN_POINT('',(1.415937255076,2.941996639229,2.219754740423
    ));
#3366 = CARTESIAN_POINT('',(1.515764266554,3.151362835291,2.204129796651
    ));
#3367 = CARTESIAN_POINT('',(1.661399608994,3.3345921314,2.188505290257)
  );
#3368 = CARTESIAN_POINT('',(1.844630317311,3.48023094995,2.172880536445)
  );
#3369 = CARTESIAN_POINT('',(2.053999789089,3.580059204936,2.15725504235)
  );
#3370 = CARTESIAN_POINT('',(2.498871569531,3.679886866279,2.126004208967
    ));
#3371 = CARTESIAN_POINT('',(2.943736110164,3.580058505705,2.094754589629
    ));
#3372 = CARTESIAN_POINT('',(3.153099128724,3.480229401547,2.079130362853
    ));
#3373 = CARTESIAN_POINT('',(3.336321600339,3.334600308913,2.063506349282
    ));
#3374 = CARTESIAN_POINT('',(3.481981280411,3.151359611036,2.047882180912
    ));
#3375 = CARTESIAN_POINT('',(3.581807275144,2.941973918868,2.032251074205
    ));
#3376 = CARTESIAN_POINT('',(3.63171400869,2.719576022381,2.016630002128)
  );
#3377 = CARTESIAN_POINT('',(3.631713951963,2.497126702607,2.001005605735
    ));
#3378 = CARTESIAN_POINT('',(4.008870504917,2.497127006076,2.718749885475
    ));
#3379 = CARTESIAN_POINT('',(4.008870865738,2.200639048895,2.703124869031
    ));
#3380 = CARTESIAN_POINT('',(3.942355756975,1.904152058138,2.68749976202)
  );
#3381 = CARTESIAN_POINT('',(3.80926543031,1.625076375667,2.671874928381)
  );
#3382 = CARTESIAN_POINT('',(3.615146613112,1.380846450262,2.656249905741
    ));
#3383 = CARTESIAN_POINT('',(3.370912044273,1.186719160669,2.640624878856
    ));
#3384 = CARTESIAN_POINT('',(3.091845526264,1.053656079881,2.624999857792
    ));
#3385 = CARTESIAN_POINT('',(2.498871098763,0.920591994777,2.593749847421
    ));
#3386 = CARTESIAN_POINT('',(1.905891281349,1.053655658134,2.562499870127
    ));
#3387 = CARTESIAN_POINT('',(1.626818883576,1.186719226699,2.546874883588
    ));
#3388 = CARTESIAN_POINT('',(1.382581935692,1.380844147771,2.53124987688)
  );
#3389 = CARTESIAN_POINT('',(1.18845878693,1.625080507216,2.515624863433)
  );
#3390 = CARTESIAN_POINT('',(1.055397404553,1.904150588369,2.499999861901
    ));
#3391 = CARTESIAN_POINT('',(0.922335882701,2.497127009826,2.468749866385
    ));
#3392 = CARTESIAN_POINT('',(1.055397599798,3.09010338747,2.437499870869)
  );
#3393 = CARTESIAN_POINT('',(1.188458944354,3.369173394232,2.421874869337
    ));
#3394 = CARTESIAN_POINT('',(1.382581344256,3.613409964851,2.406249855889
    ));
#3395 = CARTESIAN_POINT('',(1.62681856311,3.807535481218,2.390624849182)
  );
#3396 = CARTESIAN_POINT('',(1.905891223722,3.940598473662,2.374999862643
    ));
#3397 = CARTESIAN_POINT('',(2.498871099141,4.07366119642,2.343749885348)
  );
#3398 = CARTESIAN_POINT('',(3.091845468637,3.940597534934,2.312499874977
    ));
#3399 = CARTESIAN_POINT('',(3.370912044987,3.807534765804,2.296874853909
    ));
#3400 = CARTESIAN_POINT('',(3.615147369761,3.613411220192,2.281249827045
    ));
#3401 = CARTESIAN_POINT('',(3.80926861758,3.369175678009,2.26562480437)
  );
#3402 = CARTESIAN_POINT('',(3.942351223396,3.090101794049,2.249999970757
    ));
#3403 = CARTESIAN_POINT('',(4.008870978672,2.793614965282,2.234374863739
    ));
#3404 = CARTESIAN_POINT('',(4.00887133989,2.497127008101,2.218749847294)
  );
#3405 = ADVANCED_FACE('',(#3406),#3498,.F.);
#3406 = FACE_BOUND('',#3407,.T.);
#3407 = EDGE_LOOP('',(#3408,#3409,#3410,#3492));
#3408 = ORIENTED_EDGE('',*,*,#3259,.F.);
#3409 = ORIENTED_EDGE('',*,*,#2638,.T.);
#3410 = ORIENTED_EDGE('',*,*,#3411,.T.);
#3411 = EDGE_CURVE('',#2560,#3412,#3414,.T.);
#3412 = VERTEX_POINT('',#3413);
#3413 = CARTESIAN_POINT('',(3.758868,2.497126878498,1.92559683733));
#3414 = B_SPLINE_CURVE_WITH_KNOTS('',6,(#3415,#3416,#3417,#3418,#3419,
    #3420,#3421,#3422,#3423,#3424,#3425,#3426,#3427,#3428,#3429,#3430,
    #3431,#3432,#3433,#3434,#3435,#3436,#3437,#3438,#3439,#3440,#3441,
    #3442,#3443,#3444,#3445,#3446,#3447,#3448,#3449,#3450,#3451,#3452,
    #3453,#3454,#3455,#3456,#3457,#3458,#3459,#3460,#3461,#3462,#3463,
    #3464,#3465,#3466,#3467,#3468,#3469,#3470,#3471,#3472,#3473,#3474,
    #3475,#3476,#3477,#3478,#3479,#3480,#3481,#3482,#3483,#3484,#3485,
    #3486,#3487,#3488,#3489,#3490,#3491),.UNSPECIFIED.,.F.,.F.,(7,5,5,5,
    5,5,5,5,5,5,5,5,5,5,5,7),(0.,3.800083458442E-02,0.134452547508,
    0.228250135752,0.290800518681,0.383008918418,0.453848169628,
    0.501849318551,0.55271508029,0.630715505193,0.748331763903,
    0.810007642071,0.868955278202,0.896142204989,0.958143305569,1.),
  .UNSPECIFIED.);
#3415 = CARTESIAN_POINT('',(3.758868,2.497126756997,2.425594980229));
#3416 = CARTESIAN_POINT('',(3.758868,2.44698641893,2.422428569054));
#3417 = CARTESIAN_POINT('',(3.756473640978,2.396846143172,2.419262606123
    ));
#3418 = CARTESIAN_POINT('',(3.751685042514,2.346849540246,2.416096716097
    ));
#3419 = CARTESIAN_POINT('',(3.744513589438,2.297138897575,2.412930669701
    ));
#3420 = CARTESIAN_POINT('',(3.734981931833,2.247855179477,2.409764383727
    ));
#3421 = CARTESIAN_POINT('',(3.693026770256,2.075486722138,2.398560972521
    ));
#3422 = CARTESIAN_POINT('',(3.647938350139,1.955465067015,2.390521556709
    ));
#3423 = CARTESIAN_POINT('',(3.588413579025,1.841386214496,2.382482426405
    ));
#3424 = CARTESIAN_POINT('',(3.515479263218,1.735377401278,2.374444255593
    ));
#3425 = CARTESIAN_POINT('',(3.430533935522,1.639342268435,2.366405259509
    ));
#3426 = CARTESIAN_POINT('',(3.242810747166,1.472692393728,2.350551680617
    ));
#3427 = CARTESIAN_POINT('',(3.140562163059,1.401427979236,2.342734860387
    ));
#3428 = CARTESIAN_POINT('',(3.030247883679,1.342518255721,2.334919411674
    ));
#3429 = CARTESIAN_POINT('',(2.913750545016,1.29704359705,2.327103714342)
  );
#3430 = CARTESIAN_POINT('',(2.793115315855,1.265731201154,2.319286600746
    ));
#3431 = CARTESIAN_POINT('',(2.588747307093,1.237629593321,2.30625794951)
  );
#3432 = CARTESIAN_POINT('',(2.506099638335,1.232813367659,2.301045349976
    ));
#3433 = CARTESIAN_POINT('',(2.423202072074,1.234510921248,2.295832860985
    ));
#3434 = CARTESIAN_POINT('',(2.340695016426,1.242725710635,2.290620369614
    ));
#3435 = CARTESIAN_POINT('',(2.25921389902,1.257377854416,2.285407755094)
  );
#3436 = CARTESIAN_POINT('',(2.061692464391,1.309153898134,2.272511406191
    ));
#3437 = CARTESIAN_POINT('',(1.947565111492,1.353643386689,2.264826649409
    ));
#3438 = CARTESIAN_POINT('',(1.839007391433,1.411252688149,2.257143115204
    ));
#3439 = CARTESIAN_POINT('',(1.737868932571,1.4810709487,2.249459625235)
  );
#3440 = CARTESIAN_POINT('',(1.645810023519,1.561876002527,2.241774956865
    ));
#3441 = CARTESIAN_POINT('',(1.501535306035,1.721456900723,2.228188006741
    ));
#3442 = CARTESIAN_POINT('',(1.445021800651,1.796372860099,2.222284584056
    ));
#3443 = CARTESIAN_POINT('',(1.395304102258,1.876178599821,2.216381373213
    ));
#3444 = CARTESIAN_POINT('',(1.352897590738,1.96009819469,2.210478101794)
  );
#3445 = CARTESIAN_POINT('',(1.318197986864,2.047288379542,2.204574515847
    ));
#3446 = CARTESIAN_POINT('',(1.273363373088,2.197544274863,2.194671054052
    ));
#3447 = CARTESIAN_POINT('',(1.25891471383,2.25932743519,2.190670890026)
  );
#3448 = CARTESIAN_POINT('',(1.24820935718,2.321926293447,2.186670785072)
  );
#3449 = CARTESIAN_POINT('',(1.241301665994,2.385057168961,2.18267071042)
  );
#3450 = CARTESIAN_POINT('',(1.238217327529,2.44843236106,2.178670633786)
  );
#3451 = CARTESIAN_POINT('',(1.239732588642,2.5788722907,2.170431921322)
  );
#3452 = CARTESIAN_POINT('',(1.244801760315,2.645932893568,2.166193206936
    ));
#3453 = CARTESIAN_POINT('',(1.254156487808,2.712600051672,2.161954596787
    ));
#3454 = CARTESIAN_POINT('',(1.267756190192,2.778532341646,2.15771603048)
  );
#3455 = CARTESIAN_POINT('',(1.285524310657,2.843394572259,2.15347744178)
  );
#3456 = CARTESIAN_POINT('',(1.340815925001,3.004184170132,2.142739330702
    ));
#3457 = CARTESIAN_POINT('',(1.383824688005,3.098232600934,2.136239392581
    ));
#3458 = CARTESIAN_POINT('',(1.435968493821,3.187824961211,2.129739908375
    ));
#3459 = CARTESIAN_POINT('',(1.496655676172,3.271865587339,2.123240346305
    ));
#3460 = CARTESIAN_POINT('',(1.565125356649,3.349368791517,2.116740197321
    ));
#3461 = CARTESIAN_POINT('',(1.75406461071,3.525207945943,2.100439235655)
  );
#3462 = CARTESIAN_POINT('',(1.883329432416,3.614177329155,2.090634762445
    ));
#3463 = CARTESIAN_POINT('',(2.025086460357,3.683405323719,2.080833762233
    ));
#3464 = CARTESIAN_POINT('',(2.175532171977,3.730878713498,2.071032785392
    ));
#3465 = CARTESIAN_POINT('',(2.33052249915,3.755436278581,2.061228326524)
  );
#3466 = CARTESIAN_POINT('',(2.567074159561,3.757908340427,2.046287636016
    ));
#3467 = CARTESIAN_POINT('',(2.648514939956,3.752452011242,2.041148014044
    ));
#3468 = CARTESIAN_POINT('',(2.729408302646,3.740682656347,2.036008583065
    ));
#3469 = CARTESIAN_POINT('',(2.809144757239,3.722673163928,2.030869167036
    ));
#3470 = CARTESIAN_POINT('',(2.887129220221,3.698573999073,2.025729590734
    ));
#3471 = CARTESIAN_POINT('',(3.035103270693,3.639974546774,2.015678001333
    ));
#3472 = CARTESIAN_POINT('',(3.105297032391,3.605980298221,2.010765765064
    ));
#3473 = CARTESIAN_POINT('',(3.17287188496,3.566826556526,2.005853622634)
  );
#3474 = CARTESIAN_POINT('',(3.237357919155,3.522770472017,2.000941461664
    ));
#3475 = CARTESIAN_POINT('',(3.298320307558,3.474124907691,1.996029178426
    ));
#3476 = CARTESIAN_POINT('',(3.381674607795,3.396870751239,1.988851490228
    ));
#3477 = CARTESIAN_POINT('',(3.407151015659,3.371587898165,1.986585974829
    ));
#3478 = CARTESIAN_POINT('',(3.431755945208,3.345441860412,1.984320463518
    ));
#3479 = CARTESIAN_POINT('',(3.455453101232,3.31847033409,1.982054958433)
  );
#3480 = CARTESIAN_POINT('',(3.478208395872,3.2907130188,1.979789460978)
  );
#3481 = CARTESIAN_POINT('',(3.549663832475,3.197212794691,1.972357414318
    ));
#3482 = CARTESIAN_POINT('',(3.594274686646,3.128342144957,1.967190765438
    ));
#3483 = CARTESIAN_POINT('',(3.633442981394,3.056096428706,1.962024323982
    ));
#3484 = CARTESIAN_POINT('',(3.666857529357,2.981016223764,1.956857885421
    ));
#3485 = CARTESIAN_POINT('',(3.694279481058,2.903677664179,1.951691230195
    ));
#3486 = CARTESIAN_POINT('',(3.729903478405,2.771355993648,1.943036648776
    ));
#3487 = CARTESIAN_POINT('',(3.741455780976,2.71727240345,1.93954862723)
  );
#3488 = CARTESIAN_POINT('',(3.750153440769,2.662618391003,1.936060588441
    ));
#3489 = CARTESIAN_POINT('',(3.75596311005,2.607582312869,1.93257253506)
  );
#3490 = CARTESIAN_POINT('',(3.758868,2.552354649787,1.929084537035));
#3491 = CARTESIAN_POINT('',(3.758868,2.497126756997,1.92559683733));
#3492 = ORIENTED_EDGE('',*,*,#3493,.F.);
#3493 = EDGE_CURVE('',#3260,#3412,#3494,.T.);
#3494 = LINE('',#3495,#3496);
#3495 = CARTESIAN_POINT('',(3.758868,2.497127,4.));
#3496 = VECTOR('',#3497,1.);
#3497 = DIRECTION('',(-6.765527267673E-17,0.,-1.));
#3498 = CYLINDRICAL_SURFACE('',#3499,1.26);
#3499 = AXIS2_PLACEMENT_3D('',#3500,#3501,#3502);
#3500 = CARTESIAN_POINT('',(2.498868,2.497127,4.));
#3501 = DIRECTION('',(-0.,-0.,-1.));
#3502 = DIRECTION('',(1.,0.,0.));
#3503 = ADVANCED_FACE('',(#3504),#3613,.F.);
#3504 = FACE_BOUND('',#3505,.F.);
#3505 = EDGE_LOOP('',(#3506,#3532,#3537,#3612));
#3506 = ORIENTED_EDGE('',*,*,#3507,.F.);
#3507 = EDGE_CURVE('',#3508,#2653,#3510,.T.);
#3508 = VERTEX_POINT('',#3509);
#3509 = CARTESIAN_POINT('',(4.00887336768,2.497127010128,1.781249809098)
  );
#3510 = B_SPLINE_CURVE_WITH_KNOTS('',11,(#3511,#3512,#3513,#3514,#3515,
    #3516,#3517,#3518,#3519,#3520,#3521,#3522,#3523,#3524,#3525,#3526,
    #3527,#3528,#3529,#3530,#3531),.UNSPECIFIED.,.F.,.F.,(12,9,12),(0.,
    3.151524139379,6.303048278758),.UNSPECIFIED.);
#3511 = CARTESIAN_POINT('',(4.00887336768,2.497127010128,1.781249809098)
  );
#3512 = CARTESIAN_POINT('',(4.008874043122,2.065870948197,1.758522512445
    ));
#3513 = CARTESIAN_POINT('',(3.873425909271,1.634616806137,1.735795031313
    ));
#3514 = CARTESIAN_POINT('',(3.602356780379,1.250633231843,1.713068363677
    ));
#3515 = CARTESIAN_POINT('',(3.214576134356,0.961303387764,1.690340619956
    ));
#3516 = CARTESIAN_POINT('',(2.746913872726,0.805399131395,1.667613134946
    ));
#3517 = CARTESIAN_POINT('',(2.250831894145,0.805452797473,1.64488634937)
  );
#3518 = CARTESIAN_POINT('',(1.783187721071,0.961263107161,1.622158861742
    ));
#3519 = CARTESIAN_POINT('',(1.395306498078,1.250650998473,1.599431620345
    ));
#3520 = CARTESIAN_POINT('',(1.124344718184,1.634614138094,1.576704328932
    ));
#3521 = CARTESIAN_POINT('',(0.853382521195,2.497127025019,1.531249790002
    ));
#3522 = CARTESIAN_POINT('',(1.124345081001,3.359639797962,1.485795251072
    ));
#3523 = CARTESIAN_POINT('',(1.395307727374,3.743602936512,1.463067973605
    ));
#3524 = CARTESIAN_POINT('',(1.783179269537,4.032987436457,1.440340663463
    ));
#3525 = CARTESIAN_POINT('',(2.250842195757,4.188823299906,1.417613328522
    ));
#3526 = CARTESIAN_POINT('',(2.746915250952,4.18881376767,1.394886347115)
  );
#3527 = CARTESIAN_POINT('',(3.214556239754,4.032980225693,1.372159014956
    ));
#3528 = CARTESIAN_POINT('',(3.60238251895,3.743614225739,1.349431202306)
  );
#3529 = CARTESIAN_POINT('',(3.873414004891,3.35963679166,1.326704548711)
  );
#3530 = CARTESIAN_POINT('',(4.008873765195,2.928383074084,1.303977067561
    ));
#3531 = CARTESIAN_POINT('',(4.008874441215,2.497127012154,1.281249770905
    ));
#3532 = ORIENTED_EDGE('',*,*,#3533,.T.);
#3533 = EDGE_CURVE('',#3508,#3412,#3534,.T.);
#3534 = B_SPLINE_CURVE_WITH_KNOTS('',1,(#3535,#3536),.UNSPECIFIED.,.F.,
  .F.,(2,2),(0.,0.4355),.PIECEWISE_BEZIER_KNOTS.);
#3535 = CARTESIAN_POINT('',(4.00887336768,2.497127010128,1.781249809098)
  );
#3536 = CARTESIAN_POINT('',(3.631723460179,2.497126628263,1.999007007078
    ));
#3537 = ORIENTED_EDGE('',*,*,#3538,.T.);
#3538 = EDGE_CURVE('',#3412,#2679,#3539,.T.);
#3539 = B_SPLINE_CURVE_WITH_KNOTS('',6,(#3540,#3541,#3542,#3543,#3544,
    #3545,#3546,#3547,#3548,#3549,#3550,#3551,#3552,#3553,#3554,#3555,
    #3556,#3557,#3558,#3559,#3560,#3561,#3562,#3563,#3564,#3565,#3566,
    #3567,#3568,#3569,#3570,#3571,#3572,#3573,#3574,#3575,#3576,#3577,
    #3578,#3579,#3580,#3581,#3582,#3583,#3584,#3585,#3586,#3587,#3588,
    #3589,#3590,#3591,#3592,#3593,#3594,#3595,#3596,#3597,#3598,#3599,
    #3600,#3601,#3602,#3603,#3604,#3605,#3606,#3607,#3608,#3609,#3610,
    #3611),.UNSPECIFIED.,.F.,.F.,(7,5,5,5,5,5,5,5,5,5,5,5,5,5,7),(0.,
    3.800092307137E-02,0.134452845574,0.228250638933,0.290801130139,
    0.383009302531,0.453848459043,0.501849711982,0.55271520331,
    0.630715797235,0.748432761056,0.809561976607,0.869538734304,
    0.958489752688,1.),.UNSPECIFIED.);
#3540 = CARTESIAN_POINT('',(3.758868,2.497126756997,1.92559683733));
#3541 = CARTESIAN_POINT('',(3.758868,2.446986410829,1.922430425644));
#3542 = CARTESIAN_POINT('',(3.756473640205,2.39684612697,1.919264462207)
  );
#3543 = CARTESIAN_POINT('',(3.751685040193,2.346849516014,1.916098571676
    ));
#3544 = CARTESIAN_POINT('',(3.744513584803,2.29713886545,1.912932524773)
  );
#3545 = CARTESIAN_POINT('',(3.734981924134,2.247855139667,1.909766238291
    ));
#3546 = CARTESIAN_POINT('',(3.693026753815,2.075486675348,1.898562826531
    ));
#3547 = CARTESIAN_POINT('',(3.647938328715,1.95546502128,1.890523410667)
  );
#3548 = CARTESIAN_POINT('',(3.588413552681,1.841386170456,1.8824842803)
  );
#3549 = CARTESIAN_POINT('',(3.515479232119,1.735377359571,1.874446109432
    ));
#3550 = CARTESIAN_POINT('',(3.430533899937,1.639342229674,1.866407113298
    ));
#3551 = CARTESIAN_POINT('',(3.242810702169,1.472692360755,1.850553534205
    ));
#3552 = CARTESIAN_POINT('',(3.140562112843,1.401427949377,1.842736713824
    ));
#3553 = CARTESIAN_POINT('',(3.030247828479,1.342518229834,1.834921264961
    ));
#3554 = CARTESIAN_POINT('',(2.91375048523,1.297043575969,1.827105567478)
  );
#3555 = CARTESIAN_POINT('',(2.793115252036,1.265731185658,1.819288453729
    ));
#3556 = CARTESIAN_POINT('',(2.588747274983,1.237629593387,1.806259804611
    ));
#3557 = CARTESIAN_POINT('',(2.506099642386,1.232813371469,1.80104720735)
  );
#3558 = CARTESIAN_POINT('',(2.423202112576,1.234510923098,1.79583472063)
  );
#3559 = CARTESIAN_POINT('',(2.34069509283,1.242725704818,1.790622231531)
  );
#3560 = CARTESIAN_POINT('',(2.259214009945,1.257377835368,1.785409619282
    ));
#3561 = CARTESIAN_POINT('',(2.061693149226,1.309153703835,1.772513308247
    ));
#3562 = CARTESIAN_POINT('',(1.947566303511,1.35364290963,1.764828587082)
  );
#3563 = CARTESIAN_POINT('',(1.839009028041,1.411251809792,1.757145088468
    ));
#3564 = CARTESIAN_POINT('',(1.737870926329,1.481069565318,1.749461634092
    ));
#3565 = CARTESIAN_POINT('',(1.645812265972,1.561874030471,1.74177700134)
  );
#3566 = CARTESIAN_POINT('',(1.501537698977,1.721453863424,1.7281901075)
  );
#3567 = CARTESIAN_POINT('',(1.445024160109,1.796369382374,1.722286705506
    ));
#3568 = CARTESIAN_POINT('',(1.395306364702,1.876174668886,1.716383515347
    ));
#3569 = CARTESIAN_POINT('',(1.352899689779,1.960093807663,1.710480264611
    ));
#3570 = CARTESIAN_POINT('',(1.31819985517,2.047283543961,1.704576699352)
  );
#3571 = CARTESIAN_POINT('',(1.273364679708,2.197538929913,1.694673258237
    ));
#3572 = CARTESIAN_POINT('',(1.258915750988,2.259322027219,1.690673094209
    ));
#3573 = CARTESIAN_POINT('',(1.248210121317,2.321920838781,1.686672989252
    ));
#3574 = CARTESIAN_POINT('',(1.241302154791,2.385051684165,1.682672914597
    ));
#3575 = CARTESIAN_POINT('',(1.238217539919,2.448426862808,1.67867283796)
  );
#3576 = CARTESIAN_POINT('',(1.239732226294,2.578866296862,1.670434157208
    ));
#3577 = CARTESIAN_POINT('',(1.244801035454,2.64592642037,1.66619547454)
  );
#3578 = CARTESIAN_POINT('',(1.254155338042,2.712593126278,1.661956896105
    ));
#3579 = CARTESIAN_POINT('',(1.267754555805,2.778524998691,1.657718361513
    ));
#3580 = CARTESIAN_POINT('',(1.285522135648,2.843386853461,1.653479804531
    ));
#3581 = CARTESIAN_POINT('',(1.340812500869,3.004176349797,1.642741725169
    ));
#3582 = CARTESIAN_POINT('',(1.383820628765,3.09822507104,1.63624178705)
  );
#3583 = CARTESIAN_POINT('',(1.435963829568,3.187817783447,1.62974230285)
  );
#3584 = CARTESIAN_POINT('',(1.496650444394,3.271858819396,1.623242740789
    ));
#3585 = CARTESIAN_POINT('',(1.565119601493,3.349362485948,1.616742591814
    ));
#3586 = CARTESIAN_POINT('',(1.754154688637,3.525293211106,1.600433259552
    ));
#3587 = CARTESIAN_POINT('',(1.883542794916,3.614325219308,1.590620401945
    ));
#3588 = CARTESIAN_POINT('',(2.0254418547,3.683579529608,1.580811032856)
  );
#3589 = CARTESIAN_POINT('',(2.176038003168,3.731038643493,1.57100168744)
  );
#3590 = CARTESIAN_POINT('',(2.331176004281,3.755539887957,1.56118884535)
  );
#3591 = CARTESIAN_POINT('',(2.567140267465,3.757858400938,1.546285350499
    ));
#3592 = CARTESIAN_POINT('',(2.64785502056,3.752455447339,1.54119129856)
  );
#3593 = CARTESIAN_POINT('',(2.728033524303,3.740851300718,1.536097430584
    ));
#3594 = CARTESIAN_POINT('',(2.807082367737,3.723116609297,1.531003577663
    ));
#3595 = CARTESIAN_POINT('',(2.884421962504,3.699396898369,1.525909571477
    ));
#3596 = CARTESIAN_POINT('',(3.033152342855,3.640981037769,1.51581780131)
  );
#3597 = CARTESIAN_POINT('',(3.104631046003,3.606498986267,1.510819810175
    ));
#3598 = CARTESIAN_POINT('',(3.17340456867,3.566671699852,1.505821922317)
  );
#3599 = CARTESIAN_POINT('',(3.238977712008,3.521769754127,1.500824015149
    ));
#3600 = CARTESIAN_POINT('',(3.300892897991,3.472123414444,1.49582597535)
  );
#3601 = CARTESIAN_POINT('',(3.444524171798,3.338024475674,1.483415687501
    ));
#3602 = CARTESIAN_POINT('',(3.521368397226,3.248332610591,1.476002570404
    ));
#3603 = CARTESIAN_POINT('',(3.587905269964,3.150309654647,1.468590431391
    ));
#3604 = CARTESIAN_POINT('',(3.643050604083,3.045454440586,1.461178535111
    ));
#3605 = CARTESIAN_POINT('',(3.685992722426,2.935429508797,1.453765563115
    ));
#3606 = CARTESIAN_POINT('',(3.730379766604,2.769116639011,1.442894107974
    ));
#3607 = CARTESIAN_POINT('',(3.741742670397,2.71546194195,1.439434985619)
  );
#3608 = CARTESIAN_POINT('',(3.750297149464,2.661251311541,1.435975805871
    ));
#3609 = CARTESIAN_POINT('',(3.756010990926,2.606668020415,1.432516613057
    ));
#3610 = CARTESIAN_POINT('',(3.758868,2.551897383294,1.429057517285));
#3611 = CARTESIAN_POINT('',(3.758868,2.497126756997,1.425598694443));
#3612 = ORIENTED_EDGE('',*,*,#2678,.F.);
#3613 = B_SPLINE_SURFACE_WITH_KNOTS('',1,9,(
    (#3614,#3615,#3616,#3617,#3618,#3619,#3620,#3621,#3622,#3623,#3624
      ,#3625,#3626,#3627,#3628,#3629,#3630,#3631,#3632,#3633,#3634,#3635
      ,#3636,#3637,#3638,#3639,#3640,#3641,#3642,#3643,#3644)
    ,(#3645,#3646,#3647,#3648,#3649,#3650,#3651,#3652,#3653,#3654,#3655
      ,#3656,#3657,#3658,#3659,#3660,#3661,#3662,#3663,#3664,#3665,#3666
      ,#3667,#3668,#3669,#3670,#3671,#3672,#3673,#3674,#3675
  )),.UNSPECIFIED.,.F.,.F.,.F.,(2,2),(10,7,7,7,10),(0.,0.4355),(0.,
    1.57576206969,3.151524139379,4.727286209069,6.303048278758),
  .UNSPECIFIED.);
#3614 = CARTESIAN_POINT('',(4.00887336768,2.497127010128,1.781249809098)
  );
#3615 = CARTESIAN_POINT('',(4.00887378045,2.233581638948,1.767360905588)
  );
#3616 = CARTESIAN_POINT('',(3.957140273004,1.970037001052,1.753471931617
    ));
#3617 = CARTESIAN_POINT('',(3.853631461304,1.718099874043,1.739583129879
    ));
#3618 = CARTESIAN_POINT('',(3.701423756779,1.489391263008,1.725694283879
    ));
#3619 = CARTESIAN_POINT('',(3.50659984754,1.294565568017,1.711805372974)
  );
#3620 = CARTESIAN_POINT('',(3.277891414561,1.142362100633,1.697916462119
    ));
#3621 = CARTESIAN_POINT('',(3.025960528966,1.038868240642,1.684027558032
    ));
#3622 = CARTESIAN_POINT('',(2.498870802286,0.935373680739,1.656249772871
    ));
#3623 = CARTESIAN_POINT('',(1.971776896073,1.038867929988,1.628472013443
    ));
#3624 = CARTESIAN_POINT('',(1.7198415128,1.142362101025,1.614583136055)
  );
#3625 = CARTESIAN_POINT('',(1.491129769077,1.294564082708,1.600694247927
    ));
#3626 = CARTESIAN_POINT('',(1.296302644084,1.489391651794,1.586805350078
    ));
#3627 = CARTESIAN_POINT('',(1.144102294084,1.718102316801,1.572916453205
    ));
#3628 = CARTESIAN_POINT('',(1.040609887074,1.970035811791,1.559027563793
    ));
#3629 = CARTESIAN_POINT('',(0.937117422853,2.497127007407,1.531249790002
    ));
#3630 = CARTESIAN_POINT('',(1.040610108796,3.024218159488,1.503472016211
    ));
#3631 = CARTESIAN_POINT('',(1.144102510604,3.276151584734,1.4895831268)
  );
#3632 = CARTESIAN_POINT('',(1.29630230888,3.504862369107,1.475694229926)
  );
#3633 = CARTESIAN_POINT('',(1.49112916027,3.699690399555,1.461805332077)
  );
#3634 = CARTESIAN_POINT('',(1.71984120978,3.851892560153,1.447916443949)
  );
#3635 = CARTESIAN_POINT('',(1.971776826353,3.955386103677,1.434027566561
    ));
#3636 = CARTESIAN_POINT('',(2.498870790292,4.058879376816,1.406249807133
    ));
#3637 = CARTESIAN_POINT('',(3.025960459245,3.955385205018,1.378472021972
    ));
#3638 = CARTESIAN_POINT('',(3.277892048559,3.85189150513,1.364583117889)
  );
#3639 = CARTESIAN_POINT('',(3.506598683617,3.699691447007,1.350694207014
    ));
#3640 = CARTESIAN_POINT('',(3.7014278174,3.504863817206,1.336805296149)
  );
#3641 = CARTESIAN_POINT('',(3.853631586475,3.276152566194,1.322916450103
    ));
#3642 = CARTESIAN_POINT('',(3.957135770277,3.0242168591,1.309027648395)
  );
#3643 = CARTESIAN_POINT('',(4.008874028092,2.760672383334,1.295138674417
    ));
#3644 = CARTESIAN_POINT('',(4.008874441215,2.497127012154,1.281249770905
    ));
#3645 = CARTESIAN_POINT('',(3.631723460179,2.497126628263,1.999007007078
    ));
#3646 = CARTESIAN_POINT('',(3.631724124534,2.299392073918,1.985118654713
    ));
#3647 = CARTESIAN_POINT('',(3.592911526506,2.101697393857,1.971232887861
    ));
#3648 = CARTESIAN_POINT('',(3.515264943671,1.912682067636,1.95734080078)
  );
#3649 = CARTESIAN_POINT('',(3.401065011374,1.741087815035,1.943450338395
    ));
#3650 = CARTESIAN_POINT('',(3.254895346669,1.594923153503,1.929562257515
    ));
#3651 = CARTESIAN_POINT('',(3.083316260098,1.480738287175,1.915674174349
    ));
#3652 = CARTESIAN_POINT('',(2.89430976552,1.403092617038,1.901785843227)
  );
#3653 = CARTESIAN_POINT('',(2.498870465433,1.32544747615,1.874008336361)
  );
#3654 = CARTESIAN_POINT('',(2.103425731487,1.403092999146,1.846229885265
    ));
#3655 = CARTESIAN_POINT('',(1.914414394837,1.48073852133,1.832340574393)
  );
#3656 = CARTESIAN_POINT('',(1.742828489493,1.594926060944,1.818451657577
    ));
#3657 = CARTESIAN_POINT('',(1.596664295992,1.741090696195,1.804563097477
    ));
#3658 = CARTESIAN_POINT('',(1.482478661271,1.912675029685,1.790674501548
    ));
#3659 = CARTESIAN_POINT('',(1.404834815997,2.101684278241,1.776785631855
    ));
#3660 = CARTESIAN_POINT('',(1.327191242278,2.497127456509,1.749007707776
    ));
#3661 = CARTESIAN_POINT('',(1.404835508656,2.892570498776,1.721229783696
    ));
#3662 = CARTESIAN_POINT('',(1.482479487742,3.081579564827,1.707340914003
    ));
#3663 = CARTESIAN_POINT('',(1.59666427343,3.253164023685,1.693452318074)
  );
#3664 = CARTESIAN_POINT('',(1.742828092113,3.399329366884,1.679563757973
    ));
#3665 = CARTESIAN_POINT('',(1.914414626416,3.513517094078,1.665674841158
    ));
#3666 = CARTESIAN_POINT('',(2.103426435758,3.591161359855,1.651785530287
    ));
#3667 = CARTESIAN_POINT('',(2.498871330888,3.668804851716,1.624007079189
    ));
#3668 = CARTESIAN_POINT('',(2.89431046979,3.591160100151,1.596229572323)
  );
#3669 = CARTESIAN_POINT('',(3.083316805193,3.513516816907,1.582341241163
    ));
#3670 = CARTESIAN_POINT('',(3.25489743319,3.39932984862,1.568453158127)
  );
#3671 = CARTESIAN_POINT('',(3.401069319275,3.253173193852,1.55456507708)
  );
#3672 = CARTESIAN_POINT('',(3.51526695708,3.08156614989,1.540674614779)
  );
#3673 = CARTESIAN_POINT('',(3.592903836835,2.892555530032,1.526782527704
    ));
#3674 = CARTESIAN_POINT('',(3.631724713517,2.694861108261,1.512896760838
    ));
#3675 = CARTESIAN_POINT('',(3.631725364901,2.497126553917,1.499008408471
    ));
#3676 = ADVANCED_FACE('',(#3677),#3718,.F.);
#3677 = FACE_BOUND('',#3678,.F.);
#3678 = EDGE_LOOP('',(#3679,#3711,#3716,#3717));
#3679 = ORIENTED_EDGE('',*,*,#3680,.F.);
#3680 = EDGE_CURVE('',#3681,#2830,#3683,.T.);
#3681 = VERTEX_POINT('',#3682);
#3682 = CARTESIAN_POINT('',(4.008872174862,2.497127010127,1.718749809109
    ));
#3683 = B_SPLINE_CURVE_WITH_KNOTS('',8,(#3684,#3685,#3686,#3687,#3688,
    #3689,#3690,#3691,#3692,#3693,#3694,#3695,#3696,#3697,#3698,#3699,
    #3700,#3701,#3702,#3703,#3704,#3705,#3706,#3707,#3708,#3709,#3710),
  .UNSPECIFIED.,.F.,.F.,(9,6,6,6,9),(0.,1.57576206969,3.151524139379,
    4.727286209069,6.303048278758),.UNSPECIFIED.);
#3684 = CARTESIAN_POINT('',(4.008872174862,2.497127010127,1.718749809109
    ));
#3685 = CARTESIAN_POINT('',(4.008872536477,2.200638725124,1.703124792662
    ));
#3686 = CARTESIAN_POINT('',(3.942357354963,1.904151406143,1.687499685634
    ));
#3687 = CARTESIAN_POINT('',(3.80926688178,1.625075414752,1.671874852022)
  );
#3688 = CARTESIAN_POINT('',(3.615147850668,1.38084521877,1.656249829379)
  );
#3689 = CARTESIAN_POINT('',(3.370913012204,1.186717713794,1.640624802489
    ));
#3690 = CARTESIAN_POINT('',(3.091846185924,1.053654485107,1.624999781422
    ));
#3691 = CARTESIAN_POINT('',(2.498871102992,0.920590251255,1.593749771049
    ));
#3692 = CARTESIAN_POINT('',(1.90589062944,1.053654060177,1.562499793758)
  );
#3693 = CARTESIAN_POINT('',(1.626817922685,1.186717775148,1.546874807221
    ));
#3694 = CARTESIAN_POINT('',(1.382580704161,1.380842910249,1.531249800513
    ));
#3695 = CARTESIAN_POINT('',(1.188457340055,1.625079539295,1.515624787063
    ));
#3696 = CARTESIAN_POINT('',(1.055395809776,1.90414992872,1.499999785531)
  );
#3697 = CARTESIAN_POINT('',(0.92233413918,2.497127005596,1.468749790016)
  );
#3698 = CARTESIAN_POINT('',(1.055396001839,3.090104039373,1.437499794501
    ));
#3699 = CARTESIAN_POINT('',(1.188457492799,3.369174355121,1.421874792969
    ));
#3700 = CARTESIAN_POINT('',(1.382580106735,3.613411196383,1.406249779518
    ));
#3701 = CARTESIAN_POINT('',(1.626817595187,3.807536928089,1.39062477281)
  );
#3702 = CARTESIAN_POINT('',(1.905890564067,3.940600068436,1.374999786274
    ));
#3703 = CARTESIAN_POINT('',(2.49887109491,4.073662939943,1.343749808982)
  );
#3704 = CARTESIAN_POINT('',(3.091846120551,3.94059913289,1.31249979861)
  );
#3705 = CARTESIAN_POINT('',(3.370913005886,3.807536217359,1.296874777537
    ));
#3706 = CARTESIAN_POINT('',(3.615148601327,3.613412457673,1.281249750669
    ));
#3707 = CARTESIAN_POINT('',(3.809270064369,3.369176645956,1.26562472799)
  );
#3708 = CARTESIAN_POINT('',(3.942352818202,3.090102453789,1.249999894406
    ));
#3709 = CARTESIAN_POINT('',(4.00887264782,2.793615297155,1.23437478737)
  );
#3710 = CARTESIAN_POINT('',(4.008873009834,2.497127012153,1.218749770922
    ));
#3711 = ORIENTED_EDGE('',*,*,#3712,.T.);
#3712 = EDGE_CURVE('',#3681,#3508,#3713,.T.);
#3713 = B_SPLINE_CURVE_WITH_KNOTS('',1,(#3714,#3715),.UNSPECIFIED.,.F.,
  .F.,(2,2),(0.,6.25E-02),.PIECEWISE_BEZIER_KNOTS.);
#3714 = CARTESIAN_POINT('',(4.008872174862,2.497127010127,1.718749809109
    ));
#3715 = CARTESIAN_POINT('',(4.00887336768,2.497127010128,1.781249809098)
  );
#3716 = ORIENTED_EDGE('',*,*,#3507,.T.);
#3717 = ORIENTED_EDGE('',*,*,#2861,.F.);
#3718 = B_SPLINE_SURFACE_WITH_KNOTS('',1,11,(
    (#3719,#3720,#3721,#3722,#3723,#3724,#3725,#3726,#3727,#3728,#3729
      ,#3730,#3731,#3732,#3733,#3734,#3735,#3736,#3737,#3738,#3739)
    ,(#3740,#3741,#3742,#3743,#3744,#3745,#3746,#3747,#3748,#3749,#3750
      ,#3751,#3752,#3753,#3754,#3755,#3756,#3757,#3758,#3759,#3760
  )),.UNSPECIFIED.,.F.,.F.,.F.,(2,2),(12,9,12),(0.,6.25E-02),(0.,
    3.151524139379,6.303048278758),.UNSPECIFIED.);
#3719 = CARTESIAN_POINT('',(4.008872174862,2.497127010127,1.718749809109
    ));
#3720 = CARTESIAN_POINT('',(4.008872700848,2.065871322851,1.696022512459
    ));
#3721 = CARTESIAN_POINT('',(3.873423393551,1.634617602745,1.673295031352
    ));
#3722 = CARTESIAN_POINT('',(3.602358630175,1.250635246603,1.650568363649
    ));
#3723 = CARTESIAN_POINT('',(3.214573513873,0.961300635362,1.627840619961
    ));
#3724 = CARTESIAN_POINT('',(2.746913438839,0.80540659321,1.605113135021)
  );
#3725 = CARTESIAN_POINT('',(2.250833631537,0.805450387117,1.582386349341
    ));
#3726 = CARTESIAN_POINT('',(1.783187196614,0.9612656224,1.559658861765)
  );
#3727 = CARTESIAN_POINT('',(1.395307649052,1.25065188393,1.536931620357)
  );
#3728 = CARTESIAN_POINT('',(1.124345954288,1.634614892405,1.514204328946
    ));
#3729 = CARTESIAN_POINT('',(0.853383951018,2.497127016762,1.468749790016
    ));
#3730 = CARTESIAN_POINT('',(1.124346233651,3.359639053355,1.423295251085
    ));
#3731 = CARTESIAN_POINT('',(1.395308496143,3.743602345086,1.40056797362)
  );
#3732 = CARTESIAN_POINT('',(1.783181030437,4.032984574383,1.377840663475
    ));
#3733 = CARTESIAN_POINT('',(2.250840902155,4.188822785658,1.355113328555
    ));
#3734 = CARTESIAN_POINT('',(2.746915241446,4.188813453474,1.332386347104
    ));
#3735 = CARTESIAN_POINT('',(3.214557622991,4.032977512244,1.309659014946
    ));
#3736 = CARTESIAN_POINT('',(3.602378749916,3.743613385266,1.286931202379
    ));
#3737 = CARTESIAN_POINT('',(3.873414131763,3.359636088937,1.264204548695
    ));
#3738 = CARTESIAN_POINT('',(4.008872483269,2.928382699429,1.241477067574
    ));
#3739 = CARTESIAN_POINT('',(4.008873009834,2.497127012153,1.218749770922
    ));
#3740 = CARTESIAN_POINT('',(4.00887336768,2.497127010128,1.781249809098)
  );
#3741 = CARTESIAN_POINT('',(4.008874043122,2.065870948197,1.758522512445
    ));
#3742 = CARTESIAN_POINT('',(3.873425909271,1.634616806137,1.735795031313
    ));
#3743 = CARTESIAN_POINT('',(3.602356780379,1.250633231843,1.713068363677
    ));
#3744 = CARTESIAN_POINT('',(3.214576134356,0.961303387764,1.690340619956
    ));
#3745 = CARTESIAN_POINT('',(2.746913872726,0.805399131395,1.667613134946
    ));
#3746 = CARTESIAN_POINT('',(2.250831894145,0.805452797473,1.64488634937)
  );
#3747 = CARTESIAN_POINT('',(1.783187721071,0.961263107161,1.622158861742
    ));
#3748 = CARTESIAN_POINT('',(1.395306498078,1.250650998473,1.599431620345
    ));
#3749 = CARTESIAN_POINT('',(1.124344718184,1.634614138094,1.576704328932
    ));
#3750 = CARTESIAN_POINT('',(0.853382521195,2.497127025019,1.531249790002
    ));
#3751 = CARTESIAN_POINT('',(1.124345081001,3.359639797962,1.485795251072
    ));
#3752 = CARTESIAN_POINT('',(1.395307727374,3.743602936512,1.463067973605
    ));
#3753 = CARTESIAN_POINT('',(1.783179269537,4.032987436457,1.440340663463
    ));
#3754 = CARTESIAN_POINT('',(2.250842195757,4.188823299906,1.417613328522
    ));
#3755 = CARTESIAN_POINT('',(2.746915250952,4.18881376767,1.394886347115)
  );
#3756 = CARTESIAN_POINT('',(3.214556239754,4.032980225693,1.372159014956
    ));
#3757 = CARTESIAN_POINT('',(3.60238251895,3.743614225739,1.349431202306)
  );
#3758 = CARTESIAN_POINT('',(3.873414004891,3.35963679166,1.326704548711)
  );
#3759 = CARTESIAN_POINT('',(4.008873765195,2.928383074084,1.303977067561
    ));
#3760 = CARTESIAN_POINT('',(4.008874441215,2.497127012154,1.281249770905
    ));
#3761 = ADVANCED_FACE('',(#3762),#3772,.F.);
#3762 = FACE_BOUND('',#3763,.F.);
#3763 = EDGE_LOOP('',(#3764,#3765,#3770,#3771));
#3764 = ORIENTED_EDGE('',*,*,#2980,.F.);
#3765 = ORIENTED_EDGE('',*,*,#3766,.T.);
#3766 = EDGE_CURVE('',#2981,#3681,#3767,.T.);
#3767 = B_SPLINE_CURVE_WITH_KNOTS('',1,(#3768,#3769),.UNSPECIFIED.,.F.,
  .F.,(2,2),(0.,0.4355),.PIECEWISE_BEZIER_KNOTS.);
#3768 = CARTESIAN_POINT('',(3.631713955804,2.497126628258,1.501007007168
    ));
#3769 = CARTESIAN_POINT('',(4.008872174862,2.497127010127,1.718749809109
    ));
#3770 = ORIENTED_EDGE('',*,*,#3680,.T.);
#3771 = ORIENTED_EDGE('',*,*,#2915,.F.);
#3772 = B_SPLINE_SURFACE_WITH_KNOTS('',1,8,(
    (#3773,#3774,#3775,#3776,#3777,#3778,#3779,#3780,#3781,#3782,#3783
      ,#3784,#3785,#3786,#3787,#3788,#3789,#3790,#3791,#3792,#3793,#3794
      ,#3795,#3796,#3797,#3798,#3799)
    ,(#3800,#3801,#3802,#3803,#3804,#3805,#3806,#3807,#3808,#3809,#3810
      ,#3811,#3812,#3813,#3814,#3815,#3816,#3817,#3818,#3819,#3820,#3821
      ,#3822,#3823,#3824,#3825,#3826
    )),.UNSPECIFIED.,.F.,.F.,.F.,(2,2),(9,6,6,6,9),(0.,0.4355),(0.,
    1.57576206969,3.151524139379,4.727286209069,6.303048278758),
  .UNSPECIFIED.);
#3773 = CARTESIAN_POINT('',(3.631713955804,2.497126628258,1.501007007168
    ));
#3774 = CARTESIAN_POINT('',(3.631713884484,2.274677306976,1.485382610774
    ));
#3775 = CARTESIAN_POINT('',(3.581807040517,2.052279437707,1.469761538697
    ));
#3776 = CARTESIAN_POINT('',(3.481980885936,1.84289379486,1.454130431992)
  );
#3777 = CARTESIAN_POINT('',(3.336321107839,1.659653207565,1.438506263621
    ));
#3778 = CARTESIAN_POINT('',(3.15309855241,1.514024204976,1.422882250049)
  );
#3779 = CARTESIAN_POINT('',(2.943735473731,1.414195222384,1.407258023274
    ));
#3780 = CARTESIAN_POINT('',(2.498870870844,1.31436712198,1.376008403936)
  );
#3781 = CARTESIAN_POINT('',(2.053999146622,1.414195051119,1.344757570553
    ));
#3782 = CARTESIAN_POINT('',(1.844629733603,1.514023433109,1.329132076458
    ));
#3783 = CARTESIAN_POINT('',(1.66139911132,1.659662358153,1.313507322646)
  );
#3784 = CARTESIAN_POINT('',(1.515763872694,1.842891740566,1.297882816252
    ));
#3785 = CARTESIAN_POINT('',(1.415936984043,2.052257997359,1.28225787248)
  );
#3786 = CARTESIAN_POINT('',(1.316110169145,2.497127427012,1.251007707885
    ));
#3787 = CARTESIAN_POINT('',(1.415937306125,2.941996784391,1.219757543291
    ));
#3788 = CARTESIAN_POINT('',(1.515764345761,3.15136296877,1.204132599518)
  );
#3789 = CARTESIAN_POINT('',(1.661399713236,3.334592247006,1.188508093124
    ));
#3790 = CARTESIAN_POINT('',(1.844630441914,3.480231042495,1.172883339313
    ));
#3791 = CARTESIAN_POINT('',(2.053999928217,3.580059270673,1.157257845218
    ));
#3792 = CARTESIAN_POINT('',(2.49887172478,3.679886874295,1.126007011834)
  );
#3793 = CARTESIAN_POINT('',(2.943736255326,3.580058454653,1.094757392496
    ));
#3794 = CARTESIAN_POINT('',(3.153099262203,3.480229322339,1.079133165721
    ));
#3795 = CARTESIAN_POINT('',(3.336321715946,3.334600204686,1.063509152149
    ));
#3796 = CARTESIAN_POINT('',(3.481981372974,3.151359486426,1.04788498378)
  );
#3797 = CARTESIAN_POINT('',(3.58180734086,2.941973779736,1.032253877073)
  );
#3798 = CARTESIAN_POINT('',(3.631714045563,2.719575875192,1.016632804996
    ));
#3799 = CARTESIAN_POINT('',(3.631713959651,2.49712655391,1.001008408602)
  );
#3800 = CARTESIAN_POINT('',(4.008872174862,2.497127010127,1.718749809109
    ));
#3801 = CARTESIAN_POINT('',(4.008872536477,2.200638725124,1.703124792662
    ));
#3802 = CARTESIAN_POINT('',(3.942357354963,1.904151406143,1.687499685634
    ));
#3803 = CARTESIAN_POINT('',(3.80926688178,1.625075414752,1.671874852022)
  );
#3804 = CARTESIAN_POINT('',(3.615147850668,1.38084521877,1.656249829379)
  );
#3805 = CARTESIAN_POINT('',(3.370913012204,1.186717713794,1.640624802489
    ));
#3806 = CARTESIAN_POINT('',(3.091846185924,1.053654485107,1.624999781422
    ));
#3807 = CARTESIAN_POINT('',(2.498871102992,0.920590251255,1.593749771049
    ));
#3808 = CARTESIAN_POINT('',(1.90589062944,1.053654060177,1.562499793758)
  );
#3809 = CARTESIAN_POINT('',(1.626817922685,1.186717775148,1.546874807221
    ));
#3810 = CARTESIAN_POINT('',(1.382580704161,1.380842910249,1.531249800513
    ));
#3811 = CARTESIAN_POINT('',(1.188457340055,1.625079539295,1.515624787063
    ));
#3812 = CARTESIAN_POINT('',(1.055395809776,1.90414992872,1.499999785531)
  );
#3813 = CARTESIAN_POINT('',(0.92233413918,2.497127005596,1.468749790016)
  );
#3814 = CARTESIAN_POINT('',(1.055396001839,3.090104039373,1.437499794501
    ));
#3815 = CARTESIAN_POINT('',(1.188457492799,3.369174355121,1.421874792969
    ));
#3816 = CARTESIAN_POINT('',(1.382580106735,3.613411196383,1.406249779518
    ));
#3817 = CARTESIAN_POINT('',(1.626817595187,3.807536928089,1.39062477281)
  );
#3818 = CARTESIAN_POINT('',(1.905890564067,3.940600068436,1.374999786274
    ));
#3819 = CARTESIAN_POINT('',(2.49887109491,4.073662939943,1.343749808982)
  );
#3820 = CARTESIAN_POINT('',(3.091846120551,3.94059913289,1.31249979861)
  );
#3821 = CARTESIAN_POINT('',(3.370913005886,3.807536217359,1.296874777537
    ));
#3822 = CARTESIAN_POINT('',(3.615148601327,3.613412457673,1.281249750669
    ));
#3823 = CARTESIAN_POINT('',(3.809270064369,3.369176645956,1.26562472799)
  );
#3824 = CARTESIAN_POINT('',(3.942352818202,3.090102453789,1.249999894406
    ));
#3825 = CARTESIAN_POINT('',(4.00887264782,2.793615297155,1.23437478737)
  );
#3826 = CARTESIAN_POINT('',(4.008873009834,2.497127012153,1.218749770922
    ));
#3827 = ADVANCED_FACE('',(#3828),#3910,.F.);
#3828 = FACE_BOUND('',#3829,.T.);
#3829 = EDGE_LOOP('',(#3830,#3907,#3908,#3909));
#3830 = ORIENTED_EDGE('',*,*,#3831,.F.);
#3831 = EDGE_CURVE('',#3260,#2981,#3832,.T.);
#3832 = B_SPLINE_CURVE_WITH_KNOTS('',7,(#3833,#3834,#3835,#3836,#3837,
    #3838,#3839,#3840,#3841,#3842,#3843,#3844,#3845,#3846,#3847,#3848,
    #3849,#3850,#3851,#3852,#3853,#3854,#3855,#3856,#3857,#3858,#3859,
    #3860,#3861,#3862,#3863,#3864,#3865,#3866,#3867,#3868,#3869,#3870,
    #3871,#3872,#3873,#3874,#3875,#3876,#3877,#3878,#3879,#3880,#3881,
    #3882,#3883,#3884,#3885,#3886,#3887,#3888,#3889,#3890,#3891,#3892,
    #3893,#3894,#3895,#3896,#3897,#3898,#3899,#3900,#3901,#3902,#3903,
    #3904,#3905,#3906),.UNSPECIFIED.,.F.,.F.,(8,6,6,6,6,6,6,6,6,6,6,6,8)
  ,(0.,3.488032774375E-02,0.105085903181,0.133502273102,0.27143498089,
    0.378010448963,0.500492540856,0.628283394879,0.737044150749,
    0.783724905561,0.869517948656,0.95664408657,1.),.UNSPECIFIED.);
#3833 = CARTESIAN_POINT('',(3.758868,2.497126757,2.074415438022));
#3834 = CARTESIAN_POINT('',(3.758868,2.457680271425,2.071924285832));
#3835 = CARTESIAN_POINT('',(3.757427227212,2.418233891772,2.06943293034)
  );
#3836 = CARTESIAN_POINT('',(3.754545730538,2.378850997899,2.066941472973
    ));
#3837 = CARTESIAN_POINT('',(3.750226987637,2.339594604853,2.064449989129
    ));
#3838 = CARTESIAN_POINT('',(3.74447790492,2.300527362878,2.061958528176)
  );
#3839 = CARTESIAN_POINT('',(3.737308817553,2.26171155741,2.059467113454)
  );
#3840 = CARTESIAN_POINT('',(3.711473449701,2.145713090095,2.051961220942
    ));
#3841 = CARTESIAN_POINT('',(3.688515615674,2.069483400167,2.046946731821
    ));
#3842 = CARTESIAN_POINT('',(3.659972967397,1.995026881812,2.041932589385
    ));
#3843 = CARTESIAN_POINT('',(3.62601296065,1.922832979524,2.03691865718)
  );
#3844 = CARTESIAN_POINT('',(3.586855475298,1.853369271249,2.031904647658
    ));
#3845 = CARTESIAN_POINT('',(3.542770763604,1.787076999866,2.026890422018
    ));
#3846 = CARTESIAN_POINT('',(3.47436829902,1.698983979759,2.019846772749)
  );
#3847 = CARTESIAN_POINT('',(3.453903888597,1.674187770765,2.017817241096
    ));
#3848 = CARTESIAN_POINT('',(3.432705183096,1.650005033158,2.015787694456
    ));
#3849 = CARTESIAN_POINT('',(3.41079431449,1.626461784071,2.01375813303)
  );
#3850 = CARTESIAN_POINT('',(3.388194530912,1.603583002299,2.011728557839
    ));
#3851 = CARTESIAN_POINT('',(3.364930196654,1.581392628299,2.009698970724
    ));
#3852 = CARTESIAN_POINT('',(3.224999962719,1.455654452927,1.997817738686
    ));
#3853 = CARTESIAN_POINT('',(3.093855895145,1.368100761184,1.987960846399
    ));
#3854 = CARTESIAN_POINT('',(2.950579618685,1.299989110505,1.978108087306
    ));
#3855 = CARTESIAN_POINT('',(2.798677568036,1.25322305592,1.968257139044)
  );
#3856 = CARTESIAN_POINT('',(2.64190187208,1.228958116814,1.958404708181)
  );
#3857 = CARTESIAN_POINT('',(2.484223111204,1.22759231234,1.948548119538)
  );
#3858 = CARTESIAN_POINT('',(2.210214488632,1.264728424508,1.931084321206
    ));
#3859 = CARTESIAN_POINT('',(2.092564862114,1.294246902823,1.9234708133)
  );
#3860 = CARTESIAN_POINT('',(1.978526133556,1.33685778619,1.915858240111)
  );
#3861 = CARTESIAN_POINT('',(1.869830629822,1.392006083773,1.908246268964
    ));
#3862 = CARTESIAN_POINT('',(1.76809738167,1.458870333112,1.900633688325)
  );
#3863 = CARTESIAN_POINT('',(1.674797183195,1.536380325555,1.893020207657
    ));
#3864 = CARTESIAN_POINT('',(1.495129709055,1.72298487524,1.876660141692)
  );
#3865 = CARTESIAN_POINT('',(1.411824574809,1.835119647261,1.867909448949
    ));
#3866 = CARTESIAN_POINT('',(1.343252040844,1.957594984155,1.859161161649
    ));
#3867 = CARTESIAN_POINT('',(1.290892064664,2.088058276456,1.850413908997
    ));
#3868 = CARTESIAN_POINT('',(1.255768660786,2.223958297651,1.841665602831
    ));
#3869 = CARTESIAN_POINT('',(1.238438997413,2.362571880024,1.832914880602
    ));
#3870 = CARTESIAN_POINT('',(1.239328306008,2.64560327886,1.815039427359)
  );
#3871 = CARTESIAN_POINT('',(1.259120954243,2.790114194907,1.805908487227
    ));
#3872 = CARTESIAN_POINT('',(1.298267852539,2.931415011283,1.796780117548
    ));
#3873 = CARTESIAN_POINT('',(1.356084636069,3.066418477137,1.78765282794)
  );
#3874 = CARTESIAN_POINT('',(1.431341943048,3.192254317345,1.778524535982
    ));
#3875 = CARTESIAN_POINT('',(1.522277615741,3.306297109379,1.769393689561
    ));
#3876 = CARTESIAN_POINT('',(1.715317408859,3.491499279476,1.752498338974
    ));
#3877 = CARTESIAN_POINT('',(1.813787959334,3.566559831364,1.74472885389)
  );
#3878 = CARTESIAN_POINT('',(1.920566301246,3.630166122186,1.736960580736
    ));
#3879 = CARTESIAN_POINT('',(2.034040641144,3.681249485078,1.729193000275
    ));
#3880 = CARTESIAN_POINT('',(2.152450914728,3.71901753522,1.721424604935)
  );
#3881 = CARTESIAN_POINT('',(2.273928395606,3.742972040539,1.713654982944
    ));
#3882 = CARTESIAN_POINT('',(2.449135725576,3.757251195489,1.70255270113)
  );
#3883 = CARTESIAN_POINT('',(2.501962310009,3.758967451619,1.69921853601)
  );
#3884 = CARTESIAN_POINT('',(2.554847363318,3.758099450724,1.695884384714
    ));
#3885 = CARTESIAN_POINT('',(2.60763921401,3.754645997688,1.692550249761)
  );
#3886 = CARTESIAN_POINT('',(2.660186608219,3.748616991069,1.689216118511
    ));
#3887 = CARTESIAN_POINT('',(2.712339325864,3.740033382316,1.685881989978
    ));
#3888 = CARTESIAN_POINT('',(2.85880016717,3.708515323703,1.67642028899)
  );
#3889 = CARTESIAN_POINT('',(2.951825112088,3.679580861848,1.670292274035
    ));
#3890 = CARTESIAN_POINT('',(3.042091349684,3.642322049174,1.664164674139
    ));
#3891 = CARTESIAN_POINT('',(3.128710795221,3.597064007501,1.658037380996
    ));
#3892 = CARTESIAN_POINT('',(3.210846568632,3.544243968661,1.651909896875
    ));
#3893 = CARTESIAN_POINT('',(3.287724547034,3.48440525546,1.645781970846)
  );
#3894 = CARTESIAN_POINT('',(3.430676443877,3.350965925039,1.633431484903
    ));
#3895 = CARTESIAN_POINT('',(3.496575509759,3.277155094802,1.62720794445)
  );
#3896 = CARTESIAN_POINT('',(3.555614802776,3.1974471562,1.620984539039)
  );
#3897 = CARTESIAN_POINT('',(3.60717231779,3.112613490454,1.614761040548)
  );
#3898 = CARTESIAN_POINT('',(3.65073429131,3.02349958407,1.608537200914)
  );
#3899 = CARTESIAN_POINT('',(3.685902575325,2.931012805817,1.602313346899
    ));
#3900 = CARTESIAN_POINT('',(3.725602177486,2.788892547641,1.592993926273
    ));
#3901 = CARTESIAN_POINT('',(3.736649535416,2.741070471153,1.589897434359
    ));
#3902 = CARTESIAN_POINT('',(3.745520348979,2.692766491154,1.586801099793
    ));
#3903 = CARTESIAN_POINT('',(3.75218999116,2.644099514925,1.583704919336)
  );
#3904 = CARTESIAN_POINT('',(3.756641974901,2.595189757716,1.580608826252
    ));
#3905 = CARTESIAN_POINT('',(3.758868,2.546158318713,1.577512669542));
#3906 = CARTESIAN_POINT('',(3.758868,2.497126757,1.574416193187));
#3907 = ORIENTED_EDGE('',*,*,#3493,.T.);
#3908 = ORIENTED_EDGE('',*,*,#3538,.T.);
#3909 = ORIENTED_EDGE('',*,*,#3059,.F.);
#3910 = CYLINDRICAL_SURFACE('',#3911,1.26);
#3911 = AXIS2_PLACEMENT_3D('',#3912,#3913,#3914);
#3912 = CARTESIAN_POINT('',(2.498868,2.497127,4.));
#3913 = DIRECTION('',(-0.,-0.,-1.));
#3914 = DIRECTION('',(1.,0.,0.));
#3915 = ADVANCED_FACE('',(#3916),#3945,.F.);
#3916 = FACE_BOUND('',#3917,.F.);
#3917 = EDGE_LOOP('',(#3918,#3942,#3943,#3944));
#3918 = ORIENTED_EDGE('',*,*,#3919,.F.);
#3919 = EDGE_CURVE('',#3076,#3508,#3920,.T.);
#3920 = B_SPLINE_CURVE_WITH_KNOTS('',11,(#3921,#3922,#3923,#3924,#3925,
    #3926,#3927,#3928,#3929,#3930,#3931,#3932,#3933,#3934,#3935,#3936,
    #3937,#3938,#3939,#3940,#3941),.UNSPECIFIED.,.F.,.F.,(12,9,12),(0.,
    3.151524139379,6.303048278758),.UNSPECIFIED.);
#3921 = CARTESIAN_POINT('',(4.008872294144,2.497127008102,2.281249847286
    ));
#3922 = CARTESIAN_POINT('',(4.008872969008,2.065871252706,2.258522550636
    ));
#3923 = CARTESIAN_POINT('',(3.873424930859,1.634617417655,2.235795069526
    ));
#3924 = CARTESIAN_POINT('',(3.60235599434,1.250634116443,2.213068401826)
  );
#3925 = CARTESIAN_POINT('',(3.214575623096,0.961304478606,2.190340658155
    ));
#3926 = CARTESIAN_POINT('',(2.746913694523,0.805400334053,2.167613173169
    ));
#3927 = CARTESIAN_POINT('',(2.25083206797,0.805454000227,2.144886387539)
  );
#3928 = CARTESIAN_POINT('',(1.783188227883,0.961264200193,2.122158899935
    ));
#3929 = CARTESIAN_POINT('',(1.395307280977,1.250651886102,2.099431658535
    ));
#3930 = CARTESIAN_POINT('',(1.124345694243,1.634614753132,2.076704367123
    ));
#3931 = CARTESIAN_POINT('',(0.853383691049,2.497127027226,2.031249828193
    ));
#3932 = CARTESIAN_POINT('',(1.124346059375,3.359639186613,1.985795289262
    ));
#3933 = CARTESIAN_POINT('',(1.395308513669,3.743602051809,1.963068011795
    ));
#3934 = CARTESIAN_POINT('',(1.78317978027,4.032986345486,1.940340701657)
  );
#3935 = CARTESIAN_POINT('',(2.250842374479,4.18882209757,1.917613366723)
  );
#3936 = CARTESIAN_POINT('',(2.746915076933,4.188812564593,1.894886385285
    ));
#3937 = CARTESIAN_POINT('',(3.214555732813,4.032979132792,1.872159053132
    ));
#3938 = CARTESIAN_POINT('',(3.602381736208,3.743613338215,1.84943124054)
  );
#3939 = CARTESIAN_POINT('',(3.873413028793,3.359636176453,1.826704586879
    ));
#3940 = CARTESIAN_POINT('',(4.008872692238,2.928382765523,1.803977105751
    ));
#3941 = CARTESIAN_POINT('',(4.00887336768,2.497127010128,1.781249809098)
  );
#3942 = ORIENTED_EDGE('',*,*,#3103,.T.);
#3943 = ORIENTED_EDGE('',*,*,#3411,.T.);
#3944 = ORIENTED_EDGE('',*,*,#3533,.F.);
#3945 = B_SPLINE_SURFACE_WITH_KNOTS('',1,9,(
    (#3946,#3947,#3948,#3949,#3950,#3951,#3952,#3953,#3954,#3955,#3956
      ,#3957,#3958,#3959,#3960,#3961,#3962,#3963,#3964,#3965,#3966,#3967
      ,#3968,#3969,#3970,#3971,#3972,#3973,#3974,#3975,#3976)
    ,(#3977,#3978,#3979,#3980,#3981,#3982,#3983,#3984,#3985,#3986,#3987
      ,#3988,#3989,#3990,#3991,#3992,#3993,#3994,#3995,#3996,#3997,#3998
      ,#3999,#4000,#4001,#4002,#4003,#4004,#4005,#4006,#4007
  )),.UNSPECIFIED.,.F.,.F.,.F.,(2,2),(10,7,7,7,10),(0.,0.4355),(0.,
    1.57576206969,3.151524139379,4.727286209069,6.303048278758),
  .UNSPECIFIED.);
#3946 = CARTESIAN_POINT('',(4.008872294144,2.497127008102,2.281249847286
    ));
#3947 = CARTESIAN_POINT('',(4.008872706561,2.233581824249,2.267360943778
    ));
#3948 = CARTESIAN_POINT('',(3.957139235535,1.970037373861,2.253471969816
    ));
#3949 = CARTESIAN_POINT('',(3.853630497118,1.718100426096,2.239583168068
    ));
#3950 = CARTESIAN_POINT('',(3.701422900475,1.489391977834,2.225694322065
    ));
#3951 = CARTESIAN_POINT('',(3.506599129465,1.294566421615,2.211805411162
    ));
#3952 = CARTESIAN_POINT('',(3.277890858897,1.142363062759,2.197916500309
    ));
#3953 = CARTESIAN_POINT('',(3.025960152274,1.038869276681,2.184027596224
    ));
#3954 = CARTESIAN_POINT('',(2.498870800191,0.935374791064,2.156249811063
    ));
#3955 = CARTESIAN_POINT('',(1.971777268849,1.038868967441,2.128472051634
    ));
#3956 = CARTESIAN_POINT('',(1.719842064824,1.142363065239,2.114583174244
    ));
#3957 = CARTESIAN_POINT('',(1.49113048391,1.294564939023,2.100694286116)
  );
#3958 = CARTESIAN_POINT('',(1.296303497696,1.489392369855,2.086805388268
    ));
#3959 = CARTESIAN_POINT('',(1.14410325621,1.718102872459,2.072916491396)
  );
#3960 = CARTESIAN_POINT('',(1.040610923114,1.970036188477,2.059027601984
    ));
#3961 = CARTESIAN_POINT('',(0.937118533177,2.497127009502,2.031249828193
    ));
#3962 = CARTESIAN_POINT('',(1.04061114625,3.024217786716,2.003472054402)
  );
#3963 = CARTESIAN_POINT('',(1.14410347482,3.276151032712,1.98958316499)
  );
#3964 = CARTESIAN_POINT('',(1.296303165196,3.504861654274,1.975694268117
    ));
#3965 = CARTESIAN_POINT('',(1.491129878331,3.699689545945,1.961805370269
    ));
#3966 = CARTESIAN_POINT('',(1.71984176544,3.851891598029,1.947916482141)
  );
#3967 = CARTESIAN_POINT('',(1.971777203042,3.955385067638,1.934027604752
    ));
#3968 = CARTESIAN_POINT('',(2.498870792388,4.058878266491,1.906249845322
    ));
#3969 = CARTESIAN_POINT('',(3.025960086466,3.955384167565,1.878472060162
    ));
#3970 = CARTESIAN_POINT('',(3.277891496528,3.851890540919,1.864583156081
    ));
#3971 = CARTESIAN_POINT('',(3.506597968776,3.699690590692,1.850694245208
    ));
#3972 = CARTESIAN_POINT('',(3.701426963794,3.504863099166,1.836805334345
    ));
#3973 = CARTESIAN_POINT('',(3.853630624383,3.2761520105,1.822916488295)
  );
#3974 = CARTESIAN_POINT('',(3.957134734222,3.024216482378,1.809027686578
    ));
#3975 = CARTESIAN_POINT('',(4.00887295491,2.76067219398,1.795138712608)
  );
#3976 = CARTESIAN_POINT('',(4.00887336768,2.497127010128,1.781249809098)
  );
#3977 = CARTESIAN_POINT('',(3.631721555463,2.49712670261,2.499005605676)
  );
#3978 = CARTESIAN_POINT('',(3.631722232789,2.299392480629,2.485117253315
    ));
#3979 = CARTESIAN_POINT('',(3.592909712976,2.101698130584,2.471231486479
    ));
#3980 = CARTESIAN_POINT('',(3.51526327318,1.912683117046,2.457339399381)
  );
#3981 = CARTESIAN_POINT('',(3.4010635441,1.741089145382,2.443448936988)
  );
#3982 = CARTESIAN_POINT('',(3.254894134698,1.594924720007,2.429560856113
    ));
#3983 = CARTESIAN_POINT('',(3.08331534414,1.480740034435,2.415672772951)
  );
#3984 = CARTESIAN_POINT('',(2.894309172444,1.403094482436,2.401784441832
    ));
#3985 = CARTESIAN_POINT('',(2.498870542328,1.325449446144,2.374006934967
    ));
#3986 = CARTESIAN_POINT('',(2.103426468154,1.40309481264,2.346228483867)
  );
#3987 = CARTESIAN_POINT('',(1.914415444193,1.480740191873,2.332339172993
    ));
#3988 = CARTESIAN_POINT('',(1.742829819856,1.594927528242,2.318450256177
    ));
#3989 = CARTESIAN_POINT('',(1.596665862526,1.74109190814,2.304561696079)
  );
#3990 = CARTESIAN_POINT('',(1.482480408531,1.912675945631,2.290673100151
    ));
#3991 = CARTESIAN_POINT('',(1.404836681396,2.101684871304,2.276784230459
    ));
#3992 = CARTESIAN_POINT('',(1.327193212269,2.497127379614,2.249006306378
    ));
#3993 = CARTESIAN_POINT('',(1.404837322151,2.892569762114,2.221228382297
    ));
#3994 = CARTESIAN_POINT('',(1.482481158291,3.081578515474,2.207339512605
    ));
#3995 = CARTESIAN_POINT('',(1.596665740732,3.253162693321,2.193450916677
    ));
#3996 = CARTESIAN_POINT('',(1.74282930406,3.39932780035,2.179562356578)
  );
#3997 = CARTESIAN_POINT('',(1.914415542367,3.51351534682,2.165673439763)
  );
#3998 = CARTESIAN_POINT('',(2.103427028828,3.591159494457,2.15178412889)
  );
#3999 = CARTESIAN_POINT('',(2.498871253994,3.668802881726,2.124005677788
    ));
#4000 = CARTESIAN_POINT('',(2.894309733117,3.591158286659,2.096228170924
    ));
#4001 = CARTESIAN_POINT('',(3.083315755824,3.513515146369,2.082339839767
    ));
#4002 = CARTESIAN_POINT('',(3.254896102811,3.399328381317,2.068451756735
    ));
#4003 = CARTESIAN_POINT('',(3.401067752745,3.253171981936,2.054563675692
    ));
#4004 = CARTESIAN_POINT('',(3.515265209875,3.081565233883,2.040673213383
    ));
#4005 = CARTESIAN_POINT('',(3.592901971419,2.892554936905,2.026781126291
    ));
#4006 = CARTESIAN_POINT('',(3.631722795824,2.694860850243,2.012895359442
    ));
#4007 = CARTESIAN_POINT('',(3.631723460179,2.497126628263,1.999007007078
    ));
#4008 = ADVANCED_FACE('',(#4009),#4044,.F.);
#4009 = FACE_BOUND('',#4010,.F.);
#4010 = EDGE_LOOP('',(#4011,#4041,#4042,#4043));
#4011 = ORIENTED_EDGE('',*,*,#4012,.F.);
#4012 = EDGE_CURVE('',#3175,#3681,#4013,.T.);
#4013 = B_SPLINE_CURVE_WITH_KNOTS('',8,(#4014,#4015,#4016,#4017,#4018,
    #4019,#4020,#4021,#4022,#4023,#4024,#4025,#4026,#4027,#4028,#4029,
    #4030,#4031,#4032,#4033,#4034,#4035,#4036,#4037,#4038,#4039,#4040),
  .UNSPECIFIED.,.F.,.F.,(9,6,6,6,9),(0.,1.57576206969,3.151524139379,
    4.727286209069,6.303048278758),.UNSPECIFIED.);
#4014 = CARTESIAN_POINT('',(4.00887133989,2.497127008101,2.218749847294)
  );
#4015 = CARTESIAN_POINT('',(4.008871701108,2.20063888701,2.203124830848)
  );
#4016 = CARTESIAN_POINT('',(3.942356555969,1.90415173214,2.187499723829)
  );
#4017 = CARTESIAN_POINT('',(3.809266156045,1.625075895209,2.171874890203
    ));
#4018 = CARTESIAN_POINT('',(3.61514723189,1.380845834516,2.156249867561)
  );
#4019 = CARTESIAN_POINT('',(3.370912528239,1.186718437231,2.140624840674
    ));
#4020 = CARTESIAN_POINT('',(3.091845856094,1.053655282494,2.124999819608
    ));
#4021 = CARTESIAN_POINT('',(2.498871100878,0.920591123016,2.093749809237
    ));
#4022 = CARTESIAN_POINT('',(1.905890955394,1.053654859155,2.062499831944
    ));
#4023 = CARTESIAN_POINT('',(1.62681840313,1.186718500923,2.046874845406)
  );
#4024 = CARTESIAN_POINT('',(1.382581319927,1.38084352901,2.031249838698)
  );
#4025 = CARTESIAN_POINT('',(1.188458063492,1.625080023256,2.015624825249
    ));
#4026 = CARTESIAN_POINT('',(1.055396607164,1.904150258544,1.999999823717
    ));
#4027 = CARTESIAN_POINT('',(0.92233501094,2.497127007711,1.968749828202)
  );
#4028 = CARTESIAN_POINT('',(1.055396800818,3.090103713422,1.937499832687
    ));
#4029 = CARTESIAN_POINT('',(1.188458218576,3.369173874677,1.921874831155
    ));
#4030 = CARTESIAN_POINT('',(1.382580725495,3.613410580617,1.906249817705
    ));
#4031 = CARTESIAN_POINT('',(1.626818079148,3.807536204653,1.890624810997
    ));
#4032 = CARTESIAN_POINT('',(1.905890893894,3.940599271049,1.87499982446)
  );
#4033 = CARTESIAN_POINT('',(2.498871097025,4.073662068181,1.843749847167
    ));
#4034 = CARTESIAN_POINT('',(3.091845794594,3.940598333912,1.812499836795
    ));
#4035 = CARTESIAN_POINT('',(3.370912525437,3.807535491582,1.796874815725
    ));
#4036 = CARTESIAN_POINT('',(3.615147985544,3.613411838932,1.781249788858
    ));
#4037 = CARTESIAN_POINT('',(3.809269340975,3.369176161983,1.765624766181
    ));
#4038 = CARTESIAN_POINT('',(3.942352020799,3.090102123919,1.749999932583
    ));
#4039 = CARTESIAN_POINT('',(4.008871813246,2.793615131218,1.734374825556
    ));
#4040 = CARTESIAN_POINT('',(4.008872174862,2.497127010127,1.718749809109
    ));
#4041 = ORIENTED_EDGE('',*,*,#3208,.T.);
#4042 = ORIENTED_EDGE('',*,*,#3919,.T.);
#4043 = ORIENTED_EDGE('',*,*,#3712,.F.);
#4044 = B_SPLINE_SURFACE_WITH_KNOTS('',1,11,(
    (#4045,#4046,#4047,#4048,#4049,#4050,#4051,#4052,#4053,#4054,#4055
      ,#4056,#4057,#4058,#4059,#4060,#4061,#4062,#4063,#4064,#4065)
    ,(#4066,#4067,#4068,#4069,#4070,#4071,#4072,#4073,#4074,#4075,#4076
      ,#4077,#4078,#4079,#4080,#4081,#4082,#4083,#4084,#4085,#4086
  )),.UNSPECIFIED.,.F.,.F.,.F.,(2,2),(12,9,12),(0.,6.25E-02),(0.,
    3.151524139379,6.303048278758),.UNSPECIFIED.);
#4045 = CARTESIAN_POINT('',(4.00887133989,2.497127008101,2.218749847294)
  );
#4046 = CARTESIAN_POINT('',(4.008871865298,2.065871559241,2.196022550646
    ));
#4047 = CARTESIAN_POINT('',(3.873422632307,1.63461807796,2.173295069556)
  );
#4048 = CARTESIAN_POINT('',(3.60235801844,1.250635934296,2.150568401803)
  );
#4049 = CARTESIAN_POINT('',(3.214573115769,0.961301483581,2.127840658153
    ));
#4050 = CARTESIAN_POINT('',(2.746913299732,0.805407528537,2.105113173233
    ));
#4051 = CARTESIAN_POINT('',(2.250833766231,0.805451322666,2.082386387509
    ));
#4052 = CARTESIAN_POINT('',(1.783187590343,0.961266472749,2.059658899955
    ));
#4053 = CARTESIAN_POINT('',(1.395308257602,1.250652574636,2.036931658541
    ));
#4054 = CARTESIAN_POINT('',(1.124346713188,1.634615371177,2.014204367133
    ));
#4055 = CARTESIAN_POINT('',(0.853384860905,2.497127018969,1.968749828202
    ));
#4056 = CARTESIAN_POINT('',(1.124346994866,3.359638578272,1.92329528927)
  );
#4057 = CARTESIAN_POINT('',(1.395309108077,3.743601657313,1.900568011805
    ));
#4058 = CARTESIAN_POINT('',(1.783181428131,4.032983726063,1.877840701666
    ));
#4059 = CARTESIAN_POINT('',(2.250841041666,4.188821850581,1.855113366747
    ));
#4060 = CARTESIAN_POINT('',(2.746915106602,4.188812517674,1.832386385275
    ));
#4061 = CARTESIAN_POINT('',(3.21455722916,4.032976661997,1.809659053119)
  );
#4062 = CARTESIAN_POINT('',(3.602378141489,3.743612694641,1.7869312406)
  );
#4063 = CARTESIAN_POINT('',(3.873413372832,3.359635610033,1.764204586863
    ));
#4064 = CARTESIAN_POINT('',(4.008871648876,2.928382458987,1.741477105759
    ));
#4065 = CARTESIAN_POINT('',(4.008872174862,2.497127010127,1.718749809109
    ));
#4066 = CARTESIAN_POINT('',(4.008872294144,2.497127008102,2.281249847286
    ));
#4067 = CARTESIAN_POINT('',(4.008872969008,2.065871252706,2.258522550636
    ));
#4068 = CARTESIAN_POINT('',(3.873424930859,1.634617417655,2.235795069526
    ));
#4069 = CARTESIAN_POINT('',(3.60235599434,1.250634116443,2.213068401826)
  );
#4070 = CARTESIAN_POINT('',(3.214575623096,0.961304478606,2.190340658155
    ));
#4071 = CARTESIAN_POINT('',(2.746913694523,0.805400334053,2.167613173169
    ));
#4072 = CARTESIAN_POINT('',(2.25083206797,0.805454000227,2.144886387539)
  );
#4073 = CARTESIAN_POINT('',(1.783188227883,0.961264200193,2.122158899935
    ));
#4074 = CARTESIAN_POINT('',(1.395307280977,1.250651886102,2.099431658535
    ));
#4075 = CARTESIAN_POINT('',(1.124345694243,1.634614753132,2.076704367123
    ));
#4076 = CARTESIAN_POINT('',(0.853383691049,2.497127027226,2.031249828193
    ));
#4077 = CARTESIAN_POINT('',(1.124346059375,3.359639186613,1.985795289262
    ));
#4078 = CARTESIAN_POINT('',(1.395308513669,3.743602051809,1.963068011795
    ));
#4079 = CARTESIAN_POINT('',(1.78317978027,4.032986345486,1.940340701657)
  );
#4080 = CARTESIAN_POINT('',(2.250842374479,4.18882209757,1.917613366723)
  );
#4081 = CARTESIAN_POINT('',(2.746915076933,4.188812564593,1.894886385285
    ));
#4082 = CARTESIAN_POINT('',(3.214555732813,4.032979132792,1.872159053132
    ));
#4083 = CARTESIAN_POINT('',(3.602381736208,3.743613338215,1.84943124054)
  );
#4084 = CARTESIAN_POINT('',(3.873413028793,3.359636176453,1.826704586879
    ));
#4085 = CARTESIAN_POINT('',(4.008872692238,2.928382765523,1.803977105751
    ));
#4086 = CARTESIAN_POINT('',(4.00887336768,2.497127010128,1.781249809098)
  );
#4087 = ADVANCED_FACE('',(#4088),#4094,.F.);
#4088 = FACE_BOUND('',#4089,.F.);
#4089 = EDGE_LOOP('',(#4090,#4091,#4092,#4093));
#4090 = ORIENTED_EDGE('',*,*,#3831,.F.);
#4091 = ORIENTED_EDGE('',*,*,#3346,.T.);
#4092 = ORIENTED_EDGE('',*,*,#4012,.T.);
#4093 = ORIENTED_EDGE('',*,*,#3766,.F.);
#4094 = B_SPLINE_SURFACE_WITH_KNOTS('',1,8,(
    (#4095,#4096,#4097,#4098,#4099,#4100,#4101,#4102,#4103,#4104,#4105
      ,#4106,#4107,#4108,#4109,#4110,#4111,#4112,#4113,#4114,#4115,#4116
      ,#4117,#4118,#4119,#4120,#4121)
    ,(#4122,#4123,#4124,#4125,#4126,#4127,#4128,#4129,#4130,#4131,#4132
      ,#4133,#4134,#4135,#4136,#4137,#4138,#4139,#4140,#4141,#4142,#4143
      ,#4144,#4145,#4146,#4147,#4148
    )),.UNSPECIFIED.,.F.,.F.,.F.,(2,2),(9,6,6,6,9),(0.,0.4355),(0.,
    1.57576206969,3.151524139379,4.727286209069,6.303048278758),
  .UNSPECIFIED.);
#4095 = CARTESIAN_POINT('',(3.631713951963,2.497126702607,2.001005605735
    ));
#4096 = CARTESIAN_POINT('',(3.631713895236,2.274677382079,1.985381209341
    ));
#4097 = CARTESIAN_POINT('',(3.581807066028,2.052279510291,1.969760137264
    ));
#4098 = CARTESIAN_POINT('',(3.481980925549,1.842893861604,1.954129030558
    ));
#4099 = CARTESIAN_POINT('',(3.336321159961,1.659653265359,1.938504862187
    ));
#4100 = CARTESIAN_POINT('',(3.153098614711,1.514024251249,1.922880848616
    ));
#4101 = CARTESIAN_POINT('',(2.943735543294,1.414195255257,1.90725662184)
  );
#4102 = CARTESIAN_POINT('',(2.498870948468,1.314367125995,1.876007002503
    ));
#4103 = CARTESIAN_POINT('',(2.053999219204,1.414195025597,1.844756169119
    ));
#4104 = CARTESIAN_POINT('',(1.844629800343,1.514023393505,1.829130675024
    ));
#4105 = CARTESIAN_POINT('',(1.661399169123,1.659662306032,1.813505921212
    ));
#4106 = CARTESIAN_POINT('',(1.515763918967,1.842891678265,1.797881414818
    ));
#4107 = CARTESIAN_POINT('',(1.415937016914,2.052257927796,1.782256471046
    ));
#4108 = CARTESIAN_POINT('',(1.316110173159,2.497127349388,1.751006306452
    ));
#4109 = CARTESIAN_POINT('',(1.415937280603,2.941996711809,1.719756141857
    ));
#4110 = CARTESIAN_POINT('',(1.51576430616,3.151362902029,1.704131198085)
  );
#4111 = CARTESIAN_POINT('',(1.661399661117,3.334592189201,1.688506691691
    ));
#4112 = CARTESIAN_POINT('',(1.844630379614,3.48023099622,1.672881937879)
  );
#4113 = CARTESIAN_POINT('',(2.053999858654,3.580059237802,1.657256443784
    ));
#4114 = CARTESIAN_POINT('',(2.498871647156,3.679886870284,1.626005610401
    ));
#4115 = CARTESIAN_POINT('',(2.943736182744,3.580058480176,1.594755991063
    ));
#4116 = CARTESIAN_POINT('',(3.153099195462,3.48022936194,1.579131764287)
  );
#4117 = CARTESIAN_POINT('',(3.336321658141,3.334600256797,1.563507750716
    ));
#4118 = CARTESIAN_POINT('',(3.48198132669,3.15135954873,1.547883582346)
  );
#4119 = CARTESIAN_POINT('',(3.581807307999,2.941973849301,1.532252475639
    ));
#4120 = CARTESIAN_POINT('',(3.631714027124,2.719575948786,1.516631403562
    ));
#4121 = CARTESIAN_POINT('',(3.631713955804,2.497126628258,1.501007007168
    ));
#4122 = CARTESIAN_POINT('',(4.00887133989,2.497127008101,2.218749847294)
  );
#4123 = CARTESIAN_POINT('',(4.008871701108,2.20063888701,2.203124830848)
  );
#4124 = CARTESIAN_POINT('',(3.942356555969,1.90415173214,2.187499723829)
  );
#4125 = CARTESIAN_POINT('',(3.809266156045,1.625075895209,2.171874890203
    ));
#4126 = CARTESIAN_POINT('',(3.61514723189,1.380845834516,2.156249867561)
  );
#4127 = CARTESIAN_POINT('',(3.370912528239,1.186718437231,2.140624840674
    ));
#4128 = CARTESIAN_POINT('',(3.091845856094,1.053655282494,2.124999819608
    ));
#4129 = CARTESIAN_POINT('',(2.498871100878,0.920591123016,2.093749809237
    ));
#4130 = CARTESIAN_POINT('',(1.905890955394,1.053654859155,2.062499831944
    ));
#4131 = CARTESIAN_POINT('',(1.62681840313,1.186718500923,2.046874845406)
  );
#4132 = CARTESIAN_POINT('',(1.382581319927,1.38084352901,2.031249838698)
  );
#4133 = CARTESIAN_POINT('',(1.188458063492,1.625080023256,2.015624825249
    ));
#4134 = CARTESIAN_POINT('',(1.055396607164,1.904150258544,1.999999823717
    ));
#4135 = CARTESIAN_POINT('',(0.92233501094,2.497127007711,1.968749828202)
  );
#4136 = CARTESIAN_POINT('',(1.055396800818,3.090103713422,1.937499832687
    ));
#4137 = CARTESIAN_POINT('',(1.188458218576,3.369173874677,1.921874831155
    ));
#4138 = CARTESIAN_POINT('',(1.382580725495,3.613410580617,1.906249817705
    ));
#4139 = CARTESIAN_POINT('',(1.626818079148,3.807536204653,1.890624810997
    ));
#4140 = CARTESIAN_POINT('',(1.905890893894,3.940599271049,1.87499982446)
  );
#4141 = CARTESIAN_POINT('',(2.498871097025,4.073662068181,1.843749847167
    ));
#4142 = CARTESIAN_POINT('',(3.091845794594,3.940598333912,1.812499836795
    ));
#4143 = CARTESIAN_POINT('',(3.370912525437,3.807535491582,1.796874815725
    ));
#4144 = CARTESIAN_POINT('',(3.615147985544,3.613411838932,1.781249788858
    ));
#4145 = CARTESIAN_POINT('',(3.809269340975,3.369176161983,1.765624766181
    ));
#4146 = CARTESIAN_POINT('',(3.942352020799,3.090102123919,1.749999932583
    ));
#4147 = CARTESIAN_POINT('',(4.008871813246,2.793615131218,1.734374825556
    ));
#4148 = CARTESIAN_POINT('',(4.008872174862,2.497127010127,1.718749809109
    ));
#4149 = ( GEOMETRIC_REPRESENTATION_CONTEXT(3) 
GLOBAL_UNCERTAINTY_ASSIGNED_CONTEXT((#4153)) 
GLOBAL_UNIT_ASSIGNED_CONTEXT((#4150,#4151,#4152)) REPRESENTATION_CONTEXT
('Context #1','3D Context with UNIT and UNCERTAINTY') );
#4150 = ( LENGTH_UNIT() NAMED_UNIT(*) SI_UNIT(.MILLI.,.METRE.) );
#4151 = ( NAMED_UNIT(*) PLANE_ANGLE_UNIT() SI_UNIT($,.RADIAN.) );
#4152 = ( NAMED_UNIT(*) SI_UNIT($,.STERADIAN.) SOLID_ANGLE_UNIT() );
#4153 = UNCERTAINTY_MEASURE_WITH_UNIT(LENGTH_MEASURE(2.E-06),#4150,
  'distance_accuracy_value','confusion accuracy');
#4154 = PRODUCT_RELATED_PRODUCT_CATEGORY('part',$,(#7));
#4155 = MECHANICAL_DESIGN_GEOMETRIC_PRESENTATION_REPRESENTATION('',(
    #4156),#4149);
#4156 = STYLED_ITEM('color',(#4157),#15);
#4157 = PRESENTATION_STYLE_ASSIGNMENT((#4158,#4164));
#4158 = SURFACE_STYLE_USAGE(.BOTH.,#4159);
#4159 = SURFACE_SIDE_STYLE('',(#4160));
#4160 = SURFACE_STYLE_FILL_AREA(#4161);
#4161 = FILL_AREA_STYLE('',(#4162));
#4162 = FILL_AREA_STYLE_COLOUR('',#4163);
#4163 = COLOUR_RGB('',0.678431390124,0.709803936702,0.741176476869);
#4164 = CURVE_STYLE('',#4165,POSITIVE_LENGTH_MEASURE(0.1),#4166);
#4165 = DRAUGHTING_PRE_DEFINED_CURVE_FONT('continuous');
#4166 = COLOUR_RGB('',9.803921802644E-02,9.803921802644E-02,
  9.803921802644E-02);
ENDSEC;
END-ISO-10303-21;
